#
# A fatal error has been detected by the Java Runtime Environment:
#
#  EXCEPTION_ACCESS_VIOLATION (0xc0000005) at pc=0x00007ffd649e8bc3, pid=8376, tid=25700
#
# JRE version: OpenJDK Runtime Environment Microsoft-11369940 (21.0.7+6) (build 21.0.7+6-LTS)
# Java VM: OpenJDK 64-Bit Server VM Microsoft-11369940 (21.0.7+6-LTS, mixed mode, tiered, compressed class ptrs, z gc, windows-amd64)
# Problematic frame:
# C  [nvoglv64.dll+0x15b8bc3]
#
# No core dump will be written. Minidumps are not enabled by default on client versions of Windows
#
# If you would like to submit a bug report, please visit:
#   https://aka.ms/minecraftjavacrashes
# The crash happened outside the Java Virtual Machine in native code.
# See problematic frame for where to report the bug.
#

---------------  S U M M A R Y ------------

Command Line: -Xmx16384m -Xms256m -Dminecraft.applet.TargetDirectory=C:\Games\Minecraft\Instances\Stonebound Eternal -Dfml.ignorePatchDiscrepancies=true -Dfml.ignoreInvalidMinecraftCertificates=true -Duser.language=en -Duser.country=US -DCFInstanceId=436d1a4b-4610-43de-92dd-87d69206f010 -DlibraryDirectory=C:\Games\Minecraft\Install\libraries -XX:+UseZGC -XX:+ZGenerational -XX:+AlwaysPreTouch -XX:+DisableExplicitGC -XX:+ParallelRefProcEnabled -javaagent:C:\Games\Minecraft\Install\sklauncher-fx.jar -DMcEmu=net.minecraft.client.main.Main -Dlog4j2.formatMsgNoLookups=true -Djava.rmi.server.useCodebaseOnly=true -Dcom.sun.jndi.rmi.object.trustURLCodebase=false -Dcom.sun.jndi.cosnaming.object.trustURLCodebase=false -Dsklauncher.discordrpc=true -Dsklauncher.gametype=neoforge -Dsklauncher.minecraft=1.21.1 -Dsklauncher.dns=true -XX:HeapDumpPath=MojangTricksIntelDriversForPerformance_javaw.exe_minecraft.exe.heapdump -Djava.library.path=C:\Games\Minecraft\Install\versions\neoforge-21.1.233\neoforge-21.1.233-natives-37346820841500 -Djna.tmpdir=C:\Games\Minecraft\Install\versions\neoforge-21.1.233\neoforge-21.1.233-natives-37346820841500 -Dorg.lwjgl.system.SharedLibraryExtractPath=C:\Games\Minecraft\Install\versions\neoforge-21.1.233\neoforge-21.1.233-natives-37346820841500 -Dio.netty.native.workdir=C:\Games\Minecraft\Install\versions\neoforge-21.1.233\neoforge-21.1.233-natives-37346820841500 -Dminecraft.launcher.brand=java-minecraft-launcher -Dminecraft.launcher.version=1.6.93 -Djava.net.preferIPv6Addresses=system -DignoreList=client-extra,neoforge-21.1.233.jar -DlibraryDirectory=C:\Games\Minecraft\Install\libraries --module-path=C:\Games\Minecraft\Install\libraries/cpw/mods/bootstraplauncher/2.0.2/bootstraplauncher-2.0.2.jar;C:\Games\Minecraft\Install\libraries/cpw/mods/securejarhandler/3.0.8/securejarhandler-3.0.8.jar;C:\Games\Minecraft\Install\libraries/org/ow2/asm/asm-commons/9.8/asm-commons-9.8.jar;C:\Games\Minecraft\Install\libraries/org/ow2/asm/asm-util/9.8/asm-util-9.8.jar;C:\Games\Minecraft\Install\libraries/org/ow2/asm/asm-analysis/9.8/asm-analysis-9.8.jar;C:\Games\Minecraft\Install\libraries/org/ow2/asm/asm-tree/9.8/asm-tree-9.8.jar;C:\Games\Minecraft\Install\libraries/org/ow2/asm/asm/9.8/asm-9.8.jar;C:\Games\Minecraft\Install\libraries/net/neoforged/JarJarFileSystems/0.4.1/JarJarFileSystems-0.4.1.jar --add-modules=ALL-MODULE-PATH --add-opens=java.base/java.util.jar=cpw.mods.securejarhandler --add-opens=java.base/java.lang.invoke=cpw.mods.securejarhandler --add-exports=java.base/sun.security.util=cpw.mods.securejarhandler --add-exports=jdk.naming.dns/com.sun.jndi.dns=java.naming cpw.mods.bootstraplauncher.BootstrapLauncher --username DedMaxim99 --version neoforge-21.1.233 --gameDir C:\Games\Minecraft\Instances\Stonebound Eternal --assetsDir C:\Games\Minecraft\Install\assets --assetIndex 17 --uuid fd7cca6a716d46b68ea6ecf8dbf25f08 --accessToken eyJraWQiOiIwNDkxODEiLCJhbGciOiJSUzI1NiJ9.eyJ4dWlkIjoiMjUzNTQ3MzYwMDI5NTY5MSIsImFnZyI6IkFkdWx0Iiwic3ViIjoiZDBkYmM1NWUtNDg1ZS00ZDg1LWIwMmMtZjA3YWE3ZjU0NTQ1IiwiYXV0aCI6IlhCT1giLCJucyI6ImRlZmF1bHQiLCJyb2xlcyI6W10sImlzcyI6ImF1dGhlbnRpY2F0aW9uIiwiZmxhZ3MiOlsibXVsdGlwbGF5ZXIiXSwicHJvZmlsZXMiOnsibWMiOiJmZDdjY2E2YS03MTZkLTQ2YjYtOGVhNi1lY2Y4ZGJmMjVmMDgifSwicG1pZCI6IjJhNmRmMDRlLTBlNDktNTM1ZC1hNDZiLWU1NDMzMGU3MTNlZSIsInBsYXRmb3JtIjoiUENfTEFVTkNIRVIiLCJ0aWQiOiJFOTlCMCIsInBmZCI6W3sidHlwZSI6Im1jIiwiaWQiOiJmZDdjY2E2YS03MTZkLTQ2YjYtOGVhNi1lY2Y4ZGJmMjVmMDgiLCJuYW1lIjoiRGVkTWF4aW05OSJ9XSwieGlkIjoiMjUzNTQ3MzYwMDI5NTY5MSIsIm5iZiI6MTc4MzAyNTUxNCwiZXhwIjoxNzgzMTExOTE0LCJpYXQiOjE3ODMwMjU1MTQsImFpZCI6IjkwN2EyNDhkLTNlYjUtNGQwMS05OWQyLWZmNzJkNzljNWViMSJ9.ffhyUBfRnN8X8C1JV6DS48woPqqkveDIdqKo6AejjtTzX3XD2bkrXlfZ6_T5UISAGONYZ3oCu14R2AmH6T4O-4W0qLKEpEmFZGSBQuOQUSwiyHiE7kllCGq51hda7ZY0SukgsU6ZAcN8gEBtbQ_Qa2tCVh3ubWL3TKRz5g5QS94xQkStcy7P6VfJktZB82bLu_nsRnb1eIB6VlBfQ5MAOcUP7uHdZ_xnL3znifV3z3HRe8_Sa8wxO9zMDTMaUimHgRHwAlGW863flqfbwiUkg48zpO-2-taknUvJDB5ROwRx-p_I08qVkBVNZ8oAbe_yr77ssEPunvYRdpA1hYqbVA --clientId 0 --xuid 0 --userType msa --versionType release --width 1024 --height 768 --fml.neoForgeVersion 21.1.233 --fml.fmlVersion 4.0.42 --fml.mcVersion 1.21.1 --fml.neoFormVersion 20240808.144430 --launchTarget forgeclient

Host: AMD Ryzen 7 7800X3D 8-Core Processor           , 16 cores, 31G,  Windows 10 , 64 bit Build 19041 (10.0.19041.3570)
Time: Fri Jul  3 01:53:10 2026 West Asia Standard Time elapsed time: 11.340292 seconds (0d 0h 0m 11s)

---------------  T H R E A D  ---------------

Current thread (0x0000026f931815e0):  JavaThread "Render thread"        [_thread_in_native, id=25700, stack(0x000000fe59c00000,0x000000fe59d00000) (1024K)]

Stack: [0x000000fe59c00000,0x000000fe59d00000],  sp=0x000000fe59cfd4c8,  free space=1013k
Native frames: (J=compiled Java code, j=interpreted, Vv=VM code, C=native code)
C  [nvoglv64.dll+0x15b8bc3]

Java frames: (J=compiled Java code, j=interpreted, Vv=VM code)
J 18166  org.lwjgl.opengl.GL11C.nglDrawElements(IIIJ)V org.lwjgl.opengl@3.3.3+5 (0 bytes) @ 0x0000026f9faae59e [0x0000026f9faae540+0x000000000000005e]
J 18450 c1 org.lwjgl.opengl.GL11C.glDrawElements(IIIJ)V org.lwjgl.opengl@3.3.3+5 (8 bytes) @ 0x0000026f97fd789c [0x0000026f97fd7840+0x000000000000005c]
J 18449 c1 org.lwjgl.opengl.GL11.glDrawElements(IIIJ)V org.lwjgl.opengl@3.3.3+5 (8 bytes) @ 0x0000026f97fd751c [0x0000026f97fd74c0+0x000000000000005c]
J 18448 c1 com.mojang.blaze3d.platform.GlStateManager._drawElements(IIIJ)V minecraft@1.21.1 (11 bytes) @ 0x0000026f97fd6a14 [0x0000026f97fd6880+0x0000000000000194]
J 18551 c1 com.mojang.blaze3d.systems.RenderSystem.drawElements(III)V minecraft@1.21.1 (11 bytes) @ 0x0000026f9845d39c [0x0000026f9845d200+0x000000000000019c]
J 18420 c1 com.mojang.blaze3d.vertex.VertexBuffer._drawWithShader(Lorg/joml/Matrix4f;Lorg/joml/Matrix4f;Lnet/minecraft/client/renderer/ShaderInstance;)V minecraft@1.21.1 (29 bytes) @ 0x0000026f978e0dbc [0x0000026f978e0ac0+0x00000000000002fc]
J 18415 c1 com.mojang.blaze3d.vertex.BufferUploader._drawWithShader(Lcom/mojang/blaze3d/vertex/MeshData;)V minecraft@1.21.1 (19 bytes) @ 0x0000026f979e065c [0x0000026f979df820+0x0000000000000e3c]
J 18646 c1 net.minecraft.client.renderer.MultiBufferSource$BufferSource.endBatch(Lnet/minecraft/client/renderer/RenderType;Lcom/mojang/blaze3d/vertex/BufferBuilder;)V minecraft@1.21.1 (67 bytes) @ 0x0000026f9824c13c [0x0000026f9824b4e0+0x0000000000000c5c]
J 17475 c1 net.minecraft.client.renderer.MultiBufferSource$BufferSource.endBatch(Lnet/minecraft/client/renderer/RenderType;)V minecraft@1.21.1 (25 bytes) @ 0x0000026f97e3bd2c [0x0000026f97e3bae0+0x000000000000024c]
J 18763 c2 net.minecraft.client.renderer.MultiBufferSource$BufferSource.endBatch()V minecraft@1.21.1 (47 bytes) @ 0x0000026f9fae970c [0x0000026f9fae96c0+0x000000000000004c]
J 18718 c1 net.minecraft.client.gui.GuiGraphics.fill(Lnet/minecraft/client/renderer/RenderType;IIIIII)V minecraft@1.21.1 (159 bytes) @ 0x0000026f973c0864 [0x0000026f973bfe00+0x0000000000000a64]
j  net.minecraft.client.gui.GuiGraphics.fill(IIIIII)V+13 minecraft@1.21.1
j  net.minecraft.client.gui.GuiGraphics.fill(IIIII)V+9 minecraft@1.21.1
j  net.minecraft.client.gui.screens.TitleScreen.wrapOperation$zdo000$fancymenu$wrap_renderPanorama_FancyMenu(Lnet/minecraft/client/gui/screens/TitleScreen;Lnet/minecraft/client/gui/GuiGraphics;FLcom/llamalad7/mixinextras/injector/wrapoperation/Operation;)V+49 minecraft@1.21.1
j  net.minecraft.client.gui.screens.TitleScreen.render(Lnet/minecraft/client/gui/GuiGraphics;IIF)V+142 minecraft@1.21.1
j  net.minecraft.client.gui.screens.Screen.mixinextras$bridge$render$108([Ljava/lang/Object;)Ljava/lang/Void;+60 minecraft@1.21.1
j  net.minecraft.client.gui.screens.Screen$$Lambda+0x000000008142f648.call([Ljava/lang/Object;)Ljava/lang/Object;+1 minecraft@1.21.1
j  net.minecraft.client.gui.screens.Screen.wrapOperation$zdh000$fancymenu$wrap_render_in_renderWithTooltip_FancyMenu(Lnet/minecraft/client/gui/screens/Screen;Lnet/minecraft/client/gui/GuiGraphics;IIFLcom/llamalad7/mixinextras/injector/wrapoperation/Operation;)V+57 minecraft@1.21.1
j  net.minecraft.client.gui.screens.Screen.renderWithTooltip(Lnet/minecraft/client/gui/GuiGraphics;IIF)V+32 minecraft@1.21.1
j  net.minecraft.client.gui.screens.LoadingOverlay.wrapOperation$zil000$drippyloadingscreen$wrap_Screen_render_in_render_Drippy(Lnet/minecraft/client/gui/screens/Screen;Lnet/minecraft/client/gui/GuiGraphics;IIFLcom/llamalad7/mixinextras/injector/wrapoperation/Operation;)V+48 minecraft@1.21.1
j  net.minecraft.client.gui.screens.LoadingOverlay.render(Lnet/minecraft/client/gui/GuiGraphics;IIF)V+164 minecraft@1.21.1
j  net.minecraft.client.renderer.GameRenderer.render(Lnet/minecraft/client/DeltaTracker;Z)V+672 minecraft@1.21.1
j  net.minecraft.client.Minecraft.runTick(Z)V+428 minecraft@1.21.1
j  net.minecraft.client.Minecraft.run()V+92 minecraft@1.21.1
j  net.minecraft.client.main.Main.main([Ljava/lang/String;)V+1614 minecraft@1.21.1
j  java.lang.invoke.LambdaForm$DMH+0x000000008021a400.invokeStatic(Ljava/lang/Object;Ljava/lang/Object;)V+10 java.base@21.0.7
j  java.lang.invoke.LambdaForm$MH+0x000000008058f400.invoke(Ljava/lang/Object;Ljava/lang/Object;Ljava/lang/Object;)Ljava/lang/Object;+33 java.base@21.0.7
J 1063 c1 jdk.internal.reflect.DirectMethodHandleAccessor.invoke(Ljava/lang/Object;[Ljava/lang/Object;)Ljava/lang/Object; java.base@21.0.7 (92 bytes) @ 0x0000026f97164984 [0x0000026f97163700+0x0000000000001284]
J 1062 c1 java.lang.reflect.Method.invoke(Ljava/lang/Object;[Ljava/lang/Object;)Ljava/lang/Object; java.base@21.0.7 (108 bytes) @ 0x0000026f9715e954 [0x0000026f9715e440+0x0000000000000514]
j  net.neoforged.fml.loading.targets.CommonLaunchHandler.runTarget(Ljava/lang/String;[Ljava/lang/String;Ljava/lang/ModuleLayer;)V+42 fml_loader@4.0.42
j  net.neoforged.fml.loading.targets.CommonLaunchHandler.clientService([Ljava/lang/String;Ljava/lang/ModuleLayer;)V+6 fml_loader@4.0.42
j  net.neoforged.fml.loading.targets.CommonClientLaunchHandler.runService([Ljava/lang/String;Ljava/lang/ModuleLayer;)V+3 fml_loader@4.0.42
j  net.neoforged.fml.loading.targets.CommonLaunchHandler.lambda$launchService$4([Ljava/lang/String;Ljava/lang/ModuleLayer;)V+3 fml_loader@4.0.42
j  net.neoforged.fml.loading.targets.CommonLaunchHandler$$Lambda+0x0000000080589a80.run()V+12 fml_loader@4.0.42
j  cpw.mods.modlauncher.LaunchServiceHandlerDecorator.launch([Ljava/lang/String;Ljava/lang/ModuleLayer;)V+11 cpw.mods.modlauncher@11.0.5
j  cpw.mods.modlauncher.LaunchServiceHandler.launch(Ljava/lang/String;[Ljava/lang/String;Ljava/lang/ModuleLayer;Lcpw/mods/modlauncher/TransformingClassLoader;Lcpw/mods/modlauncher/LaunchPluginHandler;)V+58 cpw.mods.modlauncher@11.0.5
j  cpw.mods.modlauncher.LaunchServiceHandler.launch(Lcpw/mods/modlauncher/ArgumentHandler;Ljava/lang/ModuleLayer;Lcpw/mods/modlauncher/TransformingClassLoader;Lcpw/mods/modlauncher/LaunchPluginHandler;)V+21 cpw.mods.modlauncher@11.0.5
j  cpw.mods.modlauncher.Launcher.run([Ljava/lang/String;)V+288 cpw.mods.modlauncher@11.0.5
j  cpw.mods.modlauncher.Launcher.main([Ljava/lang/String;)V+123 cpw.mods.modlauncher@11.0.5
j  cpw.mods.modlauncher.BootstrapLaunchConsumer.accept([Ljava/lang/String;)V+1 cpw.mods.modlauncher@11.0.5
j  cpw.mods.modlauncher.BootstrapLaunchConsumer.accept(Ljava/lang/Object;)V+5 cpw.mods.modlauncher@11.0.5
j  cpw.mods.bootstraplauncher.BootstrapLauncher.run(Z[Ljava/lang/String;)V+703 cpw.mods.bootstraplauncher@2.0.2
j  cpw.mods.bootstraplauncher.BootstrapLauncher.main([Ljava/lang/String;)V+2 cpw.mods.bootstraplauncher@2.0.2
v  ~StubRoutines::call_stub 0x0000026f9e3f10d9

siginfo: EXCEPTION_ACCESS_VIOLATION (0xc0000005), reading address 0x0000000000000000


Registers:
RAX=0x00000273b6b38e90, RBX=0x00000273b6b38e74, RCX=0x00000273b6b38e90, RDX=0x0000000000000000
RSP=0x000000fe59cfd4c8, RBP=0x0000000000000038, RSI=0x0000000000000006, RDI=0x00000273b5b400c0
R8 =0x000000000000000c, R9 =0x00007ffd649e8bc3, R10=0x00007ffd63430000, R11=0x0000000000000006
R12=0x0000000000000004, R13=0x0000000000001403, R14=0x000000000000000c, R15=0x0000000000000000
RIP=0x00007ffd649e8bc3, EFLAGS=0x0000000000010206

XMM[0]=0x0000000000000000 0x000000003b4d4795
XMM[1]=0x3f8000003f800000 0x3f8000003f800000
XMM[2]=0x3f8000003f800000 0x3f8000003f800000
XMM[3]=0x0000000000000000 0x43b3800000000000
XMM[4]=0x0000000000000000 0x0000000043b38000
XMM[5]=0x00000000b8d1b717 0x0000000000000000
XMM[6]=0x0000000000000000 0x0000000000000000
XMM[7]=0x0000000000000000 0x0000000000000000
XMM[8]=0x0000000000000000 0x0000000000000000
XMM[9]=0x0000000000000000 0x000000003cf5c28f
XMM[10]=0x0000000000000000 0x0000000000000000
XMM[11]=0x0000000000000000 0x000000003cf5c28f
XMM[12]=0x0000000000000000 0x0000000000000000
XMM[13]=0x0000000000000000 0x408ab54ccccccccc
XMM[14]=0x0000000000000000 0x407e029999999999
XMM[15]=0x0000000000000000 0x0000000042000000
  MXCSR=0x00001fa3


Register to memory mapping:

RAX=0x00000273b6b38e90 points into unknown readable memory: 0xffbbbcbaffbbbcba | ba bc bb ff ba bc bb ff
RBX=0x00000273b6b38e74 points into unknown readable memory: 06 c0 01 00
RCX=0x00000273b6b38e90 points into unknown readable memory: 0xffbbbcbaffbbbcba | ba bc bb ff ba bc bb ff
RDX=0x0 is null
RSP=0x000000fe59cfd4c8 is pointing into the stack for thread: 0x0000026f931815e0
RBP=0x0000000000000038 is an unknown value
RSI=0x0000000000000006 is an unknown value
RDI=0x00000273b5b400c0 points into unknown readable memory: 0x0000000000000000 | 00 00 00 00 00 00 00 00
R8 =0x000000000000000c is an unknown value
R9 =0x00007ffd649e8bc3 nvoglv64.dll
R10=0x00007ffd63430000 nvoglv64.dll
R11=0x0000000000000006 is an unknown value
R12=0x0000000000000004 is an unknown value
R13=0x0000000000001403 is an unknown value
R14=0x000000000000000c is an unknown value
R15=0x0 is null

Top of Stack: (sp=0x000000fe59cfd4c8)
0x000000fe59cfd4c8:   00007ffd639d64dd 0000040052bf17f0
0x000000fe59cfd4d8:   0000026f973c4f94 0000040052bf17f0
0x000000fe59cfd4e8:   0000026f9732af04 000000fe59cfd500
0x000000fe59cfd4f8:   000004008b039890 0000040000000002
0x000000fe59cfd508:   00000273bb9d7c40 0000000000002210
0x000000fe59cfd518:   0000000000000000 0000026f931815e0
0x000000fe59cfd528:   00000000000092b8 000004008ecadae8
0x000000fe59cfd538:   0000000000000000 0000026f8851b168
0x000000fe59cfd548:   0000026f9faae639 000000fe59cfd5c0
0x000000fe59cfd558:   0000000000000000 000000fe59cfd5b0
0x000000fe59cfd568:   00000000000003f4 0000000000001403
0x000000fe59cfd578:   0000000000000000 000000fe59cfda50
0x000000fe59cfd588:   0000026f979e5ffc 0000019f249b62aa
0x000000fe59cfd598:   000004008b039d78 000004008b03e5b0
0x000000fe59cfd5a8:   00007ffc00000002 00000400c2205060
0x000000fe59cfd5b8:   00007ffcd4f3f73f 0000040052bf17f0
0x000000fe59cfd5c8:   0000026f97fd789c 0000040069bd1c28
0x000000fe59cfd5d8:   0000026f9fae6650 0000000000000009
0x000000fe59cfd5e8:   0000026f9fa8dca8 000000000000000b
0x000000fe59cfd5f8:   00000400528df838 000004001ec052b8
0x000000fe59cfd608:   000004001ec05268 0000040052bf17f0
0x000000fe59cfd618:   0000026f97fd751c 0000000000000009
0x000000fe59cfd628:   000004001ec080a8 00000400528e8e78
0x000000fe59cfd638:   00000400528e8eb8 0000040052a67058
0x000000fe59cfd648:   00000400528e9220 0000040052bf17f0
0x000000fe59cfd658:   0000026f976f530c 0000040052bf17f0
0x000000fe59cfd668:   0000026f97fd6a14 0000000000000000
0x000000fe59cfd678:   000004008b039890 0000000000000000
0x000000fe59cfd688:   0000000000000303 0000000000000000
0x000000fe59cfd698:   0000026f974ad2d4 000000fe59cfda50
0x000000fe59cfd6a8:   0000000000000000 01dd0a64cafc9798
0x000000fe59cfd6b8:   0000026f9facb045 0000026f81df01c0 

Instructions: (pc=0x00007ffd649e8bc3)
0x00007ffd649e8ac3:   cc cc cc 66 66 0f 1f 84 00 00 00 00 00 57 56 48
0x00007ffd649e8ad3:   8b f9 48 8b f2 49 8b c8 f3 a4 5e 5f c3 48 8b c1
0x00007ffd649e8ae3:   4c 8d 15 16 75 a4 fe 49 83 f8 0f 0f 87 0c 01 00
0x00007ffd649e8af3:   00 66 66 66 66 0f 1f 84 00 00 00 00 00 47 8b 8c
0x00007ffd649e8b03:   82 30 1c a4 02 4d 03 ca 41 ff e1 c3 90 4c 8b 02
0x00007ffd649e8b13:   8b 4a 08 44 0f b7 4a 0c 44 0f b6 52 0e 4c 89 00
0x00007ffd649e8b23:   89 48 08 66 44 89 48 0c 44 88 50 0e c3 4c 8b 02
0x00007ffd649e8b33:   0f b7 4a 08 44 0f b6 4a 0a 4c 89 00 66 89 48 08
0x00007ffd649e8b43:   44 88 48 0a c3 0f b7 0a 66 89 08 c3 90 8b 0a 44
0x00007ffd649e8b53:   0f b7 42 04 44 0f b6 4a 06 89 08 66 44 89 40 04
0x00007ffd649e8b63:   44 88 48 06 c3 4c 8b 02 8b 4a 08 44 0f b7 4a 0c
0x00007ffd649e8b73:   4c 89 00 89 48 08 66 44 89 48 0c c3 0f b7 0a 44
0x00007ffd649e8b83:   0f b6 42 02 66 89 08 44 88 40 02 c3 90 4c 8b 02
0x00007ffd649e8b93:   8b 4a 08 44 0f b6 4a 0c 4c 89 00 89 48 08 44 88
0x00007ffd649e8ba3:   48 0c c3 4c 8b 02 0f b7 4a 08 4c 89 00 66 89 48
0x00007ffd649e8bb3:   08 c3 4c 8b 02 0f b6 4a 08 4c 89 00 88 48 08 c3
0x00007ffd649e8bc3:   4c 8b 02 8b 4a 08 4c 89 00 89 48 08 c3 8b 0a 44
0x00007ffd649e8bd3:   0f b7 42 04 89 08 66 44 89 40 04 c3 8b 0a 44 0f
0x00007ffd649e8be3:   b6 42 04 89 08 44 88 40 04 c3 48 8b 0a 48 89 08
0x00007ffd649e8bf3:   c3 0f b6 0a 88 08 c3 8b 0a 89 08 c3 90 49 83 f8
0x00007ffd649e8c03:   20 77 17 f3 0f 6f 0a f3 42 0f 6f 54 02 f0 f3 0f
0x00007ffd649e8c13:   7f 09 f3 42 0f 7f 54 01 f0 c3 4e 8d 0c 02 48 3b
0x00007ffd649e8c23:   ca 4c 0f 46 c9 49 3b c9 0f 82 3f 04 00 00 83 3d
0x00007ffd649e8c33:   d8 19 6c 01 03 0f 82 e2 02 00 00 49 81 f8 00 20
0x00007ffd649e8c43:   00 00 76 16 49 81 f8 00 00 18 00 77 0d f6 05 91
0x00007ffd649e8c53:   72 77 01 02 0f 85 73 fe ff ff c5 fe 6f 02 c4 a1
0x00007ffd649e8c63:   7e 6f 6c 02 e0 49 81 f8 00 01 00 00 0f 86 c3 00
0x00007ffd649e8c73:   00 00 4c 8b c9 49 83 e1 1f 49 83 e9 20 49 2b c9
0x00007ffd649e8c83:   49 2b d1 4d 03 c1 49 81 f8 00 01 00 00 0f 86 a2
0x00007ffd649e8c93:   00 00 00 49 81 f8 00 00 18 00 0f 87 3d 01 00 00
0x00007ffd649e8ca3:   66 66 66 66 66 0f 1f 84 00 00 00 00 00 c5 fe 6f
0x00007ffd649e8cb3:   0a c5 fe 6f 52 20 c5 fe 6f 5a 40 c5 fe 6f 62 60 


Stack slot to memory mapping:

stack at sp + 0 slots: 0x00007ffd639d64dd nvoglv64.dll
stack at sp + 1 slots: 0x0000040052bf17f0 is a zaddress: net.minecraft.client.renderer.MultiBufferSource$BufferSource 
{0x0000040052bf17f0} - klass: 'net/minecraft/client/renderer/MultiBufferSource$BufferSource'
 - ---- fields (total size 6 words):
 - protected final 'sharedBuffer' 'Lcom/mojang/blaze3d/vertex/ByteBufferBuilder;' @16  a 'com/mojang/blaze3d/vertex/ByteBufferBuilder'{0x0000040052bf17c8} (0x040052bf17c88a30)
 - protected final 'fixedBuffers' 'Ljava/util/SequencedMap;' @24  a 'it/unimi/dsi/fastutil/objects/Object2ObjectLinkedOpenHashMap'{0x000004005e43f7d0} (0x04005e43f7d08a30)
 - protected final 'startedBuilders' 'Ljava/util/Map;' @32  a 'java/util/HashMap'{0x0000040052bf1820} (0x040052bf18208a30)
 - protected 'lastSharedType' 'Lnet/minecraft/client/renderer/RenderType;' @40  a 'net/minecraft/client/renderer/RenderType$CompositeRenderType'{0x000004003f41d7f8} (0x04003f41d7f88a20)
stack at sp + 2 slots: 0x0000026f973c4f94 is at entry_point+1236 in (nmethod*)0x0000026f973c4710
Compiled method (c1) 11368 18219       3       com.mojang.blaze3d.shaders.Uniform::uploadAsMatrix (83 bytes)
 total in heap  [0x0000026f973c4710,0x0000026f973c6950] = 8768
 relocation     [0x0000026f973c4870,0x0000026f973c4ab8] = 584
 main code      [0x0000026f973c4ac0,0x0000026f973c6250] = 6032
 stub code      [0x0000026f973c6250,0x0000026f973c62c0] = 112
 oops           [0x0000026f973c62c0,0x0000026f973c62d0] = 16
 metadata       [0x0000026f973c62d0,0x0000026f973c6350] = 128
 scopes data    [0x0000026f973c6350,0x0000026f973c65b8] = 616
 scopes pcs     [0x0000026f973c65b8,0x0000026f973c6918] = 864
 dependencies   [0x0000026f973c6918,0x0000026f973c6940] = 40
 nul chk table  [0x0000026f973c6940,0x0000026f973c6950] = 16
stack at sp + 3 slots: 0x0000040052bf17f0 is a zaddress: net.minecraft.client.renderer.MultiBufferSource$BufferSource 
{0x0000040052bf17f0} - klass: 'net/minecraft/client/renderer/MultiBufferSource$BufferSource'
 - ---- fields (total size 6 words):
 - protected final 'sharedBuffer' 'Lcom/mojang/blaze3d/vertex/ByteBufferBuilder;' @16  a 'com/mojang/blaze3d/vertex/ByteBufferBuilder'{0x0000040052bf17c8} (0x040052bf17c88a30)
 - protected final 'fixedBuffers' 'Ljava/util/SequencedMap;' @24  a 'it/unimi/dsi/fastutil/objects/Object2ObjectLinkedOpenHashMap'{0x000004005e43f7d0} (0x04005e43f7d08a30)
 - protected final 'startedBuilders' 'Ljava/util/Map;' @32  a 'java/util/HashMap'{0x0000040052bf1820} (0x040052bf18208a30)
 - protected 'lastSharedType' 'Lnet/minecraft/client/renderer/RenderType;' @40  a 'net/minecraft/client/renderer/RenderType$CompositeRenderType'{0x000004003f41d7f8} (0x04003f41d7f88a20)
stack at sp + 4 slots: 0x0000026f9732af04 is at entry_point+15876 in (nmethod*)0x0000026f97326610
Compiled method (c1) 11368 18315       3       net.minecraft.client.renderer.ShaderInstance::setDefaultUniforms (270 bytes)
 total in heap  [0x0000026f97326610,0x0000026f9732f6d0] = 37056
 relocation     [0x0000026f97326770,0x0000026f973270e8] = 2424
 main code      [0x0000026f97327100,0x0000026f9732d330] = 25136
 stub code      [0x0000026f9732d330,0x0000026f9732d5f0] = 704
 oops           [0x0000026f9732d5f0,0x0000026f9732d658] = 104
 metadata       [0x0000026f9732d658,0x0000026f9732d848] = 496
 scopes data    [0x0000026f9732d848,0x0000026f9732e690] = 3656
 scopes pcs     [0x0000026f9732e690,0x0000026f9732f4c0] = 3632
 dependencies   [0x0000026f9732f4c0,0x0000026f9732f530] = 112
 nul chk table  [0x0000026f9732f530,0x0000026f9732f6d0] = 416
stack at sp + 5 slots: 0x000000fe59cfd500 is pointing into the stack for thread: 0x0000026f931815e0
stack at sp + 6 slots: 0x000004008b039890 is a zaddress: net.minecraft.client.gui.components.Button 
{0x000004008b039890} - klass: 'net/minecraft/client/gui/components/Button'
 - ---- fields (total size 40 words):
 - protected 'width' 'I' @12  50 (0x00000032)
 - protected 'height' 'I' @16  50 (0x00000032)
 - public 'x' 'I' @20  321 (0x00000141)
 - public 'y' 'I' @24  227 (0x000000e3)
 - protected 'alpha' 'F' @28  1.000000 (0x3f800000)
 - private 'tabOrderGroup' 'I' @32  0 (0x00000000)
 - protected 'packedFGColor' 'I' @36  -1 (0xffffffff)
 - private 'labelScaleFancyMenu' 'F' @40  1.000000 (0x3f800000)
 - private 'nineSliceCustomBackgroundBorderX_FancyMenu' 'I' @44  5 (0x00000005)
 - private 'nineSliceCustomBackgroundBorderY_FancyMenu' 'I' @48  5 (0x00000005)
 - private 'nineSliceCustomBackgroundBorderTop_FancyMenu' 'I' @52  5 (0x00000005)
 - private 'nineSliceCustomBackgroundBorderRight_FancyMenu' 'I' @56  5 (0x00000005)
 - private 'nineSliceCustomBackgroundBorderBottom_FancyMenu' 'I' @60  5 (0x00000005)
 - private 'nineSliceCustomBackgroundBorderLeft_FancyMenu' 'I' @64  5 (0x00000005)
 - private 'hitboxRotationDegrees_FancyMenu' 'F' @68  0.000000 (0x00000000)
 - private 'hitboxVerticalTiltDegrees_FancyMenu' 'F' @72  0.000000 (0x00000000)
 - private 'hitboxHorizontalTiltDegrees_FancyMenu' 'F' @76  0.000000 (0x00000000)
 - private 'hitboxInverseRotation00_FancyMenu' 'F' @80  1.000000 (0x3f800000)
 - private 'hitboxInverseRotation01_FancyMenu' 'F' @84  0.000000 (0x00000000)
 - private 'hitboxInverseRotation10_FancyMenu' 'F' @88  0.000000 (0x00000000)
 - private 'hitboxInverseRotation11_FancyMenu' 'F' @92  1.000000 (0x3f800000)
 - protected 'isHovered' 'Z' @96  false (0x00)
 - public 'active' 'Z' @97  true (0x01)
 - public 'visible' 'Z' @98  true (0x01)
 - private 'focused' 'Z' @99  false (0x00)
 - private 'hiddenFancyMenu' 'Z' @100  true (0x01)
 - private 'underlineLabelOnHoverFancyMenu' 'Z' @101  false (0x00)
 - private 'labelShadowFancyMenu' 'Z' @102  true (0x01)
 - private 'nineSliceCustomBackgroundTexture_FancyMenu' 'Z' @103  false (0x00)
 - private 'hitboxRotationActive_FancyMenu' 'Z' @104  false (0x00)
 - private 'lastHoverStateFancyMenu' 'Z' @105  false (0x00)
 - private 'lastFocusStateFancyMenu' 'Z' @106  false (0x00)
 - private 'lastHoverOrFocusStateFancyMenu' 'Z' @107  false (0x00)
 - private 'widgetInitializedFancyMenu' 'Z' @108  true (0x01)
 - private 'message' 'Lnet/minecraft/network/chat/Component;' @112  a 'net/minecraft/network/chat/MutableComponent'{0x000004008b0397e0} (0x04008b0397e08a20)
 - private final 'tooltip' 'Lnet/minecraft/client/gui/components/WidgetTooltipHolder;' @120  a 'net/minecraft/client/gui/components/WidgetTooltipHolder'{0x000004008b039a50} (0x04008b039a508a20)
 - private 'widgetIdentifierFancyMenu' 'Ljava/lang/String;' @128  null (0x0000000000000000)
 - private 'customLabelFancyMenu' 'Lnet/minecraft/network/chat/Component;' @136  null (0x0000000000008a20)
 - private 'hoverLabelFancyMenu' 'Lnet/minecraft/network/chat/Component;' @144  null (0x0000000000008a20)
 - private 'customClickSoundFancyMenu' 'Lde/keksuccino/fancymenu/util/resource/resources/audio/IAudio;' @152  null (0x0000000000008a20)
 - private 'hoverSoundFancyMenu' 'Lde/keksuccino/fancymenu/util/resource/resources/audio/IAudio;' @160  null (0x0000000000008a20)
 - private 'unhoverSoundFancyMenu' 'Lde/keksuccino/fancymenu/util/resource/resources/audio/IAudio;' @168  null (0x0000000000008a20)
 - private 'labelHoverColorFancyMenu' 'Lde/keksuccino/fancymenu/util/rendering/DrawableColor;' @176  null (0x0000000000000000)
 - private 'labelBaseColorFancyMenu' 'Lde/keksuccino/fancymenu/util/rendering/DrawableColor;' @184  null (0x0000000000000000)
 - private 'customBackgroundNormalFancyMenu' 'Lde/keksuccino/fancymenu/util/resource/RenderableResource;' @192  a 'de/keksuccino/fancymenu/util/resource/resources/texture/PngTexture'{0x000004001d2f2c60} (0x04001d2f2c608a20)
 - private 'customBackgroundHoverFancyMenu' 'Lde/keksuccino/fancymenu/util/resource/RenderableResource;' @200  a 'de/keksuccino/fancymenu/util/resource/resources/texture/PngTexture'{0x000004001d2f49d0} (0x04001d2f49d08a20)
 - private 'customBackgroundInactiveFancyMenu' 'Lde/keksuccino/fancymenu/util/resource/RenderableResource;' @208  a 'de/keksuccino/fancymenu/util/resource/resources/texture/PngTexture'{0x000004001d2f67a0} (0x04001d2f67a08a20)
 - private 'customBackgroundResetBehaviorFancyMenu' 'Lde/keksuccino/fancymenu/util/rendering/ui/widget/CustomizableWidget$CustomBackgroundResetBehavior;' @216  a 'de/keksuccino/fancymenu/util/rendering/ui/widget/CustomizableWidget$CustomBackgroundResetBehavior'{0x00000400b3250c90} (0x0400b3250c908a20)
 - private 'customWidthFancyMenu' 'Ljava/lang/Integer;' @224  a 'java/lang/Integer'{0x00000400a3e007e8} = 50 (0x0400a3e007e88a20)
 - private 'customHeightFancyMenu' 'Ljava/lang/Integer;' @232  a 'java/lang/Integer'{0x00000400a3e007e8} = 50 (0x0400a3e007e88a20)
 - private 'customXFancyMenu' 'Ljava/lang/Integer;' @240  a 'java/lang/Integer'{0x00000400a3e00898} = 31 (0x0400a3e008988a20)
 - private 'customYFancyMenu' 'Ljava/lang/Integer;' @248  a 'java/lang/Integer'{0x000004001ec07af8} = 204 (0x04001ec07af88a20)
 - private 'cachedOriginalWidthFancyMenu' 'Ljava/lang/Integer;' @256  a 'java/lang/Integer'{0x00000400a3e007f8} = 98 (0x0400a3e007f88a20)
 - private 'cachedOriginalHeightFancyMenu' 'Ljava/lang/Integer;' @264  a 'java/lang/Integer'{0x00000400a6802488} = 20 (0x0400a68024888a20)
 - private final 'hoverStateListenersFancyMenu' 'Ljava/util/List;' @272  a 'java/util/ArrayList'{0x000004008b0399d0} (0x04008b0399d08a20)
 - private final 'focusStateListenersFancyMenu' 'Ljava/util/List;' @280  a 'java/util/ArrayList'{0x000004008b0399f0} (0x04008b0399f08a20)
 - private final 'hoverOrFocusStateListenersFancyMenu' 'Ljava/util/List;' @288  a 'java/util/ArrayList'{0x000004008b039a10} (0x04008b039a108a20)
 - private final 'resetCustomizationsListenersFancyMenu' 'Ljava/util/List;' @296  a 'java/util/ArrayList'{0x000004008b039a30} (0x04008b039a308a20)
 - protected 'onPress' 'Lnet/minecraft/client/gui/components/Button$OnPress;' @304  a 'net/minecraft/client/gui/screens/TitleScreen$$Lambda+0x000000008141fa08'{0x000004008b039838} (0x04008b0398388a20)
 - protected final 'createNarration' 'Lnet/minecraft/client/gui/components/Button$CreateNarration;' @312  a 'net/minecraft/client/gui/components/Button$$Lambda+0x000000008141c3e0'{0x00000400bc3837f0} (0x0400bc3837f08a20)
stack at sp + 7 slots: 0x0000040000000002 points into unknown readable memory: 00 00 00 00 00 00


Compiled method (n/a) 11372 18166     n 0       org.lwjgl.opengl.GL11C::nglDrawElements (native)
 total in heap  [0x0000026f9faae390,0x0000026f9faae760] = 976
 relocation     [0x0000026f9faae4f0,0x0000026f9faae528] = 56
 main code      [0x0000026f9faae540,0x0000026f9faae757] = 535
 stub code      [0x0000026f9faae757,0x0000026f9faae758] = 1
 oops           [0x0000026f9faae758,0x0000026f9faae760] = 8

[Constant Pool (empty)]

[MachCode]
[Entry Point]
  # {method} {0x00000273abe94820} 'nglDrawElements' '(IIIJ)V' in 'org/lwjgl/opengl/GL11C'
  # parm0:    rdx       = int
  # parm1:    r8        = int
  # parm2:    r9        = int
  # parm3:    rdi:rdi   = long
  #           [sp+0x80]  (sp of caller)
  0x0000026f9faae540: 448b 5208 | 493b c20f | 840b 0000 

  0x0000026f9faae54c: ;   {runtime_call ic_miss_stub}
  0x0000026f9faae54c: 00e9 2e01 | 99fe 660f | 1f44 0000 
[Verified Entry Point]
  0x0000026f9faae558: 8984 2400 | 80ff ff55 | 488b ec48 | 83ec 7090 | 4181 7f58 | 208a 0000 

  0x0000026f9faae570: ;   {runtime_call StubRoutines (final stubs)}
  0x0000026f9faae570: 7405 e829 | 0e98 fe48 | 897c 2428 | 4c89 4c24 | 204d 8bc8 

  0x0000026f9faae584: ;   {oop(a 'java/lang/Class'{0x00000400c2205060} = 'org/lwjgl/opengl/GL11C')}
  0x0000026f9faae584: 4c8b c249 | be60 5020 | c200 0400 | 004c 8974 | 2460 4c8d | 7424 6049 | 8bd6 c5f8 

  0x0000026f9faae5a0: ;   {internal_word}
  0x0000026f9faae5a0: 7749 ba9e | e5aa 9f6f | 0200 004d | 8997 a003 | 0000 4989 | a798 0300 

  0x0000026f9faae5b8: ;   {external_word}
  0x0000026f9faae5b8: 0049 ba2f | dc50 d5fc | 7f00 0041 | 803a 000f | 844e 0000 | 0052 4150 

  0x0000026f9faae5d0: ;   {metadata({method} {0x00000273abe94820} 'nglDrawElements' '(IIIJ)V' in 'org/lwjgl/opengl/GL11C')}
  0x0000026f9faae5d0: 4151 48ba | 1848 e9ab | 7302 0000 | 498b cf48 | 83ec 2040 | f6c4 0f0f | 8419 0000 | 0048 83ec 
  0x0000026f9faae5f0: ;   {runtime_call}
  0x0000026f9faae5f0: 0848 b830 | bbfa d4fc | 7f00 00ff | d048 83c4 | 08e9 0c00 

  0x0000026f9faae604: ;   {runtime_call}
  0x0000026f9faae604: 0000 48b8 | 30bb fad4 | fc7f 0000 | ffd0 4883 | c420 4159 | 4158 5a49 | 8d8f b803 | 0000 41c7 
  0x0000026f9faae624: 8744 0400 | 0004 0000 

  0x0000026f9faae62c: ;   {runtime_call}
  0x0000026f9faae62c: 0048 b8e0 | c6d5 a4fd | 7f00 00ff | d0c5 f877 | 41c7 8744 | 0400 0005 | 0000 00f0 | 8344 24c0 
  0x0000026f9faae64c: 0049 3baf | 4804 0000 | 0f87 0e00 | 0000 4183 | bf40 0400 | 0000 0f84 | 2000 0000 | c5f8 7749 
  0x0000026f9faae66c: 8bcf 4c8b | e448 83ec | 2048 83e4 

  0x0000026f9faae678: ;   {runtime_call}
  0x0000026f9faae678: f048 b8f0 | 27c6 d4fc | 7f00 00ff | d049 8be4 | 41c7 8744 | 0400 0008 | 0000 0041 | 83bf c004 
  0x0000026f9faae698: 0000 020f | 8494 0000 

  0x0000026f9faae6a0: ;   {external_word}
  0x0000026f9faae6a0: 0049 ba2f | dc50 d5fc | 7f00 0041 | 803a 000f | 8444 0000 

  0x0000026f9faae6b4: ;   {metadata({method} {0x00000273abe94820} 'nglDrawElements' '(IIIJ)V' in 'org/lwjgl/opengl/GL11C')}
  0x0000026f9faae6b4: 0048 ba18 | 48e9 ab73 | 0200 0049 | 8bcf 4883 | ec20 40f6 | c40f 0f84 | 1900 0000 | 4883 ec08 
  0x0000026f9faae6d4: ;   {runtime_call}
  0x0000026f9faae6d4: 48b8 30bb | fad4 fc7f | 0000 ffd0 | 4883 c408 | e90c 0000 

  0x0000026f9faae6e8: ;   {runtime_call}
  0x0000026f9faae6e8: 0048 b830 | bbfa d4fc | 7f00 00ff | d048 83c4 | 2049 c787 | 9803 0000 | 0000 0000 | 49c7 87a0 
  0x0000026f9faae708: 0300 0000 | 0000 00c5 | f877 498b | 8f28 0400 | 00c7 8100 | 0100 0000 | 0000 00c9 | 4983 7f08 
  0x0000026f9faae728: 000f 8501 | 0000 00c3 

  0x0000026f9faae730: ;   {runtime_call StubRoutines (initial stubs)}
  0x0000026f9faae730: e9cb 2794 | fec5 f877 | 4c8b e448 | 83ec 2048 

  0x0000026f9faae740: ;   {runtime_call}
  0x0000026f9faae740: 83e4 f048 | b800 f3fa | d4fc 7f00 | 00ff d049 | 8be4 e94a | ffff fff4 
[/MachCode]


Compiled method (c1) 11376 18450       3       org.lwjgl.opengl.GL11C::glDrawElements (8 bytes)
 total in heap  [0x0000026f97fd7690,0x0000026f97fd79d8] = 840
 relocation     [0x0000026f97fd77f0,0x0000026f97fd7830] = 64
 main code      [0x0000026f97fd7840,0x0000026f97fd7918] = 216
 stub code      [0x0000026f97fd7918,0x0000026f97fd7958] = 64
 oops           [0x0000026f97fd7958,0x0000026f97fd7960] = 8
 metadata       [0x0000026f97fd7960,0x0000026f97fd7968] = 8
 scopes data    [0x0000026f97fd7968,0x0000026f97fd7990] = 40
 scopes pcs     [0x0000026f97fd7990,0x0000026f97fd79d0] = 64
 dependencies   [0x0000026f97fd79d0,0x0000026f97fd79d8] = 8

[Constant Pool (empty)]

[MachCode]
[Verified Entry Point]
  # {method} {0x00000273abe94908} 'glDrawElements' '(IIIJ)V' in 'org/lwjgl/opengl/GL11C'
  # parm0:    rdx       = int
  # parm1:    r8        = int
  # parm2:    r9        = int
  # parm3:    rdi:rdi   = long
  #           [sp+0x50]  (sp of caller)
  0x0000026f97fd7840: 8984 2400 | 80ff ff55 | 4883 ec40 | 4181 7f58 | 208a 0000 

  0x0000026f97fd7854: ;   {runtime_call StubRoutines (final stubs)}
  0x0000026f97fd7854: 7405 e845 

  0x0000026f97fd7858: ;   {metadata(method data for {method} {0x00000273abe94908} 'glDrawElements' '(IIIJ)V' in 'org/lwjgl/opengl/GL11C')}
  0x0000026f97fd7858: 7b45 0648 | be68 b151 | 886f 0200 | 008b 9ecc | 0000 0083 | c302 899e | cc00 0000 | 81e3 fe07 
  0x0000026f97fd7878: 0000 85db | 0f84 3500 

  0x0000026f97fd7880: ;   {metadata(method data for {method} {0x00000273abe94908} 'glDrawElements' '(IIIJ)V' in 'org/lwjgl/opengl/GL11C')}
  0x0000026f97fd7880: 0000 48be | 68b1 5188 | 6f02 0000 | 4883 8610 | 0100 0001 

  0x0000026f97fd7894: ;   {static_call}
  0x0000026f97fd7894: 6666 90e8 

  0x0000026f97fd7898: ; ImmutableOopMap {}
                      ;*invokestatic nglDrawElements {reexecute=0 rethrow=0 return_oop=0}
                      ; - org.lwjgl.opengl.GL11C::glDrawElements@4 (line 543)
  0x0000026f97fd7898: bc6c ad07 

  0x0000026f97fd789c: ;   {other}
  0x0000026f97fd789c: 0f1f 8400 | 0c02 0000 | 4883 c440 

  0x0000026f97fd78a8: ;   {poll_return}
  0x0000026f97fd78a8: 5d49 3ba7 | 4804 0000 | 0f87 1f00 

  0x0000026f97fd78b4: ;   {metadata({method} {0x00000273abe94908} 'glDrawElements' '(IIIJ)V' in 'org/lwjgl/opengl/GL11C')}
  0x0000026f97fd78b4: 0000 c349 | ba00 49e9 | ab73 0200 | 004c 8954 | 2408 48c7 | 0424 ffff 

  0x0000026f97fd78cc: ;   {runtime_call counter_overflow Runtime1 stub}
  0x0000026f97fd78cc: ffff e82d 

  0x0000026f97fd78d0: ; ImmutableOopMap {}
                      ;*synchronization entry
                      ; - org.lwjgl.opengl.GL11C::glDrawElements@-1 (line 543)
  0x0000026f97fd78d0: a452 06eb 

  0x0000026f97fd78d4: ;   {internal_word}
  0x0000026f97fd78d4: ad49 baa9 | 78fd 976f | 0200 004d | 8997 6004 

  0x0000026f97fd78e4: ;   {runtime_call SafepointBlob}
  0x0000026f97fd78e4: 0000 e995 | e846 0649 | 8b87 f804 | 0000 49c7 | 87f8 0400 | 0000 0000 | 0049 c787 | 0005 0000 
  0x0000026f97fd7904: 0000 0000 | 4883 c440 

  0x0000026f97fd790c: ;   {runtime_call unwind_exception Runtime1 stub}
  0x0000026f97fd790c: 5de9 6e32 | 5206 f4f4 | f4f4 f4f4 
[Stub Code]
  0x0000026f97fd7918: ;   {no_reloc}
  0x0000026f97fd7918: 48bb 0000 | 0000 0000 

  0x0000026f97fd7920: ;   {runtime_call nmethod}
  0x0000026f97fd7920: 0000 e9fb 

  0x0000026f97fd7924: ;   {runtime_call handle_exception_from_callee Runtime1 stub}
  0x0000026f97fd7924: ffff ffe8 | 5467 5206 

  0x0000026f97fd792c: ;   {external_word}
  0x0000026f97fd792c: 48b9 d0ef | 26d5 fc7f | 0000 4883 

  0x0000026f97fd7938: ;   {runtime_call}
  0x0000026f97fd7938: e4f0 48b8 | 10ad e9d4 | fc7f 0000 

  0x0000026f97fd7944: ;   {section_word}
  0x0000026f97fd7944: ffd0 f449 | ba47 79fd | 976f 0200 

  0x0000026f97fd7950: ;   {runtime_call DeoptimizationBlob}
  0x0000026f97fd7950: 0041 52e9 | c8fc 4606 
[/MachCode]


Compiled method (c1) 11378 18449       3       org.lwjgl.opengl.GL11::glDrawElements (8 bytes)
 total in heap  [0x0000026f97fd7310,0x0000026f97fd7658] = 840
 relocation     [0x0000026f97fd7470,0x0000026f97fd74b0] = 64
 main code      [0x0000026f97fd74c0,0x0000026f97fd7598] = 216
 stub code      [0x0000026f97fd7598,0x0000026f97fd75d8] = 64
 oops           [0x0000026f97fd75d8,0x0000026f97fd75e0] = 8
 metadata       [0x0000026f97fd75e0,0x0000026f97fd75e8] = 8
 scopes data    [0x0000026f97fd75e8,0x0000026f97fd7610] = 40
 scopes pcs     [0x0000026f97fd7610,0x0000026f97fd7650] = 64
 dependencies   [0x0000026f97fd7650,0x0000026f97fd7658] = 8

[Constant Pool (empty)]

[MachCode]
[Verified Entry Point]
  # {method} {0x00000273abe3dc30} 'glDrawElements' '(IIIJ)V' in 'org/lwjgl/opengl/GL11'
  # parm0:    rdx       = int
  # parm1:    r8        = int
  # parm2:    r9        = int
  # parm3:    rdi:rdi   = long
  #           [sp+0x50]  (sp of caller)
  0x0000026f97fd74c0: 8984 2400 | 80ff ff55 | 4883 ec40 | 4181 7f58 | 208a 0000 

  0x0000026f97fd74d4: ;   {runtime_call StubRoutines (final stubs)}
  0x0000026f97fd74d4: 7405 e8c5 

  0x0000026f97fd74d8: ;   {metadata(method data for {method} {0x00000273abe3dc30} 'glDrawElements' '(IIIJ)V' in 'org/lwjgl/opengl/GL11')}
  0x0000026f97fd74d8: 7e45 0648 | bee8 b251 | 886f 0200 | 008b 9ecc | 0000 0083 | c302 899e | cc00 0000 | 81e3 fe07 
  0x0000026f97fd74f8: 0000 85db | 0f84 3500 

  0x0000026f97fd7500: ;   {metadata(method data for {method} {0x00000273abe3dc30} 'glDrawElements' '(IIIJ)V' in 'org/lwjgl/opengl/GL11')}
  0x0000026f97fd7500: 0000 48be | e8b2 5188 | 6f02 0000 | 4883 8610 | 0100 0001 

  0x0000026f97fd7514: ;   {static_call}
  0x0000026f97fd7514: 6666 90e8 

  0x0000026f97fd7518: ; ImmutableOopMap {}
                      ;*invokestatic glDrawElements {reexecute=0 rethrow=0 return_oop=0}
                      ; - org.lwjgl.opengl.GL11::glDrawElements@4 (line 1870)
  0x0000026f97fd7518: 2403 0000 

  0x0000026f97fd751c: ;   {other}
  0x0000026f97fd751c: 0f1f 8400 | 0c02 0000 | 4883 c440 

  0x0000026f97fd7528: ;   {poll_return}
  0x0000026f97fd7528: 5d49 3ba7 | 4804 0000 | 0f87 1f00 

  0x0000026f97fd7534: ;   {metadata({method} {0x00000273abe3dc30} 'glDrawElements' '(IIIJ)V' in 'org/lwjgl/opengl/GL11')}
  0x0000026f97fd7534: 0000 c349 | ba28 dce3 | ab73 0200 | 004c 8954 | 2408 48c7 | 0424 ffff 

  0x0000026f97fd754c: ;   {runtime_call counter_overflow Runtime1 stub}
  0x0000026f97fd754c: ffff e8ad 

  0x0000026f97fd7550: ; ImmutableOopMap {}
                      ;*synchronization entry
                      ; - org.lwjgl.opengl.GL11::glDrawElements@-1 (line 1870)
  0x0000026f97fd7550: a752 06eb 

  0x0000026f97fd7554: ;   {internal_word}
  0x0000026f97fd7554: ad49 ba29 | 75fd 976f | 0200 004d | 8997 6004 

  0x0000026f97fd7564: ;   {runtime_call SafepointBlob}
  0x0000026f97fd7564: 0000 e915 | ec46 0649 | 8b87 f804 | 0000 49c7 | 87f8 0400 | 0000 0000 | 0049 c787 | 0005 0000 
  0x0000026f97fd7584: 0000 0000 | 4883 c440 

  0x0000026f97fd758c: ;   {runtime_call unwind_exception Runtime1 stub}
  0x0000026f97fd758c: 5de9 ee35 | 5206 f4f4 | f4f4 f4f4 
[Stub Code]
  0x0000026f97fd7598: ;   {no_reloc}
  0x0000026f97fd7598: 48bb 0000 | 0000 0000 

  0x0000026f97fd75a0: ;   {runtime_call nmethod}
  0x0000026f97fd75a0: 0000 e9fb 

  0x0000026f97fd75a4: ;   {runtime_call handle_exception_from_callee Runtime1 stub}
  0x0000026f97fd75a4: ffff ffe8 | d46a 5206 

  0x0000026f97fd75ac: ;   {external_word}
  0x0000026f97fd75ac: 48b9 d0ef | 26d5 fc7f | 0000 4883 

  0x0000026f97fd75b8: ;   {runtime_call}
  0x0000026f97fd75b8: e4f0 48b8 | 10ad e9d4 | fc7f 0000 

  0x0000026f97fd75c4: ;   {section_word}
  0x0000026f97fd75c4: ffd0 f449 | bac7 75fd | 976f 0200 

  0x0000026f97fd75d0: ;   {runtime_call DeoptimizationBlob}
  0x0000026f97fd75d0: 0041 52e9 | 4800 4706 
[/MachCode]


---------------  P R O C E S S  ---------------

Threads class SMR info:
_java_thread_list=0x00000273fdf1b890, length=90, elements={
0x0000026f931815e0, 0x00000273a92121d0, 0x00000273a9214840, 0x00000273a9230260,
0x00000273a92308c0, 0x00000273a9215eb0, 0x00000273a9217520, 0x00000273a921f0a0,
0x00000273a9291000, 0x00000273a92cf8d0, 0x00000273a95a95a0, 0x00000273a960c510,
0x00000273aefb04b0, 0x00000273a95a9c30, 0x00000273a95ac390, 0x00000273a95aa950,
0x00000273a95aafe0, 0x00000273a95ab670, 0x00000273a95a8f10, 0x00000273b0781e80,
0x00000273b0782ba0, 0x00000273b07866b0, 0x00000273b0781160, 0x00000273b0786d40,
0x00000273b07845e0, 0x00000273b0785300, 0x00000273b07817f0, 0x00000273b0783230,
0x00000273b0786020, 0x00000273b3ce3140, 0x00000273b3ce58a0, 0x00000273b3ce37d0,
0x00000273b3ce65c0, 0x00000273b3ce5f30, 0x00000273b3ce2ab0, 0x0000026f820ce950,
0x0000026f820cf670, 0x0000026f820ccf10, 0x0000026f820cdc30, 0x0000026f820d0390,
0x0000026f820cd5a0, 0x0000026f820ce2c0, 0x0000026f820cefe0, 0x00000273b0783f50,
0x00000273b0782510, 0x00000273b0780440, 0x00000273b07838c0, 0x00000273b0784c70,
0x00000273b0787a60, 0x00000273b0785990, 0x00000273b3ce3e60, 0x00000273b3ce44f0,
0x00000273b3ce4b80, 0x00000273a95aa2c0, 0x00000273a95abd00, 0x00000273fc265370,
0x00000273fc262c10, 0x00000273fc266090, 0x00000273fc261860, 0x00000273fc25fe20,
0x00000273fc265a00, 0x00000273fc261ef0, 0x00000273fc262580, 0x00000273fc2611d0,
0x00000273fc263fc0, 0x00000273fc2632a0, 0x00000273fc263930, 0x00000273fc264650,
0x00000273fc264ce0, 0x00000273fc266720, 0x00000273fc25f790, 0x00000273fc2604b0,
0x00000273fc260b40, 0x00000273b254f870, 0x00000273b2551940, 0x00000273b2550c20,
0x00000273b254b6d0, 0x00000273b254d110, 0x00000273b254eb50, 0x00000273b254d7a0,
0x00000273b254de30, 0x00000273b254f1e0, 0x00000273fc25f100, 0x0000026f8d1df240,
0x0000026f8d1e19a0, 0x0000026f8d1de520, 0x0000026f8d1debb0, 0x00000273fe831e00,
0x0000026f8d1e1310, 0x0000026f8d1e2030
}

Java Threads: ( => current thread )
=>0x0000026f931815e0 JavaThread "Render thread"                     [_thread_in_native, id=25700, stack(0x000000fe59c00000,0x000000fe59d00000) (1024K)]
  0x00000273a92121d0 JavaThread "Reference Handler"          daemon [_thread_blocked, id=2732, stack(0x000000fe5b700000,0x000000fe5b800000) (1024K)]
  0x00000273a9214840 JavaThread "Finalizer"                  daemon [_thread_blocked, id=16852, stack(0x000000fe5b800000,0x000000fe5b900000) (1024K)]
  0x00000273a9230260 JavaThread "Signal Dispatcher"          daemon [_thread_blocked, id=21704, stack(0x000000fe5b900000,0x000000fe5ba00000) (1024K)]
  0x00000273a92308c0 JavaThread "Attach Listener"            daemon [_thread_blocked, id=25776, stack(0x000000fe5ba00000,0x000000fe5bb00000) (1024K)]
  0x00000273a9215eb0 JavaThread "Service Thread"             daemon [_thread_blocked, id=17884, stack(0x000000fe5bb00000,0x000000fe5bc00000) (1024K)]
  0x00000273a9217520 JavaThread "Monitor Deflation Thread"   daemon [_thread_blocked, id=30544, stack(0x000000fe5bc00000,0x000000fe5bd00000) (1024K)]
  0x00000273a921f0a0 JavaThread "C2 CompilerThread0"         daemon [_thread_blocked, id=28276, stack(0x000000fe5bd00000,0x000000fe5be00000) (1024K)]
  0x00000273a9291000 JavaThread "C1 CompilerThread0"         daemon [_thread_blocked, id=16816, stack(0x000000fe5be00000,0x000000fe5bf00000) (1024K)]
  0x00000273a92cf8d0 JavaThread "C1 CompilerThread1"         daemon [_thread_blocked, id=7196, stack(0x000000fe5bf00000,0x000000fe5c000000) (1024K)]
  0x00000273a95a95a0 JavaThread "Common-Cleaner"             daemon [_thread_blocked, id=28832, stack(0x000000fe5c000000,0x000000fe5c100000) (1024K)]
  0x00000273a960c510 JavaThread "C1 CompilerThread2"         daemon [_thread_blocked, id=22648, stack(0x000000fe5c100000,0x000000fe5c200000) (1024K)]
  0x00000273aefb04b0 JavaThread "C1 CompilerThread3"         daemon [_thread_blocked, id=31740, stack(0x000000fe5c500000,0x000000fe5c600000) (1024K)]
  0x00000273a95a9c30 JavaThread "Notification Thread"        daemon [_thread_blocked, id=22332, stack(0x000000fe5c700000,0x000000fe5c800000) (1024K)]
  0x00000273a95ac390 JavaThread "ForkJoinPool.commonPool-worker-1" daemon [_thread_blocked, id=3084, stack(0x000000fe5cc00000,0x000000fe5cd00000) (1024K)]
  0x00000273a95aa950 JavaThread "ForkJoinPool.commonPool-worker-2" daemon [_thread_blocked, id=26216, stack(0x000000fe5cd00000,0x000000fe5ce00000) (1024K)]
  0x00000273a95aafe0 JavaThread "ForkJoinPool.commonPool-worker-3" daemon [_thread_blocked, id=22744, stack(0x000000fe5ce00000,0x000000fe5cf00000) (1024K)]
  0x00000273a95ab670 JavaThread "ForkJoinPool.commonPool-worker-4" daemon [_thread_blocked, id=29720, stack(0x000000fe5cf00000,0x000000fe5d000000) (1024K)]
  0x00000273a95a8f10 JavaThread "ForkJoinPool.commonPool-worker-5" daemon [_thread_blocked, id=20368, stack(0x000000fe5d000000,0x000000fe5d100000) (1024K)]
  0x00000273b0781e80 JavaThread "ForkJoinPool.commonPool-worker-6" daemon [_thread_blocked, id=27240, stack(0x000000fe5d100000,0x000000fe5d200000) (1024K)]
  0x00000273b0782ba0 JavaThread "ForkJoinPool.commonPool-worker-7" daemon [_thread_blocked, id=23336, stack(0x000000fe5d200000,0x000000fe5d300000) (1024K)]
  0x00000273b07866b0 JavaThread "ForkJoinPool.commonPool-worker-8" daemon [_thread_blocked, id=29148, stack(0x000000fe5d300000,0x000000fe5d400000) (1024K)]
  0x00000273b0781160 JavaThread "ForkJoinPool.commonPool-worker-9" daemon [_thread_blocked, id=26276, stack(0x000000fe5d400000,0x000000fe5d500000) (1024K)]
  0x00000273b0786d40 JavaThread "ForkJoinPool.commonPool-worker-10" daemon [_thread_blocked, id=17608, stack(0x000000fe5d500000,0x000000fe5d600000) (1024K)]
  0x00000273b07845e0 JavaThread "ForkJoinPool.commonPool-worker-11" daemon [_thread_blocked, id=17064, stack(0x000000fe5d600000,0x000000fe5d700000) (1024K)]
  0x00000273b0785300 JavaThread "ForkJoinPool.commonPool-worker-12" daemon [_thread_blocked, id=15072, stack(0x000000fe5d700000,0x000000fe5d800000) (1024K)]
  0x00000273b07817f0 JavaThread "ForkJoinPool.commonPool-worker-13" daemon [_thread_blocked, id=27200, stack(0x000000fe5d800000,0x000000fe5d900000) (1024K)]
  0x00000273b0783230 JavaThread "ForkJoinPool.commonPool-worker-15" daemon [_thread_blocked, id=13328, stack(0x000000fe5d900000,0x000000fe5da00000) (1024K)]
  0x00000273b0786020 JavaThread "ForkJoinPool.commonPool-worker-14" daemon [_thread_blocked, id=4956, stack(0x000000fe5da00000,0x000000fe5db00000) (1024K)]
  0x00000273b3ce3140 JavaThread "JNA Cleaner"                daemon [_thread_blocked, id=20212, stack(0x000000fe5f100000,0x000000fe5f200000) (1024K)]
  0x00000273b3ce58a0 JavaThread "pool-18-thread-1"                  [_thread_blocked, id=25328, stack(0x000000fe5f300000,0x000000fe5f400000) (1024K)]
  0x00000273b3ce37d0 JavaThread "Datafixer Bootstrap"        daemon [_thread_blocked, id=26052, stack(0x000000fe5f400000,0x000000fe5f500000) (1024K)]
  0x00000273b3ce65c0 JavaThread "JNA Cleaner"                daemon [_thread_blocked, id=24384, stack(0x000000fe5c300000,0x000000fe5c400000) (1024K)]
  0x00000273b3ce5f30 JavaThread "Timer hack thread"          daemon [_thread_blocked, id=21664, stack(0x000000fe5f600000,0x000000fe5f700000) (1024K)]
  0x00000273b3ce2ab0 JavaThread "Yggdrasil Key Fetcher"      daemon [_thread_blocked, id=19296, stack(0x000000fe5fa00000,0x000000fe5fb00000) (1024K)]
  0x0000026f820ce950 JavaThread "Download-1"                 daemon [_thread_blocked, id=18768, stack(0x000000fe5fb00000,0x000000fe5fc00000) (1024K)]
  0x0000026f820cf670 JavaThread "Download-2"                 daemon [_thread_blocked, id=4764, stack(0x000000fe5fc00000,0x000000fe5fd00000) (1024K)]
  0x0000026f820ccf10 JavaThread "modloading-worker-0"        daemon [_thread_blocked, id=24744, stack(0x000000fe5ca00000,0x000000fe5cb00000) (1024K)]
  0x0000026f820cdc30 JavaThread "modloading-worker-0"        daemon [_thread_blocked, id=20616, stack(0x000000fe5cb00000,0x000000fe5cc00000) (1024K)]
  0x0000026f820d0390 JavaThread "modloading-worker-0"        daemon [_thread_blocked, id=26996, stack(0x000000fe5e100000,0x000000fe5e200000) (1024K)]
  0x0000026f820cd5a0 JavaThread "modloading-worker-0"        daemon [_thread_blocked, id=29184, stack(0x000000fe5e200000,0x000000fe5e300000) (1024K)]
  0x0000026f820ce2c0 JavaThread "modloading-worker-0"        daemon [_thread_blocked, id=30116, stack(0x000000fe5e300000,0x000000fe5e400000) (1024K)]
  0x0000026f820cefe0 JavaThread "modloading-worker-0"        daemon [_thread_blocked, id=26592, stack(0x000000fe5e400000,0x000000fe5e500000) (1024K)]
  0x00000273b0783f50 JavaThread "modloading-worker-0"        daemon [_thread_blocked, id=6600, stack(0x000000fe5e500000,0x000000fe5e600000) (1024K)]
  0x00000273b0782510 JavaThread "modloading-worker-0"        daemon [_thread_blocked, id=12080, stack(0x000000fe5e600000,0x000000fe5e700000) (1024K)]
  0x00000273b0780440 JavaThread "modloading-worker-0"        daemon [_thread_blocked, id=26552, stack(0x000000fe5e700000,0x000000fe5e800000) (1024K)]
  0x00000273b07838c0 JavaThread "modloading-worker-0"        daemon [_thread_blocked, id=30316, stack(0x000000fe5e800000,0x000000fe5e900000) (1024K)]
  0x00000273b0784c70 JavaThread "modloading-worker-0"        daemon [_thread_blocked, id=2616, stack(0x000000fe5e900000,0x000000fe5ea00000) (1024K)]
  0x00000273b0787a60 JavaThread "modloading-worker-0"        daemon [_thread_blocked, id=21384, stack(0x000000fe5ea00000,0x000000fe5eb00000) (1024K)]
  0x00000273b0785990 JavaThread "FancyMenu-WebUtils-Thread"  daemon [_thread_blocked, id=28024, stack(0x000000fe5eb00000,0x000000fe5ec00000) (1024K)]
  0x00000273b3ce3e60 JavaThread "WaterConfig-Worker"         daemon [_thread_blocked, id=22672, stack(0x000000fe5ec00000,0x000000fe5ed00000) (1024K)]
  0x00000273b3ce44f0 JavaThread "WaterConfig-IO"             daemon [_thread_blocked, id=25184, stack(0x000000fe5ed00000,0x000000fe5ee00000) (1024K)]
  0x00000273b3ce4b80 JavaThread "Keep-Alive-Timer"           daemon [_thread_blocked, id=27892, stack(0x000000fe5ee00000,0x000000fe5ef00000) (1024K)]
  0x00000273a95aa2c0 JavaThread "JavaCPP Deallocator"        daemon [_thread_blocked, id=16844, stack(0x000000fe5c600000,0x000000fe5c700000) (1024K)]
  0x00000273a95abd00 JavaThread "modloading-sync-worker"     daemon [_thread_blocked, id=24240, stack(0x000000fe5c800000,0x000000fe5c900000) (1024K)]
  0x00000273fc265370 JavaThread "FileSystemWatchService"     daemon [_thread_in_native, id=22704, stack(0x000000fe60000000,0x000000fe60100000) (1024K)]
  0x00000273fc262c10 JavaThread "config-file-watcher-0-0"    daemon [_thread_blocked, id=30668, stack(0x000000fe60100000,0x000000fe60200000) (1024K)]
  0x00000273fc266090 JavaThread "Sound engine"               daemon [_thread_blocked, id=31408, stack(0x000000fe60200000,0x000000fe60300000) (1024K)]
  0x00000273fc261860 JavaThread "Worker-Main-1"              daemon [_thread_blocked, id=29052, stack(0x000000fe5fe00000,0x000000fe5ff00000) (1024K)]
  0x00000273fc25fe20 JavaThread "Worker-Main-2"              daemon [_thread_blocked, id=11524, stack(0x000000fe5ff00000,0x000000fe60000000) (1024K)]
  0x00000273fc265a00 JavaThread "Worker-Main-3"              daemon [_thread_blocked, id=29200, stack(0x000000fe60300000,0x000000fe60400000) (1024K)]
  0x00000273fc261ef0 JavaThread "Worker-Main-4"              daemon [_thread_blocked, id=30552, stack(0x000000fe60400000,0x000000fe60500000) (1024K)]
  0x00000273fc262580 JavaThread "Worker-Main-5"              daemon [_thread_blocked, id=27788, stack(0x000000fe60600000,0x000000fe60700000) (1024K)]
  0x00000273fc2611d0 JavaThread "Worker-Main-6"              daemon [_thread_blocked, id=3704, stack(0x000000fe60700000,0x000000fe60800000) (1024K)]
  0x00000273fc263fc0 JavaThread "Worker-Main-7"              daemon [_thread_blocked, id=1840, stack(0x000000fe60800000,0x000000fe60900000) (1024K)]
  0x00000273fc2632a0 JavaThread "Worker-Main-8"              daemon [_thread_blocked, id=6748, stack(0x000000fe60900000,0x000000fe60a00000) (1024K)]
  0x00000273fc263930 JavaThread "Worker-Main-9"              daemon [_thread_blocked, id=25788, stack(0x000000fe60a00000,0x000000fe60b00000) (1024K)]
  0x00000273fc264650 JavaThread "Worker-Main-10"             daemon [_thread_blocked, id=28460, stack(0x000000fe60b00000,0x000000fe60c00000) (1024K)]
  0x00000273fc264ce0 JavaThread "Worker-Main-11"             daemon [_thread_blocked, id=28184, stack(0x000000fe60c00000,0x000000fe60d00000) (1024K)]
  0x00000273fc266720 JavaThread "Worker-Main-12"             daemon [_thread_blocked, id=24512, stack(0x000000fe60d00000,0x000000fe60e00000) (1024K)]
  0x00000273fc25f790 JavaThread "Worker-Main-13"             daemon [_thread_blocked, id=21336, stack(0x000000fe60e00000,0x000000fe60f00000) (1024K)]
  0x00000273fc2604b0 JavaThread "Worker-Main-14"             daemon [_thread_blocked, id=29820, stack(0x000000fe60f00000,0x000000fe61000000) (1024K)]
  0x00000273fc260b40 JavaThread "Worker-Main-15"             daemon [_thread_blocked, id=17920, stack(0x000000fe61000000,0x000000fe61100000) (1024K)]
  0x00000273b254f870 JavaThread "HttpClient-1-SelectorManager" daemon [_thread_in_native, id=25680, stack(0x000000fe61300000,0x000000fe61400000) (1024K)]
  0x00000273b2551940 JavaThread "HttpClient-1-Worker-0"      daemon [_thread_blocked, id=29364, stack(0x000000fe61400000,0x000000fe61500000) (1024K)]
  0x00000273b2550c20 JavaThread "HttpClient-1-Worker-1"      daemon [_thread_blocked, id=9480, stack(0x000000fe61500000,0x000000fe61600000) (1024K)]
  0x00000273b254b6d0 JavaThread "FancyMenu-JsonPlaceholder-Cleanup" daemon [_thread_blocked, id=7316, stack(0x000000fe61600000,0x000000fe61700000) (1024K)]
  0x00000273b254d110 JavaThread "pool-22-thread-1"                  [_thread_blocked, id=30932, stack(0x000000fe60500000,0x000000fe60600000) (1024K)]
  0x00000273b254eb50 JavaThread "pool-23-thread-1"                  [_thread_blocked, id=22448, stack(0x000000fe61700000,0x000000fe61800000) (1024K)]
  0x00000273b254d7a0 JavaThread "Thread-7"                          [_thread_blocked, id=13668, stack(0x000000fe61800000,0x000000fe61900000) (1024K)]
  0x00000273b254de30 JavaThread "Thread-8"                          [_thread_blocked, id=25620, stack(0x000000fe61900000,0x000000fe61a00000) (1024K)]
  0x00000273b254f1e0 JavaThread "IO-Worker-1"                       [_thread_blocked, id=20620, stack(0x000000fe61a00000,0x000000fe61b00000) (1024K)]
  0x00000273fc25f100 JavaThread "pool-24-thread-1"                  [_thread_blocked, id=26908, stack(0x000000fe61d00000,0x000000fe61e00000) (1024K)]
  0x0000026f8d1df240 JavaThread "IO-Worker-2"                       [_thread_blocked, id=15540, stack(0x000000fe5f900000,0x000000fe5fa00000) (1024K)]
  0x0000026f8d1e19a0 JavaThread "MRL-Loader-0"               daemon [_thread_blocked, id=20912, stack(0x000000fe5f700000,0x000000fe5f800000) (1024K)]
  0x0000026f8d1de520 JavaThread "FFThread-1-lifecycle"       daemon [_thread_blocked, id=27864, stack(0x000000fe5c200000,0x000000fe5c300000) (1024K)]
  0x0000026f8d1debb0 JavaThread "FFThread-1-demux"           daemon [_thread_blocked, id=21240, stack(0x000000fe5c900000,0x000000fe5ca00000) (1024K)]
  0x00000273fe831e00 JavaThread "C2 CompilerThread1"         daemon [_thread_blocked, id=24924, stack(0x000000fe5f800000,0x000000fe5f900000) (1024K)]
  0x0000026f8d1e1310 JavaThread "FFThread-1-video"           daemon [_thread_blocked, id=25332, stack(0x000000fe61f00000,0x000000fe62000000) (1024K)]
  0x0000026f8d1e2030 JavaThread "FFThread-1-audio"           daemon [_thread_blocked, id=28508, stack(0x000000fe62000000,0x000000fe62100000) (1024K)]
Total: 90

Other Threads:
  0x0000026f96e3e9f0 VMThread "VM Thread"                           [id=20752, stack(0x000000fe5b600000,0x000000fe5b700000) (1024K)]
  0x00000273a91110a0 WatcherThread "VM Periodic Task Thread"        [id=31676, stack(0x000000fe5b500000,0x000000fe5b600000) (1024K)]
  0x0000026f96ecd3f0 ConcurrentGCThread "ZDirector"                 [id=30692, stack(0x000000fe5a900000,0x000000fe5aa00000) (1024K)]
  0x0000026f96ec67d0 ConcurrentGCThread "ZDriverMajor"              [id=19816, stack(0x000000fe5a800000,0x000000fe5a900000) (1024K)]
  0x0000026f96ec5bd0 ConcurrentGCThread "ZDriverMinor"              [id=27832, stack(0x000000fe5a700000,0x000000fe5a800000) (1024K)]
  0x0000026f96ecf0e0 ConcurrentGCThread "ZStat"                     [id=28964, stack(0x000000fe5aa00000,0x000000fe5ab00000) (1024K)]
  0x0000026f9318d680 ConcurrentGCThread "ZUnmapper"                 [id=12280, stack(0x000000fe59d00000,0x000000fe59e00000) (1024K)]
  0x0000026f9318df30 ConcurrentGCThread "ZUncommitter"              [id=27796, stack(0x000000fe59e00000,0x000000fe59f00000) (1024K)]
  0x0000026f915169b0 WorkerThread "ZWorkerYoung#0"                  [id=20216, stack(0x000000fe5a300000,0x000000fe5a400000) (1024K)]
  0x0000026f91516270 WorkerThread "ZWorkerYoung#1"                  [id=25148, stack(0x000000fe5a400000,0x000000fe5a500000) (1024K)]
  0x0000026f96e411d0 WorkerThread "ZWorkerYoung#2"                  [id=27924, stack(0x000000fe5a500000,0x000000fe5a600000) (1024K)]
  0x0000026f96e3ffb0 WorkerThread "ZWorkerYoung#3"                  [id=25716, stack(0x000000fe5a600000,0x000000fe5a700000) (1024K)]
  0x0000026f91516610 WorkerThread "ZWorkerOld#0"                    [id=25972, stack(0x000000fe59f00000,0x000000fe5a000000) (1024K)]
  0x0000026f91517490 WorkerThread "ZWorkerOld#1"                    [id=12484, stack(0x000000fe5a000000,0x000000fe5a100000) (1024K)]
  0x0000026f91515b30 WorkerThread "ZWorkerOld#2"                    [id=12756, stack(0x000000fe5a100000,0x000000fe5a200000) (1024K)]
  0x0000026f91515ed0 WorkerThread "ZWorkerOld#3"                    [id=6112, stack(0x000000fe5a200000,0x000000fe5a300000) (1024K)]
  0x0000026f96e3db70 WorkerThread "RuntimeWorker#0"                 [id=31696, stack(0x000000fe5ab00000,0x000000fe5ac00000) (1024K)]
  0x0000026f96e40a90 WorkerThread "RuntimeWorker#1"                 [id=8404, stack(0x000000fe5ac00000,0x000000fe5ad00000) (1024K)]
  0x0000026f96e40e30 WorkerThread "RuntimeWorker#2"                 [id=13532, stack(0x000000fe5ad00000,0x000000fe5ae00000) (1024K)]
  0x0000026f96e3d7d0 WorkerThread "RuntimeWorker#3"                 [id=26348, stack(0x000000fe5ae00000,0x000000fe5af00000) (1024K)]
  0x0000026f96e3df10 WorkerThread "RuntimeWorker#4"                 [id=26788, stack(0x000000fe5af00000,0x000000fe5b000000) (1024K)]
  0x0000026f96e40350 WorkerThread "RuntimeWorker#5"                 [id=23680, stack(0x000000fe5b000000,0x000000fe5b100000) (1024K)]
  0x0000026f96e3e650 WorkerThread "RuntimeWorker#6"                 [id=7656, stack(0x000000fe5b100000,0x000000fe5b200000) (1024K)]
  0x0000026f96e3e2b0 WorkerThread "RuntimeWorker#7"                 [id=30588, stack(0x000000fe5b200000,0x000000fe5b300000) (1024K)]
  0x0000026f96e406f0 WorkerThread "RuntimeWorker#8"                 [id=19724, stack(0x000000fe5b300000,0x000000fe5b400000) (1024K)]
  0x0000026f96e3f130 WorkerThread "RuntimeWorker#9"                 [id=26860, stack(0x000000fe5b400000,0x000000fe5b500000) (1024K)]
Total: 26

Threads with active compile tasks:
Total: 0

VM state: not at safepoint (normal execution)

VM Mutex/Monitor currently owned by a thread: None

CDS archive(s) not mapped
Compressed class space mapped at: 0x0000000080000000-0x00000000c0000000, reserved size: 1073741824
Narrow klass base: 0x0000000000000000, Narrow klass shift: 0, Narrow klass range: 0xc0000000

GC Precious Log:
 NUMA Support: Disabled
 CPUs: 16 total, 16 available
 Memory: 31962M
 Large Page Support: Disabled
 Address Space Type: Contiguous/Unrestricted/Complete
 Address Space Size: 262144M
 Min Capacity: 256M
 Initial Capacity: 256M
 Max Capacity: 16384M
 Soft Max Capacity: 16384M
 Medium Page Size: 32M
 Pre-touch: Enabled
 Uncommit: Enabled
 Uncommit Delay: 300s
 GC Workers for Old Generation: 4 (dynamic)
 GC Workers for Young Generation: 4 (dynamic)
 GC Workers Max: 4 (dynamic)
 Runtime Workers: 10

ZGC Globals:
 Young Collection:   Relocate/6
 Old Collection:     Relocate/6
 Offset Max:         4096G (0x0000040000000000)
 Page Size Small:    2M
 Page Size Medium:   32M

ZGC Metadata Bits:
 LoadGood:           0x0000000000008000
 LoadBad:            0x0000000000007000
 MarkGood:           0x0000000000008a00
 MarkBad:            0x00000000000075c0
 StoreGood:          0x0000000000008a20
 StoreBad:           0x00000000000075d0
 ------------------- 
 Remapped:           0x0000000000008000
 RemappedYoung:      0x000000000000a000
 RemappedOld:        0x000000000000c000
 MarkedYoung:        0x0000000000000200
 MarkedOld:          0x0000000000000800
 Remembered:         0x0000000000000020

Heap:
 ZHeap           used 1922M, capacity 3746M, max capacity 16384M
 Metaspace       used 140076K, committed 141952K, reserved 1179648K
  class space    used 19840K, committed 20672K, reserved 1048576K

ZGC Page Table:
 Small   0x0000000000000000 0x0000000000200000 0x0000000000200000 Y/6     Allocating 
 Small   0x0000000000200000 0x0000000000400000 0x0000000000400000 Y/6     Allocating 
 Small   0x0000000000400000 0x00000000005ffec8 0x0000000000600000 Y/6     Allocating 
 Small   0x0000000000600000 0x00000000007fffd0 0x0000000000800000 Y/6     Allocating 
 Small   0x0000000000800000 0x00000000009ffff8 0x0000000000a00000 Y/6     Allocating 
 Small   0x0000000000a00000 0x0000000000c00000 0x0000000000c00000 Y/6     Allocating 
 Medium  0x0000000000c00000 0x0000000000ff5000 0x0000000002c00000 Y/6     Allocating 
 Small   0x0000000002c00000 0x0000000002e00000 0x0000000002e00000 Y/6     Allocating 
 Small   0x0000000003200000 0x0000000003400000 0x0000000003400000 Y/6     Allocating 
 Small   0x0000000003400000 0x00000000035fffd0 0x0000000003600000 Y/6     Allocating 
 Small   0x0000000003600000 0x00000000037f7d38 0x0000000003800000 Y/6     Allocating 
 Small   0x0000000003800000 0x0000000003a00000 0x0000000003a00000 Y/6     Allocating 
 Small   0x0000000003c00000 0x0000000003e00000 0x0000000003e00000 Y/6     Allocating 
 Small   0x0000000003e00000 0x0000000004000000 0x0000000004000000 Y/6     Allocating 
 Small   0x0000000004200000 0x00000000043fa998 0x0000000004400000 Y/6     Allocating 
 Small   0x0000000004800000 0x0000000004a00000 0x0000000004a00000 Y/6     Allocating 
 Small   0x0000000004a00000 0x0000000004c00000 0x0000000004c00000 Y/6     Allocating 
 Small   0x0000000004c00000 0x0000000004e00000 0x0000000004e00000 Y/6     Allocating 
 Small   0x0000000004e00000 0x0000000004fca248 0x0000000005000000 Y/6     Allocating 
 Small   0x0000000005000000 0x00000000051fe620 0x0000000005200000 Y/6     Allocating 
 Small   0x0000000005200000 0x00000000053ff5d0 0x0000000005400000 Y/6     Allocating 
 Small   0x0000000005400000 0x0000000005600000 0x0000000005600000 Y/6     Allocating 
 Small   0x0000000005600000 0x0000000005800000 0x0000000005800000 Y/6     Allocating 
 Small   0x0000000005a00000 0x0000000005c00000 0x0000000005c00000 Y/6     Allocating 
 Small   0x0000000005c00000 0x0000000005dffff0 0x0000000005e00000 Y/6     Allocating 
 Small   0x0000000005e00000 0x0000000005fffff0 0x0000000006000000 Y/6     Allocating 
 Small   0x0000000006000000 0x0000000006200000 0x0000000006200000 Y/6     Allocating 
 Small   0x0000000006c00000 0x0000000006e00000 0x0000000006e00000 Y/6     Allocating 
 Small   0x0000000006e00000 0x0000000006ffffe0 0x0000000007000000 Y/6     Allocating 
 Small   0x0000000007000000 0x0000000007200000 0x0000000007200000 Y/6     Allocating 
 Small   0x0000000007200000 0x00000000073ffff0 0x0000000007400000 Y/6     Allocating 
 Small   0x0000000007800000 0x0000000007a00000 0x0000000007a00000 Y/6     Allocating 
 Small   0x0000000007a00000 0x0000000007c00000 0x0000000007c00000 Y/6     Allocating 
 Small   0x0000000007e00000 0x0000000007ffffb8 0x0000000008000000 Y/6     Allocating 
 Small   0x0000000008400000 0x0000000008600000 0x0000000008600000 Y/6     Allocating 
 Small   0x0000000008600000 0x0000000008800000 0x0000000008800000 Y/6     Allocating 
 Small   0x0000000008800000 0x00000000089fe060 0x0000000008a00000 Y/6     Allocating 
 Small   0x0000000009a00000 0x0000000009c00000 0x0000000009c00000 Y/6     Allocating 
 Small   0x000000000a000000 0x000000000a200000 0x000000000a200000 Y/6     Allocating 
 Small   0x000000000a600000 0x000000000a800000 0x000000000a800000 Y/6     Allocating 
 Small   0x000000000ac00000 0x000000000adfffd8 0x000000000ae00000 Y/6     Allocating 
 Small   0x000000000ae00000 0x000000000affff88 0x000000000b000000 Y/6     Allocating 
 Small   0x000000000b000000 0x000000000b200000 0x000000000b200000 Y/6     Allocating 
 Small   0x000000000b600000 0x000000000b800000 0x000000000b800000 Y/6     Allocating 
 Small   0x000000000b800000 0x000000000ba00000 0x000000000ba00000 Y/6     Allocating 
 Small   0x000000000c000000 0x000000000c200000 0x000000000c200000 Y/6     Allocating 
 Small   0x000000000c400000 0x000000000c5fffd8 0x000000000c600000 Y/6     Allocating 
 Small   0x000000000c600000 0x000000000c7f9730 0x000000000c800000 Y/6     Allocating 
 Small   0x000000000c800000 0x000000000ca00000 0x000000000ca00000 Y/6     Allocating 
 Small   0x000000000ca00000 0x000000000cc00000 0x000000000cc00000 Y/6     Allocating 
 Small   0x000000000ce00000 0x000000000d000000 0x000000000d000000 Y/6     Allocating 
 Small   0x000000000d000000 0x000000000d200000 0x000000000d200000 Y/6     Allocating 
 Small   0x000000000d200000 0x000000000d3fffe8 0x000000000d400000 Y/6     Allocating 
 Small   0x000000000d600000 0x000000000d800000 0x000000000d800000 Y/6     Allocating 
 Small   0x000000000da00000 0x000000000dc00000 0x000000000dc00000 Y/6     Allocating 
 Small   0x000000000dc00000 0x000000000de00000 0x000000000de00000 Y/6     Allocating 
 Small   0x000000000e000000 0x000000000e200000 0x000000000e200000 Y/6     Allocating 
 Small   0x000000000e400000 0x000000000e600000 0x000000000e600000 Y/6     Allocating 
 Small   0x000000000ea00000 0x000000000ec00000 0x000000000ec00000 Y/6     Allocating 
 Small   0x000000000ee00000 0x000000000f000000 0x000000000f000000 Y/6     Allocating 
 Small   0x000000000f000000 0x000000000f200000 0x000000000f200000 Y/6     Allocating 
 Small   0x000000000f600000 0x000000000f7fffe0 0x000000000f800000 Y/6     Allocating 
 Small   0x000000000fc00000 0x000000000fe00000 0x000000000fe00000 Y/6     Allocating 
 Small   0x0000000010000000 0x00000000101ffff0 0x0000000010200000 Y/6     Allocating 
 Small   0x0000000010200000 0x0000000010400000 0x0000000010400000 Y/6     Allocating 
 Small   0x0000000010600000 0x0000000010800000 0x0000000010800000 Y/6     Allocating 
 Small   0x0000000010a00000 0x0000000010c00000 0x0000000010c00000 Y/6     Allocating 
 Small   0x0000000010c00000 0x0000000010c01aa8 0x0000000010e00000 Y/6     Allocating 
 Small   0x0000000011600000 0x0000000011800000 0x0000000011800000 Y/6     Allocating 
 Small   0x0000000011e00000 0x0000000011ff56f0 0x0000000012000000 Y/6     Allocating 
 Small   0x0000000012800000 0x00000000129fffe0 0x0000000012a00000 Y/6     Allocating 
 Small   0x0000000012e00000 0x0000000013000000 0x0000000013000000 Y/6     Allocating 
 Small   0x0000000013000000 0x00000000131fffd0 0x0000000013200000 Y/6     Allocating 
 Small   0x0000000013a00000 0x0000000013c00000 0x0000000013c00000 Y/6     Allocating 
 Small   0x0000000013e00000 0x0000000014000000 0x0000000014000000 Y/6     Allocating 
 Small   0x0000000014600000 0x00000000147fffe0 0x0000000014800000 Y/6     Allocating 
 Small   0x0000000014800000 0x0000000014a00000 0x0000000014a00000 Y/6     Allocating 
 Small   0x0000000015000000 0x00000000151f3e20 0x0000000015200000 Y/6     Allocating 
 Small   0x0000000015200000 0x00000000153fffd0 0x0000000015400000 Y/6     Allocating 
 Small   0x0000000015400000 0x0000000015600000 0x0000000015600000 Y/6     Allocating 
 Small   0x0000000015600000 0x00000000157fff98 0x0000000015800000 Y/6     Allocating 
 Small   0x0000000015800000 0x00000000159ffff0 0x0000000015a00000 Y/6     Allocating 
 Small   0x0000000015a00000 0x0000000015c00000 0x0000000015c00000 Y/6     Allocating 
 Small   0x0000000015c00000 0x0000000015e00000 0x0000000015e00000 Y/6     Allocating 
 Small   0x0000000016000000 0x0000000016200000 0x0000000016200000 Y/6     Allocating 
 Small   0x0000000016200000 0x0000000016400000 0x0000000016400000 Y/6     Allocating 
 Small   0x0000000016800000 0x0000000016a00000 0x0000000016a00000 Y/6     Allocating 
 Small   0x0000000016c00000 0x0000000016e00000 0x0000000016e00000 Y/6     Allocating 
 Small   0x0000000016e00000 0x0000000017000000 0x0000000017000000 Y/6     Allocating 
 Small   0x0000000017e00000 0x0000000018000000 0x0000000018000000 Y/6     Allocating 
 Small   0x0000000018000000 0x0000000018200000 0x0000000018200000 Y/6     Allocating 
 Small   0x0000000018800000 0x0000000018a00000 0x0000000018a00000 Y/6     Allocating 
 Small   0x0000000018a00000 0x0000000018bffff0 0x0000000018c00000 Y/6     Allocating 
 Small   0x0000000019000000 0x0000000019200000 0x0000000019200000 Y/6     Allocating 
 Small   0x0000000019200000 0x0000000019400000 0x0000000019400000 Y/6     Allocating 
 Small   0x0000000019400000 0x00000000195fffe8 0x0000000019600000 Y/6     Allocating 
 Small   0x0000000019600000 0x0000000019800000 0x0000000019800000 Y/6     Allocating 
 Small   0x0000000019800000 0x000000001981b738 0x0000000019a00000 Y/6     Allocating 
 Small   0x0000000019e00000 0x0000000019ffffd8 0x000000001a000000 Y/6     Allocating 
 Small   0x000000001a000000 0x000000001a1ee408 0x000000001a200000 Y/6     Allocating 
 Small   0x000000001a400000 0x000000001a5fffd8 0x000000001a600000 Y/6     Allocating 
 Small   0x000000001a600000 0x000000001a7fffe8 0x000000001a800000 Y/6     Allocating 
 Small   0x000000001b000000 0x000000001b1fd7b8 0x000000001b200000 Y/6     Allocating 
 Small   0x000000001b200000 0x000000001b3a3540 0x000000001b400000 Y/6     Allocating 
 Small   0x000000001b400000 0x000000001b5c70c8 0x000000001b600000 Y/6     Allocating 
 Small   0x000000001b600000 0x000000001b800000 0x000000001b800000 Y/6     Allocating 
 Small   0x000000001b800000 0x000000001b9fffa8 0x000000001ba00000 Y/6     Allocating 
 Small   0x000000001bc00000 0x000000001bdffff8 0x000000001be00000 Y/6     Allocating 
 Small   0x000000001c000000 0x000000001c1fffe0 0x000000001c200000 Y/6     Allocating 
 Small   0x000000001ca00000 0x000000001cc00000 0x000000001cc00000 Y/6     Allocating 
 Small   0x000000001cc00000 0x000000001ce00000 0x000000001ce00000 Y/6     Allocating 
 Small   0x000000001ce00000 0x000000001d000000 0x000000001d000000 Y/6     Allocating 
 Small   0x000000001d200000 0x000000001d400000 0x000000001d400000 Y/6     Allocating 
 Small   0x000000001d400000 0x000000001d5ffff0 0x000000001d600000 Y/6     Allocating 
 Small   0x000000001e000000 0x000000001e1feda8 0x000000001e200000 Y/6     Allocating 
 Small   0x000000001e200000 0x000000001e400000 0x000000001e400000 Y/6     Allocating 
 Small   0x000000001e600000 0x000000001e800000 0x000000001e800000 Y/6     Allocating 
 Small   0x000000001ec00000 0x000000001ec40000 0x000000001ee00000 Y/6     Allocating 
 Small   0x000000001f000000 0x000000001f200000 0x000000001f200000 Y/6     Allocating 
 Small   0x000000001f400000 0x000000001f5fffe8 0x000000001f600000 Y/6     Allocating 
 Small   0x000000001f600000 0x000000001f7ffff8 0x000000001f800000 Y/6     Allocating 
 Small   0x0000000020600000 0x0000000020800000 0x0000000020800000 Y/6     Allocating 
 Small   0x0000000020e00000 0x0000000021000000 0x0000000021000000 Y/6     Allocating 
 Small   0x0000000021400000 0x00000000215fcf38 0x0000000021600000 Y/6     Allocating 
 Small   0x0000000021a00000 0x0000000021bfffe0 0x0000000021c00000 Y/6     Allocating 
 Small   0x0000000021c00000 0x0000000021e00000 0x0000000021e00000 Y/6     Allocating 
 Small   0x0000000022400000 0x00000000225ffff0 0x0000000022600000 Y/6     Allocating 
 Small   0x0000000022800000 0x00000000229fffc0 0x0000000022a00000 Y/6     Allocating 
 Small   0x0000000022a00000 0x0000000022bf09d8 0x0000000022c00000 Y/6     Allocating 
 Small   0x0000000023c00000 0x0000000023e00000 0x0000000023e00000 Y/6     Allocating 
 Small   0x0000000023e00000 0x0000000023ffc4f8 0x0000000024000000 Y/6     Allocating 
 Small   0x0000000024000000 0x0000000024200000 0x0000000024200000 Y/6     Allocating 
 Small   0x0000000024400000 0x00000000245ffff0 0x0000000024600000 Y/6     Allocating 
 Small   0x0000000024600000 0x0000000024800000 0x0000000024800000 Y/6     Allocating 
 Small   0x0000000024800000 0x0000000024a00000 0x0000000024a00000 Y/6     Allocating 
 Small   0x0000000024a00000 0x0000000024c00000 0x0000000024c00000 Y/6     Allocating 
 Small   0x0000000024c00000 0x0000000024e00000 0x0000000024e00000 Y/6     Allocating 
 Small   0x0000000024e00000 0x0000000025000000 0x0000000025000000 Y/6     Allocating 
 Small   0x0000000025000000 0x0000000025200000 0x0000000025200000 Y/6     Allocating 
 Small   0x0000000025200000 0x0000000025400000 0x0000000025400000 Y/6     Allocating 
 Small   0x0000000025400000 0x0000000025600000 0x0000000025600000 Y/6     Allocating 
 Small   0x0000000025a00000 0x0000000025c00000 0x0000000025c00000 Y/6     Allocating 
 Small   0x0000000025e00000 0x0000000025e000c0 0x0000000026000000 Y/6     Allocating 
 Small   0x0000000026200000 0x0000000026400000 0x0000000026400000 Y/6     Allocating 
 Small   0x0000000026400000 0x0000000026600000 0x0000000026600000 Y/6     Allocating 
 Small   0x0000000026800000 0x00000000269f9768 0x0000000026a00000 Y/6     Allocating 
 Small   0x0000000027000000 0x00000000271f8c98 0x0000000027200000 Y/6     Allocating 
 Small   0x0000000027200000 0x00000000273ffff0 0x0000000027400000 Y/6     Allocating 
 Small   0x0000000027400000 0x00000000275eeb38 0x0000000027600000 Y/6     Allocating 
 Small   0x0000000027600000 0x00000000277fdca8 0x0000000027800000 Y/6     Allocating 
 Small   0x0000000027a00000 0x0000000027c00000 0x0000000027c00000 Y/6     Allocating 
 Small   0x0000000028000000 0x0000000028200000 0x0000000028200000 Y/6     Allocating 
 Small   0x0000000028400000 0x0000000028600000 0x0000000028600000 Y/6     Allocating 
 Small   0x0000000028600000 0x00000000287f8e10 0x0000000028800000 Y/6     Allocating 
 Small   0x0000000028800000 0x0000000028a00000 0x0000000028a00000 Y/6     Allocating 
 Small   0x0000000028c00000 0x0000000028dfffd8 0x0000000028e00000 Y/6     Allocating 
 Small   0x0000000029200000 0x0000000029400000 0x0000000029400000 Y/6     Allocating 
 Small   0x0000000029600000 0x00000000297ff968 0x0000000029800000 Y/6     Allocating 
 Small   0x000000002a000000 0x000000002a200000 0x000000002a200000 Y/6     Allocating 
 Small   0x000000002a200000 0x000000002a3fe048 0x000000002a400000 Y/6     Allocating 
 Small   0x000000002ac00000 0x000000002ae00000 0x000000002ae00000 Y/6     Allocating 
 Small   0x000000002bc00000 0x000000002be00000 0x000000002be00000 Y/6     Allocating 
 Small   0x000000002c000000 0x000000002c200000 0x000000002c200000 Y/6     Allocating 
 Small   0x000000002c200000 0x000000002c400000 0x000000002c400000 Y/6     Allocating 
 Small   0x000000002cc00000 0x000000002ce00000 0x000000002ce00000 Y/6     Allocating 
 Small   0x000000002ce00000 0x000000002d000000 0x000000002d000000 Y/6     Allocating 
 Small   0x000000002d400000 0x000000002d400198 0x000000002d600000 Y/6     Allocating 
 Small   0x000000002d600000 0x000000002d7fffd0 0x000000002d800000 Y/6     Allocating 
 Small   0x000000002d800000 0x000000002d9fffe8 0x000000002da00000 Y/6     Allocating 
 Small   0x000000002e400000 0x000000002e600000 0x000000002e600000 Y/6     Allocating 
 Small   0x000000002e800000 0x000000002ea00000 0x000000002ea00000 Y/6     Allocating 
 Small   0x000000002f000000 0x000000002f200000 0x000000002f200000 Y/6     Allocating 
 Small   0x000000002f800000 0x000000002fa00000 0x000000002fa00000 Y/6     Allocating 
 Small   0x000000002fc00000 0x000000002fe00000 0x000000002fe00000 Y/6     Allocating 
 Small   0x000000002fe00000 0x0000000030000000 0x0000000030000000 Y/6     Allocating 
 Small   0x0000000030800000 0x00000000309f4810 0x0000000030a00000 Y/6     Allocating 
 Small   0x0000000030e00000 0x0000000031000000 0x0000000031000000 Y/6     Allocating 
 Small   0x0000000031800000 0x0000000031a00000 0x0000000031a00000 Y/6     Allocating 
 Small   0x0000000032400000 0x00000000325f7ed8 0x0000000032600000 Y/6     Allocating 
 Small   0x0000000032600000 0x0000000032800000 0x0000000032800000 Y/6     Allocating 
 Small   0x0000000032a00000 0x0000000032bffff8 0x0000000032c00000 Y/6     Allocating 
 Small   0x0000000032c00000 0x0000000032e00000 0x0000000032e00000 Y/6     Allocating 
 Small   0x0000000032e00000 0x0000000032ffffe8 0x0000000033000000 Y/6     Allocating 
 Small   0x0000000033000000 0x0000000033200000 0x0000000033200000 Y/6     Allocating 
 Small   0x0000000033200000 0x0000000033400000 0x0000000033400000 Y/6     Allocating 
 Small   0x0000000033400000 0x0000000033600000 0x0000000033600000 Y/6     Allocating 
 Small   0x0000000033600000 0x00000000337fffe0 0x0000000033800000 Y/6     Allocating 
 Small   0x0000000033a00000 0x0000000033bfb268 0x0000000033c00000 Y/6     Allocating 
 Small   0x0000000033e00000 0x0000000034000000 0x0000000034000000 Y/6     Allocating 
 Small   0x0000000034200000 0x0000000034400000 0x0000000034400000 Y/6     Allocating 
 Small   0x0000000034600000 0x0000000034800000 0x0000000034800000 Y/6     Allocating 
 Small   0x0000000034c00000 0x0000000034e00000 0x0000000034e00000 Y/6     Allocating 
 Small   0x0000000034e00000 0x0000000034ff8ee0 0x0000000035000000 Y/6     Allocating 
 Small   0x0000000035000000 0x0000000035200000 0x0000000035200000 Y/6     Allocating 
 Small   0x0000000035200000 0x0000000035400000 0x0000000035400000 Y/6     Allocating 
 Small   0x0000000035600000 0x00000000357fffe0 0x0000000035800000 Y/6     Allocating 
 Small   0x0000000035a00000 0x0000000035c00000 0x0000000035c00000 Y/6     Allocating 
 Small   0x0000000035c00000 0x0000000035dffff0 0x0000000035e00000 Y/6     Allocating 
 Small   0x0000000035e00000 0x0000000035fffff0 0x0000000036000000 Y/6     Allocating 
 Small   0x0000000036600000 0x0000000036800000 0x0000000036800000 Y/6     Allocating 
 Small   0x0000000036e00000 0x0000000036ffff28 0x0000000037000000 Y/6     Allocating 
 Small   0x0000000037000000 0x00000000371fffe8 0x0000000037200000 Y/6     Allocating 
 Small   0x0000000037400000 0x0000000037600000 0x0000000037600000 Y/6     Allocating 
 Small   0x0000000037800000 0x00000000379fffd8 0x0000000037a00000 Y/6     Allocating 
 Small   0x0000000037c00000 0x0000000037e00000 0x0000000037e00000 Y/6     Allocating 
 Small   0x0000000038200000 0x0000000038400000 0x0000000038400000 Y/6     Allocating 
 Small   0x0000000038400000 0x0000000038600000 0x0000000038600000 Y/6     Allocating 
 Small   0x0000000038800000 0x00000000389fe450 0x0000000038a00000 Y/6     Allocating 
 Small   0x0000000038a00000 0x0000000038c00000 0x0000000038c00000 Y/6     Allocating 
 Small   0x0000000038c00000 0x0000000038dfffe8 0x0000000038e00000 Y/6     Allocating 
 Small   0x0000000038e00000 0x0000000039000000 0x0000000039000000 Y/6     Allocating 
 Small   0x0000000039000000 0x0000000039200000 0x0000000039200000 Y/6     Allocating 
 Small   0x0000000039200000 0x0000000039400000 0x0000000039400000 Y/6     Allocating 
 Small   0x0000000039400000 0x0000000039600000 0x0000000039600000 Y/6     Allocating 
 Small   0x0000000039600000 0x00000000397fffa0 0x0000000039800000 Y/6     Allocating 
 Small   0x0000000039800000 0x00000000399f79a8 0x0000000039a00000 Y/6     Allocating 
 Small   0x0000000039c00000 0x0000000039dffff0 0x0000000039e00000 Y/6     Allocating 
 Small   0x000000003a000000 0x000000003a200000 0x000000003a200000 Y/6     Allocating 
 Small   0x000000003a200000 0x000000003a400000 0x000000003a400000 Y/6     Allocating 
 Small   0x000000003a400000 0x000000003a600000 0x000000003a600000 Y/6     Allocating 
 Small   0x000000003a600000 0x000000003a800000 0x000000003a800000 Y/6     Allocating 
 Small   0x000000003ac00000 0x000000003ae00000 0x000000003ae00000 Y/6     Allocating 
 Small   0x000000003b600000 0x000000003b600398 0x000000003b800000 Y/6     Allocating 
 Small   0x000000003bc00000 0x000000003be00000 0x000000003be00000 Y/6     Allocating 
 Small   0x000000003be00000 0x000000003bffe4d0 0x000000003c000000 Y/6     Allocating 
 Small   0x000000003c000000 0x000000003c200000 0x000000003c200000 Y/6     Allocating 
 Small   0x000000003c200000 0x000000003c3ffd00 0x000000003c400000 Y/6     Allocating 
 Small   0x000000003c400000 0x000000003c5f4160 0x000000003c600000 Y/6     Allocating 
 Small   0x000000003c800000 0x000000003ca00000 0x000000003ca00000 Y/6     Allocating 
 Small   0x000000003ce00000 0x000000003d000000 0x000000003d000000 Y/6     Allocating 
 Small   0x000000003d200000 0x000000003d400000 0x000000003d400000 Y/6     Allocating 
 Small   0x000000003d400000 0x000000003d600000 0x000000003d600000 Y/6     Allocating 
 Small   0x000000003da00000 0x000000003dc00000 0x000000003dc00000 Y/6     Allocating 
 Small   0x000000003dc00000 0x000000003de00000 0x000000003de00000 Y/6     Allocating 
 Small   0x000000003e200000 0x000000003e400000 0x000000003e400000 Y/6     Allocating 
 Small   0x000000003e400000 0x000000003e600000 0x000000003e600000 Y/6     Allocating 
 Small   0x000000003ee00000 0x000000003f000000 0x000000003f000000 Y/6     Allocating 
 Small   0x000000003f400000 0x000000003f5fffe0 0x000000003f600000 Y/6     Allocating 
 Small   0x000000003fa00000 0x000000003fbfffd0 0x000000003fc00000 Y/6     Allocating 
 Small   0x000000003fc00000 0x000000003fdf58f0 0x000000003fe00000 Y/6     Allocating 
 Small   0x0000000040600000 0x0000000040800000 0x0000000040800000 Y/6     Allocating 
 Small   0x0000000040800000 0x0000000040a00000 0x0000000040a00000 Y/6     Allocating 
 Small   0x0000000040e00000 0x0000000041000000 0x0000000041000000 Y/6     Allocating 
 Small   0x0000000041400000 0x00000000415fffd8 0x0000000041600000 Y/6     Allocating 
 Small   0x0000000042000000 0x00000000421c5dc8 0x0000000042200000 Y/6     Allocating 
 Small   0x0000000042200000 0x0000000042400000 0x0000000042400000 Y/6     Allocating 
 Small   0x0000000042400000 0x0000000042600000 0x0000000042600000 Y/6     Allocating 
 Small   0x0000000042800000 0x0000000042a00000 0x0000000042a00000 Y/6     Allocating 
 Small   0x0000000042a00000 0x0000000042c00000 0x0000000042c00000 Y/6     Allocating 
 Small   0x0000000042c00000 0x0000000042e00000 0x0000000042e00000 Y/6     Allocating 
 Small   0x0000000043000000 0x00000000431fffb8 0x0000000043200000 Y/6     Allocating 
 Small   0x0000000043400000 0x0000000043600000 0x0000000043600000 Y/6     Allocating 
 Small   0x0000000043800000 0x0000000043a00000 0x0000000043a00000 Y/6     Allocating 
 Small   0x0000000043a00000 0x0000000043bffff8 0x0000000043c00000 Y/6     Allocating 
 Small   0x0000000044000000 0x00000000441fffe8 0x0000000044200000 Y/6     Allocating 
 Small   0x0000000044200000 0x00000000443fffe8 0x0000000044400000 Y/6     Allocating 
 Small   0x0000000044800000 0x0000000044a00000 0x0000000044a00000 Y/6     Allocating 
 Small   0x0000000044a00000 0x0000000044c00000 0x0000000044c00000 Y/6     Allocating 
 Small   0x0000000045200000 0x0000000045400000 0x0000000045400000 Y/6     Allocating 
 Small   0x0000000045400000 0x0000000045600000 0x0000000045600000 Y/6     Allocating 
 Small   0x0000000045c00000 0x0000000045e00000 0x0000000045e00000 Y/6     Allocating 
 Small   0x0000000045e00000 0x0000000045ffffa8 0x0000000046000000 Y/6     Allocating 
 Small   0x0000000046000000 0x00000000461ffff0 0x0000000046200000 Y/6     Allocating 
 Small   0x0000000046e00000 0x0000000046ff8b08 0x0000000047000000 Y/6     Allocating 
 Small   0x0000000047800000 0x0000000047a00000 0x0000000047a00000 Y/6     Allocating 
 Small   0x0000000047a00000 0x0000000047c00000 0x0000000047c00000 Y/6     Allocating 
 Small   0x0000000048c00000 0x0000000048e00000 0x0000000048e00000 Y/6     Allocating 
 Small   0x0000000048e00000 0x0000000048fffff8 0x0000000049000000 Y/6     Allocating 
 Small   0x0000000049000000 0x0000000049200000 0x0000000049200000 Y/6     Allocating 
 Small   0x000000004a400000 0x000000004a5ffff8 0x000000004a600000 Y/6     Allocating 
 Small   0x000000004a600000 0x000000004a7fd2f0 0x000000004a800000 Y/6     Allocating 
 Small   0x000000004a800000 0x000000004aa00000 0x000000004aa00000 Y/6     Allocating 
 Small   0x000000004aa00000 0x000000004ac00000 0x000000004ac00000 Y/6     Allocating 
 Small   0x000000004b200000 0x000000004b400000 0x000000004b400000 Y/6     Allocating 
 Small   0x000000004b600000 0x000000004b800000 0x000000004b800000 Y/6     Allocating 
 Small   0x000000004b800000 0x000000004ba00000 0x000000004ba00000 Y/6     Allocating 
 Small   0x000000004bc00000 0x000000004be00000 0x000000004be00000 Y/6     Allocating 
 Small   0x000000004be00000 0x000000004c000000 0x000000004c000000 Y/6     Allocating 
 Small   0x000000004c400000 0x000000004c5fa898 0x000000004c600000 Y/6     Allocating 
 Small   0x000000004d000000 0x000000004d017308 0x000000004d200000 Y/6     Allocating 
 Small   0x000000004d400000 0x000000004d600000 0x000000004d600000 Y/6     Allocating 
 Small   0x000000004d800000 0x000000004da00000 0x000000004da00000 Y/6     Allocating 
 Small   0x000000004dc00000 0x000000004ddffff0 0x000000004de00000 Y/6     Allocating 
 Small   0x000000004e000000 0x000000004e200000 0x000000004e200000 Y/6     Allocating 
 Small   0x000000004e600000 0x000000004e7fbac0 0x000000004e800000 Y/6     Allocating 
 Small   0x000000004f000000 0x000000004f200000 0x000000004f200000 Y/6     Allocating 
 Small   0x000000004f800000 0x000000004f9fffe8 0x000000004fa00000 Y/6     Allocating 
 Small   0x0000000050400000 0x0000000050600000 0x0000000050600000 Y/6     Allocating 
 Small   0x0000000050c00000 0x0000000050df2618 0x0000000050e00000 Y/6     Allocating 
 Small   0x0000000050e00000 0x0000000051000000 0x0000000051000000 Y/6     Allocating 
 Small   0x0000000051000000 0x0000000051200000 0x0000000051200000 Y/6     Allocating 
 Small   0x0000000051200000 0x0000000051400000 0x0000000051400000 Y/6     Allocating 
 Small   0x0000000051400000 0x0000000051600000 0x0000000051600000 Y/6     Allocating 
 Small   0x0000000051e00000 0x0000000052000000 0x0000000052000000 Y/6     Allocating 
 Small   0x0000000052000000 0x0000000052200000 0x0000000052200000 Y/6     Allocating 
 Small   0x0000000052200000 0x0000000052400000 0x0000000052400000 Y/6     Allocating 
 Small   0x0000000052600000 0x0000000052800000 0x0000000052800000 Y/6     Allocating 
 Small   0x0000000052800000 0x0000000052a00000 0x0000000052a00000 Y/6     Allocating 
 Small   0x0000000052a00000 0x0000000052c00000 0x0000000052c00000 Y/6     Allocating 
 Small   0x0000000052c00000 0x0000000052e00000 0x0000000052e00000 Y/6     Allocating 
 Small   0x0000000052e00000 0x0000000053000000 0x0000000053000000 Y/6     Allocating 
 Small   0x0000000053400000 0x00000000535e7568 0x0000000053600000 Y/6     Allocating 
 Small   0x0000000053800000 0x0000000053a00000 0x0000000053a00000 Y/6     Allocating 
 Small   0x0000000053e00000 0x0000000054000000 0x0000000054000000 Y/6     Allocating 
 Small   0x0000000054200000 0x00000000543ffff8 0x0000000054400000 Y/6     Allocating 
 Small   0x0000000054400000 0x0000000054600000 0x0000000054600000 Y/6     Allocating 
 Small   0x0000000054600000 0x0000000054800000 0x0000000054800000 Y/6     Allocating 
 Small   0x0000000054800000 0x0000000054a00000 0x0000000054a00000 Y/6     Allocating 
 Small   0x0000000055000000 0x00000000551fffd0 0x0000000055200000 Y/6     Allocating 
 Small   0x0000000055400000 0x0000000055600000 0x0000000055600000 Y/6     Allocating 
 Small   0x0000000055600000 0x0000000055800000 0x0000000055800000 Y/6     Allocating 
 Small   0x0000000055a00000 0x0000000055c00000 0x0000000055c00000 Y/6     Allocating 
 Small   0x0000000056400000 0x0000000056600000 0x0000000056600000 Y/6     Allocating 
 Small   0x0000000056c00000 0x0000000056dfffd0 0x0000000056e00000 Y/6     Allocating 
 Small   0x0000000057000000 0x0000000057200000 0x0000000057200000 Y/6     Allocating 
 Small   0x0000000057200000 0x0000000057400000 0x0000000057400000 Y/6     Allocating 
 Small   0x0000000058200000 0x00000000583fff78 0x0000000058400000 Y/6     Allocating 
 Small   0x0000000058400000 0x0000000058600000 0x0000000058600000 Y/6     Allocating 
 Small   0x0000000058600000 0x0000000058800000 0x0000000058800000 Y/6     Allocating 
 Small   0x0000000058c00000 0x0000000058e00000 0x0000000058e00000 Y/6     Allocating 
 Small   0x0000000058e00000 0x0000000058ffffe8 0x0000000059000000 Y/6     Allocating 
 Small   0x0000000059600000 0x0000000059800000 0x0000000059800000 Y/6     Allocating 
 Small   0x0000000059800000 0x0000000059a00000 0x0000000059a00000 Y/6     Allocating 
 Small   0x0000000059c00000 0x0000000059e00000 0x0000000059e00000 Y/6     Allocating 
 Small   0x000000005a000000 0x000000005a1f4980 0x000000005a200000 Y/6     Allocating 
 Small   0x000000005a400000 0x000000005a5ffff0 0x000000005a600000 Y/6     Allocating 
 Small   0x000000005a800000 0x000000005aa00000 0x000000005aa00000 Y/6     Allocating 
 Small   0x000000005aa00000 0x000000005ac00000 0x000000005ac00000 Y/6     Allocating 
 Small   0x000000005b000000 0x000000005b200000 0x000000005b200000 Y/6     Allocating 
 Small   0x000000005b600000 0x000000005b800000 0x000000005b800000 Y/6     Allocating 
 Small   0x000000005b800000 0x000000005ba00000 0x000000005ba00000 Y/6     Allocating 
 Small   0x000000005c200000 0x000000005c400000 0x000000005c400000 Y/6     Allocating 
 Small   0x000000005c800000 0x000000005ca00000 0x000000005ca00000 Y/6     Allocating 
 Small   0x000000005ca00000 0x000000005cc00000 0x000000005cc00000 Y/6     Allocating 
 Small   0x000000005ce00000 0x000000005cffaa70 0x000000005d000000 Y/6     Allocating 
 Small   0x000000005d200000 0x000000005d400000 0x000000005d400000 Y/6     Allocating 
 Small   0x000000005d400000 0x000000005d600000 0x000000005d600000 Y/6     Allocating 
 Small   0x000000005d800000 0x000000005d9ffff8 0x000000005da00000 Y/6     Allocating 
 Small   0x000000005da00000 0x000000005dbf6758 0x000000005dc00000 Y/6     Allocating 
 Small   0x000000005de00000 0x000000005e000000 0x000000005e000000 Y/6     Allocating 
 Small   0x000000005e000000 0x000000005e200000 0x000000005e200000 Y/6     Allocating 
 Small   0x000000005e400000 0x000000005e5fff98 0x000000005e600000 Y/6     Allocating 
 Small   0x000000005e800000 0x000000005ea00000 0x000000005ea00000 Y/6     Allocating 
 Small   0x000000005ea00000 0x000000005ec00000 0x000000005ec00000 Y/6     Allocating 
 Small   0x000000005f000000 0x000000005f200000 0x000000005f200000 Y/6     Allocating 
 Small   0x000000005f200000 0x000000005f400000 0x000000005f400000 Y/6     Allocating 
 Small   0x000000005f400000 0x000000005f600000 0x000000005f600000 Y/6     Allocating 
 Small   0x000000005f800000 0x000000005f9ffff0 0x000000005fa00000 Y/6     Allocating 
 Small   0x0000000060200000 0x0000000060400000 0x0000000060400000 Y/6     Allocating 
 Small   0x0000000060800000 0x00000000609fffe0 0x0000000060a00000 Y/6     Allocating 
 Small   0x0000000061000000 0x00000000611fb0b0 0x0000000061200000 Y/6     Allocating 
 Small   0x0000000061a00000 0x0000000061bfffd0 0x0000000061c00000 Y/6     Allocating 
 Small   0x0000000062a00000 0x0000000062c00000 0x0000000062c00000 Y/6     Allocating 
 Small   0x0000000062e00000 0x0000000063000000 0x0000000063000000 Y/6     Allocating 
 Small   0x0000000063200000 0x0000000063400000 0x0000000063400000 Y/6     Allocating 
 Small   0x0000000063600000 0x0000000063800000 0x0000000063800000 Y/6     Allocating 
 Small   0x0000000063c00000 0x0000000063e00000 0x0000000063e00000 Y/6     Allocating 
 Small   0x0000000063e00000 0x0000000063ffffd8 0x0000000064000000 Y/6     Allocating 
 Small   0x0000000064000000 0x0000000064200000 0x0000000064200000 Y/6     Allocating 
 Small   0x0000000064600000 0x00000000646001b0 0x0000000064800000 Y/6     Allocating 
 Small   0x0000000064e00000 0x0000000065000000 0x0000000065000000 Y/6     Allocating 
 Small   0x0000000065000000 0x0000000065200000 0x0000000065200000 Y/6     Allocating 
 Small   0x0000000065a00000 0x0000000065c00000 0x0000000065c00000 Y/6     Allocating 
 Small   0x0000000065e00000 0x0000000066000000 0x0000000066000000 Y/6     Allocating 
 Small   0x0000000066000000 0x0000000066113490 0x0000000066200000 Y/6     Allocating 
 Small   0x0000000066200000 0x0000000066400000 0x0000000066400000 Y/6     Allocating 
 Small   0x0000000066800000 0x0000000066a00000 0x0000000066a00000 Y/6     Allocating 
 Small   0x0000000066a00000 0x0000000066c00000 0x0000000066c00000 Y/6     Allocating 
 Small   0x0000000067000000 0x0000000067200000 0x0000000067200000 Y/6     Allocating 
 Small   0x0000000067200000 0x0000000067400000 0x0000000067400000 Y/6     Allocating 
 Small   0x0000000067400000 0x0000000067600000 0x0000000067600000 Y/6     Allocating 
 Small   0x0000000067600000 0x0000000067800000 0x0000000067800000 Y/6     Allocating 
 Small   0x0000000067800000 0x0000000067a00000 0x0000000067a00000 Y/6     Allocating 
 Small   0x0000000067e00000 0x0000000068000000 0x0000000068000000 Y/6     Allocating 
 Small   0x0000000068e00000 0x0000000069000000 0x0000000069000000 Y/6     Allocating 
 Small   0x0000000069a00000 0x0000000069bffff8 0x0000000069c00000 Y/6     Allocating 
 Small   0x0000000069c00000 0x0000000069e00000 0x0000000069e00000 Y/6     Allocating 
 Small   0x0000000069e00000 0x000000006a000000 0x000000006a000000 Y/6     Allocating 
 Small   0x000000006a600000 0x000000006a800000 0x000000006a800000 Y/6     Allocating 
 Small   0x000000006ac00000 0x000000006ae00000 0x000000006ae00000 Y/6     Allocating 
 Small   0x000000006ba00000 0x000000006bc00000 0x000000006bc00000 Y/6     Allocating 
 Small   0x000000006c600000 0x000000006c800000 0x000000006c800000 Y/6     Allocating 
 Small   0x000000006ca00000 0x000000006cc00000 0x000000006cc00000 Y/6     Allocating 
 Small   0x000000006dc00000 0x000000006ddffff0 0x000000006de00000 Y/6     Allocating 
 Small   0x000000006e200000 0x000000006e400000 0x000000006e400000 Y/6     Allocating 
 Small   0x000000006e400000 0x000000006e600000 0x000000006e600000 Y/6     Allocating 
 Small   0x000000006e600000 0x000000006e800000 0x000000006e800000 Y/6     Allocating 
 Small   0x000000006e800000 0x000000006ea00000 0x000000006ea00000 Y/6     Allocating 
 Small   0x000000006ec00000 0x000000006ee00000 0x000000006ee00000 Y/6     Allocating 
 Small   0x000000006f000000 0x000000006f200000 0x000000006f200000 Y/6     Allocating 
 Small   0x000000006fa00000 0x000000006fc00000 0x000000006fc00000 Y/6     Allocating 
 Small   0x0000000070600000 0x0000000070800000 0x0000000070800000 Y/6     Allocating 
 Small   0x0000000070800000 0x0000000070a00000 0x0000000070a00000 Y/6     Allocating 
 Small   0x0000000072400000 0x0000000072600000 0x0000000072600000 Y/6     Allocating 
 Small   0x0000000072800000 0x0000000072a00000 0x0000000072a00000 Y/6     Allocating 
 Small   0x0000000073000000 0x0000000073200000 0x0000000073200000 Y/6     Allocating 
 Small   0x0000000073200000 0x0000000073400000 0x0000000073400000 Y/6     Allocating 
 Small   0x0000000073400000 0x0000000073600000 0x0000000073600000 Y/6     Allocating 
 Small   0x0000000073600000 0x0000000073800000 0x0000000073800000 Y/6     Allocating 
 Small   0x0000000073800000 0x0000000073a00000 0x0000000073a00000 Y/6     Allocating 
 Small   0x0000000073a00000 0x0000000073c00000 0x0000000073c00000 Y/6     Allocating 
 Small   0x0000000073c00000 0x0000000073e00000 0x0000000073e00000 Y/6     Allocating 
 Small   0x0000000073e00000 0x0000000074000000 0x0000000074000000 Y/6     Allocating 
 Small   0x0000000074000000 0x0000000074200000 0x0000000074200000 Y/6     Allocating 
 Small   0x0000000074200000 0x0000000074400000 0x0000000074400000 Y/6     Allocating 
 Small   0x0000000083c00000 0x0000000083e00000 0x0000000083e00000 Y/6     Allocating 
 Small   0x0000000085000000 0x00000000851ffdd8 0x0000000085200000 Y/6     Allocating 
 Small   0x0000000085400000 0x00000000854001e8 0x0000000085600000 Y/6     Allocating 
 Small   0x0000000085600000 0x0000000085600660 0x0000000085800000 Y/6     Allocating 
 Small   0x0000000085800000 0x0000000085800120 0x0000000085a00000 Y/6     Allocating 
 Small   0x0000000085a00000 0x0000000085c00000 0x0000000085c00000 Y/6     Allocating 
 Small   0x0000000086000000 0x0000000086200000 0x0000000086200000 Y/6     Allocating 
 Small   0x0000000086200000 0x0000000086400000 0x0000000086400000 Y/6     Allocating 
 Small   0x0000000086400000 0x0000000086600000 0x0000000086600000 Y/6     Allocating 
 Small   0x0000000086c00000 0x0000000086e00000 0x0000000086e00000 Y/6     Allocating 
 Small   0x0000000086e00000 0x0000000086e00228 0x0000000087000000 Y/6     Allocating 
 Small   0x0000000087200000 0x0000000087400000 0x0000000087400000 Y/6     Allocating 
 Small   0x0000000087800000 0x0000000087a00000 0x0000000087a00000 Y/6     Allocating 
 Small   0x0000000087a00000 0x0000000087c00000 0x0000000087c00000 Y/6     Allocating 
 Small   0x0000000088000000 0x0000000088200000 0x0000000088200000 Y/6     Allocating 
 Small   0x0000000088200000 0x0000000088400000 0x0000000088400000 Y/6     Allocating 
 Small   0x0000000088400000 0x0000000088600000 0x0000000088600000 Y/6     Allocating 
 Small   0x0000000088600000 0x0000000088800000 0x0000000088800000 Y/6     Allocating 
 Small   0x0000000088800000 0x0000000088a00000 0x0000000088a00000 Y/6     Allocating 
 Small   0x0000000088a00000 0x0000000088c00000 0x0000000088c00000 Y/6     Allocating 
 Small   0x0000000088e00000 0x0000000088ef68a8 0x0000000089000000 Y/6     Allocating 
 Small   0x0000000089000000 0x0000000089200000 0x0000000089200000 Y/6     Allocating 
 Small   0x0000000089200000 0x0000000089400000 0x0000000089400000 Y/6     Allocating 
 Small   0x0000000089600000 0x0000000089700000 0x0000000089800000 Y/6     Allocating 
 Small   0x0000000089800000 0x0000000089a00000 0x0000000089a00000 Y/6     Allocating 
 Small   0x0000000089a00000 0x0000000089c00000 0x0000000089c00000 Y/6     Allocating 
 Small   0x0000000089c00000 0x0000000089e00000 0x0000000089e00000 Y/6     Allocating 
 Small   0x000000008a400000 0x000000008a600000 0x000000008a600000 Y/6     Allocating 
 Small   0x000000008a600000 0x000000008a800000 0x000000008a800000 Y/6     Allocating 
 Small   0x000000008ac00000 0x000000008adf8428 0x000000008ae00000 Y/6     Allocating 
 Small   0x000000008ae00000 0x000000008b000000 0x000000008b000000 Y/6     Allocating 
 Small   0x000000008b000000 0x000000008b200000 0x000000008b200000 Y/6     Allocating 
 Small   0x000000008be00000 0x000000008c000000 0x000000008c000000 Y/6     Allocating 
 Small   0x000000008c400000 0x000000008c400828 0x000000008c600000 Y/6     Allocating 
 Small   0x000000008ce00000 0x000000008d000000 0x000000008d000000 Y/6     Allocating 
 Small   0x000000008d200000 0x000000008d232760 0x000000008d400000 Y/6     Allocating 
 Small   0x000000008d800000 0x000000008d8004b0 0x000000008da00000 Y/6     Allocating 
 Small   0x000000008dc00000 0x000000008de00000 0x000000008de00000 Y/6     Allocating 
 Small   0x000000008de00000 0x000000008e000000 0x000000008e000000 Y/6     Allocating 
 Small   0x000000008e000000 0x000000008e200000 0x000000008e200000 Y/6     Allocating 
 Small   0x000000008ec00000 0x000000008ee00000 0x000000008ee00000 Y/6     Allocating 
 Small   0x000000008ee00000 0x000000008f000000 0x000000008f000000 Y/6     Allocating 
 Small   0x000000008f200000 0x000000008f400000 0x000000008f400000 Y/6     Allocating 
 Small   0x000000008f400000 0x000000008f600000 0x000000008f600000 Y/6     Allocating 
 Small   0x000000008fa00000 0x000000008fa003b8 0x000000008fc00000 Y/6     Allocating 
 Small   0x000000008fc00000 0x000000008fcd6ad8 0x000000008fe00000 Y/6     Allocating 
 Small   0x0000000090200000 0x000000009020fc88 0x0000000090400000 Y/6     Allocating 
 Small   0x0000000090600000 0x0000000090600500 0x0000000090800000 Y/6     Allocating 
 Small   0x0000000090a00000 0x0000000090c00000 0x0000000090c00000 Y/6     Allocating 
 Small   0x0000000090c00000 0x0000000090df0bb8 0x0000000090e00000 Y/6     Allocating 
 Small   0x0000000091800000 0x00000000918000b8 0x0000000091a00000 Y/6     Allocating 
 Small   0x0000000093600000 0x0000000093800000 0x0000000093800000 Y/6     Allocating 
 Small   0x0000000093c00000 0x0000000093e00000 0x0000000093e00000 Y/6     Allocating 
 Small   0x0000000093e00000 0x0000000094000000 0x0000000094000000 Y/6     Allocating 
 Small   0x0000000094200000 0x0000000094400000 0x0000000094400000 Y/6     Allocating 
 Small   0x0000000094400000 0x0000000094600000 0x0000000094600000 Y/6     Allocating 
 Small   0x0000000094600000 0x0000000094800000 0x0000000094800000 Y/6     Allocating 
 Small   0x0000000094800000 0x0000000094a00000 0x0000000094a00000 Y/6     Allocating 
 Small   0x0000000094a00000 0x0000000094c00000 0x0000000094c00000 Y/6     Allocating 
 Small   0x0000000094c00000 0x0000000094dfffe0 0x0000000094e00000 Y/6     Allocating 
 Small   0x0000000095200000 0x0000000095380000 0x0000000095400000 Y/6     Allocating 
 Small   0x0000000095e00000 0x0000000096000000 0x0000000096000000 Y/6     Allocating 
 Small   0x0000000096600000 0x00000000967ffff0 0x0000000096800000 Y/6     Allocating 
 Small   0x0000000097000000 0x0000000097200000 0x0000000097200000 Y/6     Allocating 
 Small   0x0000000097600000 0x0000000097800000 0x0000000097800000 Y/6     Allocating 
 Small   0x0000000097c00000 0x0000000097e00000 0x0000000097e00000 Y/6     Allocating 
 Small   0x0000000098400000 0x00000000984002d0 0x0000000098600000 Y/6     Allocating 
 Small   0x0000000098600000 0x0000000098600178 0x0000000098800000 Y/6     Allocating 
 Small   0x0000000098a00000 0x0000000098a00ec0 0x0000000098c00000 Y/6     Allocating 
 Small   0x0000000098e00000 0x0000000098e001c0 0x0000000099000000 Y/6     Allocating 
 Small   0x0000000099200000 0x0000000099400000 0x0000000099400000 Y/6     Allocating 
 Small   0x0000000099600000 0x0000000099680000 0x0000000099800000 Y/6     Allocating 
 Small   0x0000000099800000 0x0000000099a00000 0x0000000099a00000 Y/6     Allocating 
 Small   0x0000000099e00000 0x000000009a000000 0x000000009a000000 Y/6     Allocating 
 Small   0x000000009a000000 0x000000009a200000 0x000000009a200000 Y/6     Allocating 
 Small   0x000000009a200000 0x000000009a400000 0x000000009a400000 Y/6     Allocating 
 Small   0x000000009ac00000 0x000000009ae00000 0x000000009ae00000 Y/6     Allocating 
 Small   0x000000009b000000 0x000000009b0000b0 0x000000009b200000 Y/6     Allocating 
 Small   0x000000009b200000 0x000000009b400000 0x000000009b400000 Y/6     Allocating 
 Small   0x000000009b400000 0x000000009b600000 0x000000009b600000 Y/6     Allocating 
 Small   0x000000009b600000 0x000000009b7fffe0 0x000000009b800000 Y/6     Allocating 
 Small   0x000000009b800000 0x000000009ba00000 0x000000009ba00000 Y/6     Allocating 
 Small   0x000000009ba00000 0x000000009bc00000 0x000000009bc00000 Y/6     Allocating 
 Small   0x000000009be00000 0x000000009c000000 0x000000009c000000 Y/6     Allocating 
 Small   0x000000009c800000 0x000000009c8000b8 0x000000009ca00000 Y/6     Allocating 
 Small   0x000000009f200000 0x000000009f400000 0x000000009f400000 Y/6     Allocating 
 Small   0x000000009f600000 0x000000009f800000 0x000000009f800000 Y/6     Allocating 
 Small   0x000000009f800000 0x000000009fa00000 0x000000009fa00000 Y/6     Allocating 
 Small   0x000000009fe00000 0x00000000a0000000 0x00000000a0000000 Y/6     Allocating 
 Small   0x00000000a0000000 0x00000000a0200000 0x00000000a0200000 Y/6     Allocating 
 Small   0x00000000a0200000 0x00000000a0400000 0x00000000a0400000 Y/6     Allocating 
 Small   0x00000000a0400000 0x00000000a0600000 0x00000000a0600000 Y/6     Allocating 
 Small   0x00000000a0600000 0x00000000a0800000 0x00000000a0800000 Y/6     Allocating 
 Small   0x00000000a0800000 0x00000000a0a00000 0x00000000a0a00000 Y/6     Allocating 
 Small   0x00000000a0a00000 0x00000000a0c00000 0x00000000a0c00000 Y/6     Allocating 
 Small   0x00000000a0c00000 0x00000000a0e00000 0x00000000a0e00000 Y/6     Allocating 
 Small   0x00000000a0e00000 0x00000000a1000000 0x00000000a1000000 Y/6     Allocating 
 Small   0x00000000a1200000 0x00000000a13ffff0 0x00000000a1400000 Y/6     Allocating 
 Small   0x00000000a1400000 0x00000000a1600000 0x00000000a1600000 Y/6     Allocating 
 Small   0x00000000a1e00000 0x00000000a2000000 0x00000000a2000000 Y/6     Allocating 
 Small   0x00000000a2000000 0x00000000a20000b8 0x00000000a2200000 Y/6     Allocating 
 Small   0x00000000a2600000 0x00000000a2800000 0x00000000a2800000 Y/6     Allocating 
 Small   0x00000000a2800000 0x00000000a2a00000 0x00000000a2a00000 Y/6     Allocating 
 Small   0x00000000a2a00000 0x00000000a2c00000 0x00000000a2c00000 Y/6     Allocating 
 Small   0x00000000a2c00000 0x00000000a2c844e8 0x00000000a2e00000 Y/6     Allocating 
 Small   0x00000000a2e00000 0x00000000a3000000 0x00000000a3000000 Y/6     Allocating 
 Small   0x00000000a3000000 0x00000000a3200000 0x00000000a3200000 Y/6     Allocating 
 Small   0x00000000a3200000 0x00000000a3400000 0x00000000a3400000 Y/6     Allocating 
 Small   0x00000000a3400000 0x00000000a3475af0 0x00000000a3600000 Y/6     Allocating 
 Small   0x00000000a3600000 0x00000000a3800000 0x00000000a3800000 Y/6     Allocating 
 Small   0x00000000a3800000 0x00000000a3a00000 0x00000000a3a00000 Y/6     Allocating 
 Small   0x00000000a3a00000 0x00000000a3c00000 0x00000000a3c00000 Y/6     Allocating 
 Small   0x00000000a3c00000 0x00000000a3e00000 0x00000000a3e00000 Y/6     Allocating 
 Small   0x00000000a3e00000 0x00000000a3eaa750 0x00000000a4000000 Y/6     Allocating 
 Small   0x00000000a4000000 0x00000000a4200000 0x00000000a4200000 Y/6     Allocating 
 Small   0x00000000a4200000 0x00000000a4400000 0x00000000a4400000 Y/6     Allocating 
 Small   0x00000000a4400000 0x00000000a4600000 0x00000000a4600000 Y/6     Allocating 
 Small   0x00000000a4600000 0x00000000a4800000 0x00000000a4800000 Y/6     Allocating 
 Small   0x00000000a4a00000 0x00000000a4c00000 0x00000000a4c00000 Y/6     Allocating 
 Small   0x00000000a4c00000 0x00000000a4dfffe0 0x00000000a4e00000 Y/6     Allocating 
 Small   0x00000000a4e00000 0x00000000a5000000 0x00000000a5000000 Y/6     Allocating 
 Small   0x00000000a5200000 0x00000000a5400000 0x00000000a5400000 Y/6     Allocating 
 Small   0x00000000a5400000 0x00000000a5600000 0x00000000a5600000 Y/6     Allocating 
 Small   0x00000000a5600000 0x00000000a5800000 0x00000000a5800000 Y/6     Allocating 
 Small   0x00000000a5800000 0x00000000a5a00000 0x00000000a5a00000 Y/6     Allocating 
 Small   0x00000000a5a00000 0x00000000a5c00000 0x00000000a5c00000 Y/6     Allocating 
 Small   0x00000000a5c00000 0x00000000a5e00000 0x00000000a5e00000 Y/6     Allocating 
 Small   0x00000000a5e00000 0x00000000a6000000 0x00000000a6000000 Y/6     Allocating 
 Small   0x00000000a6000000 0x00000000a6200000 0x00000000a6200000 Y/6     Allocating 
 Small   0x00000000a6200000 0x00000000a6400000 0x00000000a6400000 Y/6     Allocating 
 Small   0x00000000a6400000 0x00000000a6600000 0x00000000a6600000 Y/6     Allocating 
 Small   0x00000000a6600000 0x00000000a6800000 0x00000000a6800000 Y/6     Allocating 
 Small   0x00000000a6800000 0x00000000a68026a0 0x00000000a6a00000 Y/6     Allocating 
 Small   0x00000000a6a00000 0x00000000a6c00000 0x00000000a6c00000 Y/6     Allocating 
 Small   0x00000000a6c00000 0x00000000a6e00000 0x00000000a6e00000 Y/6     Allocating 
 Small   0x00000000a7000000 0x00000000a71ffff8 0x00000000a7200000 Y/6     Allocating 
 Small   0x00000000a7200000 0x00000000a7400000 0x00000000a7400000 Y/6     Allocating 
 Small   0x00000000a7400000 0x00000000a7600000 0x00000000a7600000 Y/6     Allocating 
 Small   0x00000000a7600000 0x00000000a7800000 0x00000000a7800000 Y/6     Allocating 
 Small   0x00000000a7a00000 0x00000000a7c00000 0x00000000a7c00000 Y/6     Allocating 
 Small   0x00000000a7c00000 0x00000000a7e00000 0x00000000a7e00000 Y/6     Allocating 
 Small   0x00000000a8000000 0x00000000a8200000 0x00000000a8200000 Y/6     Allocating 
 Small   0x00000000a8200000 0x00000000a8400000 0x00000000a8400000 Y/6     Allocating 
 Small   0x00000000a8400000 0x00000000a8600000 0x00000000a8600000 Y/6     Allocating 
 Small   0x00000000a8a00000 0x00000000a8c00000 0x00000000a8c00000 Y/6     Allocating 
 Small   0x00000000a8c00000 0x00000000a8d80000 0x00000000a8e00000 Y/6     Allocating 
 Small   0x00000000a9000000 0x00000000a9200000 0x00000000a9200000 Y/6     Allocating 
 Small   0x00000000a9200000 0x00000000a9400000 0x00000000a9400000 Y/6     Allocating 
 Small   0x00000000a9400000 0x00000000a9600000 0x00000000a9600000 Y/6     Allocating 
 Small   0x00000000a9600000 0x00000000a9800000 0x00000000a9800000 Y/6     Allocating 
 Small   0x00000000a9800000 0x00000000a9a00000 0x00000000a9a00000 Y/6     Allocating 
 Small   0x00000000a9a00000 0x00000000a9c00000 0x00000000a9c00000 Y/6     Allocating 
 Small   0x00000000a9e00000 0x00000000a9f16078 0x00000000aa000000 Y/6     Allocating 
 Small   0x00000000aa000000 0x00000000aa200000 0x00000000aa200000 Y/6     Allocating 
 Small   0x00000000aa200000 0x00000000aa200140 0x00000000aa400000 Y/6     Allocating 
 Small   0x00000000aa600000 0x00000000aa7ffff8 0x00000000aa800000 Y/6     Allocating 
 Small   0x00000000aa800000 0x00000000aaa00000 0x00000000aaa00000 Y/6     Allocating 
 Small   0x00000000aae00000 0x00000000ab000000 0x00000000ab000000 Y/6     Allocating 
 Small   0x00000000ab000000 0x00000000ab200000 0x00000000ab200000 Y/6     Allocating 
 Small   0x00000000ab200000 0x00000000ab400000 0x00000000ab400000 Y/6     Allocating 
 Small   0x00000000ab400000 0x00000000ab600000 0x00000000ab600000 Y/6     Allocating 
 Small   0x00000000ab600000 0x00000000ab800000 0x00000000ab800000 Y/6     Allocating 
 Small   0x00000000ab800000 0x00000000aba00000 0x00000000aba00000 Y/6     Allocating 
 Small   0x00000000abc00000 0x00000000abe00000 0x00000000abe00000 Y/6     Allocating 
 Small   0x00000000abe00000 0x00000000ac000000 0x00000000ac000000 Y/6     Allocating 
 Small   0x00000000ac000000 0x00000000ac200000 0x00000000ac200000 Y/6     Allocating 
 Small   0x00000000ac200000 0x00000000ac400000 0x00000000ac400000 Y/6     Allocating 
 Small   0x00000000ac400000 0x00000000ac600000 0x00000000ac600000 Y/6     Allocating 
 Small   0x00000000ac600000 0x00000000ac800000 0x00000000ac800000 Y/6     Allocating 
 Small   0x00000000aca00000 0x00000000acc00000 0x00000000acc00000 Y/6     Allocating 
 Small   0x00000000acc00000 0x00000000ace00000 0x00000000ace00000 Y/6     Allocating 
 Small   0x00000000ace00000 0x00000000ad000000 0x00000000ad000000 Y/6     Allocating 
 Small   0x00000000ad200000 0x00000000ad400000 0x00000000ad400000 Y/6     Allocating 
 Small   0x00000000ad400000 0x00000000ad600000 0x00000000ad600000 Y/6     Allocating 
 Small   0x00000000ad800000 0x00000000ada00000 0x00000000ada00000 Y/6     Allocating 
 Small   0x00000000ada00000 0x00000000adc00000 0x00000000adc00000 Y/6     Allocating 
 Small   0x00000000ade00000 0x00000000ae000000 0x00000000ae000000 Y/6     Allocating 
 Small   0x00000000ae000000 0x00000000ae200000 0x00000000ae200000 Y/6     Allocating 
 Small   0x00000000ae400000 0x00000000ae600000 0x00000000ae600000 Y/6     Allocating 
 Small   0x00000000ae600000 0x00000000ae800000 0x00000000ae800000 Y/6     Allocating 
 Small   0x00000000aec00000 0x00000000aedec9c0 0x00000000aee00000 Y/6     Allocating 
 Small   0x00000000aee00000 0x00000000af000000 0x00000000af000000 Y/6     Allocating 
 Small   0x00000000af000000 0x00000000af200000 0x00000000af200000 Y/6     Allocating 
 Small   0x00000000af200000 0x00000000af400000 0x00000000af400000 Y/6     Allocating 
 Small   0x00000000af400000 0x00000000af600000 0x00000000af600000 Y/6     Allocating 
 Small   0x00000000af600000 0x00000000af800000 0x00000000af800000 Y/6     Allocating 
 Small   0x00000000af800000 0x00000000afa00000 0x00000000afa00000 Y/6     Allocating 
 Small   0x00000000afa00000 0x00000000afc00000 0x00000000afc00000 Y/6     Allocating 
 Small   0x00000000afc00000 0x00000000afe00000 0x00000000afe00000 Y/6     Allocating 
 Small   0x00000000afe00000 0x00000000b0000000 0x00000000b0000000 Y/6     Allocating 
 Small   0x00000000b0000000 0x00000000b01c0000 0x00000000b0200000 Y/6     Allocating 
 Small   0x00000000b0400000 0x00000000b0600000 0x00000000b0600000 Y/6     Allocating 
 Small   0x00000000b0600000 0x00000000b0800000 0x00000000b0800000 Y/6     Allocating 
 Small   0x00000000b0800000 0x00000000b0a00000 0x00000000b0a00000 Y/6     Allocating 
 Small   0x00000000b0a00000 0x00000000b0c00000 0x00000000b0c00000 Y/6     Allocating 
 Small   0x00000000b0c00000 0x00000000b0e00000 0x00000000b0e00000 Y/6     Allocating 
 Small   0x00000000b0e00000 0x00000000b1000000 0x00000000b1000000 Y/6     Allocating 
 Small   0x00000000b1000000 0x00000000b1200000 0x00000000b1200000 Y/6     Allocating 
 Small   0x00000000b1400000 0x00000000b1600000 0x00000000b1600000 Y/6     Allocating 
 Small   0x00000000b1600000 0x00000000b1800000 0x00000000b1800000 Y/6     Allocating 
 Small   0x00000000b1800000 0x00000000b1a00000 0x00000000b1a00000 Y/6     Allocating 
 Small   0x00000000b1a00000 0x00000000b1c00000 0x00000000b1c00000 Y/6     Allocating 
 Small   0x00000000b1c00000 0x00000000b1e00000 0x00000000b1e00000 Y/6     Allocating 
 Small   0x00000000b2200000 0x00000000b2400000 0x00000000b2400000 Y/6     Allocating 
 Small   0x00000000b2400000 0x00000000b2600000 0x00000000b2600000 Y/6     Allocating 
 Small   0x00000000b2600000 0x00000000b2800000 0x00000000b2800000 Y/6     Allocating 
 Small   0x00000000b2800000 0x00000000b2a00000 0x00000000b2a00000 Y/6     Allocating 
 Small   0x00000000b2a00000 0x00000000b2c00000 0x00000000b2c00000 Y/6     Allocating 
 Small   0x00000000b2c00000 0x00000000b2e00000 0x00000000b2e00000 Y/6     Allocating 
 Small   0x00000000b2e00000 0x00000000b3000000 0x00000000b3000000 Y/6     Allocating 
 Small   0x00000000b3200000 0x00000000b33fffc8 0x00000000b3400000 Y/6     Allocating 
 Small   0x00000000b3400000 0x00000000b35f0030 0x00000000b3600000 Y/6     Allocating 
 Small   0x00000000b3600000 0x00000000b3800000 0x00000000b3800000 Y/6     Allocating 
 Small   0x00000000b3800000 0x00000000b3a00000 0x00000000b3a00000 Y/6     Allocating 
 Small   0x00000000b3a00000 0x00000000b3c00000 0x00000000b3c00000 Y/6     Allocating 
 Small   0x00000000b3c00000 0x00000000b3dffff8 0x00000000b3e00000 Y/6     Allocating 
 Small   0x00000000b3e00000 0x00000000b4000000 0x00000000b4000000 Y/6     Allocating 
 Small   0x00000000b4000000 0x00000000b4200000 0x00000000b4200000 Y/6     Allocating 
 Small   0x00000000b4600000 0x00000000b4800000 0x00000000b4800000 Y/6     Allocating 
 Small   0x00000000b4a00000 0x00000000b4c00000 0x00000000b4c00000 Y/6     Allocating 
 Small   0x00000000b4c00000 0x00000000b4e00000 0x00000000b4e00000 Y/6     Allocating 
 Small   0x00000000b4e00000 0x00000000b5000000 0x00000000b5000000 Y/6     Allocating 
 Small   0x00000000b5000000 0x00000000b5200000 0x00000000b5200000 Y/6     Allocating 
 Small   0x00000000b5600000 0x00000000b5800000 0x00000000b5800000 Y/6     Allocating 
 Small   0x00000000b5800000 0x00000000b5a00000 0x00000000b5a00000 Y/6     Allocating 
 Small   0x00000000b5c00000 0x00000000b5e00000 0x00000000b5e00000 Y/6     Allocating 
 Small   0x00000000b5e00000 0x00000000b6000000 0x00000000b6000000 Y/6     Allocating 
 Small   0x00000000b6000000 0x00000000b6200000 0x00000000b6200000 Y/6     Allocating 
 Small   0x00000000b6200000 0x00000000b6400000 0x00000000b6400000 Y/6     Allocating 
 Small   0x00000000b6400000 0x00000000b65ffd80 0x00000000b6600000 Y/6     Allocating 
 Small   0x00000000b6600000 0x00000000b6800000 0x00000000b6800000 Y/6     Allocating 
 Small   0x00000000b6a00000 0x00000000b6c00000 0x00000000b6c00000 Y/6     Allocating 
 Small   0x00000000b6e00000 0x00000000b7000000 0x00000000b7000000 Y/6     Allocating 
 Small   0x00000000b7200000 0x00000000b7400000 0x00000000b7400000 Y/6     Allocating 
 Small   0x00000000b7400000 0x00000000b7600000 0x00000000b7600000 Y/6     Allocating 
 Small   0x00000000b7800000 0x00000000b7a00000 0x00000000b7a00000 Y/6     Allocating 
 Small   0x00000000b7a00000 0x00000000b7bfffd0 0x00000000b7c00000 Y/6     Allocating 
 Small   0x00000000b7c00000 0x00000000b7e00000 0x00000000b7e00000 Y/6     Allocating 
 Small   0x00000000b7e00000 0x00000000b8000000 0x00000000b8000000 Y/6     Allocating 
 Small   0x00000000b8000000 0x00000000b8200000 0x00000000b8200000 Y/6     Allocating 
 Small   0x00000000b8200000 0x00000000b8400000 0x00000000b8400000 Y/6     Allocating 
 Small   0x00000000b8400000 0x00000000b8600000 0x00000000b8600000 Y/6     Allocating 
 Small   0x00000000b8600000 0x00000000b8800000 0x00000000b8800000 Y/6     Allocating 
 Small   0x00000000b8800000 0x00000000b8a00000 0x00000000b8a00000 Y/6     Allocating 
 Small   0x00000000b8c00000 0x00000000b8e00000 0x00000000b8e00000 Y/6     Allocating 
 Small   0x00000000b8e00000 0x00000000b9000000 0x00000000b9000000 Y/6     Allocating 
 Small   0x00000000b9000000 0x00000000b9200000 0x00000000b9200000 Y/6     Allocating 
 Small   0x00000000b9600000 0x00000000b9800000 0x00000000b9800000 Y/6     Allocating 
 Small   0x00000000b9800000 0x00000000b9a00000 0x00000000b9a00000 Y/6     Allocating 
 Small   0x00000000b9c00000 0x00000000b9e00000 0x00000000b9e00000 Y/6     Allocating 
 Small   0x00000000ba000000 0x00000000ba200000 0x00000000ba200000 Y/6     Allocating 
 Small   0x00000000ba800000 0x00000000baa00000 0x00000000baa00000 Y/6     Allocating 
 Small   0x00000000baa00000 0x00000000bac00000 0x00000000bac00000 Y/6     Allocating 
 Small   0x00000000bae00000 0x00000000bb000000 0x00000000bb000000 Y/6     Allocating 
 Small   0x00000000bb800000 0x00000000bba00000 0x00000000bba00000 Y/6     Allocating 
 Small   0x00000000bba00000 0x00000000bbbfffd8 0x00000000bbc00000 Y/6     Allocating 
 Small   0x00000000bc000000 0x00000000bc200000 0x00000000bc200000 Y/6     Allocating 
 Small   0x00000000bc200000 0x00000000bc400000 0x00000000bc400000 Y/6     Allocating 
 Small   0x00000000bd000000 0x00000000bd200000 0x00000000bd200000 Y/6     Allocating 
 Small   0x00000000bd200000 0x00000000bd400000 0x00000000bd400000 Y/6     Allocating 
 Small   0x00000000bd400000 0x00000000bd600000 0x00000000bd600000 Y/6     Allocating 
 Small   0x00000000bd600000 0x00000000bd7fd218 0x00000000bd800000 Y/6     Allocating 
 Small   0x00000000bde00000 0x00000000bde00188 0x00000000be000000 Y/6     Allocating 
 Small   0x00000000be000000 0x00000000be200000 0x00000000be200000 Y/6     Allocating 
 Small   0x00000000be600000 0x00000000be800000 0x00000000be800000 Y/6     Allocating 
 Small   0x00000000bea00000 0x00000000bec00000 0x00000000bec00000 Y/6     Allocating 
 Small   0x00000000bec00000 0x00000000bee00000 0x00000000bee00000 Y/6     Allocating 
 Small   0x00000000bee00000 0x00000000bf000000 0x00000000bf000000 Y/6     Allocating 
 Small   0x00000000bf600000 0x00000000bf800000 0x00000000bf800000 Y/6     Allocating 
 Small   0x00000000bf800000 0x00000000bfa00000 0x00000000bfa00000 Y/6     Allocating 
 Small   0x00000000bfc00000 0x00000000bfe00000 0x00000000bfe00000 Y/6     Allocating 
 Small   0x00000000bfe00000 0x00000000c0000000 0x00000000c0000000 Y/6     Allocating 
 Small   0x00000000c0600000 0x00000000c0600458 0x00000000c0800000 Y/6     Allocating 
 Small   0x00000000c0800000 0x00000000c0840000 0x00000000c0a00000 Y/6     Allocating 
 Small   0x00000000c1800000 0x00000000c1a00000 0x00000000c1a00000 Y/6     Allocating 
 Small   0x00000000c2200000 0x00000000c2206650 0x00000000c2400000 Y/6     Allocating 
 Small   0x00000000c2600000 0x00000000c27fe708 0x00000000c2800000 Y/6     Allocating 
 Small   0x00000000c3000000 0x00000000c3200000 0x00000000c3200000 Y/6     Allocating 
 Small   0x00000000c3200000 0x00000000c3400000 0x00000000c3400000 Y/6     Allocating 
 Small   0x00000000c3400000 0x00000000c3600000 0x00000000c3600000 Y/6     Allocating 
 Small   0x00000000c3600000 0x00000000c3800000 0x00000000c3800000 Y/6     Allocating 
 Small   0x00000000c3800000 0x00000000c39fffd8 0x00000000c3a00000 Y/6     Allocating 
 Small   0x00000000c3c00000 0x00000000c3e00000 0x00000000c3e00000 Y/6     Allocating 
 Small   0x00000000c3e00000 0x00000000c4000000 0x00000000c4000000 Y/6     Allocating 
 Small   0x00000000c4000000 0x00000000c4200000 0x00000000c4200000 Y/6     Allocating 
 Small   0x00000000c4200000 0x00000000c4400000 0x00000000c4400000 Y/6     Allocating 
 Small   0x00000000c4400000 0x00000000c4600000 0x00000000c4600000 Y/6     Allocating 
 Small   0x00000000c4600000 0x00000000c4800000 0x00000000c4800000 Y/6     Allocating 
 Small   0x00000000c4800000 0x00000000c49c0000 0x00000000c4a00000 Y/6     Allocating 
 Small   0x00000000c4a00000 0x00000000c4b00000 0x00000000c4c00000 Y/6     Allocating 
 Small   0x00000000c4c00000 0x00000000c4e00000 0x00000000c4e00000 Y/6     Allocating 
 Small   0x00000000c4e00000 0x00000000c4f80000 0x00000000c5000000 Y/6     Allocating 
 Small   0x00000000c5000000 0x00000000c5200000 0x00000000c5200000 Y/6     Allocating 
 Small   0x00000000c5200000 0x00000000c5400000 0x00000000c5400000 Y/6     Allocating 
 Small   0x00000000c5400000 0x00000000c5600000 0x00000000c5600000 Y/6     Allocating 
 Small   0x00000000c5600000 0x00000000c5800000 0x00000000c5800000 Y/6     Allocating 
 Small   0x00000000c5800000 0x00000000c5a00000 0x00000000c5a00000 Y/6     Allocating 
 Small   0x00000000c5a00000 0x00000000c5c00000 0x00000000c5c00000 Y/6     Allocating 
 Small   0x00000000c5c00000 0x00000000c5e00000 0x00000000c5e00000 Y/6     Allocating 
 Small   0x00000000c5e00000 0x00000000c5f80000 0x00000000c6000000 Y/6     Allocating 
 Small   0x00000000c6000000 0x00000000c6200000 0x00000000c6200000 Y/6     Allocating 
 Small   0x00000000c6200000 0x00000000c6400000 0x00000000c6400000 Y/6     Allocating 
 Small   0x00000000c6400000 0x00000000c6600000 0x00000000c6600000 Y/6     Allocating 
 Small   0x00000000c6600000 0x00000000c6800000 0x00000000c6800000 Y/6     Allocating 
 Small   0x00000000c6800000 0x00000000c6a00000 0x00000000c6a00000 Y/6     Allocating 
 Small   0x00000000c6a00000 0x00000000c6c00000 0x00000000c6c00000 Y/6     Allocating 
 Small   0x00000000c6c00000 0x00000000c6e00000 0x00000000c6e00000 Y/6     Allocating 
 Small   0x00000000c6e00000 0x00000000c7000000 0x00000000c7000000 Y/6     Allocating 
 Small   0x00000000c7000000 0x00000000c7200000 0x00000000c7200000 Y/6     Allocating 
 Small   0x00000000c7200000 0x00000000c7400000 0x00000000c7400000 Y/6     Allocating 
 Small   0x00000000c7400000 0x00000000c7600000 0x00000000c7600000 Y/6     Allocating 
 Small   0x00000000c7600000 0x00000000c7800000 0x00000000c7800000 Y/6     Allocating 
 Small   0x00000000c7800000 0x00000000c7a00000 0x00000000c7a00000 Y/6     Allocating 
 Small   0x00000000c7a00000 0x00000000c7c00000 0x00000000c7c00000 Y/6     Allocating 
 Small   0x00000000c7c00000 0x00000000c7e00000 0x00000000c7e00000 Y/6     Allocating 
 Small   0x00000000c7e00000 0x00000000c8000000 0x00000000c8000000 Y/6     Allocating 
 Small   0x00000000c8000000 0x00000000c8200000 0x00000000c8200000 Y/6     Allocating 
 Small   0x00000000c8200000 0x00000000c8400000 0x00000000c8400000 Y/6     Allocating 
 Small   0x00000000c8400000 0x00000000c8600000 0x00000000c8600000 Y/6     Allocating 
 Small   0x00000000c8600000 0x00000000c8800000 0x00000000c8800000 Y/6     Allocating 
 Small   0x00000000c8800000 0x00000000c8a00000 0x00000000c8a00000 Y/6     Allocating 
 Small   0x00000000c8a00000 0x00000000c8c00000 0x00000000c8c00000 Y/6     Allocating 
 Small   0x00000000c8c00000 0x00000000c8e00000 0x00000000c8e00000 Y/6     Allocating 
 Small   0x00000000c8e00000 0x00000000c9000000 0x00000000c9000000 Y/6     Allocating 
 Small   0x00000000c9000000 0x00000000c9200000 0x00000000c9200000 Y/6     Allocating 
 Small   0x00000000c9200000 0x00000000c9400000 0x00000000c9400000 Y/6     Allocating 
 Small   0x00000000c9400000 0x00000000c9600000 0x00000000c9600000 Y/6     Allocating 
 Small   0x00000000c9600000 0x00000000c9800000 0x00000000c9800000 Y/6     Allocating 
 Small   0x00000000c9800000 0x00000000c9a00000 0x00000000c9a00000 Y/6     Allocating 
 Small   0x00000000c9a00000 0x00000000c9c00000 0x00000000c9c00000 Y/6     Allocating 
 Small   0x00000000c9c00000 0x00000000c9e00000 0x00000000c9e00000 Y/6     Allocating 
 Small   0x00000000c9e00000 0x00000000ca000000 0x00000000ca000000 Y/6     Allocating 
 Small   0x00000000ca000000 0x00000000ca200000 0x00000000ca200000 Y/6     Allocating 
 Small   0x00000000ca200000 0x00000000ca400000 0x00000000ca400000 Y/6     Allocating 
 Small   0x00000000ca400000 0x00000000ca600000 0x00000000ca600000 Y/6     Allocating 
 Small   0x00000000ca600000 0x00000000ca800000 0x00000000ca800000 Y/6     Allocating 
 Small   0x00000000ca800000 0x00000000caa00000 0x00000000caa00000 Y/6     Allocating 
 Small   0x00000000caa00000 0x00000000cac00000 0x00000000cac00000 Y/6     Allocating 
 Small   0x00000000cac00000 0x00000000cae00000 0x00000000cae00000 Y/6     Allocating 
 Small   0x00000000cae00000 0x00000000cb000000 0x00000000cb000000 Y/6     Allocating 
 Small   0x00000000cb000000 0x00000000cb200000 0x00000000cb200000 Y/6     Allocating 
 Small   0x00000000cb200000 0x00000000cb400000 0x00000000cb400000 Y/6     Allocating 
 Small   0x00000000cb400000 0x00000000cb600000 0x00000000cb600000 Y/6     Allocating 
 Small   0x00000000cb600000 0x00000000cb800000 0x00000000cb800000 Y/6     Allocating 
 Small   0x00000000cb800000 0x00000000cba00000 0x00000000cba00000 Y/6     Allocating 
 Small   0x00000000cba00000 0x00000000cbc00000 0x00000000cbc00000 Y/6     Allocating 
 Small   0x00000000cbc00000 0x00000000cbe00000 0x00000000cbe00000 Y/6     Allocating 
 Small   0x00000000cbe00000 0x00000000cc000000 0x00000000cc000000 Y/6     Allocating 
 Small   0x00000000cc000000 0x00000000cc200000 0x00000000cc200000 Y/6     Allocating 
 Small   0x00000000cc200000 0x00000000cc400000 0x00000000cc400000 Y/6     Allocating 
 Small   0x00000000cc400000 0x00000000cc600000 0x00000000cc600000 Y/6     Allocating 
 Small   0x00000000cc600000 0x00000000cc800000 0x00000000cc800000 Y/6     Allocating 
 Small   0x00000000cc800000 0x00000000cca00000 0x00000000cca00000 Y/6     Allocating 
 Small   0x00000000cca00000 0x00000000ccc00000 0x00000000ccc00000 Y/6     Allocating 
 Small   0x00000000ccc00000 0x00000000cce00000 0x00000000cce00000 Y/6     Allocating 
 Small   0x00000000cce00000 0x00000000cd000000 0x00000000cd000000 Y/6     Allocating 
 Small   0x00000000cd000000 0x00000000cd200000 0x00000000cd200000 Y/6     Allocating 
 Small   0x00000000cd200000 0x00000000cd400000 0x00000000cd400000 Y/6     Allocating 
 Small   0x00000000cd400000 0x00000000cd600000 0x00000000cd600000 Y/6     Allocating 
 Small   0x00000000cd600000 0x00000000cd800000 0x00000000cd800000 Y/6     Allocating 
 Small   0x00000000cd800000 0x00000000cda00000 0x00000000cda00000 Y/6     Allocating 
 Small   0x00000000cda00000 0x00000000cdc00000 0x00000000cdc00000 Y/6     Allocating 
 Small   0x00000000cdc00000 0x00000000cde00000 0x00000000cde00000 Y/6     Allocating 
 Small   0x00000000cde00000 0x00000000ce000000 0x00000000ce000000 Y/6     Allocating 
 Small   0x00000000ce000000 0x00000000ce200000 0x00000000ce200000 Y/6     Allocating 
 Small   0x00000000ce200000 0x00000000ce400000 0x00000000ce400000 Y/6     Allocating 
 Small   0x00000000ce400000 0x00000000ce600000 0x00000000ce600000 Y/6     Allocating 
 Small   0x00000000ce600000 0x00000000ce800000 0x00000000ce800000 Y/6     Allocating 
 Small   0x00000000ce800000 0x00000000cea00000 0x00000000cea00000 Y/6     Allocating 
 Small   0x00000000cea00000 0x00000000cec00000 0x00000000cec00000 Y/6     Allocating 
 Small   0x00000000cec00000 0x00000000cee00000 0x00000000cee00000 Y/6     Allocating 
 Small   0x00000000cee00000 0x00000000cf000000 0x00000000cf000000 Y/6     Allocating 
 Small   0x00000000cf000000 0x00000000cf200000 0x00000000cf200000 Y/6     Allocating 
 Small   0x00000000cf200000 0x00000000cf400000 0x00000000cf400000 Y/6     Allocating 
 Small   0x00000000cf400000 0x00000000cf600000 0x00000000cf600000 Y/6     Allocating 
 Small   0x00000000cf600000 0x00000000cf800000 0x00000000cf800000 Y/6     Allocating 
 Small   0x00000000cf800000 0x00000000cfa00000 0x00000000cfa00000 Y/6     Allocating 
 Small   0x00000000cfa00000 0x00000000cfc00000 0x00000000cfc00000 Y/6     Allocating 
 Small   0x00000000cfc00000 0x00000000cfe00000 0x00000000cfe00000 Y/6     Allocating 
 Small   0x00000000cfe00000 0x00000000d0000000 0x00000000d0000000 Y/6     Allocating 
 Small   0x00000000d0000000 0x00000000d0200000 0x00000000d0200000 Y/6     Allocating 
 Small   0x00000000d0200000 0x00000000d0400000 0x00000000d0400000 Y/6     Allocating 
 Small   0x00000000d0400000 0x00000000d0600000 0x00000000d0600000 Y/6     Allocating 
 Small   0x00000000d0600000 0x00000000d0800000 0x00000000d0800000 Y/6     Allocating 
 Small   0x00000000d0800000 0x00000000d0a00000 0x00000000d0a00000 Y/6     Allocating 
 Small   0x00000000d0a00000 0x00000000d0c00000 0x00000000d0c00000 Y/6     Allocating 
 Small   0x00000000d0c00000 0x00000000d0e00000 0x00000000d0e00000 Y/6     Allocating 
 Small   0x00000000d0e00000 0x00000000d1000000 0x00000000d1000000 Y/6     Allocating 
 Small   0x00000000d1000000 0x00000000d1200000 0x00000000d1200000 Y/6     Allocating 
 Small   0x00000000d1200000 0x00000000d1400000 0x00000000d1400000 Y/6     Allocating 
 Small   0x00000000d1400000 0x00000000d1600000 0x00000000d1600000 Y/6     Allocating 
 Small   0x00000000d1600000 0x00000000d1800000 0x00000000d1800000 Y/6     Allocating 
 Small   0x00000000d1800000 0x00000000d1a00000 0x00000000d1a00000 Y/6     Allocating 
 Small   0x00000000d1a00000 0x00000000d1c00000 0x00000000d1c00000 Y/6     Allocating 
 Small   0x00000000d1c00000 0x00000000d1e00000 0x00000000d1e00000 Y/6     Allocating 
 Small   0x00000000d1e00000 0x00000000d2000000 0x00000000d2000000 Y/6     Allocating 
 Small   0x00000000d2000000 0x00000000d2200000 0x00000000d2200000 Y/6     Allocating 
 Small   0x00000000d2200000 0x00000000d2400000 0x00000000d2400000 Y/6     Allocating 
 Small   0x00000000d2400000 0x00000000d2600000 0x00000000d2600000 Y/6     Allocating 
 Small   0x00000000d2600000 0x00000000d2800000 0x00000000d2800000 Y/6     Allocating 
 Small   0x00000000d2800000 0x00000000d2a00000 0x00000000d2a00000 Y/6     Allocating 
 Small   0x00000000d2a00000 0x00000000d2c00000 0x00000000d2c00000 Y/6     Allocating 
 Small   0x00000000d2c00000 0x00000000d2e00000 0x00000000d2e00000 Y/6     Allocating 
 Small   0x00000000d2e00000 0x00000000d3000000 0x00000000d3000000 Y/6     Allocating 
 Small   0x00000000d3000000 0x00000000d3200000 0x00000000d3200000 Y/6     Allocating 
 Small   0x00000000d3200000 0x00000000d3400000 0x00000000d3400000 Y/6     Allocating 
 Small   0x00000000d3400000 0x00000000d3600000 0x00000000d3600000 Y/6     Allocating 
 Small   0x00000000d3600000 0x00000000d3800000 0x00000000d3800000 Y/6     Allocating 
 Small   0x00000000d3800000 0x00000000d3a00000 0x00000000d3a00000 Y/6     Allocating 
 Small   0x00000000d3a00000 0x00000000d3c00000 0x00000000d3c00000 Y/6     Allocating 
 Small   0x00000000d3c00000 0x00000000d3e00000 0x00000000d3e00000 Y/6     Allocating 
 Small   0x00000000d3e00000 0x00000000d4000000 0x00000000d4000000 Y/6     Allocating 
 Small   0x00000000d4000000 0x00000000d4200000 0x00000000d4200000 Y/6     Allocating 
 Small   0x00000000d4200000 0x00000000d4400000 0x00000000d4400000 Y/6     Allocating 
 Small   0x00000000d4400000 0x00000000d4600000 0x00000000d4600000 Y/6     Allocating 
 Small   0x00000000d4600000 0x00000000d4800000 0x00000000d4800000 Y/6     Allocating 
 Small   0x00000000d4800000 0x00000000d4a00000 0x00000000d4a00000 Y/6     Allocating 
 Small   0x00000000d4a00000 0x00000000d4c00000 0x00000000d4c00000 Y/6     Allocating 
 Small   0x00000000d4c00000 0x00000000d4e00000 0x00000000d4e00000 Y/6     Allocating 
 Small   0x00000000d4e00000 0x00000000d5000000 0x00000000d5000000 Y/6     Allocating 
 Small   0x00000000d5000000 0x00000000d5200000 0x00000000d5200000 Y/6     Allocating 
 Small   0x00000000d5200000 0x00000000d5400000 0x00000000d5400000 Y/6     Allocating 
 Small   0x00000000d5400000 0x00000000d5540000 0x00000000d5600000 Y/6     Allocating 
 Medium  0x0000003fe9a00000 0x0000003fea20f000 0x0000003feba00000 Y/6     Allocating 
 Medium  0x0000003feba00000 0x0000003feba41000 0x0000003feda00000 Y/6     Allocating 
 Medium  0x0000003feda00000 0x0000003fedf47000 0x0000003fefa00000 Y/6     Allocating 
 Medium  0x0000003fefa00000 0x0000003fefa41000 0x0000003ff1a00000 Y/6     Allocating 
 Medium  0x0000003ff1a00000 0x0000003ff1c68000 0x0000003ff3a00000 Y/6     Allocating 
 Medium  0x0000003ff3a00000 0x0000003ff59da000 0x0000003ff5a00000 Y/6     Allocating 
 Medium  0x0000003ff7a00000 0x0000003ff814a000 0x0000003ff9a00000 Y/6     Allocating 
 Large   0x0000003ffba00000 0x0000003ffc600000 0x0000003ffc600000 Y/6     Allocating 

ZBarrierSet

Polling page: 0x0000026f914c0000

Metaspace:

Usage:
  Non-class:    117.42 MB used.
      Class:     19.38 MB used.
       Both:    136.79 MB used.

Virtual space:
  Non-class space:      128.00 MB reserved,     118.44 MB ( 93%) committed,  2 nodes.
      Class space:        1.00 GB reserved,      20.19 MB (  2%) committed,  1 nodes.
             Both:        1.12 GB reserved,     138.62 MB ( 12%) committed. 

Chunk freelists:
   Non-Class:  9.53 MB
       Class:  11.64 MB
        Both:  21.17 MB

MaxMetaspaceSize: unlimited
CompressedClassSpaceSize: 1.00 GB
Initial GC threshold: 21.00 MB
Current GC threshold: 215.88 MB
CDS: off
 - commit_granule_bytes: 65536.
 - commit_granule_words: 8192.
 - virtual_space_node_default_size: 8388608.
 - enlarge_chunks_in_place: 1.
 - use_allocation_guard: 0.


Internal statistics:

num_allocs_failed_limit: 28.
num_arena_births: 2958.
num_arena_deaths: 0.
num_vsnodes_births: 3.
num_vsnodes_deaths: 0.
num_space_committed: 2208.
num_space_uncommitted: 0.
num_chunks_returned_to_freelist: 28.
num_chunks_taken_from_freelist: 8821.
num_chunk_merges: 24.
num_chunk_splits: 5508.
num_chunks_enlarged: 3408.
num_inconsistent_stats: 0.

CodeHeap 'non-profiled nmethods': size=119168Kb used=16084Kb max_used=16084Kb free=103083Kb
 bounds [0x0000026f9eb40000, 0x0000026f9fb00000, 0x0000026fa5fa0000]
CodeHeap 'profiled nmethods': size=119104Kb used=25336Kb max_used=25476Kb free=93767Kb
 bounds [0x0000026f96fa0000, 0x0000026f988c0000, 0x0000026f9e3f0000]
CodeHeap 'non-nmethods': size=7488Kb used=4805Kb max_used=4908Kb free=2682Kb
 bounds [0x0000026f9e3f0000, 0x0000026f9e8d0000, 0x0000026f9eb40000]
 total_blobs=16310 nmethods=14118 adapters=2091
 compilation: enabled
              stopped_count=0, restarted_count=0
 full_count=0

Compilation events (250 events):
Event: 11.213 Thread 0x00000273aefb04b0 18708       3       net.minecraft.network.chat.contents.PlainTextContents::create (22 bytes)
Event: 11.213 Thread 0x00000273a960c510 nmethod 18705 0x0000026f97b78190 code [0x0000026f97b78400, 0x0000026f97b78ee8]
Event: 11.213 Thread 0x00000273aefb04b0 nmethod 18708 0x0000026f97b77a10 code [0x0000026f97b77be0, 0x0000026f97b77ff0]
Event: 11.213 Thread 0x00000273a9291000 nmethod 18707 0x0000026f97b77190 code [0x0000026f97b77380, 0x0000026f97b77818]
Event: 11.213 Thread 0x00000273a9291000 18709       3       com.mojang.blaze3d.shaders.Uniform::set (34 bytes)
Event: 11.213 Thread 0x00000273a9291000 nmethod 18709 0x0000026f97b76890 code [0x0000026f97b76aa0, 0x0000026f97b76f30]
Event: 11.214 Thread 0x00000273a9291000 18710       1       org.apache.commons.lang3.mutable.MutableFloat::floatValue (5 bytes)
Event: 11.214 Thread 0x00000273a9291000 nmethod 18710 0x0000026f9fadaf10 code [0x0000026f9fadb0a0, 0x0000026f9fadb168]
Event: 11.214 Thread 0x00000273a9291000 18711       1       net.minecraft.client.gui.components.AbstractWidget::getAlphaFancyMenu (5 bytes)
Event: 11.214 Thread 0x00000273a92cf8d0 18712       3       com.mojang.blaze3d.vertex.Tesselator::begin (14 bytes)
Event: 11.214 Thread 0x00000273aefb04b0 18713       3       com.mojang.blaze3d.vertex.BufferBuilder::buildOrThrow (21 bytes)
Event: 11.214 Thread 0x00000273a960c510 18714       3       net.minecraft.client.gui.components.AbstractWidget::isGlobalLabelCustomizationTarget_FancyMenu (20 bytes)
Event: 11.214 Thread 0x00000273a9291000 nmethod 18711 0x0000026f9fadb210 code [0x0000026f9fadb3a0, 0x0000026f9fadb468]
Event: 11.214 Thread 0x00000273a9291000 18715       3       net.minecraft.client.gui.components.AbstractWidget::isSliderWidget_FancyMenu (5 bytes)
Event: 11.214 Thread 0x00000273a9291000 nmethod 18715 0x0000026f97b76490 code [0x0000026f97b76640, 0x0000026f97b76828]
Event: 11.214 Thread 0x00000273a92cf8d0 nmethod 18712 0x0000026f97b76010 code [0x0000026f97b761c0, 0x0000026f97b763a8]
Event: 11.214 Thread 0x00000273aefb04b0 nmethod 18713 0x0000026f97b75810 code [0x0000026f97b75a20, 0x0000026f97b75e70]
Event: 11.214 Thread 0x00000273a960c510 nmethod 18714 0x0000026f97b75190 code [0x0000026f97b75360, 0x0000026f97b75760]
Event: 11.214 Thread 0x00000273a9291000 18717       3       net.minecraft.client.renderer.RenderType::gui (4 bytes)
Event: 11.214 Thread 0x00000273aefb04b0 18718       3       net.minecraft.client.gui.GuiGraphics::fill (159 bytes)
Event: 11.214 Thread 0x00000273a92cf8d0 18719       3       net.minecraft.client.renderer.RenderStateShard$EmptyTextureStateShard$$Lambda/0x0000000080f3c420::run (4 bytes)
Event: 11.214 Thread 0x00000273a960c510 18720       3       net.minecraft.client.renderer.RenderStateShard$EmptyTextureStateShard::lambda$new$0 (1 bytes)
Event: 11.214 Thread 0x00000273a9291000 nmethod 18717 0x0000026f9825fb90 code [0x0000026f9825fd20, 0x0000026f9825fe18]
Event: 11.215 Thread 0x00000273a960c510 nmethod 18720 0x0000026f98268810 code [0x0000026f982689a0, 0x0000026f98268a88]
Event: 11.215 Thread 0x00000273a92cf8d0 nmethod 18719 0x0000026f97b74d90 code [0x0000026f97b74f40, 0x0000026f97b750a0]
Event: 11.215 Thread 0x00000273a960c510 18721       3       net.minecraft.client.renderer.RenderStateShard$$Lambda/0x0000000080f2dc38::get (4 bytes)
Event: 11.215 Thread 0x00000273a92cf8d0 18722       3       net.minecraft.client.renderer.GameRenderer::getRendertypeGuiShader (4 bytes)
Event: 11.215 Thread 0x00000273a9291000 18723       3       net.minecraft.client.renderer.RenderStateShard$EmptyTextureStateShard$$Lambda/0x0000000080f3c840::run (4 bytes)
Event: 11.215 Thread 0x00000273a92cf8d0 nmethod 18722 0x0000026f97b74a10 code [0x0000026f97b74ba0, 0x0000026f97b74cd0]
Event: 11.215 Thread 0x00000273a960c510 nmethod 18721 0x0000026f97b74610 code [0x0000026f97b747c0, 0x0000026f97b74970]
Event: 11.215 Thread 0x00000273a9291000 nmethod 18723 0x0000026f97b74210 code [0x0000026f97b743c0, 0x0000026f97b74520]
Event: 11.215 Thread 0x00000273a960c510 18724       3       net.minecraft.client.renderer.RenderStateShard$EmptyTextureStateShard::lambda$new$1 (1 bytes)
Event: 11.215 Thread 0x00000273fe831e00 18703 %     4       java.util.regex.Pattern$BnM::optimize @ 41 (179 bytes)
Event: 11.215 Thread 0x00000273a960c510 nmethod 18724 0x0000026f9828a890 code [0x0000026f9828aa20, 0x0000026f9828ab08]
Event: 11.215 Thread 0x00000273aefb04b0 nmethod 18718 0x0000026f973bfb10 code [0x0000026f973bfe00, 0x0000026f973c0b98]
Event: 11.216 Thread 0x00000273aefb04b0 18725   !   3       java.io.BufferedWriter::flushBuffer (63 bytes)
Event: 11.216 Thread 0x00000273a9291000 18726       3       sun.reflect.annotation.AnnotationParser::parseArray (234 bytes)
Event: 11.216 Thread 0x00000273aefb04b0 nmethod 18725 0x0000026f973bdb10 code [0x0000026f973bde60, 0x0000026f973bf3a8]
Event: 11.216 Thread 0x00000273a9291000 nmethod 18726 0x0000026f973bc090 code [0x0000026f973bc480, 0x0000026f973bd658]
Event: 11.217 Thread 0x00000273a9291000 18729   !   3       jdk.proxy4.$Proxy62::not (29 bytes)
Event: 11.217 Thread 0x00000273a960c510 18730   !   3       jdk.proxy4.$Proxy62::pattern (29 bytes)
Event: 11.217 Thread 0x00000273aefb04b0 18731       3       java.util.regex.Pattern$BnM::<init> (26 bytes)
Event: 11.217 Thread 0x00000273a960c510 nmethod 18730 0x0000026f973bb910 code [0x0000026f973bbae0, 0x0000026f973bbee8]
Event: 11.217 Thread 0x00000273aefb04b0 nmethod 18731 0x0000026f973bb210 code [0x0000026f973bb3e0, 0x0000026f973bb7f8]
Event: 11.217 Thread 0x00000273a9291000 nmethod 18729 0x0000026f973baa90 code [0x0000026f973bac60, 0x0000026f973bb068]
Event: 11.218 Thread 0x00000273a9291000 18732   !   3       jdk.proxy4.$Proxy62::preload (29 bytes)
Event: 11.218 Thread 0x00000273a9291000 nmethod 18732 0x0000026f973ba310 code [0x0000026f973ba4e0, 0x0000026f973ba8e8]
Event: 11.222 Thread 0x00000273fe831e00 nmethod 18703% 0x0000026f9fadb510 code [0x0000026f9fadb700, 0x0000026f9fadc0f0]
Event: 11.222 Thread 0x00000273fe831e00 18706       4       sun.reflect.annotation.AnnotationInvocationHandler::invoke (182 bytes)
Event: 11.223 Thread 0x00000273a921f0a0 nmethod 18701 0x0000026f9fadc510 code [0x0000026f9fadc9a0, 0x0000026f9fadf9b0]
Event: 11.223 Thread 0x00000273a921f0a0 18716       4       net.caffeinemc.mods.sodium.api.util.ColorABGR::pack (35 bytes)
Event: 11.223 Thread 0x00000273a921f0a0 nmethod 18716 0x0000026f9fae0c10 code [0x0000026f9fae0d80, 0x0000026f9fae0e08]
Event: 11.223 Thread 0x00000273a921f0a0 18727       4       java.util.Arrays::asList (9 bytes)
Event: 11.224 Thread 0x00000273a921f0a0 nmethod 18727 0x0000026f9fae0f10 code [0x0000026f9fae10a0, 0x0000026f9fae11b8]
Event: 11.224 Thread 0x00000273a921f0a0 18728       4       java.lang.System::checkKey (34 bytes)
Event: 11.224 Thread 0x00000273a921f0a0 nmethod 18728 0x0000026f9fae1310 code [0x0000026f9fae14a0, 0x0000026f9fae1598]
Event: 11.224 Thread 0x00000273a921f0a0 18702       4       java.lang.Class::annotationData (44 bytes)
Event: 11.225 Thread 0x00000273a921f0a0 nmethod 18702 0x0000026f9fae1690 code [0x0000026f9fae1840, 0x0000026f9fae1a30]
Event: 11.227 Thread 0x00000273fe831e00 nmethod 18706 0x0000026f9fae1b10 code [0x0000026f9fae1da0, 0x0000026f9fae2f30]
Event: 11.230 Thread 0x00000273a9291000 18733       3       de.keksuccino.fancymenu.util.rendering.RenderingUtils::replaceAlphaInColor (19 bytes)
Event: 11.230 Thread 0x00000273aefb04b0 18734       3       com.mojang.blaze3d.vertex.Tesselator::getInstance (20 bytes)
Event: 11.230 Thread 0x00000273a9291000 nmethod 18733 0x0000026f97b73d90 code [0x0000026f97b73f40, 0x0000026f97b740e8]
Event: 11.230 Thread 0x00000273aefb04b0 nmethod 18734 0x0000026f973b9e90 code [0x0000026f973ba040, 0x0000026f973ba268]
Event: 11.230 Thread 0x00000273aefb04b0 18735       3       net.minecraft.util.StringDecomposer::iterateFormatted (255 bytes)
Event: 11.231 Thread 0x00000273a960c510 18736       3       com.mojang.blaze3d.platform.GlStateManager::_colorMask (79 bytes)
Event: 11.231 Thread 0x00000273fe831e00 18737       4       org.spongepowered.asm.mixin.injection.callback.CallbackInfo::cancel (37 bytes)
Event: 11.231 Thread 0x00000273a9291000 18738       3       it.unimi.dsi.fastutil.ints.IntArrays::mergeSort (173 bytes)
Event: 11.231 Thread 0x00000273a960c510 nmethod 18736 0x0000026f973b9510 code [0x0000026f973b9720, 0x0000026f973b9cb8]
Event: 11.231 Thread 0x00000273fe831e00 nmethod 18737 0x0000026f9fae3710 code [0x0000026f9fae38a0, 0x0000026f9fae3940]
Event: 11.231 Thread 0x00000273aefb04b0 nmethod 18735 0x0000026f984f3d10 code [0x0000026f984f4180, 0x0000026f984f63e8]
Event: 11.231 Thread 0x00000273a9291000 nmethod 18738 0x0000026f984f2e90 code [0x0000026f984f30e0, 0x0000026f984f3968]
Event: 11.244 Thread 0x00000273aefb04b0 18739   !   3       java.util.concurrent.ScheduledThreadPoolExecutor$DelayedWorkQueue::take (203 bytes)
Event: 11.244 Thread 0x00000273aefb04b0 nmethod 18739 0x0000026f984f0110 code [0x0000026f984f0560, 0x0000026f984f2398]
Event: 11.246 Thread 0x00000273fe831e00 18740       4       de.keksuccino.fancymenu.customization.element.elements.button.custombutton.ButtonElement::isCopyrightButton (61 bytes)
Event: 11.246 Thread 0x00000273aefb04b0 18741       3       de.keksuccino.fancymenu.util.properties.Property::tryGetNonNullElse (28 bytes)
Event: 11.247 Thread 0x00000273aefb04b0 nmethod 18741 0x0000026f973b8790 code [0x0000026f973b89c0, 0x0000026f973b9208]
Event: 11.247 Thread 0x00000273a9291000 18743       1       net.minecraft.client.renderer.GameRenderer::lightTexture (5 bytes)
Event: 11.247 Thread 0x00000273a9291000 nmethod 18743 0x0000026f9fae3e10 code [0x0000026f9fae3fa0, 0x0000026f9fae40a0]
Event: 11.247 Thread 0x00000273a921f0a0 18744       4       net.minecraft.client.gui.font.glyphs.BakedGlyph::write (52 bytes)
Event: 11.247 Thread 0x00000273aefb04b0 18746       3       de.keksuccino.fancymenu.util.rendering.DrawableColor::getColorIntWithAlpha (9 bytes)
Event: 11.247 Thread 0x00000273a9291000 18747       3       de.keksuccino.fancymenu.util.rendering.RenderingUtils::replaceAlphaInColor (11 bytes)
Event: 11.247 Thread 0x00000273a9291000 nmethod 18747 0x0000026f984efc10 code [0x0000026f984efde0, 0x0000026f984f0000]
Event: 11.247 Thread 0x00000273aefb04b0 nmethod 18746 0x0000026f984ef690 code [0x0000026f984ef860, 0x0000026f984efb00]
Event: 11.247 Thread 0x00000273fe831e00 nmethod 18740 0x0000026f9fae4110 code [0x0000026f9fae42c0, 0x0000026f9fae4588]
Event: 11.247 Thread 0x00000273fe831e00 18745       4       net.caffeinemc.mods.sodium.api.vertex.format.common.GlyphVertex::put (43 bytes)
Event: 11.248 Thread 0x00000273fe831e00 nmethod 18745 0x0000026f9fae4690 code [0x0000026f9fae4800, 0x0000026f9fae4890]
Event: 11.248 Thread 0x00000273a921f0a0 nmethod 18744 0x0000026f9fae4990 code [0x0000026f9fae4b20, 0x0000026f9fae4c48]
Event: 11.264 Thread 0x00000273a921f0a0 18748       4       java.lang.Math::clamp (49 bytes)
Event: 11.264 Thread 0x00000273a960c510 18749       3       com.mojang.blaze3d.font.SpaceProvider$$Lambda/0x00000000811abf80::getAdvance (8 bytes)
Event: 11.264 Thread 0x00000273aefb04b0 18750       3       com.mojang.blaze3d.font.SpaceProvider::lambda$new$0 (5 bytes)
Event: 11.264 Thread 0x00000273aefb04b0 nmethod 18750 0x0000026f984ef310 code [0x0000026f984ef4a0, 0x0000026f984ef5b0]
Event: 11.264 Thread 0x00000273a960c510 nmethod 18749 0x0000026f984eee90 code [0x0000026f984ef040, 0x0000026f984ef200]
Event: 11.264 Thread 0x00000273fe831e00 18751       4       java.lang.String::indexOf (18 bytes)
Event: 11.264 Thread 0x00000273a921f0a0 nmethod 18748 0x0000026f9fae4e90 code [0x0000026f9fae5020, 0x0000026f9fae50c8]
Event: 11.264 Thread 0x00000273a921f0a0 18752       4       java.lang.String::indexOf (101 bytes)
Event: 11.264 Thread 0x00000273aefb04b0 18753       3       net.minecraft.client.gui.GuiGraphics::blit (24 bytes)
Event: 11.264 Thread 0x00000273a92cf8d0 18755       3       net.minecraft.client.gui.GuiGraphics::blit (50 bytes)
Event: 11.264 Thread 0x00000273a960c510 18754       3       net.minecraft.client.gui.GuiGraphics::blit (29 bytes)
Event: 11.264 Thread 0x00000273a9291000 18756       3       net.minecraft.client.gui.GuiGraphics::innerBlit (148 bytes)
Event: 11.264 Thread 0x00000273aefb04b0 nmethod 18753 0x0000026f984eea90 code [0x0000026f984eec40, 0x0000026f984eedc0]
Event: 11.264 Thread 0x00000273aefb04b0 18757       3       net.minecraft.client.gui.GuiGraphics$$Lambda/0x000000008138fc50::get (4 bytes)
Event: 11.264 Thread 0x00000273a92cf8d0 nmethod 18755 0x0000026f984ee610 code [0x0000026f984ee7e0, 0x0000026f984ee9c8]
Event: 11.264 Thread 0x00000273a960c510 nmethod 18754 0x0000026f984ee190 code [0x0000026f984ee340, 0x0000026f984ee4f0]
Event: 11.264 Thread 0x00000273a92cf8d0 18758       3       net.minecraft.client.renderer.GameRenderer::getPositionTexShader (4 bytes)
Event: 11.264 Thread 0x00000273a960c510 18759       3       net.minecraft.network.chat.Style::applyTo (206 bytes)
Event: 11.264 Thread 0x00000273aefb04b0 nmethod 18757 0x0000026f97b17610 code [0x0000026f97b177c0, 0x0000026f97b17970]
Event: 11.264 Thread 0x00000273a92cf8d0 nmethod 18758 0x0000026f97b17290 code [0x0000026f97b17420, 0x0000026f97b17550]
Event: 11.264 Thread 0x00000273aefb04b0 18762       3       net.minecraft.util.StringDecomposer::iterate (140 bytes)
Event: 11.264 Thread 0x00000273a92cf8d0 18761       3       net.minecraft.network.chat.Component::visit (101 bytes)
Event: 11.264 Thread 0x00000273a960c510 nmethod 18759 0x0000026f97b16410 code [0x0000026f97b16660, 0x0000026f97b17068]
Event: 11.264 Thread 0x00000273a92cf8d0 nmethod 18761 0x0000026f97b15210 code [0x0000026f97b154a0, 0x0000026f97b16018]
Event: 11.265 Thread 0x00000273aefb04b0 nmethod 18762 0x0000026f97b12f90 code [0x0000026f97b13300, 0x0000026f97b14a20]
Event: 11.265 Thread 0x00000273a9291000 nmethod 18756 0x0000026f97b0fe90 code [0x0000026f97b10340, 0x0000026f97b12510]
Event: 11.265 Thread 0x00000273fe831e00 nmethod 18751 0x0000026f9fae5190 code [0x0000026f9fae5340, 0x0000026f9fae5798]
Event: 11.265 Thread 0x00000273fe831e00 18760       4       de.keksuccino.fancymenu.customization.element.AbstractElement::shouldRender (83 bytes)
Event: 11.265 Thread 0x00000273a921f0a0 nmethod 18752 0x0000026f9fae5a10 code [0x0000026f9fae5bc0, 0x0000026f9fae5f90]
Event: 11.268 Thread 0x00000273fe831e00 nmethod 18760 0x0000026f9fae6190 code [0x0000026f9fae6400, 0x0000026f9fae6e08]
Event: 11.280 Thread 0x00000273fe831e00 18763       4       net.minecraft.client.renderer.MultiBufferSource$BufferSource::endBatch (47 bytes)
Event: 11.280 Thread 0x00000273a921f0a0 18764       4       org.apache.commons.lang3.StringUtils::replace (8 bytes)
Event: 11.280 Thread 0x00000273a92cf8d0 18765       3       de.keksuccino.fancymenu.util.rendering.text.TextFormattingUtils::replaceFormattingCodes (381 bytes)
Event: 11.284 Thread 0x00000273a921f0a0 nmethod 18764 0x0000026f9fae7490 code [0x0000026f9fae76e0, 0x0000026f9fae8058]
Event: 11.284 Thread 0x00000273a921f0a0 18766       4       net.minecraft.client.gui.font.CodepointMap::computeIfAbsent (88 bytes)
Event: 11.285 Thread 0x00000273a921f0a0 nmethod 18766 0x0000026f9fae8790 code [0x0000026f9fae89a0, 0x0000026f9fae9090]
Event: 11.288 Thread 0x00000273fe831e00 nmethod 18763 0x0000026f9fae9410 code [0x0000026f9fae96c0, 0x0000026f9faea7f8]
Event: 11.293 Thread 0x00000273a9291000 18767   !   3       jdk.proxy4.$Proxy62::cinclude (29 bytes)
Event: 11.293 Thread 0x00000273a960c510 18768   !   3       jdk.proxy4.$Proxy62::link (29 bytes)
Event: 11.293 Thread 0x00000273a9291000 nmethod 18767 0x0000026f97b0f710 code [0x0000026f97b0f8e0, 0x0000026f97b0fce8]
Event: 11.293 Thread 0x00000273a960c510 nmethod 18768 0x0000026f97b0ef90 code [0x0000026f97b0f160, 0x0000026f97b0f568]
Event: 11.296 Thread 0x00000273a9291000 18772   !   3       jdk.proxy4.$Proxy62::preloadpath (29 bytes)
Event: 11.296 Thread 0x00000273aefb04b0 18773   !   3       jdk.proxy4.$Proxy62::compiler (29 bytes)
Event: 11.296 Thread 0x00000273a960c510 18774   !   3       jdk.proxy4.$Proxy62::includepath (29 bytes)
Event: 11.296 Thread 0x00000273a921f0a0 18775       4       java.io.WinNTFileSystem::prefixLength (91 bytes)
Event: 11.296 Thread 0x00000273a9291000 nmethod 18772 0x0000026f97b0e810 code [0x0000026f97b0e9e0, 0x0000026f97b0ede8]
Event: 11.296 Thread 0x00000273aefb04b0 nmethod 18773 0x0000026f97b0e090 code [0x0000026f97b0e260, 0x0000026f97b0e668]
Event: 11.296 Thread 0x00000273a960c510 nmethod 18774 0x0000026f97b0d910 code [0x0000026f97b0dae0, 0x0000026f97b0dee8]
Event: 11.297 Thread 0x00000273a960c510 18776       3       sun.nio.cs.StreamEncoder::implFlushBuffer (15 bytes)
Event: 11.297 Thread 0x00000273a960c510 nmethod 18776 0x0000026f97b0d490 code [0x0000026f97b0d640, 0x0000026f97b0d800]
Event: 11.297 Thread 0x00000273fe831e00 18777       4       de.keksuccino.fancymenu.FancyMenu::getOptions (13 bytes)
Event: 11.298 Thread 0x00000273fe831e00 nmethod 18777 0x0000026f9faebd90 code [0x0000026f9faebf20, 0x0000026f9faebff0]
Event: 11.298 Thread 0x00000273a921f0a0 nmethod 18775 0x0000026f9faec090 code [0x0000026f9faec280, 0x0000026f9faec6e8]
Event: 11.298 Thread 0x00000273a9291000 18778       3       com.ibm.icu.text.BidiRun::<init> (20 bytes)
Event: 11.298 Thread 0x00000273a9291000 nmethod 18778 0x0000026f97b0d090 code [0x0000026f97b0d240, 0x0000026f97b0d3b0]
Event: 11.298 Thread 0x00000273aefb04b0 18779       3       de.keksuccino.fancymenu.util.rendering.ui.widget.button.ExtendedButton::setLabel (22 bytes)
Event: 11.298 Thread 0x00000273a960c510 18780       3       de.keksuccino.fancymenu.util.rendering.ui.widget.button.ExtendedButton$$Lambda/0x000000008142c428::<init> (10 bytes)
Event: 11.298 Thread 0x00000273a960c510 nmethod 18780 0x0000026f97b0cc10 code [0x0000026f97b0cdc0, 0x0000026f97b0cfa0]
Event: 11.298 Thread 0x00000273aefb04b0 nmethod 18779 0x0000026f98448710 code [0x0000026f98448920, 0x0000026f984490e0]
Event: 11.299 Thread 0x00000273a960c510 18782       1       org.watermedia.api.media.players.util.MasterClock::pauseRequested (5 bytes)
Event: 11.299 Thread 0x00000273a960c510 nmethod 18782 0x0000026f9faed710 code [0x0000026f9faed8a0, 0x0000026f9faed970]
Event: 11.300 Thread 0x00000273a921f0a0 18788   !   4       java.nio.DirectIntBufferU::put (37 bytes)
Event: 11.301 Thread 0x00000273a9291000 18789   !   3       org.watermedia.api.media.players.util.MasterClock::consumeSeek (38 bytes)
Event: 11.301 Thread 0x00000273aefb04b0 18790       3       org.watermedia.api.media.players.util.PacketQueue$Entry::<init> (15 bytes)
Event: 11.301 Thread 0x00000273a921f0a0 nmethod 18788 0x0000026f9faee890 code [0x0000026f9faeea20, 0x0000026f9faeeb80]
Event: 11.301 Thread 0x00000273aefb04b0 nmethod 18790 0x0000026f97b0c590 code [0x0000026f97b0c740, 0x0000026f97b0c920]
Event: 11.301 Thread 0x00000273a9291000 nmethod 18789 0x0000026f98447690 code [0x0000026f98447900, 0x0000026f984483e8]
Event: 11.302 Thread 0x00000273a9291000 18791       3       java.util.concurrent.ScheduledThreadPoolExecutor::reExecutePeriodic (49 bytes)
Event: 11.302 Thread 0x00000273a9291000 nmethod 18791 0x0000026f98446b90 code [0x0000026f98446dc0, 0x0000026f98447460]
Event: 11.303 Thread 0x00000273a9291000 18792   !   3       org.watermedia.api.media.players.util.PacketQueue::tryPut (99 bytes)
Event: 11.303 Thread 0x00000273a9291000 nmethod 18792 0x0000026f98445e90 code [0x0000026f984460c0, 0x0000026f98446828]
Event: 11.305 Thread 0x00000273a92cf8d0 nmethod 18765 0x0000026f98881390 code [0x0000026f98884ea0, 0x0000026f988a8468]
Event: 11.305 Thread 0x00000273a9291000 18793       3       org.watermedia.api.media.players.FFMediaPlayer$1::call (16 bytes)
Event: 11.305 Thread 0x00000273a9291000 nmethod 18793 0x0000026f98445a90 code [0x0000026f98445c40, 0x0000026f98445e00]
Event: 11.305 Thread 0x00000273a92cf8d0 18794   !   3       org.watermedia.api.media.players.util.PacketQueue::put (132 bytes)
Event: 11.305 Thread 0x00000273a92cf8d0 nmethod 18794 0x0000026f98444810 code [0x0000026f98444aa0, 0x0000026f98445540]
Event: 11.313 Thread 0x00000273a960c510 18795       3       de.keksuccino.fancymenu.customization.layer.ScreenCustomizationLayer::onScreenTickPre (85 bytes)
Event: 11.313 Thread 0x00000273a921f0a0 18796       4       de.keksuccino.fancymenu.util.properties.Property$FloatProperty::getFloat (36 bytes)
Event: 11.313 Thread 0x00000273a92cf8d0 18797       3       net.minecraft.client.renderer.RenderStateShard$CullStateShard$$Lambda/0x0000000080f3fce8::run (8 bytes)
Event: 11.313 Thread 0x00000273a9291000 18798       3       net.minecraft.client.renderer.RenderStateShard$CullStateShard::lambda$new$0 (8 bytes)
Event: 11.313 Thread 0x00000273aefb04b0 18799       3       net.minecraft.client.renderer.RenderStateShard$LightmapStateShard$$Lambda/0x0000000080f3e0d0::run (8 bytes)
Event: 11.313 Thread 0x00000273a960c510 nmethod 18795 0x0000026f98442f90 code [0x0000026f98443280, 0x0000026f984442e8]
Event: 11.313 Thread 0x00000273a960c510 18800       3       net.minecraft.client.renderer.RenderStateShard$LightmapStateShard::lambda$new$0 (17 bytes)
Event: 11.313 Thread 0x00000273fe831e00 18820       4       net.minecraft.client.renderer.RenderStateShard::setupRenderState (10 bytes)
Event: 11.313 Thread 0x00000273a960c510 nmethod 18800 0x0000026f98442990 code [0x0000026f98442b60, 0x0000026f98442e20]
Event: 11.313 Thread 0x00000273aefb04b0 nmethod 18799 0x0000026f98442310 code [0x0000026f984424e0, 0x0000026f98442820]
Event: 11.313 Thread 0x00000273a960c510 18801       3       net.minecraft.client.renderer.RenderStateShard$OverlayStateShard$$Lambda/0x0000000080f3f478::run (8 bytes)
Event: 11.313 Thread 0x00000273aefb04b0 18802       3       net.minecraft.client.renderer.RenderStateShard$OverlayStateShard::lambda$new$0 (17 bytes)
Event: 11.313 Thread 0x00000273a9291000 nmethod 18798 0x0000026f98441590 code [0x0000026f984417e0, 0x0000026f98442030]
Event: 11.313 Thread 0x00000273a92cf8d0 nmethod 18797 0x0000026f98440790 code [0x0000026f984409e0, 0x0000026f984412c0]
Event: 11.313 Thread 0x00000273a9291000 18803       3       net.minecraft.client.renderer.RenderStateShard$$Lambda/0x0000000080f393f8::run (4 bytes)
Event: 11.313 Thread 0x00000273a92cf8d0 18804       3       net.minecraft.client.renderer.RenderStateShard::lambda$static$18 (1 bytes)
Event: 11.313 Thread 0x00000273fe831e00 nmethod 18820 0x0000026f9faeed10 code [0x0000026f9faeeea0, 0x0000026f9faeef80]
Event: 11.313 Thread 0x00000273a9291000 nmethod 18803 0x0000026f98440390 code [0x0000026f98440540, 0x0000026f984406a0]
Event: 11.314 Thread 0x00000273a92cf8d0 nmethod 18804 0x0000026f982ff090 code [0x0000026f982ff220, 0x0000026f982ff308]
Event: 11.314 Thread 0x00000273a9291000 18805       3       net.minecraft.client.renderer.RenderStateShard$$Lambda/0x0000000080f38c20::run (4 bytes)
Event: 11.314 Thread 0x00000273a92cf8d0 18806       3       net.minecraft.client.renderer.RenderStateShard::lambda$static$24 (1 bytes)
Event: 11.314 Thread 0x00000273a92cf8d0 nmethod 18806 0x0000026f98401d90 code [0x0000026f98401f20, 0x0000026f98402008]
Event: 11.314 Thread 0x00000273a9291000 nmethod 18805 0x0000026f9843ff90 code [0x0000026f98440140, 0x0000026f984402a0]
Event: 11.314 Thread 0x00000273a92cf8d0 18807       3       net.minecraft.client.renderer.RenderStateShard$$Lambda/0x0000000080f3ca50::run (4 bytes)
Event: 11.314 Thread 0x00000273a9291000 18808       3       net.minecraft.client.renderer.RenderStateShard::lambda$static$12 (1 bytes)
Event: 11.314 Thread 0x00000273a921f0a0 nmethod 18796 0x0000026f9faef010 code [0x0000026f9faef1c0, 0x0000026f9faef3a0]
Event: 11.314 Thread 0x00000273a9291000 nmethod 18808 0x0000026f9844fd10 code [0x0000026f9844fea0, 0x0000026f9844ff88]
Event: 11.314 Thread 0x00000273a9291000 18809       3       net.minecraft.client.renderer.RenderStateShard$WriteMaskStateShard$$Lambda/0x0000000080f3b740::run (12 bytes)
Event: 11.314 Thread 0x00000273a92cf8d0 nmethod 18807 0x0000026f9843fb90 code [0x0000026f9843fd40, 0x0000026f9843fea0]
Event: 11.314 Thread 0x00000273a92cf8d0 18810       3       net.minecraft.client.renderer.RenderStateShard$WriteMaskStateShard::lambda$new$0 (20 bytes)
Event: 11.314 Thread 0x00000273a960c510 nmethod 18801 0x0000026f9843e990 code [0x0000026f9843ec20, 0x0000026f9843f7c8]
Event: 11.314 Thread 0x00000273a960c510 18811       3       net.minecraft.client.renderer.RenderStateShard$$Lambda/0x0000000080f434b0::run (4 bytes)
Event: 11.314 Thread 0x00000273aefb04b0 nmethod 18802 0x0000026f9843d210 code [0x0000026f9843d500, 0x0000026f9843e4c8]
Event: 11.314 Thread 0x00000273aefb04b0 18812       3       net.minecraft.client.renderer.RenderStateShard::lambda$static$38 (4 bytes)
Event: 11.314 Thread 0x00000273a960c510 nmethod 18811 0x0000026f9843c410 code [0x0000026f9843c660, 0x0000026f9843cef8]
Event: 11.314 Thread 0x00000273a960c510 18813       3       com.mojang.blaze3d.systems.RenderSystem::disableColorLogicOp (7 bytes)
Event: 11.314 Thread 0x00000273a92cf8d0 nmethod 18810 0x0000026f9843b190 code [0x0000026f9843b440, 0x0000026f9843c058]
Event: 11.314 Thread 0x00000273a92cf8d0 18814       3       com.mojang.blaze3d.platform.GlStateManager::_disableColorLogicOp (13 bytes)
Event: 11.314 Thread 0x00000273a92cf8d0 nmethod 18814 0x0000026f9843a890 code [0x0000026f9843aaa0, 0x0000026f9843af78]
Event: 11.314 Thread 0x00000273a960c510 nmethod 18813 0x0000026f98439c10 code [0x0000026f98439e60, 0x0000026f9843a620]
Event: 11.314 Thread 0x00000273a92cf8d0 18815       3       net.minecraft.client.renderer.RenderStateShard$LineStateShard$$Lambda/0x0000000080f42a10::run (8 bytes)
Event: 11.314 Thread 0x00000273aefb04b0 nmethod 18812 0x0000026f98438f10 code [0x0000026f98439160, 0x0000026f98439980]
Event: 11.314 Thread 0x00000273a960c510 18816       3       net.minecraft.client.renderer.RenderStateShard$LineStateShard::lambda$new$0 (54 bytes)
Event: 11.314 Thread 0x00000273a9291000 nmethod 18809 0x0000026f98437b90 code [0x0000026f98437e40, 0x0000026f98438ad0]
Event: 11.314 Thread 0x00000273aefb04b0 18817       3       net.minecraft.client.renderer.RenderType$CompositeRenderType$$Lambda/0x0000000080f51340::run (8 bytes)
Event: 11.314 Thread 0x00000273a9291000 18818       3       net.minecraft.client.renderer.RenderType$CompositeRenderType::lambda$new$2 (13 bytes)
Event: 11.314 Thread 0x00000273a92cf8d0 nmethod 18815 0x0000026f98437790 code [0x0000026f98437940, 0x0000026f98437aa8]
Event: 11.314 Thread 0x00000273a92cf8d0 18819       3       net.minecraft.client.renderer.RenderStateShard$CullStateShard$$Lambda/0x0000000080f3a000::run (8 bytes)
Event: 11.314 Thread 0x00000273a9291000 nmethod 18818 0x0000026f98437110 code [0x0000026f984372e0, 0x0000026f98437660]
Event: 11.314 Thread 0x00000273aefb04b0 nmethod 18817 0x0000026f98436990 code [0x0000026f98436b60, 0x0000026f98436f90]
Event: 11.314 Thread 0x00000273a92cf8d0 nmethod 18819 0x0000026f9727e310 code [0x0000026f9727e560, 0x0000026f9727ee40]
Event: 11.314 Thread 0x00000273a92cf8d0 18821       3       org.spongepowered.asm.mixin.injection.callback.CallbackInfoReturnable::<init> (12 bytes)
Event: 11.314 Thread 0x00000273a9291000 18822       3       net.minecraft.util.StringDecomposer::iterateFormatted (9 bytes)
Event: 11.315 Thread 0x00000273a960c510 nmethod 18816 0x0000026f9727ca90 code [0x0000026f9727cdc0, 0x0000026f9727de40]
Event: 11.315 Thread 0x00000273a9291000 nmethod 18822 0x0000026f98436610 code [0x0000026f984367c0, 0x0000026f984368e8]
Event: 11.315 Thread 0x00000273a92cf8d0 nmethod 18821 0x0000026f9727c510 code [0x0000026f9727c6c0, 0x0000026f9727c978]
Event: 11.315 Thread 0x00000273a960c510 18823       3       de.keksuccino.fancymenu.events.widget.RenderWidgetEvent::<init> (20 bytes)
Event: 11.315 Thread 0x00000273a921f0a0 18824       4       org.apache.logging.log4j.core.util.datetime.FastDatePrinter$PaddedNumberField::appendTo (14 bytes)
Event: 11.315 Thread 0x00000273a960c510 nmethod 18823 0x0000026f9727bf90 code [0x0000026f9727c140, 0x0000026f9727c3f8]
Event: 11.315 Thread 0x00000273aefb04b0 18825       3       net.minecraft.network.chat.contents.PlainTextContents$LiteralContents::visit (12 bytes)
Event: 11.315 Thread 0x00000273aefb04b0 nmethod 18825 0x0000026f9727bb10 code [0x0000026f9727bcc0, 0x0000026f9727bed0]
Event: 11.315 Thread 0x00000273fe831e00 18826       4       de.keksuccino.fancymenu.customization.element.AbstractElement::updateAutoSizing (214 bytes)
Event: 11.315 Thread 0x00000273a9291000 18827       3       de.keksuccino.fancymenu.customization.element.elements.button.custombutton.ButtonElement::updateWidgetLabels (82 bytes)
Event: 11.315 Thread 0x00000273aefb04b0 18828       3       de.keksuccino.fancymenu.util.rendering.ui.widget.button.ExtendedButton::setMessage (7 bytes)
Event: 11.315 Thread 0x00000273a960c510 18829       3       de.keksuccino.fancymenu.customization.element.elements.button.custombutton.ButtonElement::updateWidgetSize (36 bytes)
Event: 11.315 Thread 0x00000273a92cf8d0 18830       3       de.keksuccino.fancymenu.customization.element.elements.button.custombutton.ButtonElement::updateWidgetPosition (31 bytes)
Event: 11.315 Thread 0x00000273aefb04b0 nmethod 18828 0x0000026f9727ae10 code [0x0000026f9727b020, 0x0000026f9727b870]
Event: 11.315 Thread 0x00000273aefb04b0 18831       3       de.keksuccino.fancymenu.customization.element.elements.button.custombutton.ButtonElement::updateWidgetNavigatable (28 bytes)
Event: 11.316 Thread 0x00000273a960c510 nmethod 18829 0x0000026f97279990 code [0x0000026f97279c00, 0x0000026f9727ab40]
Event: 11.316 Thread 0x00000273a92cf8d0 nmethod 18830 0x0000026f97278690 code [0x0000026f97278900, 0x0000026f97279720]
Event: 11.316 Thread 0x00000273aefb04b0 nmethod 18831 0x0000026f97277b90 code [0x0000026f97277d80, 0x0000026f972784f8]
Event: 11.316 Thread 0x00000273a921f0a0 nmethod 18824 0x0000026f9faef510 code [0x0000026f9faef6e0, 0x0000026f9faef8f0]
Event: 11.316 Thread 0x00000273a9291000 nmethod 18827 0x0000026f97275510 code [0x0000026f972758a0, 0x0000026f97277660]
Event: 11.317 Thread 0x00000273fe831e00 nmethod 18826 0x0000026f9faefb10 code [0x0000026f9faefce0, 0x0000026f9faf01b0]
Event: 11.324 Thread 0x00000273a92cf8d0 18832       1       org.watermedia.api.media.players.util.MasterClock::status (5 bytes)
Event: 11.324 Thread 0x00000273a92cf8d0 nmethod 18832 0x0000026f9faf0410 code [0x0000026f9faf05a0, 0x0000026f9faf0698]
Event: 11.330 Thread 0x00000273a960c510 18833       1       org.watermedia.api.media.players.util.MasterClock::serial (5 bytes)
Event: 11.330 Thread 0x00000273a960c510 nmethod 18833 0x0000026f9faf0710 code [0x0000026f9faf08a0, 0x0000026f9faf0968]
Event: 11.337 Thread 0x00000273a9291000 18834       1       net.minecraft.client.MouseHandler::xpos (5 bytes)
Event: 11.337 Thread 0x00000273a92cf8d0 18835       1       com.mojang.blaze3d.platform.Window::getScreenWidth (5 bytes)
Event: 11.337 Thread 0x00000273a960c510 18836       1       net.minecraft.client.MouseHandler::ypos (5 bytes)
Event: 11.337 Thread 0x00000273aefb04b0 18837       1       com.mojang.blaze3d.platform.Window::getScreenHeight (5 bytes)
Event: 11.337 Thread 0x00000273a9291000 nmethod 18834 0x0000026f9faf0a10 code [0x0000026f9faf0ba0, 0x0000026f9faf0c68]
Event: 11.337 Thread 0x00000273a960c510 nmethod 18836 0x0000026f9faf0d10 code [0x0000026f9faf0ea0, 0x0000026f9faf0f68]
Event: 11.337 Thread 0x00000273aefb04b0 nmethod 18837 0x0000026f9faf1010 code [0x0000026f9faf11a0, 0x0000026f9faf1268]
Event: 11.337 Thread 0x00000273a92cf8d0 nmethod 18835 0x0000026f9faf1310 code [0x0000026f9faf14a0, 0x0000026f9faf1568]
Event: 11.337 Thread 0x00000273a921f0a0 18838       4       de.keksuccino.fancymenu.customization.element.elements.button.custombutton.ButtonElement::shouldRender (43 bytes)

GC Heap History (20 events):
Event: 0.494 GC heap before
{Heap before GC invocations=0 (full 0):
 ZHeap           used 84M, capacity 256M, max capacity 16384M
 Metaspace       used 21157K, committed 21568K, reserved 1114112K
  class space    used 2154K, committed 2304K, reserved 1048576K
}
Event: 0.510 GC heap after
{Heap after GC invocations=1 (full 1):
 ZHeap           used 62M, capacity 256M, max capacity 16384M
 Metaspace       used 21430K, committed 21824K, reserved 1114112K
  class space    used 2178K, committed 2368K, reserved 1048576K
}
Event: 0.510 GC heap before
{Heap before GC invocations=1 (full 1):
 ZHeap           used 62M, capacity 256M, max capacity 16384M
 Metaspace       used 21430K, committed 21824K, reserved 1114112K
  class space    used 2178K, committed 2368K, reserved 1048576K
}
Event: 0.531 GC heap after
{Heap after GC invocations=1 (full 1):
 ZHeap           used 62M, capacity 256M, max capacity 16384M
 Metaspace       used 21812K, committed 22208K, reserved 1114112K
  class space    used 2237K, committed 2432K, reserved 1048576K
}
Event: 1.798 GC heap before
{Heap before GC invocations=1 (full 1):
 ZHeap           used 478M, capacity 478M, max capacity 16384M
 Metaspace       used 36450K, committed 37056K, reserved 1114112K
  class space    used 3867K, committed 4160K, reserved 1048576K
}
Event: 1.872 GC heap after
{Heap after GC invocations=2 (full 2):
 ZHeap           used 198M, capacity 564M, max capacity 16384M
 Metaspace       used 37781K, committed 38336K, reserved 1114112K
  class space    used 4036K, committed 4288K, reserved 1048576K
}
Event: 1.872 GC heap before
{Heap before GC invocations=2 (full 2):
 ZHeap           used 198M, capacity 564M, max capacity 16384M
 Metaspace       used 37781K, committed 38336K, reserved 1114112K
  class space    used 4036K, committed 4288K, reserved 1048576K
}
Event: 1.899 GC heap after
{Heap after GC invocations=2 (full 2):
 ZHeap           used 208M, capacity 564M, max capacity 16384M
 Metaspace       used 38215K, committed 38848K, reserved 1114112K
  class space    used 4114K, committed 4416K, reserved 1048576K
}
Event: 2.640 GC heap before
{Heap before GC invocations=2 (full 2):
 ZHeap           used 1640M, capacity 1640M, max capacity 16384M
 Metaspace       used 44383K, committed 45248K, reserved 1114112K
  class space    used 4934K, committed 5376K, reserved 1048576K
}
Event: 2.702 GC heap after
{Heap after GC invocations=3 (full 3):
 ZHeap           used 344M, capacity 1836M, max capacity 16384M
 Metaspace       used 44927K, committed 45952K, reserved 1114112K
  class space    used 5015K, committed 5504K, reserved 1048576K
}
Event: 2.702 GC heap before
{Heap before GC invocations=3 (full 3):
 ZHeap           used 344M, capacity 1836M, max capacity 16384M
 Metaspace       used 44927K, committed 45952K, reserved 1114112K
  class space    used 5015K, committed 5504K, reserved 1048576K
}
Event: 2.724 GC heap after
{Heap after GC invocations=3 (full 3):
 ZHeap           used 390M, capacity 1836M, max capacity 16384M
 Metaspace       used 45138K, committed 46208K, reserved 1114112K
  class space    used 5065K, committed 5568K, reserved 1048576K
}
Event: 4.918 GC heap before
{Heap before GC invocations=3 (full 3):
 ZHeap           used 1900M, capacity 1900M, max capacity 16384M
 Metaspace       used 75847K, committed 77056K, reserved 1179648K
  class space    used 9598K, committed 10176K, reserved 1048576K
}
Event: 5.303 GC heap after
{Heap after GC invocations=4 (full 4):
 ZHeap           used 586M, capacity 2034M, max capacity 16384M
 Metaspace       used 81636K, committed 83008K, reserved 1179648K
  class space    used 11027K, committed 11648K, reserved 1048576K
}
Event: 5.303 GC heap before
{Heap before GC invocations=4 (full 4):
 ZHeap           used 586M, capacity 2034M, max capacity 16384M
 Metaspace       used 81636K, committed 83008K, reserved 1179648K
  class space    used 11027K, committed 11648K, reserved 1048576K
}
Event: 5.340 GC heap after
{Heap after GC invocations=4 (full 4):
 ZHeap           used 618M, capacity 2034M, max capacity 16384M
 Metaspace       used 81758K, committed 83136K, reserved 1179648K
  class space    used 11068K, committed 11712K, reserved 1048576K
}
Event: 8.713 GC heap before
{Heap before GC invocations=4 (full 4):
 ZHeap           used 3280M, capacity 3280M, max capacity 16384M
 Metaspace       used 127371K, committed 129024K, reserved 1179648K
  class space    used 18089K, committed 18880K, reserved 1048576K
}
Event: 8.913 GC heap after
{Heap after GC invocations=5 (full 5):
 ZHeap           used 928M, capacity 3746M, max capacity 16384M
 Metaspace       used 130275K, committed 131968K, reserved 1179648K
  class space    used 18465K, committed 19264K, reserved 1048576K
}
Event: 8.913 GC heap before
{Heap before GC invocations=5 (full 5):
 ZHeap           used 928M, capacity 3746M, max capacity 16384M
 Metaspace       used 130275K, committed 131968K, reserved 1179648K
  class space    used 18465K, committed 19264K, reserved 1048576K
}
Event: 8.956 GC heap after
{Heap after GC invocations=5 (full 5):
 ZHeap           used 1074M, capacity 3746M, max capacity 16384M
 Metaspace       used 130945K, committed 132608K, reserved 1179648K
  class space    used 18564K, committed 19328K, reserved 1048576K
}

Dll operation events (76 events):
Event: 0.003 Loaded shared library C:\Games\Minecraft\Install\runtime\java-runtime-delta\windows-x64\java-runtime-delta\bin\java.dll
Event: 0.006 Loaded shared library KernelBase
Event: 0.028 Loaded shared library C:\Games\Minecraft\Install\runtime\java-runtime-delta\windows-x64\java-runtime-delta\bin\zip.dll
Event: 0.052 Loaded shared library C:\Games\Minecraft\Install\runtime\java-runtime-delta\windows-x64\java-runtime-delta\bin\jsvml.dll
Event: 0.106 Loaded shared library C:\Games\Minecraft\Install\runtime\java-runtime-delta\windows-x64\java-runtime-delta\bin\net.dll
Event: 0.107 Loaded shared library C:\Games\Minecraft\Install\runtime\java-runtime-delta\windows-x64\java-runtime-delta\bin\nio.dll
Event: 0.111 Loaded shared library C:\Games\Minecraft\Install\runtime\java-runtime-delta\windows-x64\java-runtime-delta\bin\zip.dll
Event: 0.139 Loaded shared library C:\Games\Minecraft\Install\runtime\java-runtime-delta\windows-x64\java-runtime-delta\bin\instrument.dll
Event: 0.201 Loaded shared library C:\Games\Minecraft\Install\runtime\java-runtime-delta\windows-x64\java-runtime-delta\bin\jimage.dll
Event: 0.327 Loaded shared library C:\Games\Minecraft\Install\runtime\java-runtime-delta\windows-x64\java-runtime-delta\bin\management.dll
Event: 0.328 Loaded shared library C:\Games\Minecraft\Install\runtime\java-runtime-delta\windows-x64\java-runtime-delta\bin\management_ext.dll
Event: 0.542 Loaded shared library C:\Games\Minecraft\Install\runtime\java-runtime-delta\windows-x64\java-runtime-delta\bin\verify.dll
Event: 1.358 Loaded shared library C:\Games\Minecraft\Install\versions\neoforge-21.1.233\neoforge-21.1.233-natives-37346820841500\lwjgl.dll
Event: 1.561 Loaded shared library C:\Games\Minecraft\Install\versions\neoforge-21.1.233\neoforge-21.1.233-natives-37346820841500\lwjgl_opengl.dll
Event: 2.961 Loaded shared library C:\Games\Minecraft\Install\versions\neoforge-21.1.233\neoforge-21.1.233-natives-37346820841500\jna15226825816918695383.dll
Event: 2.970 Loaded shared library C:\Users\Max\AppData\Local\Temp\discord-rpc\discord-rpc.dll
Event: 3.370 Loaded shared library C:\Games\Minecraft\Install\versions\neoforge-21.1.233\neoforge-21.1.233-natives-37346820841500\jna16936258847861840448.dll
Event: 6.047 Loaded shared library C:\Games\Minecraft\Install\runtime\java-runtime-delta\windows-x64\java-runtime-delta\bin\sunmscapi.dll
Event: 6.128 Loaded shared library C:\Games\Minecraft\Install\runtime\java-runtime-delta\windows-x64\java-runtime-delta\bin\extnet.dll
Event: 6.245 Loaded shared library C:\Games\Minecraft\Install\versions\neoforge-21.1.233\neoforge-21.1.233-natives-37346820841500\lwjgl_stb.dll
Event: 6.380 Loaded shared library C:\Games\Minecraft\Install\runtime\java-runtime-delta\windows-x64\java-runtime-delta\bin\awt.dll
Event: 7.507 Loaded shared library C:\Program Files (x86)\Windows Kits\10\Redist\ucrt\DLLs\x64\api-ms-win-crt-locale-l1-1-0.dll
Event: 7.508 Loaded shared library C:\Program Files (x86)\Windows Kits\10\Redist\ucrt\DLLs\x64\api-ms-win-crt-string-l1-1-0.dll
Event: 7.509 Loaded shared library C:\Program Files (x86)\Windows Kits\10\Redist\ucrt\DLLs\x64\api-ms-win-crt-stdio-l1-1-0.dll
Event: 7.510 Loaded shared library C:\Program Files (x86)\Windows Kits\10\Redist\ucrt\DLLs\x64\api-ms-win-crt-math-l1-1-0.dll
Event: 7.511 Loaded shared library C:\Program Files (x86)\Windows Kits\10\Redist\ucrt\DLLs\x64\api-ms-win-crt-heap-l1-1-0.dll
Event: 7.512 Loaded shared library C:\Program Files (x86)\Windows Kits\10\Redist\ucrt\DLLs\x64\api-ms-win-crt-runtime-l1-1-0.dll
Event: 7.513 Loaded shared library C:\Program Files (x86)\Windows Kits\10\Redist\ucrt\DLLs\x64\api-ms-win-crt-convert-l1-1-0.dll
Event: 7.514 Loaded shared library C:\Program Files (x86)\Windows Kits\10\Redist\ucrt\DLLs\x64\api-ms-win-crt-environment-l1-1-0.dll
Event: 7.516 Loaded shared library C:\Program Files (x86)\Windows Kits\10\Redist\ucrt\DLLs\x64\api-ms-win-crt-time-l1-1-0.dll
Event: 7.517 Loaded shared library C:\Program Files (x86)\Windows Kits\10\Redist\ucrt\DLLs\x64\api-ms-win-crt-filesystem-l1-1-0.dll
Event: 7.519 Loaded shared library C:\Program Files (x86)\Windows Kits\10\Redist\ucrt\DLLs\x64\api-ms-win-crt-utility-l1-1-0.dll
Event: 7.521 Loaded shared library C:\Program Files (x86)\Windows Kits\10\Redist\ucrt\DLLs\x64\api-ms-win-crt-multibyte-l1-1-0.dll
Event: 7.523 Loaded shared library C:\Program Files (x86)\Windows Kits\10\Redist\ucrt\DLLs\x64\api-ms-win-crt-conio-l1-1-0.dll
Event: 7.525 Loaded shared library C:\Program Files (x86)\Windows Kits\10\Redist\ucrt\DLLs\x64\api-ms-win-crt-private-l1-1-0.dll
Event: 7.527 Loaded shared library C:\Program Files (x86)\Windows Kits\10\Redist\ucrt\DLLs\x64\api-ms-win-crt-process-l1-1-0.dll
Event: 7.529 Loaded shared library C:\Games\Minecraft\Install\runtime\java-runtime-delta\windows-x64\java-runtime-delta\bin\api-ms-win-core-console-l1-2-0.dll
Event: 7.531 Loaded shared library C:\Program Files (x86)\Windows Kits\10\Redist\ucrt\DLLs\x64\api-ms-win-core-string-l1-1-0.dll
Event: 7.534 Loaded shared library C:\Program Files (x86)\Windows Kits\10\Redist\ucrt\DLLs\x64\api-ms-win-core-errorhandling-l1-1-0.dll
Event: 7.536 Loaded shared library C:\Program Files (x86)\Windows Kits\10\Redist\ucrt\DLLs\x64\api-ms-win-core-timezone-l1-1-0.dll
Event: 7.539 Loaded shared library C:\Program Files (x86)\Windows Kits\10\Redist\ucrt\DLLs\x64\api-ms-win-core-file-l1-1-0.dll
Event: 7.542 Loaded shared library C:\Program Files (x86)\Windows Kits\10\Redist\ucrt\DLLs\x64\api-ms-win-core-namedpipe-l1-1-0.dll
Event: 7.544 Loaded shared library C:\Program Files (x86)\Windows Kits\10\Redist\ucrt\DLLs\x64\api-ms-win-core-handle-l1-1-0.dll
Event: 7.547 Loaded shared library C:\Program Files (x86)\Windows Kits\10\Redist\ucrt\DLLs\x64\api-ms-win-core-file-l2-1-0.dll
Event: 7.550 Loaded shared library C:\Program Files (x86)\Windows Kits\10\Redist\ucrt\DLLs\x64\api-ms-win-core-heap-l1-1-0.dll
Event: 7.552 Loaded shared library C:\Program Files (x86)\Windows Kits\10\Redist\ucrt\DLLs\x64\api-ms-win-core-libraryloader-l1-1-0.dll
Event: 7.555 Loaded shared library C:\Program Files (x86)\Windows Kits\10\Redist\ucrt\DLLs\x64\api-ms-win-core-synch-l1-1-0.dll
Event: 7.558 Loaded shared library C:\Program Files (x86)\Windows Kits\10\Redist\ucrt\DLLs\x64\api-ms-win-core-processthreads-l1-1-0.dll
Event: 7.561 Loaded shared library C:\Program Files (x86)\Windows Kits\10\Redist\ucrt\DLLs\x64\api-ms-win-core-processenvironment-l1-1-0.dll
Event: 7.564 Loaded shared library C:\Program Files (x86)\Windows Kits\10\Redist\ucrt\DLLs\x64\api-ms-win-core-datetime-l1-1-0.dll
Event: 7.567 Loaded shared library C:\Program Files (x86)\Windows Kits\10\Redist\ucrt\DLLs\x64\api-ms-win-core-localization-l1-2-0.dll
Event: 7.570 Loaded shared library C:\Program Files (x86)\Windows Kits\10\Redist\ucrt\DLLs\x64\api-ms-win-core-sysinfo-l1-1-0.dll
Event: 7.575 Loaded shared library C:\Program Files (x86)\Windows Kits\10\Redist\ucrt\DLLs\x64\api-ms-win-core-synch-l1-2-0.dll
Event: 7.578 Loaded shared library C:\Program Files (x86)\Windows Kits\10\Redist\ucrt\DLLs\x64\api-ms-win-core-console-l1-1-0.dll
Event: 7.581 Loaded shared library C:\Program Files (x86)\Windows Kits\10\Redist\ucrt\DLLs\x64\api-ms-win-core-debug-l1-1-0.dll
Event: 7.586 Loaded shared library C:\Program Files (x86)\Windows Kits\10\Redist\ucrt\DLLs\x64\api-ms-win-core-rtlsupport-l1-1-0.dll
Event: 7.592 Loaded shared library C:\Program Files (x86)\Windows Kits\10\Redist\ucrt\DLLs\x64\api-ms-win-core-processthreads-l1-1-1.dll
Event: 7.598 Loaded shared library C:\Program Files (x86)\Windows Kits\10\Redist\ucrt\DLLs\x64\api-ms-win-core-file-l1-2-0.dll
Event: 7.604 Loaded shared library C:\Program Files (x86)\Windows Kits\10\Redist\ucrt\DLLs\x64\api-ms-win-core-profile-l1-1-0.dll
Event: 7.610 Loaded shared library C:\Program Files (x86)\Windows Kits\10\Redist\ucrt\DLLs\x64\api-ms-win-core-memory-l1-1-0.dll
Event: 7.617 Loaded shared library C:\Program Files (x86)\Windows Kits\10\Redist\ucrt\DLLs\x64\api-ms-win-core-util-l1-1-0.dll
Event: 7.623 Loaded shared library C:\Program Files (x86)\Windows Kits\10\Redist\ucrt\DLLs\x64\api-ms-win-core-interlocked-l1-1-0.dll
Event: 7.629 Loaded shared library C:\Program Files (x86)\Windows Kits\10\Redist\ucrt\DLLs\x64\ucrtbase.dll
Event: 7.636 Loaded shared library C:\Games\Minecraft\Install\runtime\java-runtime-delta\windows-x64\java-runtime-delta\bin\vcruntime140.dll
Event: 7.642 Loaded shared library C:\Games\Minecraft\Install\runtime\java-runtime-delta\windows-x64\java-runtime-delta\bin\vcruntime140_1.dll
Event: 7.654 Loaded shared library C:\Games\Minecraft\Install\runtime\java-runtime-delta\windows-x64\java-runtime-delta\bin\msvcp140.dll
Event: 7.709 Loaded shared library C:\Users\Max\AppData\Local\Temp\watermedia\ffmpeg\avutil-60.dll
Event: 7.738 Loaded shared library C:\Users\Max\AppData\Local\Temp\watermedia\ffmpeg\jniavutil.dll
Event: 7.761 Loaded shared library C:\Users\Max\AppData\Local\Temp\watermedia\ffmpeg\swresample-6.dll
Event: 7.763 Loaded shared library C:\Users\Max\AppData\Local\Temp\watermedia\ffmpeg\jniswresample.dll
Event: 7.771 Loaded shared library C:\Users\Max\AppData\Local\Temp\watermedia\ffmpeg\avcodec-62.dll
Event: 7.773 Loaded shared library C:\Users\Max\AppData\Local\Temp\watermedia\ffmpeg\jniavcodec.dll
Event: 7.779 Loaded shared library C:\Users\Max\AppData\Local\Temp\watermedia\ffmpeg\avformat-62.dll
Event: 7.781 Loaded shared library C:\Users\Max\AppData\Local\Temp\watermedia\ffmpeg\jniavformat.dll
Event: 7.789 Loaded shared library C:\Users\Max\AppData\Local\Temp\watermedia\ffmpeg\swscale-9.dll
Event: 7.791 Loaded shared library C:\Users\Max\AppData\Local\Temp\watermedia\ffmpeg\jniswscale.dll

Deoptimization events (250 events):
Event: 10.036 Thread 0x0000026f931815e0 Uncommon trap: trap_request=0xffffff6e fr.pc=0x0000026f9f2ecda8 relative=0x0000000000000168
Event: 10.036 Thread 0x0000026f931815e0 Uncommon trap: reason=loop_limit_check action=maybe_recompile pc=0x0000026f9f2ecda8 method=it.unimi.dsi.fastutil.objects.Object2ObjectArrayMap.get(Ljava/lang/Object;)Ljava/lang/Object; @ 14 c2
Event: 10.036 Thread 0x0000026f931815e0 DEOPT PACKING pc=0x0000026f9f2ecda8 sp=0x000000fe59cfd670
Event: 10.036 Thread 0x0000026f931815e0 DEOPT UNPACKING pc=0x0000026f9e4473a2 sp=0x000000fe59cfd600 mode 2
Event: 10.042 Thread 0x0000026f931815e0 Uncommon trap: trap_request=0xffffff45 fr.pc=0x0000026f9f858430 relative=0x00000000000006b0
Event: 10.042 Thread 0x0000026f931815e0 Uncommon trap: reason=unstable_if action=reinterpret pc=0x0000026f9f858430 method=com.mojang.blaze3d.platform.NativeImage.setFilter(ZZ)V @ 51 c2
Event: 10.042 Thread 0x0000026f931815e0 DEOPT PACKING pc=0x0000026f9f858430 sp=0x000000fe59cfdca0
Event: 10.042 Thread 0x0000026f931815e0 DEOPT UNPACKING pc=0x0000026f9e4473a2 sp=0x000000fe59cfda30 mode 2
Event: 10.042 Thread 0x0000026f931815e0 Uncommon trap: trap_request=0xffffff45 fr.pc=0x0000026f9ecf7314 relative=0x0000000000000714
Event: 10.042 Thread 0x0000026f931815e0 Uncommon trap: reason=unstable_if action=reinterpret pc=0x0000026f9ecf7314 method=com.mojang.blaze3d.platform.NativeImage.setFilter(ZZ)V @ 51 c2
Event: 10.042 Thread 0x0000026f931815e0 DEOPT PACKING pc=0x0000026f9ecf7314 sp=0x000000fe59cfdb70
Event: 10.042 Thread 0x0000026f931815e0 DEOPT UNPACKING pc=0x0000026f9e4473a2 sp=0x000000fe59cfd9f8 mode 2
Event: 10.042 Thread 0x0000026f931815e0 Uncommon trap: trap_request=0xffffff45 fr.pc=0x0000026f9ecf8b14 relative=0x0000000000000714
Event: 10.042 Thread 0x0000026f931815e0 Uncommon trap: reason=unstable_if action=reinterpret pc=0x0000026f9ecf8b14 method=com.mojang.blaze3d.platform.NativeImage.setFilter(ZZ)V @ 51 c2
Event: 10.042 Thread 0x0000026f931815e0 DEOPT PACKING pc=0x0000026f9ecf8b14 sp=0x000000fe59cfdac0
Event: 10.042 Thread 0x0000026f931815e0 DEOPT UNPACKING pc=0x0000026f9e4473a2 sp=0x000000fe59cfda00 mode 2
Event: 10.042 Thread 0x0000026f931815e0 Uncommon trap: trap_request=0xffffff45 fr.pc=0x0000026f9f859608 relative=0x00000000000001a8
Event: 10.042 Thread 0x0000026f931815e0 Uncommon trap: reason=unstable_if action=reinterpret pc=0x0000026f9f859608 method=com.mojang.blaze3d.platform.NativeImage.setFilter(ZZ)V @ 51 c2
Event: 10.042 Thread 0x0000026f931815e0 DEOPT PACKING pc=0x0000026f9f859608 sp=0x000000fe59cfda90
Event: 10.042 Thread 0x0000026f931815e0 DEOPT UNPACKING pc=0x0000026f9e4473a2 sp=0x000000fe59cfda30 mode 2
Event: 10.057 Thread 0x0000026f931815e0 DEOPT PACKING pc=0x0000026f984edcc7 sp=0x000000fe59cfd7e0
Event: 10.057 Thread 0x0000026f931815e0 DEOPT UNPACKING pc=0x0000026f9e447ee2 sp=0x000000fe59cfcc98 mode 0
Event: 10.059 Thread 0x0000026f931815e0 DEOPT PACKING pc=0x0000026f984edcc7 sp=0x000000fe59cfd7e0
Event: 10.059 Thread 0x0000026f931815e0 DEOPT UNPACKING pc=0x0000026f9e447ee2 sp=0x000000fe59cfcc98 mode 0
Event: 10.069 Thread 0x0000026f931815e0 Uncommon trap: trap_request=0xffffffc6 fr.pc=0x0000026f9f3e02b4 relative=0x0000000000001b54
Event: 10.069 Thread 0x0000026f931815e0 Uncommon trap: reason=bimorphic_or_optimized_type_check action=maybe_recompile pc=0x0000026f9f3e02b4 method=java.util.regex.Matcher.search(I)Z @ 121 c2
Event: 10.069 Thread 0x0000026f931815e0 DEOPT PACKING pc=0x0000026f9f3e02b4 sp=0x000000fe59cfd650
Event: 10.069 Thread 0x0000026f931815e0 DEOPT UNPACKING pc=0x0000026f9e4473a2 sp=0x000000fe59cfd558 mode 2
Event: 10.069 Thread 0x0000026f931815e0 Uncommon trap: trap_request=0xffffffc6 fr.pc=0x0000026f9f3e02b4 relative=0x0000000000001b54
Event: 10.069 Thread 0x0000026f931815e0 Uncommon trap: reason=bimorphic_or_optimized_type_check action=maybe_recompile pc=0x0000026f9f3e02b4 method=java.util.regex.Matcher.search(I)Z @ 121 c2
Event: 10.069 Thread 0x0000026f931815e0 DEOPT PACKING pc=0x0000026f9f3e02b4 sp=0x000000fe59cfd650
Event: 10.069 Thread 0x0000026f931815e0 DEOPT UNPACKING pc=0x0000026f9e4473a2 sp=0x000000fe59cfd558 mode 2
Event: 10.069 Thread 0x0000026f931815e0 Uncommon trap: trap_request=0xffffffc6 fr.pc=0x0000026f9f3e02b4 relative=0x0000000000001b54
Event: 10.069 Thread 0x0000026f931815e0 Uncommon trap: reason=bimorphic_or_optimized_type_check action=maybe_recompile pc=0x0000026f9f3e02b4 method=java.util.regex.Matcher.search(I)Z @ 121 c2
Event: 10.069 Thread 0x0000026f931815e0 DEOPT PACKING pc=0x0000026f9f3e02b4 sp=0x000000fe59cfd650
Event: 10.069 Thread 0x0000026f931815e0 DEOPT UNPACKING pc=0x0000026f9e4473a2 sp=0x000000fe59cfd558 mode 2
Event: 10.069 Thread 0x0000026f931815e0 Uncommon trap: trap_request=0xffffffc6 fr.pc=0x0000026f9f3e02b4 relative=0x0000000000001b54
Event: 10.069 Thread 0x0000026f931815e0 Uncommon trap: reason=bimorphic_or_optimized_type_check action=maybe_recompile pc=0x0000026f9f3e02b4 method=java.util.regex.Matcher.search(I)Z @ 121 c2
Event: 10.069 Thread 0x0000026f931815e0 DEOPT PACKING pc=0x0000026f9f3e02b4 sp=0x000000fe59cfd650
Event: 10.069 Thread 0x0000026f931815e0 DEOPT UNPACKING pc=0x0000026f9e4473a2 sp=0x000000fe59cfd558 mode 2
Event: 10.080 Thread 0x0000026f931815e0 Uncommon trap: trap_request=0xffffff45 fr.pc=0x0000026f9f72a9c0 relative=0x0000000000000200
Event: 10.080 Thread 0x0000026f931815e0 Uncommon trap: reason=unstable_if action=reinterpret pc=0x0000026f9f72a9c0 method=com.google.common.collect.RegularImmutableMap.get(Ljava/lang/Object;[Lcom/google/common/collect/ImmutableMapEntry;I)Ljava/lang/Object; @ 5 c2
Event: 10.080 Thread 0x0000026f931815e0 DEOPT PACKING pc=0x0000026f9f72a9c0 sp=0x000000fe59cfdc50
Event: 10.080 Thread 0x0000026f931815e0 DEOPT UNPACKING pc=0x0000026f9e4473a2 sp=0x000000fe59cfdb78 mode 2
Event: 10.081 Thread 0x0000026f931815e0 DEOPT PACKING pc=0x0000026f98573c28 sp=0x000000fe59cfd430
Event: 10.081 Thread 0x0000026f931815e0 DEOPT UNPACKING pc=0x0000026f9e447ee2 sp=0x000000fe59cfc928 mode 0
Event: 10.085 Thread 0x0000026f931815e0 Uncommon trap: trap_request=0xffffff45 fr.pc=0x0000026f9f6c2774 relative=0x00000000000000b4
Event: 10.085 Thread 0x0000026f931815e0 Uncommon trap: reason=unstable_if action=reinterpret pc=0x0000026f9f6c2774 method=com.mojang.blaze3d.font.GlyphInfo.getAdvance(Z)F @ 7 c2
Event: 10.085 Thread 0x0000026f931815e0 DEOPT PACKING pc=0x0000026f9f6c2774 sp=0x000000fe59cfd1d0
Event: 10.085 Thread 0x0000026f931815e0 DEOPT UNPACKING pc=0x0000026f9e4473a2 sp=0x000000fe59cfd168 mode 2
Event: 10.096 Thread 0x0000026f931815e0 Uncommon trap: trap_request=0xffffff45 fr.pc=0x0000026f9f94faa0 relative=0x00000000000000e0
Event: 10.096 Thread 0x0000026f931815e0 Uncommon trap: reason=unstable_if action=reinterpret pc=0x0000026f9f94faa0 method=com.google.common.collect.Lists.reverse(Ljava/util/List;)Ljava/util/List; @ 4 c2
Event: 10.096 Thread 0x0000026f931815e0 DEOPT PACKING pc=0x0000026f9f94faa0 sp=0x000000fe59cfd950
Event: 10.096 Thread 0x0000026f931815e0 DEOPT UNPACKING pc=0x0000026f9e4473a2 sp=0x000000fe59cfd8e0 mode 2
Event: 10.099 Thread 0x0000026f931815e0 Uncommon trap: trap_request=0xffffff45 fr.pc=0x0000026f9fa261b0 relative=0x00000000000002f0
Event: 10.099 Thread 0x0000026f931815e0 Uncommon trap: reason=unstable_if action=reinterpret pc=0x0000026f9fa261b0 method=java.util.ArrayList.indexOfRange(Ljava/lang/Object;II)I @ 7 c2
Event: 10.099 Thread 0x0000026f931815e0 DEOPT PACKING pc=0x0000026f9fa261b0 sp=0x000000fe59cfd510
Event: 10.099 Thread 0x0000026f931815e0 DEOPT UNPACKING pc=0x0000026f9e4473a2 sp=0x000000fe59cfd3d0 mode 2
Event: 10.099 Thread 0x0000026f931815e0 Uncommon trap: trap_request=0xffffff45 fr.pc=0x0000026f9f08b5f4 relative=0x00000000000002b4
Event: 10.099 Thread 0x0000026f931815e0 Uncommon trap: reason=unstable_if action=reinterpret pc=0x0000026f9f08b5f4 method=java.util.ArrayList.indexOfRange(Ljava/lang/Object;II)I @ 7 c2
Event: 10.099 Thread 0x0000026f931815e0 DEOPT PACKING pc=0x0000026f9f08b5f4 sp=0x000000fe59cfd460
Event: 10.099 Thread 0x0000026f931815e0 DEOPT UNPACKING pc=0x0000026f9e4473a2 sp=0x000000fe59cfd3e0 mode 2
Event: 10.099 Thread 0x0000026f931815e0 DEOPT PACKING pc=0x0000026f98435c68 sp=0x000000fe59cfce40
Event: 10.099 Thread 0x0000026f931815e0 DEOPT UNPACKING pc=0x0000026f9e447ee2 sp=0x000000fe59cfc2c8 mode 0
Event: 10.103 Thread 0x0000026f931815e0 DEOPT PACKING pc=0x0000026f98435c68 sp=0x000000fe59cfce40
Event: 10.103 Thread 0x0000026f931815e0 DEOPT UNPACKING pc=0x0000026f9e447ee2 sp=0x000000fe59cfc2c8 mode 0
Event: 10.104 Thread 0x0000026f931815e0 DEOPT PACKING pc=0x0000026f970694e7 sp=0x000000fe59cfcfd0
Event: 10.104 Thread 0x0000026f931815e0 DEOPT UNPACKING pc=0x0000026f9e447ee2 sp=0x000000fe59cfc4d0 mode 0
Event: 10.108 Thread 0x0000026f931815e0 DEOPT PACKING pc=0x0000026f98435c68 sp=0x000000fe59cfcca0
Event: 10.108 Thread 0x0000026f931815e0 DEOPT UNPACKING pc=0x0000026f9e447ee2 sp=0x000000fe59cfc128 mode 0
Event: 10.111 Thread 0x0000026f931815e0 Uncommon trap: trap_request=0xffffffde fr.pc=0x0000026f9f94fff8 relative=0x00000000000001b8
Event: 10.111 Thread 0x0000026f931815e0 Uncommon trap: reason=class_check action=maybe_recompile pc=0x0000026f9f94fff8 method=com.google.common.collect.Lists$ReverseList.size()I @ 4 c2
Event: 10.111 Thread 0x0000026f931815e0 DEOPT PACKING pc=0x0000026f9f94fff8 sp=0x000000fe59cfd6a0
Event: 10.111 Thread 0x0000026f931815e0 DEOPT UNPACKING pc=0x0000026f9e4473a2 sp=0x000000fe59cfd4a8 mode 2
Event: 10.111 Thread 0x0000026f931815e0 Uncommon trap: trap_request=0xffffffde fr.pc=0x0000026f9f94d214 relative=0x0000000000000074
Event: 10.111 Thread 0x0000026f931815e0 Uncommon trap: reason=class_check action=maybe_recompile pc=0x0000026f9f94d214 method=com.google.common.collect.Lists$ReverseList$1.hasNext()Z @ 4 c2
Event: 10.111 Thread 0x0000026f931815e0 DEOPT PACKING pc=0x0000026f9f94d214 sp=0x000000fe59cfd6c0
Event: 10.111 Thread 0x0000026f931815e0 DEOPT UNPACKING pc=0x0000026f9e4473a2 sp=0x000000fe59cfd650 mode 2
Event: 10.111 Thread 0x0000026f931815e0 Uncommon trap: trap_request=0xffffffde fr.pc=0x0000026f9f94e408 relative=0x0000000000000128
Event: 10.111 Thread 0x0000026f931815e0 Uncommon trap: reason=class_check action=maybe_recompile pc=0x0000026f9f94e408 method=com.google.common.collect.Lists$ReverseList$1.hasNext()Z @ 4 c2
Event: 10.111 Thread 0x0000026f931815e0 DEOPT PACKING pc=0x0000026f9f94e408 sp=0x000000fe59cfd6b0
Event: 10.111 Thread 0x0000026f931815e0 DEOPT UNPACKING pc=0x0000026f9e4473a2 sp=0x000000fe59cfd5f0 mode 2
Event: 10.111 Thread 0x0000026f931815e0 Uncommon trap: trap_request=0xffffffde fr.pc=0x0000026f9f94d214 relative=0x0000000000000074
Event: 10.111 Thread 0x0000026f931815e0 Uncommon trap: reason=class_check action=maybe_recompile pc=0x0000026f9f94d214 method=com.google.common.collect.Lists$ReverseList$1.hasNext()Z @ 4 c2
Event: 10.111 Thread 0x0000026f931815e0 DEOPT PACKING pc=0x0000026f9f94d214 sp=0x000000fe59cfd6c0
Event: 10.111 Thread 0x0000026f931815e0 DEOPT UNPACKING pc=0x0000026f9e4473a2 sp=0x000000fe59cfd650 mode 2
Event: 10.112 Thread 0x0000026f931815e0 Uncommon trap: trap_request=0xffffffde fr.pc=0x0000026f9f94fff8 relative=0x00000000000001b8
Event: 10.112 Thread 0x0000026f931815e0 Uncommon trap: reason=class_check action=maybe_recompile pc=0x0000026f9f94fff8 method=com.google.common.collect.Lists$ReverseList.size()I @ 4 c2
Event: 10.112 Thread 0x0000026f931815e0 DEOPT PACKING pc=0x0000026f9f94fff8 sp=0x000000fe59cfd6a0
Event: 10.112 Thread 0x0000026f931815e0 DEOPT UNPACKING pc=0x0000026f9e4473a2 sp=0x000000fe59cfd4a8 mode 2
Event: 10.112 Thread 0x0000026f931815e0 Uncommon trap: trap_request=0xffffffde fr.pc=0x0000026f9f94d214 relative=0x0000000000000074
Event: 10.112 Thread 0x0000026f931815e0 Uncommon trap: reason=class_check action=maybe_recompile pc=0x0000026f9f94d214 method=com.google.common.collect.Lists$ReverseList$1.hasNext()Z @ 4 c2
Event: 10.112 Thread 0x0000026f931815e0 DEOPT PACKING pc=0x0000026f9f94d214 sp=0x000000fe59cfd6c0
Event: 10.112 Thread 0x0000026f931815e0 DEOPT UNPACKING pc=0x0000026f9e4473a2 sp=0x000000fe59cfd650 mode 2
Event: 10.112 Thread 0x0000026f931815e0 Uncommon trap: trap_request=0xffffffde fr.pc=0x0000026f9f94e408 relative=0x0000000000000128
Event: 10.112 Thread 0x0000026f931815e0 Uncommon trap: reason=class_check action=maybe_recompile pc=0x0000026f9f94e408 method=com.google.common.collect.Lists$ReverseList$1.hasNext()Z @ 4 c2
Event: 10.112 Thread 0x0000026f931815e0 DEOPT PACKING pc=0x0000026f9f94e408 sp=0x000000fe59cfd6b0
Event: 10.112 Thread 0x0000026f931815e0 DEOPT UNPACKING pc=0x0000026f9e4473a2 sp=0x000000fe59cfd5f0 mode 2
Event: 10.112 Thread 0x0000026f931815e0 Uncommon trap: trap_request=0xffffffde fr.pc=0x0000026f9f94fff8 relative=0x00000000000001b8
Event: 10.112 Thread 0x0000026f931815e0 Uncommon trap: reason=class_check action=maybe_recompile pc=0x0000026f9f94fff8 method=com.google.common.collect.Lists$ReverseList.size()I @ 4 c2
Event: 10.112 Thread 0x0000026f931815e0 DEOPT PACKING pc=0x0000026f9f94fff8 sp=0x000000fe59cfd6a0
Event: 10.112 Thread 0x0000026f931815e0 DEOPT UNPACKING pc=0x0000026f9e4473a2 sp=0x000000fe59cfd4a8 mode 2
Event: 10.112 Thread 0x0000026f931815e0 Uncommon trap: trap_request=0xffffffde fr.pc=0x0000026f9f94fff8 relative=0x00000000000001b8
Event: 10.112 Thread 0x0000026f931815e0 Uncommon trap: reason=class_check action=maybe_recompile pc=0x0000026f9f94fff8 method=com.google.common.collect.Lists$ReverseList.size()I @ 4 c2
Event: 10.112 Thread 0x0000026f931815e0 DEOPT PACKING pc=0x0000026f9f94fff8 sp=0x000000fe59cfd6a0
Event: 10.112 Thread 0x0000026f931815e0 DEOPT UNPACKING pc=0x0000026f9e4473a2 sp=0x000000fe59cfd4a8 mode 2
Event: 10.112 Thread 0x0000026f931815e0 Uncommon trap: trap_request=0xffffffde fr.pc=0x0000026f9f954440 relative=0x00000000000001e0
Event: 10.112 Thread 0x0000026f931815e0 Uncommon trap: reason=class_check action=maybe_recompile pc=0x0000026f9f954440 method=com.google.common.collect.Lists$ReverseList.size()I @ 4 c2
Event: 10.112 Thread 0x0000026f931815e0 DEOPT PACKING pc=0x0000026f9f954440 sp=0x000000fe59cfd610
Event: 10.112 Thread 0x0000026f931815e0 DEOPT UNPACKING pc=0x0000026f9e4473a2 sp=0x000000fe59cfd4d0 mode 2
Event: 10.117 Thread 0x0000026f931815e0 DEOPT PACKING pc=0x0000026f9703626c sp=0x000000fe59cfd1a0
Event: 10.117 Thread 0x0000026f931815e0 DEOPT UNPACKING pc=0x0000026f9e447ee2 sp=0x000000fe59cfc600 mode 0
Event: 10.118 Thread 0x0000026f931815e0 DEOPT PACKING pc=0x0000026f9703626c sp=0x000000fe59cfd020
Event: 10.118 Thread 0x0000026f931815e0 DEOPT UNPACKING pc=0x0000026f9e447ee2 sp=0x000000fe59cfc480 mode 0
Event: 10.120 Thread 0x0000026f931815e0 DEOPT PACKING pc=0x0000026f9703626c sp=0x000000fe59cfcf60
Event: 10.120 Thread 0x0000026f931815e0 DEOPT UNPACKING pc=0x0000026f9e447ee2 sp=0x000000fe59cfc3c0 mode 0
Event: 10.121 Thread 0x0000026f931815e0 DEOPT PACKING pc=0x0000026f9703626c sp=0x000000fe59cfcf20
Event: 10.121 Thread 0x0000026f931815e0 DEOPT UNPACKING pc=0x0000026f9e447ee2 sp=0x000000fe59cfc380 mode 0
Event: 10.122 Thread 0x0000026f931815e0 DEOPT PACKING pc=0x0000026f9703626c sp=0x000000fe59cfd150
Event: 10.122 Thread 0x0000026f931815e0 DEOPT UNPACKING pc=0x0000026f9e447ee2 sp=0x000000fe59cfc5b0 mode 0
Event: 10.320 Thread 0x00000273b254f1e0 Uncommon trap: trap_request=0xffffffbe fr.pc=0x0000026f9fa8d708 relative=0x00000000000002e8
Event: 10.320 Thread 0x00000273b254f1e0 Uncommon trap: reason=profile_predicate action=maybe_recompile pc=0x0000026f9fa8d708 method=sun.security.provider.HashDrbg.addBytes([BI[[B)V @ 36 c2
Event: 10.320 Thread 0x00000273b254f1e0 DEOPT PACKING pc=0x0000026f9fa8d708 sp=0x000000fe61afe710
Event: 10.320 Thread 0x00000273b254f1e0 DEOPT UNPACKING pc=0x0000026f9e4473a2 sp=0x000000fe61afe670 mode 2
Event: 10.320 Thread 0x00000273b254f1e0 Uncommon trap: trap_request=0xffffffbe fr.pc=0x0000026f9fa8d708 relative=0x00000000000002e8
Event: 10.320 Thread 0x00000273b254f1e0 Uncommon trap: reason=profile_predicate action=maybe_recompile pc=0x0000026f9fa8d708 method=sun.security.provider.HashDrbg.addBytes([BI[[B)V @ 36 c2
Event: 10.320 Thread 0x00000273b254f1e0 DEOPT PACKING pc=0x0000026f9fa8d708 sp=0x000000fe61afe6f0
Event: 10.320 Thread 0x00000273b254f1e0 DEOPT UNPACKING pc=0x0000026f9e4473a2 sp=0x000000fe61afe650 mode 2
Event: 10.320 Thread 0x00000273b254f1e0 Uncommon trap: trap_request=0xffffffbe fr.pc=0x0000026f9fa8d708 relative=0x00000000000002e8
Event: 10.320 Thread 0x00000273b254f1e0 Uncommon trap: reason=profile_predicate action=maybe_recompile pc=0x0000026f9fa8d708 method=sun.security.provider.HashDrbg.addBytes([BI[[B)V @ 36 c2
Event: 10.320 Thread 0x00000273b254f1e0 DEOPT PACKING pc=0x0000026f9fa8d708 sp=0x000000fe61afe170
Event: 10.320 Thread 0x00000273b254f1e0 DEOPT UNPACKING pc=0x0000026f9e4473a2 sp=0x000000fe61afe0d0 mode 2
Event: 10.321 Thread 0x00000273b254f1e0 Uncommon trap: trap_request=0xffffffbe fr.pc=0x0000026f9fa8d708 relative=0x00000000000002e8
Event: 10.321 Thread 0x00000273b254f1e0 Uncommon trap: reason=profile_predicate action=maybe_recompile pc=0x0000026f9fa8d708 method=sun.security.provider.HashDrbg.addBytes([BI[[B)V @ 36 c2
Event: 10.321 Thread 0x00000273b254f1e0 DEOPT PACKING pc=0x0000026f9fa8d708 sp=0x000000fe61afdfb0
Event: 10.321 Thread 0x0000026f931815e0 DEOPT PACKING pc=0x0000026f97749215 sp=0x000000fe59cfd5f0
Event: 10.321 Thread 0x0000026f931815e0 DEOPT UNPACKING pc=0x0000026f9e447ee2 sp=0x000000fe59cfcac8 mode 0
Event: 10.321 Thread 0x00000273b254f1e0 DEOPT UNPACKING pc=0x0000026f9e4473a2 sp=0x000000fe61afdf10 mode 2
Event: 10.417 Thread 0x00000273b254f1e0 DEOPT PACKING pc=0x0000026f983781f4 sp=0x000000fe61afd690
Event: 10.417 Thread 0x00000273b254f1e0 DEOPT UNPACKING pc=0x0000026f9e447ee2 sp=0x000000fe61afcb10 mode 0
Event: 10.417 Thread 0x00000273b254f1e0 DEOPT PACKING pc=0x0000026f983781f4 sp=0x000000fe61afd990
Event: 10.417 Thread 0x00000273b254f1e0 DEOPT UNPACKING pc=0x0000026f9e447ee2 sp=0x000000fe61afce10 mode 0
Event: 10.417 Thread 0x00000273b254f1e0 DEOPT PACKING pc=0x0000026f983781f4 sp=0x000000fe61afd690
Event: 10.417 Thread 0x00000273b254f1e0 DEOPT UNPACKING pc=0x0000026f9e447ee2 sp=0x000000fe61afcb10 mode 0
Event: 10.418 Thread 0x00000273b254f1e0 DEOPT PACKING pc=0x0000026f983781f4 sp=0x000000fe61afd990
Event: 10.418 Thread 0x00000273b254f1e0 DEOPT UNPACKING pc=0x0000026f9e447ee2 sp=0x000000fe61afce10 mode 0
Event: 10.418 Thread 0x00000273b254f1e0 Uncommon trap: trap_request=0xffffffc6 fr.pc=0x0000026f9eeebfdc relative=0x000000000000069c
Event: 10.418 Thread 0x00000273b254f1e0 Uncommon trap: reason=bimorphic_or_optimized_type_check action=maybe_recompile pc=0x0000026f9eeebfdc method=java.util.Hashtable.get(Ljava/lang/Object;)Ljava/lang/Object; @ 6 c2
Event: 10.418 Thread 0x00000273b254f1e0 DEOPT PACKING pc=0x0000026f9eeebfdc sp=0x000000fe61afe2b0
Event: 10.418 Thread 0x00000273b254f1e0 DEOPT UNPACKING pc=0x0000026f9e4473a2 sp=0x000000fe61afe250 mode 2
Event: 11.089 Thread 0x0000026f931815e0 Uncommon trap: trap_request=0xffffff5c fr.pc=0x0000026f9fab6684 relative=0x0000000000000064
Event: 11.089 Thread 0x0000026f931815e0 Uncommon trap: reason=speculate_null_check action=make_not_entrant pc=0x0000026f9fab6684 method=jdk.internal.misc.Unsafe.getLongUnaligned(Ljava/lang/Object;JZ)J @ 5 c2
Event: 11.089 Thread 0x0000026f931815e0 DEOPT PACKING pc=0x0000026f9fab6684 sp=0x000000fe59cfcca0
Event: 11.089 Thread 0x0000026f931815e0 DEOPT UNPACKING pc=0x0000026f9e4473a2 sp=0x000000fe59cfcbf8 mode 2
Event: 11.099 Thread 0x0000026f931815e0 Uncommon trap: trap_request=0xffffffde fr.pc=0x0000026f9f6e3960 relative=0x0000000000000b80
Event: 11.099 Thread 0x0000026f931815e0 Uncommon trap: reason=class_check action=maybe_recompile pc=0x0000026f9f6e3960 method=java.util.Properties$LineReader.readLine()I @ 479 c2
Event: 11.099 Thread 0x0000026f931815e0 DEOPT PACKING pc=0x0000026f9f6e3960 sp=0x000000fe59cfa810
Event: 11.099 Thread 0x0000026f931815e0 DEOPT UNPACKING pc=0x0000026f9e4473a2 sp=0x000000fe59cfa780 mode 2
Event: 11.101 Thread 0x0000026f931815e0 Uncommon trap: trap_request=0xffffffde fr.pc=0x0000026f9f80e670 relative=0x00000000000001b0
Event: 11.101 Thread 0x0000026f931815e0 Uncommon trap: reason=class_check action=maybe_recompile pc=0x0000026f9f80e670 method=java.lang.reflect.Array.newInstance(Ljava/lang/Class;I)Ljava/lang/Object; @ 2 c2
Event: 11.101 Thread 0x0000026f931815e0 DEOPT PACKING pc=0x0000026f9f80e670 sp=0x000000fe59cfcc20
Event: 11.101 Thread 0x0000026f931815e0 DEOPT UNPACKING pc=0x0000026f9e4473a2 sp=0x000000fe59cfcbb8 mode 2
Event: 11.102 Thread 0x0000026f931815e0 Uncommon trap: trap_request=0xffffffde fr.pc=0x0000026f9f80e670 relative=0x00000000000001b0
Event: 11.102 Thread 0x0000026f931815e0 Uncommon trap: reason=class_check action=maybe_recompile pc=0x0000026f9f80e670 method=java.lang.reflect.Array.newInstance(Ljava/lang/Class;I)Ljava/lang/Object; @ 2 c2
Event: 11.102 Thread 0x0000026f931815e0 DEOPT PACKING pc=0x0000026f9f80e670 sp=0x000000fe59cfcc20
Event: 11.102 Thread 0x0000026f931815e0 DEOPT UNPACKING pc=0x0000026f9e4473a2 sp=0x000000fe59cfcbb8 mode 2
Event: 11.106 Thread 0x0000026f931815e0 Uncommon trap: trap_request=0xffffffde fr.pc=0x0000026f9f80e670 relative=0x00000000000001b0
Event: 11.106 Thread 0x0000026f931815e0 Uncommon trap: reason=class_check action=maybe_recompile pc=0x0000026f9f80e670 method=java.lang.reflect.Array.newInstance(Ljava/lang/Class;I)Ljava/lang/Object; @ 2 c2
Event: 11.106 Thread 0x0000026f931815e0 DEOPT PACKING pc=0x0000026f9f80e670 sp=0x000000fe59cfcc20
Event: 11.106 Thread 0x0000026f931815e0 DEOPT UNPACKING pc=0x0000026f9e4473a2 sp=0x000000fe59cfcbb8 mode 2
Event: 11.106 Thread 0x0000026f931815e0 Uncommon trap: trap_request=0xffffffde fr.pc=0x0000026f9f80e670 relative=0x00000000000001b0
Event: 11.106 Thread 0x0000026f931815e0 Uncommon trap: reason=class_check action=maybe_recompile pc=0x0000026f9f80e670 method=java.lang.reflect.Array.newInstance(Ljava/lang/Class;I)Ljava/lang/Object; @ 2 c2
Event: 11.106 Thread 0x0000026f931815e0 DEOPT PACKING pc=0x0000026f9f80e670 sp=0x000000fe59cfcc20
Event: 11.106 Thread 0x0000026f931815e0 DEOPT UNPACKING pc=0x0000026f9e4473a2 sp=0x000000fe59cfcbb8 mode 2
Event: 11.112 Thread 0x0000026f931815e0 Uncommon trap: trap_request=0xffffff45 fr.pc=0x0000026f9f32da94 relative=0x0000000000000074
Event: 11.112 Thread 0x0000026f931815e0 Uncommon trap: reason=unstable_if action=reinterpret pc=0x0000026f9f32da94 method=net.minecraft.util.Mth.ceil(F)I @ 7 c2
Event: 11.112 Thread 0x0000026f931815e0 DEOPT PACKING pc=0x0000026f9f32da94 sp=0x000000fe59cfe0d0
Event: 11.112 Thread 0x0000026f931815e0 DEOPT UNPACKING pc=0x0000026f9e4473a2 sp=0x000000fe59cfe068 mode 2
Event: 11.172 Thread 0x0000026f8d1df8d0 DEOPT PACKING pc=0x0000026f9874cb54 sp=0x000000fe5c2fee80
Event: 11.172 Thread 0x0000026f8d1df8d0 DEOPT UNPACKING pc=0x0000026f9e447ee2 sp=0x000000fe5c2fe400 mode 0
Event: 11.172 Thread 0x0000026f8d1df8d0 DEOPT PACKING pc=0x0000026f9874a194 sp=0x000000fe5c2fefd0
Event: 11.172 Thread 0x0000026f8d1df8d0 DEOPT UNPACKING pc=0x0000026f9e447ee2 sp=0x000000fe5c2fe548 mode 0
Event: 11.201 Thread 0x0000026f931815e0 Uncommon trap: trap_request=0xffffffbe fr.pc=0x0000026f9f8606c0 relative=0x0000000000000ae0
Event: 11.201 Thread 0x0000026f931815e0 Uncommon trap: reason=profile_predicate action=maybe_recompile pc=0x0000026f9f8606c0 method=java.util.TreeMap.put(Ljava/lang/Object;Ljava/lang/Object;Z)Ljava/lang/Object; @ 27 c2
Event: 11.201 Thread 0x0000026f931815e0 DEOPT PACKING pc=0x0000026f9f8606c0 sp=0x000000fe59cfcaf0
Event: 11.201 Thread 0x0000026f931815e0 DEOPT UNPACKING pc=0x0000026f9e4473a2 sp=0x000000fe59cfca90 mode 2
Event: 11.202 Thread 0x0000026f931815e0 Uncommon trap: trap_request=0xffffffbe fr.pc=0x0000026f9f8606c0 relative=0x0000000000000ae0
Event: 11.202 Thread 0x0000026f931815e0 Uncommon trap: reason=profile_predicate action=maybe_recompile pc=0x0000026f9f8606c0 method=java.util.TreeMap.put(Ljava/lang/Object;Ljava/lang/Object;Z)Ljava/lang/Object; @ 27 c2
Event: 11.202 Thread 0x0000026f931815e0 DEOPT PACKING pc=0x0000026f9f8606c0 sp=0x000000fe59cfba60
Event: 11.202 Thread 0x0000026f931815e0 DEOPT UNPACKING pc=0x0000026f9e4473a2 sp=0x000000fe59cfba00 mode 2
Event: 11.202 Thread 0x0000026f931815e0 Uncommon trap: trap_request=0xffffffbe fr.pc=0x0000026f9f8606c0 relative=0x0000000000000ae0
Event: 11.202 Thread 0x0000026f931815e0 Uncommon trap: reason=profile_predicate action=maybe_recompile pc=0x0000026f9f8606c0 method=java.util.TreeMap.put(Ljava/lang/Object;Ljava/lang/Object;Z)Ljava/lang/Object; @ 27 c2
Event: 11.202 Thread 0x0000026f931815e0 DEOPT PACKING pc=0x0000026f9f8606c0 sp=0x000000fe59cfba60
Event: 11.202 Thread 0x0000026f931815e0 DEOPT UNPACKING pc=0x0000026f9e4473a2 sp=0x000000fe59cfba00 mode 2
Event: 11.202 Thread 0x0000026f931815e0 Uncommon trap: trap_request=0xffffffbe fr.pc=0x0000026f9f8606c0 relative=0x0000000000000ae0
Event: 11.202 Thread 0x0000026f931815e0 Uncommon trap: reason=profile_predicate action=maybe_recompile pc=0x0000026f9f8606c0 method=java.util.TreeMap.put(Ljava/lang/Object;Ljava/lang/Object;Z)Ljava/lang/Object; @ 27 c2
Event: 11.202 Thread 0x0000026f931815e0 DEOPT PACKING pc=0x0000026f9f8606c0 sp=0x000000fe59cfba60
Event: 11.202 Thread 0x0000026f931815e0 DEOPT UNPACKING pc=0x0000026f9e4473a2 sp=0x000000fe59cfba00 mode 2
Event: 11.203 Thread 0x0000026f931815e0 Uncommon trap: trap_request=0xffffff45 fr.pc=0x0000026f9f184c68 relative=0x0000000000002ba8
Event: 11.203 Thread 0x0000026f931815e0 Uncommon trap: reason=unstable_if action=reinterpret pc=0x0000026f9f184c68 method=jdk.internal.org.objectweb.asm.FieldWriter.putFieldInfo(Ljdk/internal/org/objectweb/asm/ByteVector;)V @ 115 c2
Event: 11.203 Thread 0x0000026f931815e0 DEOPT PACKING pc=0x0000026f9f184c68 sp=0x000000fe59cfb290
Event: 11.203 Thread 0x0000026f931815e0 DEOPT UNPACKING pc=0x0000026f9e4473a2 sp=0x000000fe59cfb1c0 mode 2
Event: 11.203 Thread 0x0000026f931815e0 Uncommon trap: trap_request=0xffffff45 fr.pc=0x0000026f9f55c260 relative=0x0000000000000100
Event: 11.203 Thread 0x0000026f931815e0 Uncommon trap: reason=unstable_if action=reinterpret pc=0x0000026f9f55c260 method=java.lang.invoke.BoundMethodHandle.tooComplex()Z @ 18 c2
Event: 11.203 Thread 0x0000026f931815e0 DEOPT PACKING pc=0x0000026f9f55c260 sp=0x000000fe59cfb840
Event: 11.203 Thread 0x0000026f931815e0 DEOPT UNPACKING pc=0x0000026f9e4473a2 sp=0x000000fe59cfb770 mode 2
Event: 11.204 Thread 0x0000026f931815e0 Uncommon trap: trap_request=0xffffff45 fr.pc=0x0000026f9ef09780 relative=0x0000000000000060
Event: 11.204 Thread 0x0000026f931815e0 Uncommon trap: reason=unstable_if action=reinterpret pc=0x0000026f9ef09780 method=java.lang.StringConcatHelper.stringOf(Ljava/lang/Object;)Ljava/lang/String; @ 1 c2
Event: 11.204 Thread 0x0000026f931815e0 DEOPT PACKING pc=0x0000026f9ef09780 sp=0x000000fe59cfc850
Event: 11.204 Thread 0x0000026f931815e0 DEOPT UNPACKING pc=0x0000026f9e4473a2 sp=0x000000fe59cfc7e0 mode 2
Event: 11.207 Thread 0x0000026f8d1de520 Uncommon trap: trap_request=0xffffffbe fr.pc=0x0000026f9fa8ccc0 relative=0x00000000000002e0
Event: 11.207 Thread 0x0000026f8d1de520 Uncommon trap: reason=profile_predicate action=maybe_recompile pc=0x0000026f9fa8ccc0 method=java.util.regex.Pattern$BnM.optimize(Ljava/util/regex/Pattern$Node;)Ljava/util/regex/Pattern$Node; @ 67 c2
Event: 11.207 Thread 0x0000026f8d1de520 DEOPT PACKING pc=0x0000026f9fa8ccc0 sp=0x000000fe5c2fde40
Event: 11.207 Thread 0x0000026f8d1de520 DEOPT UNPACKING pc=0x0000026f9e4473a2 sp=0x000000fe5c2fddc8 mode 2
Event: 11.207 Thread 0x0000026f8d1de520 Uncommon trap: trap_request=0xffffffbe fr.pc=0x0000026f9fa8ccc0 relative=0x00000000000002e0
Event: 11.207 Thread 0x0000026f8d1de520 Uncommon trap: reason=profile_predicate action=maybe_recompile pc=0x0000026f9fa8ccc0 method=java.util.regex.Pattern$BnM.optimize(Ljava/util/regex/Pattern$Node;)Ljava/util/regex/Pattern$Node; @ 67 c2
Event: 11.207 Thread 0x0000026f8d1de520 DEOPT PACKING pc=0x0000026f9fa8ccc0 sp=0x000000fe5c2fdff0
Event: 11.207 Thread 0x0000026f8d1de520 DEOPT UNPACKING pc=0x0000026f9e4473a2 sp=0x000000fe5c2fdf78 mode 2
Event: 11.207 Thread 0x0000026f8d1de520 Uncommon trap: trap_request=0xffffffbe fr.pc=0x0000026f9fa8ccc0 relative=0x00000000000002e0
Event: 11.207 Thread 0x0000026f8d1de520 Uncommon trap: reason=profile_predicate action=maybe_recompile pc=0x0000026f9fa8ccc0 method=java.util.regex.Pattern$BnM.optimize(Ljava/util/regex/Pattern$Node;)Ljava/util/regex/Pattern$Node; @ 67 c2
Event: 11.207 Thread 0x0000026f8d1de520 DEOPT PACKING pc=0x0000026f9fa8ccc0 sp=0x000000fe5c2fdff0
Event: 11.207 Thread 0x0000026f8d1de520 DEOPT UNPACKING pc=0x0000026f9e4473a2 sp=0x000000fe5c2fdf78 mode 2
Event: 11.207 Thread 0x0000026f8d1de520 Uncommon trap: trap_request=0xffffffbe fr.pc=0x0000026f9fa8ccc0 relative=0x00000000000002e0
Event: 11.207 Thread 0x0000026f8d1de520 Uncommon trap: reason=profile_predicate action=maybe_recompile pc=0x0000026f9fa8ccc0 method=java.util.regex.Pattern$BnM.optimize(Ljava/util/regex/Pattern$Node;)Ljava/util/regex/Pattern$Node; @ 67 c2
Event: 11.207 Thread 0x0000026f8d1de520 DEOPT PACKING pc=0x0000026f9fa8ccc0 sp=0x000000fe5c2fdff0
Event: 11.207 Thread 0x0000026f8d1de520 DEOPT UNPACKING pc=0x0000026f9e4473a2 sp=0x000000fe5c2fdf78 mode 2
Event: 11.208 Thread 0x0000026f8d1debb0 Uncommon trap: trap_request=0xffffff45 fr.pc=0x0000026f9f398940 relative=0x0000000000004080
Event: 11.208 Thread 0x0000026f8d1debb0 Uncommon trap: reason=unstable_if action=reinterpret pc=0x0000026f9f398940 method=java.nio.file.Path.of(Ljava/net/URI;)Ljava/nio/file/Path; @ 25 c2
Event: 11.208 Thread 0x0000026f8d1debb0 DEOPT PACKING pc=0x0000026f9f398940 sp=0x000000fe5c9ff220
Event: 11.208 Thread 0x0000026f8d1debb0 DEOPT UNPACKING pc=0x0000026f9e4473a2 sp=0x000000fe5c9ff238 mode 2
Event: 11.208 Thread 0x0000026f8d1debb0 Uncommon trap: trap_request=0xffffff45 fr.pc=0x0000026f9f548cf0 relative=0x0000000000000650
Event: 11.208 Thread 0x0000026f8d1debb0 Uncommon trap: reason=unstable_if action=reinterpret pc=0x0000026f9f548cf0 method=sun.nio.fs.WindowsPathParser.parse(Ljava/lang/String;Z)Lsun/nio/fs/WindowsPathParser$Result; @ 302 c2
Event: 11.208 Thread 0x0000026f8d1debb0 DEOPT PACKING pc=0x0000026f9f548cf0 sp=0x000000fe5c9ff020
Event: 11.208 Thread 0x0000026f8d1debb0 DEOPT UNPACKING pc=0x0000026f9e4473a2 sp=0x000000fe5c9feff8 mode 2
Event: 11.216 Thread 0x0000026f8d1debb0 Uncommon trap: trap_request=0xffffff45 fr.pc=0x0000026f9f70632c relative=0x0000000000001bac
Event: 11.216 Thread 0x0000026f8d1debb0 Uncommon trap: reason=unstable_if action=reinterpret pc=0x0000026f9f70632c method=org.apache.logging.log4j.util.StringBuilders.appendSpecificTypes(Ljava/lang/StringBuilder;Ljava/lang/Object;)Z @ 198 c2
Event: 11.216 Thread 0x0000026f8d1debb0 DEOPT PACKING pc=0x0000026f9f70632c sp=0x000000fe5c9fef10
Event: 11.216 Thread 0x0000026f8d1debb0 DEOPT UNPACKING pc=0x0000026f9e4473a2 sp=0x000000fe5c9fed80 mode 2
Event: 11.296 Thread 0x0000026f8d1debb0 Uncommon trap: trap_request=0xffffff45 fr.pc=0x0000026f9f6ff6d8 relative=0x00000000000005d8
Event: 11.296 Thread 0x0000026f8d1debb0 Uncommon trap: reason=unstable_if action=reinterpret pc=0x0000026f9f6ff6d8 method=org.apache.logging.log4j.util.StringBuilders.appendSpecificTypes(Ljava/lang/StringBuilder;Ljava/lang/Object;)Z @ 132 c2
Event: 11.296 Thread 0x0000026f8d1debb0 DEOPT PACKING pc=0x0000026f9f6ff6d8 sp=0x000000fe5c9fef50
Event: 11.296 Thread 0x0000026f8d1debb0 DEOPT UNPACKING pc=0x0000026f9e4473a2 sp=0x000000fe5c9fef20 mode 2
Event: 11.297 Thread 0x0000026f8d1debb0 Uncommon trap: trap_request=0xffffff45 fr.pc=0x0000026f9f76d558 relative=0x0000000000003f58
Event: 11.297 Thread 0x0000026f8d1debb0 Uncommon trap: reason=unstable_if action=reinterpret pc=0x0000026f9f76d558 method=org.apache.logging.log4j.util.StringBuilders.appendSpecificTypes(Ljava/lang/StringBuilder;Ljava/lang/Object;)Z @ 132 c2
Event: 11.297 Thread 0x0000026f8d1debb0 DEOPT PACKING pc=0x0000026f9f76d558 sp=0x000000fe5c9ff0d0
Event: 11.297 Thread 0x0000026f8d1debb0 DEOPT UNPACKING pc=0x0000026f9e4473a2 sp=0x000000fe5c9fe9f8 mode 2
Event: 11.301 Thread 0x0000026f8d1de520 Uncommon trap: trap_request=0xffffff45 fr.pc=0x0000026f9f53037c relative=0x00000000000000bc
Event: 11.301 Thread 0x0000026f8d1de520 Uncommon trap: reason=unstable_if action=reinterpret pc=0x0000026f9f53037c method=java.lang.Math.max(DD)D @ 36 c2
Event: 11.301 Thread 0x0000026f8d1de520 DEOPT PACKING pc=0x0000026f9f53037c sp=0x000000fe5c2fee60
Event: 11.301 Thread 0x0000026f8d1de520 DEOPT UNPACKING pc=0x0000026f9e4473a2 sp=0x000000fe5c2fee00 mode 2

Classes loaded (250 events):
Event: 7.929 Loading class java/nio/file/WatchEvent$Modifier
Event: 7.929 Loading class java/nio/file/WatchEvent$Modifier done
Event: 7.929 Loading class sun/nio/fs/AbstractPoller$RequestType
Event: 7.929 Loading class sun/nio/fs/AbstractPoller$RequestType done
Event: 7.929 Loading class sun/nio/fs/AbstractPoller$Request
Event: 7.929 Loading class sun/nio/fs/AbstractPoller$Request done
Event: 7.929 Loading class sun/nio/fs/WindowsWatchService$FileKey
Event: 7.929 Loading class sun/nio/fs/WindowsWatchService$FileKey done
Event: 7.929 Loading class sun/nio/fs/WindowsWatchService$WindowsWatchKey
Event: 7.929 Loading class sun/nio/fs/WindowsWatchService$WindowsWatchKey done
Event: 7.975 Loading class java/io/FileReader
Event: 7.975 Loading class java/io/FileReader done
Event: 7.978 Loading class java/util/concurrent/LinkedBlockingDeque$Node
Event: 7.978 Loading class java/util/concurrent/LinkedBlockingDeque$Node done
Event: 8.025 Loading class java/util/concurrent/CompletionException
Event: 8.025 Loading class java/util/concurrent/CompletionException done
Event: 8.091 Loading class java/util/stream/Nodes$IntFixedNodeBuilder
Event: 8.091 Loading class java/util/stream/Node$Builder$OfInt
Event: 8.091 Loading class java/util/stream/Node$Builder$OfInt done
Event: 8.091 Loading class java/util/stream/Nodes$IntArrayNode
Event: 8.091 Loading class java/util/stream/Nodes$IntArrayNode done
Event: 8.091 Loading class java/util/stream/Nodes$IntFixedNodeBuilder done
Event: 8.118 Loading class java/util/function/LongToIntFunction
Event: 8.118 Loading class java/util/function/LongToIntFunction done
Event: 8.293 Loading class java/util/regex/Pattern$End
Event: 8.293 Loading class java/util/regex/Pattern$End done
Event: 8.295 Loading class java/util/stream/MatchOps$2MatchSink
Event: 8.296 Loading class java/util/stream/MatchOps$2MatchSink done
Event: 8.426 Loading class java/util/concurrent/CompletableFuture$UniRun
Event: 8.426 Loading class java/util/concurrent/CompletableFuture$UniRun done
Event: 8.427 Loading class java/util/concurrent/CompletableFuture$BiApply
Event: 8.427 Loading class java/util/concurrent/CompletableFuture$BiApply done
Event: 8.428 Loading class java/util/zip/GZIPInputStream
Event: 8.428 Loading class java/util/zip/GZIPInputStream done
Event: 8.430 Loading class java/net/ProxySelector$StaticProxySelector
Event: 8.430 Loading class java/net/ProxySelector$StaticProxySelector done
Event: 8.432 Loading class java/net/ConnectException
Event: 8.432 Loading class java/net/ConnectException done
Event: 8.432 Loading class javax/net/ssl/SSLHandshakeException
Event: 8.432 Loading class javax/net/ssl/SSLHandshakeException done
Event: 8.432 Loading class java/nio/file/Path$1
Event: 8.432 Loading class java/nio/file/Path$1 done
Event: 8.435 Loading class java/util/concurrent/CompletableFuture$UniRelay
Event: 8.435 Loading class java/util/concurrent/CompletableFuture$UniRelay done
Event: 8.448 Loading class java/util/concurrent/Flow$Subscriber
Event: 8.448 Loading class java/util/concurrent/Flow$Subscriber done
Event: 8.449 Loading class java/util/concurrent/Flow$Subscription
Event: 8.449 Loading class java/util/concurrent/Flow$Subscription done
Event: 8.456 Loading class java/util/concurrent/Flow$Publisher
Event: 8.456 Loading class java/util/concurrent/Flow$Publisher done
Event: 8.457 Loading class java/nio/channels/CancelledKeyException
Event: 8.457 Loading class java/nio/channels/CancelledKeyException done
Event: 8.458 Loading class java/nio/channels/ClosedSelectorException
Event: 8.458 Loading class java/nio/channels/ClosedSelectorException done
Event: 8.458 Loading class java/nio/channels/Selector
Event: 8.458 Loading class java/nio/channels/Selector done
Event: 8.458 Loading class java/nio/channels/spi/SelectorProvider
Event: 8.458 Loading class java/nio/channels/spi/SelectorProvider done
Event: 8.458 Loading class java/nio/channels/spi/SelectorProvider$Holder
Event: 8.458 Loading class java/nio/channels/spi/SelectorProvider$Holder done
Event: 8.459 Loading class sun/nio/ch/DefaultSelectorProvider
Event: 8.459 Loading class sun/nio/ch/DefaultSelectorProvider done
Event: 8.459 Loading class sun/nio/ch/WEPollSelectorProvider
Event: 8.459 Loading class sun/nio/ch/SelectorProviderImpl
Event: 8.459 Loading class sun/nio/ch/SelectorProviderImpl done
Event: 8.459 Loading class sun/nio/ch/WEPollSelectorProvider done
Event: 8.459 Loading class sun/nio/ch/WEPollSelectorImpl
Event: 8.459 Loading class sun/nio/ch/SelectorImpl
Event: 8.460 Loading class java/nio/channels/spi/AbstractSelector
Event: 8.460 Loading class java/nio/channels/spi/AbstractSelector done
Event: 8.460 Loading class sun/nio/ch/SelectorImpl done
Event: 8.460 Loading class sun/nio/ch/WEPollSelectorImpl done
Event: 8.460 Loading class sun/nio/ch/Util$2
Event: 8.460 Loading class sun/nio/ch/Util$2 done
Event: 8.460 Loading class sun/nio/ch/WEPoll
Event: 8.460 Loading class sun/nio/ch/WEPoll done
Event: 8.460 Loading class sun/nio/ch/PipeImpl
Event: 8.460 Loading class java/nio/channels/Pipe
Event: 8.460 Loading class java/nio/channels/Pipe done
Event: 8.460 Loading class sun/nio/ch/PipeImpl done
Event: 8.460 Loading class sun/nio/ch/PipeImpl$Initializer
Event: 8.461 Loading class sun/nio/ch/PipeImpl$Initializer done
Event: 8.461 Loading class sun/nio/ch/PipeImpl$Initializer$LoopbackConnector
Event: 8.461 Loading class sun/nio/ch/PipeImpl$Initializer$LoopbackConnector done
Event: 8.461 Loading class sun/nio/ch/UnixDomainSockets
Event: 8.461 Loading class sun/nio/ch/UnixDomainSockets done
Event: 8.461 Loading class sun/nio/ch/UnixDomainSocketsUtil
Event: 8.461 Loading class sun/nio/ch/UnixDomainSocketsUtil done
Event: 8.462 Loading class java/nio/channels/ServerSocketChannel
Event: 8.463 Loading class java/nio/channels/ServerSocketChannel done
Event: 8.463 Loading class sun/nio/ch/ServerSocketChannelImpl
Event: 8.463 Loading class java/lang/StringUTF16$CodePointsSpliterator
Event: 8.463 Loading class sun/nio/ch/ServerSocketChannelImpl done
Event: 8.463 Loading class java/lang/StringUTF16$CodePointsSpliterator done
Event: 8.464 Loading class java/util/stream/Nodes$IntSpinedNodeBuilder
Event: 8.464 Loading class java/net/UnixDomainSocketAddress
Event: 8.464 Loading class java/util/stream/SpinedBuffer$OfInt
Event: 8.464 Loading class java/net/UnixDomainSocketAddress done
Event: 8.464 Loading class java/util/stream/SpinedBuffer$OfPrimitive
Event: 8.464 Loading class java/util/stream/SpinedBuffer$OfPrimitive done
Event: 8.464 Loading class java/util/stream/SpinedBuffer$OfInt done
Event: 8.465 Loading class java/nio/BufferMismatch
Event: 8.465 Loading class java/nio/BufferMismatch done
Event: 8.465 Loading class sun/nio/ch/SourceChannelImpl
Event: 8.465 Loading class java/nio/channels/Pipe$SourceChannel
Event: 8.465 Loading class java/nio/channels/Pipe$SourceChannel done
Event: 8.465 Loading class sun/nio/ch/SourceChannelImpl done
Event: 8.466 Loading class sun/nio/ch/SinkChannelImpl
Event: 8.466 Loading class java/nio/channels/Pipe$SinkChannel
Event: 8.466 Loading class java/nio/channels/Pipe$SinkChannel done
Event: 8.466 Loading class sun/nio/ch/SinkChannelImpl done
Event: 8.466 Loading class java/util/stream/Nodes$IntSpinedNodeBuilder done
Event: 8.471 Loading class java/nio/channels/spi/AbstractSelector$1
Event: 8.471 Loading class java/nio/channels/spi/AbstractSelector$1 done
Event: 8.474 Loading class java/util/concurrent/CompletableFuture$OrApply
Event: 8.474 Loading class java/util/concurrent/CompletableFuture$OrApply done
Event: 8.483 Loading class java/net/URLPermission
Event: 8.483 Loading class java/net/URLPermission done
Event: 8.490 Loading class java/util/stream/IntPipeline$10
Event: 8.490 Loading class java/util/stream/IntPipeline$10 done
Event: 8.490 Loading class java/util/stream/IntPipeline$10$1
Event: 8.490 Loading class java/util/concurrent/CompletableFuture$UniComposeExceptionally
Event: 8.490 Loading class java/util/stream/IntPipeline$10$1 done
Event: 8.490 Loading class java/util/concurrent/CompletableFuture$UniComposeExceptionally done
Event: 8.508 Loading class sun/security/ssl/SSLEngineImpl
Event: 8.508 Loading class sun/security/ssl/SSLEngineImpl done
Event: 8.508 Loading class sun/security/ssl/SSLEngineInputRecord
Event: 8.509 Loading class sun/security/ssl/SSLEngineInputRecord done
Event: 8.509 Loading class sun/security/ssl/SSLConfiguration$CustomizedServerSignatureSchemes
Event: 8.509 Loading class sun/security/ssl/SSLConfiguration$CustomizedServerSignatureSchemes done
Event: 8.514 Loading class sun/nio/ch/SocketChannelImpl$DefaultOptionsHolder
Event: 8.515 Loading class sun/nio/ch/SocketChannelImpl$DefaultOptionsHolder done
Event: 8.522 Loading class sun/nio/ch/SelectionKeyImpl
Event: 8.522 Loading class java/nio/channels/spi/AbstractSelectionKey
Event: 8.522 Loading class java/nio/channels/SelectionKey
Event: 8.522 Loading class java/nio/channels/SelectionKey done
Event: 8.522 Loading class java/nio/channels/spi/AbstractSelectionKey done
Event: 8.522 Loading class sun/nio/ch/SelectionKeyImpl done
Event: 8.570 Loading class java/util/concurrent/Flow$Processor
Event: 8.570 Loading class java/util/concurrent/Flow$Processor done
Event: 8.574 Loading class java/util/function/LongBinaryOperator
Event: 8.574 Loading class java/util/function/LongBinaryOperator done
Event: 8.574 Loading class sun/security/ssl/AlpnExtension$AlpnSpec
Event: 8.574 Loading class sun/security/ssl/AlpnExtension$AlpnSpec done
Event: 8.575 Loading class sun/security/ssl/Ciphertext
Event: 8.576 Loading class sun/security/ssl/Ciphertext done
Event: 8.576 Loading class javax/net/ssl/SSLEngineResult$Status
Event: 8.576 Loading class javax/net/ssl/SSLEngineResult$Status done
Event: 8.576 Loading class javax/net/ssl/SSLEngineResult
Event: 8.576 Loading class javax/net/ssl/SSLEngineResult done
Event: 8.577 Loading class sun/nio/ch/IOVecWrapper
Event: 8.578 Loading class sun/nio/ch/IOVecWrapper done
Event: 8.578 Loading class sun/nio/ch/AllocatedNativeObject
Event: 8.579 Loading class sun/nio/ch/NativeObject
Event: 8.579 Loading class sun/nio/ch/NativeObject done
Event: 8.579 Loading class sun/nio/ch/AllocatedNativeObject done
Event: 8.580 Loading class sun/nio/ch/IOVecWrapper$Deallocator
Event: 8.580 Loading class sun/nio/ch/IOVecWrapper$Deallocator done
Event: 8.622 Loading class sun/security/ssl/SSLEngineImpl$DelegatedTask
Event: 8.622 Loading class sun/security/ssl/SSLEngineImpl$DelegatedTask done
Event: 8.623 Loading class sun/security/ssl/SSLEngineImpl$DelegatedTask$DelegatedAction
Event: 8.623 Loading class sun/security/ssl/SSLEngineImpl$DelegatedTask$DelegatedAction done
Event: 8.629 Loading class sun/security/ssl/CipherSuite$1
Event: 8.629 Loading class sun/security/ssl/CipherSuite$1 done
Event: 8.686 Loading class java/util/Timer
Event: 8.686 Loading class java/util/Timer done
Event: 8.686 Loading class java/util/TaskQueue
Event: 8.686 Loading class java/util/TaskQueue done
Event: 8.687 Loading class java/util/TimerThread
Event: 8.687 Loading class java/util/TimerThread done
Event: 8.687 Loading class java/util/Timer$ThreadReaper
Event: 8.687 Loading class java/util/Timer$ThreadReaper done
Event: 8.695 Loading class java/math/MathContext
Event: 8.695 Loading class java/math/MathContext done
Event: 8.716 Loading class java/util/stream/ReferencePipeline$5
Event: 8.716 Loading class java/util/stream/LongPipeline$StatelessOp
Event: 8.716 Loading class java/util/stream/LongPipeline
Event: 8.717 Loading class java/util/stream/LongPipeline done
Event: 8.717 Loading class java/util/stream/LongPipeline$StatelessOp done
Event: 8.717 Loading class java/util/stream/ReferencePipeline$5 done
Event: 8.717 Loading class java/util/stream/FindOps$FindSink$OfLong
Event: 8.717 Loading class java/util/stream/Sink$OfLong
Event: 8.717 Loading class java/util/stream/Sink$OfLong done
Event: 8.717 Loading class java/util/stream/FindOps$FindSink$OfLong done
Event: 8.719 Loading class java/util/stream/ReferencePipeline$5$1
Event: 8.719 Loading class java/util/stream/ReferencePipeline$5$1 done
Event: 8.722 Loading class java/util/concurrent/CompletableFuture$MinimalStage
Event: 8.722 Loading class java/util/concurrent/CompletableFuture$MinimalStage done
Event: 8.727 Loading class java/nio/HeapByteBufferR
Event: 8.727 Loading class java/nio/HeapByteBufferR done
Event: 8.729 Loading class java/io/SequenceInputStream
Event: 8.730 Loading class java/io/SequenceInputStream done
Event: 8.730 Loading class java/util/zip/GZIPInputStream$1
Event: 8.730 Loading class java/util/zip/GZIPInputStream$1 done
Event: 8.885 Loading class java/util/concurrent/Executors$DelegatedScheduledExecutorService
Event: 8.885 Loading class java/util/concurrent/Executors$DelegatedScheduledExecutorService done
Event: 8.907 Loading class java/util/regex/Pattern$Caret
Event: 8.907 Loading class java/util/regex/Pattern$Caret done
Event: 9.015 Loading class java/util/EnumMap$KeySet
Event: 9.015 Loading class java/util/EnumMap$KeySet done
Event: 9.015 Loading class java/util/EnumMap$KeyIterator
Event: 9.015 Loading class java/util/EnumMap$KeyIterator done
Event: 9.021 Loading class java/lang/FdLibm$Atan2
Event: 9.021 Loading class java/lang/FdLibm$Atan2 done
Event: 9.021 Loading class java/lang/FdLibm$Atan
Event: 9.021 Loading class java/lang/FdLibm$Atan done
Event: 9.054 Loading class java/util/stream/Streams$IntStreamBuilderImpl
Event: 9.054 Loading class java/util/stream/IntStream$Builder
Event: 9.054 Loading class java/util/stream/IntStream$Builder done
Event: 9.054 Loading class java/util/stream/Streams$IntStreamBuilderImpl done
Event: 9.175 Loading class java/util/stream/ForEachOps$ForEachOp$OfInt
Event: 9.175 Loading class java/util/stream/ForEachOps$ForEachOp$OfInt done
Event: 9.265 Loading class java/awt/font/FontRenderContext
Event: 9.265 Loading class java/awt/font/FontRenderContext done
Event: 9.265 Loading class java/awt/RenderingHints
Event: 9.266 Loading class java/awt/RenderingHints done
Event: 9.266 Loading class sun/awt/SunHints
Event: 9.266 Loading class sun/awt/SunHints done
Event: 9.266 Loading class sun/awt/SunHints$Key
Event: 9.266 Loading class java/awt/RenderingHints$Key
Event: 9.266 Loading class java/awt/RenderingHints$Key done
Event: 9.266 Loading class sun/awt/SunHints$Key done
Event: 9.266 Loading class sun/awt/SunHints$Value
Event: 9.266 Loading class sun/awt/SunHints$Value done
Event: 9.267 Loading class sun/awt/SunHints$LCDContrastKey
Event: 9.267 Loading class sun/awt/SunHints$LCDContrastKey done
Event: 9.537 Loading class javax/sound/sampled/Control$Type
Event: 9.538 Loading class javax/sound/sampled/Control$Type done
Event: 9.538 Loading class javax/sound/sampled/FloatControl$Type
Event: 9.538 Loading class javax/sound/sampled/FloatControl$Type done
Event: 9.853 Loading class java/util/TreeMap$KeySpliterator
Event: 9.853 Loading class java/util/TreeMap$TreeMapSpliterator
Event: 9.853 Loading class java/util/TreeMap$TreeMapSpliterator done
Event: 9.853 Loading class java/util/TreeMap$KeySpliterator done
Event: 10.095 Loading class java/text/MessageFormat
Event: 10.095 Loading class java/text/MessageFormat done
Event: 10.096 Loading class java/text/MessageFormat$Field
Event: 10.096 Loading class java/text/MessageFormat$Field done
Event: 10.096 Loading class java/text/FieldPosition$Delegate
Event: 10.096 Loading class java/text/FieldPosition$Delegate done
Event: 11.095 Loading class java/awt/font/TextAttribute
Event: 11.095 Loading class java/awt/font/TextAttribute done
Event: 11.097 Loading class java/security/AccessControlException
Event: 11.097 Loading class java/security/AccessControlException done
Event: 11.100 Loading class java/nio/ByteBufferAsCharBufferB
Event: 11.100 Loading class java/nio/ByteBufferAsCharBufferB done
Event: 11.100 Loading class java/nio/ByteBufferAsIntBufferB
Event: 11.100 Loading class java/nio/ByteBufferAsIntBufferB done
Event: 11.203 Loading class java/lang/invoke/BoundMethodHandle$Species_LLLLLLLLLL
Event: 11.203 Loading class java/lang/invoke/BoundMethodHandle$Species_LLLLLLLLLL done

Classes unloaded (0 events):
No events

Classes redefined (0 events):
No events

Internal exceptions (250 events):
Event: 5.532 Thread 0x00000273b3ce8690 Exception <a 'java/lang/NoSuchMethodError'{0x00000400181e44f8}: 'float java.lang.invoke.DirectMethodHandle$Holder.invokeVirtual(java.lang.Object, java.lang.Object)'> (0x00000400181e44f8) 
thrown [s\src\hotspot\share\interpreter\linkResolver.cpp, line 773]
Event: 5.533 Thread 0x00000273b3ce8690 Exception <a 'java/lang/NoSuchMethodError'{0x0000040007011b68}: 'java.lang.Object java.lang.invoke.DirectMethodHandle$Holder.newInvokeSpecial(java.lang.Object, float, float)'> (0x0000040007011b68) 
thrown [s\src\hotspot\share\interpreter\linkResolver.cpp, line 773]
Event: 5.541 Thread 0x00000273b3ce8690 Exception <a 'java/lang/IncompatibleClassChangeError'{0x00000400510ea208}: Found class java.lang.Object, but interface was expected> (0x00000400510ea208) 
thrown [s\src\hotspot\share\interpreter\linkResolver.cpp, line 840]
Event: 5.541 Thread 0x00000273b3ce8690 Exception <a 'java/lang/IncompatibleClassChangeError'{0x00000400510ed9b0}: Found class java.lang.Object, but interface was expected> (0x00000400510ed9b0) 
thrown [s\src\hotspot\share\interpreter\linkResolver.cpp, line 840]
Event: 5.557 Thread 0x00000273b3ce8690 Exception <a 'java/lang/NoSuchMethodError'{0x000004000ddf40e0}: 'java.lang.Object java.lang.invoke.DirectMethodHandle$Holder.invokeStatic(java.lang.Object, float, float, java.lang.Object)'> (0x000004000ddf40e0) 
thrown [s\src\hotspot\share\interpreter\linkResolver.cpp, line 773]
Event: 5.558 Thread 0x00000273b3ce8690 Exception <a 'java/lang/NoSuchMethodError'{0x000004000ddff9f8}: 'java.lang.Object java.lang.invoke.Invokers$Holder.linkToTargetMethod(float, float, java.lang.Object)'> (0x000004000ddff9f8) 
thrown [s\src\hotspot\share\interpreter\linkResolver.cpp, line 773]
Event: 5.580 Thread 0x00000273b3ce8690 Exception <a 'java/lang/IncompatibleClassChangeError'{0x0000040024fdc7d8}: Found class java.lang.Object, but interface was expected> (0x0000040024fdc7d8) 
thrown [s\src\hotspot\share\interpreter\linkResolver.cpp, line 840]
Event: 5.583 Thread 0x00000273b3ce8690 Exception <a 'java/lang/NoSuchMethodError'{0x0000040005acf798}: 'java.lang.Object java.lang.invoke.DirectMethodHandle$Holder.newInvokeSpecial(java.lang.Object, java.lang.Object, int, int, int, java.lang.Object)'> (0x0000040005acf798) 
thrown [s\src\hotspot\share\interpreter\linkResolver.cpp, line 773]
Event: 5.598 Thread 0x00000273b3ce8690 Exception <a 'java/lang/IncompatibleClassChangeError'{0x000004000f147c90}: Found class java.lang.Object, but interface was expected> (0x000004000f147c90) 
thrown [s\src\hotspot\share\interpreter\linkResolver.cpp, line 840]
Event: 5.606 Thread 0x00000273b3ce8690 Exception <a 'java/lang/NoSuchMethodError'{0x00000400389c0e28}: 'java.lang.Object java.lang.invoke.DirectMethodHandle$Holder.newInvokeSpecial(java.lang.Object, java.lang.Object, java.lang.Object, java.lang.Object, java.lang.Object, java.lang.Object, int)'> (0x00000400389c0e28) 
thrown [s\src\hotspot\share\interpreter\linkResolver.cpp, line 773]
Event: 5.615 Thread 0x00000273b3ce8690 Exception <a 'java/lang/IncompatibleClassChangeError'{0x000004000c8adee0}: Found class java.lang.Object, but interface was expected> (0x000004000c8adee0) 
thrown [s\src\hotspot\share\interpreter\linkResolver.cpp, line 840]
Event: 5.652 Thread 0x00000273b3ce8690 Exception <a 'java/lang/NoSuchMethodError'{0x00000400249d4718}: 'java.lang.Object java.lang.invoke.DirectMethodHandle$Holder.newInvokeSpecial(java.lang.Object, java.lang.Object, java.lang.Object, int, int)'> (0x00000400249d4718) 
thrown [s\src\hotspot\share\interpreter\linkResolver.cpp, line 773]
Event: 5.690 Thread 0x00000273b3ce8690 Implicit null exception at 0x0000026f9ef0dd71 to 0x0000026f9ef0e270
Event: 5.699 Thread 0x00000273b3ce8690 Exception <a 'java/lang/NoSuchMethodError'{0x000004001b6037e8}: 'java.lang.Object java.lang.invoke.DirectMethodHandle$Holder.newInvokeSpecial(java.lang.Object, java.lang.Object, double)'> (0x000004001b6037e8) 
thrown [s\src\hotspot\share\interpreter\linkResolver.cpp, line 773]
Event: 5.700 Thread 0x00000273b3ce8690 Exception <a 'java/lang/IncompatibleClassChangeError'{0x000004001b66f680}: Found class java.lang.Object, but interface was expected> (0x000004001b66f680) 
thrown [s\src\hotspot\share\interpreter\linkResolver.cpp, line 840]
Event: 5.708 Thread 0x00000273b3ce8690 Exception <a 'java/lang/NoSuchMethodError'{0x00000400662f1360}: 'long java.lang.invoke.DirectMethodHandle$Holder.invokeStaticInit(java.lang.Object, float)'> (0x00000400662f1360) 
thrown [s\src\hotspot\share\interpreter\linkResolver.cpp, line 773]
Event: 5.708 Thread 0x00000273b3ce8690 Exception <a 'java/lang/NoSuchMethodError'{0x00000400662f89f0}: 'float java.lang.invoke.DirectMethodHandle$Holder.invokeStatic(java.lang.Object, long)'> (0x00000400662f89f0) 
thrown [s\src\hotspot\share\interpreter\linkResolver.cpp, line 773]
Event: 5.708 Thread 0x00000273b3ce8690 Exception <a 'java/lang/NoSuchMethodError'{0x00000400662fccb0}: 'float java.lang.invoke.DirectMethodHandle$Holder.invokeStaticInit(java.lang.Object, long)'> (0x00000400662fccb0) 
thrown [s\src\hotspot\share\interpreter\linkResolver.cpp, line 773]
Event: 5.708 Thread 0x00000273b3ce8690 Exception <a 'java/lang/NoSuchMethodError'{0x00000400663085c8}: 'java.lang.Object java.lang.invoke.DirectMethodHandle$Holder.newInvokeSpecial(java.lang.Object, java.lang.Object, java.lang.Object, java.lang.Object, java.lang.Object, java.lang.Object, java.lang.Object, long)'> (0x00000400663085c8) 
thrown [s\src\hotspot\share\interpreter\linkResolver.cpp, line 773]
Event: 5.716 Thread 0x00000273b3ce8690 Exception <a 'java/lang/NoSuchMethodError'{0x000004004b693980}: 'java.lang.Object java.lang.invoke.DirectMethodHandle$Holder.newInvokeSpecial(java.lang.Object, int, int, int, int)'> (0x000004004b693980) 
thrown [s\src\hotspot\share\interpreter\linkResolver.cpp, line 773]
Event: 5.732 Thread 0x00000273b3ce8690 Exception <a 'java/lang/NoSuchMethodError'{0x000004003dcec0d8}: 'java.lang.Object java.lang.invoke.DirectMethodHandle$Holder.invokeStaticInit(java.lang.Object, double, double, double, double, double)'> (0x000004003dcec0d8) 
thrown [s\src\hotspot\share\interpreter\linkResolver.cpp, line 773]
Event: 5.735 Thread 0x00000273b3ce8690 Exception <a 'java/lang/NoSuchMethodError'{0x000004003ddff648}: 'double java.lang.invoke.DirectMethodHandle$Holder.invokeStatic(java.lang.Object, double)'> (0x000004003ddff648) 
thrown [s\src\hotspot\share\interpreter\linkResolver.cpp, line 773]
Event: 5.736 Thread 0x00000273b3ce8690 Exception <a 'java/lang/NoSuchMethodError'{0x0000040028803b48}: 'double java.lang.invoke.DirectMethodHandle$Holder.invokeStaticInit(java.lang.Object, double)'> (0x0000040028803b48) 
thrown [s\src\hotspot\share\interpreter\linkResolver.cpp, line 773]
Event: 5.741 Thread 0x00000273b3ce8690 Exception <a 'java/lang/NoSuchMethodError'{0x000004005b037200}: 'float java.lang.invoke.DirectMethodHandle$Holder.invokeStatic(java.lang.Object, float)'> (0x000004005b037200) 
thrown [s\src\hotspot\share\interpreter\linkResolver.cpp, line 773]
Event: 5.741 Thread 0x00000273b3ce8690 Exception <a 'java/lang/NoSuchMethodError'{0x000004005b03b178}: 'float java.lang.invoke.DirectMethodHandle$Holder.invokeStaticInit(java.lang.Object, float)'> (0x000004005b03b178) 
thrown [s\src\hotspot\share\interpreter\linkResolver.cpp, line 773]
Event: 5.743 Thread 0x00000273b3ce8690 Exception <a 'java/lang/NoSuchMethodError'{0x000004005b1122e8}: 'java.lang.Object java.lang.invoke.DirectMethodHandle$Holder.newInvokeSpecial(java.lang.Object, double)'> (0x000004005b1122e8) 
thrown [s\src\hotspot\share\interpreter\linkResolver.cpp, line 773]
Event: 5.782 Thread 0x00000273b3ce8690 Exception <a 'java/lang/NoSuchMethodError'{0x000004004a953690}: 'java.lang.Object java.lang.invoke.DirectMethodHandle$Holder.newInvokeSpecial(java.lang.Object, java.lang.Object, float, float)'> (0x000004004a953690) 
thrown [s\src\hotspot\share\interpreter\linkResolver.cpp, line 773]
Event: 5.786 Thread 0x00000273b3ce8690 Exception <a 'java/lang/NoSuchMethodError'{0x0000040047b24048}: 'float java.lang.invoke.DirectMethodHandle$Holder.invokeStaticInit(java.lang.Object, java.lang.Object, java.lang.Object, float, java.lang.Object)'> (0x0000040047b24048) 
thrown [s\src\hotspot\share\interpreter\linkResolver.cpp, line 773]
Event: 5.794 Thread 0x00000273b3ce8690 Exception <a 'java/lang/NoSuchMethodError'{0x00000400163d0c80}: 'double java.lang.invoke.DirectMethodHandle$Holder.invokeStaticInit(java.lang.Object, double, double, float, java.lang.Object)'> (0x00000400163d0c80) 
thrown [s\src\hotspot\share\interpreter\linkResolver.cpp, line 773]
Event: 5.870 Thread 0x0000026f931815e0 Exception <a 'java/lang/NoSuchMethodError'{0x000004002f462f18}: 'void java.lang.invoke.DirectMethodHandle$Holder.invokeInterface(java.lang.Object, java.lang.Object, int)'> (0x000004002f462f18) 
thrown [s\src\hotspot\share\interpreter\linkResolver.cpp, line 773]
Event: 5.870 Thread 0x0000026f931815e0 Exception <a 'java/lang/NoSuchMethodError'{0x000004002f47fa80}: 'void java.lang.invoke.DirectMethodHandle$Holder.invokeStaticInit(java.lang.Object, java.lang.Object, int)'> (0x000004002f47fa80) 
thrown [s\src\hotspot\share\interpreter\linkResolver.cpp, line 773]
Event: 5.872 Thread 0x0000026f931815e0 Exception <a 'java/lang/NoSuchMethodError'{0x000004003d215cc0}: 'float java.lang.invoke.DirectMethodHandle$Holder.invokeStatic(java.lang.Object, java.lang.Object)'> (0x000004003d215cc0) 
thrown [s\src\hotspot\share\interpreter\linkResolver.cpp, line 773]
Event: 5.873 Thread 0x0000026f931815e0 Exception <a 'java/lang/NoSuchMethodError'{0x000004003d219df0}: 'float java.lang.invoke.DirectMethodHandle$Holder.invokeStaticInit(java.lang.Object, java.lang.Object)'> (0x000004003d219df0) 
thrown [s\src\hotspot\share\interpreter\linkResolver.cpp, line 773]
Event: 5.987 Thread 0x0000026f931815e0 Exception <a 'sun/nio/fs/WindowsException'{0x0000040040665968}> (0x0000040040665968) 
thrown [s\src\hotspot\share\prims\jni.cpp, line 520]
Event: 6.028 Thread 0x0000026f931815e0 Exception <a 'sun/nio/fs/WindowsException'{0x0000040027a25158}> (0x0000040027a25158) 
thrown [s\src\hotspot\share\prims\jni.cpp, line 520]
Event: 6.054 Thread 0x0000026f820cf670 Exception <a 'java/lang/NoSuchMethodError'{0x00000400707b52e8}: method resolution failed> (0x00000400707b52e8) 
thrown [s\src\hotspot\share\prims\methodHandles.cpp, line 1144]
Event: 6.060 Thread 0x00000273b3ce2ab0 Exception <a 'sun/nio/fs/WindowsException'{0x000004004f83b678}> (0x000004004f83b678) 
thrown [s\src\hotspot\share\prims\jni.cpp, line 520]
Event: 6.107 Thread 0x0000026f931815e0 Exception <a 'java/lang/NoSuchMethodError'{0x00000400423d8c48}: 'java.lang.Object java.lang.invoke.DirectMethodHandle$Holder.invokeStatic(java.lang.Object, java.lang.Object, double)'> (0x00000400423d8c48) 
thrown [s\src\hotspot\share\interpreter\linkResolver.cpp, line 773]
Event: 6.110 Thread 0x0000026f931815e0 Exception <a 'java/lang/NoSuchMethodError'{0x00000400102840d8}: 'int java.lang.invoke.DirectMethodHandle$Holder.invokeStatic(java.lang.Object)'> (0x00000400102840d8) 
thrown [s\src\hotspot\share\interpreter\linkResolver.cpp, line 773]
Event: 6.116 Thread 0x0000026f931815e0 Exception <a 'java/lang/NoSuchMethodError'{0x00000400086e7b00}: 'double java.lang.invoke.DirectMethodHandle$Holder.invokeStatic(java.lang.Object, int)'> (0x00000400086e7b00) 
thrown [s\src\hotspot\share\interpreter\linkResolver.cpp, line 773]
Event: 6.120 Thread 0x0000026f931815e0 Implicit null exception at 0x0000026f9f1319c3 to 0x0000026f9f132da0
Event: 6.121 Thread 0x0000026f931815e0 Implicit null exception at 0x0000026f9f3fb105 to 0x0000026f9f3fb72c
Event: 6.127 Thread 0x0000026f931815e0 Exception <a 'java/lang/NoSuchMethodError'{0x00000400003adce0}: 'java.lang.Object java.lang.invoke.DirectMethodHandle$Holder.invokeInterface(java.lang.Object, java.lang.Object, double)'> (0x00000400003adce0) 
thrown [s\src\hotspot\share\interpreter\linkResolver.cpp, line 773]
Event: 6.127 Thread 0x0000026f931815e0 Exception <a 'java/lang/NoSuchMethodError'{0x00000400003b5498}: 'double java.lang.invoke.DirectMethodHandle$Holder.invokeInterface(java.lang.Object, java.lang.Object, java.lang.Object)'> (0x00000400003b5498) 
thrown [s\src\hotspot\share\interpreter\linkResolver.cpp, line 773]
Event: 6.127 Thread 0x0000026f931815e0 Exception <a 'java/lang/NoSuchMethodError'{0x00000400003c4f10}: 'void java.lang.invoke.DirectMethodHandle$Holder.invokeStatic(java.lang.Object, double)'> (0x00000400003c4f10) 
thrown [s\src\hotspot\share\interpreter\linkResolver.cpp, line 773]
Event: 6.134 Thread 0x0000026f931815e0 Exception <a 'java/lang/NoSuchMethodError'{0x000004005b94b4a0}: 'double java.lang.invoke.DirectMethodHandle$Holder.invokeVirtual(java.lang.Object, java.lang.Object)'> (0x000004005b94b4a0) 
thrown [s\src\hotspot\share\interpreter\linkResolver.cpp, line 773]
Event: 6.188 Thread 0x0000026f931815e0 Exception <a 'java/lang/NoSuchMethodError'{0x00000400636ebb10}: 'void java.lang.invoke.DirectMethodHandle$Holder.invokeSpecial(java.lang.Object, java.lang.Object, int, long)'> (0x00000400636ebb10) 
thrown [s\src\hotspot\share\interpreter\linkResolver.cpp, line 773]
Event: 6.188 Thread 0x0000026f931815e0 Exception <a 'java/lang/NoSuchMethodError'{0x00000400636f2b98}: 'void java.lang.invoke.DirectMethodHandle$Holder.invokeStatic(java.lang.Object, int, long)'> (0x00000400636f2b98) 
thrown [s\src\hotspot\share\interpreter\linkResolver.cpp, line 773]
Event: 6.203 Thread 0x0000026f931815e0 Exception <a 'java/lang/NoSuchMethodError'{0x0000040063767648}: 'void java.lang.invoke.DirectMethodHandle$Holder.invokeSpecial(java.lang.Object, java.lang.Object, int)'> (0x0000040063767648) 
thrown [s\src\hotspot\share\interpreter\linkResolver.cpp, line 773]
Event: 6.211 Thread 0x0000026f931815e0 Exception <a 'java/lang/UnsatisfiedLinkError'{0x000004005567d888}: The specified procedure could not be found.
> (0x000004005567d888) 
thrown [s\src\hotspot\share\prims\jni.cpp, line 539]
Event: 6.212 Thread 0x0000026f931815e0 Exception <a 'java/lang/UnsatisfiedLinkError'{0x0000040055687068}: The specified procedure could not be found.
> (0x0000040055687068) 
thrown [s\src\hotspot\share\prims\jni.cpp, line 539]
Event: 6.219 Thread 0x0000026f931815e0 Implicit null exception at 0x0000026f9f4a0867 to 0x0000026f9f4a0d00
Event: 6.220 Thread 0x0000026f931815e0 Implicit null exception at 0x0000026f9f49851e to 0x0000026f9f498848
Event: 6.222 Thread 0x0000026f931815e0 Implicit null exception at 0x0000026f9f49561e to 0x0000026f9f495b2c
Event: 6.226 Thread 0x0000026f931815e0 Exception <a 'java/lang/UnsatisfiedLinkError'{0x000004004a111008}: The specified procedure could not be found.
> (0x000004004a111008) 
thrown [s\src\hotspot\share\prims\jni.cpp, line 539]
Event: 6.241 Thread 0x0000026f931815e0 Exception <a 'java/lang/NoSuchMethodError'{0x00000400358239f0}: 'void java.lang.System.load(java.lang.String, java.lang.Class)'> (0x00000400358239f0) 
thrown [s\src\hotspot\share\interpreter\linkResolver.cpp, line 773]
Event: 6.241 Thread 0x0000026f931815e0 Exception <a 'java/lang/NoSuchMethodError'{0x00000400358274e0}: 'void java.lang.System.loadLibrary(java.lang.String, java.lang.Class)'> (0x00000400358274e0) 
thrown [s\src\hotspot\share\interpreter\linkResolver.cpp, line 773]
Event: 6.241 Thread 0x0000026f931815e0 Exception <a 'sun/nio/fs/WindowsException'{0x0000040035854dd0}> (0x0000040035854dd0) 
thrown [s\src\hotspot\share\prims\jni.cpp, line 520]
Event: 6.241 Thread 0x0000026f931815e0 Exception <a 'sun/nio/fs/WindowsException'{0x0000040035855518}> (0x0000040035855518) 
thrown [s\src\hotspot\share\prims\jni.cpp, line 520]
Event: 6.243 Thread 0x0000026f931815e0 Exception <a 'sun/nio/fs/WindowsException'{0x00000400358e0f80}> (0x00000400358e0f80) 
thrown [s\src\hotspot\share\prims\jni.cpp, line 520]
Event: 6.244 Thread 0x0000026f931815e0 Exception <a 'sun/nio/fs/WindowsException'{0x00000400358e20b8}> (0x00000400358e20b8) 
thrown [s\src\hotspot\share\prims\jni.cpp, line 520]
Event: 6.244 Thread 0x0000026f931815e0 Exception <a 'sun/nio/fs/WindowsException'{0x00000400358e2548}> (0x00000400358e2548) 
thrown [s\src\hotspot\share\prims\jni.cpp, line 520]
Event: 6.247 Thread 0x0000026f931815e0 Exception <a 'java/lang/NoSuchMethodError'{0x000004003593ec98}: 'void java.lang.invoke.DirectMethodHandle$Holder.invokeStatic(java.lang.Object, long)'> (0x000004003593ec98) 
thrown [s\src\hotspot\share\interpreter\linkResolver.cpp, line 773]
Event: 6.337 Thread 0x0000026f820d0390 Exception <a 'sun/nio/fs/WindowsException'{0x000004000db18868}> (0x000004000db18868) 
thrown [s\src\hotspot\share\prims\jni.cpp, line 520]
Event: 6.341 Thread 0x00000273b07838c0 Implicit null exception at 0x0000026f9f22ba94 to 0x0000026f9f22c2cb
Event: 6.363 Thread 0x00000273b07838c0 Exception <a 'java/lang/IllegalArgumentException'{0x000004000d75a968}: Wrong type at constant pool index> (0x000004000d75a968) 
thrown [s\src\hotspot\share\prims\jvm.cpp, line 2168]
Event: 6.363 Thread 0x00000273b07838c0 Exception <a 'java/lang/IllegalArgumentException'{0x000004000d75b5f0}: Wrong type at constant pool index> (0x000004000d75b5f0) 
thrown [s\src\hotspot\share\prims\jvm.cpp, line 2168]
Event: 6.363 Thread 0x00000273b07838c0 Exception <a 'java/lang/IllegalArgumentException'{0x000004000d773640}: Wrong type at constant pool index> (0x000004000d773640) 
thrown [s\src\hotspot\share\prims\jvm.cpp, line 2168]
Event: 6.363 Thread 0x00000273b07838c0 Exception <a 'java/lang/IllegalArgumentException'{0x000004000d773db8}: Wrong type at constant pool index> (0x000004000d773db8) 
thrown [s\src\hotspot\share\prims\jvm.cpp, line 2168]
Event: 6.366 Thread 0x00000273b07838c0 Exception <a 'java/lang/IllegalArgumentException'{0x000004000d7a3e80}: Wrong type at constant pool index> (0x000004000d7a3e80) 
thrown [s\src\hotspot\share\prims\jvm.cpp, line 2168]
Event: 6.366 Thread 0x00000273b07838c0 Exception <a 'java/lang/IllegalArgumentException'{0x000004000d7a45f8}: Wrong type at constant pool index> (0x000004000d7a45f8) 
thrown [s\src\hotspot\share\prims\jvm.cpp, line 2168]
Event: 6.366 Thread 0x00000273b07838c0 Exception <a 'java/lang/IllegalArgumentException'{0x000004000d7b1710}: Wrong type at constant pool index> (0x000004000d7b1710) 
thrown [s\src\hotspot\share\prims\jvm.cpp, line 2168]
Event: 6.366 Thread 0x00000273b07838c0 Exception <a 'java/lang/IllegalArgumentException'{0x000004000d7b1e88}: Wrong type at constant pool index> (0x000004000d7b1e88) 
thrown [s\src\hotspot\share\prims\jvm.cpp, line 2168]
Event: 6.367 Thread 0x00000273b07838c0 Exception <a 'java/lang/IllegalArgumentException'{0x000004000d7b6420}: Wrong type at constant pool index> (0x000004000d7b6420) 
thrown [s\src\hotspot\share\prims\jvm.cpp, line 2168]
Event: 6.367 Thread 0x00000273b07838c0 Exception <a 'java/lang/IllegalArgumentException'{0x000004000d7b6b98}: Wrong type at constant pool index> (0x000004000d7b6b98) 
thrown [s\src\hotspot\share\prims\jvm.cpp, line 2168]
Event: 6.367 Thread 0x00000273b07838c0 Exception <a 'java/lang/IllegalArgumentException'{0x000004000d7bad28}: Wrong type at constant pool index> (0x000004000d7bad28) 
thrown [s\src\hotspot\share\prims\jvm.cpp, line 2168]
Event: 6.367 Thread 0x00000273b07838c0 Exception <a 'java/lang/IllegalArgumentException'{0x000004000d7bb4a0}: Wrong type at constant pool index> (0x000004000d7bb4a0) 
thrown [s\src\hotspot\share\prims\jvm.cpp, line 2168]
Event: 6.367 Thread 0x00000273b07838c0 Exception <a 'java/lang/IllegalArgumentException'{0x000004000d7bf950}: Wrong type at constant pool index> (0x000004000d7bf950) 
thrown [s\src\hotspot\share\prims\jvm.cpp, line 2168]
Event: 6.367 Thread 0x00000273b07838c0 Exception <a 'java/lang/IllegalArgumentException'{0x000004000d7c06a8}: Wrong type at constant pool index> (0x000004000d7c06a8) 
thrown [s\src\hotspot\share\prims\jvm.cpp, line 2168]
Event: 6.367 Thread 0x00000273b07838c0 Exception <a 'java/lang/IllegalArgumentException'{0x000004000d7c4cc8}: Wrong type at constant pool index> (0x000004000d7c4cc8) 
thrown [s\src\hotspot\share\prims\jvm.cpp, line 2168]
Event: 6.367 Thread 0x00000273b07838c0 Exception <a 'java/lang/IllegalArgumentException'{0x000004000d7c5788}: Wrong type at constant pool index> (0x000004000d7c5788) 
thrown [s\src\hotspot\share\prims\jvm.cpp, line 2168]
Event: 6.368 Thread 0x00000273b07838c0 Exception <a 'java/lang/IllegalArgumentException'{0x000004000d7f2488}: Wrong type at constant pool index> (0x000004000d7f2488) 
thrown [s\src\hotspot\share\prims\jvm.cpp, line 2168]
Event: 6.368 Thread 0x00000273b07838c0 Exception <a 'java/lang/IllegalArgumentException'{0x000004000d7f2c00}: Wrong type at constant pool index> (0x000004000d7f2c00) 
thrown [s\src\hotspot\share\prims\jvm.cpp, line 2168]
Event: 6.374 Thread 0x0000026f820cefe0 Exception <a 'java/lang/NoSuchMethodError'{0x000004005d30da88}: 'void java.lang.invoke.DirectMethodHandle$Holder.invokeStatic(java.lang.Object, java.lang.Object, int, int)'> (0x000004005d30da88) 
thrown [s\src\hotspot\share\interpreter\linkResolver.cpp, line 773]
Event: 6.376 Thread 0x0000026f820cefe0 Exception <a 'java/lang/NoSuchMethodError'{0x000004005d3b7c68}: 'void java.lang.invoke.DirectMethodHandle$Holder.invokeStatic(java.lang.Object, int, int)'> (0x000004005d3b7c68) 
thrown [s\src\hotspot\share\interpreter\linkResolver.cpp, line 773]
Event: 6.377 Thread 0x0000026f820d0390 Exception <a 'java/lang/ClassNotFoundException'{0x000004000a014d08}: sun/awt/resources/spi/awtProvider> (0x000004000a014d08) 
thrown [s\src\hotspot\share\classfile\systemDictionary.cpp, line 312]
Event: 6.380 Thread 0x0000026f820d0390 Exception <a 'java/io/FileNotFoundException'{0x000004000a0240d0}> (0x000004000a0240d0) 
thrown [s\src\hotspot\share\prims\jni.cpp, line 520]
Event: 6.380 Thread 0x0000026f820d0390 Exception <a 'java/io/FileNotFoundException'{0x000004000a025928}> (0x000004000a025928) 
thrown [s\src\hotspot\share\prims\jni.cpp, line 520]
Event: 6.381 Thread 0x00000273b07838c0 Implicit null exception at 0x0000026f9f2b9177 to 0x0000026f9f2b9668
Event: 6.381 Thread 0x0000026f820cefe0 Exception <a 'java/lang/NoSuchMethodError'{0x000004004d4fc1a8}: 'void java.lang.invoke.DirectMethodHandle$Holder.invokeStaticInit(java.lang.Object, int, int, int, long, int)'> (0x000004004d4fc1a8) 
thrown [s\src\hotspot\share\interpreter\linkResolver.cpp, line 773]
Event: 6.382 Thread 0x00000273b07838c0 Exception <a 'java/lang/IllegalArgumentException'{0x00000400650f1af8}: Wrong type at constant pool index> (0x00000400650f1af8) 
thrown [s\src\hotspot\share\prims\jvm.cpp, line 2168]
Event: 6.382 Thread 0x00000273b07838c0 Exception <a 'java/lang/IllegalArgumentException'{0x00000400650f25b8}: Wrong type at constant pool index> (0x00000400650f25b8) 
thrown [s\src\hotspot\share\prims\jvm.cpp, line 2168]
Event: 6.382 Thread 0x00000273b07838c0 Exception <a 'java/lang/IllegalArgumentException'{0x00000400650f6ac0}: Wrong type at constant pool index> (0x00000400650f6ac0) 
thrown [s\src\hotspot\share\prims\jvm.cpp, line 2168]
Event: 6.382 Thread 0x00000273b07838c0 Exception <a 'java/lang/IllegalArgumentException'{0x00000400650f7580}: Wrong type at constant pool index> (0x00000400650f7580) 
thrown [s\src\hotspot\share\prims\jvm.cpp, line 2168]
Event: 6.382 Thread 0x00000273b07838c0 Exception <a 'java/lang/NoSuchMethodError'{0x0000040065109cd8}: 'java.lang.Object java.lang.invoke.DirectMethodHandle$Holder.invokeStatic(java.lang.Object, int, java.lang.Object, java.lang.Object, java.lang.Object, java.lang.Object)'> (0x0000040065109cd8) 
thrown [s\src\hotspot\share\interpreter\linkResolver.cpp, line 773]
Event: 6.383 Thread 0x00000273b07838c0 Exception <a 'java/lang/IllegalArgumentException'{0x00000400651633f0}: Wrong type at constant pool index> (0x00000400651633f0) 
thrown [s\src\hotspot\share\prims\jvm.cpp, line 2168]
Event: 6.383 Thread 0x00000273b07838c0 Exception <a 'java/lang/IllegalArgumentException'{0x0000040065163b68}: Wrong type at constant pool index> (0x0000040065163b68) 
thrown [s\src\hotspot\share\prims\jvm.cpp, line 2168]
Event: 6.391 Thread 0x00000273b07838c0 Exception <a 'java/lang/IllegalArgumentException'{0x000004002f8cc818}: Wrong type at constant pool index> (0x000004002f8cc818) 
thrown [s\src\hotspot\share\prims\jvm.cpp, line 2168]
Event: 6.391 Thread 0x00000273b07838c0 Exception <a 'java/lang/IllegalArgumentException'{0x000004002f8ccf90}: Wrong type at constant pool index> (0x000004002f8ccf90) 
thrown [s\src\hotspot\share\prims\jvm.cpp, line 2168]
Event: 6.397 Thread 0x0000026f820d0390 Exception <a 'java/lang/IllegalArgumentException'{0x000004000b999368}: Wrong type at constant pool index> (0x000004000b999368) 
thrown [s\src\hotspot\share\prims\jvm.cpp, line 2168]
Event: 6.397 Thread 0x0000026f820d0390 Exception <a 'java/lang/IllegalArgumentException'{0x000004000b999e28}: Wrong type at constant pool index> (0x000004000b999e28) 
thrown [s\src\hotspot\share\prims\jvm.cpp, line 2168]
Event: 6.399 Thread 0x0000026f820cd5a0 Exception <a 'java/lang/NoSuchMethodError'{0x000004006ba28a50}: 'java.lang.Object java.lang.invoke.DirectMethodHandle$Holder.invokeStatic(java.lang.Object, int, java.lang.Object, java.lang.Object, java.lang.Object)'> (0x000004006ba28a50) 
thrown [s\src\hotspot\share\interpreter\linkResolver.cpp, line 773]
Event: 6.430 Thread 0x0000026f820cefe0 Implicit null exception at 0x0000026f9f576a19 to 0x0000026f9f576d68
Event: 6.444 Thread 0x0000026f820cefe0 Exception <a 'java/lang/NoSuchMethodError'{0x000004005c292ca8}: 'void java.lang.invoke.DirectMethodHandle$Holder.invokeStaticInit(java.lang.Object, java.lang.Object, java.lang.Object, java.lang.Object, java.lang.Object)'> (0x000004005c292ca8) 
thrown [s\src\hotspot\share\interpreter\linkResolver.cpp, line 773]
Event: 6.444 Thread 0x0000026f820cefe0 Exception <a 'java/lang/NoSuchMethodError'{0x000004005c2afb20}: 'java.lang.Object java.lang.invoke.DirectMethodHandle$Holder.invokeSpecial(java.lang.Object, java.lang.Object, java.lang.Object, int, int, java.lang.Object, java.lang.Object)'> (0x000004005c2afb20) 
thrown [s\src\hotspot\share\interpreter\linkResolver.cpp, line 773]
Event: 6.447 Thread 0x00000273b07838c0 Exception <a 'java/lang/IllegalArgumentException'{0x0000040007352ee0}: Wrong type at constant pool index> (0x0000040007352ee0) 
thrown [s\src\hotspot\share\prims\jvm.cpp, line 2168]
Event: 6.447 Thread 0x00000273b07838c0 Exception <a 'java/lang/IllegalArgumentException'{0x00000400073539a0}: Wrong type at constant pool index> (0x00000400073539a0) 
thrown [s\src\hotspot\share\prims\jvm.cpp, line 2168]
Event: 6.447 Thread 0x0000026f820cd5a0 Exception <a 'java/lang/NoSuchMethodError'{0x000004006ba7f308}: 'java.lang.String org.watermedia.tools.IOTool.getPlatformClassifier()'> (0x000004006ba7f308) 
thrown [s\src\hotspot\share\interpreter\linkResolver.cpp, line 773]
Event: 6.448 Thread 0x00000273b07838c0 Exception <a 'java/lang/IllegalArgumentException'{0x00000400073d8388}: Wrong type at constant pool index> (0x00000400073d8388) 
thrown [s\src\hotspot\share\prims\jvm.cpp, line 2168]
Event: 6.448 Thread 0x00000273b07838c0 Exception <a 'java/lang/IllegalArgumentException'{0x00000400073d8b00}: Wrong type at constant pool index> (0x00000400073d8b00) 
thrown [s\src\hotspot\share\prims\jvm.cpp, line 2168]
Event: 6.449 Thread 0x00000273b07838c0 Exception <a 'java/lang/IllegalArgumentException'{0x00000400073dcb68}: Wrong type at constant pool index> (0x00000400073dcb68) 
thrown [s\src\hotspot\share\prims\jvm.cpp, line 2168]
Event: 6.449 Thread 0x00000273b07838c0 Exception <a 'java/lang/IllegalArgumentException'{0x00000400073dd2e0}: Wrong type at constant pool index> (0x00000400073dd2e0) 
thrown [s\src\hotspot\share\prims\jvm.cpp, line 2168]
Event: 6.449 Thread 0x00000273b07838c0 Exception <a 'java/lang/IllegalArgumentException'{0x00000400073e1280}: Wrong type at constant pool index> (0x00000400073e1280) 
thrown [s\src\hotspot\share\prims\jvm.cpp, line 2168]
Event: 6.449 Thread 0x00000273b07838c0 Exception <a 'java/lang/IllegalArgumentException'{0x00000400073e19f8}: Wrong type at constant pool index> (0x00000400073e19f8) 
thrown [s\src\hotspot\share\prims\jvm.cpp, line 2168]
Event: 6.449 Thread 0x00000273b07838c0 Exception <a 'java/lang/IllegalArgumentException'{0x0000040040e13b10}: Wrong type at constant pool index> (0x0000040040e13b10) 
thrown [s\src\hotspot\share\prims\jvm.cpp, line 2168]
Event: 6.449 Thread 0x00000273b07838c0 Exception <a 'java/lang/IllegalArgumentException'{0x0000040040e14288}: Wrong type at constant pool index> (0x0000040040e14288) 
thrown [s\src\hotspot\share\prims\jvm.cpp, line 2168]
Event: 6.450 Thread 0x00000273b07838c0 Exception <a 'java/lang/IllegalArgumentException'{0x0000040040e23ae8}: Wrong type at constant pool index> (0x0000040040e23ae8) 
thrown [s\src\hotspot\share\prims\jvm.cpp, line 2168]
Event: 6.450 Thread 0x00000273b07838c0 Exception <a 'java/lang/IllegalArgumentException'{0x0000040040e24260}: Wrong type at constant pool index> (0x0000040040e24260) 
thrown [s\src\hotspot\share\prims\jvm.cpp, line 2168]
Event: 6.450 Thread 0x00000273b07838c0 Exception <a 'java/lang/IllegalArgumentException'{0x0000040040e28690}: Wrong type at constant pool index> (0x0000040040e28690) 
thrown [s\src\hotspot\share\prims\jvm.cpp, line 2168]
Event: 6.450 Thread 0x00000273b07838c0 Exception <a 'java/lang/IllegalArgumentException'{0x0000040040e28e08}: Wrong type at constant pool index> (0x0000040040e28e08) 
thrown [s\src\hotspot\share\prims\jvm.cpp, line 2168]
Event: 6.450 Thread 0x00000273b07838c0 Exception <a 'java/lang/IllegalArgumentException'{0x0000040040e441a0}: Wrong type at constant pool index> (0x0000040040e441a0) 
thrown [s\src\hotspot\share\prims\jvm.cpp, line 2168]
Event: 6.450 Thread 0x00000273b07838c0 Exception <a 'java/lang/IllegalArgumentException'{0x0000040040e44918}: Wrong type at constant pool index> (0x0000040040e44918) 
thrown [s\src\hotspot\share\prims\jvm.cpp, line 2168]
Event: 6.450 Thread 0x00000273b07838c0 Exception <a 'java/lang/IllegalArgumentException'{0x0000040040e59920}: Wrong type at constant pool index> (0x0000040040e59920) 
thrown [s\src\hotspot\share\prims\jvm.cpp, line 2168]
Event: 6.450 Thread 0x00000273b07838c0 Exception <a 'java/lang/IllegalArgumentException'{0x0000040040e5a098}: Wrong type at constant pool index> (0x0000040040e5a098) 
thrown [s\src\hotspot\share\prims\jvm.cpp, line 2168]
Event: 6.452 Thread 0x00000273b07838c0 Exception <a 'java/lang/IllegalArgumentException'{0x0000040040ef7420}: Wrong type at constant pool index> (0x0000040040ef7420) 
thrown [s\src\hotspot\share\prims\jvm.cpp, line 2168]
Event: 6.452 Thread 0x00000273b07838c0 Exception <a 'java/lang/IllegalArgumentException'{0x0000040040ef7ee0}: Wrong type at constant pool index> (0x0000040040ef7ee0) 
thrown [s\src\hotspot\share\prims\jvm.cpp, line 2168]
Event: 6.453 Thread 0x00000273b07838c0 Exception <a 'java/lang/IllegalArgumentException'{0x0000040040f1c278}: Wrong type at constant pool index> (0x0000040040f1c278) 
thrown [s\src\hotspot\share\prims\jvm.cpp, line 2168]
Event: 6.453 Thread 0x00000273b07838c0 Exception <a 'java/lang/IllegalArgumentException'{0x0000040040f1cd38}: Wrong type at constant pool index> (0x0000040040f1cd38) 
thrown [s\src\hotspot\share\prims\jvm.cpp, line 2168]
Event: 6.459 Thread 0x00000273b07838c0 Exception <a 'java/lang/IllegalArgumentException'{0x000004004ccf1330}: Wrong type at constant pool index> (0x000004004ccf1330) 
thrown [s\src\hotspot\share\prims\jvm.cpp, line 2168]
Event: 6.459 Thread 0x00000273b07838c0 Exception <a 'java/lang/IllegalArgumentException'{0x000004004ccf1aa8}: Wrong type at constant pool index> (0x000004004ccf1aa8) 
thrown [s\src\hotspot\share\prims\jvm.cpp, line 2168]
Event: 6.461 Thread 0x0000026f820cd5a0 Implicit null exception at 0x0000026f9ed03c41 to 0x0000026f9ed03d9c
Event: 6.465 Thread 0x0000026f820cd5a0 Exception <a 'java/lang/NoSuchMethodError'{0x0000040042b3d920}: 'float java.lang.invoke.DelegatingMethodHandle$Holder.reinvoke_L(java.lang.Object, java.lang.Object)'> (0x0000040042b3d920) 
thrown [s\src\hotspot\share\interpreter\linkResolver.cpp, line 773]
Event: 6.465 Thread 0x0000026f820cd5a0 Exception <a 'java/lang/NoSuchMethodError'{0x0000040042b46128}: 'void java.lang.invoke.DelegatingMethodHandle$Holder.reinvoke_L(java.lang.Object, java.lang.Object, float)'> (0x0000040042b46128) 
thrown [s\src\hotspot\share\interpreter\linkResolver.cpp, line 773]
Event: 6.465 Thread 0x0000026f820cd5a0 Exception <a 'java/lang/NoSuchMethodError'{0x0000040042b4e3c0}: 'float java.lang.invoke.Invokers$Holder.invokeExact_MT(java.lang.Object, java.lang.Object, java.lang.Object)'> (0x0000040042b4e3c0) 
thrown [s\src\hotspot\share\interpreter\linkResolver.cpp, line 773]
Event: 6.492 Thread 0x00000273b07838c0 Exception <a 'java/lang/NoSuchMethodError'{0x000004005c9dde30}: 'java.lang.Object java.lang.invoke.DirectMethodHandle$Holder.invokeStaticInit(java.lang.Object, long)'> (0x000004005c9dde30) 
thrown [s\src\hotspot\share\interpreter\linkResolver.cpp, line 773]
Event: 6.505 Thread 0x00000273b07838c0 Exception <a 'java/lang/NoSuchMethodError'{0x0000040051eb95f0}: 'void java.lang.invoke.DirectMethodHandle$Holder.invokeStaticInit(java.lang.Object, java.lang.Object, int, java.lang.Object, java.lang.Object)'> (0x0000040051eb95f0) 
thrown [s\src\hotspot\share\interpreter\linkResolver.cpp, line 773]
Event: 7.480 Thread 0x0000026f820cd5a0 Exception <a 'sun/nio/fs/WindowsException'{0x000004001ee2bb28}> (0x000004001ee2bb28) 
thrown [s\src\hotspot\share\prims\jni.cpp, line 520]
Event: 7.481 Thread 0x0000026f820cd5a0 Exception <a 'sun/nio/fs/WindowsException'{0x000004001ee2c140}> (0x000004001ee2c140) 
thrown [s\src\hotspot\share\prims\jni.cpp, line 520]
Event: 7.864 Thread 0x00000273a95abd00 Exception <a 'java/lang/NoSuchMethodError'{0x00000400887cc3a8}: 'double java.lang.invoke.DirectMethodHandle$Holder.invokeStatic(java.lang.Object)'> (0x00000400887cc3a8) 
thrown [s\src\hotspot\share\interpreter\linkResolver.cpp, line 773]
Event: 7.864 Thread 0x00000273a95abd00 Exception <a 'java/lang/NoSuchMethodError'{0x00000400887d0500}: 'double java.lang.invoke.DirectMethodHandle$Holder.invokeStaticInit(java.lang.Object)'> (0x00000400887d0500) 
thrown [s\src\hotspot\share\interpreter\linkResolver.cpp, line 773]
Event: 7.890 Thread 0x00000273a95abd00 Exception <a 'java/lang/NoSuchMethodError'{0x0000040088a57398}: 'int java.lang.invoke.DirectMethodHandle$Holder.invokeStaticInit(java.lang.Object, java.lang.Object, java.lang.Object, java.lang.Object, java.lang.Object, java.lang.Object)'> (0x0000040088a57398) 
thrown [s\src\hotspot\share\interpreter\linkResolver.cpp, line 773]
Event: 7.909 Thread 0x00000273a95abd00 Implicit null exception at 0x0000026f9f6c7fff to 0x0000026f9f6c8044
Event: 7.909 Thread 0x00000273a95abd00 Implicit null exception at 0x0000026f9f1a5a86 to 0x0000026f9f1a5e54
Event: 7.916 Thread 0x00000273a95abd00 Exception <a 'sun/nio/fs/WindowsException'{0x0000040088fab298}> (0x0000040088fab298) 
thrown [s\src\hotspot\share\prims\jni.cpp, line 520]
Event: 7.916 Thread 0x00000273a95abd00 Exception <a 'sun/nio/fs/WindowsException'{0x0000040088fab7d0}> (0x0000040088fab7d0) 
thrown [s\src\hotspot\share\prims\jni.cpp, line 520]
Event: 7.916 Thread 0x00000273a95abd00 Exception <a 'sun/nio/fs/WindowsException'{0x0000040088fac0e8}> (0x0000040088fac0e8) 
thrown [s\src\hotspot\share\prims\jni.cpp, line 520]
Event: 7.924 Thread 0x00000273a95abd00 Implicit null exception at 0x0000026f9f37f1f7 to 0x0000026f9f380480
Event: 7.924 Thread 0x00000273a95abd00 Exception <a 'java/lang/NoSuchMethodError'{0x0000040089096700}: 'java.lang.Object java.lang.invoke.Invokers$Holder.invoke_MT(java.lang.Object, java.lang.Object, java.lang.Object, java.lang.Object, java.lang.Object)'> (0x0000040089096700) 
thrown [s\src\hotspot\share\interpreter\linkResolver.cpp, line 773]
Event: 7.928 Thread 0x00000273a95abd00 Exception <a 'sun/nio/fs/WindowsException'{0x00000400891135f0}> (0x00000400891135f0) 
thrown [s\src\hotspot\share\prims\jni.cpp, line 520]
Event: 7.928 Thread 0x00000273a95abd00 Exception <a 'sun/nio/fs/WindowsException'{0x0000040089113b00}> (0x0000040089113b00) 
thrown [s\src\hotspot\share\prims\jni.cpp, line 520]
Event: 7.928 Thread 0x00000273a95abd00 Exception <a 'sun/nio/fs/WindowsException'{0x0000040089114388}> (0x0000040089114388) 
thrown [s\src\hotspot\share\prims\jni.cpp, line 520]
Event: 7.958 Thread 0x0000026f931815e0 Exception <a 'sun/nio/fs/WindowsException'{0x0000040089dac738}> (0x0000040089dac738) 
thrown [s\src\hotspot\share\prims\jni.cpp, line 520]
Event: 7.972 Thread 0x0000026f931815e0 Exception <a 'java/lang/NoSuchMethodError'{0x000004008a3df888}: 'java.lang.Object java.lang.invoke.DirectMethodHandle$Holder.invokeSpecialIFC(java.lang.Object, java.lang.Object, java.lang.Object, java.lang.Object, java.lang.Object, java.lang.Object, java.lang.Object)'> (0x000004008a3df888) 
thrown [s\src\hotspot\share\interpreter\linkResolver.cpp, line 773]
Event: 7.973 Thread 0x0000026f931815e0 Exception <a 'java/lang/NoSuchMethodError'{0x000004008a3eec70}: 'java.lang.Object java.lang.invoke.DirectMethodHandle$Holder.invokeSpecialIFC(java.lang.Object, java.lang.Object, java.lang.Object, java.lang.Object, java.lang.Object, java.lang.Object, java.lang.Object, java.lang.Object, java.lang.Object, java.lang.Object, java.lang.Object, java.lang.Object)'> (0x000004008a3eec70) 
thrown [s\src\hotspot\share\interpreter\linkResolver.cpp, line 773]
Event: 7.976 Thread 0x0000026f931815e0 Exception <a 'sun/nio/fs/WindowsException'{0x000004008a4a66d0}> (0x000004008a4a66d0) 
thrown [s\src\hotspot\share\prims\jni.cpp, line 520]
Event: 7.979 Thread 0x0000026f931815e0 Exception <a 'sun/nio/fs/WindowsException'{0x000004008a56eac0}> (0x000004008a56eac0) 
thrown [s\src\hotspot\share\prims\jni.cpp, line 520]
Event: 7.989 Thread 0x0000026f931815e0 Exception <a 'sun/nio/fs/WindowsException'{0x000004008a84c9d0}> (0x000004008a84c9d0) 
thrown [s\src\hotspot\share\prims\jni.cpp, line 520]
Event: 8.007 Thread 0x0000026f931815e0 Exception <a 'sun/nio/fs/WindowsException'{0x000004008bbbae30}> (0x000004008bbbae30) 
thrown [s\src\hotspot\share\prims\jni.cpp, line 520]
Event: 8.007 Thread 0x0000026f931815e0 Exception <a 'sun/nio/fs/WindowsException'{0x000004008bbbb8d0}> (0x000004008bbbb8d0) 
thrown [s\src\hotspot\share\prims\jni.cpp, line 520]
Event: 8.011 Thread 0x0000026f931815e0 Exception <a 'sun/nio/fs/WindowsException'{0x000004008bd1f0f0}> (0x000004008bd1f0f0) 
thrown [s\src\hotspot\share\prims\jni.cpp, line 520]
Event: 8.012 Thread 0x0000026f931815e0 Exception <a 'sun/nio/fs/WindowsException'{0x000004008bd20228}> (0x000004008bd20228) 
thrown [s\src\hotspot\share\prims\jni.cpp, line 520]
Event: 8.012 Thread 0x0000026f931815e0 Exception <a 'sun/nio/fs/WindowsException'{0x000004008bd206b8}> (0x000004008bd206b8) 
thrown [s\src\hotspot\share\prims\jni.cpp, line 520]
Event: 8.025 Thread 0x0000026f931815e0 Exception <a 'java/lang/NoSuchMethodError'{0x000004008be3d398}: 'void java.lang.invoke.DirectMethodHandle$Holder.invokeStatic(java.lang.Object, java.lang.Object, java.lang.Object, float)'> (0x000004008be3d398) 
thrown [s\src\hotspot\share\interpreter\linkResolver.cpp, line 773]
Event: 8.077 Thread 0x0000026f931815e0 Exception <a 'java/lang/NoSuchMethodError'{0x000004008f3f4b78}: 'java.lang.Object java.lang.invoke.DirectMethodHandle$Holder.invokeSpecial(java.lang.Object, java.lang.Object, java.lang.Object, java.lang.Object, java.lang.Object, java.lang.Object, java.lang.Object, java.lang.Object, java.lang.Object, java.lang.Object, java.lang.Object, java.lang.Object, java.lang.Object, java.lang.Object, java.lang.Object, java.lang.Object)'> (0x000004008f3f4b78) 
thrown [s\src\hotspot\share\interpreter\linkResolver.cpp, li
Event: 8.077 Thread 0x0000026f931815e0 Exception <a 'java/lang/NoSuchMethodError'{0x000004008f4311b8}: 'java.lang.Object java.lang.invoke.Invokers$Holder.invoker(java.lang.Object, java.lang.Object, java.lang.Object, java.lang.Object, java.lang.Object, java.lang.Object, java.lang.Object, java.lang.Object, java.lang.Object, java.lang.Object, java.lang.Object, java.lang.Object, java.lang.Object, java.lang.Object, java.lang.Object, java.lang.Object, java.lang.Object, java.lang.Object, java.lang.Object, java.lang.Object, java.lang.Object)'> (0x00000
Event: 8.077 Thread 0x0000026f931815e0 Exception <a 'java/lang/NoSuchMethodError'{0x000004008f43f758}: 'java.lang.Object java.lang.invoke.DelegatingMethodHandle$Holder.delegate(java.lang.Object, java.lang.Object, java.lang.Object, java.lang.Object, java.lang.Object, java.lang.Object, java.lang.Object, java.lang.Object, java.lang.Object, java.lang.Object, java.lang.Object, java.lang.Object, java.lang.Object, java.lang.Object, java.lang.Object, java.lang.Object, java.lang.Object, java.lang.Object, java.lang.Object, java.lang.Object, java.lang.Obj
Event: 8.142 Thread 0x0000026f931815e0 Exception <a 'java/lang/NoSuchMethodError'{0x0000040093f42e50}: 'java.lang.Object java.lang.invoke.DirectMethodHandle$Holder.invokeStaticInit(java.lang.Object, java.lang.Object, java.lang.Object, double, double, double, double, double, double)'> (0x0000040093f42e50) 
thrown [s\src\hotspot\share\interpreter\linkResolver.cpp, line 773]
Event: 8.241 Thread 0x0000026f931815e0 Exception <a 'sun/nio/fs/WindowsException'{0x00000400997ea258}> (0x00000400997ea258) 
thrown [s\src\hotspot\share\prims\jni.cpp, line 520]
Event: 8.282 Thread 0x0000026f931815e0 Exception <a 'java/lang/NoSuchMethodError'{0x000004009b2d8d30}: 'java.lang.Object java.lang.invoke.DirectMethodHandle$Holder.invokeStatic(java.lang.Object, float, float, float)'> (0x000004009b2d8d30) 
thrown [s\src\hotspot\share\interpreter\linkResolver.cpp, line 773]
Event: 8.282 Thread 0x0000026f931815e0 Exception <a 'java/lang/NoSuchMethodError'{0x000004009b2dd138}: 'java.lang.Object java.lang.invoke.DirectMethodHandle$Holder.invokeStaticInit(java.lang.Object, float, float, float)'> (0x000004009b2dd138) 
thrown [s\src\hotspot\share\interpreter\linkResolver.cpp, line 773]
Event: 8.282 Thread 0x0000026f931815e0 Exception <a 'java/lang/NoSuchMethodError'{0x000004009b2ef4d8}: 'java.lang.Object java.lang.invoke.DirectMethodHandle$Holder.invokeStaticInit(java.lang.Object, double, double, double)'> (0x000004009b2ef4d8) 
thrown [s\src\hotspot\share\interpreter\linkResolver.cpp, line 773]
Event: 8.283 Thread 0x0000026f931815e0 Exception <a 'java/lang/NoSuchMethodError'{0x000004009b32b968}: 'java.lang.Object java.lang.invoke.DirectMethodHandle$Holder.invokeStaticInit(java.lang.Object, java.lang.Object, float, java.lang.Object, int, int, float)'> (0x000004009b32b968) 
thrown [s\src\hotspot\share\interpreter\linkResolver.cpp, line 773]
Event: 8.284 Thread 0x0000026f931815e0 Exception <a 'java/lang/IncompatibleClassChangeError'{0x000004009b3b8708}: Found class java.lang.Object, but interface was expected> (0x000004009b3b8708) 
thrown [s\src\hotspot\share\interpreter\linkResolver.cpp, line 840]
Event: 8.284 Thread 0x0000026f931815e0 Exception <a 'java/lang/IncompatibleClassChangeError'{0x000004009b3bb9b8}: Found class java.lang.Object, but interface was expected> (0x000004009b3bb9b8) 
thrown [s\src\hotspot\share\interpreter\linkResolver.cpp, line 840]
Event: 8.286 Thread 0x0000026f931815e0 Implicit null exception at 0x0000026f9f34eea7 to 0x0000026f9f352280
Event: 8.308 Thread 0x00000273fc261860 Exception <a 'sun/nio/fs/WindowsException'{0x0000040015df25f0}> (0x0000040015df25f0) 
thrown [s\src\hotspot\share\prims\jni.cpp, line 520]
Event: 8.311 Thread 0x0000026f931815e0 Exception <a 'java/lang/UnsatisfiedLinkError'{0x000004009b96d1b8}: The specified procedure could not be found.
> (0x000004009b96d1b8) 
thrown [s\src\hotspot\share\prims\jni.cpp, line 539]
Event: 8.322 Thread 0x0000026f931815e0 Implicit null exception at 0x0000026f9f4a84dc to 0x0000026f9f4a8d0c
Event: 8.322 Thread 0x0000026f931815e0 Implicit null exception at 0x0000026f9f5f245e to 0x0000026f9f5f33a0
Event: 8.329 Thread 0x0000026f931815e0 Exception <a 'java/lang/NoSuchMethodError'{0x000004009c3e0910}: 'int java.lang.invoke.DirectMethodHandle$Holder.invokeStaticInit(java.lang.Object)'> (0x000004009c3e0910) 
thrown [s\src\hotspot\share\interpreter\linkResolver.cpp, line 773]
Event: 8.415 Thread 0x0000026f931815e0 Exception <a 'java/lang/IncompatibleClassChangeError'{0x000004009ffc3c18}: Found class java.lang.Object, but interface was expected> (0x000004009ffc3c18) 
thrown [s\src\hotspot\share\interpreter\linkResolver.cpp, line 840]
Event: 8.416 Thread 0x0000026f931815e0 Exception <a 'java/lang/IncompatibleClassChangeError'{0x000004009ffc6ce8}: Found class java.lang.Object, but interface was expected> (0x000004009ffc6ce8) 
thrown [s\src\hotspot\share\interpreter\linkResolver.cpp, line 840]
Event: 8.420 Thread 0x0000026f931815e0 Exception <a 'java/lang/IncompatibleClassChangeError'{0x00000400a00b4238}: Found class java.lang.Object, but interface was expected> (0x00000400a00b4238) 
thrown [s\src\hotspot\share\interpreter\linkResolver.cpp, line 840]
Event: 8.420 Thread 0x0000026f931815e0 Exception <a 'java/lang/IncompatibleClassChangeError'{0x00000400a00c6860}: Found class java.lang.Object, but interface was expected> (0x00000400a00c6860) 
thrown [s\src\hotspot\share\interpreter\linkResolver.cpp, line 840]
Event: 8.427 Thread 0x0000026f931815e0 Exception <a 'java/lang/NoSuchMethodError'{0x00000400a02d52a8}: 'void java.lang.invoke.DirectMethodHandle$Holder.invokeSpecialIFC(java.lang.Object, java.lang.Object, java.lang.Object, java.lang.Object)'> (0x00000400a02d52a8) 
thrown [s\src\hotspot\share\interpreter\linkResolver.cpp, line 773]
Event: 8.432 Thread 0x00000273fc263930 Exception <a 'java/lang/NoSuchMethodError'{0x00000400a0469898}: 'java.lang.Object java.lang.invoke.DirectMethodHandle$Holder.newInvokeSpecial(java.lang.Object, java.lang.Object, java.lang.Object, java.lang.Object, int, java.lang.Object)'> (0x00000400a0469898) 
thrown [s\src\hotspot\share\interpreter\linkResolver.cpp, line 773]
Event: 8.432 Thread 0x00000273fc264650 Exception <a 'java/lang/NoSuchMethodError'{0x00000400544e0448}: 'java.lang.Object java.lang.invoke.DirectMethodHandle$Holder.newInvokeSpecial(java.lang.Object, java.lang.Object, java.lang.Object, java.lang.Object, int, java.lang.Object)'> (0x00000400544e0448) 
thrown [s\src\hotspot\share\interpreter\linkResolver.cpp, line 773]
Event: 8.432 Thread 0x00000273fc263930 Exception <a 'java/lang/NoSuchMethodError'{0x00000400a04729f8}: 'java.lang.Object java.lang.invoke.Invokers$Holder.linkToTargetMethod(java.lang.Object, java.lang.Object, java.lang.Object, int, java.lang.Object, java.lang.Object)'> (0x00000400a04729f8) 
thrown [s\src\hotspot\share\interpreter\linkResolver.cpp, line 773]
Event: 8.432 Thread 0x00000273fc264650 Exception <a 'java/lang/NoSuchMethodError'{0x00000400544e8ba8}: 'java.lang.Object java.lang.invoke.Invokers$Holder.linkToTargetMethod(java.lang.Object, java.lang.Object, java.lang.Object, int, java.lang.Object, java.lang.Object)'> (0x00000400544e8ba8) 
thrown [s\src\hotspot\share\interpreter\linkResolver.cpp, line 773]
Event: 8.438 Thread 0x00000273fc25f100 Exception <a 'java/lang/NoSuchMethodError'{0x000004006e3a2d30}: 'java.lang.Object java.lang.invoke.DirectMethodHandle$Holder.invokeStaticInit(java.lang.Object, java.lang.Object, int)'> (0x000004006e3a2d30) 
thrown [s\src\hotspot\share\interpreter\linkResolver.cpp, line 773]
Event: 8.441 Thread 0x00000273fc261ef0 Exception <a 'java/lang/NoSuchMethodError'{0x000004009bbd3d98}: 'java.lang.Object java.lang.invoke.DirectMethodHandle$Holder.newInvokeSpecial(java.lang.Object, java.lang.Object, int, int, java.lang.Object)'> (0x000004009bbd3d98) 
thrown [s\src\hotspot\share\interpreter\linkResolver.cpp, line 773]
Event: 8.462 Thread 0x0000026f931815e0 Exception <a 'java/lang/NoSuchMethodError'{0x00000400a2959180}: 'java.lang.Object java.lang.invoke.DirectMethodHandle$Holder.invokeStatic(java.lang.Object, java.lang.Object, int, java.lang.Object, java.lang.Object)'> (0x00000400a2959180) 
thrown [s\src\hotspot\share\interpreter\linkResolver.cpp, line 773]
Event: 8.464 Thread 0x00000273fc261860 Exception <a 'java/lang/IncompatibleClassChangeError'{0x00000400a0630ee8}: Found class java.lang.Object, but interface was expected> (0x00000400a0630ee8) 
thrown [s\src\hotspot\share\interpreter\linkResolver.cpp, line 840]
Event: 8.464 Thread 0x00000273fc264650 Exception <a 'java/lang/IncompatibleClassChangeError'{0x000004005455e048}: Found class java.lang.Object, but interface was expected> (0x000004005455e048) 
thrown [s\src\hotspot\share\interpreter\linkResolver.cpp, line 840]
Event: 8.465 Thread 0x00000273fc264650 Exception <a 'java/lang/NoSuchMethodError'{0x0000040054564168}: 'java.lang.Object java.lang.invoke.DirectMethodHandle$Holder.invokeSpecialIFC(java.lang.Object, java.lang.Object, java.lang.Object, java.lang.Object, java.lang.Object, java.lang.Object)'> (0x0000040054564168) 
thrown [s\src\hotspot\share\interpreter\linkResolver.cpp, line 773]
Event: 8.465 Thread 0x00000273fc261860 Exception <a 'java/lang/NoSuchMethodError'{0x00000400a0637b48}: 'java.lang.Object java.lang.invoke.DirectMethodHandle$Holder.invokeSpecialIFC(java.lang.Object, java.lang.Object, java.lang.Object, java.lang.Object, java.lang.Object, java.lang.Object)'> (0x00000400a0637b48) 
thrown [s\src\hotspot\share\interpreter\linkResolver.cpp, line 773]
Event: 8.473 Thread 0x0000026f931815e0 Exception <a 'java/lang/NoSuchMethodError'{0x00000400a3233098}: 'void java.lang.invoke.DirectMethodHandle$Holder.invokeStatic(java.lang.Object, java.lang.Object, java.lang.Object, int, java.lang.Object, java.lang.Object)'> (0x00000400a3233098) 
thrown [s\src\hotspot\share\interpreter\linkResolver.cpp, line 773]
Event: 8.474 Thread 0x00000273fc25f790 Exception <a 'java/lang/NoSuchMethodError'{0x00000400545ebbe8}: 'java.lang.Object java.lang.invoke.DirectMethodHandle$Holder.invokeVirtual(java.lang.Object, java.lang.Object, int, java.lang.Object)'> (0x00000400545ebbe8) 
thrown [s\src\hotspot\share\interpreter\linkResolver.cpp, line 773]
Event: 8.485 Thread 0x0000026f931815e0 Exception <a 'java/lang/NoSuchMethodError'{0x00000400a4549cf8}: 'void java.lang.invoke.DirectMethodHandle$Holder.invokeStaticInit(java.lang.Object, java.lang.Object, int, int, float)'> (0x00000400a4549cf8) 
thrown [s\src\hotspot\share\interpreter\linkResolver.cpp, line 773]
Event: 8.509 Thread 0x00000273fc263930 Exception <a 'java/lang/NoSuchMethodError'{0x00000400a78a2068}: 'void java.lang.invoke.DirectMethodHandle$Holder.invokeSpecial(java.lang.Object, java.lang.Object, java.lang.Object, int, int, java.lang.Object, int, int)'> (0x00000400a78a2068) 
thrown [s\src\hotspot\share\interpreter\linkResolver.cpp, line 773]
Event: 8.510 Thread 0x00000273fc2604b0 Exception <a 'java/lang/NoSuchMethodError'{0x00000400a7cc1d10}: 'java.lang.Object java.lang.invoke.DirectMethodHandle$Holder.invokeSpecial(java.lang.Object, java.lang.Object, java.lang.Object, java.lang.Object, int, int)'> (0x00000400a7cc1d10) 
thrown [s\src\hotspot\share\interpreter\linkResolver.cpp, line 773]
Event: 8.510 Thread 0x00000273fc263930 Exception <a 'java/lang/NoSuchMethodError'{0x00000400a78a9b28}: 'java.lang.Object java.lang.invoke.DirectMethodHandle$Holder.invokeSpecial(java.lang.Object, java.lang.Object, java.lang.Object, java.lang.Object, int, int)'> (0x00000400a78a9b28) 
thrown [s\src\hotspot\share\interpreter\linkResolver.cpp, line 773]
Event: 8.510 Thread 0x00000273fc2604b0 Exception <a 'java/lang/NoSuchMethodError'{0x00000400a7cc6260}: 'java.lang.Object java.lang.invoke.Invokers$Holder.linkToTargetMethod(java.lang.Object, java.lang.Object, int, int, java.lang.Object)'> (0x00000400a7cc6260) 
thrown [s\src\hotspot\share\interpreter\linkResolver.cpp, line 773]
Event: 8.511 Thread 0x00000273fc263930 Exception <a 'java/lang/NoSuchMethodError'{0x00000400a78add58}: 'java.lang.Object java.lang.invoke.Invokers$Holder.linkToTargetMethod(java.lang.Object, java.lang.Object, int, int, java.lang.Object)'> (0x00000400a78add58) 
thrown [s\src\hotspot\share\interpreter\linkResolver.cpp, line 773]
Event: 8.512 Thread 0x00000273fc2604b0 Exception <a 'java/lang/NoSuchMethodError'{0x00000400a7cce208}: 'void java.lang.invoke.DirectMethodHandle$Holder.invokeStatic(java.lang.Object, int, java.lang.Object)'> (0x00000400a7cce208) 
thrown [s\src\hotspot\share\interpreter\linkResolver.cpp, line 773]
Event: 8.694 Thread 0x00000273fc2632a0 Exception <a 'java/lang/NoSuchMethodError'{0x00000400c3697f10}: 'void java.lang.invoke.DirectMethodHandle$Holder.invokeSpecial(java.lang.Object, java.lang.Object, java.lang.Object, java.lang.Object, java.lang.Object, java.lang.Object, java.lang.Object)'> (0x00000400c3697f10) 
thrown [s\src\hotspot\share\interpreter\linkResolver.cpp, line 773]
Event: 8.697 Thread 0x00000273fc2632a0 Exception <a 'java/lang/NoSuchMethodError'{0x00000400c373aa08}: 'void java.lang.invoke.DirectMethodHandle$Holder.invokeSpecial(java.lang.Object, java.lang.Object, int, java.lang.Object)'> (0x00000400c373aa08) 
thrown [s\src\hotspot\share\interpreter\linkResolver.cpp, line 773]
Event: 8.883 Thread 0x0000026f931815e0 Exception <a 'java/lang/NoSuchMethodError'{0x00000400d4fb1ed0}: 'java.lang.Object java.lang.invoke.Invokers$Holder.linkToTargetMethod(java.lang.Object, java.lang.Object, java.lang.Object, int, int, int, java.lang.Object)'> (0x00000400d4fb1ed0) 
thrown [s\src\hotspot\share\interpreter\linkResolver.cpp, line 773]
Event: 8.884 Thread 0x0000026f931815e0 Exception <a 'java/lang/NoSuchMethodError'{0x00000400d4fee8c0}: 'java.lang.Object java.lang.invoke.DirectMethodHandle$Holder.newInvokeSpecial(java.lang.Object, java.lang.Object, java.lang.Object, java.lang.Object, java.lang.Object, float)'> (0x00000400d4fee8c0) 
thrown [s\src\hotspot\share\interpreter\linkResolver.cpp, line 773]
Event: 8.884 Thread 0x0000026f931815e0 Exception <a 'java/lang/NoSuchMethodError'{0x00000400d4ff3f10}: 'java.lang.Object java.lang.invoke.DirectMethodHandle$Holder.invokeSpecial(java.lang.Object, java.lang.Object, java.lang.Object, java.lang.Object, java.lang.Object, java.lang.Object, float)'> (0x00000400d4ff3f10) 
thrown [s\src\hotspot\share\interpreter\linkResolver.cpp, line 773]
Event: 8.900 Thread 0x0000026f931815e0 Exception <a 'java/lang/NoSuchMethodError'{0x00000400ae7044b8}: 'java.lang.Object java.lang.invoke.DirectMethodHandle$Holder.newInvokeSpecial(java.lang.Object, java.lang.Object, java.lang.Object, java.lang.Object, java.lang.Object, int, int, int)'> (0x00000400ae7044b8) 
thrown [s\src\hotspot\share\interpreter\linkResolver.cpp, line 773]
Event: 8.900 Thread 0x0000026f931815e0 Exception <a 'java/lang/NoSuchMethodError'{0x00000400ae70dcf8}: 'java.lang.Object java.lang.invoke.Invokers$Holder.linkToTargetMethod(java.lang.Object, java.lang.Object, java.lang.Object, java.lang.Object, int, int, int, java.lang.Object)'> (0x00000400ae70dcf8) 
thrown [s\src\hotspot\share\interpreter\linkResolver.cpp, line 773]
Event: 8.912 Thread 0x0000026f931815e0 Exception <a 'java/lang/NoSuchMethodError'{0x000004000c939ee0}: 'java.lang.Object java.lang.invoke.DirectMethodHandle$Holder.invokeSpecial(java.lang.Object, java.lang.Object, java.lang.Object, java.lang.Object, java.lang.Object, java.lang.Object, int)'> (0x000004000c939ee0) 
thrown [s\src\hotspot\share\interpreter\linkResolver.cpp, line 773]
Event: 8.912 Thread 0x0000026f931815e0 Exception <a 'java/lang/NoSuchMethodError'{0x000004000c93e328}: 'java.lang.Object java.lang.invoke.Invokers$Holder.linkToTargetMethod(java.lang.Object, java.lang.Object, java.lang.Object, java.lang.Object, int, java.lang.Object)'> (0x000004000c93e328) 
thrown [s\src\hotspot\share\interpreter\linkResolver.cpp, line 773]
Event: 9.494 Thread 0x0000026f931815e0 Exception <a 'java/lang/NoSuchMethodError'{0x00000400b632be78}: 'java.lang.Object java.lang.invoke.DirectMethodHandle$Holder.invokeStatic(java.lang.Object, float, float, float, float)'> (0x00000400b632be78) 
thrown [s\src\hotspot\share\interpreter\linkResolver.cpp, line 773]
Event: 9.494 Thread 0x0000026f931815e0 Exception <a 'java/lang/NoSuchMethodError'{0x00000400b6330308}: 'java.lang.Object java.lang.invoke.DirectMethodHandle$Holder.invokeStaticInit(java.lang.Object, float, float, float, float)'> (0x00000400b6330308) 
thrown [s\src\hotspot\share\interpreter\linkResolver.cpp, line 773]
Event: 9.494 Thread 0x0000026f931815e0 Exception <a 'java/lang/NoSuchMethodError'{0x00000400b6349728}: 'java.lang.Object java.lang.invoke.DirectMethodHandle$Holder.invokeStaticInit(java.lang.Object, float, float, float, float, float)'> (0x00000400b6349728) 
thrown [s\src\hotspot\share\interpreter\linkResolver.cpp, line 773]
Event: 9.496 Thread 0x0000026f931815e0 Exception <a 'java/lang/NoSuchMethodError'{0x00000400b63f9098}: 'long java.lang.invoke.DirectMethodHandle$Holder.invokeStatic(java.lang.Object, java.lang.Object)'> (0x00000400b63f9098) 
thrown [s\src\hotspot\share\interpreter\linkResolver.cpp, line 773]
Event: 9.499 Thread 0x0000026f931815e0 Exception <a 'java/lang/NoSuchMethodError'{0x00000400b5115bf0}: 'java.lang.Object java.lang.invoke.Invokers$Holder.linkToTargetMethod(java.lang.Object, java.lang.Object, java.lang.Object, java.lang.Object, int, int, int, java.lang.Object, java.lang.Object, java.lang.Object)'> (0x00000400b5115bf0) 
thrown [s\src\hotspot\share\interpreter\linkResolver.cpp, line 773]
Event: 9.503 Thread 0x0000026f931815e0 Exception <a 'java/lang/NoSuchMethodError'{0x00000400b3a05400}: 'void java.lang.invoke.DirectMethodHandle$Holder.invokeStatic(java.lang.Object, java.lang.Object, java.lang.Object, java.lang.Object, java.lang.Object, java.lang.Object, java.lang.Object, java.lang.Object)'> (0x00000400b3a05400) 
thrown [s\src\hotspot\share\interpreter\linkResolver.cpp, line 773]
Event: 9.507 Thread 0x0000026f931815e0 Exception <a 'java/lang/NoSuchMethodError'{0x00000400b3b30100}: 'java.lang.Object java.lang.invoke.DirectMethodHandle$Holder.invokeSpecial(java.lang.Object, java.lang.Object, java.lang.Object, java.lang.Object, float, java.lang.Object)'> (0x00000400b3b30100) 
thrown [s\src\hotspot\share\interpreter\linkResolver.cpp, line 773]
Event: 9.507 Thread 0x0000026f931815e0 Exception <a 'java/lang/NoSuchMethodError'{0x00000400b3b79af0}: 'java.lang.Object java.lang.invoke.DirectMethodHandle$Holder.newInvokeSpecial(java.lang.Object, java.lang.Object, java.lang.Object, java.lang.Object, java.lang.Object, java.lang.Object, java.lang.Object, float)'> (0x00000400b3b79af0) 
thrown [s\src\hotspot\share\interpreter\linkResolver.cpp, line 773]
Event: 9.508 Thread 0x0000026f931815e0 Exception <a 'java/lang/NoSuchMethodError'{0x00000400b3b7f6c8}: 'java.lang.Object java.lang.invoke.DirectMethodHandle$Holder.invokeSpecial(java.lang.Object, java.lang.Object, java.lang.Object, java.lang.Object, java.lang.Object, java.lang.Object, java.lang.Object, java.lang.Object, float)'> (0x00000400b3b7f6c8) 
thrown [s\src\hotspot\share\interpreter\linkResolver.cpp, line 773]
Event: 9.508 Thread 0x0000026f931815e0 Exception <a 'java/lang/NoSuchMethodError'{0x00000400b3b9cf38}: 'java.lang.Object java.lang.invoke.DirectMethodHandle$Holder.invokeStatic(java.lang.Object, java.lang.Object, java.lang.Object, float, java.lang.Object, java.lang.Object)'> (0x00000400b3b9cf38) 
thrown [s\src\hotspot\share\interpreter\linkResolver.cpp, line 773]
Event: 9.508 Thread 0x0000026f931815e0 Exception <a 'java/lang/NoSuchMethodError'{0x00000400b3ba6640}: 'java.lang.Object java.lang.invoke.DirectMethodHandle$Holder.invokeSpecial(java.lang.Object, java.lang.Object, java.lang.Object, java.lang.Object, float)'> (0x00000400b3ba6640) 
thrown [s\src\hotspot\share\interpreter\linkResolver.cpp, line 773]
Event: 9.508 Thread 0x0000026f931815e0 Exception <a 'java/lang/NoSuchMethodError'{0x00000400b3baab08}: 'java.lang.Object java.lang.invoke.Invokers$Holder.linkToTargetMethod(java.lang.Object, java.lang.Object, float, java.lang.Object)'> (0x00000400b3baab08) 
thrown [s\src\hotspot\share\interpreter\linkResolver.cpp, line 773]
Event: 9.530 Thread 0x0000026f931815e0 Implicit null exception at 0x0000026f9ee7aa75 to 0x0000026f9ee7ab68
Event: 9.531 Thread 0x0000026f931815e0 Implicit null exception at 0x0000026f9f3aa8ce to 0x0000026f9f3aa914
Event: 9.532 Thread 0x0000026f931815e0 Implicit null exception at 0x0000026f9f338e97 to 0x0000026f9f338f83
Event: 9.549 Thread 0x0000026f931815e0 Exception <a 'java/lang/IncompatibleClassChangeError'{0x00000400a005da20}: Found class java.lang.Object, but interface was expected> (0x00000400a005da20) 
thrown [s\src\hotspot\share\interpreter\linkResolver.cpp, line 840]
Event: 9.624 Thread 0x0000026f931815e0 Exception <a 'java/lang/IncompatibleClassChangeError'{0x00000400a00a50f0}: Found class java.lang.Object, but interface was expected> (0x00000400a00a50f0) 
thrown [s\src\hotspot\share\interpreter\linkResolver.cpp, line 840]
Event: 9.684 Thread 0x0000026f931815e0 Exception <a 'java/lang/NoSuchMethodError'{0x000004005c3cd3c8}: 'java.lang.Object java.lang.invoke.DirectMethodHandle$Holder.invokeSpecial(java.lang.Object, java.lang.Object, java.lang.Object, java.lang.Object, int, int, float)'> (0x000004005c3cd3c8) 
thrown [s\src\hotspot\share\interpreter\linkResolver.cpp, line 773]
Event: 9.828 Thread 0x0000026f931815e0 Exception <a 'java/lang/NoSuchMethodError'{0x0000040006d3ed50}: 'java.lang.Object java.lang.invoke.DirectMethodHandle$Holder.newInvokeSpecial(java.lang.Object, int, java.lang.Object, java.lang.Object, java.lang.Object)'> (0x0000040006d3ed50) 
thrown [s\src\hotspot\share\interpreter\linkResolver.cpp, line 773]
Event: 10.080 Thread 0x0000026f931815e0 Implicit null exception at 0x0000026f9f72a801 to 0x0000026f9f72a9b0
Event: 10.099 Thread 0x0000026f931815e0 Implicit null exception at 0x0000026f9fa25f04 to 0x0000026f9fa26194
Event: 10.099 Thread 0x0000026f931815e0 Implicit null exception at 0x0000026f9f08b37f to 0x0000026f9f08b5d8
Event: 11.092 Thread 0x0000026f931815e0 Exception <a 'java/lang/NoSuchMethodError'{0x00000400586edbe0}: 'int java.lang.invoke.DirectMethodHandle$Holder.invokeStatic(java.lang.Object, java.lang.Object, java.lang.Object, int, java.lang.Object, int)'> (0x00000400586edbe0) 
thrown [s\src\hotspot\share\interpreter\linkResolver.cpp, line 773]
Event: 11.105 Thread 0x0000026f931815e0 Exception <a 'java/lang/NoSuchMethodError'{0x00000400bd3d92c8}: 'int java.lang.invoke.DirectMethodHandle$Holder.invokeStatic(java.lang.Object, java.lang.Object, int, int)'> (0x00000400bd3d92c8) 
thrown [s\src\hotspot\share\interpreter\linkResolver.cpp, line 773]
Event: 11.112 Thread 0x0000026f931815e0 Exception <a 'java/lang/NoSuchMethodError'{0x00000400bf894a38}: 'java.lang.Object java.lang.invoke.DirectMethodHandle$Holder.newInvokeSpecial(java.lang.Object, java.lang.Object, int, int, float)'> (0x00000400bf894a38) 
thrown [s\src\hotspot\share\interpreter\linkResolver.cpp, line 773]
Event: 11.112 Thread 0x0000026f931815e0 Exception <a 'java/lang/NoSuchMethodError'{0x00000400bf899680}: 'java.lang.Object java.lang.invoke.DirectMethodHandle$Holder.invokeSpecial(java.lang.Object, java.lang.Object, java.lang.Object, int, int, float)'> (0x00000400bf899680) 
thrown [s\src\hotspot\share\interpreter\linkResolver.cpp, line 773]
Event: 11.201 Thread 0x0000026f931815e0 Exception <a 'java/lang/NoSuchMethodError'{0x0000040099f86ee8}: 'java.lang.Object java.lang.invoke.DelegatingMethodHandle$Holder.reinvoke_L(java.lang.Object, java.lang.Object, int, java.lang.Object, java.lang.Object)'> (0x0000040099f86ee8) 
thrown [s\src\hotspot\share\interpreter\linkResolver.cpp, line 773]
Event: 11.202 Thread 0x0000026f931815e0 Exception <a 'java/lang/NoSuchMethodError'{0x0000040099fe1f20}: 'java.lang.Object java.lang.invoke.Invokers$Holder.invoker(java.lang.Object, java.lang.Object, java.lang.Object, java.lang.Object, java.lang.Object, java.lang.Object, java.lang.Object, java.lang.Object, java.lang.Object, java.lang.Object, java.lang.Object, java.lang.Object, java.lang.Object, java.lang.Object)'> (0x0000040099fe1f20) 
thrown [s\src\hotspot\share\interpreter\linkResolver.cpp, line 773]
Event: 11.202 Thread 0x0000026f931815e0 Exception <a 'java/lang/NoSuchMethodError'{0x0000040099fe87e0}: 'java.lang.Object java.lang.invoke.DirectMethodHandle$Holder.invokeSpecial(java.lang.Object, java.lang.Object, java.lang.Object, java.lang.Object, java.lang.Object, java.lang.Object, java.lang.Object, java.lang.Object, java.lang.Object, java.lang.Object, java.lang.Object, java.lang.Object, java.lang.Object, java.lang.Object, java.lang.Object)'> (0x0000040099fe87e0) 
thrown [s\src\hotspot\share\interpreter\linkResolver.cpp, line 773]
Event: 11.202 Thread 0x0000026f931815e0 Exception <a 'java/lang/NoSuchMethodError'{0x0000040099fee4b8}: 'java.lang.Object java.lang.invoke.DelegatingMethodHandle$Holder.delegate(java.lang.Object, java.lang.Object, java.lang.Object, java.lang.Object, java.lang.Object, java.lang.Object, java.lang.Object, java.lang.Object, java.lang.Object, java.lang.Object, java.lang.Object, java.lang.Object, java.lang.Object, java.lang.Object)'> (0x0000040099fee4b8) 
thrown [s\src\hotspot\share\interpreter\linkResolver.cpp, line 773]
Event: 11.203 Thread 0x0000026f931815e0 Exception <a 'java/lang/NoSuchMethodError'{0x000004009764ac80}: 'java.lang.Object java.lang.invoke.DirectMethodHandle$Holder.invokeStatic(java.lang.Object, java.lang.Object, java.lang.Object, java.lang.Object, java.lang.Object, java.lang.Object, java.lang.Object, java.lang.Object, java.lang.Object, java.lang.Object, java.lang.Object, java.lang.Object, java.lang.Object)'> (0x000004009764ac80) 
thrown [s\src\hotspot\share\interpreter\linkResolver.cpp, line 773]
Event: 11.205 Thread 0x0000026f931815e0 Exception <a 'java/lang/NoSuchMethodError'{0x00000400976efda8}: 'void java.lang.invoke.DirectMethodHandle$Holder.invokeVirtual(java.lang.Object, java.lang.Object, int)'> (0x00000400976efda8) 
thrown [s\src\hotspot\share\interpreter\linkResolver.cpp, line 773]
Event: 11.205 Thread 0x0000026f931815e0 Exception <a 'java/lang/NoSuchMethodError'{0x00000400976f7098}: 'int java.lang.invoke.DirectMethodHandle$Holder.invokeVirtual(java.lang.Object, java.lang.Object, int)'> (0x00000400976f7098) 
thrown [s\src\hotspot\share\interpreter\linkResolver.cpp, line 773]
Event: 11.294 Thread 0x0000026f8d1debb0 Exception <a 'java/lang/NoSuchMethodError'{0x000004006f1988d8}: 'java.lang.Object java.lang.invoke.DirectMethodHandle$Holder.newInvokeSpecial(java.lang.Object, java.lang.Object, java.lang.Object, int, int, int)'> (0x000004006f1988d8) 
thrown [s\src\hotspot\share\interpreter\linkResolver.cpp, line 773]
Event: 11.294 Thread 0x0000026f8d1debb0 Exception <a 'java/lang/NoSuchMethodError'{0x000004006f19d5d8}: 'java.lang.Object java.lang.invoke.DirectMethodHandle$Holder.invokeSpecial(java.lang.Object, java.lang.Object, java.lang.Object, java.lang.Object, int, int, int)'> (0x000004006f19d5d8) 
thrown [s\src\hotspot\share\interpreter\linkResolver.cpp, line 773]
Event: 11.294 Thread 0x0000026f8d1debb0 Exception <a 'java/lang/NoSuchMethodError'{0x000004006f1a1848}: 'java.lang.Object java.lang.invoke.Invokers$Holder.linkToTargetMethod(java.lang.Object, java.lang.Object, int, int, int, java.lang.Object)'> (0x000004006f1a1848) 
thrown [s\src\hotspot\share\interpreter\linkResolver.cpp, line 773]

ZGC Phase Switch (30 events):
Event: 0.494 Young Mark Start         2
Event: 0.494 Old Mark Start           2
Event: 0.502 Young Mark End           2
Event: 0.507 Young Relocate Start     2
Event: 0.510 Old Mark End             2
Event: 0.531 Old Relocate Start       2
Event: 1.799 Young Mark Start         3
Event: 1.799 Old Mark Start           3
Event: 1.848 Young Mark End           3
Event: 1.850 Young Relocate Start     3
Event: 1.872 Old Mark End             3
Event: 1.899 Old Relocate Start       3
Event: 2.641 Young Mark Start         4
Event: 2.641 Old Mark Start           4
Event: 2.684 Young Mark End           4
Event: 2.688 Young Relocate Start     4
Event: 2.703 Old Mark End             4
Event: 2.724 Old Relocate Start       4
Event: 4.918 Young Mark Start         5
Event: 4.918 Old Mark Start           5
Event: 5.196 Young Mark End           5
Event: 5.203 Young Relocate Start     5
Event: 5.303 Old Mark End             5
Event: 5.340 Old Relocate Start       5
Event: 8.713 Young Mark Start         6
Event: 8.713 Old Mark Start           6
Event: 8.884 Young Mark End           6
Event: 8.887 Young Relocate Start     6
Event: 8.915 Old Mark End             6
Event: 8.956 Old Relocate Start       6

VM Operations (250 events):
Event: 3.313 Executing VM operation: ICBufferFull
Event: 3.313 Executing VM operation: ICBufferFull done
Event: 3.350 Executing VM operation: HandshakeAllThreads (Deoptimize)
Event: 3.350 Executing VM operation: HandshakeAllThreads (Deoptimize) done
Event: 3.351 Executing VM operation: HandshakeAllThreads (Deoptimize)
Event: 3.351 Executing VM operation: HandshakeAllThreads (Deoptimize) done
Event: 3.392 Executing VM operation: ICBufferFull
Event: 3.496 Executing VM operation: ICBufferFull done
Event: 3.506 Executing VM operation: HandshakeAllThreads (Deoptimize)
Event: 3.506 Executing VM operation: HandshakeAllThreads (Deoptimize) done
Event: 3.508 Executing VM operation: HandshakeAllThreads (Deoptimize)
Event: 3.508 Executing VM operation: HandshakeAllThreads (Deoptimize) done
Event: 3.531 Executing VM operation: ICBufferFull
Event: 3.531 Executing VM operation: ICBufferFull done
Event: 3.535 Executing VM operation: HandshakeAllThreads (Deoptimize)
Event: 3.535 Executing VM operation: HandshakeAllThreads (Deoptimize) done
Event: 3.538 Executing VM operation: HandshakeAllThreads (Deoptimize)
Event: 3.538 Executing VM operation: HandshakeAllThreads (Deoptimize) done
Event: 3.555 Executing VM operation: HandshakeAllThreads (Deoptimize)
Event: 3.555 Executing VM operation: HandshakeAllThreads (Deoptimize) done
Event: 3.564 Executing VM operation: HandshakeAllThreads (Deoptimize)
Event: 3.564 Executing VM operation: HandshakeAllThreads (Deoptimize) done
Event: 3.682 Executing VM operation: HandshakeAllThreads (Deoptimize)
Event: 3.682 Executing VM operation: HandshakeAllThreads (Deoptimize) done
Event: 3.812 Executing VM operation: ICBufferFull
Event: 3.812 Executing VM operation: ICBufferFull done
Event: 3.907 Executing VM operation: HandshakeAllThreads (Deoptimize)
Event: 3.907 Executing VM operation: HandshakeAllThreads (Deoptimize) done
Event: 4.050 Executing VM operation: HandshakeAllThreads (Deoptimize)
Event: 4.050 Executing VM operation: HandshakeAllThreads (Deoptimize) done
Event: 4.093 Executing VM operation: ICBufferFull
Event: 4.093 Executing VM operation: ICBufferFull done
Event: 4.136 Executing VM operation: HandshakeAllThreads (Deoptimize)
Event: 4.136 Executing VM operation: HandshakeAllThreads (Deoptimize) done
Event: 4.162 Executing VM operation: ICBufferFull
Event: 4.162 Executing VM operation: ICBufferFull done
Event: 4.219 Executing VM operation: ICBufferFull
Event: 4.219 Executing VM operation: ICBufferFull done
Event: 4.398 Executing VM operation: ICBufferFull
Event: 4.398 Executing VM operation: ICBufferFull done
Event: 4.466 Executing VM operation: HandshakeAllThreads (Deoptimize)
Event: 4.466 Executing VM operation: HandshakeAllThreads (Deoptimize) done
Event: 4.548 Executing VM operation: ICBufferFull
Event: 4.548 Executing VM operation: ICBufferFull done
Event: 4.565 Executing VM operation: HandshakeAllThreads (Deoptimize)
Event: 4.566 Executing VM operation: HandshakeAllThreads (Deoptimize) done
Event: 4.566 Executing VM operation: HandshakeAllThreads (Deoptimize)
Event: 4.566 Executing VM operation: HandshakeAllThreads (Deoptimize) done
Event: 4.619 Executing VM operation: ICBufferFull
Event: 4.619 Executing VM operation: ICBufferFull done
Event: 4.829 Executing VM operation: HandshakeAllThreads (Deoptimize)
Event: 4.829 Executing VM operation: HandshakeAllThreads (Deoptimize) done
Event: 4.857 Executing VM operation: HandshakeAllThreads (Deoptimize)
Event: 4.857 Executing VM operation: HandshakeAllThreads (Deoptimize) done
Event: 4.918 Executing VM operation: ZMarkStartYoungAndOld (Metadata GC Threshold)
Event: 4.918 Executing VM operation: ZMarkStartYoungAndOld (Metadata GC Threshold) done
Event: 5.133 Executing VM operation: HandshakeAllThreads (Deoptimize)
Event: 5.133 Executing VM operation: HandshakeAllThreads (Deoptimize) done
Event: 5.133 Executing VM operation: HandshakeAllThreads (Deoptimize)
Event: 5.133 Executing VM operation: HandshakeAllThreads (Deoptimize) done
Event: 5.139 Executing VM operation: HandshakeAllThreads (Deoptimize)
Event: 5.139 Executing VM operation: HandshakeAllThreads (Deoptimize) done
Event: 5.140 Executing VM operation: HandshakeAllThreads (Deoptimize)
Event: 5.140 Executing VM operation: HandshakeAllThreads (Deoptimize) done
Event: 5.196 Executing VM operation: HandshakeAllThreads (ZMarkFlushAndFreeStacks)
Event: 5.196 Executing VM operation: HandshakeAllThreads (ZMarkFlushAndFreeStacks) done
Event: 5.196 Executing VM operation: ZMarkFlushOperation
Event: 5.196 Executing VM operation: ZMarkFlushOperation done
Event: 5.196 Executing VM operation: HandshakeAllThreads (ZMarkFlushAndFreeStacks)
Event: 5.196 Executing VM operation: HandshakeAllThreads (ZMarkFlushAndFreeStacks) done
Event: 5.196 Executing VM operation: ZMarkFlushOperation
Event: 5.196 Executing VM operation: ZMarkFlushOperation done
Event: 5.196 Executing VM operation: HandshakeAllThreads (ZMarkFlushAndFreeStacks)
Event: 5.196 Executing VM operation: HandshakeAllThreads (ZMarkFlushAndFreeStacks) done
Event: 5.196 Executing VM operation: ZMarkFlushOperation
Event: 5.196 Executing VM operation: ZMarkFlushOperation done
Event: 5.196 Executing VM operation: ZMarkEndYoung (Metadata GC Threshold)
Event: 5.196 Executing VM operation: ZMarkEndYoung (Metadata GC Threshold) done
Event: 5.203 Executing VM operation: ZRelocateStartYoung (Metadata GC Threshold)
Event: 5.203 Executing VM operation: ZRelocateStartYoung (Metadata GC Threshold) done
Event: 5.303 Executing VM operation: HandshakeAllThreads (ZMarkFlushAndFreeStacks)
Event: 5.303 Executing VM operation: HandshakeAllThreads (ZMarkFlushAndFreeStacks) done
Event: 5.303 Executing VM operation: ZMarkFlushOperation
Event: 5.303 Executing VM operation: ZMarkFlushOperation done
Event: 5.303 Executing VM operation: HandshakeAllThreads (ZMarkFlushAndFreeStacks)
Event: 5.303 Executing VM operation: HandshakeAllThreads (ZMarkFlushAndFreeStacks) done
Event: 5.303 Executing VM operation: ZMarkFlushOperation
Event: 5.303 Executing VM operation: ZMarkFlushOperation done
Event: 5.303 Executing VM operation: ZMarkEndOld (Metadata GC Threshold)
Event: 5.303 Executing VM operation: ZMarkEndOld (Metadata GC Threshold) done
Event: 5.317 Executing VM operation: HandshakeAllThreads (ZRendezvous)
Event: 5.317 Executing VM operation: HandshakeAllThreads (ZRendezvous) done
Event: 5.317 Executing VM operation: ZRendezvousGCThreads
Event: 5.317 Executing VM operation: ZRendezvousGCThreads done
Event: 5.318 Executing VM operation: CleanClassLoaderDataMetaspaces
Event: 5.319 Executing VM operation: CleanClassLoaderDataMetaspaces done
Event: 5.324 Executing VM operation: HandshakeAllThreads (Deoptimize)
Event: 5.324 Executing VM operation: HandshakeAllThreads (Deoptimize) done
Event: 5.324 Executing VM operation: HandshakeAllThreads (Deoptimize)
Event: 5.324 Executing VM operation: HandshakeAllThreads (Deoptimize) done
Event: 5.340 Executing VM operation: ZRelocateStartOld (Metadata GC Threshold)
Event: 5.340 Executing VM operation: ZRelocateStartOld (Metadata GC Threshold) done
Event: 5.717 Executing VM operation: HandshakeAllThreads (Deoptimize)
Event: 5.718 Executing VM operation: HandshakeAllThreads (Deoptimize) done
Event: 5.999 Executing VM operation: ICBufferFull
Event: 5.999 Executing VM operation: ICBufferFull done
Event: 6.050 Executing VM operation: HandshakeAllThreads (Deoptimize)
Event: 6.050 Executing VM operation: HandshakeAllThreads (Deoptimize) done
Event: 6.061 Executing VM operation: HandshakeAllThreads (Deoptimize)
Event: 6.061 Executing VM operation: HandshakeAllThreads (Deoptimize) done
Event: 6.107 Executing VM operation: HandshakeAllThreads (Deoptimize)
Event: 6.107 Executing VM operation: HandshakeAllThreads (Deoptimize) done
Event: 6.110 Executing VM operation: HandshakeAllThreads (Deoptimize)
Event: 6.110 Executing VM operation: HandshakeAllThreads (Deoptimize) done
Event: 6.117 Executing VM operation: HandshakeAllThreads (Deoptimize)
Event: 6.117 Executing VM operation: HandshakeAllThreads (Deoptimize) done
Event: 6.119 Executing VM operation: HandshakeAllThreads (Deoptimize)
Event: 6.119 Executing VM operation: HandshakeAllThreads (Deoptimize) done
Event: 6.164 Executing VM operation: HandshakeAllThreads (Deoptimize)
Event: 6.164 Executing VM operation: HandshakeAllThreads (Deoptimize) done
Event: 6.175 Executing VM operation: HandshakeAllThreads (Deoptimize)
Event: 6.175 Executing VM operation: HandshakeAllThreads (Deoptimize) done
Event: 6.179 Executing VM operation: HandshakeAllThreads (Deoptimize)
Event: 6.179 Executing VM operation: HandshakeAllThreads (Deoptimize) done
Event: 6.185 Executing VM operation: ICBufferFull
Event: 6.185 Executing VM operation: ICBufferFull done
Event: 6.235 Executing VM operation: HandshakeAllThreads (Deoptimize)
Event: 6.235 Executing VM operation: HandshakeAllThreads (Deoptimize) done
Event: 6.240 Executing VM operation: HandshakeAllThreads (Deoptimize)
Event: 6.240 Executing VM operation: HandshakeAllThreads (Deoptimize) done
Event: 6.339 Executing VM operation: ICBufferFull
Event: 6.340 Executing VM operation: ICBufferFull done
Event: 6.478 Executing VM operation: HandshakeAllThreads (Deoptimize)
Event: 6.478 Executing VM operation: HandshakeAllThreads (Deoptimize) done
Event: 6.880 Executing VM operation: HandshakeAllThreads (Deoptimize)
Event: 6.880 Executing VM operation: HandshakeAllThreads (Deoptimize) done
Event: 7.609 Executing VM operation: ICBufferFull
Event: 7.609 Executing VM operation: ICBufferFull done
Event: 7.918 Executing VM operation: HandshakeAllThreads (Deoptimize)
Event: 7.918 Executing VM operation: HandshakeAllThreads (Deoptimize) done
Event: 7.951 Executing VM operation: HandshakeAllThreads (Deoptimize)
Event: 7.951 Executing VM operation: HandshakeAllThreads (Deoptimize) done
Event: 7.975 Executing VM operation: HandshakeAllThreads (Deoptimize)
Event: 7.975 Executing VM operation: HandshakeAllThreads (Deoptimize) done
Event: 7.986 Executing VM operation: ICBufferFull
Event: 7.986 Executing VM operation: ICBufferFull done
Event: 8.295 Executing VM operation: HandshakeAllThreads (Deoptimize)
Event: 8.295 Executing VM operation: HandshakeAllThreads (Deoptimize) done
Event: 8.296 Executing VM operation: HandshakeAllThreads (Deoptimize)
Event: 8.296 Executing VM operation: HandshakeAllThreads (Deoptimize) done
Event: 8.412 Executing VM operation: ICBufferFull
Event: 8.412 Executing VM operation: ICBufferFull done
Event: 8.424 Executing VM operation: HandshakeAllThreads (Deoptimize)
Event: 8.424 Executing VM operation: HandshakeAllThreads (Deoptimize) done
Event: 8.454 Executing VM operation: HandshakeAllThreads (Deoptimize)
Event: 8.454 Executing VM operation: HandshakeAllThreads (Deoptimize) done
Event: 8.465 Executing VM operation: HandshakeAllThreads (Deoptimize)
Event: 8.466 Executing VM operation: HandshakeAllThreads (Deoptimize) done
Event: 8.467 Executing VM operation: HandshakeAllThreads (Deoptimize)
Event: 8.468 Executing VM operation: HandshakeAllThreads (Deoptimize) done
Event: 8.471 Executing VM operation: HandshakeAllThreads (Deoptimize)
Event: 8.472 Executing VM operation: HandshakeAllThreads (Deoptimize) done
Event: 8.503 Executing VM operation: ICBufferFull
Event: 8.504 Executing VM operation: ICBufferFull done
Event: 8.657 Executing VM operation: HandshakeAllThreads (Deoptimize)
Event: 8.657 Executing VM operation: HandshakeAllThreads (Deoptimize) done
Event: 8.674 Executing VM operation: ICBufferFull
Event: 8.674 Executing VM operation: ICBufferFull done
Event: 8.687 Executing VM operation: HandshakeAllThreads (Deoptimize)
Event: 8.687 Executing VM operation: HandshakeAllThreads (Deoptimize) done
Event: 8.713 Executing VM operation: ZMarkStartYoungAndOld (Warmup)
Event: 8.713 Executing VM operation: ZMarkStartYoungAndOld (Warmup) done
Event: 8.718 Executing VM operation: HandshakeAllThreads (Deoptimize)
Event: 8.718 Executing VM operation: HandshakeAllThreads (Deoptimize) done
Event: 8.723 Executing VM operation: HandshakeAllThreads (Deoptimize)
Event: 8.723 Executing VM operation: HandshakeAllThreads (Deoptimize) done
Event: 8.728 Executing VM operation: HandshakeAllThreads (Deoptimize)
Event: 8.728 Executing VM operation: HandshakeAllThreads (Deoptimize) done
Event: 8.729 Executing VM operation: HandshakeAllThreads (Deoptimize)
Event: 8.729 Executing VM operation: HandshakeAllThreads (Deoptimize) done
Event: 8.786 Executing VM operation: ICBufferFull
Event: 8.786 Executing VM operation: ICBufferFull done
Event: 8.873 Executing VM operation: HandshakeAllThreads (Deoptimize)
Event: 8.873 Executing VM operation: HandshakeAllThreads (Deoptimize) done
Event: 8.884 Executing VM operation: HandshakeAllThreads (ZMarkFlushAndFreeStacks)
Event: 8.884 Executing VM operation: HandshakeAllThreads (ZMarkFlushAndFreeStacks) done
Event: 8.884 Executing VM operation: ZMarkFlushOperation
Event: 8.884 Executing VM operation: ZMarkFlushOperation done
Event: 8.884 Executing VM operation: HandshakeAllThreads (ZMarkFlushAndFreeStacks)
Event: 8.884 Executing VM operation: HandshakeAllThreads (ZMarkFlushAndFreeStacks) done
Event: 8.884 Executing VM operation: ZMarkFlushOperation
Event: 8.884 Executing VM operation: ZMarkFlushOperation done
Event: 8.884 Executing VM operation: HandshakeAllThreads (ZMarkFlushAndFreeStacks)
Event: 8.884 Executing VM operation: HandshakeAllThreads (ZMarkFlushAndFreeStacks) done
Event: 8.884 Executing VM operation: ZMarkFlushOperation
Event: 8.884 Executing VM operation: ZMarkFlushOperation done
Event: 8.884 Executing VM operation: HandshakeAllThreads (ZMarkFlushAndFreeStacks)
Event: 8.884 Executing VM operation: HandshakeAllThreads (ZMarkFlushAndFreeStacks) done
Event: 8.884 Executing VM operation: ZMarkFlushOperation
Event: 8.884 Executing VM operation: ZMarkFlushOperation done
Event: 8.884 Executing VM operation: ZMarkEndYoung (Warmup)
Event: 8.884 Executing VM operation: ZMarkEndYoung (Warmup) done
Event: 8.887 Executing VM operation: ZRelocateStartYoung (Warmup)
Event: 8.887 Executing VM operation: ZRelocateStartYoung (Warmup) done
Event: 8.914 Executing VM operation: HandshakeAllThreads (ZMarkFlushAndFreeStacks)
Event: 8.914 Executing VM operation: HandshakeAllThreads (ZMarkFlushAndFreeStacks) done
Event: 8.914 Executing VM operation: ZMarkFlushOperation
Event: 8.914 Executing VM operation: ZMarkFlushOperation done
Event: 8.914 Executing VM operation: HandshakeAllThreads (ZMarkFlushAndFreeStacks)
Event: 8.915 Executing VM operation: HandshakeAllThreads (ZMarkFlushAndFreeStacks) done
Event: 8.915 Executing VM operation: ZMarkFlushOperation
Event: 8.915 Executing VM operation: ZMarkFlushOperation done
Event: 8.915 Executing VM operation: ZMarkEndOld (Warmup)
Event: 8.915 Executing VM operation: ZMarkEndOld (Warmup) done
Event: 8.937 Executing VM operation: HandshakeAllThreads (ZRendezvous)
Event: 8.937 Executing VM operation: HandshakeAllThreads (ZRendezvous) done
Event: 8.937 Executing VM operation: ZRendezvousGCThreads
Event: 8.937 Executing VM operation: ZRendezvousGCThreads done
Event: 8.938 Executing VM operation: CleanClassLoaderDataMetaspaces
Event: 8.939 Executing VM operation: CleanClassLoaderDataMetaspaces done
Event: 8.956 Executing VM operation: ZRelocateStartOld (Warmup)
Event: 8.956 Executing VM operation: ZRelocateStartOld (Warmup) done
Event: 9.055 Executing VM operation: HandshakeAllThreads (Deoptimize)
Event: 9.090 Executing VM operation: HandshakeAllThreads (Deoptimize) done
Event: 9.176 Executing VM operation: HandshakeAllThreads (Deoptimize)
Event: 9.266 Executing VM operation: HandshakeAllThreads (Deoptimize) done
Event: 9.333 Executing VM operation: ICBufferFull
Event: 9.333 Executing VM operation: ICBufferFull done
Event: 9.344 Executing VM operation: HandshakeAllThreads (Deoptimize)
Event: 9.344 Executing VM operation: HandshakeAllThreads (Deoptimize) done
Event: 9.545 Executing VM operation: HandshakeAllThreads (Deoptimize)
Event: 9.545 Executing VM operation: HandshakeAllThreads (Deoptimize) done
Event: 9.545 Executing VM operation: HandshakeAllThreads (Deoptimize)
Event: 9.545 Executing VM operation: HandshakeAllThreads (Deoptimize) done
Event: 9.675 Executing VM operation: ICBufferFull
Event: 9.675 Executing VM operation: ICBufferFull done
Event: 10.071 Executing VM operation: ICBufferFull
Event: 10.071 Executing VM operation: ICBufferFull done
Event: 10.097 Executing VM operation: HandshakeAllThreads (Deoptimize)
Event: 10.097 Executing VM operation: HandshakeAllThreads (Deoptimize) done
Event: 11.097 Executing VM operation: Cleanup
Event: 11.098 Executing VM operation: Cleanup done
Event: 11.098 Executing VM operation: HandshakeAllThreads (Deoptimize)
Event: 11.098 Executing VM operation: HandshakeAllThreads (Deoptimize) done
Event: 11.101 Executing VM operation: HandshakeAllThreads (Deoptimize)
Event: 11.101 Executing VM operation: HandshakeAllThreads (Deoptimize) done
Event: 11.101 Executing VM operation: HandshakeAllThreads (Deoptimize)
Event: 11.101 Executing VM operation: HandshakeAllThreads (Deoptimize) done
Event: 11.109 Executing VM operation: HandshakeAllThreads (Deoptimize)
Event: 11.109 Executing VM operation: HandshakeAllThreads (Deoptimize) done

Memory protections (0 events):
No events

Nmethod flushes (250 events):
Event: 8.938 Thread 0x0000026f96ec67d0 flushing  nmethod 0x0000026f985b2010
Event: 8.938 Thread 0x0000026f96ec67d0 flushing  nmethod 0x0000026f97e08c10
Event: 8.938 Thread 0x0000026f96ec67d0 flushing  nmethod 0x0000026f970ed810
Event: 8.938 Thread 0x0000026f96ec67d0 flushing  nmethod 0x0000026f97234d90
Event: 8.938 Thread 0x0000026f96ec67d0 flushing  nmethod 0x0000026f98691790
Event: 8.938 Thread 0x0000026f96ec67d0 flushing  nmethod 0x0000026f9f036c90
Event: 8.938 Thread 0x0000026f96ec67d0 flushing  nmethod 0x0000026f97105310
Event: 8.938 Thread 0x0000026f96ec67d0 flushing  nmethod 0x0000026f97520790
Event: 8.938 Thread 0x0000026f96ec67d0 flushing  nmethod 0x0000026f97eddc90
Event: 8.938 Thread 0x0000026f96ec67d0 flushing  nmethod 0x0000026f97127510
Event: 8.938 Thread 0x0000026f96ec67d0 flushing  nmethod 0x0000026f9876af90
Event: 8.938 Thread 0x0000026f96ec67d0 flushing  nmethod 0x0000026f9f125f90
Event: 8.938 Thread 0x0000026f96ec67d0 flushing  nmethod 0x0000026f9eb69010
Event: 8.938 Thread 0x0000026f96ec67d0 flushing  nmethod 0x0000026f97952110
Event: 8.938 Thread 0x0000026f96ec67d0 flushing  nmethod 0x0000026f97444590
Event: 8.938 Thread 0x0000026f96ec67d0 flushing  nmethod 0x0000026f9f33b890
Event: 8.938 Thread 0x0000026f96ec67d0 flushing  nmethod 0x0000026f986c7590
Event: 8.938 Thread 0x0000026f96ec67d0 flushing  nmethod 0x0000026f970d7110
Event: 8.938 Thread 0x0000026f96ec67d0 flushing  nmethod 0x0000026f976bf810
Event: 8.938 Thread 0x0000026f96ec67d0 flushing  nmethod 0x0000026f97dc8a90
Event: 8.938 Thread 0x0000026f96ec67d0 flushing  nmethod 0x0000026f9eb65f10
Event: 8.938 Thread 0x0000026f96ec67d0 flushing  nmethod 0x0000026f97ae9290
Event: 8.938 Thread 0x0000026f96ec67d0 flushing  nmethod 0x0000026f9f4a0610
Event: 8.938 Thread 0x0000026f96ec67d0 flushing  nmethod 0x0000026f98221390
Event: 8.938 Thread 0x0000026f96ec67d0 flushing  nmethod 0x0000026f986c8210
Event: 8.938 Thread 0x0000026f96ec67d0 flushing  nmethod 0x0000026f97225c90
Event: 8.938 Thread 0x0000026f96ec67d0 flushing  nmethod 0x0000026f97de2090
Event: 8.938 Thread 0x0000026f96ec67d0 flushing  nmethod 0x0000026f9780c710
Event: 8.938 Thread 0x0000026f96ec67d0 flushing  nmethod 0x0000026f9ec12490
Event: 8.938 Thread 0x0000026f96ec67d0 flushing  nmethod 0x0000026f9f35d310
Event: 8.938 Thread 0x0000026f96ec67d0 flushing  nmethod 0x0000026f972ec310
Event: 8.938 Thread 0x0000026f96ec67d0 flushing  nmethod 0x0000026f9ecc9990
Event: 8.938 Thread 0x0000026f96ec67d0 flushing  nmethod 0x0000026f984e0b90
Event: 8.938 Thread 0x0000026f96ec67d0 flushing  nmethod 0x0000026f9f5c6f10
Event: 8.938 Thread 0x0000026f96ec67d0 flushing  nmethod 0x0000026f9800ab10
Event: 8.938 Thread 0x0000026f96ec67d0 flushing  nmethod 0x0000026f9f568a10
Event: 8.938 Thread 0x0000026f96ec67d0 flushing  nmethod 0x0000026f97b1e710
Event: 8.938 Thread 0x0000026f96ec67d0 flushing  nmethod 0x0000026f974fd390
Event: 8.938 Thread 0x0000026f96ec67d0 flushing  nmethod 0x0000026f9f601290
Event: 8.938 Thread 0x0000026f96ec67d0 flushing  nmethod 0x0000026f98704090
Event: 8.938 Thread 0x0000026f96ec67d0 flushing  nmethod 0x0000026f97b1ad10
Event: 8.938 Thread 0x0000026f96ec67d0 flushing  nmethod 0x0000026f971a5a10
Event: 8.938 Thread 0x0000026f96ec67d0 flushing  nmethod 0x0000026f9efae190
Event: 8.938 Thread 0x0000026f96ec67d0 flushing  nmethod 0x0000026f9ece6890
Event: 8.938 Thread 0x0000026f96ec67d0 flushing  nmethod 0x0000026f9f26bb10
Event: 8.938 Thread 0x0000026f96ec67d0 flushing  nmethod 0x0000026f971dd910
Event: 8.938 Thread 0x0000026f96ec67d0 flushing  nmethod 0x0000026f9872cf90
Event: 8.938 Thread 0x0000026f96ec67d0 flushing  nmethod 0x0000026f9f19ab10
Event: 8.938 Thread 0x0000026f96ec67d0 flushing  nmethod 0x0000026f97150a10
Event: 8.938 Thread 0x0000026f96ec67d0 flushing  nmethod 0x0000026f9f6c8a10
Event: 8.938 Thread 0x0000026f96ec67d0 flushing  nmethod 0x0000026f97028710
Event: 8.938 Thread 0x0000026f96ec67d0 flushing  nmethod 0x0000026f98012490
Event: 8.938 Thread 0x0000026f96ec67d0 flushing  nmethod 0x0000026f9eb55090
Event: 8.938 Thread 0x0000026f96ec67d0 flushing  nmethod 0x0000026f9f495390
Event: 8.938 Thread 0x0000026f96ec67d0 flushing  nmethod 0x0000026f9735d410
Event: 8.938 Thread 0x0000026f96ec67d0 flushing  nmethod 0x0000026f98777c10
Event: 8.938 Thread 0x0000026f96ec67d0 flushing  nmethod 0x0000026f97187510
Event: 8.938 Thread 0x0000026f96ec67d0 flushing  nmethod 0x0000026f971dd410
Event: 8.938 Thread 0x0000026f96ec67d0 flushing  nmethod 0x0000026f9ebe6d90
Event: 8.938 Thread 0x0000026f96ec67d0 flushing  nmethod 0x0000026f9ef70b90
Event: 8.938 Thread 0x0000026f96ec67d0 flushing  nmethod 0x0000026f9867c790
Event: 8.938 Thread 0x0000026f96ec67d0 flushing osr nmethod 0x0000026f9f899d90
Event: 8.938 Thread 0x0000026f96ec67d0 flushing  nmethod 0x0000026f97ebe810
Event: 8.938 Thread 0x0000026f96ec67d0 flushing  nmethod 0x0000026f9735e890
Event: 8.938 Thread 0x0000026f96ec67d0 flushing  nmethod 0x0000026f9782ab90
Event: 8.938 Thread 0x0000026f96ec67d0 flushing  nmethod 0x0000026f9f2b2990
Event: 8.938 Thread 0x0000026f96ec67d0 flushing  nmethod 0x0000026f97823f10
Event: 8.938 Thread 0x0000026f96ec67d0 flushing  nmethod 0x0000026f9777ea10
Event: 8.938 Thread 0x0000026f96ec67d0 flushing  nmethod 0x0000026f9846ca90
Event: 8.938 Thread 0x0000026f96ec67d0 flushing  nmethod 0x0000026f9eb65910
Event: 8.938 Thread 0x0000026f96ec67d0 flushing  nmethod 0x0000026f9f4a8190
Event: 8.938 Thread 0x0000026f96ec67d0 flushing  nmethod 0x0000026f9f87e710
Event: 8.938 Thread 0x0000026f96ec67d0 flushing  nmethod 0x0000026f97085e90
Event: 8.938 Thread 0x0000026f96ec67d0 flushing  nmethod 0x0000026f984af110
Event: 8.938 Thread 0x0000026f96ec67d0 flushing  nmethod 0x0000026f972f0810
Event: 8.938 Thread 0x0000026f96ec67d0 flushing  nmethod 0x0000026f9716df90
Event: 8.938 Thread 0x0000026f96ec67d0 flushing  nmethod 0x0000026f981b4a10
Event: 8.938 Thread 0x0000026f96ec67d0 flushing  nmethod 0x0000026f9740e710
Event: 8.938 Thread 0x0000026f96ec67d0 flushing  nmethod 0x0000026f98059910
Event: 8.938 Thread 0x0000026f96ec67d0 flushing  nmethod 0x0000026f9843ee90
Event: 8.938 Thread 0x0000026f96ec67d0 flushing  nmethod 0x0000026f97117910
Event: 8.938 Thread 0x0000026f96ec67d0 flushing  nmethod 0x0000026f9840ce10
Event: 8.938 Thread 0x0000026f96ec67d0 flushing  nmethod 0x0000026f98575310
Event: 8.938 Thread 0x0000026f96ec67d0 flushing  nmethod 0x0000026f98662710
Event: 8.938 Thread 0x0000026f96ec67d0 flushing  nmethod 0x0000026f9ec8a090
Event: 8.938 Thread 0x0000026f96ec67d0 flushing  nmethod 0x0000026f97305a10
Event: 8.938 Thread 0x0000026f96ec67d0 flushing  nmethod 0x0000026f9f7ccd90
Event: 8.938 Thread 0x0000026f96ec67d0 flushing  nmethod 0x0000026f96fa0b10
Event: 8.938 Thread 0x0000026f96ec67d0 flushing  nmethod 0x0000026f984c0e90
Event: 8.938 Thread 0x0000026f96ec67d0 flushing  nmethod 0x0000026f970cfa90
Event: 8.938 Thread 0x0000026f96ec67d0 flushing  nmethod 0x0000026f97bde490
Event: 8.938 Thread 0x0000026f96ec67d0 flushing osr nmethod 0x0000026f9866ae10
Event: 8.938 Thread 0x0000026f96ec67d0 flushing  nmethod 0x0000026f981b7790
Event: 8.938 Thread 0x0000026f96ec67d0 flushing  nmethod 0x0000026f9ebbb510
Event: 8.938 Thread 0x0000026f96ec67d0 flushing  nmethod 0x0000026f98555790
Event: 8.938 Thread 0x0000026f96ec67d0 flushing  nmethod 0x0000026f97509d10
Event: 8.938 Thread 0x0000026f96ec67d0 flushing  nmethod 0x0000026f97ce1410
Event: 8.938 Thread 0x0000026f96ec67d0 flushing  nmethod 0x0000026f9f49aa90
Event: 8.938 Thread 0x0000026f96ec67d0 flushing  nmethod 0x0000026f9f22b710
Event: 8.938 Thread 0x0000026f96ec67d0 flushing  nmethod 0x0000026f98410110
Event: 8.938 Thread 0x0000026f96ec67d0 flushing  nmethod 0x0000026f981ea010
Event: 8.938 Thread 0x0000026f96ec67d0 flushing  nmethod 0x0000026f98757c90
Event: 8.938 Thread 0x0000026f96ec67d0 flushing  nmethod 0x0000026f97390410
Event: 8.938 Thread 0x0000026f96ec67d0 flushing  nmethod 0x0000026f986b8190
Event: 8.938 Thread 0x0000026f96ec67d0 flushing  nmethod 0x0000026f97211910
Event: 8.938 Thread 0x0000026f96ec67d0 flushing  nmethod 0x0000026f986a1b90
Event: 8.938 Thread 0x0000026f96ec67d0 flushing  nmethod 0x0000026f970ad410
Event: 8.938 Thread 0x0000026f96ec67d0 flushing  nmethod 0x0000026f986aef90
Event: 8.938 Thread 0x0000026f96ec67d0 flushing  nmethod 0x0000026f97ead290
Event: 8.938 Thread 0x0000026f96ec67d0 flushing  nmethod 0x0000026f98684010
Event: 8.938 Thread 0x0000026f96ec67d0 flushing  nmethod 0x0000026f97daa690
Event: 8.938 Thread 0x0000026f96ec67d0 flushing  nmethod 0x0000026f9874f510
Event: 8.938 Thread 0x0000026f96ec67d0 flushing  nmethod 0x0000026f97f4cb10
Event: 8.938 Thread 0x0000026f96ec67d0 flushing  nmethod 0x0000026f97399810
Event: 8.938 Thread 0x0000026f96ec67d0 flushing  nmethod 0x0000026f9821bf90
Event: 8.938 Thread 0x0000026f96ec67d0 flushing  nmethod 0x0000026f97c8e290
Event: 8.938 Thread 0x0000026f96ec67d0 flushing  nmethod 0x0000026f9f008810
Event: 8.938 Thread 0x0000026f96ec67d0 flushing  nmethod 0x0000026f9753d610
Event: 8.938 Thread 0x0000026f96ec67d0 flushing  nmethod 0x0000026f9864f810
Event: 8.938 Thread 0x0000026f96ec67d0 flushing  nmethod 0x0000026f97806110
Event: 8.938 Thread 0x0000026f96ec67d0 flushing  nmethod 0x0000026f98396410
Event: 8.938 Thread 0x0000026f96ec67d0 flushing  nmethod 0x0000026f971aaa90
Event: 8.938 Thread 0x0000026f96ec67d0 flushing  nmethod 0x0000026f9725c010
Event: 8.938 Thread 0x0000026f96ec67d0 flushing  nmethod 0x0000026f97a3f310
Event: 8.938 Thread 0x0000026f96ec67d0 flushing  nmethod 0x0000026f97e2bb10
Event: 8.938 Thread 0x0000026f96ec67d0 flushing  nmethod 0x0000026f9f1ecc90
Event: 8.938 Thread 0x0000026f96ec67d0 flushing  nmethod 0x0000026f978c6c90
Event: 8.938 Thread 0x0000026f96ec67d0 flushing  nmethod 0x0000026f97838710
Event: 8.938 Thread 0x0000026f96ec67d0 flushing  nmethod 0x0000026f97911990
Event: 8.938 Thread 0x0000026f96ec67d0 flushing  nmethod 0x0000026f9eb78e10
Event: 8.938 Thread 0x0000026f96ec67d0 flushing  nmethod 0x0000026f9730a110
Event: 8.938 Thread 0x0000026f96ec67d0 flushing  nmethod 0x0000026f9ed23410
Event: 8.938 Thread 0x0000026f96ec67d0 flushing  nmethod 0x0000026f9711cc10
Event: 8.938 Thread 0x0000026f96ec67d0 flushing  nmethod 0x0000026f970bdb10
Event: 8.938 Thread 0x0000026f96ec67d0 flushing  nmethod 0x0000026f982faf10
Event: 8.938 Thread 0x0000026f96ec67d0 flushing  nmethod 0x0000026f9719e290
Event: 8.938 Thread 0x0000026f96ec67d0 flushing  nmethod 0x0000026f9f3b8810
Event: 8.938 Thread 0x0000026f96ec67d0 flushing  nmethod 0x0000026f975b6110
Event: 8.938 Thread 0x0000026f96ec67d0 flushing  nmethod 0x0000026f9eb9c610
Event: 8.938 Thread 0x0000026f96ec67d0 flushing  nmethod 0x0000026f977d1790
Event: 8.938 Thread 0x0000026f96ec67d0 flushing  nmethod 0x0000026f9ebe7390
Event: 8.938 Thread 0x0000026f96ec67d0 flushing  nmethod 0x0000026f9877ae90
Event: 8.938 Thread 0x0000026f96ec67d0 flushing  nmethod 0x0000026f9ebbb190
Event: 8.938 Thread 0x0000026f96ec67d0 flushing  nmethod 0x0000026f9f3ca410
Event: 8.938 Thread 0x0000026f96ec67d0 flushing  nmethod 0x0000026f9f6a3d10
Event: 8.938 Thread 0x0000026f96ec67d0 flushing  nmethod 0x0000026f97306010
Event: 8.938 Thread 0x0000026f96ec67d0 flushing  nmethod 0x0000026f9739b990
Event: 8.938 Thread 0x0000026f96ec67d0 flushing  nmethod 0x0000026f97689690
Event: 8.938 Thread 0x0000026f96ec67d0 flushing  nmethod 0x0000026f981ca290
Event: 8.938 Thread 0x0000026f96ec67d0 flushing  nmethod 0x0000026f97d87190
Event: 8.938 Thread 0x0000026f96ec67d0 flushing  nmethod 0x0000026f9ef47210
Event: 8.938 Thread 0x0000026f96ec67d0 flushing  nmethod 0x0000026f9ecf6990
Event: 8.938 Thread 0x0000026f96ec67d0 flushing  nmethod 0x0000026f9738bd10
Event: 8.938 Thread 0x0000026f96ec67d0 flushing  nmethod 0x0000026f9816a310
Event: 8.938 Thread 0x0000026f96ec67d0 flushing  nmethod 0x0000026f97fd4690
Event: 8.938 Thread 0x0000026f96ec67d0 flushing  nmethod 0x0000026f97114790
Event: 8.938 Thread 0x0000026f96ec67d0 flushing  nmethod 0x0000026f971b6d90
Event: 8.938 Thread 0x0000026f96ec67d0 flushing  nmethod 0x0000026f97127890
Event: 8.938 Thread 0x0000026f96ec67d0 flushing  nmethod 0x0000026f970ece10
Event: 8.938 Thread 0x0000026f96ec67d0 flushing  nmethod 0x0000026f9705ea10
Event: 8.938 Thread 0x0000026f96ec67d0 flushing  nmethod 0x0000026f97b25590
Event: 8.938 Thread 0x0000026f96ec67d0 flushing  nmethod 0x0000026f97a07d90
Event: 8.938 Thread 0x0000026f96ec67d0 flushing  nmethod 0x0000026f97307490
Event: 8.938 Thread 0x0000026f96ec67d0 flushing  nmethod 0x0000026f9706b690
Event: 8.938 Thread 0x0000026f96ec67d0 flushing  nmethod 0x0000026f9840df10
Event: 8.938 Thread 0x0000026f96ec67d0 flushing  nmethod 0x0000026f984c0990
Event: 8.938 Thread 0x0000026f96ec67d0 flushing  nmethod 0x0000026f97de4010
Event: 8.938 Thread 0x0000026f96ec67d0 flushing  nmethod 0x0000026f970ada10
Event: 8.938 Thread 0x0000026f96ec67d0 flushing  nmethod 0x0000026f9f561490
Event: 8.938 Thread 0x0000026f96ec67d0 flushing  nmethod 0x0000026f977aa790
Event: 8.938 Thread 0x0000026f96ec67d0 flushing  nmethod 0x0000026f977b8790
Event: 8.938 Thread 0x0000026f96ec67d0 flushing  nmethod 0x0000026f9ec1fd10
Event: 8.938 Thread 0x0000026f96ec67d0 flushing  nmethod 0x0000026f97076910
Event: 8.938 Thread 0x0000026f96ec67d0 flushing  nmethod 0x0000026f98260510
Event: 8.938 Thread 0x0000026f96ec67d0 flushing  nmethod 0x0000026f98459790
Event: 8.938 Thread 0x0000026f96ec67d0 flushing  nmethod 0x0000026f971f7a90
Event: 8.938 Thread 0x0000026f96ec67d0 flushing osr nmethod 0x0000026f981a5d90
Event: 8.938 Thread 0x0000026f96ec67d0 flushing  nmethod 0x0000026f97044b10
Event: 8.938 Thread 0x0000026f96ec67d0 flushing  nmethod 0x0000026f97fe9090
Event: 8.938 Thread 0x0000026f96ec67d0 flushing  nmethod 0x0000026f9877a490
Event: 8.938 Thread 0x0000026f96ec67d0 flushing  nmethod 0x0000026f97614110
Event: 8.938 Thread 0x0000026f96ec67d0 flushing  nmethod 0x0000026f974feb10
Event: 8.938 Thread 0x0000026f96ec67d0 flushing  nmethod 0x0000026f9f0ea490
Event: 8.938 Thread 0x0000026f96ec67d0 flushing  nmethod 0x0000026f98065690
Event: 8.938 Thread 0x0000026f96ec67d0 flushing  nmethod 0x0000026f97287190
Event: 8.938 Thread 0x0000026f96ec67d0 flushing  nmethod 0x0000026f97da1610
Event: 8.938 Thread 0x0000026f96ec67d0 flushing  nmethod 0x0000026f9f129790
Event: 8.938 Thread 0x0000026f96ec67d0 flushing  nmethod 0x0000026f9f642b10
Event: 8.938 Thread 0x0000026f96ec67d0 flushing  nmethod 0x0000026f97ee3d90
Event: 8.938 Thread 0x0000026f96ec67d0 flushing  nmethod 0x0000026f9eee0290
Event: 8.938 Thread 0x0000026f96ec67d0 flushing  nmethod 0x0000026f9eb76090
Event: 8.938 Thread 0x0000026f96ec67d0 flushing  nmethod 0x0000026f97118910
Event: 8.938 Thread 0x0000026f96ec67d0 flushing  nmethod 0x0000026f9f338410
Event: 8.938 Thread 0x0000026f96ec67d0 flushing  nmethod 0x0000026f98248390
Event: 8.938 Thread 0x0000026f96ec67d0 flushing  nmethod 0x0000026f972dc510
Event: 8.938 Thread 0x0000026f96ec67d0 flushing  nmethod 0x0000026f98686110
Event: 8.938 Thread 0x0000026f96ec67d0 flushing  nmethod 0x0000026f97239210
Event: 8.938 Thread 0x0000026f96ec67d0 flushing  nmethod 0x0000026f97a78190
Event: 8.938 Thread 0x0000026f96ec67d0 flushing  nmethod 0x0000026f97ce6210
Event: 8.938 Thread 0x0000026f96ec67d0 flushing  nmethod 0x0000026f97e0c710
Event: 8.938 Thread 0x0000026f96ec67d0 flushing  nmethod 0x0000026f974f3090
Event: 8.938 Thread 0x0000026f96ec67d0 flushing  nmethod 0x0000026f970bad10
Event: 8.938 Thread 0x0000026f96ec67d0 flushing  nmethod 0x0000026f9f120390
Event: 8.938 Thread 0x0000026f96ec67d0 flushing  nmethod 0x0000026f97a20110
Event: 8.938 Thread 0x0000026f96ec67d0 flushing  nmethod 0x0000026f980a5590
Event: 8.938 Thread 0x0000026f96ec67d0 flushing  nmethod 0x0000026f9727d610
Event: 8.938 Thread 0x0000026f96ec67d0 flushing  nmethod 0x0000026f974a5c90
Event: 8.938 Thread 0x0000026f96ec67d0 flushing  nmethod 0x0000026f9f3ea710
Event: 8.938 Thread 0x0000026f96ec67d0 flushing  nmethod 0x0000026f9825fb90
Event: 8.938 Thread 0x0000026f96ec67d0 flushing  nmethod 0x0000026f974c9610
Event: 8.938 Thread 0x0000026f96ec67d0 flushing  nmethod 0x0000026f97b2ab10
Event: 8.938 Thread 0x0000026f96ec67d0 flushing  nmethod 0x0000026f97074310
Event: 8.938 Thread 0x0000026f96ec67d0 flushing  nmethod 0x0000026f97396010
Event: 8.938 Thread 0x0000026f96ec67d0 flushing  nmethod 0x0000026f98643f90
Event: 8.938 Thread 0x0000026f96ec67d0 flushing  nmethod 0x0000026f974fdf90
Event: 8.938 Thread 0x0000026f96ec67d0 flushing  nmethod 0x0000026f9775d290
Event: 8.938 Thread 0x0000026f96ec67d0 flushing  nmethod 0x0000026f979c3910
Event: 8.938 Thread 0x0000026f96ec67d0 flushing  nmethod 0x0000026f97d2cd90
Event: 8.938 Thread 0x0000026f96ec67d0 flushing  nmethod 0x0000026f97850010
Event: 8.938 Thread 0x0000026f96ec67d0 flushing  nmethod 0x0000026f97b9f110
Event: 8.938 Thread 0x0000026f96ec67d0 flushing  nmethod 0x0000026f9767c610
Event: 8.938 Thread 0x0000026f96ec67d0 flushing  nmethod 0x0000026f97c07110
Event: 8.938 Thread 0x0000026f96ec67d0 flushing  nmethod 0x0000026f9ee1a390
Event: 8.938 Thread 0x0000026f96ec67d0 flushing  nmethod 0x0000026f96fc1690
Event: 8.938 Thread 0x0000026f96ec67d0 flushing  nmethod 0x0000026f974de010
Event: 8.938 Thread 0x0000026f96ec67d0 flushing  nmethod 0x0000026f9f2aed10
Event: 8.938 Thread 0x0000026f96ec67d0 flushing osr nmethod 0x0000026f986c8e10
Event: 8.938 Thread 0x0000026f96ec67d0 flushing  nmethod 0x0000026f972e0890
Event: 8.938 Thread 0x0000026f96ec67d0 flushing  nmethod 0x0000026f9ebda910
Event: 8.938 Thread 0x0000026f96ec67d0 flushing  nmethod 0x0000026f98683610
Event: 8.938 Thread 0x0000026f96ec67d0 flushing  nmethod 0x0000026f980c4c90
Event: 8.938 Thread 0x0000026f96ec67d0 flushing  nmethod 0x0000026f97c87d10
Event: 8.938 Thread 0x0000026f96ec67d0 flushing  nmethod 0x0000026f9ebdac10
Event: 8.938 Thread 0x0000026f96ec67d0 flushing  nmethod 0x0000026f973b4190
Event: 8.938 Thread 0x0000026f96ec67d0 flushing  nmethod 0x0000026f96fd0e90
Event: 8.938 Thread 0x0000026f96ec67d0 flushing  nmethod 0x0000026f97257210
Event: 8.938 Thread 0x0000026f96ec67d0 flushing  nmethod 0x0000026f9edec310
Event: 8.938 Thread 0x0000026f96ec67d0 flushing  nmethod 0x0000026f9f6c4610
Event: 8.938 Thread 0x0000026f96ec67d0 flushing  nmethod 0x0000026f96fee990
Event: 8.938 Thread 0x0000026f96ec67d0 flushing  nmethod 0x0000026f97128b10
Event: 8.938 Thread 0x0000026f96ec67d0 flushing  nmethod 0x0000026f978ca110
Event: 8.938 Thread 0x0000026f96ec67d0 flushing  nmethod 0x0000026f9727a610
Event: 8.938 Thread 0x0000026f96ec67d0 flushing  nmethod 0x0000026f978d7710
Event: 8.938 Thread 0x0000026f96ec67d0 flushing  nmethod 0x0000026f97140390
Event: 8.938 Thread 0x0000026f96ec67d0 flushing  nmethod 0x0000026f9ebe7090
Event: 8.938 Thread 0x0000026f96ec67d0 flushing  nmethod 0x0000026f982dfc90
Event: 8.938 Thread 0x0000026f96ec67d0 flushing  nmethod 0x0000026f97b90410
Event: 8.938 Thread 0x0000026f96ec67d0 flushing  nmethod 0x0000026f971fb110
Event: 8.938 Thread 0x0000026f96ec67d0 flushing  nmethod 0x0000026f97866590
Event: 8.938 Thread 0x0000026f96ec67d0 flushing  nmethod 0x0000026f979faf90

Events (240 events):
Event: 0.028 Thread 0x0000026f931815e0 Thread added: 0x0000026f931815e0
Event: 0.051 Thread 0x0000026f931815e0 Thread added: 0x00000273a92121d0
Event: 0.051 Thread 0x0000026f931815e0 Thread added: 0x00000273a9214840
Event: 0.051 Thread 0x0000026f931815e0 Thread added: 0x00000273a9230260
Event: 0.051 Thread 0x0000026f931815e0 Thread added: 0x00000273a92308c0
Event: 0.051 Thread 0x0000026f931815e0 Thread added: 0x00000273a9215eb0
Event: 0.051 Thread 0x0000026f931815e0 Thread added: 0x00000273a9217520
Event: 0.051 Thread 0x0000026f931815e0 Thread added: 0x00000273a921f0a0
Event: 0.051 Thread 0x0000026f931815e0 Thread added: 0x00000273a9291000
Event: 0.056 Thread 0x00000273a9291000 Thread added: 0x00000273a92cf8d0
Event: 0.099 Thread 0x0000026f931815e0 Thread added: 0x00000273a95a95a0
Event: 0.120 Thread 0x00000273a92cf8d0 Thread added: 0x00000273a960c510
Event: 0.134 Thread 0x00000273a92cf8d0 Thread added: 0x00000273a9729090
Event: 0.206 Thread 0x00000273a92cf8d0 Thread added: 0x00000273a9723440
Event: 0.248 Thread 0x0000026f931815e0 Thread added: 0x00000273a95abd00
Event: 0.353 Thread 0x00000273a960c510 Thread added: 0x00000273aefb04b0
Event: 0.455 Thread 0x0000026f931815e0 Thread added: 0x00000273a95aafe0
Event: 0.457 Thread 0x00000273a95aafe0 Thread exited: 0x00000273a95aafe0
Event: 0.461 Thread 0x0000026f931815e0 Thread added: 0x00000273a95ab670
Event: 0.467 Thread 0x00000273a95ab670 Thread exited: 0x00000273a95ab670
Event: 0.503 Thread 0x00000273a9291000 Thread added: 0x00000273aebf33a0
Event: 0.540 Thread 0x0000026f931815e0 Thread added: 0x00000273a95a9c30
Event: 0.762 Thread 0x00000273aebf33a0 Thread exited: 0x00000273aebf33a0
Event: 0.801 Thread 0x00000273a921f0a0 Thread added: 0x00000273af29c2e0
Event: 0.802 Thread 0x00000273aefb04b0 Thread added: 0x00000273af2c2990
Event: 0.807 Thread 0x00000273aefb04b0 Thread added: 0x00000273af2c3840
Event: 0.808 Thread 0x00000273a9291000 Thread added: 0x00000273aee56920
Event: 0.829 Thread 0x00000273aefb04b0 Thread added: 0x00000273b1270c20
Event: 1.009 Thread 0x0000026f931815e0 Thread added: 0x00000273a95ac390
Event: 1.009 Thread 0x00000273a95ac390 Thread added: 0x00000273a95aa950
Event: 1.010 Thread 0x00000273a95ac390 Thread added: 0x00000273a95aafe0
Event: 1.010 Thread 0x00000273a95aafe0 Thread added: 0x00000273a95ab670
Event: 1.010 Thread 0x00000273a95aa950 Thread added: 0x00000273a95a8f10
Event: 1.010 Thread 0x00000273a95aafe0 Thread added: 0x00000273b0781e80
Event: 1.010 Thread 0x00000273a95aa950 Thread added: 0x00000273b0782ba0
Event: 1.010 Thread 0x00000273a95ab670 Thread added: 0x00000273b07866b0
Event: 1.010 Thread 0x00000273a95ab670 Thread added: 0x00000273b0781160
Event: 1.010 Thread 0x00000273a95a8f10 Thread added: 0x00000273b0786d40
Event: 1.010 Thread 0x00000273b0781e80 Thread added: 0x00000273b07845e0
Event: 1.010 Thread 0x00000273a95ab670 Thread added: 0x00000273b0785300
Event: 1.010 Thread 0x00000273b0782ba0 Thread added: 0x00000273b07817f0
Event: 1.010 Thread 0x00000273a95a8f10 Thread added: 0x00000273b0783230
Event: 1.010 Thread 0x00000273a95aa950 Thread added: 0x00000273b0786020
Event: 1.256 Thread 0x00000273a95abd00 Thread exited: 0x00000273a95abd00
Event: 1.536 Thread 0x00000273b1270c20 Thread exited: 0x00000273b1270c20
Event: 1.539 Thread 0x0000026f931815e0 Thread added: 0x00000273b0782510
Event: 1.540 Thread 0x00000273aee56920 Thread exited: 0x00000273aee56920
Event: 1.542 Thread 0x00000273af2c3840 Thread exited: 0x00000273af2c3840
Event: 1.542 Thread 0x00000273af2c2990 Thread exited: 0x00000273af2c2990
Event: 1.634 Thread 0x00000273af29c2e0 Thread added: 0x00000273b2da7720
Event: 1.637 Thread 0x00000273b2da7720 Thread added: 0x00000273b2daa6d0
Event: 2.010 Thread 0x0000026f931815e0 Thread added: 0x00000273b0784c70
Event: 2.010 Thread 0x0000026f931815e0 Thread added: 0x00000273b07838c0
Event: 2.010 Thread 0x0000026f931815e0 Thread added: 0x00000273b0783f50
Event: 2.010 Thread 0x0000026f931815e0 Thread added: 0x00000273b0785990
Event: 2.010 Thread 0x0000026f931815e0 Thread added: 0x00000273b07873d0
Event: 2.010 Thread 0x0000026f931815e0 Thread added: 0x00000273b0780440
Event: 2.011 Thread 0x0000026f931815e0 Thread added: 0x00000273b0787a60
Event: 2.011 Thread 0x0000026f931815e0 Thread added: 0x00000273b0780ad0
Event: 2.011 Thread 0x0000026f931815e0 Thread added: 0x00000273a95abd00
Event: 2.011 Thread 0x0000026f931815e0 Thread added: 0x00000273a95aa2c0
Event: 2.011 Thread 0x0000026f931815e0 Thread added: 0x00000273b3ce4b80
Event: 2.011 Thread 0x0000026f931815e0 Thread added: 0x00000273b3ce44f0
Event: 2.011 Thread 0x0000026f931815e0 Thread added: 0x00000273b3ce5210
Event: 2.011 Thread 0x0000026f931815e0 Thread added: 0x00000273b3ce3e60
Event: 2.036 Thread 0x00000273a9291000 Thread added: 0x00000273b2da7df0
Event: 2.067 Thread 0x00000273a921f0a0 Thread added: 0x00000273b2da9930
Event: 2.965 Thread 0x0000026f931815e0 Thread added: 0x00000273b3ce3140
Event: 2.978 Thread 0x0000026f931815e0 Thread added: 0x00000273b3ce58a0
Event: 3.349 Thread 0x0000026f931815e0 Thread added: 0x00000273b3ce37d0
Event: 3.496 Thread 0x00000273b2da9930 Thread exited: 0x00000273b2da9930
Event: 3.497 Thread 0x00000273b2da7df0 Thread exited: 0x00000273b2da7df0
Event: 3.497 Thread 0x00000273b2daa6d0 Thread exited: 0x00000273b2daa6d0
Event: 3.497 Thread 0x00000273b2da7720 Thread exited: 0x00000273b2da7720
Event: 3.497 Thread 0x00000273a9723440 Thread exited: 0x00000273a9723440
Event: 3.497 Thread 0x00000273af29c2e0 Thread exited: 0x00000273af29c2e0
Event: 3.503 Thread 0x0000026f931815e0 Thread added: 0x00000273b3ce65c0
Event: 3.515 Thread 0x00000273a9729090 Thread added: 0x00000273b2daa6d0
Event: 3.520 Thread 0x00000273a9291000 Thread added: 0x00000273b2da7050
Event: 3.520 Thread 0x00000273a960c510 Thread added: 0x00000273b2da7720
Event: 3.680 Thread 0x0000026f931815e0 Thread added: 0x00000273b3ce8690
Event: 4.097 Thread 0x00000273a921f0a0 Thread added: 0x00000273b2da9930
Event: 4.098 Thread 0x00000273b2da7720 Thread added: 0x00000273b2da7df0
Event: 4.098 Thread 0x00000273b2da7720 Thread added: 0x00000273b2da8b90
Event: 4.941 Thread 0x00000273b2da8b90 Thread exited: 0x00000273b2da8b90
Event: 5.312 Thread 0x00000273b2da7df0 Thread exited: 0x00000273b2da7df0
Event: 5.833 Thread 0x00000273aefb04b0 Thread added: 0x00000273fe831e00
Event: 5.834 Thread 0x00000273a92cf8d0 Thread added: 0x00000273fe833940
Event: 5.860 Thread 0x00000273b3ce8690 Thread exited: 0x00000273b3ce8690
Event: 5.863 Thread 0x0000026f931815e0 Thread added: 0x00000273b3ce5f30
Event: 6.040 Thread 0x0000026f931815e0 Thread added: 0x00000273b3ce2ab0
Event: 6.044 Thread 0x0000026f931815e0 Thread added: 0x0000026f820ce950
Event: 6.045 Thread 0x0000026f931815e0 Thread added: 0x0000026f820cf670
Event: 6.193 Thread 0x00000273b0782510 Thread exited: 0x00000273b0782510
Event: 6.306 Thread 0x0000026f820ce950 Thread added: 0x0000026f820cdc30
Event: 6.306 Thread 0x0000026f820cdc30 Thread exited: 0x0000026f820cdc30
Event: 6.325 Thread 0x00000273b0784c70 Thread exited: 0x00000273b0784c70
Event: 6.325 Thread 0x00000273b3ce3e60 Thread exited: 0x00000273b3ce3e60
Event: 6.325 Thread 0x00000273b07873d0 Thread exited: 0x00000273b07873d0
Event: 6.325 Thread 0x00000273b0785990 Thread exited: 0x00000273b0785990
Event: 6.325 Thread 0x00000273b3ce4b80 Thread exited: 0x00000273b3ce4b80
Event: 6.325 Thread 0x00000273b07838c0 Thread exited: 0x00000273b07838c0
Event: 6.325 Thread 0x00000273b0783f50 Thread exited: 0x00000273b0783f50
Event: 6.325 Thread 0x00000273b0780440 Thread exited: 0x00000273b0780440
Event: 6.325 Thread 0x00000273b0787a60 Thread exited: 0x00000273b0787a60
Event: 6.325 Thread 0x00000273a95aa2c0 Thread exited: 0x00000273a95aa2c0
Event: 6.325 Thread 0x00000273b3ce5210 Thread exited: 0x00000273b3ce5210
Event: 6.325 Thread 0x00000273b3ce44f0 Thread exited: 0x00000273b3ce44f0
Event: 6.325 Thread 0x00000273b0780ad0 Thread exited: 0x00000273b0780ad0
Event: 6.325 Thread 0x00000273a95abd00 Thread exited: 0x00000273a95abd00
Event: 6.336 Thread 0x0000026f931815e0 Thread added: 0x0000026f820ccf10
Event: 6.336 Thread 0x0000026f820ccf10 Thread added: 0x0000026f820cdc30
Event: 6.336 Thread 0x0000026f820cdc30 Thread added: 0x0000026f820d0390
Event: 6.336 Thread 0x0000026f820d0390 Thread added: 0x0000026f820cd5a0
Event: 6.336 Thread 0x0000026f820cd5a0 Thread added: 0x0000026f820ce2c0
Event: 6.337 Thread 0x0000026f820ce2c0 Thread added: 0x0000026f820cefe0
Event: 6.337 Thread 0x0000026f820cefe0 Thread added: 0x00000273b0783f50
Event: 6.337 Thread 0x00000273b0783f50 Thread added: 0x00000273b0782510
Event: 6.337 Thread 0x00000273b0782510 Thread added: 0x00000273b0780440
Event: 6.337 Thread 0x00000273b0780440 Thread added: 0x00000273b07838c0
Event: 6.338 Thread 0x00000273b07838c0 Thread added: 0x00000273b0784c70
Event: 6.338 Thread 0x00000273b0784c70 Thread added: 0x00000273b0787a60
Event: 6.338 Thread 0x0000026f820d0390 Thread added: 0x00000273b0785990
Event: 6.370 Thread 0x00000273b3ce2ab0 Thread added: 0x00000273b0780ad0
Event: 6.370 Thread 0x00000273b0780ad0 Thread exited: 0x00000273b0780ad0
Event: 6.455 Thread 0x0000026f820cd5a0 Thread added: 0x00000273b3ce3e60
Event: 6.466 Thread 0x0000026f820cd5a0 Thread added: 0x00000273b3ce44f0
Event: 6.477 Thread 0x00000273b3ce2ab0 Thread added: 0x00000273b3ce4b80
Event: 6.566 Thread 0x00000273b0785990 Thread added: 0x00000273b3ce5210
Event: 6.566 Thread 0x00000273b3ce5210 Thread exited: 0x00000273b3ce5210
Event: 6.665 Thread 0x0000026f820ce950 Thread added: 0x00000273b3ce5210
Event: 6.665 Thread 0x00000273b3ce5210 Thread exited: 0x00000273b3ce5210
Event: 6.726 Thread 0x00000273fe833940 Thread exited: 0x00000273fe833940
Event: 6.881 Thread 0x00000273fe831e00 Thread exited: 0x00000273fe831e00
Event: 6.882 Thread 0x00000273b2da9930 Thread exited: 0x00000273b2da9930
Event: 6.882 Thread 0x00000273b2da7720 Thread exited: 0x00000273b2da7720
Event: 7.197 Thread 0x00000273b2da7050 Thread exited: 0x00000273b2da7050
Event: 7.197 Thread 0x00000273b2daa6d0 Thread exited: 0x00000273b2daa6d0
Event: 7.197 Thread 0x00000273a9729090 Thread exited: 0x00000273a9729090
Event: 7.198 Thread 0x00000273b0785990 Thread added: 0x00000273b3ce5210
Event: 7.198 Thread 0x00000273b3ce5210 Thread exited: 0x00000273b3ce5210
Event: 7.515 Thread 0x00000273a921f0a0 Thread added: 0x00000273fe831e00
Event: 7.529 Thread 0x00000273a9291000 Thread added: 0x00000273fe8324d0
Event: 7.545 Thread 0x00000273a921f0a0 Thread added: 0x00000273fe82e0b0
Event: 7.716 Thread 0x00000273fe82e0b0 Thread exited: 0x00000273fe82e0b0
Event: 7.716 Thread 0x00000273fe8324d0 Thread exited: 0x00000273fe8324d0
Event: 7.742 Thread 0x0000026f820cd5a0 Thread added: 0x00000273a95aa2c0
Event: 7.797 Thread 0x0000026f931815e0 Thread added: 0x00000273a95abd00
Event: 7.810 Thread 0x00000273a92cf8d0 Thread added: 0x00000273fe8324d0
Event: 7.817 Thread 0x00000273fe831e00 Thread added: 0x00000273fe82f520
Event: 7.817 Thread 0x00000273fe831e00 Thread added: 0x00000273fe8302c0
Event: 7.818 Thread 0x00000273fe8302c0 Thread added: 0x00000273fe833940
Event: 7.818 Thread 0x00000273fe8302c0 Thread added: 0x00000273fe830990
Event: 7.818 Thread 0x00000273fe8302c0 Thread added: 0x00000273fe831060
Event: 7.928 Thread 0x00000273a95abd00 Thread added: 0x00000273fc265370
Event: 7.928 Thread 0x00000273a95abd00 Thread added: 0x00000273fc262c10
Event: 8.024 Thread 0x0000026f931815e0 Thread added: 0x00000273fc266090
Event: 8.070 Thread 0x00000273fe831060 Thread exited: 0x00000273fe831060
Event: 8.179 Thread 0x00000273fe830990 Thread exited: 0x00000273fe830990
Event: 8.307 Thread 0x0000026f931815e0 Thread added: 0x00000273fc261860
Event: 8.427 Thread 0x00000273fc261860 Thread added: 0x00000273fc25fe20
Event: 8.427 Thread 0x00000273fc261860 Thread added: 0x00000273fc265a00
Event: 8.427 Thread 0x00000273fc25fe20 Thread added: 0x00000273fc261ef0
Event: 8.428 Thread 0x00000273fc261860 Thread added: 0x00000273fc25f100
Event: 8.429 Thread 0x00000273fc265a00 Thread added: 0x00000273fc262580
Event: 8.429 Thread 0x00000273fc262580 Thread added: 0x00000273fc2611d0
Event: 8.429 Thread 0x00000273fc2611d0 Thread added: 0x00000273fc263fc0
Event: 8.430 Thread 0x00000273fc263fc0 Thread added: 0x00000273fc2632a0
Event: 8.430 Thread 0x00000273fc2632a0 Thread added: 0x00000273fc263930
Event: 8.430 Thread 0x00000273fc263930 Thread added: 0x00000273fc264650
Event: 8.435 Thread 0x00000273fc261860 Thread added: 0x00000273fc264ce0
Event: 8.436 Thread 0x00000273fc264ce0 Thread added: 0x00000273fc266720
Event: 8.436 Thread 0x00000273fc266720 Thread added: 0x00000273fc25f790
Event: 8.436 Thread 0x00000273fc25f790 Thread added: 0x00000273fc2604b0
Event: 8.437 Thread 0x0000026f931815e0 Thread added: 0x00000273fc260b40
Event: 8.444 Thread 0x00000273a960c510 Thread added: 0x00000273fe832ba0
Event: 8.445 Thread 0x00000273a960c510 Thread added: 0x00000273fe834010
Event: 8.469 Thread 0x00000273fc25f100 Thread added: 0x00000273b254f870
Event: 8.559 Thread 0x00000273b254f870 Thread added: 0x00000273b2551940
Event: 8.574 Thread 0x00000273b254f870 Thread added: 0x00000273b2550c20
Event: 8.687 Thread 0x0000026f931815e0 Thread added: 0x00000273b254b6d0
Event: 8.824 Thread 0x00000273fc25f100 Thread exited: 0x00000273fc25f100
Event: 8.887 Thread 0x0000026f931815e0 Thread added: 0x00000273b254d110
Event: 8.901 Thread 0x0000026f931815e0 Thread added: 0x00000273b254eb50
Event: 9.537 Thread 0x0000026f931815e0 Thread added: 0x00000273b254d7a0
Event: 9.538 Thread 0x0000026f931815e0 Thread added: 0x00000273b254de30
Event: 9.549 Thread 0x0000026f931815e0 Thread added: 0x00000273b254f1e0
Event: 9.690 Thread 0x0000026f931815e0 Thread added: 0x00000273fc25f100
Event: 9.694 Thread 0x00000273fc25f100 Thread exited: 0x00000273fc25f100
Event: 9.705 Thread 0x0000026f931815e0 Thread added: 0x00000273fc25f100
Event: 9.706 Thread 0x00000273fc25f100 Thread exited: 0x00000273fc25f100
Event: 9.706 Thread 0x0000026f931815e0 Thread added: 0x00000273fc25f100
Event: 9.706 Thread 0x00000273fc25f100 Thread exited: 0x00000273fc25f100
Event: 9.831 Thread 0x00000273fe834010 Thread exited: 0x00000273fe834010
Event: 10.101 Thread 0x0000026f931815e0 Thread added: 0x00000273fc25f100
Event: 10.101 Thread 0x0000026f931815e0 Thread added: 0x0000026f820cfd00
Event: 10.101 Thread 0x0000026f931815e0 Thread added: 0x0000026f8c88a7b0
Event: 10.102 Thread 0x00000273fc25f100 Thread exited: 0x00000273fc25f100
Event: 10.102 Thread 0x0000026f820cfd00 Thread exited: 0x0000026f820cfd00
Event: 10.102 Thread 0x0000026f8c88a7b0 Thread exited: 0x0000026f8c88a7b0
Event: 10.104 Thread 0x0000026f931815e0 Thread added: 0x00000273fc25f100
Event: 10.104 Thread 0x0000026f931815e0 Thread added: 0x0000026f820cfd00
Event: 10.104 Thread 0x0000026f931815e0 Thread added: 0x0000026f8c889a90
Event: 10.104 Thread 0x00000273fc25f100 Thread exited: 0x00000273fc25f100
Event: 10.105 Thread 0x0000026f820cfd00 Thread exited: 0x0000026f820cfd00
Event: 10.105 Thread 0x0000026f931815e0 Thread added: 0x0000026f8c88bb60
Event: 10.105 Thread 0x0000026f8c88bb60 Thread exited: 0x0000026f8c88bb60
Event: 10.105 Thread 0x0000026f8c889a90 Thread exited: 0x0000026f8c889a90
Event: 10.105 Thread 0x0000026f931815e0 Thread added: 0x00000273fc25f100
Event: 10.105 Thread 0x00000273fc25f100 Thread exited: 0x00000273fc25f100
Event: 10.106 Thread 0x0000026f931815e0 Thread added: 0x00000273fc25f100
Event: 10.127 Thread 0x0000026f931815e0 Thread added: 0x0000026f820cfd00
Event: 10.131 Thread 0x0000026f820cfd00 Thread exited: 0x0000026f820cfd00
Event: 10.133 Thread 0x0000026f931815e0 Thread added: 0x0000026f820cfd00
Event: 10.133 Thread 0x0000026f820cfd00 Thread exited: 0x0000026f820cfd00
Event: 10.133 Thread 0x0000026f931815e0 Thread added: 0x0000026f820cfd00
Event: 10.133 Thread 0x0000026f820cfd00 Thread exited: 0x0000026f820cfd00
Event: 10.357 Thread 0x00000273fe832ba0 Thread exited: 0x00000273fe832ba0
Event: 10.403 Thread 0x00000273fe833940 Thread exited: 0x00000273fe833940
Event: 10.419 Thread 0x00000273b254f1e0 Thread added: 0x0000026f820cfd00
Event: 10.419 Thread 0x0000026f820cfd00 Thread exited: 0x0000026f820cfd00
Event: 10.554 Thread 0x0000026f931815e0 Thread added: 0x0000026f8d1df240
Event: 10.687 Thread 0x00000273fe8302c0 Thread exited: 0x00000273fe8302c0
Event: 10.687 Thread 0x00000273fe82f520 Thread exited: 0x00000273fe82f520
Event: 10.704 Thread 0x00000273fe8324d0 Thread exited: 0x00000273fe8324d0
Event: 10.704 Thread 0x00000273fe831e00 Thread exited: 0x00000273fe831e00
Event: 11.089 Thread 0x0000026f931815e0 Thread added: 0x0000026f8d1df8d0
Event: 11.089 Thread 0x0000026f931815e0 Thread added: 0x0000026f8d1e26c0
Event: 11.090 Thread 0x0000026f8d1e26c0 Thread exited: 0x0000026f8d1e26c0
Event: 11.109 Thread 0x0000026f931815e0 Thread added: 0x0000026f8d1e3a70
Event: 11.165 Thread 0x0000026f8d1e3a70 Thread added: 0x0000026f8d1e19a0
Event: 11.165 Thread 0x0000026f8d1e3a70 Thread added: 0x0000026f8d1e4100
Event: 11.165 Thread 0x0000026f8d1e3a70 Thread exited: 0x0000026f8d1e3a70
Event: 11.172 Thread 0x0000026f8d1df8d0 Thread exited: 0x0000026f8d1df8d0
Event: 11.192 Thread 0x0000026f8d1e4100 Thread exited: 0x0000026f8d1e4100
Event: 11.206 Thread 0x0000026f931815e0 Thread added: 0x0000026f8d1de520
Event: 11.208 Thread 0x0000026f8d1de520 Thread added: 0x0000026f8d1debb0
Event: 11.215 Thread 0x00000273a9291000 Thread added: 0x00000273fe831e00
Event: 11.296 Thread 0x0000026f8d1de520 Thread added: 0x0000026f8d1e1310
Event: 11.296 Thread 0x0000026f8d1de520 Thread added: 0x0000026f8d1e2030


Dynamic libraries:
0x00007ff6dc730000 - 0x00007ff6dc745000 	C:\Games\Minecraft\Install\runtime\minecraft-java-exe\windows-x64\minecraft-java-exe\MinecraftJava.exe
0x00007ffdfb650000 - 0x00007ffdfb847000 	C:\Windows\SYSTEM32\ntdll.dll
0x00007ffdfa590000 - 0x00007ffdfa64d000 	C:\Windows\System32\KERNEL32.DLL
0x00007ffdf9190000 - 0x00007ffdf9486000 	C:\Windows\System32\KERNELBASE.dll
0x00007ffdfa800000 - 0x00007ffdfa99e000 	C:\Windows\System32\USER32.dll
0x00007ffdf8d60000 - 0x00007ffdf8d82000 	C:\Windows\System32\win32u.dll
0x00007ffdfa290000 - 0x00007ffdfa2bc000 	C:\Windows\System32\GDI32.dll
0x00007ffdf8ec0000 - 0x00007ffdf8fda000 	C:\Windows\System32\gdi32full.dll
0x00007ffdf8d90000 - 0x00007ffdf8e2d000 	C:\Windows\System32\msvcp_win.dll
0x00007ffdf9090000 - 0x00007ffdf9190000 	C:\Windows\System32\ucrtbase.dll
0x00007ffdd9890000 - 0x00007ffdd9918000 	C:\Windows\SYSTEM32\MSVCP140.dll
0x00007ffdd9930000 - 0x00007ffdd994e000 	C:\Windows\SYSTEM32\VCRUNTIME140.dll
0x00007ffdd9920000 - 0x00007ffdd992b000 	C:\Windows\SYSTEM32\VCRUNTIME140_1.dll
0x00007ffdf9990000 - 0x00007ffdf99c0000 	C:\Windows\System32\IMM32.DLL
0x00007ffdcebc0000 - 0x00007ffdcebd8000 	C:\Games\Minecraft\Install\runtime\java-runtime-delta\windows-x64\java-runtime-delta\bin\jli.dll
0x00007ffddcbb0000 - 0x00007ffddcc60000 	C:\Windows\WinSxS\amd64_microsoft.windows.common-controls_6595b64144ccf1df_5.82.19041.3570_none_793094a72440f60b\COMCTL32.dll
0x00007ffdfaa60000 - 0x00007ffdfab0e000 	C:\Windows\System32\ADVAPI32.dll
0x00007ffdfb210000 - 0x00007ffdfb2ae000 	C:\Windows\System32\msvcrt.dll
0x00007ffdfa2c0000 - 0x00007ffdfa35c000 	C:\Windows\System32\sechost.dll
0x00007ffdfab10000 - 0x00007ffdfac36000 	C:\Windows\System32\RPCRT4.dll
0x00007ffdc7470000 - 0x00007ffdc748d000 	C:\Games\Minecraft\Install\runtime\java-runtime-delta\windows-x64\java-runtime-delta\bin\vcruntime140.dll
0x00007ffdda250000 - 0x00007ffdda25c000 	C:\Games\Minecraft\Install\runtime\java-runtime-delta\windows-x64\java-runtime-delta\bin\vcruntime140_1.dll
0x00007ffda5510000 - 0x00007ffda559d000 	C:\Games\Minecraft\Install\runtime\java-runtime-delta\windows-x64\java-runtime-delta\bin\msvcp140.dll
0x00007ffcd4870000 - 0x00007ffcd5608000 	C:\Games\Minecraft\Install\runtime\java-runtime-delta\windows-x64\java-runtime-delta\bin\server\jvm.dll
0x00007ffdfac50000 - 0x00007ffdfacbb000 	C:\Windows\System32\WS2_32.dll
0x00007ffdf8250000 - 0x00007ffdf829b000 	C:\Windows\SYSTEM32\POWRPROF.dll
0x00007ffdf2580000 - 0x00007ffdf258a000 	C:\Windows\SYSTEM32\VERSION.dll
0x00007ffdea710000 - 0x00007ffdea737000 	C:\Windows\SYSTEM32\WINMM.dll
0x00007ffdf80c0000 - 0x00007ffdf80d2000 	C:\Windows\SYSTEM32\UMPDC.dll
0x00007ffdf6b60000 - 0x00007ffdf6b72000 	C:\Windows\SYSTEM32\kernel.appcore.dll
0x00007ffdd6830000 - 0x00007ffdd683a000 	C:\Games\Minecraft\Install\runtime\java-runtime-delta\windows-x64\java-runtime-delta\bin\jimage.dll
0x00007ffdeefb0000 - 0x00007ffdef194000 	C:\Windows\SYSTEM32\DBGHELP.DLL
0x00007ffdee5b0000 - 0x00007ffdee5e4000 	C:\Windows\SYSTEM32\dbgcore.DLL
0x00007ffdf8e30000 - 0x00007ffdf8eb2000 	C:\Windows\System32\bcryptPrimitives.dll
0x00007ffdd3a40000 - 0x00007ffdd3a4f000 	C:\Games\Minecraft\Install\runtime\java-runtime-delta\windows-x64\java-runtime-delta\bin\instrument.dll
0x00007ffdc6e90000 - 0x00007ffdc6eb0000 	C:\Games\Minecraft\Install\runtime\java-runtime-delta\windows-x64\java-runtime-delta\bin\java.dll
0x00007ffda5d80000 - 0x00007ffda5d98000 	C:\Games\Minecraft\Install\runtime\java-runtime-delta\windows-x64\java-runtime-delta\bin\zip.dll
0x00007ffdf9a70000 - 0x00007ffdfa1b4000 	C:\Windows\System32\SHELL32.dll
0x00007ffdf6d60000 - 0x00007ffdf74fb000 	C:\Windows\SYSTEM32\windows.storage.dll
0x00007ffdfb2b0000 - 0x00007ffdfb604000 	C:\Windows\System32\combase.dll
0x00007ffdf86e0000 - 0x00007ffdf870d000 	C:\Windows\SYSTEM32\Wldp.dll
0x00007ffdf9790000 - 0x00007ffdf983d000 	C:\Windows\System32\SHCORE.dll
0x00007ffdfa9a0000 - 0x00007ffdfa9f5000 	C:\Windows\System32\shlwapi.dll
0x00007ffdf8c60000 - 0x00007ffdf8c85000 	C:\Windows\SYSTEM32\profapi.dll
0x00007ffda5430000 - 0x00007ffda5506000 	C:\Games\Minecraft\Install\runtime\java-runtime-delta\windows-x64\java-runtime-delta\bin\jsvml.dll
0x00007ffdcfe80000 - 0x00007ffdcfe90000 	C:\Games\Minecraft\Install\runtime\java-runtime-delta\windows-x64\java-runtime-delta\bin\net.dll
0x00007ffdf1d30000 - 0x00007ffdf1e3a000 	C:\Windows\SYSTEM32\WINHTTP.dll
0x00007ffdf8440000 - 0x00007ffdf84aa000 	C:\Windows\system32\mswsock.dll
0x00007ffda5ca0000 - 0x00007ffda5cb6000 	C:\Games\Minecraft\Install\runtime\java-runtime-delta\windows-x64\java-runtime-delta\bin\nio.dll
0x00007ffdcda60000 - 0x00007ffdcda6a000 	C:\Games\Minecraft\Install\runtime\java-runtime-delta\windows-x64\java-runtime-delta\bin\management.dll
0x00007ffdcc250000 - 0x00007ffdcc25b000 	C:\Games\Minecraft\Install\runtime\java-runtime-delta\windows-x64\java-runtime-delta\bin\management_ext.dll
0x00007ffdf9840000 - 0x00007ffdf9848000 	C:\Windows\System32\PSAPI.DLL
0x00007ffdced00000 - 0x00007ffdced17000 	C:\Windows\system32\napinsp.dll
0x00007ffdcece0000 - 0x00007ffdcecfb000 	C:\Windows\system32\pnrpnsp.dll
0x00007ffdcecc0000 - 0x00007ffdcecd5000 	C:\Windows\system32\wshbth.dll
0x00007ffdf5860000 - 0x00007ffdf587d000 	C:\Windows\system32\NLAapi.dll
0x00007ffdf80e0000 - 0x00007ffdf811b000 	C:\Windows\SYSTEM32\IPHLPAPI.DLL
0x00007ffdf8130000 - 0x00007ffdf81fa000 	C:\Windows\SYSTEM32\DNSAPI.dll
0x00007ffdfac40000 - 0x00007ffdfac48000 	C:\Windows\System32\NSI.dll
0x00007ffdceca0000 - 0x00007ffdcecb2000 	C:\Windows\System32\winrnr.dll
0x00007ffdee860000 - 0x00007ffdee86a000 	C:\Windows\System32\rasadhlp.dll
0x00007ffdee5f0000 - 0x00007ffdee672000 	C:\Windows\System32\fwpuclnt.dll
0x00007ffdf8d30000 - 0x00007ffdf8d57000 	C:\Windows\System32\bcrypt.dll
0x00007ffdc6800000 - 0x00007ffdc6810000 	C:\Games\Minecraft\Install\runtime\java-runtime-delta\windows-x64\java-runtime-delta\bin\verify.dll
0x00007ffdf8640000 - 0x00007ffdf8658000 	C:\Windows\SYSTEM32\CRYPTSP.dll
0x00007ffdf7ce0000 - 0x00007ffdf7d14000 	C:\Windows\system32\rsaenh.dll
0x00007ffdf8be0000 - 0x00007ffdf8c0e000 	C:\Windows\SYSTEM32\USERENV.dll
0x00007ffdf8630000 - 0x00007ffdf863c000 	C:\Windows\SYSTEM32\CRYPTBASE.dll
0x00007ffda53b0000 - 0x00007ffda542b000 	C:\Games\Minecraft\Install\versions\neoforge-21.1.233\neoforge-21.1.233-natives-37346820841500\lwjgl.dll
0x00007ffda5140000 - 0x00007ffda53b0000 	C:\Games\Minecraft\Install\versions\neoforge-21.1.233\neoforge-21.1.233-natives-37346820841500\jemalloc.dll
0x00007ffda50b0000 - 0x00007ffda5132000 	C:\Games\Minecraft\Install\versions\neoforge-21.1.233\neoforge-21.1.233-natives-37346820841500\glfw.dll
0x00007ffda4ad0000 - 0x00007ffda4b15000 	C:\Windows\SYSTEM32\dinput8.dll
0x00007ffda9840000 - 0x00007ffda9851000 	C:\Windows\SYSTEM32\xinput1_4.dll
0x00007ffdf9500000 - 0x00007ffdf954e000 	C:\Windows\System32\cfgmgr32.dll
0x00007ffdf8ae0000 - 0x00007ffdf8b13000 	C:\Windows\SYSTEM32\DEVOBJ.dll
0x00007ffdf6a50000 - 0x00007ffdf6a7f000 	C:\Windows\SYSTEM32\dwmapi.dll
0x00007ffdf28d0000 - 0x00007ffdf2a22000 	C:\Windows\SYSTEM32\inputhost.dll
0x00007ffdfa1c0000 - 0x00007ffdfa28d000 	C:\Windows\System32\OLEAUT32.dll
0x00007ffdf5700000 - 0x00007ffdf5855000 	C:\Windows\SYSTEM32\wintypes.dll
0x00007ffdf62a0000 - 0x00007ffdf6392000 	C:\Windows\SYSTEM32\CoreMessaging.dll
0x00007ffdf43d0000 - 0x00007ffdf44c6000 	C:\Windows\SYSTEM32\PROPSYS.dll
0x00007ffdf5f40000 - 0x00007ffdf629b000 	C:\Windows\SYSTEM32\CoreUIComponents.dll
0x00007ffdf7e20000 - 0x00007ffdf7e53000 	C:\Windows\SYSTEM32\ntmarta.dll
0x00007ffdf65f0000 - 0x00007ffdf668e000 	C:\Windows\system32\uxtheme.dll
0x00007ffdfa6e0000 - 0x00007ffdfa7f4000 	C:\Windows\System32\MSCTF.dll
0x00007ffdced20000 - 0x00007ffdcee45000 	C:\Windows\SYSTEM32\opengl32.dll
0x00007ffdcec30000 - 0x00007ffdcec5c000 	C:\Windows\SYSTEM32\GLU32.dll
0x00007ffdf99c0000 - 0x00007ffdf9a69000 	C:\Windows\System32\clbcatq.dll
0x00007ffd63430000 - 0x00007ffd662b5000 	C:\Windows\System32\DriverStore\FileRepository\nv_dispi.inf_amd64_6f3cfb7117944855\nvoglv64.dll
0x00007ffdfada0000 - 0x00007ffdfb20e000 	C:\Windows\System32\SETUPAPI.dll
0x00007ffdf9860000 - 0x00007ffdf998b000 	C:\Windows\System32\ole32.dll
0x00007ffdf4620000 - 0x00007ffdf4634000 	C:\Windows\SYSTEM32\WTSAPI32.dll
0x00007ffdf8870000 - 0x00007ffdf8882000 	C:\Windows\SYSTEM32\msasn1.dll
0x00007ffdf0200000 - 0x00007ffdf0231000 	C:\Windows\SYSTEM32\cryptnet.dll
0x00007ffdf9550000 - 0x00007ffdf96ad000 	C:\Windows\System32\CRYPT32.dll
0x00007ffdef4b0000 - 0x00007ffdef5f8000 	C:\Windows\SYSTEM32\drvstore.dll
0x00007ffdf9490000 - 0x00007ffdf94f7000 	C:\Windows\System32\WINTRUST.dll
0x00007ffdfa360000 - 0x00007ffdfa37d000 	C:\Windows\System32\imagehlp.dll
0x00007ffde42f0000 - 0x00007ffdea0fd000 	C:\Windows\System32\DriverStore\FileRepository\nv_dispi.inf_amd64_6f3cfb7117944855\nvgpucomp64.dll
0x00007ffdebff0000 - 0x00007ffdec02b000 	C:\Windows\SYSTEM32\dxcore.dll
0x00007ffdf7970000 - 0x00007ffdf79cb000 	C:\Windows\SYSTEM32\WINSTA.dll
0x00007ffdf2a30000 - 0x00007ffdf2b2a000 	C:\Windows\SYSTEM32\textinputframework.dll
0x00007ffda4d50000 - 0x00007ffda4dae000 	C:\Games\Minecraft\Install\versions\neoforge-21.1.233\neoforge-21.1.233-natives-37346820841500\lwjgl_opengl.dll
0x00007ffda5c50000 - 0x00007ffda5c95000 	C:\Games\Minecraft\Install\versions\neoforge-21.1.233\neoforge-21.1.233-natives-37346820841500\jna15226825816918695383.dll
0x00007ffda4470000 - 0x00007ffda450c000 	C:\Users\Max\AppData\Local\Temp\discord-rpc\discord-rpc.dll
0x00007ffda4d00000 - 0x00007ffda4d45000 	C:\Games\Minecraft\Install\versions\neoforge-21.1.233\neoforge-21.1.233-natives-37346820841500\jna16936258847861840448.dll
0x00007ffde3100000 - 0x00007ffde311f000 	C:\Windows\SYSTEM32\amsi.dll
0x00007ffdeb930000 - 0x00007ffdeb979000 	C:\Windows\SYSTEM32\Pdh.dll
0x00007ffdf3be0000 - 0x00007ffdf3bef000 	C:\Windows\System32\perfos.dll
0x00007ffdc5f10000 - 0x00007ffdc5f1e000 	C:\Games\Minecraft\Install\runtime\java-runtime-delta\windows-x64\java-runtime-delta\bin\sunmscapi.dll
0x00007ffdf8750000 - 0x00007ffdf8777000 	C:\Windows\SYSTEM32\ncrypt.dll
0x00007ffdf8710000 - 0x00007ffdf874b000 	C:\Windows\SYSTEM32\NTASN1.dll
0x00007ffda50a0000 - 0x00007ffda50a9000 	C:\Games\Minecraft\Install\runtime\java-runtime-delta\windows-x64\java-runtime-delta\bin\extnet.dll
0x00007ffda43e0000 - 0x00007ffda4462000 	C:\Games\Minecraft\Install\versions\neoforge-21.1.233\neoforge-21.1.233-natives-37346820841500\lwjgl_stb.dll
0x00007ffdeee70000 - 0x00007ffdeef1e000 	C:\Windows\SYSTEM32\mscms.dll
0x00007ffdeee50000 - 0x00007ffdeee61000 	C:\Windows\SYSTEM32\ColorAdapterClient.dll
0x00007ffda4390000 - 0x00007ffda43d3000 	C:\Windows\SYSTEM32\icm32.dll
0x00007ffd6c030000 - 0x00007ffd6c1be000 	C:\Games\Minecraft\Install\runtime\java-runtime-delta\windows-x64\java-runtime-delta\bin\awt.dll
0x00007ffdf8a30000 - 0x00007ffdf8ac0000 	C:\Windows\SYSTEM32\apphelp.dll
0x0000026f81390000 - 0x0000026f81393000 	C:\Program Files (x86)\Windows Kits\10\Redist\ucrt\DLLs\x64\api-ms-win-crt-locale-l1-1-0.dll
0x0000026f813a0000 - 0x0000026f813a4000 	C:\Program Files (x86)\Windows Kits\10\Redist\ucrt\DLLs\x64\api-ms-win-crt-string-l1-1-0.dll
0x0000026f813b0000 - 0x0000026f813b4000 	C:\Program Files (x86)\Windows Kits\10\Redist\ucrt\DLLs\x64\api-ms-win-crt-stdio-l1-1-0.dll
0x0000026f813c0000 - 0x0000026f813c5000 	C:\Program Files (x86)\Windows Kits\10\Redist\ucrt\DLLs\x64\api-ms-win-crt-math-l1-1-0.dll
0x0000026f813d0000 - 0x0000026f813d3000 	C:\Program Files (x86)\Windows Kits\10\Redist\ucrt\DLLs\x64\api-ms-win-crt-heap-l1-1-0.dll
0x0000026f813e0000 - 0x0000026f813e4000 	C:\Program Files (x86)\Windows Kits\10\Redist\ucrt\DLLs\x64\api-ms-win-crt-runtime-l1-1-0.dll
0x0000026f813f0000 - 0x0000026f813f4000 	C:\Program Files (x86)\Windows Kits\10\Redist\ucrt\DLLs\x64\api-ms-win-crt-convert-l1-1-0.dll
0x0000026f81400000 - 0x0000026f81403000 	C:\Program Files (x86)\Windows Kits\10\Redist\ucrt\DLLs\x64\api-ms-win-crt-environment-l1-1-0.dll
0x0000026f81410000 - 0x0000026f81413000 	C:\Program Files (x86)\Windows Kits\10\Redist\ucrt\DLLs\x64\api-ms-win-crt-time-l1-1-0.dll

dbghelp: loaded successfully - version: 4.0.5 - missing functions: none
symbol engine: initialized successfully - sym options: 0x614 - pdb path: .;C:\Games\Minecraft\Install\runtime\minecraft-java-exe\windows-x64\minecraft-java-exe;C:\Windows\SYSTEM32;C:\Games\Minecraft\Install\runtime\java-runtime-delta\windows-x64\java-runtime-delta\bin;C:\Windows\WinSxS\amd64_microsoft.windows.common-controls_6595b64144ccf1df_5.82.19041.3570_none_793094a72440f60b;C:\Games\Minecraft\Install\runtime\java-runtime-delta\windows-x64\java-runtime-delta\bin\server;C:\Games\Minecraft\Install\versions\neoforge-21.1.233\neoforge-21.1.233-natives-37346820841500;C:\Windows\System32\DriverStore\FileRepository\nv_dispi.inf_amd64_6f3cfb7117944855;C:\Users\Max\AppData\Local\Temp\discord-rpc;C:\Program Files (x86)\Windows Kits\10\Redist\ucrt\DLLs\x64;C:\Users\Max\AppData\Local\Temp\watermedia\ffmpeg;C:\Windows\System32\Speech\Common

VM Arguments:
jvm_args: -Xmx16384m -Xms256m -Dminecraft.applet.TargetDirectory=C:\Games\Minecraft\Instances\Stonebound Eternal -Dfml.ignorePatchDiscrepancies=true -Dfml.ignoreInvalidMinecraftCertificates=true -Duser.language=en -Duser.country=US -DCFInstanceId=436d1a4b-4610-43de-92dd-87d69206f010 -DlibraryDirectory=C:\Games\Minecraft\Install\libraries -XX:+UseZGC -XX:+ZGenerational -XX:+AlwaysPreTouch -XX:+DisableExplicitGC -XX:+ParallelRefProcEnabled -javaagent:C:\Games\Minecraft\Install\sklauncher-fx.jar -DMcEmu=net.minecraft.client.main.Main -Dlog4j2.formatMsgNoLookups=true -Djava.rmi.server.useCodebaseOnly=true -Dcom.sun.jndi.rmi.object.trustURLCodebase=false -Dcom.sun.jndi.cosnaming.object.trustURLCodebase=false -Dsklauncher.discordrpc=true -Dsklauncher.gametype=neoforge -Dsklauncher.minecraft=1.21.1 -Dsklauncher.dns=true -XX:HeapDumpPath=MojangTricksIntelDriversForPerformance_javaw.exe_minecraft.exe.heapdump -Djava.library.path=C:\Games\Minecraft\Install\versions\neoforge-21.1.233\neoforge-21.1.233-natives-37346820841500 -Djna.tmpdir=C:\Games\Minecraft\Install\versions\neoforge-21.1.233\neoforge-21.1.233-natives-37346820841500 -Dorg.lwjgl.system.SharedLibraryExtractPath=C:\Games\Minecraft\Install\versions\neoforge-21.1.233\neoforge-21.1.233-natives-37346820841500 -Dio.netty.native.workdir=C:\Games\Minecraft\Install\versions\neoforge-21.1.233\neoforge-21.1.233-natives-37346820841500 -Dminecraft.launcher.brand=java-minecraft-launcher -Dminecraft.launcher.version=1.6.93 -Djava.net.preferIPv6Addresses=system -DignoreList=client-extra,neoforge-21.1.233.jar -DlibraryDirectory=C:\Games\Minecraft\Install\libraries --module-path=C:\Games\Minecraft\Install\libraries/cpw/mods/bootstraplauncher/2.0.2/bootstraplauncher-2.0.2.jar;C:\Games\Minecraft\Install\libraries/cpw/mods/securejarhandler/3.0.8/securejarhandler-3.0.8.jar;C:\Games\Minecraft\Install\libraries/org/ow2/asm/asm-commons/9.8/asm-commons-9.8.jar;C:\Games\Minecraft\Install\libraries/org/ow2/asm/asm-util/9.8/asm-util-9.8.jar;C:\Games\Minecraft\Install\libraries/org/ow2/asm/asm-analysis/9.8/asm-analysis-9.8.jar;C:\Games\Minecraft\Install\libraries/org/ow2/asm/asm-tree/9.8/asm-tree-9.8.jar;C:\Games\Minecraft\Install\libraries/org/ow2/asm/asm/9.8/asm-9.8.jar;C:\Games\Minecraft\Install\libraries/net/neoforged/JarJarFileSystems/0.4.1/JarJarFileSystems-0.4.1.jar --add-modules=ALL-MODULE-PATH --add-opens=java.base/java.util.jar=cpw.mods.securejarhandler --add-opens=java.base/java.lang.invoke=cpw.mods.securejarhandler --add-exports=java.base/sun.security.util=cpw.mods.securejarhandler --add-exports=jdk.naming.dns/com.sun.jndi.dns=java.naming 
java_command: cpw.mods.bootstraplauncher.BootstrapLauncher --username DedMaxim99 --version neoforge-21.1.233 --gameDir C:\Games\Minecraft\Instances\Stonebound Eternal --assetsDir C:\Games\Minecraft\Install\assets --assetIndex 17 --uuid fd7cca6a716d46b68ea6ecf8dbf25f08 --accessToken eyJraWQiOiIwNDkxODEiLCJhbGciOiJSUzI1NiJ9.eyJ4dWlkIjoiMjUzNTQ3MzYwMDI5NTY5MSIsImFnZyI6IkFkdWx0Iiwic3ViIjoiZDBkYmM1NWUtNDg1ZS00ZDg1LWIwMmMtZjA3YWE3ZjU0NTQ1IiwiYXV0aCI6IlhCT1giLCJucyI6ImRlZmF1bHQiLCJyb2xlcyI6W10sImlzcyI6ImF1dGhlbnRpY2F0aW9uIiwiZmxhZ3MiOlsibXVsdGlwbGF5ZXIiXSwicHJvZmlsZXMiOnsibWMiOiJmZDdjY2E2YS03MTZkLTQ2YjYtOGVhNi1lY2Y4ZGJmMjVmMDgifSwicG1pZCI6IjJhNmRmMDRlLTBlNDktNTM1ZC1hNDZiLWU1NDMzMGU3MTNlZSIsInBsYXRmb3JtIjoiUENfTEFVTkNIRVIiLCJ0aWQiOiJFOTlCMCIsInBmZCI6W3sidHlwZSI6Im1jIiwiaWQiOiJmZDdjY2E2YS03MTZkLTQ2YjYtOGVhNi1lY2Y4ZGJmMjVmMDgiLCJuYW1lIjoiRGVkTWF4aW05OSJ9XSwieGlkIjoiMjUzNTQ3MzYwMDI5NTY5MSIsIm5iZiI6MTc4MzAyNTUxNCwiZXhwIjoxNzgzMTExOTE0LCJpYXQiOjE3ODMwMjU1MTQsImFpZCI6IjkwN2EyNDhkLTNlYjUtNGQwMS05OWQyLWZmNzJkNzljNWViMSJ9.ffhyUBfRnN8X8C1JV6DS48woPqqkveDIdqKo6AejjtTzX3XD2bkrXlfZ6_T5UISAGONYZ3oCu14R2AmH6T4O-4W0qLKEpEmFZGSBQuOQUSwiyHiE7kllCGq51hda7ZY0SukgsU6ZAcN8gEBtbQ_Qa2tCVh3ubWL3TKRz5g5QS94xQkStcy7P6VfJktZB82bLu_nsRnb1eIB6VlBfQ5MAOcUP7uHdZ_xnL3znifV3z3HRe8_Sa8wxO9zMDTMaUimHgRHwAlGW863flqfbwiUkg48zpO-2-taknUvJDB5ROwRx-p_I08qVkBVNZ8oAbe_yr77ssEPunvYRdpA1hYqbVA --clientId 0 --xuid 0 --userType msa --versionType release --width 1024 --height 768 --fml.neoForgeVersion 21.1.233 --fml.fmlVersion 4.0.42 --fml.mcVersion 1.21.1 --fml.neoFormVersion 20240808.144430 --launchTarget forgeclient
java_class_path (initial): C:\Games\Minecraft\Install\libraries\net\neoforged\fancymodloader\earlydisplay\4.0.42\earlydisplay-4.0.42.jar;C:\Games\Minecraft\Install\libraries\net\neoforged\fancymodloader\loader\4.0.42\loader-4.0.42.jar;C:\Games\Minecraft\Install\libraries\net\neoforged\accesstransformers\at-modlauncher\10.0.1\at-modlauncher-10.0.1.jar;C:\Games\Minecraft\Install\libraries\net\neoforged\accesstransformers\10.0.1\accesstransformers-10.0.1.jar;C:\Games\Minecraft\Install\libraries\net\neoforged\bus\8.0.5\bus-8.0.5.jar;C:\Games\Minecraft\Install\libraries\net\neoforged\coremods\7.0.3\coremods-7.0.3.jar;C:\Games\Minecraft\Install\libraries\cpw\mods\modlauncher\11.0.5\modlauncher-11.0.5.jar;C:\Games\Minecraft\Install\libraries\net\neoforged\mergetool\2.0.0\mergetool-2.0.0-api.jar;C:\Games\Minecraft\Install\libraries\com\electronwill\night-config\toml\3.8.3\toml-3.8.3.jar;C:\Games\Minecraft\Install\libraries\com\electronwill\night-config\core\3.8.3\core-3.8.3.jar;C:\Games\Minecraft\Install\libraries\net\neoforged\JarJarSelector\0.4.1\JarJarSelector-0.4.1.jar;C:\Games\Minecraft\Install\libraries\net\neoforged\JarJarMetadata\0.4.1\JarJarMetadata-0.4.1.jar;C:\Games\Minecraft\Install\libraries\org\apache\maven\maven-artifact\3.8.5\maven-artifact-3.8.5.jar;C:\Games\Minecraft\Install\libraries\net\jodah\typetools\0.6.3\typetools-0.6.3.jar;C:\Games\Minecraft\Install\libraries\net\minecrell\terminalconsoleappender\1.3.0\terminalconsoleappender-1.3.0.jar;C:\Games\Minecraft\Install\libraries\net\fabricmc\sponge-mixin\0.15.2+mixin.0.8.7\sponge-mixin-0.15.2+mixin.0.8.7.jar;C:\Games\Minecraft\Install\libraries\org\openjdk\nashorn\nashorn-core\15.4\nashorn-core-15.4.jar;C:\Games\Minecraft\Install\libraries\org\apache\commons\commons-lang3\3.14.0\commons-lang3-3.14.0.jar;C:\Games\Minecraft\Install\libraries\cpw\mods\bootstraplauncher\2.0.2\bootstraplauncher-2.0.2.jar;C:\Games\Minecraft\Install\libraries\cpw\mods\securejarhandler\3.0.8\securejarhandler-3.0.8.jar;C:\Games\Minecraft\Install\libraries\org\ow2\asm\asm-commons\9.8\asm-commons-9.8.jar;C:\Games\Minecraft\Install\libraries\org\ow2\asm\asm-util\9.8\asm-util-9.8.jar;C:\Games\Minecraft\Install\libraries\org\ow2\asm\asm-analysis\9.8\asm-analysis-9.8.jar;C:\Games\Minecraft\Install\libraries\org\ow2\asm\asm-tree\9.8\asm-tree-9.8.jar;C:\Games\Minecraft\Install\libraries\org\ow2\asm\asm\9.8\asm-9.8.jar;C:\Games\Minecraft\Install\libraries\net\neoforged\JarJarFileSystems\0.4.1\JarJarFileSystems-0.4.1.jar;C:\Games\Minecraft\Install\libraries\net\sf\jopt-simple\jopt-simple\5.0.4\jopt-simple-5.0.4.jar;C:\Games\Minecraft\Install\libraries\org\slf4j\slf4j-api\2.0.9\slf4j-api-2.0.9.jar;C:\Games\Minecraft\Install\libraries\org\antlr\antlr4-runtime\4.13.1\antlr4-runtime-4.13.1.jar;C:\Games\Minecraft\Install\libraries\com\mojang\logging\1.2.7\logging-1.2.7.jar;C:\Games\Minecraft\Install\libraries\org\apache\logging\log4j\log4j-slf4j2-impl\2.22.1\log4j-slf4j2-impl-2.22.1.jar;C:\Games\Minecraft\Install\libraries\org\apache\logging\log4j\log4j-core\2.22.1\log4j-core-2.22.1.jar;C:\Games\Minecraft\Install\libraries\org\apache\logging\log4j\log4j-api\2.22.1\log4j-api-2.22.1.jar;C:\Games\Minecraft\Install\libraries\org\jline\jline-reader\3.20.0\jline-reader-3.20.0.jar;C:\Games\Minecraft\Install\libraries\org\jline\jline-terminal\3.20.0\jline-terminal-3.20.0.jar;C:\Games\Minecraft\Install\libraries\commons-io\commons-io\2.15.1\commons-io-2.15.1.jar;C:\Games\Minecraft\Install\libraries\net\minecraftforge\srgutils\0.4.15\srgutils-0.4.15.jar;C:\Games\Minecraft\Install\libraries\com\google\guava\guava\32.1.2-jre\guava-32.1.2-jre.jar;C:\Games\Minecraft\Install\libraries\com\google\guava\failureaccess\1.0.1\failureaccess-1.0.1.jar;C:\Games\Minecraft\Install\libraries\com\google\guava\listenablefuture\9999.0-empty-to-avoid-conflict-with-guava\listenablefuture-9999.0-empty-to-avoid-conflict-with-guava.jar;C:\Games\Minecraft\Install\libraries\com\google\code\findbugs\jsr305\3.0.2\jsr305-3.0.2.jar;C:\Games\Minecraft\Install\libraries\org\checkerframework\checker-qual\3.33.0\checker-qual-3.33.0.jar;C:\Games\Minecraft\Install\libraries\com\google\errorprone\error_prone_annotations\2.18.0\error_prone_annotations-2.18.0.jar;C:\Games\Minecraft\Install\libraries\com\google\j2objc\j2objc-annotations\2.8\j2objc-annotations-2.8.jar;C:\Games\Minecraft\Install\libraries\com\google\code\gson\gson\2.10.1\gson-2.10.1.jar;C:\Games\Minecraft\Install\libraries\org\codehaus\plexus\plexus-utils\3.3.0\plexus-utils-3.3.0.jar;C:\Games\Minecraft\Install\libraries\com\machinezoo\noexception\noexception\1.7.1\noexception-1.7.1.jar;C:\Games\Minecraft\Install\libraries\com\github\oshi\oshi-core\6.4.10\oshi-core-6.4.10.jar;C:\Games\Minecraft\Install\libraries\com\ibm\icu\icu4j\73.2\icu4j-73.2.jar;C:\Games\Minecraft\Install\libraries\com\mojang\authlib\6.0.54\authlib-6.0.54.jar;C:\Games\Minecraft\Install\libraries\com\mojang\blocklist\1.0.10\blocklist-1.0.10.jar;C:\Games\Minecraft\Install\libraries\com\mojang\brigadier\1.3.10\brigadier-1.3.10.jar;C:\Games\Minecraft\Install\libraries\com\mojang\datafixerupper\8.0.16\datafixerupper-8.0.16.jar;C:\Games\Minecraft\Install\libraries\com\mojang\patchy\2.2.10\patchy-2.2.10.jar;C:\Games\Minecraft\Install\libraries\com\mojang\text2speech\1.17.9\text2speech-1.17.9.jar;C:\Games\Minecraft\Install\libraries\commons-codec\commons-codec\1.16.0\commons-codec-1.16.0.jar;C:\Games\Minecraft\Install\libraries\commons-logging\commons-logging\1.2\commons-logging-1.2.jar;C:\Games\Minecraft\Install\libraries\io\netty\netty-buffer\4.1.97.Final\netty-buffer-4.1.97.Final.jar;C:\Games\Minecraft\Install\libraries\io\netty\netty-codec\4.1.97.Final\netty-codec-4.1.97.Final.jar;C:\Games\Minecraft\Install\libraries\io\netty\netty-common\4.1.97.Final\netty-common-4.1.97.Final.jar;C:\Games\Minecraft\Install\libraries\io\netty\netty-handler\4.1.97.Final\netty-handler-4.1.97.Final.jar;C:\Games\Minecraft\Install\libraries\io\netty\netty-resolver\4.1.97.Final\netty-resolver-4.1.97.Final.jar;C:\Games\Minecraft\Install\libraries\io\netty\netty-transport-classes-epoll\4.1.97.Final\netty-transport-classes-epoll-4.1.97.Final.jar;C:\Games\Minecraft\Install\libraries\io\netty\netty-transport-native-unix-common\4.1.97.Final\netty-transport-native-unix-common-4.1.97.Final.jar;C:\Games\Minecraft\Install\libraries\io\netty\netty-transport\4.1.97.Final\netty-transport-4.1.97.Final.jar;C:\Games\Minecraft\Install\libraries\it\unimi\dsi\fastutil\8.5.12\fastutil-8.5.12.jar;C:\Games\Minecraft\Install\libraries\net\java\dev\jna\jna-platform\5.14.0\jna-platform-5.14.0.jar;C:\Games\Minecraft\Install\libraries\net\java\dev\jna\jna\5.14.0\jna-5.14.0.jar;C:\Games\Minecraft\Install\libraries\org\apache\commons\commons-compress\1.26.0\commons-compress-1.26.0.jar;C:\Games\Minecraft\Install\libraries\org\apache\httpcomponents\httpclient\4.5.13\httpclient-4.5.13.jar;C:\Games\Minecraft\Install\libraries\org\apache\httpcomponents\httpcore\4.4.16\httpcore-4.4.16.jar;C:\Games\Minecraft\Install\libraries\org\jcraft\jorbis\0.0.17\jorbis-0.0.17.jar;C:\Games\Minecraft\Install\libraries\org\joml\joml\1.10.5\joml-1.10.5.jar;C:\Games\Minecraft\Install\libraries\org\lwjgl\lwjgl-freetype\3.3.3\lwjgl-freetype-3.3.3.jar;C:\Games\Minecraft\Install\libraries\org\lwjgl\lwjgl-freetype\3.3.3\lwjgl-freetype-3.3.3-natives-windows.jar;C:\Games\Minecraft\Install\libraries\org\lwjgl\lwjgl-freetype\3.3.3\lwjgl-freetype-3.3.3-natives-windows-arm64.jar;C:\Games\Minecraft\Install\libraries\org\lwjgl\lwjgl-freetype\3.3.3\lwjgl-freetype-3.3.3-natives-windows-x86.jar;C:\Games\Minecraft\Install\libraries\org\lwjgl\lwjgl-glfw\3.3.3\lwjgl-glfw-3.3.3.jar;C:\Games\Minecraft\Install\libraries\org\lwjgl\lwjgl-glfw\3.3.3\lwjgl-glfw-3.3.3-natives-windows.jar;C:\Games\Minecraft\Install\libraries\org\lwjgl\lwjgl-glfw\3.3.3\lwjgl-glfw-3.3.3-natives-windows-arm64.jar;C:\Games\Minecraft\Install\libraries\org\lwjgl\lwjgl-glfw\3.3.3\lwjgl-glfw-3.3.3-natives-windows-x86.jar;C:\Games\Minecraft\Install\libraries\org\lwjgl\lwjgl-jemalloc\3.3.3\lwjgl-jemalloc-3.3.3.jar;C:\Games\Minecraft\Install\libraries\org\lwjgl\lwjgl-jemalloc\3.3.3\lwjgl-jemalloc-3.3.3-natives-windows.jar;C:\Games\Minecraft\Install\libraries\org\lwjgl\lwjgl-jemalloc\3.3.3\lwjgl-jemalloc-3.3.3-natives-windows-arm64.jar;C:\Games\Minecraft\Install\libraries\org\lwjgl\lwjgl-jemalloc\3.3.3\lwjgl-jemalloc-3.3.3-natives-windows-x86.jar;C:\Games\Minecraft\Install\libraries\org\lwjgl\lwjgl-openal\3.3.3\lwjgl-openal-3.3.3.jar;C:\Games\Minecraft\Install\libraries\org\lwjgl\lwjgl-openal\3.3.3\lwjgl-openal-3.3.3-natives-windows.jar;C:\Games\Minecraft\Install\libraries\org\lwjgl\lwjgl-openal\3.3.3\lwjgl-openal-3.3.3-natives-windows-arm64.jar;C:\Games\Minecraft\Install\libraries\org\lwjgl\lwjgl-openal\3.3.3\lwjgl-openal-3.3.3-natives-windows-x86.jar;C:\Games\Minecraft\Install\libraries\org\lwjgl\lwjgl-opengl\3.3.3\lwjgl-opengl-3.3.3.jar;C:\Games\Minecraft\Install\libraries\org\lwjgl\lwjgl-opengl\3.3.3\lwjgl-opengl-3.3.3-natives-windows.jar;C:\Games\Minecraft\Install\libraries\org\lwjgl\lwjgl-opengl\3.3.3\lwjgl-opengl-3.3.3-natives-windows-arm64.jar;C:\Games\Minecraft\Install\libraries\org\lwjgl\lwjgl-opengl\3.3.3\lwjgl-opengl-3.3.3-natives-windows-x86.jar;C:\Games\Minecraft\Install\libraries\org\lwjgl\lwjgl-stb\3.3.3\lwjgl-stb-3.3.3.jar;C:\Games\Minecraft\Install\libraries\org\lwjgl\lwjgl-stb\3.3.3\lwjgl-stb-3.3.3-natives-windows.jar;C:\Games\Minecraft\Install\libraries\org\lwjgl\lwjgl-stb\3.3.3\lwjgl-stb-3.3.3-natives-windows-arm64.jar;C:\Games\Minecraft\Install\libraries\org\lwjgl\lwjgl-stb\3.3.3\lwjgl-stb-3.3.3-natives-windows-x86.jar;C:\Games\Minecraft\Install\libraries\org\lwjgl\lwjgl-tinyfd\3.3.3\lwjgl-tinyfd-3.3.3.jar;C:\Games\Minecraft\Install\libraries\org\lwjgl\lwjgl-tinyfd\3.3.3\lwjgl-tinyfd-3.3.3-natives-windows.jar;C:\Games\Minecraft\Install\libraries\org\lwjgl\lwjgl-tinyfd\3.3.3\lwjgl-tinyfd-3.3.3-natives-windows-arm64.jar;C:\Games\Minecraft\Install\libraries\org\lwjgl\lwjgl-tinyfd\3.3.3\lwjgl-tinyfd-3.3.3-natives-windows-x86.jar;C:\Games\Minecraft\Install\libraries\org\lwjgl\lwjgl\3.3.3\lwjgl-3.3.3.jar;C:\Games\Minecraft\Install\libraries\org\lwjgl\lwjgl\3.3.3\lwjgl-3.3.3-natives-windows.jar;C:\Games\Minecraft\Install\libraries\org\lwjgl\lwjgl\3.3.3\lwjgl-3.3.3-natives-windows-arm64.jar;C:\Games\Minecraft\Install\libraries\org\lwjgl\lwjgl\3.3.3\lwjgl-3.3.3-natives-windows-x86.jar;C:\Games\Minecraft\Install\libraries\org\lz4\lz4-java\1.8.0\lz4-java-1.8.0.jar;C:\Games\Minecraft\Install\versions\neoforge-21.1.233\neoforge-21.1.233.jar
Launcher Type: SUN_STANDARD

[Global flags]
     bool AlwaysPreTouch                           = true                                      {product} {command line}
     intx CICompilerCount                          = 12                                        {product} {ergonomic}
     bool DisableExplicitGC                        = true                                      {product} {command line}
    ccstr HeapDumpPath                             = MojangTricksIntelDriversForPerformance_javaw.exe_minecraft.exe.heapdump         {manageable} {command line}
   size_t InitialHeapSize                          = 268435456                                 {product} {command line}
   size_t MaxHeapSize                              = 17179869184                               {product} {command line}
   size_t MinHeapDeltaBytes                        = 2097152                                   {product} {ergonomic}
   size_t MinHeapSize                              = 268435456                                 {product} {command line}
    uintx NonNMethodCodeHeapSize                   = 7602480                                {pd product} {ergonomic}
    uintx NonProfiledCodeHeapSize                  = 122027880                              {pd product} {ergonomic}
     bool ParallelRefProcEnabled                   = true                                      {product} {command line}
    uintx ProfiledCodeHeapSize                     = 122027880                              {pd product} {ergonomic}
    uintx ReservedCodeCacheSize                    = 251658240                              {pd product} {ergonomic}
     bool SegmentedCodeCache                       = true                                      {product} {ergonomic}
   size_t SoftMaxHeapSize                          = 17179869184                            {manageable} {ergonomic}
     bool UseCompressedOops                        = false                          {product lp64_product} {ergonomic}
     bool UseLargePagesIndividualAllocation        = false                                  {pd product} {ergonomic}
     bool UseZGC                                   = true                                      {product} {command line}
     bool ZGenerational                            = true                                      {product} {command line}

Logging:
Log output configuration:
 #0: stdout all=warning uptime,level,tags foldmultilines=false
 #1: stderr all=off uptime,level,tags foldmultilines=false

Environment Variables:
PATH=c:\program files\java\jdk-25\bin;C:\Program Files (x86)\Alias\Maya6.0\bin;C:\Program Files (x86)\VMware\VMware Workstation\bin\;C:\Program Files\Common Files\Oracle\Java\javapath;C:\Windows\system32;C:\Windows;C:\Windows\System32\Wbem;C:\Windows\System32\WindowsPowerShell\v1.0\;C:\Windows\System32\OpenSSH\;C:\Program Files (x86)\NVIDIA Corporation\PhysX\Common;C:\Users\Max\AppData\Local\Microsoft\WindowsApps;C:\Windows\AtlasModules;C:\Windows\AtlasModules\Apps;C:\Windows\AtlasModules\Other;C:\Windows\AtlasModules\Tools;C:\Windows\AtlasModules\Scripts;C:\ProgramData\chocolatey\bin;E:\Program Files\PHP;C:\ProgramData\ComposerSetup\bin;C:\Program Files\Git\cmd;C:\ffmpeg\bin;C:\Program Files\dotnet\;C:\Program Files\Cloudflare\Cloudflare WARP\;C:\Program Files (x86)\ZeroTier\One\;C:\Program Files\cursor\resources\app\bin;C:\Users\Max\AppData\Local\Programs\Python\Python313\Scripts\;C:\Users\Max\AppData\Local\Programs\Python\Python313\;C:\Users\Max\AppData\Local\Programs\Python\Python310\Scripts\;C:\Users\Max\AppData\Local\Programs\Python\Python310\;C:\Users\Max\AppData\Local\Microsoft\WindowsApps;C:\Users\Max\AppData\Local\GitHubDesktop\bin;F:\Program Files\JetBrains\PhpStorm 2022.2\bin;;C:\Users\Max\AppData\Roaming\Composer\vendor\bin;C:\ffmpeg\bin;C:\Program Files\dotnet\;C:\Users\Max\.dotnet\tools
USERNAME=Max
OS=Windows_NT
PROCESSOR_IDENTIFIER=AMD64 Family 25 Model 97 Stepping 2, AuthenticAMD
TMP=C:\Users\Max\AppData\Local\Temp
TEMP=C:\Users\Max\AppData\Local\Temp




Periodic native trim disabled

---------------  S Y S T E M  ---------------

OS:
 Windows 10 , 64 bit Build 19041 (10.0.19041.3570)
OS uptime: 0 days 10:22 hours

CPU: total 16 (initial active 16) (16 cores per cpu, 2 threads per core) family 25 model 97 stepping 2 microcode 0x0, cx8, cmov, fxsr, ht, mmx, 3dnowpref, sse, sse2, sse3, ssse3, sse4a, sse4.1, sse4.2, popcnt, lzcnt, tsc, tscinvbit, avx, avx2, aes, erms, clmul, bmi1, bmi2, adx, avx512f, avx512dq, avx512cd, avx512bw, avx512vl, sha, fma, vzeroupper, avx512_vpopcntdq, avx512_vpclmulqdq, avx512_vaes, avx512_vnni, clflush, clflushopt, avx512_vbmi2, avx512_vbmi, rdtscp, rdpid, fsrm, gfni, avx512_bitalg, f16c, pku, cet_ss, avx512_ifma
Processor Information for the first 16 processors :
  Max Mhz: 4201, Current Mhz: 4201, Mhz Limit: 4201

Memory: 4k page, system-wide physical 31962M (12625M free)
TotalPageFile size 70874M (AvailPageFile size 34415M)
current process WorkingSet (physical memory assigned to process): 4483M, peak: 4483M
current process commit charge ("private bytes"): 1526M, peak: 1527M

vm_info: OpenJDK 64-Bit Server VM (21.0.7+6-LTS) for windows-amd64 JRE (21.0.7+6-LTS), built on 2025-04-09T22:17:25Z by "MicrosoftCorporation" with unknown MS VC++:1939

END.
