#
# A fatal error has been detected by the Java Runtime Environment:
#
#  EXCEPTION_ACCESS_VIOLATION (0xc0000005) at pc=0x00007ffd649e8bc3, pid=26840, tid=25760
#
# JRE version: OpenJDK Runtime Environment Microsoft-11369940 (21.0.7+6) (build 21.0.7+6-LTS)
# Java VM: OpenJDK 64-Bit Server VM Microsoft-11369940 (21.0.7+6-LTS, mixed mode, tiered, compressed class ptrs, z gc, windows-amd64)
# Problematic frame:
# C  [nvoglv64.dll+0x15b8bc3]
#
# No core dump will be written. Minidumps are not enabled by default on client versions of Windows
#
# If you would like to submit a bug report, please visit:
#   https://aka.ms/minecraftjavacrashes
# The crash happened outside the Java Virtual Machine in native code.
# See problematic frame for where to report the bug.
#

---------------  S U M M A R Y ------------

Command Line: -Xmx16384m -Xms256m -Dminecraft.applet.TargetDirectory=C:\Games\Minecraft\Instances\Stonebound Eternal -Dfml.ignorePatchDiscrepancies=true -Dfml.ignoreInvalidMinecraftCertificates=true -Duser.language=en -Duser.country=US -DCFInstanceId=436d1a4b-4610-43de-92dd-87d69206f010 -DlibraryDirectory=C:\Games\Minecraft\Install\libraries -XX:+UseZGC -XX:+ZGenerational -XX:+AlwaysPreTouch -XX:+DisableExplicitGC -XX:+ParallelRefProcEnabled -javaagent:C:\Games\Minecraft\Install\sklauncher-fx.jar -DMcEmu=net.minecraft.client.main.Main -Dlog4j2.formatMsgNoLookups=true -Djava.rmi.server.useCodebaseOnly=true -Dcom.sun.jndi.rmi.object.trustURLCodebase=false -Dcom.sun.jndi.cosnaming.object.trustURLCodebase=false -Dsklauncher.discordrpc=true -Dsklauncher.gametype=neoforge -Dsklauncher.minecraft=1.21.1 -Dsklauncher.dns=true -XX:HeapDumpPath=MojangTricksIntelDriversForPerformance_javaw.exe_minecraft.exe.heapdump -Djava.library.path=C:\Games\Minecraft\Install\versions\neoforge-21.1.233\neoforge-21.1.233-natives-33565572991600 -Djna.tmpdir=C:\Games\Minecraft\Install\versions\neoforge-21.1.233\neoforge-21.1.233-natives-33565572991600 -Dorg.lwjgl.system.SharedLibraryExtractPath=C:\Games\Minecraft\Install\versions\neoforge-21.1.233\neoforge-21.1.233-natives-33565572991600 -Dio.netty.native.workdir=C:\Games\Minecraft\Install\versions\neoforge-21.1.233\neoforge-21.1.233-natives-33565572991600 -Dminecraft.launcher.brand=java-minecraft-launcher -Dminecraft.launcher.version=1.6.93 -Djava.net.preferIPv6Addresses=system -DignoreList=client-extra,neoforge-21.1.233.jar -DlibraryDirectory=C:\Games\Minecraft\Install\libraries --module-path=C:\Games\Minecraft\Install\libraries/cpw/mods/bootstraplauncher/2.0.2/bootstraplauncher-2.0.2.jar;C:\Games\Minecraft\Install\libraries/cpw/mods/securejarhandler/3.0.8/securejarhandler-3.0.8.jar;C:\Games\Minecraft\Install\libraries/org/ow2/asm/asm-commons/9.8/asm-commons-9.8.jar;C:\Games\Minecraft\Install\libraries/org/ow2/asm/asm-util/9.8/asm-util-9.8.jar;C:\Games\Minecraft\Install\libraries/org/ow2/asm/asm-analysis/9.8/asm-analysis-9.8.jar;C:\Games\Minecraft\Install\libraries/org/ow2/asm/asm-tree/9.8/asm-tree-9.8.jar;C:\Games\Minecraft\Install\libraries/org/ow2/asm/asm/9.8/asm-9.8.jar;C:\Games\Minecraft\Install\libraries/net/neoforged/JarJarFileSystems/0.4.1/JarJarFileSystems-0.4.1.jar --add-modules=ALL-MODULE-PATH --add-opens=java.base/java.util.jar=cpw.mods.securejarhandler --add-opens=java.base/java.lang.invoke=cpw.mods.securejarhandler --add-exports=java.base/sun.security.util=cpw.mods.securejarhandler --add-exports=jdk.naming.dns/com.sun.jndi.dns=java.naming cpw.mods.bootstraplauncher.BootstrapLauncher --username DedMaxim99 --version neoforge-21.1.233 --gameDir C:\Games\Minecraft\Instances\Stonebound Eternal --assetsDir C:\Games\Minecraft\Install\assets --assetIndex 17 --uuid fd7cca6a716d46b68ea6ecf8dbf25f08 --accessToken eyJraWQiOiIwNDkxODEiLCJhbGciOiJSUzI1NiJ9.eyJ4dWlkIjoiMjUzNTQ3MzYwMDI5NTY5MSIsImFnZyI6IkFkdWx0Iiwic3ViIjoiZDBkYmM1NWUtNDg1ZS00ZDg1LWIwMmMtZjA3YWE3ZjU0NTQ1IiwiYXV0aCI6IlhCT1giLCJucyI6ImRlZmF1bHQiLCJyb2xlcyI6W10sImlzcyI6ImF1dGhlbnRpY2F0aW9uIiwiZmxhZ3MiOlsibXVsdGlwbGF5ZXIiXSwicHJvZmlsZXMiOnsibWMiOiJmZDdjY2E2YS03MTZkLTQ2YjYtOGVhNi1lY2Y4ZGJmMjVmMDgifSwicG1pZCI6IjdhNmE5YjM4LTJlM2YtNWFlNy1iMzcyLTJjZWNjOTM0MjIyNiIsInBsYXRmb3JtIjoiUENfTEFVTkNIRVIiLCJ0aWQiOiJFOTlCMCIsInBmZCI6W3sidHlwZSI6Im1jIiwiaWQiOiJmZDdjY2E2YS03MTZkLTQ2YjYtOGVhNi1lY2Y4ZGJmMjVmMDgiLCJuYW1lIjoiRGVkTWF4aW05OSJ9XSwieGlkIjoiMjUzNTQ3MzYwMDI5NTY5MSIsIm5iZiI6MTc4MzAyMTQxNiwiZXhwIjoxNzgzMTA3ODE2LCJpYXQiOjE3ODMwMjE0MTYsImFpZCI6IjkwN2EyNDhkLTNlYjUtNGQwMS05OWQyLWZmNzJkNzljNWViMSJ9.Cm7Sy9U1AhfM_4zjr_c7pVtFII1qVDAb8OTyqwDQJWjnXDjT4NKdZmkHacMNa_2XvAYOI7ZpUiUtjtSt3xvJie3pRRBxnHBTYrOyoeEd5-2qycjguDghLKNgvvUeCdizYixB_ZKKpN5x5JeOW2AkO5YJOT44aW23L-Wcgiwd26T3aSm5M_9eGq8Y9n6UH-uN2D9P7D6TS66urAboijmZYX2yXlgRyFxvS1yuZk0oPw0ZZviVZbvuErT8k-EDVjemDo6Sk3NtbOuccf-TeUKCmgmL-wUaD9RjDcVh549jAnY25xkqd0ZAEiLGxlYz8wnvcmcbVeCwVSSoOm1gKJo4lA --clientId 0 --xuid 0 --userType msa --versionType release --width 1024 --height 768 --fml.neoForgeVersion 21.1.233 --fml.fmlVersion 4.0.42 --fml.mcVersion 1.21.1 --fml.neoFormVersion 20240808.144430 --launchTarget forgeclient

Host: AMD Ryzen 7 7800X3D 8-Core Processor           , 16 cores, 31G,  Windows 10 , 64 bit Build 19041 (10.0.19041.3570)
Time: Fri Jul  3 00:50:25 2026 West Asia Standard Time elapsed time: 27.352842 seconds (0d 0h 0m 27s)

---------------  T H R E A D  ---------------

Current thread (0x000001ac3904f3a0):  JavaThread "Render thread"        [_thread_in_native, id=25760, stack(0x000000a164500000,0x000000a164600000) (1024K)]

Stack: [0x000000a164500000,0x000000a164600000],  sp=0x000000a1645fd828,  free space=1014k
Native frames: (J=compiled Java code, j=interpreted, Vv=VM code, C=native code)
C  [nvoglv64.dll+0x15b8bc3]

Java frames: (J=compiled Java code, j=interpreted, Vv=VM code)
J 23223  org.lwjgl.opengl.GL11C.nglDrawElements(IIIJ)V org.lwjgl.opengl@3.3.3+5 (0 bytes) @ 0x000001ac45b7371e [0x000001ac45b736c0+0x000000000000005e]
J 23529 c1 org.lwjgl.opengl.GL11C.glDrawElements(IIIJ)V org.lwjgl.opengl@3.3.3+5 (8 bytes) @ 0x000001ac3ebf1d1c [0x000001ac3ebf1cc0+0x000000000000005c]
J 23528 c1 org.lwjgl.opengl.GL11.glDrawElements(IIIJ)V org.lwjgl.opengl@3.3.3+5 (8 bytes) @ 0x000001ac3ebf199c [0x000001ac3ebf1940+0x000000000000005c]
J 23527 c1 com.mojang.blaze3d.platform.GlStateManager._drawElements(IIIJ)V minecraft@1.21.1 (11 bytes) @ 0x000001ac3ebf2214 [0x000001ac3ebf2080+0x0000000000000194]
J 23611 c1 com.mojang.blaze3d.systems.RenderSystem.drawElements(III)V minecraft@1.21.1 (11 bytes) @ 0x000001ac3ec18d1c [0x000001ac3ec18b80+0x000000000000019c]
J 26880 c1 com.mojang.blaze3d.vertex.VertexBuffer._drawWithShader(Lorg/joml/Matrix4f;Lorg/joml/Matrix4f;Lnet/minecraft/client/renderer/ShaderInstance;)V minecraft@1.21.1 (29 bytes) @ 0x000001ac3f3163e4 [0x000001ac3f316040+0x00000000000003a4]
J 23475 c1 com.mojang.blaze3d.vertex.BufferUploader._drawWithShader(Lcom/mojang/blaze3d/vertex/MeshData;)V minecraft@1.21.1 (19 bytes) @ 0x000001ac3ebdb6dc [0x000001ac3ebda8a0+0x0000000000000e3c]
J 23730 c1 net.minecraft.client.renderer.MultiBufferSource$BufferSource.endBatch(Lnet/minecraft/client/renderer/RenderType;Lcom/mojang/blaze3d/vertex/BufferBuilder;)V minecraft@1.21.1 (67 bytes) @ 0x000001ac3ec55e4c [0x000001ac3ec551e0+0x0000000000000c6c]
J 26881 c2 net.minecraft.client.renderer.MultiBufferSource$BufferSource.endBatch(Lnet/minecraft/client/renderer/RenderType;)V minecraft@1.21.1 (25 bytes) @ 0x000001ac46081624 [0x000001ac460814a0+0x0000000000000184]
J 26899 c2 net.minecraft.client.renderer.MultiBufferSource$BufferSource.endBatch()V minecraft@1.21.1 (47 bytes) @ 0x000001ac46090f6c [0x000001ac46090f20+0x000000000000004c]
J 23717 c1 net.minecraft.client.gui.GuiGraphics.fill(Lnet/minecraft/client/renderer/RenderType;IIIIII)V minecraft@1.21.1 (159 bytes) @ 0x000001ac3ec48924 [0x000001ac3ec47d00+0x0000000000000c24]
J 24708 c1 net.minecraft.client.gui.GuiGraphics.fill(IIIIII)V minecraft@1.21.1 (17 bytes) @ 0x000001ac3ee21324 [0x000001ac3ee211c0+0x0000000000000164]
J 24707 c1 net.minecraft.client.gui.GuiGraphics.fill(IIIII)V minecraft@1.21.1 (13 bytes) @ 0x000001ac3ee20e3c [0x000001ac3ee20d40+0x00000000000000fc]
j  net.minecraft.client.gui.screens.TitleScreen.wrapOperation$dgg000$fancymenu$wrap_renderPanorama_FancyMenu(Lnet/minecraft/client/gui/screens/TitleScreen;Lnet/minecraft/client/gui/GuiGraphics;FLcom/llamalad7/mixinextras/injector/wrapoperation/Operation;)V+49 minecraft@1.21.1
j  net.minecraft.client.gui.screens.TitleScreen.render(Lnet/minecraft/client/gui/GuiGraphics;IIF)V+142 minecraft@1.21.1
j  net.minecraft.client.gui.screens.Screen.mixinextras$bridge$render$149([Ljava/lang/Object;)Ljava/lang/Void;+60 minecraft@1.21.1
j  net.minecraft.client.gui.screens.Screen$$Lambda+0x000000008296ce90.call([Ljava/lang/Object;)Ljava/lang/Object;+1 minecraft@1.21.1
j  net.minecraft.client.gui.screens.Screen.wrapOperation$dfp000$fancymenu$wrap_render_in_renderWithTooltip_FancyMenu(Lnet/minecraft/client/gui/screens/Screen;Lnet/minecraft/client/gui/GuiGraphics;IIFLcom/llamalad7/mixinextras/injector/wrapoperation/Operation;)V+57 minecraft@1.21.1
j  net.minecraft.client.gui.screens.Screen.renderWithTooltip(Lnet/minecraft/client/gui/GuiGraphics;IIF)V+32 minecraft@1.21.1
j  net.minecraft.client.gui.screens.LoadingOverlay.wrapOperation$zok000$drippyloadingscreen$wrap_Screen_render_in_render_Drippy(Lnet/minecraft/client/gui/screens/Screen;Lnet/minecraft/client/gui/GuiGraphics;IIFLcom/llamalad7/mixinextras/injector/wrapoperation/Operation;)V+48 minecraft@1.21.1
j  net.minecraft.client.gui.screens.LoadingOverlay.render(Lnet/minecraft/client/gui/GuiGraphics;IIF)V+164 minecraft@1.21.1
j  net.minecraft.client.renderer.GameRenderer.render(Lnet/minecraft/client/DeltaTracker;Z)V+692 minecraft@1.21.1
J 24837 c1 net.minecraft.client.Minecraft.runTick(Z)V minecraft@1.21.1 (1156 bytes) @ 0x000001ac3ee8e354 [0x000001ac3ee8a6c0+0x0000000000003c94]
j  net.minecraft.client.Minecraft.run()V+107 minecraft@1.21.1
j  net.minecraft.client.main.Main.main([Ljava/lang/String;)V+1619 minecraft@1.21.1
j  java.lang.invoke.LambdaForm$DMH+0x000000008021a400.invokeStatic(Ljava/lang/Object;Ljava/lang/Object;)V+10 java.base@21.0.7
j  java.lang.invoke.LambdaForm$MH+0x00000000805c9800.invoke(Ljava/lang/Object;Ljava/lang/Object;Ljava/lang/Object;)Ljava/lang/Object;+33 java.base@21.0.7
J 1063 c1 jdk.internal.reflect.DirectMethodHandleAccessor.invoke(Ljava/lang/Object;[Ljava/lang/Object;)Ljava/lang/Object; java.base@21.0.7 (92 bytes) @ 0x000001ac3cd3c2dc [0x000001ac3cd3b000+0x00000000000012dc]
J 1062 c1 java.lang.reflect.Method.invoke(Ljava/lang/Object;[Ljava/lang/Object;)Ljava/lang/Object; java.base@21.0.7 (108 bytes) @ 0x000001ac3cd378d4 [0x000001ac3cd373c0+0x0000000000000514]
j  net.neoforged.fml.loading.targets.CommonLaunchHandler.runTarget(Ljava/lang/String;[Ljava/lang/String;Ljava/lang/ModuleLayer;)V+42 fml_loader@4.0.42
j  net.neoforged.fml.loading.targets.CommonLaunchHandler.clientService([Ljava/lang/String;Ljava/lang/ModuleLayer;)V+6 fml_loader@4.0.42
j  net.neoforged.fml.loading.targets.CommonClientLaunchHandler.runService([Ljava/lang/String;Ljava/lang/ModuleLayer;)V+3 fml_loader@4.0.42
j  net.neoforged.fml.loading.targets.CommonLaunchHandler.lambda$launchService$4([Ljava/lang/String;Ljava/lang/ModuleLayer;)V+3 fml_loader@4.0.42
j  net.neoforged.fml.loading.targets.CommonLaunchHandler$$Lambda+0x00000000805c2a70.run()V+12 fml_loader@4.0.42
j  cpw.mods.modlauncher.LaunchServiceHandlerDecorator.launch([Ljava/lang/String;Ljava/lang/ModuleLayer;)V+11 cpw.mods.modlauncher@11.0.5
j  cpw.mods.modlauncher.LaunchServiceHandler.launch(Ljava/lang/String;[Ljava/lang/String;Ljava/lang/ModuleLayer;Lcpw/mods/modlauncher/TransformingClassLoader;Lcpw/mods/modlauncher/LaunchPluginHandler;)V+58 cpw.mods.modlauncher@11.0.5
j  cpw.mods.modlauncher.LaunchServiceHandler.launch(Lcpw/mods/modlauncher/ArgumentHandler;Ljava/lang/ModuleLayer;Lcpw/mods/modlauncher/TransformingClassLoader;Lcpw/mods/modlauncher/LaunchPluginHandler;)V+21 cpw.mods.modlauncher@11.0.5
j  cpw.mods.modlauncher.Launcher.run([Ljava/lang/String;)V+288 cpw.mods.modlauncher@11.0.5
j  cpw.mods.modlauncher.Launcher.main([Ljava/lang/String;)V+123 cpw.mods.modlauncher@11.0.5
j  cpw.mods.modlauncher.BootstrapLaunchConsumer.accept([Ljava/lang/String;)V+1 cpw.mods.modlauncher@11.0.5
j  cpw.mods.modlauncher.BootstrapLaunchConsumer.accept(Ljava/lang/Object;)V+5 cpw.mods.modlauncher@11.0.5
j  cpw.mods.bootstraplauncher.BootstrapLauncher.run(Z[Ljava/lang/String;)V+703 cpw.mods.bootstraplauncher@2.0.2
j  cpw.mods.bootstraplauncher.BootstrapLauncher.main([Ljava/lang/String;)V+2 cpw.mods.bootstraplauncher@2.0.2
v  ~StubRoutines::call_stub 0x000001ac43fc10d9

siginfo: EXCEPTION_ACCESS_VIOLATION (0xc0000005), reading address 0x0000000000000000


Registers:
RAX=0x000001b05de78ec8, RBX=0x000001b05de78eac, RCX=0x000001b05de78ec8, RDX=0x0000000000000000
RSP=0x000000a1645fd828, RBP=0x0000000000000038, RSI=0x0000000000000006, RDI=0x000001b05b4700c0
R8 =0x000000000000000c, R9 =0x00007ffd649e8bc3, R10=0x00007ffd63430000, R11=0x0000000000000006
R12=0x0000000000000004, R13=0x0000000000001403, R14=0x000000000000000c, R15=0x0000000000000000
RIP=0x00007ffd649e8bc3, EFLAGS=0x0000000000010206

XMM[0]=0x0000000000000000 0x000000003b4d4795
XMM[1]=0x3f8000003f800000 0x3f8000003f800000
XMM[2]=0x3f8000003f800000 0x3f8000003f800000
XMM[3]=0x0000000000000000 0x43b3800000000000
XMM[4]=0x0000000000000000 0x0000000000000000
XMM[5]=0x00000000b8d1b717 0x0000000000000000
XMM[6]=0x0000000000000000 0x0000000000000000
XMM[7]=0x0000000000000000 0x0000000000000000
XMM[8]=0x0000000000000000 0x0000000000000000
XMM[9]=0x0000000000000000 0x0000000000000000
XMM[10]=0x0000000000000000 0x00000000bf443718
XMM[11]=0x0000000000000000 0x000000003f338192
XMM[12]=0x0000000000000000 0x00000000bf443718
XMM[13]=0x0000000000000000 0x000000003dc911fa
XMM[14]=0x0000000000000000 0x000000003d803be9
XMM[15]=0x0000000000000000 0x00000000bd0d7da0
  MXCSR=0x00001fa7


Register to memory mapping:

RAX=0x000001b05de78ec8 points into unknown readable memory: 0xffbababaffbababa | ba ba ba ff ba ba ba ff
RBX=0x000001b05de78eac points into unknown readable memory: 06 c0 01 00
RCX=0x000001b05de78ec8 points into unknown readable memory: 0xffbababaffbababa | ba ba ba ff ba ba ba ff
RDX=0x0 is null
RSP=0x000000a1645fd828 is pointing into the stack for thread: 0x000001ac3904f3a0
RBP=0x0000000000000038 is an unknown value
RSI=0x0000000000000006 is an unknown value
RDI=0x000001b05b4700c0 points into unknown readable memory: 0x0000000000000000 | 00 00 00 00 00 00 00 00
R8 =0x000000000000000c is an unknown value
R9 =0x00007ffd649e8bc3 nvoglv64.dll
R10=0x00007ffd63430000 nvoglv64.dll
R11=0x0000000000000006 is an unknown value
R12=0x0000000000000004 is an unknown value
R13=0x0000000000001403 is an unknown value
R14=0x000000000000000c is an unknown value
R15=0x0 is null

Top of Stack: (sp=0x000000a1645fd828)
0x000000a1645fd828:   00007ffd639d64dd 000004029364ac78
0x000000a1645fd838:   000001ac3eb7e914 000004029364ac78
0x000000a1645fd848:   000001ac3f37ecc4 000000a1645fd860
0x000000a1645fd858:   0000040293654ab0 000001b000000002
0x000000a1645fd868:   000001b05cb88f00 0000000000002c00
0x000000a1645fd878:   0000000000000000 000001ac3904f3a0
0x000000a1645fd888:   0000000000000288 0000000000000000
0x000000a1645fd898:   0000000000000000 000001b0bba21ed8
0x000000a1645fd8a8:   000001ac45b737b9 000000a1645fd920
0x000000a1645fd8b8:   00000400ccf1e500 000000a1645fd910
0x000000a1645fd8c8:   0000000000000710 0000000000001403
0x000000a1645fd8d8:   0000000000000000 0000019f2461ee68
0x000000a1645fd8e8:   00000402792d7238 0000000000000000
0x000000a1645fd8f8:   0000000000000000 000000008264acd0
0x000000a1645fd908:   000001ac00000002 00000400e722dfc0
0x000000a1645fd918:   000001ac3f36ec04 000004029364ac78
0x000000a1645fd928:   000001ac3ebf1d1c 0000000000000000
0x000000a1645fd938:   0000000000000000 0000000000000009
0x000000a1645fd948:   000001ac45b6bf28 000000000000000b
0x000000a1645fd958:   0000040275cdfa68 000004014be5ed88
0x000000a1645fd968:   000004014be5ed38 000004029364ac78
0x000000a1645fd978:   000001ac3ebf199c 0000000000000009
0x000000a1645fd988:   000004014be60998 0000040275ce90a8
0x000000a1645fd998:   0000040275ce90e8 000004004d3c0930
0x000000a1645fd9a8:   0000040275ce9450 000004029364ac78
0x000000a1645fd9b8:   000001ac3f3d2d0c 000004029364ac78
0x000000a1645fd9c8:   000001ac3ebf2214 0000000000000000
0x000000a1645fd9d8:   00007ffcd4f3f73f 0000000000000000
0x000000a1645fd9e8:   0000006000000001 0000000000000000
0x000000a1645fd9f8:   000001ac3ebef7d4 00000400ccc8abc0
0x000000a1645fda08:   0000000000000000 00000400ccc86830
0x000000a1645fda18:   00000400dc477df2 000001b0a0a40d80 

Instructions: (pc=0x00007ffd649e8bc3)
0x00007ffd649e8ac3:   cc cc cc 66 66 0f 1f 84 00 00 00 00 00 57 56 48
0x00007ffd649e8ad3:   8b f9 48 8b f2 49 8b c8 f3 a4 5e 5f c3 48 8b c1
0x00007ffd649e8ae3:   4c 8d 15 16 75 a4 fe 49 83 f8 0f 0f 87 0c 01 00
0x00007ffd649e8af3:   00 66 66 66 66 0f 1f 84 00 00 00 00 00 47 8b 8c
0x00007ffd649e8b03:   82 30 1c a4 02 4d 03 ca 41 ff e1 c3 90 4c 8b 02
0x00007ffd649e8b13:   8b 4a 08 44 0f b7 4a 0c 44 0f b6 52 0e 4c 89 00
0x00007ffd649e8b23:   89 48 08 66 44 89 48 0c 44 88 50 0e c3 4c 8b 02
0x00007ffd649e8b33:   0f b7 4a 08 44 0f b6 4a 0a 4c 89 00 66 89 48 08
0x00007ffd649e8b43:   44 88 48 0a c3 0f b7 0a 66 89 08 c3 90 8b 0a 44
0x00007ffd649e8b53:   0f b7 42 04 44 0f b6 4a 06 89 08 66 44 89 40 04
0x00007ffd649e8b63:   44 88 48 06 c3 4c 8b 02 8b 4a 08 44 0f b7 4a 0c
0x00007ffd649e8b73:   4c 89 00 89 48 08 66 44 89 48 0c c3 0f b7 0a 44
0x00007ffd649e8b83:   0f b6 42 02 66 89 08 44 88 40 02 c3 90 4c 8b 02
0x00007ffd649e8b93:   8b 4a 08 44 0f b6 4a 0c 4c 89 00 89 48 08 44 88
0x00007ffd649e8ba3:   48 0c c3 4c 8b 02 0f b7 4a 08 4c 89 00 66 89 48
0x00007ffd649e8bb3:   08 c3 4c 8b 02 0f b6 4a 08 4c 89 00 88 48 08 c3
0x00007ffd649e8bc3:   4c 8b 02 8b 4a 08 4c 89 00 89 48 08 c3 8b 0a 44
0x00007ffd649e8bd3:   0f b7 42 04 89 08 66 44 89 40 04 c3 8b 0a 44 0f
0x00007ffd649e8be3:   b6 42 04 89 08 44 88 40 04 c3 48 8b 0a 48 89 08
0x00007ffd649e8bf3:   c3 0f b6 0a 88 08 c3 8b 0a 89 08 c3 90 49 83 f8
0x00007ffd649e8c03:   20 77 17 f3 0f 6f 0a f3 42 0f 6f 54 02 f0 f3 0f
0x00007ffd649e8c13:   7f 09 f3 42 0f 7f 54 01 f0 c3 4e 8d 0c 02 48 3b
0x00007ffd649e8c23:   ca 4c 0f 46 c9 49 3b c9 0f 82 3f 04 00 00 83 3d
0x00007ffd649e8c33:   d8 19 6c 01 03 0f 82 e2 02 00 00 49 81 f8 00 20
0x00007ffd649e8c43:   00 00 76 16 49 81 f8 00 00 18 00 77 0d f6 05 91
0x00007ffd649e8c53:   72 77 01 02 0f 85 73 fe ff ff c5 fe 6f 02 c4 a1
0x00007ffd649e8c63:   7e 6f 6c 02 e0 49 81 f8 00 01 00 00 0f 86 c3 00
0x00007ffd649e8c73:   00 00 4c 8b c9 49 83 e1 1f 49 83 e9 20 49 2b c9
0x00007ffd649e8c83:   49 2b d1 4d 03 c1 49 81 f8 00 01 00 00 0f 86 a2
0x00007ffd649e8c93:   00 00 00 49 81 f8 00 00 18 00 0f 87 3d 01 00 00
0x00007ffd649e8ca3:   66 66 66 66 66 0f 1f 84 00 00 00 00 00 c5 fe 6f
0x00007ffd649e8cb3:   0a c5 fe 6f 52 20 c5 fe 6f 5a 40 c5 fe 6f 62 60 


Stack slot to memory mapping:

stack at sp + 0 slots: 0x00007ffd639d64dd nvoglv64.dll
stack at sp + 1 slots: 0x000004029364ac78 is a zaddress: net.minecraft.client.renderer.MultiBufferSource$BufferSource 
{0x000004029364ac78} - klass: 'net/minecraft/client/renderer/MultiBufferSource$BufferSource'
 - ---- fields (total size 6 words):
 - public final 'sharedBuffer' 'Lcom/mojang/blaze3d/vertex/ByteBufferBuilder;' @16  a 'com/mojang/blaze3d/vertex/ByteBufferBuilder'{0x0000040293652e08} (0x040293652e088510)
 - public final 'fixedBuffers' 'Ljava/util/SequencedMap;' @24  a 'it/unimi/dsi/fastutil/objects/Object2ObjectLinkedOpenHashMap'{0x0000040293652ac0} (0x040293652ac08510)
 - protected final 'startedBuilders' 'Ljava/util/Map;' @32  a 'java/util/HashMap'{0x0000040293652a80} (0x040293652a808510)
 - protected 'lastSharedType' 'Lnet/minecraft/client/renderer/RenderType;' @40  a 'net/minecraft/client/renderer/RenderType$CompositeRenderType'{0x0000040108a7d1f0} (0x040108a7d1f08510)
stack at sp + 2 slots: 0x000001ac3eb7e914 is at entry_point+1236 in (nmethod*)0x000001ac3eb7e090
Compiled method (c1) 27380 23290       3       com.mojang.blaze3d.shaders.Uniform::uploadAsMatrix (83 bytes)
 total in heap  [0x000001ac3eb7e090,0x000001ac3eb802d0] = 8768
 relocation     [0x000001ac3eb7e1f0,0x000001ac3eb7e438] = 584
 main code      [0x000001ac3eb7e440,0x000001ac3eb7fbd0] = 6032
 stub code      [0x000001ac3eb7fbd0,0x000001ac3eb7fc40] = 112
 oops           [0x000001ac3eb7fc40,0x000001ac3eb7fc50] = 16
 metadata       [0x000001ac3eb7fc50,0x000001ac3eb7fcd0] = 128
 scopes data    [0x000001ac3eb7fcd0,0x000001ac3eb7ff38] = 616
 scopes pcs     [0x000001ac3eb7ff38,0x000001ac3eb80298] = 864
 dependencies   [0x000001ac3eb80298,0x000001ac3eb802c0] = 40
 nul chk table  [0x000001ac3eb802c0,0x000001ac3eb802d0] = 16
stack at sp + 3 slots: 0x000004029364ac78 is a zaddress: net.minecraft.client.renderer.MultiBufferSource$BufferSource 
{0x000004029364ac78} - klass: 'net/minecraft/client/renderer/MultiBufferSource$BufferSource'
 - ---- fields (total size 6 words):
 - public final 'sharedBuffer' 'Lcom/mojang/blaze3d/vertex/ByteBufferBuilder;' @16  a 'com/mojang/blaze3d/vertex/ByteBufferBuilder'{0x0000040293652e08} (0x040293652e088510)
 - public final 'fixedBuffers' 'Ljava/util/SequencedMap;' @24  a 'it/unimi/dsi/fastutil/objects/Object2ObjectLinkedOpenHashMap'{0x0000040293652ac0} (0x040293652ac08510)
 - protected final 'startedBuilders' 'Ljava/util/Map;' @32  a 'java/util/HashMap'{0x0000040293652a80} (0x040293652a808510)
 - protected 'lastSharedType' 'Lnet/minecraft/client/renderer/RenderType;' @40  a 'net/minecraft/client/renderer/RenderType$CompositeRenderType'{0x0000040108a7d1f0} (0x040108a7d1f08510)
stack at sp + 4 slots: 0x000001ac3f37ecc4 is at entry_point+15972 in (nmethod*)0x000001ac3f37a390
Compiled method (c1) 27380 27037       3       net.minecraft.client.renderer.ShaderInstance::setDefaultUniforms (270 bytes)
 total in heap  [0x000001ac3f37a390,0x000001ac3f383498] = 37128
 relocation     [0x000001ac3f37a4f0,0x000001ac3f37ae58] = 2408
 main code      [0x000001ac3f37ae60,0x000001ac3f3810f0] = 25232
 stub code      [0x000001ac3f3810f0,0x000001ac3f3813b0] = 704
 oops           [0x000001ac3f3813b0,0x000001ac3f381418] = 104
 metadata       [0x000001ac3f381418,0x000001ac3f381608] = 496
 scopes data    [0x000001ac3f381608,0x000001ac3f382450] = 3656
 scopes pcs     [0x000001ac3f382450,0x000001ac3f383280] = 3632
 dependencies   [0x000001ac3f383280,0x000001ac3f3832f8] = 120
 nul chk table  [0x000001ac3f3832f8,0x000001ac3f383498] = 416
stack at sp + 5 slots: 0x000000a1645fd860 is pointing into the stack for thread: 0x000001ac3904f3a0
stack at sp + 6 slots: 0x0000040293654ab0 is a zaddress: java.util.LinkedHashMap 
{0x0000040293654ab0} - klass: 'java/util/LinkedHashMap'
 - ---- fields (total size 11 words):
 - transient 'keySet' 'Ljava/util/Set;' @16  null (0x0000000000000000)
 - transient 'values' 'Ljava/util/Collection;' @24  a 'java/util/LinkedHashMap$LinkedValues'{0x0000040293654b08} (0x040293654b088510)
 - transient 'size' 'I' @12  1 (0x00000001)
 - transient 'modCount' 'I' @32  1 (0x00000001)
 - 'threshold' 'I' @36  12 (0x0000000c)
 - final 'loadFactor' 'F' @40  0.750000 (0x3f400000)
 - transient 'table' '[Ljava/util/HashMap$Node;' @48  a 'java/util/HashMap$Node'[16] {0x00000400a4333498} (0x0400a43334988510)
 - transient 'entrySet' 'Ljava/util/Set;' @56  null (0x0000000000000000)
 - transient 'putMode' 'I' @44  0 (0x00000000)
 - final 'accessOrder' 'Z' @64  false (0x00)
 - transient 'head' 'Ljava/util/LinkedHashMap$Entry;' @72  a 'java/util/LinkedHashMap$Entry'{0x0000040293654b20} (0x040293654b208510)
 - transient 'tail' 'Ljava/util/LinkedHashMap$Entry;' @80  a 'java/util/LinkedHashMap$Entry'{0x0000040293654b20} (0x040293654b208510)
stack at sp + 7 slots: 0x000001b000000002 is an unknown value


Compiled method (n/a) 27383 23223     n 0       org.lwjgl.opengl.GL11C::nglDrawElements (native)
 total in heap  [0x000001ac45b73510,0x000001ac45b738e0] = 976
 relocation     [0x000001ac45b73670,0x000001ac45b736a8] = 56
 main code      [0x000001ac45b736c0,0x000001ac45b738d7] = 535
 stub code      [0x000001ac45b738d7,0x000001ac45b738d8] = 1
 oops           [0x000001ac45b738d8,0x000001ac45b738e0] = 8

[Constant Pool (empty)]

[MachCode]
[Entry Point]
  # {method} {0x000001b0510208e0} 'nglDrawElements' '(IIIJ)V' in 'org/lwjgl/opengl/GL11C'
  # parm0:    rdx       = int
  # parm1:    r8        = int
  # parm2:    r9        = int
  # parm3:    rdi:rdi   = long
  #           [sp+0x80]  (sp of caller)
  0x000001ac45b736c0: 448b 5208 | 493b c20f | 840b 0000 

  0x000001ac45b736cc: ;   {runtime_call ic_miss_stub}
  0x000001ac45b736cc: 00e9 aeaf | 49fe 660f | 1f44 0000 
[Verified Entry Point]
  0x000001ac45b736d8: 8984 2400 | 80ff ff55 | 488b ec48 | 83ec 7090 | 4181 7f58 | 1085 0000 

  0x000001ac45b736f0: ;   {runtime_call StubRoutines (final stubs)}
  0x000001ac45b736f0: 7405 e8a9 | bc48 fe48 | 897c 2428 | 4c89 4c24 | 204d 8bc8 

  0x000001ac45b73704: ;   {oop(a 'java/lang/Class'{0x00000400e722dfc0} = 'org/lwjgl/opengl/GL11C')}
  0x000001ac45b73704: 4c8b c249 | bec0 df22 | e700 0400 | 004c 8974 | 2460 4c8d | 7424 6049 | 8bd6 c5f8 

  0x000001ac45b73720: ;   {internal_word}
  0x000001ac45b73720: 7749 ba1e | 37b7 45ac | 0100 004d | 8997 a003 | 0000 4989 | a798 0300 

  0x000001ac45b73738: ;   {external_word}
  0x000001ac45b73738: 0049 ba2f | dc50 d5fc | 7f00 0041 | 803a 000f | 844e 0000 | 0052 4150 

  0x000001ac45b73750: ;   {metadata({method} {0x000001b0510208e0} 'nglDrawElements' '(IIIJ)V' in 'org/lwjgl/opengl/GL11C')}
  0x000001ac45b73750: 4151 48ba | d808 0251 | b001 0000 | 498b cf48 | 83ec 2040 | f6c4 0f0f | 8419 0000 | 0048 83ec 
  0x000001ac45b73770: ;   {runtime_call}
  0x000001ac45b73770: 0848 b830 | bbfa d4fc | 7f00 00ff | d048 83c4 | 08e9 0c00 

  0x000001ac45b73784: ;   {runtime_call}
  0x000001ac45b73784: 0000 48b8 | 30bb fad4 | fc7f 0000 | ffd0 4883 | c420 4159 | 4158 5a49 | 8d8f b803 | 0000 41c7 
  0x000001ac45b737a4: 8744 0400 | 0004 0000 

  0x000001ac45b737ac: ;   {runtime_call}
  0x000001ac45b737ac: 0048 b8e0 | c60b a5fd | 7f00 00ff | d0c5 f877 | 41c7 8744 | 0400 0005 | 0000 00f0 | 8344 24c0 
  0x000001ac45b737cc: 0049 3baf | 4804 0000 | 0f87 0e00 | 0000 4183 | bf40 0400 | 0000 0f84 | 2000 0000 | c5f8 7749 
  0x000001ac45b737ec: 8bcf 4c8b | e448 83ec | 2048 83e4 

  0x000001ac45b737f8: ;   {runtime_call}
  0x000001ac45b737f8: f048 b8f0 | 27c6 d4fc | 7f00 00ff | d049 8be4 | 41c7 8744 | 0400 0008 | 0000 0041 | 83bf c004 
  0x000001ac45b73818: 0000 020f | 8494 0000 

  0x000001ac45b73820: ;   {external_word}
  0x000001ac45b73820: 0049 ba2f | dc50 d5fc | 7f00 0041 | 803a 000f | 8444 0000 

  0x000001ac45b73834: ;   {metadata({method} {0x000001b0510208e0} 'nglDrawElements' '(IIIJ)V' in 'org/lwjgl/opengl/GL11C')}
  0x000001ac45b73834: 0048 bad8 | 0802 51b0 | 0100 0049 | 8bcf 4883 | ec20 40f6 | c40f 0f84 | 1900 0000 | 4883 ec08 
  0x000001ac45b73854: ;   {runtime_call}
  0x000001ac45b73854: 48b8 30bb | fad4 fc7f | 0000 ffd0 | 4883 c408 | e90c 0000 

  0x000001ac45b73868: ;   {runtime_call}
  0x000001ac45b73868: 0048 b830 | bbfa d4fc | 7f00 00ff | d048 83c4 | 2049 c787 | 9803 0000 | 0000 0000 | 49c7 87a0 
  0x000001ac45b73888: 0300 0000 | 0000 00c5 | f877 498b | 8f28 0400 | 00c7 8100 | 0100 0000 | 0000 00c9 | 4983 7f08 
  0x000001ac45b738a8: 000f 8501 | 0000 00c3 

  0x000001ac45b738b0: ;   {runtime_call StubRoutines (initial stubs)}
  0x000001ac45b738b0: e94b d644 | fec5 f877 | 4c8b e448 | 83ec 2048 

  0x000001ac45b738c0: ;   {runtime_call}
  0x000001ac45b738c0: 83e4 f048 | b800 f3fa | d4fc 7f00 | 00ff d049 | 8be4 e94a | ffff fff4 
[/MachCode]


Compiled method (c1) 27387 23529       3       org.lwjgl.opengl.GL11C::glDrawElements (8 bytes)
 total in heap  [0x000001ac3ebf1b10,0x000001ac3ebf1e58] = 840
 relocation     [0x000001ac3ebf1c70,0x000001ac3ebf1cb0] = 64
 main code      [0x000001ac3ebf1cc0,0x000001ac3ebf1d98] = 216
 stub code      [0x000001ac3ebf1d98,0x000001ac3ebf1dd8] = 64
 oops           [0x000001ac3ebf1dd8,0x000001ac3ebf1de0] = 8
 metadata       [0x000001ac3ebf1de0,0x000001ac3ebf1de8] = 8
 scopes data    [0x000001ac3ebf1de8,0x000001ac3ebf1e10] = 40
 scopes pcs     [0x000001ac3ebf1e10,0x000001ac3ebf1e50] = 64
 dependencies   [0x000001ac3ebf1e50,0x000001ac3ebf1e58] = 8

[Constant Pool (empty)]

[MachCode]
[Verified Entry Point]
  # {method} {0x000001b0510209c8} 'glDrawElements' '(IIIJ)V' in 'org/lwjgl/opengl/GL11C'
  # parm0:    rdx       = int
  # parm1:    r8        = int
  # parm2:    r9        = int
  # parm3:    rdi:rdi   = long
  #           [sp+0x50]  (sp of caller)
  0x000001ac3ebf1cc0: 8984 2400 | 80ff ff55 | 4883 ec40 | 4181 7f58 | 1085 0000 

  0x000001ac3ebf1cd4: ;   {runtime_call StubRoutines (final stubs)}
  0x000001ac3ebf1cd4: 7405 e8c5 

  0x000001ac3ebf1cd8: ;   {metadata(method data for {method} {0x000001b0510209c8} 'glDrawElements' '(IIIJ)V' in 'org/lwjgl/opengl/GL11C')}
  0x000001ac3ebf1cd8: d640 0548 | bed8 1ea2 | bbb0 0100 | 008b 9ecc | 0000 0083 | c302 899e | cc00 0000 | 81e3 fe07 
  0x000001ac3ebf1cf8: 0000 85db | 0f84 3500 

  0x000001ac3ebf1d00: ;   {metadata(method data for {method} {0x000001b0510209c8} 'glDrawElements' '(IIIJ)V' in 'org/lwjgl/opengl/GL11C')}
  0x000001ac3ebf1d00: 0000 48be | d81e a2bb | b001 0000 | 4883 8610 | 0100 0001 

  0x000001ac3ebf1d14: ;   {static_call}
  0x000001ac3ebf1d14: 6666 90e8 

  0x000001ac3ebf1d18: ; ImmutableOopMap {}
                      ;*invokestatic nglDrawElements {reexecute=0 rethrow=0 return_oop=0}
                      ; - org.lwjgl.opengl.GL11C::glDrawElements@4 (line 543)
  0x000001ac3ebf1d18: bc19 f806 

  0x000001ac3ebf1d1c: ;   {other}
  0x000001ac3ebf1d1c: 0f1f 8400 | 0c02 0000 | 4883 c440 

  0x000001ac3ebf1d28: ;   {poll_return}
  0x000001ac3ebf1d28: 5d49 3ba7 | 4804 0000 | 0f87 1f00 

  0x000001ac3ebf1d34: ;   {metadata({method} {0x000001b0510209c8} 'glDrawElements' '(IIIJ)V' in 'org/lwjgl/opengl/GL11C')}
  0x000001ac3ebf1d34: 0000 c349 | bac0 0902 | 51b0 0100 | 004c 8954 | 2408 48c7 | 0424 ffff 

  0x000001ac3ebf1d4c: ;   {runtime_call counter_overflow Runtime1 stub}
  0x000001ac3ebf1d4c: ffff e8ad 

  0x000001ac3ebf1d50: ; ImmutableOopMap {}
                      ;*synchronization entry
                      ; - org.lwjgl.opengl.GL11C::glDrawElements@-1 (line 543)
  0x000001ac3ebf1d50: ff4d 05eb 

  0x000001ac3ebf1d54: ;   {internal_word}
  0x000001ac3ebf1d54: ad49 ba29 | 1dbf 3eac | 0100 004d | 8997 6004 

  0x000001ac3ebf1d64: ;   {runtime_call SafepointBlob}
  0x000001ac3ebf1d64: 0000 e915 | 4442 0549 | 8b87 f804 | 0000 49c7 | 87f8 0400 | 0000 0000 | 0049 c787 | 0005 0000 
  0x000001ac3ebf1d84: 0000 0000 | 4883 c440 

  0x000001ac3ebf1d8c: ;   {runtime_call unwind_exception Runtime1 stub}
  0x000001ac3ebf1d8c: 5de9 ee8d | 4d05 f4f4 | f4f4 f4f4 
[Stub Code]
  0x000001ac3ebf1d98: ;   {no_reloc}
  0x000001ac3ebf1d98: 48bb 0000 | 0000 0000 

  0x000001ac3ebf1da0: ;   {runtime_call nmethod}
  0x000001ac3ebf1da0: 0000 e9fb 

  0x000001ac3ebf1da4: ;   {runtime_call handle_exception_from_callee Runtime1 stub}
  0x000001ac3ebf1da4: ffff ffe8 | d4c2 4d05 

  0x000001ac3ebf1dac: ;   {external_word}
  0x000001ac3ebf1dac: 48b9 d0ef | 26d5 fc7f | 0000 4883 

  0x000001ac3ebf1db8: ;   {runtime_call}
  0x000001ac3ebf1db8: e4f0 48b8 | 10ad e9d4 | fc7f 0000 

  0x000001ac3ebf1dc4: ;   {section_word}
  0x000001ac3ebf1dc4: ffd0 f449 | bac7 1dbf | 3eac 0100 

  0x000001ac3ebf1dd0: ;   {runtime_call DeoptimizationBlob}
  0x000001ac3ebf1dd0: 0041 52e9 | 4858 4205 
[/MachCode]


Compiled method (c1) 27389 23528       3       org.lwjgl.opengl.GL11::glDrawElements (8 bytes)
 total in heap  [0x000001ac3ebf1790,0x000001ac3ebf1ad8] = 840
 relocation     [0x000001ac3ebf18f0,0x000001ac3ebf1930] = 64
 main code      [0x000001ac3ebf1940,0x000001ac3ebf1a18] = 216
 stub code      [0x000001ac3ebf1a18,0x000001ac3ebf1a58] = 64
 oops           [0x000001ac3ebf1a58,0x000001ac3ebf1a60] = 8
 metadata       [0x000001ac3ebf1a60,0x000001ac3ebf1a68] = 8
 scopes data    [0x000001ac3ebf1a68,0x000001ac3ebf1a90] = 40
 scopes pcs     [0x000001ac3ebf1a90,0x000001ac3ebf1ad0] = 64
 dependencies   [0x000001ac3ebf1ad0,0x000001ac3ebf1ad8] = 8

[Constant Pool (empty)]

[MachCode]
[Verified Entry Point]
  # {method} {0x000001b050fee870} 'glDrawElements' '(IIIJ)V' in 'org/lwjgl/opengl/GL11'
  # parm0:    rdx       = int
  # parm1:    r8        = int
  # parm2:    r9        = int
  # parm3:    rdi:rdi   = long
  #           [sp+0x50]  (sp of caller)
  0x000001ac3ebf1940: 8984 2400 | 80ff ff55 | 4883 ec40 | 4181 7f58 | 1085 0000 

  0x000001ac3ebf1954: ;   {runtime_call StubRoutines (final stubs)}
  0x000001ac3ebf1954: 7405 e845 

  0x000001ac3ebf1958: ;   {metadata(method data for {method} {0x000001b050fee870} 'glDrawElements' '(IIIJ)V' in 'org/lwjgl/opengl/GL11')}
  0x000001ac3ebf1958: da40 0548 | be58 1da2 | bbb0 0100 | 008b 9ecc | 0000 0083 | c302 899e | cc00 0000 | 81e3 fe07 
  0x000001ac3ebf1978: 0000 85db | 0f84 3500 

  0x000001ac3ebf1980: ;   {metadata(method data for {method} {0x000001b050fee870} 'glDrawElements' '(IIIJ)V' in 'org/lwjgl/opengl/GL11')}
  0x000001ac3ebf1980: 0000 48be | 581d a2bb | b001 0000 | 4883 8610 | 0100 0001 

  0x000001ac3ebf1994: ;   {static_call}
  0x000001ac3ebf1994: 6666 90e8 

  0x000001ac3ebf1998: ; ImmutableOopMap {}
                      ;*invokestatic glDrawElements {reexecute=0 rethrow=0 return_oop=0}
                      ; - org.lwjgl.opengl.GL11::glDrawElements@4 (line 1870)
  0x000001ac3ebf1998: 2403 0000 

  0x000001ac3ebf199c: ;   {other}
  0x000001ac3ebf199c: 0f1f 8400 | 0c02 0000 | 4883 c440 

  0x000001ac3ebf19a8: ;   {poll_return}
  0x000001ac3ebf19a8: 5d49 3ba7 | 4804 0000 | 0f87 1f00 

  0x000001ac3ebf19b4: ;   {metadata({method} {0x000001b050fee870} 'glDrawElements' '(IIIJ)V' in 'org/lwjgl/opengl/GL11')}
  0x000001ac3ebf19b4: 0000 c349 | ba68 e8fe | 50b0 0100 | 004c 8954 | 2408 48c7 | 0424 ffff 

  0x000001ac3ebf19cc: ;   {runtime_call counter_overflow Runtime1 stub}
  0x000001ac3ebf19cc: ffff e82d 

  0x000001ac3ebf19d0: ; ImmutableOopMap {}
                      ;*synchronization entry
                      ; - org.lwjgl.opengl.GL11::glDrawElements@-1 (line 1870)
  0x000001ac3ebf19d0: 034e 05eb 

  0x000001ac3ebf19d4: ;   {internal_word}
  0x000001ac3ebf19d4: ad49 baa9 | 19bf 3eac | 0100 004d | 8997 6004 

  0x000001ac3ebf19e4: ;   {runtime_call SafepointBlob}
  0x000001ac3ebf19e4: 0000 e995 | 4742 0549 | 8b87 f804 | 0000 49c7 | 87f8 0400 | 0000 0000 | 0049 c787 | 0005 0000 
  0x000001ac3ebf1a04: 0000 0000 | 4883 c440 

  0x000001ac3ebf1a0c: ;   {runtime_call unwind_exception Runtime1 stub}
  0x000001ac3ebf1a0c: 5de9 6e91 | 4d05 f4f4 | f4f4 f4f4 
[Stub Code]
  0x000001ac3ebf1a18: ;   {no_reloc}
  0x000001ac3ebf1a18: 48bb 0000 | 0000 0000 

  0x000001ac3ebf1a20: ;   {runtime_call nmethod}
  0x000001ac3ebf1a20: 0000 e9fb 

  0x000001ac3ebf1a24: ;   {runtime_call handle_exception_from_callee Runtime1 stub}
  0x000001ac3ebf1a24: ffff ffe8 | 54c6 4d05 

  0x000001ac3ebf1a2c: ;   {external_word}
  0x000001ac3ebf1a2c: 48b9 d0ef | 26d5 fc7f | 0000 4883 

  0x000001ac3ebf1a38: ;   {runtime_call}
  0x000001ac3ebf1a38: e4f0 48b8 | 10ad e9d4 | fc7f 0000 

  0x000001ac3ebf1a44: ;   {section_word}
  0x000001ac3ebf1a44: ffd0 f449 | ba47 1abf | 3eac 0100 

  0x000001ac3ebf1a50: ;   {runtime_call DeoptimizationBlob}
  0x000001ac3ebf1a50: 0041 52e9 | c85b 4205 
[/MachCode]


---------------  P R O C E S S  ---------------

Threads class SMR info:
_java_thread_list=0x000001b0bc24abc0, length=117, elements={
0x000001ac3904f3a0, 0x000001ac38ce51d0, 0x000001ac38ce7840, 0x000001ac38cc6e80,
0x000001ac38cc3120, 0x000001ac38cc3780, 0x000001ac38cc3de0, 0x000001ac38cd1760,
0x000001ac38d70f80, 0x000001ac38df3610, 0x000001ac38f1b030, 0x000001b0542df2e0,
0x000001b0552d3900, 0x000001b0581e18d0, 0x000001b057bf6ce0, 0x000001b057bf7340,
0x000001b057bf79a0, 0x000001b0542e1420, 0x000001b0542e1ab0, 0x000001b0542e2140,
0x000001b0542e27d0, 0x000001b0542e2e60, 0x000001b0542df9e0, 0x000001b0542e0070,
0x000001b0570c4060, 0x000001b0570c8f20, 0x000001b0570c6e50, 0x000001b0a1304780,
0x000001b0a1300c70, 0x000001b0a1301300, 0x000001b0a1305b30, 0x000001b0a1302020,
0x000001b0a12fff50, 0x000001b0570c46f0, 0x000001b0a7f5aea0, 0x000001b0a13054a0,
0x000001b0a1303a60, 0x000001b0546c5c40, 0x000001b0546c34e0, 0x000001b0546c4f20,
0x000001b0546c4890, 0x000001b0546c55b0, 0x000001b0546c0d80, 0x000001b0546c2130,
0x000001b0546c6960, 0x000001b0546c0060, 0x000001b0546c7680, 0x000001b0546c6ff0,
0x000001b0546c1410, 0x000001b0546c1aa0, 0x000001b0546c27c0, 0x000001b0546c2e50,
0x000001b0546c3b70, 0x000001b0546c4200, 0x000001b0570c74e0, 0x000001b0570c7b70,
0x000001b0570c5aa0, 0x000001b0570c9c40, 0x000001b0570ca2d0, 0x000001b0570c8200,
0x000001b0570c5410, 0x000001b0570c6130, 0x000001b0570c8890, 0x000001b0a13026b0,
0x000001b0a12ff230, 0x000001b0a1306850, 0x000001b0a13005e0, 0x000001b0542e0d90,
0x000001b0b451ab10, 0x000001b0b4517d20, 0x000001b0b45183b0, 0x000001b0b4517000,
0x000001b0b451a480, 0x000001b0b451bec0, 0x000001b0b45155c0, 0x000001b0b4516970,
0x000001b0b4517690, 0x000001b0a7f5a180, 0x000001b0a7f58740, 0x000001b0a1302d40,
0x000001b0a1301990, 0x000001b0570ca960, 0x000001b0570caff0, 0x000001b0542e0700,
0x000001b0adbd8770, 0x000001b0adbd38b0, 0x000001b0adbd7a50, 0x000001b0adbd8e00,
0x000001b0adbd2b90, 0x000001b0adbd66a0, 0x000001b0adbd52f0, 0x000001b0adbd6d30,
0x000001b0adbd2500, 0x000001b0adbd45d0, 0x000001b0e2a10640, 0x000001b0e2a0e570,
0x000001b0e2a10cd0, 0x000001b0e2a11360, 0x000001b0e2a0f920, 0x000001b0e4dae6c0,
0x000001b0e4dae030, 0x000001b0e4daed50, 0x000001b0e4dad9a0, 0x000001b0e4dacc80,
0x000001b0a817abf0, 0x000001b0a817ed90, 0x000001b0a817fab0, 0x000001b0a98fe420,
0x000001b0a817c630, 0x000001b0a8180140, 0x000001b0a98fb470, 0x000001b0a81814f0,
0x000001b0a8182210, 0x000001b0a817b910, 0x000001b0a98fd680, 0x000001b0a817b280,
0x000001b0a817d350
}

Java Threads: ( => current thread )
=>0x000001ac3904f3a0 JavaThread "Render thread"                     [_thread_in_native, id=25760, stack(0x000000a164500000,0x000000a164600000) (1024K)]
  0x000001ac38ce51d0 JavaThread "Reference Handler"          daemon [_thread_blocked, id=968, stack(0x000000a166000000,0x000000a166100000) (1024K)]
  0x000001ac38ce7840 JavaThread "Finalizer"                  daemon [_thread_blocked, id=2512, stack(0x000000a166100000,0x000000a166200000) (1024K)]
  0x000001ac38cc6e80 JavaThread "Signal Dispatcher"          daemon [_thread_blocked, id=27184, stack(0x000000a166200000,0x000000a166300000) (1024K)]
  0x000001ac38cc3120 JavaThread "Attach Listener"            daemon [_thread_blocked, id=27396, stack(0x000000a166300000,0x000000a166400000) (1024K)]
  0x000001ac38cc3780 JavaThread "Service Thread"             daemon [_thread_blocked, id=28628, stack(0x000000a166400000,0x000000a166500000) (1024K)]
  0x000001ac38cc3de0 JavaThread "Monitor Deflation Thread"   daemon [_thread_blocked, id=31192, stack(0x000000a166500000,0x000000a166600000) (1024K)]
  0x000001ac38cd1760 JavaThread "C2 CompilerThread0"         daemon [_thread_blocked, id=26540, stack(0x000000a166600000,0x000000a166700000) (1024K)]
  0x000001ac38d70f80 JavaThread "C1 CompilerThread0"         daemon [_thread_blocked, id=9604, stack(0x000000a166700000,0x000000a166800000) (1024K)]
  0x000001ac38df3610 JavaThread "C1 CompilerThread1"         daemon [_thread_blocked, id=31148, stack(0x000000a166800000,0x000000a166900000) (1024K)]
  0x000001ac38f1b030 JavaThread "Common-Cleaner"             daemon [_thread_blocked, id=30148, stack(0x000000a166900000,0x000000a166a00000) (1024K)]
  0x000001b0542df2e0 JavaThread "Notification Thread"        daemon [_thread_blocked, id=4924, stack(0x000000a167000000,0x000000a167100000) (1024K)]
  0x000001b0552d3900 JavaThread "ForkJoinPool.commonPool-worker-1" daemon [_thread_blocked, id=22752, stack(0x000000a167500000,0x000000a167600000) (1024K)]
  0x000001b0581e18d0 JavaThread "ForkJoinPool.commonPool-worker-2" daemon [_thread_blocked, id=21968, stack(0x000000a167600000,0x000000a167700000) (1024K)]
  0x000001b057bf6ce0 JavaThread "ForkJoinPool.commonPool-worker-3" daemon [_thread_blocked, id=21092, stack(0x000000a167700000,0x000000a167800000) (1024K)]
  0x000001b057bf7340 JavaThread "ForkJoinPool.commonPool-worker-4" daemon [_thread_blocked, id=29988, stack(0x000000a167800000,0x000000a167900000) (1024K)]
  0x000001b057bf79a0 JavaThread "ForkJoinPool.commonPool-worker-5" daemon [_thread_blocked, id=29572, stack(0x000000a167900000,0x000000a167a00000) (1024K)]
  0x000001b0542e1420 JavaThread "ForkJoinPool.commonPool-worker-6" daemon [_thread_blocked, id=26140, stack(0x000000a167a00000,0x000000a167b00000) (1024K)]
  0x000001b0542e1ab0 JavaThread "ForkJoinPool.commonPool-worker-7" daemon [_thread_blocked, id=12132, stack(0x000000a167b00000,0x000000a167c00000) (1024K)]
  0x000001b0542e2140 JavaThread "ForkJoinPool.commonPool-worker-8" daemon [_thread_blocked, id=28864, stack(0x000000a167c00000,0x000000a167d00000) (1024K)]
  0x000001b0542e27d0 JavaThread "ForkJoinPool.commonPool-worker-9" daemon [_thread_blocked, id=7536, stack(0x000000a167d00000,0x000000a167e00000) (1024K)]
  0x000001b0542e2e60 JavaThread "ForkJoinPool.commonPool-worker-10" daemon [_thread_blocked, id=30904, stack(0x000000a167e00000,0x000000a167f00000) (1024K)]
  0x000001b0542df9e0 JavaThread "ForkJoinPool.commonPool-worker-11" daemon [_thread_blocked, id=17708, stack(0x000000a167f00000,0x000000a168000000) (1024K)]
  0x000001b0542e0070 JavaThread "ForkJoinPool.commonPool-worker-12" daemon [_thread_blocked, id=25568, stack(0x000000a168000000,0x000000a168100000) (1024K)]
  0x000001b0570c4060 JavaThread "ForkJoinPool.commonPool-worker-13" daemon [_thread_blocked, id=30976, stack(0x000000a168100000,0x000000a168200000) (1024K)]
  0x000001b0570c8f20 JavaThread "ForkJoinPool.commonPool-worker-14" daemon [_thread_blocked, id=15000, stack(0x000000a168200000,0x000000a168300000) (1024K)]
  0x000001b0570c6e50 JavaThread "ForkJoinPool.commonPool-worker-15" daemon [_thread_blocked, id=28364, stack(0x000000a168300000,0x000000a168400000) (1024K)]
  0x000001b0a1304780 JavaThread "JNA Cleaner"                daemon [_thread_blocked, id=19020, stack(0x000000a169b00000,0x000000a169c00000) (1024K)]
  0x000001b0a1300c70 JavaThread "pool-19-thread-1"                  [_thread_blocked, id=26944, stack(0x000000a169d00000,0x000000a169e00000) (1024K)]
  0x000001b0a1301300 JavaThread "EuphoriaConfigWatcher"      daemon [_thread_blocked, id=2708, stack(0x000000a169e00000,0x000000a169f00000) (1024K)]
  0x000001b0a1305b30 JavaThread "Keep-Alive-Timer"           daemon [_thread_blocked, id=16332, stack(0x000000a16a000000,0x000000a16a100000) (1024K)]
  0x000001b0a1302020 JavaThread "EuphoriaPatcher-FileWriter" daemon [_thread_blocked, id=30324, stack(0x000000a16a100000,0x000000a16a200000) (1024K)]
  0x000001b0a12fff50 JavaThread "Datafixer Bootstrap"        daemon [_thread_blocked, id=12912, stack(0x000000a16a200000,0x000000a16a300000) (1024K)]
  0x000001b0570c46f0 JavaThread "JNA Cleaner"                daemon [_thread_blocked, id=19252, stack(0x000000a167200000,0x000000a167300000) (1024K)]
  0x000001b0a7f5aea0 JavaThread "Timer hack thread"          daemon [_thread_blocked, id=4004, stack(0x000000a167100000,0x000000a167200000) (1024K)]
  0x000001b0a13054a0 JavaThread "Yggdrasil Key Fetcher"      daemon [_thread_blocked, id=26988, stack(0x000000a16a700000,0x000000a16a800000) (1024K)]
  0x000001b0a1303a60 JavaThread "Download-1"                 daemon [_thread_blocked, id=4068, stack(0x000000a16a800000,0x000000a16a900000) (1024K)]
  0x000001b0546c5c40 JavaThread "Download-2"                 daemon [_thread_blocked, id=27608, stack(0x000000a16a900000,0x000000a16aa00000) (1024K)]
  0x000001b0546c34e0 JavaThread "modloading-worker-0"        daemon [_thread_blocked, id=7996, stack(0x000000a168a00000,0x000000a168b00000) (1024K)]
  0x000001b0546c4f20 JavaThread "modloading-worker-0"        daemon [_thread_blocked, id=14996, stack(0x000000a168b00000,0x000000a168c00000) (1024K)]
  0x000001b0546c4890 JavaThread "modloading-worker-0"        daemon [_thread_blocked, id=13776, stack(0x000000a168c00000,0x000000a168d00000) (1024K)]
  0x000001b0546c55b0 JavaThread "modloading-worker-0"        daemon [_thread_blocked, id=13848, stack(0x000000a168d00000,0x000000a168e00000) (1024K)]
  0x000001b0546c0d80 JavaThread "modloading-worker-0"        daemon [_thread_blocked, id=4176, stack(0x000000a168e00000,0x000000a168f00000) (1024K)]
  0x000001b0546c2130 JavaThread "modloading-worker-0"        daemon [_thread_blocked, id=13784, stack(0x000000a168f00000,0x000000a169000000) (1024K)]
  0x000001b0546c6960 JavaThread "modloading-worker-0"        daemon [_thread_blocked, id=21264, stack(0x000000a169000000,0x000000a169100000) (1024K)]
  0x000001b0546c0060 JavaThread "modloading-worker-0"        daemon [_thread_blocked, id=23624, stack(0x000000a169100000,0x000000a169200000) (1024K)]
  0x000001b0546c7680 JavaThread "modloading-worker-0"        daemon [_thread_blocked, id=21256, stack(0x000000a169200000,0x000000a169300000) (1024K)]
  0x000001b0546c6ff0 JavaThread "modloading-worker-0"        daemon [_thread_blocked, id=8532, stack(0x000000a169300000,0x000000a169400000) (1024K)]
  0x000001b0546c1410 JavaThread "modloading-worker-0"        daemon [_thread_blocked, id=28972, stack(0x000000a169400000,0x000000a169500000) (1024K)]
  0x000001b0546c1aa0 JavaThread "modloading-worker-0"        daemon [_thread_blocked, id=19348, stack(0x000000a169500000,0x000000a169600000) (1024K)]
  0x000001b0546c27c0 JavaThread "modloading-worker-0"        daemon [_thread_blocked, id=26276, stack(0x000000a169600000,0x000000a169700000) (1024K)]
  0x000001b0546c2e50 JavaThread "modloading-worker-0"        daemon [_thread_blocked, id=4608, stack(0x000000a169700000,0x000000a169800000) (1024K)]
  0x000001b0546c3b70 JavaThread "modloading-worker-0"        daemon [_thread_blocked, id=19344, stack(0x000000a169800000,0x000000a169900000) (1024K)]
  0x000001b0546c4200 JavaThread "modloading-worker-0"        daemon [_thread_blocked, id=3088, stack(0x000000a169900000,0x000000a169a00000) (1024K)]
  0x000001b0570c74e0 JavaThread "WaterConfig-Worker"         daemon [_thread_blocked, id=26820, stack(0x000000a169a00000,0x000000a169b00000) (1024K)]
  0x000001b0570c7b70 JavaThread "Java2D Disposer"            daemon [_thread_blocked, id=23456, stack(0x000000a16aa00000,0x000000a16ab00000) (1024K)]
  0x000001b0570c5aa0 JavaThread "AWT-Windows"                daemon [_thread_in_native, id=26880, stack(0x000000a16ac00000,0x000000a16ad00000) (1024K)]
  0x000001b0570c9c40 JavaThread "WaterConfig-IO"             daemon [_thread_blocked, id=28312, stack(0x000000a16ad00000,0x000000a16ae00000) (1024K)]
  0x000001b0570ca2d0 JavaThread "FileSystemWatchService"     daemon [_thread_in_native, id=29392, stack(0x000000a16ae00000,0x000000a16af00000) (1024K)]
  0x000001b0570c8200 JavaThread "config-file-watcher-0-0"    daemon [_thread_blocked, id=23816, stack(0x000000a16af00000,0x000000a16b000000) (1024K)]
  0x000001b0570c5410 JavaThread "HttpClient-1-SelectorManager" daemon [_thread_in_native, id=30480, stack(0x000000a16b000000,0x000000a16b100000) (1024K)]
  0x000001b0570c6130 JavaThread "HttpClient-1-Worker-0"      daemon [_thread_blocked, id=31720, stack(0x000000a16b100000,0x000000a16b200000) (1024K)]
  0x000001b0570c8890 JavaThread "HttpClient-1-Worker-1"      daemon [_thread_blocked, id=9184, stack(0x000000a16b200000,0x000000a16b300000) (1024K)]
  0x000001b0a13026b0 JavaThread "FancyMenu-WebUtils-Thread"  daemon [_thread_blocked, id=28104, stack(0x000000a16b300000,0x000000a16b400000) (1024K)]
  0x000001b0a12ff230 JavaThread "SentryHostnameCache-0"      daemon [_thread_blocked, id=22232, stack(0x000000a16b400000,0x000000a16b500000) (1024K)]
  0x000001b0a1306850 JavaThread "FTB Backups Config Watcher 0" daemon [_thread_blocked, id=29456, stack(0x000000a16b500000,0x000000a16b600000) (1024K)]
  0x000001b0a13005e0 JavaThread "FileSystemWatchService"     daemon [_thread_in_native, id=26004, stack(0x000000a16b600000,0x000000a16b700000) (1024K)]
  0x000001b0542e0d90 JavaThread "FTB Backups scheduled executor 0" daemon [_thread_blocked, id=21532, stack(0x000000a16b700000,0x000000a16b800000) (1024K)]
  0x000001b0b451ab10 JavaThread "ftbbackups2_Worker-1"       daemon [_thread_blocked, id=26784, stack(0x000000a16b800000,0x000000a16b900000) (1024K)]
  0x000001b0b4517d20 JavaThread "ftbbackups2_QuartzSchedulerThread" daemon [_thread_blocked, id=21296, stack(0x000000a16b900000,0x000000a16ba00000) (1024K)]
  0x000001b0b45183b0 JavaThread "Timer-0"                    daemon [_thread_blocked, id=28760, stack(0x000000a16ba00000,0x000000a16bb00000) (1024K)]
  0x000001b0b4517000 JavaThread "JavaCPP Deallocator"        daemon [_thread_blocked, id=11372, stack(0x000000a166b00000,0x000000a166c00000) (1024K)]
  0x000001b0b451a480 JavaThread "modloading-sync-worker"     daemon [_thread_blocked, id=26876, stack(0x000000a166c00000,0x000000a166d00000) (1024K)]
  0x000001b0b451bec0 JavaThread "Sound engine"               daemon [_thread_blocked, id=29800, stack(0x000000a16bb00000,0x000000a16bc00000) (1024K)]
  0x000001b0b45155c0 JavaThread "Worker-Main-1"              daemon [_thread_blocked, id=10916, stack(0x000000a16a600000,0x000000a16a700000) (1024K)]
  0x000001b0b4516970 JavaThread "Worker-Main-2"              daemon [_thread_blocked, id=22676, stack(0x000000a16ab00000,0x000000a16ac00000) (1024K)]
  0x000001b0b4517690 JavaThread "Worker-Main-3"              daemon [_thread_blocked, id=26484, stack(0x000000a16bc00000,0x000000a16bd00000) (1024K)]
  0x000001b0a7f5a180 JavaThread "Worker-Main-4"              daemon [_thread_blocked, id=29012, stack(0x000000a16bd00000,0x000000a16be00000) (1024K)]
  0x000001b0a7f58740 JavaThread "Worker-Main-5"              daemon [_thread_blocked, id=9860, stack(0x000000a16be00000,0x000000a16bf00000) (1024K)]
  0x000001b0a1302d40 JavaThread "Worker-Main-6"              daemon [_thread_blocked, id=30444, stack(0x000000a16bf00000,0x000000a16c000000) (1024K)]
  0x000001b0a1301990 JavaThread "Worker-Main-7"              daemon [_thread_blocked, id=30328, stack(0x000000a16c000000,0x000000a16c100000) (1024K)]
  0x000001b0570ca960 JavaThread "Worker-Main-8"              daemon [_thread_blocked, id=27960, stack(0x000000a16c100000,0x000000a16c200000) (1024K)]
  0x000001b0570caff0 JavaThread "Worker-Main-9"              daemon [_thread_blocked, id=24896, stack(0x000000a16c200000,0x000000a16c300000) (1024K)]
  0x000001b0542e0700 JavaThread "Worker-Main-10"             daemon [_thread_blocked, id=30056, stack(0x000000a16c400000,0x000000a16c500000) (1024K)]
  0x000001b0adbd8770 JavaThread "Worker-Main-11"             daemon [_thread_blocked, id=20264, stack(0x000000a16c500000,0x000000a16c600000) (1024K)]
  0x000001b0adbd38b0 JavaThread "Worker-Main-12"             daemon [_thread_blocked, id=30256, stack(0x000000a16c600000,0x000000a16c700000) (1024K)]
  0x000001b0adbd7a50 JavaThread "Worker-Main-13"             daemon [_thread_blocked, id=10244, stack(0x000000a16c700000,0x000000a16c800000) (1024K)]
  0x000001b0adbd8e00 JavaThread "Worker-Main-14"             daemon [_thread_blocked, id=16424, stack(0x000000a16c800000,0x000000a16c900000) (1024K)]
  0x000001b0adbd2b90 JavaThread "Worker-Main-15"             daemon [_thread_blocked, id=30772, stack(0x000000a16c900000,0x000000a16ca00000) (1024K)]
  0x000001b0adbd66a0 JavaThread "HttpClient-2-SelectorManager" daemon [_thread_in_native, id=25268, stack(0x000000a16cb00000,0x000000a16cc00000) (1024K)]
  0x000001b0adbd52f0 JavaThread "ConfigSaver"                daemon [_thread_blocked, id=24120, stack(0x000000a16cf00000,0x000000a16d000000) (1024K)]
  0x000001b0adbd6d30 JavaThread "HttpClient-2-Worker-0"      daemon [_thread_blocked, id=11968, stack(0x000000a16d000000,0x000000a16d100000) (1024K)]
  0x000001b0adbd2500 JavaThread "HttpClient-2-Worker-1"      daemon [_thread_blocked, id=29932, stack(0x000000a16d100000,0x000000a16d200000) (1024K)]
  0x000001b0adbd45d0 JavaThread "FancyMenu-JsonPlaceholder-Cleanup" daemon [_thread_blocked, id=11612, stack(0x000000a16d200000,0x000000a16d300000) (1024K)]
  0x000001b0e2a10640 JavaThread "pool-27-thread-1"                  [_thread_blocked, id=25536, stack(0x000000a16d300000,0x000000a16d400000) (1024K)]
  0x000001b0e2a0e570 JavaThread "pool-28-thread-1"                  [_thread_blocked, id=31080, stack(0x000000a16d400000,0x000000a16d500000) (1024K)]
  0x000001b0e2a10cd0 JavaThread "Thread-11"                         [_thread_blocked, id=13328, stack(0x000000a16ce00000,0x000000a16cf00000) (1024K)]
  0x000001b0e2a11360 JavaThread "Thread-12"                         [_thread_blocked, id=19652, stack(0x000000a16d500000,0x000000a16d600000) (1024K)]
  0x000001b0e2a0f920 JavaThread "Thread-13"                         [_thread_blocked, id=13204, stack(0x000000a16d800000,0x000000a16d900000) (1024K)]
  0x000001b0e4dae6c0 JavaThread "IO-Worker-1"                       [_thread_blocked, id=29452, stack(0x000000a16d900000,0x000000a16da00000) (1024K)]
  0x000001b0e4dae030 JavaThread "spark-monitoring-thread"    daemon [_thread_blocked, id=28704, stack(0x000000a16db00000,0x000000a16dc00000) (1024K)]
  0x000001b0e4daed50 JavaThread "spark-worker-pool-1-thread-1" daemon [_thread_blocked, id=13796, stack(0x000000a16dc00000,0x000000a16dd00000) (1024K)]
  0x000001b0e4dad9a0 JavaThread "Java Sound Sequencer"              [_thread_blocked, id=21792, stack(0x000000a16a500000,0x000000a16a600000) (1024K)]
  0x000001b0e4dacc80 JavaThread "Download-3"                 daemon [_thread_blocked, id=11512, stack(0x000000a16df00000,0x000000a16e000000) (1024K)]
  0x000001b0a817abf0 JavaThread "Download-4"                 daemon [_thread_blocked, id=25076, stack(0x000000a16e000000,0x000000a16e100000) (1024K)]
  0x000001b0a817ed90 JavaThread "Download-5"                 daemon [_thread_blocked, id=20152, stack(0x000000a16e100000,0x000000a16e200000) (1024K)]
  0x000001b0a817fab0 JavaThread "Download-6"                 daemon [_thread_blocked, id=31220, stack(0x000000a16e200000,0x000000a16e300000) (1024K)]
  0x000001b0a98fe420 JavaThread "C1 CompilerThread2"         daemon [_thread_blocked, id=17740, stack(0x000000a166a00000,0x000000a166b00000) (1024K)]
  0x000001b0a817c630 JavaThread "pool-31-thread-1"                  [_thread_blocked, id=31076, stack(0x000000a16cd00000,0x000000a16ce00000) (1024K)]
  0x000001b0a8180140 JavaThread "pool-32-thread-1"                  [_thread_blocked, id=27796, stack(0x000000a16ca00000,0x000000a16cb00000) (1024K)]
  0x000001b0a98fb470 JavaThread "C2 CompilerThread1"         daemon [_thread_blocked, id=12128, stack(0x000000a16d600000,0x000000a16d700000) (1024K)]
  0x000001b0a81814f0 JavaThread "MRL-Loader-0"               daemon [_thread_blocked, id=26188, stack(0x000000a16d700000,0x000000a16d800000) (1024K)]
  0x000001b0a8182210 JavaThread "FFThread-1-lifecycle"       daemon [_thread_blocked, id=25408, stack(0x000000a166e00000,0x000000a166f00000) (1024K)]
  0x000001b0a817b910 JavaThread "FFThread-1-demux"           daemon [_thread_blocked, id=20752, stack(0x000000a16c300000,0x000000a16c400000) (1024K)]
  0x000001b0a98fd680 JavaThread "C2 CompilerThread2"         daemon [_thread_blocked, id=28276, stack(0x000000a16e400000,0x000000a16e500000) (1024K)]
  0x000001b0a817b280 JavaThread "FFThread-1-video"           daemon [_thread_blocked, id=30076, stack(0x000000a16e500000,0x000000a16e600000) (1024K)]
  0x000001b0a817d350 JavaThread "FFThread-1-audio"           daemon [_thread_blocked, id=18036, stack(0x000000a16e600000,0x000000a16e700000) (1024K)]
Total: 117

Other Threads:
  0x000001ac38898fa0 VMThread "VM Thread"                           [id=21472, stack(0x000000a165f00000,0x000000a166000000) (1024K)]
  0x000001ac3894e510 WatcherThread "VM Periodic Task Thread"        [id=24020, stack(0x000000a165e00000,0x000000a165f00000) (1024K)]
  0x000001ac38883ac0 ConcurrentGCThread "ZDirector"                 [id=18160, stack(0x000000a165200000,0x000000a165300000) (1024K)]
  0x000001ac38880e00 ConcurrentGCThread "ZDriverMajor"              [id=24424, stack(0x000000a165100000,0x000000a165200000) (1024K)]
  0x000001ac3887fd50 ConcurrentGCThread "ZDriverMinor"              [id=7212, stack(0x000000a165000000,0x000000a165100000) (1024K)]
  0x000001ac38887f50 ConcurrentGCThread "ZStat"                     [id=25948, stack(0x000000a165300000,0x000000a165400000) (1024K)]
  0x000001ac36ad7510 ConcurrentGCThread "ZUnmapper"                 [id=17764, stack(0x000000a164600000,0x000000a164700000) (1024K)]
  0x000001ac3905e370 ConcurrentGCThread "ZUncommitter"              [id=22448, stack(0x000000a164700000,0x000000a164800000) (1024K)]
  0x000001ac387fa2f0 WorkerThread "ZWorkerYoung#0"                  [id=22684, stack(0x000000a164c00000,0x000000a164d00000) (1024K)]
  0x000001ac387fb030 WorkerThread "ZWorkerYoung#1"                  [id=26728, stack(0x000000a164d00000,0x000000a164e00000) (1024K)]
  0x000001ac387fc6c0 WorkerThread "ZWorkerYoung#2"                  [id=12772, stack(0x000000a164e00000,0x000000a164f00000) (1024K)]
  0x000001ac387fdd50 WorkerThread "ZWorkerYoung#3"                  [id=5248, stack(0x000000a164f00000,0x000000a165000000) (1024K)]
  0x000001ac387f48b0 WorkerThread "ZWorkerOld#0"                    [id=28564, stack(0x000000a164800000,0x000000a164900000) (1024K)]
  0x000001ac387f55f0 WorkerThread "ZWorkerOld#1"                    [id=26696, stack(0x000000a164900000,0x000000a164a00000) (1024K)]
  0x000001ac387f6c80 WorkerThread "ZWorkerOld#2"                    [id=13832, stack(0x000000a164a00000,0x000000a164b00000) (1024K)]
  0x000001ac387f8310 WorkerThread "ZWorkerOld#3"                    [id=8380, stack(0x000000a164b00000,0x000000a164c00000) (1024K)]
  0x000001ac3888b0a0 WorkerThread "RuntimeWorker#0"                 [id=16808, stack(0x000000a165400000,0x000000a165500000) (1024K)]
  0x000001ac3888c180 WorkerThread "RuntimeWorker#1"                 [id=25700, stack(0x000000a165500000,0x000000a165600000) (1024K)]
  0x000001ac3888f270 WorkerThread "RuntimeWorker#2"                 [id=3940, stack(0x000000a165600000,0x000000a165700000) (1024K)]
  0x000001ac38896640 WorkerThread "RuntimeWorker#3"                 [id=21612, stack(0x000000a165700000,0x000000a165800000) (1024K)]
  0x000001ac388975f0 WorkerThread "RuntimeWorker#4"                 [id=22912, stack(0x000000a165800000,0x000000a165900000) (1024K)]
  0x000001ac38897990 WorkerThread "RuntimeWorker#5"                 [id=26724, stack(0x000000a165900000,0x000000a165a00000) (1024K)]
  0x000001ac388984c0 WorkerThread "RuntimeWorker#6"                 [id=3384, stack(0x000000a165a00000,0x000000a165b00000) (1024K)]
  0x000001ac38899340 WorkerThread "RuntimeWorker#7"                 [id=28512, stack(0x000000a165b00000,0x000000a165c00000) (1024K)]
  0x000001ac38898c00 WorkerThread "RuntimeWorker#8"                 [id=18480, stack(0x000000a165c00000,0x000000a165d00000) (1024K)]
  0x000001ac388996e0 WorkerThread "RuntimeWorker#9"                 [id=9084, stack(0x000000a165d00000,0x000000a165e00000) (1024K)]
Total: 26

Threads with active compile tasks:
Total: 0

VM state: not at safepoint (normal execution)

VM Mutex/Monitor currently owned by a thread: None

CDS archive(s) not mapped
Compressed class space mapped at: 0x0000000080000000-0x00000000c0000000, reserved size: 1073741824
Narrow klass base: 0x0000000000000000, Narrow klass shift: 0, Narrow klass range: 0xc0000000

GC Precious Log:
 NUMA Support: Disabled
 CPUs: 16 total, 16 available
 Memory: 31962M
 Large Page Support: Disabled
 Address Space Type: Contiguous/Unrestricted/Complete
 Address Space Size: 262144M
 Min Capacity: 256M
 Initial Capacity: 256M
 Max Capacity: 16384M
 Soft Max Capacity: 16384M
 Medium Page Size: 32M
 Pre-touch: Enabled
 Uncommit: Enabled
 Uncommit Delay: 300s
 GC Workers for Old Generation: 4 (dynamic)
 GC Workers for Young Generation: 4 (dynamic)
 GC Workers Max: 4 (dynamic)
 Runtime Workers: 10

ZGC Globals:
 Young Collection:   Mark/11
 Old Collection:     Mark/9
 Offset Max:         4096G (0x0000040000000000)
 Page Size Small:    2M
 Page Size Medium:   32M

ZGC Metadata Bits:
 LoadGood:           0x0000000000008000
 LoadBad:            0x0000000000007000
 MarkGood:           0x0000000000008500
 MarkBad:            0x0000000000007ac0
 StoreGood:          0x0000000000008510
 StoreBad:           0x0000000000007ae0
 ------------------- 
 Remapped:           0x0000000000008000
 RemappedYoung:      0x000000000000a000
 RemappedOld:        0x000000000000c000
 MarkedYoung:        0x0000000000000100
 MarkedOld:          0x0000000000000400
 Remembered:         0x0000000000000010

Heap:
 ZHeap           used 4224M, capacity 12084M, max capacity 16384M
 Metaspace       used 242534K, committed 245568K, reserved 1310720K
  class space    used 41263K, committed 42688K, reserved 1048576K

ZGC Page Table:
 Small   0x0000000000000000 0x00000000001e1468 0x0000000000200000 O/7     Relocatable
 Small   0x0000000000800000 0x00000000009ffff0 0x0000000000a00000 O/8     Relocatable
 Small   0x0000000000a00000 0x0000000000bfffc8 0x0000000000c00000 O/8     Relocatable
 Small   0x0000000000c00000 0x0000000000e00000 0x0000000000e00000 Y/10    Relocatable
 Small   0x0000000000e00000 0x0000000001000000 0x0000000001000000 Y/10    Relocatable
 Small   0x0000000001000000 0x0000000001200000 0x0000000001200000 Y/10    Relocatable
 Small   0x0000000001200000 0x00000000013fffc8 0x0000000001400000 O/8     Relocatable
 Small   0x0000000001400000 0x0000000001600000 0x0000000001600000 Y/10    Relocatable
 Small   0x0000000001600000 0x0000000001800000 0x0000000001800000 Y/10    Relocatable
 Small   0x0000000001800000 0x0000000001a00000 0x0000000001a00000 Y/10    Relocatable
 Small   0x0000000001a00000 0x0000000001a5bce8 0x0000000001c00000 O/8     Relocatable
 Small   0x0000000002000000 0x0000000002200000 0x0000000002200000 Y/10    Relocatable
 Small   0x0000000002200000 0x00000000023fffe8 0x0000000002400000 Y/10    Relocatable
 Small   0x0000000002a00000 0x0000000002c00000 0x0000000002c00000 Y/10    Relocatable
 Small   0x0000000002c00000 0x0000000002dc4a98 0x0000000002e00000 O/7     Relocatable
 Small   0x0000000002e00000 0x0000000003000000 0x0000000003000000 Y/10    Relocatable
 Small   0x0000000003000000 0x00000000031dfab8 0x0000000003200000 O/7     Relocatable
 Small   0x0000000003200000 0x0000000003400000 0x0000000003400000 Y/10    Relocatable
 Small   0x0000000003400000 0x0000000003600000 0x0000000003600000 Y/10    Relocatable
 Small   0x0000000003600000 0x00000000037fd5f0 0x0000000003800000 O/7     Relocatable
 Small   0x0000000003800000 0x0000000003a00000 0x0000000003a00000 Y/10    Relocatable
 Small   0x0000000003c00000 0x0000000003df7160 0x0000000003e00000 O/7     Relocatable
 Small   0x0000000004000000 0x00000000041fffd8 0x0000000004200000 O/7     Relocatable
 Small   0x0000000004200000 0x00000000043ffac8 0x0000000004400000 O/7     Relocatable
 Small   0x0000000004400000 0x00000000045f44b0 0x0000000004600000 O/7     Relocatable
 Small   0x0000000004800000 0x00000000049fffe8 0x0000000004a00000 O/7     Relocatable
 Small   0x0000000004c00000 0x0000000004dfffe8 0x0000000004e00000 Y/10    Relocatable
 Small   0x0000000004e00000 0x0000000004ff7718 0x0000000005000000 O/7     Relocatable
 Small   0x0000000005200000 0x00000000053ffff0 0x0000000005400000 O/7     Relocatable
 Small   0x0000000006200000 0x00000000063ffbd8 0x0000000006400000 O/7     Relocatable
 Medium  0x0000000006400000 0x00000000082f0000 0x0000000008400000 O/7     Relocatable
 Small   0x0000000008600000 0x0000000008800000 0x0000000008800000 Y/10    Relocatable
 Small   0x0000000009200000 0x00000000093fffd8 0x0000000009400000 O/7     Relocatable
 Small   0x0000000009800000 0x00000000099ffff8 0x0000000009a00000 Y/10    Relocatable
 Small   0x0000000009a00000 0x0000000009bffff8 0x0000000009c00000 O/7     Relocatable
 Small   0x000000000a000000 0x000000000a200000 0x000000000a200000 Y/10    Relocatable
 Small   0x000000000b000000 0x000000000b200000 0x000000000b200000 Y/10    Relocatable
 Small   0x000000000b400000 0x000000000b600000 0x000000000b600000 Y/10    Relocatable
 Small   0x000000000c200000 0x000000000c400000 0x000000000c400000 Y/10    Relocatable
 Small   0x000000000c600000 0x000000000c800000 0x000000000c800000 Y/10    Relocatable
 Small   0x000000000c800000 0x000000000ca00000 0x000000000ca00000 Y/10    Relocatable
 Small   0x000000000ca00000 0x000000000cc00000 0x000000000cc00000 Y/10    Relocatable
 Small   0x000000000cc00000 0x000000000ce00000 0x000000000ce00000 Y/10    Relocatable
 Small   0x000000000ce00000 0x000000000cffffc0 0x000000000d000000 O/7     Relocatable
 Small   0x000000000d000000 0x000000000d1fe258 0x000000000d200000 O/7     Relocatable
 Small   0x000000000dc00000 0x000000000ddfffd8 0x000000000de00000 Y/10    Relocatable
 Small   0x000000000e000000 0x000000000e200000 0x000000000e200000 Y/10    Relocatable
 Small   0x000000000e200000 0x000000000e3fffd8 0x000000000e400000 O/8     Relocatable
 Small   0x000000000e400000 0x000000000e5fff38 0x000000000e600000 Y/10    Relocatable
 Small   0x000000000f400000 0x000000000f600000 0x000000000f600000 Y/10    Relocatable
 Small   0x000000000f600000 0x000000000f800000 0x000000000f800000 Y/10    Relocatable
 Small   0x000000000f800000 0x000000000fa00000 0x000000000fa00000 Y/10    Relocatable
 Small   0x000000000fa00000 0x000000000fc00000 0x000000000fc00000 Y/10    Relocatable
 Small   0x000000000fc00000 0x000000000fe00000 0x000000000fe00000 Y/10    Relocatable
 Small   0x000000000fe00000 0x000000000fffffd0 0x0000000010000000 O/7     Relocatable
 Small   0x0000000010000000 0x0000000010200000 0x0000000010200000 Y/10    Relocatable
 Small   0x0000000010600000 0x00000000107fffb0 0x0000000010800000 O/7     Relocatable
 Small   0x0000000010800000 0x00000000109fffd0 0x0000000010a00000 O/7     Relocatable
 Small   0x0000000010a00000 0x0000000010c00000 0x0000000010c00000 Y/10    Relocatable
 Small   0x0000000010c00000 0x0000000010e00000 0x0000000010e00000 Y/10    Relocatable
 Small   0x0000000010e00000 0x0000000010fffbf0 0x0000000011000000 O/7     Relocatable
 Small   0x0000000011200000 0x0000000011400000 0x0000000011400000 Y/10    Relocatable
 Small   0x0000000011400000 0x0000000011600000 0x0000000011600000 Y/10    Relocatable
 Small   0x0000000011600000 0x00000000117ee1d8 0x0000000011800000 O/7     Relocatable
 Small   0x0000000011800000 0x0000000011a00000 0x0000000011a00000 Y/10    Relocatable
 Small   0x0000000011a00000 0x0000000011c00000 0x0000000011c00000 O/7     Relocatable
 Small   0x0000000011c00000 0x0000000011e00000 0x0000000011e00000 Y/10    Relocatable
 Small   0x0000000011e00000 0x0000000012000000 0x0000000012000000 Y/10    Relocatable
 Small   0x0000000012200000 0x0000000012400000 0x0000000012400000 O/7     Relocatable
 Small   0x0000000012400000 0x00000000125f4028 0x0000000012600000 O/7     Relocatable
 Small   0x0000000012800000 0x0000000012a00000 0x0000000012a00000 Y/10    Relocatable
 Small   0x0000000012c00000 0x0000000012dfb280 0x0000000012e00000 O/7     Relocatable
 Small   0x0000000012e00000 0x0000000013000000 0x0000000013000000 Y/10    Relocatable
 Small   0x0000000013000000 0x0000000013200000 0x0000000013200000 Y/10    Relocatable
 Small   0x0000000013200000 0x0000000013400000 0x0000000013400000 Y/10    Relocatable
 Small   0x0000000013600000 0x00000000137fa078 0x0000000013800000 O/7     Relocatable
 Small   0x0000000013800000 0x0000000013a00000 0x0000000013a00000 Y/10    Relocatable
 Small   0x0000000013a00000 0x0000000013c00000 0x0000000013c00000 Y/10    Relocatable
 Small   0x0000000013c00000 0x0000000013e00000 0x0000000013e00000 Y/10    Relocatable
 Small   0x0000000013e00000 0x0000000014000000 0x0000000014000000 Y/10    Relocatable
 Small   0x0000000014200000 0x0000000014400000 0x0000000014400000 Y/10    Relocatable
 Small   0x0000000014400000 0x00000000145fffe0 0x0000000014600000 Y/10    Relocatable
 Small   0x0000000014a00000 0x0000000014bfffd0 0x0000000014c00000 Y/10    Relocatable
 Small   0x0000000015400000 0x0000000015600000 0x0000000015600000 Y/10    Relocatable
 Small   0x0000000015600000 0x00000000157fbb50 0x0000000015800000 O/7     Relocatable
 Small   0x0000000015e00000 0x0000000015ff1250 0x0000000016000000 O/7     Relocatable
 Small   0x0000000016400000 0x000000001641a028 0x0000000016600000 Y/10    Relocatable
 Small   0x0000000016800000 0x00000000169fd210 0x0000000016a00000 O/7     Relocatable
 Small   0x0000000016c00000 0x0000000016c00cb8 0x0000000016e00000 Y/10    Relocatable
 Small   0x0000000017400000 0x00000000175e31c0 0x0000000017600000 O/7     Relocatable
 Small   0x0000000017600000 0x00000000177fffe0 0x0000000017800000 Y/10    Relocatable
 Small   0x0000000017800000 0x00000000179fffe0 0x0000000017a00000 O/7     Relocatable
 Small   0x0000000018c00000 0x0000000018e00000 0x0000000018e00000 Y/10    Relocatable
 Small   0x0000000018e00000 0x0000000019000000 0x0000000019000000 Y/10    Relocatable
 Small   0x0000000019000000 0x0000000019200000 0x0000000019200000 Y/10    Relocatable
 Small   0x0000000019e00000 0x0000000019fffff8 0x000000001a000000 Y/10    Relocatable
 Small   0x000000001a000000 0x000000001a1fffe8 0x000000001a200000 O/8     Relocatable
 Small   0x000000001a400000 0x000000001a600000 0x000000001a600000 Y/10    Relocatable
 Small   0x000000001aa00000 0x000000001ac00000 0x000000001ac00000 Y/10    Relocatable
 Small   0x000000001ae00000 0x000000001b000000 0x000000001b000000 Y/10    Relocatable
 Small   0x000000001b000000 0x000000001b200000 0x000000001b200000 O/7     Relocatable
 Small   0x000000001b400000 0x000000001b5fffe0 0x000000001b600000 Y/10    Relocatable
 Small   0x000000001b600000 0x000000001b7fffd8 0x000000001b800000 O/7     Relocatable
 Small   0x000000001b800000 0x000000001ba00000 0x000000001ba00000 O/7     Relocatable
 Small   0x000000001ba00000 0x000000001bbffff8 0x000000001bc00000 O/7     Relocatable
 Small   0x000000001c000000 0x000000001c1fffc8 0x000000001c200000 O/7     Relocatable
 Small   0x000000001c200000 0x000000001c400000 0x000000001c400000 Y/10    Relocatable
 Small   0x000000001c600000 0x000000001c7fffd0 0x000000001c800000 O/7     Relocatable
 Small   0x000000001cc00000 0x000000001cdfffc8 0x000000001ce00000 O/7     Relocatable
 Small   0x000000001ce00000 0x000000001cffffe8 0x000000001d000000 Y/10    Relocatable
 Small   0x000000001d000000 0x000000001d1ffff0 0x000000001d200000 O/7     Relocatable
 Small   0x000000001d200000 0x000000001d400000 0x000000001d400000 Y/10    Relocatable
 Small   0x000000001d400000 0x000000001d600000 0x000000001d600000 Y/10    Relocatable
 Small   0x000000001d600000 0x000000001d800000 0x000000001d800000 Y/10    Relocatable
 Small   0x000000001d800000 0x000000001da00000 0x000000001da00000 Y/10    Relocatable
 Small   0x000000001da00000 0x000000001dc00000 0x000000001dc00000 Y/10    Relocatable
 Small   0x000000001dc00000 0x000000001ddffff0 0x000000001de00000 O/7     Relocatable
 Small   0x000000001de00000 0x000000001e000000 0x000000001e000000 Y/10    Relocatable
 Small   0x000000001e400000 0x000000001e5fc148 0x000000001e600000 O/7     Relocatable
 Small   0x000000001e800000 0x000000001e9fff88 0x000000001ea00000 O/7     Relocatable
 Small   0x000000001ea00000 0x000000001ebf04a0 0x000000001ec00000 O/7     Relocatable
 Small   0x000000001ee00000 0x000000001f000000 0x000000001f000000 O/7     Relocatable
 Small   0x000000001f000000 0x000000001f1fffd0 0x000000001f200000 O/7     Relocatable
 Small   0x000000001f400000 0x000000001f600000 0x000000001f600000 Y/10    Relocatable
 Small   0x000000001f600000 0x000000001f800000 0x000000001f800000 Y/10    Relocatable
 Small   0x000000001fe00000 0x000000001fffffe8 0x0000000020000000 O/7     Relocatable
 Small   0x0000000020400000 0x0000000020600000 0x0000000020600000 Y/10    Relocatable
 Small   0x0000000020600000 0x0000000020800000 0x0000000020800000 Y/10    Relocatable
 Small   0x0000000020800000 0x0000000020a00000 0x0000000020a00000 Y/10    Relocatable
 Small   0x0000000022000000 0x0000000022200000 0x0000000022200000 Y/10    Relocatable
 Small   0x0000000022200000 0x0000000022400000 0x0000000022400000 Y/10    Relocatable
 Small   0x0000000022800000 0x00000000229fffe8 0x0000000022a00000 O/8     Relocatable
 Small   0x0000000022a00000 0x0000000022bfff78 0x0000000022c00000 Y/10    Relocatable
 Small   0x0000000022e00000 0x0000000022fffff8 0x0000000023000000 O/8     Relocatable
 Small   0x0000000023000000 0x0000000023200000 0x0000000023200000 Y/10    Relocatable
 Small   0x0000000023200000 0x00000000233ffff8 0x0000000023400000 O/7     Relocatable
 Small   0x0000000023400000 0x0000000023600000 0x0000000023600000 Y/10    Relocatable
 Small   0x0000000023600000 0x0000000023800000 0x0000000023800000 Y/10    Relocatable
 Small   0x0000000023800000 0x0000000023a00000 0x0000000023a00000 Y/10    Relocatable
 Small   0x0000000023a00000 0x0000000023c00000 0x0000000023c00000 Y/10    Relocatable
 Small   0x0000000023c00000 0x0000000023dffff8 0x0000000023e00000 O/8     Relocatable
 Small   0x0000000023e00000 0x0000000024000000 0x0000000024000000 Y/10    Relocatable
 Small   0x0000000024000000 0x0000000024200000 0x0000000024200000 Y/10    Relocatable
 Small   0x0000000024200000 0x0000000024400000 0x0000000024400000 Y/10    Relocatable
 Small   0x0000000024e00000 0x0000000024ff5c88 0x0000000025000000 O/7     Relocatable
 Small   0x0000000025000000 0x00000000251feda0 0x0000000025200000 O/7     Relocatable
 Small   0x0000000025400000 0x00000000255fffd0 0x0000000025600000 Y/10    Relocatable
 Small   0x0000000025600000 0x0000000025800000 0x0000000025800000 Y/10    Relocatable
 Small   0x0000000025c00000 0x0000000025e00000 0x0000000025e00000 Y/10    Relocatable
 Small   0x0000000026400000 0x00000000265fffe8 0x0000000026600000 O/8     Relocatable
 Small   0x0000000026a00000 0x0000000026c00000 0x0000000026c00000 Y/10    Relocatable
 Small   0x0000000027400000 0x00000000275fffe8 0x0000000027600000 Y/10    Relocatable
 Small   0x0000000027800000 0x0000000027a00000 0x0000000027a00000 Y/10    Relocatable
 Small   0x0000000028200000 0x0000000028400000 0x0000000028400000 Y/10    Relocatable
 Small   0x0000000028400000 0x0000000028600000 0x0000000028600000 Y/10    Relocatable
 Small   0x0000000028600000 0x0000000028800000 0x0000000028800000 Y/10    Relocatable
 Small   0x0000000028800000 0x0000000028a00000 0x0000000028a00000 Y/10    Relocatable
 Small   0x0000000028a00000 0x0000000028bffff0 0x0000000028c00000 O/8     Relocatable
 Small   0x0000000028c00000 0x0000000028e00000 0x0000000028e00000 Y/10    Relocatable
 Small   0x0000000029200000 0x0000000029400000 0x0000000029400000 Y/10    Relocatable
 Small   0x0000000029400000 0x0000000029600000 0x0000000029600000 Y/10    Relocatable
 Small   0x000000002a000000 0x000000002a200000 0x000000002a200000 Y/10    Relocatable
 Small   0x000000002a200000 0x000000002a400000 0x000000002a400000 Y/10    Relocatable
 Small   0x000000002a400000 0x000000002a600000 0x000000002a600000 Y/10    Relocatable
 Small   0x000000002a600000 0x000000002a7fffd0 0x000000002a800000 O/8     Relocatable
 Small   0x000000002a800000 0x000000002a9ffff0 0x000000002aa00000 Y/10    Relocatable
 Small   0x000000002b600000 0x000000002b800000 0x000000002b800000 Y/10    Relocatable
 Small   0x000000002b800000 0x000000002ba00000 0x000000002ba00000 Y/10    Relocatable
 Small   0x000000002c000000 0x000000002c200000 0x000000002c200000 Y/10    Relocatable
 Small   0x000000002c200000 0x000000002c400000 0x000000002c400000 O/7     Relocatable
 Small   0x000000002c400000 0x000000002c600000 0x000000002c600000 Y/10    Relocatable
 Small   0x000000002c600000 0x000000002c7ffff0 0x000000002c800000 Y/10    Relocatable
 Small   0x000000002ca00000 0x000000002cbfffe8 0x000000002cc00000 Y/10    Relocatable
 Small   0x000000002da00000 0x000000002dc00000 0x000000002dc00000 Y/10    Relocatable
 Small   0x000000002e200000 0x000000002e400000 0x000000002e400000 Y/10    Relocatable
 Small   0x000000002e800000 0x000000002e9fffa8 0x000000002ea00000 O/7     Relocatable
 Small   0x000000002ea00000 0x000000002ec00000 0x000000002ec00000 Y/10    Relocatable
 Small   0x000000002f000000 0x000000002f200000 0x000000002f200000 Y/10    Relocatable
 Small   0x000000002f200000 0x000000002f400000 0x000000002f400000 Y/10    Relocatable
 Small   0x000000002f600000 0x000000002f800000 0x000000002f800000 Y/10    Relocatable
 Small   0x000000002f800000 0x000000002fa00000 0x000000002fa00000 Y/10    Relocatable
 Small   0x000000002fe00000 0x0000000030000000 0x0000000030000000 Y/10    Relocatable
 Small   0x0000000030000000 0x0000000030200000 0x0000000030200000 Y/10    Relocatable
 Small   0x0000000030200000 0x0000000030400000 0x0000000030400000 O/8     Relocatable
 Small   0x0000000030400000 0x0000000030600000 0x0000000030600000 Y/10    Relocatable
 Small   0x0000000030600000 0x0000000030800000 0x0000000030800000 Y/10    Relocatable
 Small   0x0000000030800000 0x0000000030a00000 0x0000000030a00000 Y/10    Relocatable
 Small   0x0000000031200000 0x0000000031400000 0x0000000031400000 Y/10    Relocatable
 Small   0x0000000031600000 0x0000000031800000 0x0000000031800000 Y/10    Relocatable
 Small   0x0000000031e00000 0x0000000032000000 0x0000000032000000 Y/10    Relocatable
 Small   0x0000000032c00000 0x0000000032dfffd0 0x0000000032e00000 O/7     Relocatable
 Small   0x0000000032e00000 0x0000000033000000 0x0000000033000000 Y/10    Relocatable
 Small   0x0000000033400000 0x0000000033600000 0x0000000033600000 Y/10    Relocatable
 Small   0x0000000033c00000 0x0000000033e00000 0x0000000033e00000 Y/10    Relocatable
 Small   0x0000000033e00000 0x0000000034000000 0x0000000034000000 Y/10    Relocatable
 Small   0x0000000034000000 0x0000000034200000 0x0000000034200000 Y/10    Relocatable
 Small   0x0000000034200000 0x0000000034400000 0x0000000034400000 Y/10    Relocatable
 Small   0x0000000034400000 0x0000000034600000 0x0000000034600000 Y/10    Relocatable
 Small   0x0000000034600000 0x0000000034800000 0x0000000034800000 Y/10    Relocatable
 Small   0x0000000034800000 0x0000000034a00000 0x0000000034a00000 Y/10    Relocatable
 Small   0x0000000034e00000 0x0000000035000000 0x0000000035000000 Y/10    Relocatable
 Small   0x0000000035000000 0x00000000351ffff8 0x0000000035200000 O/8     Relocatable
 Small   0x0000000035200000 0x0000000035400000 0x0000000035400000 Y/10    Relocatable
 Small   0x0000000036000000 0x00000000361ffe28 0x0000000036200000 Y/10    Relocatable
 Small   0x0000000036400000 0x0000000036600000 0x0000000036600000 Y/10    Relocatable
 Small   0x0000000036800000 0x00000000369fffe0 0x0000000036a00000 Y/10    Relocatable
 Small   0x0000000036a00000 0x0000000036c00000 0x0000000036c00000 Y/10    Relocatable
 Small   0x0000000036c00000 0x0000000036e00000 0x0000000036e00000 Y/10    Relocatable
 Small   0x0000000036e00000 0x0000000037000000 0x0000000037000000 Y/10    Relocatable
 Small   0x0000000037000000 0x0000000037200000 0x0000000037200000 Y/10    Relocatable
 Small   0x0000000037200000 0x0000000037400000 0x0000000037400000 Y/10    Relocatable
 Small   0x0000000037800000 0x0000000037a00000 0x0000000037a00000 Y/10    Relocatable
 Small   0x0000000037a00000 0x0000000037c00000 0x0000000037c00000 Y/10    Relocatable
 Small   0x0000000037c00000 0x0000000037e00000 0x0000000037e00000 Y/10    Relocatable
 Small   0x0000000037e00000 0x0000000038000000 0x0000000038000000 Y/10    Relocatable
 Small   0x0000000038000000 0x0000000038200000 0x0000000038200000 Y/10    Relocatable
 Small   0x0000000039200000 0x0000000039400000 0x0000000039400000 O/8     Relocatable
 Small   0x0000000039a00000 0x0000000039c00000 0x0000000039c00000 Y/10    Relocatable
 Small   0x0000000039c00000 0x0000000039e00000 0x0000000039e00000 Y/10    Relocatable
 Small   0x000000003a400000 0x000000003a600000 0x000000003a600000 Y/11    Allocating 
 Small   0x000000003b200000 0x000000003b400000 0x000000003b400000 Y/10    Relocatable
 Small   0x000000003b400000 0x000000003b600000 0x000000003b600000 Y/10    Relocatable
 Small   0x000000003b600000 0x000000003b800000 0x000000003b800000 Y/10    Relocatable
 Small   0x000000003b800000 0x000000003ba00000 0x000000003ba00000 Y/10    Relocatable
 Small   0x000000003bc00000 0x000000003be00000 0x000000003be00000 Y/10    Relocatable
 Small   0x000000003be00000 0x000000003c000000 0x000000003c000000 Y/10    Relocatable
 Small   0x000000003c000000 0x000000003c200000 0x000000003c200000 Y/10    Relocatable
 Small   0x000000003d200000 0x000000003d3e6fb8 0x000000003d400000 O/8     Relocatable
 Small   0x000000003da00000 0x000000003dc00000 0x000000003dc00000 Y/10    Relocatable
 Small   0x000000003dc00000 0x000000003de00000 0x000000003de00000 Y/10    Relocatable
 Small   0x000000003de00000 0x000000003e000000 0x000000003e000000 Y/10    Relocatable
 Small   0x000000003ea00000 0x000000003ea028a0 0x000000003ec00000 O/8     Relocatable
 Small   0x000000003ee00000 0x000000003efffff8 0x000000003f000000 O/8     Relocatable
 Small   0x000000003f200000 0x000000003f400000 0x000000003f400000 Y/10    Relocatable
 Small   0x000000003f800000 0x000000003fa00000 0x000000003fa00000 Y/10    Relocatable
 Small   0x0000000040000000 0x0000000040200000 0x0000000040200000 Y/11    Allocating 
 Small   0x0000000041400000 0x0000000041600000 0x0000000041600000 Y/10    Relocatable
 Small   0x0000000041c00000 0x0000000041e00000 0x0000000041e00000 Y/10    Relocatable
 Small   0x0000000042400000 0x00000000425fffc8 0x0000000042600000 Y/10    Relocatable
 Small   0x0000000042600000 0x0000000042800000 0x0000000042800000 Y/10    Relocatable
 Small   0x0000000042800000 0x00000000429ffe40 0x0000000042a00000 Y/10    Relocatable
 Small   0x0000000042a00000 0x0000000042c00000 0x0000000042c00000 Y/10    Relocatable
 Small   0x0000000042c00000 0x0000000042e00000 0x0000000042e00000 Y/10    Relocatable
 Small   0x0000000042e00000 0x0000000042ffffc8 0x0000000043000000 Y/10    Relocatable
 Small   0x0000000043200000 0x00000000433ffc78 0x0000000043400000 O/8     Relocatable
 Small   0x0000000043600000 0x0000000043800000 0x0000000043800000 Y/10    Relocatable
 Small   0x0000000043800000 0x0000000043a00000 0x0000000043a00000 Y/10    Relocatable
 Small   0x0000000043c00000 0x0000000043e00000 0x0000000043e00000 Y/10    Relocatable
 Small   0x0000000044800000 0x0000000044a00000 0x0000000044a00000 Y/10    Relocatable
 Small   0x0000000044a00000 0x0000000044c00000 0x0000000044c00000 Y/10    Relocatable
 Small   0x0000000044c00000 0x0000000044e00000 0x0000000044e00000 Y/10    Relocatable
 Small   0x0000000045c00000 0x0000000045dfffc0 0x0000000045e00000 Y/10    Relocatable
 Small   0x0000000046400000 0x00000000465ffff0 0x0000000046600000 O/8     Relocatable
 Small   0x0000000046e00000 0x0000000047000000 0x0000000047000000 Y/10    Relocatable
 Small   0x0000000047000000 0x0000000047200000 0x0000000047200000 Y/10    Relocatable
 Small   0x0000000047800000 0x00000000479fffe8 0x0000000047a00000 O/7     Relocatable
 Small   0x0000000047e00000 0x0000000048000000 0x0000000048000000 O/8     Relocatable
 Small   0x0000000048000000 0x0000000048200000 0x0000000048200000 Y/10    Relocatable
 Small   0x0000000048200000 0x0000000048400000 0x0000000048400000 Y/10    Relocatable
 Small   0x0000000048400000 0x0000000048600000 0x0000000048600000 Y/10    Relocatable
 Small   0x0000000048600000 0x0000000048800000 0x0000000048800000 Y/10    Relocatable
 Small   0x0000000048800000 0x0000000048a00000 0x0000000048a00000 Y/10    Relocatable
 Small   0x0000000048a00000 0x0000000048c00000 0x0000000048c00000 Y/10    Relocatable
 Small   0x0000000048c00000 0x0000000048e00000 0x0000000048e00000 Y/10    Relocatable
 Small   0x0000000048e00000 0x0000000049000000 0x0000000049000000 Y/10    Relocatable
 Small   0x0000000049000000 0x00000000491ffff8 0x0000000049200000 O/7     Relocatable
 Small   0x0000000049400000 0x0000000049600000 0x0000000049600000 Y/10    Relocatable
 Small   0x000000004a200000 0x000000004a3fffd0 0x000000004a400000 O/7     Relocatable
 Small   0x000000004a600000 0x000000004a800000 0x000000004a800000 Y/10    Relocatable
 Small   0x000000004aa00000 0x000000004ac00000 0x000000004ac00000 Y/10    Relocatable
 Small   0x000000004ac00000 0x000000004ae00000 0x000000004ae00000 Y/10    Relocatable
 Small   0x000000004ae00000 0x000000004b000000 0x000000004b000000 Y/10    Relocatable
 Small   0x000000004b000000 0x000000004b200000 0x000000004b200000 Y/10    Relocatable
 Small   0x000000004b200000 0x000000004b400000 0x000000004b400000 Y/10    Relocatable
 Small   0x000000004b400000 0x000000004b600000 0x000000004b600000 Y/10    Relocatable
 Small   0x000000004b800000 0x000000004ba00000 0x000000004ba00000 Y/10    Relocatable
 Small   0x000000004ba00000 0x000000004bc00000 0x000000004bc00000 Y/10    Relocatable
 Small   0x000000004be00000 0x000000004c000000 0x000000004c000000 Y/10    Relocatable
 Small   0x000000004c000000 0x000000004c1ffff8 0x000000004c200000 O/8     Relocatable
 Small   0x000000004c200000 0x000000004c400000 0x000000004c400000 Y/10    Relocatable
 Small   0x000000004c400000 0x000000004c5fffe0 0x000000004c600000 Y/10    Relocatable
 Small   0x000000004c800000 0x000000004c9fff98 0x000000004ca00000 Y/10    Relocatable
 Small   0x000000004cc00000 0x000000004ce00000 0x000000004ce00000 Y/10    Relocatable
 Small   0x000000004ce00000 0x000000004d000000 0x000000004d000000 Y/10    Relocatable
 Small   0x000000004d200000 0x000000004d3fffc8 0x000000004d400000 O/8     Relocatable
 Small   0x000000004d400000 0x000000004d5fffe0 0x000000004d600000 O/7     Relocatable
 Small   0x000000004d600000 0x000000004d800000 0x000000004d800000 Y/10    Relocatable
 Small   0x000000004d800000 0x000000004da00000 0x000000004da00000 Y/10    Relocatable
 Small   0x000000004da00000 0x000000004dc00000 0x000000004dc00000 Y/10    Relocatable
 Small   0x000000004e200000 0x000000004e400000 0x000000004e400000 Y/10    Relocatable
 Small   0x000000004e400000 0x000000004e600000 0x000000004e600000 Y/10    Relocatable
 Small   0x000000004e600000 0x000000004e800000 0x000000004e800000 Y/10    Relocatable
 Small   0x000000004e800000 0x000000004ea00000 0x000000004ea00000 Y/10    Relocatable
 Small   0x000000004ea00000 0x000000004ec00000 0x000000004ec00000 Y/10    Relocatable
 Small   0x000000004ec00000 0x000000004ee00000 0x000000004ee00000 Y/10    Relocatable
 Small   0x000000004ee00000 0x000000004effffc8 0x000000004f000000 Y/10    Relocatable
 Small   0x000000004f200000 0x000000004f400000 0x000000004f400000 Y/10    Relocatable
 Small   0x000000004f400000 0x000000004f600000 0x000000004f600000 Y/10    Relocatable
 Small   0x000000004fa00000 0x000000004fc00000 0x000000004fc00000 Y/10    Relocatable
 Small   0x000000004fc00000 0x000000004fe00000 0x000000004fe00000 Y/10    Relocatable
 Small   0x000000004fe00000 0x0000000050000000 0x0000000050000000 Y/10    Relocatable
 Small   0x0000000050200000 0x00000000503fffb8 0x0000000050400000 O/7     Relocatable
 Small   0x0000000050c00000 0x0000000050e00000 0x0000000050e00000 Y/10    Relocatable
 Small   0x0000000050e00000 0x0000000051000000 0x0000000051000000 Y/10    Relocatable
 Small   0x0000000051000000 0x0000000051200000 0x0000000051200000 Y/10    Relocatable
 Small   0x0000000051200000 0x00000000513fffe0 0x0000000051400000 O/8     Relocatable
 Small   0x0000000051600000 0x0000000051800000 0x0000000051800000 Y/10    Relocatable
 Small   0x0000000052800000 0x0000000052a00000 0x0000000052a00000 Y/10    Relocatable
 Small   0x0000000052c00000 0x0000000052e00000 0x0000000052e00000 Y/10    Relocatable
 Small   0x0000000052e00000 0x0000000053000000 0x0000000053000000 Y/10    Relocatable
 Small   0x0000000053000000 0x0000000053200000 0x0000000053200000 Y/10    Relocatable
 Small   0x0000000053200000 0x0000000053400000 0x0000000053400000 Y/10    Relocatable
 Small   0x0000000053600000 0x00000000537fffe8 0x0000000053800000 O/7     Relocatable
 Small   0x0000000053800000 0x00000000539ffff8 0x0000000053a00000 O/8     Relocatable
 Small   0x0000000054400000 0x00000000545fe7b0 0x0000000054600000 O/7     Relocatable
 Small   0x0000000055600000 0x0000000055800000 0x0000000055800000 Y/10    Relocatable
 Small   0x0000000055800000 0x0000000055a00000 0x0000000055a00000 Y/10    Relocatable
 Small   0x0000000055a00000 0x0000000055c00000 0x0000000055c00000 Y/10    Relocatable
 Small   0x0000000055c00000 0x0000000055e00000 0x0000000055e00000 Y/10    Relocatable
 Small   0x0000000055e00000 0x0000000056000000 0x0000000056000000 Y/10    Relocatable
 Small   0x0000000056000000 0x0000000056200000 0x0000000056200000 Y/10    Relocatable
 Small   0x0000000056800000 0x0000000056a00000 0x0000000056a00000 Y/10    Relocatable
 Small   0x0000000056a00000 0x0000000056c00000 0x0000000056c00000 Y/10    Relocatable
 Small   0x0000000056e00000 0x0000000057000000 0x0000000057000000 Y/10    Relocatable
 Small   0x0000000057000000 0x0000000057200000 0x0000000057200000 Y/10    Relocatable
 Small   0x0000000057200000 0x0000000057400000 0x0000000057400000 Y/10    Relocatable
 Small   0x0000000057400000 0x0000000057600000 0x0000000057600000 Y/10    Relocatable
 Small   0x0000000057600000 0x0000000057800000 0x0000000057800000 Y/10    Relocatable
 Small   0x0000000057800000 0x0000000057a00000 0x0000000057a00000 Y/10    Relocatable
 Small   0x0000000057a00000 0x0000000057bfff98 0x0000000057c00000 Y/10    Relocatable
 Small   0x0000000057c00000 0x0000000057e00000 0x0000000057e00000 Y/10    Relocatable
 Small   0x0000000057e00000 0x0000000058000000 0x0000000058000000 Y/10    Relocatable
 Small   0x0000000058000000 0x0000000058200000 0x0000000058200000 Y/10    Relocatable
 Small   0x0000000058400000 0x00000000585fffe0 0x0000000058600000 O/7     Relocatable
 Small   0x0000000058800000 0x0000000058a00000 0x0000000058a00000 Y/10    Relocatable
 Small   0x0000000058a00000 0x0000000058c00000 0x0000000058c00000 Y/10    Relocatable
 Small   0x0000000058c00000 0x0000000058dffff8 0x0000000058e00000 O/7     Relocatable
 Small   0x0000000059000000 0x0000000059200000 0x0000000059200000 Y/10    Relocatable
 Small   0x0000000059200000 0x0000000059400000 0x0000000059400000 Y/10    Relocatable
 Small   0x0000000059400000 0x0000000059600000 0x0000000059600000 Y/10    Relocatable
 Small   0x0000000059600000 0x0000000059800000 0x0000000059800000 Y/10    Relocatable
 Small   0x0000000059800000 0x0000000059a00000 0x0000000059a00000 Y/10    Relocatable
 Small   0x000000005a000000 0x000000005a200000 0x000000005a200000 Y/10    Relocatable
 Small   0x000000005a200000 0x000000005a3fffe8 0x000000005a400000 O/8     Relocatable
 Small   0x000000005b800000 0x000000005b9fffa0 0x000000005ba00000 O/7     Relocatable
 Small   0x000000005ba00000 0x000000005bc00000 0x000000005bc00000 Y/10    Relocatable
 Small   0x000000005bc00000 0x000000005be00000 0x000000005be00000 Y/10    Relocatable
 Small   0x000000005be00000 0x000000005c000000 0x000000005c000000 Y/10    Relocatable
 Small   0x000000005c000000 0x000000005c200000 0x000000005c200000 Y/10    Relocatable
 Small   0x000000005c200000 0x000000005c400000 0x000000005c400000 Y/10    Relocatable
 Small   0x000000005c400000 0x000000005c600000 0x000000005c600000 Y/10    Relocatable
 Small   0x000000005c800000 0x000000005ca00000 0x000000005ca00000 Y/10    Relocatable
 Small   0x000000005ca00000 0x000000005cc00000 0x000000005cc00000 Y/10    Relocatable
 Small   0x000000005cc00000 0x000000005ce00000 0x000000005ce00000 Y/10    Relocatable
 Small   0x000000005d000000 0x000000005d1ffec8 0x000000005d200000 Y/10    Relocatable
 Small   0x000000005d200000 0x000000005d3fffe0 0x000000005d400000 Y/10    Relocatable
 Small   0x000000005d400000 0x000000005d600000 0x000000005d600000 Y/10    Relocatable
 Small   0x000000005d800000 0x000000005da00000 0x000000005da00000 Y/10    Relocatable
 Small   0x000000005da00000 0x000000005dc00000 0x000000005dc00000 Y/10    Relocatable
 Small   0x000000005dc00000 0x000000005de00000 0x000000005de00000 Y/10    Relocatable
 Small   0x000000005de00000 0x000000005dffffe8 0x000000005e000000 O/7     Relocatable
 Small   0x000000005e000000 0x000000005e200000 0x000000005e200000 Y/10    Relocatable
 Small   0x000000005e400000 0x000000005e600000 0x000000005e600000 Y/10    Relocatable
 Small   0x000000005e600000 0x000000005e800000 0x000000005e800000 Y/10    Relocatable
 Small   0x000000005e800000 0x000000005ea00000 0x000000005ea00000 Y/10    Relocatable
 Small   0x000000005ea00000 0x000000005ec00000 0x000000005ec00000 Y/10    Relocatable
 Small   0x000000005ec00000 0x000000005ee00000 0x000000005ee00000 Y/10    Relocatable
 Small   0x000000005ee00000 0x000000005f000000 0x000000005f000000 Y/10    Relocatable
 Small   0x000000005f000000 0x000000005f200000 0x000000005f200000 Y/10    Relocatable
 Small   0x000000005f200000 0x000000005f3fffa8 0x000000005f400000 Y/10    Relocatable
 Small   0x000000005f600000 0x000000005f7fffd0 0x000000005f800000 Y/10    Relocatable
 Small   0x000000005f800000 0x000000005fa00000 0x000000005fa00000 Y/10    Relocatable
 Small   0x000000005fa00000 0x000000005fc00000 0x000000005fc00000 Y/10    Relocatable
 Small   0x0000000060400000 0x0000000060600000 0x0000000060600000 O/7     Relocatable
 Small   0x0000000060600000 0x0000000060800000 0x0000000060800000 Y/10    Relocatable
 Small   0x0000000060800000 0x0000000060a00000 0x0000000060a00000 Y/10    Relocatable
 Small   0x0000000061000000 0x0000000061200000 0x0000000061200000 Y/10    Relocatable
 Small   0x0000000061400000 0x0000000061600000 0x0000000061600000 Y/10    Relocatable
 Small   0x0000000061600000 0x0000000061800000 0x0000000061800000 Y/10    Relocatable
 Small   0x0000000061a00000 0x0000000061bffe38 0x0000000061c00000 O/8     Relocatable
 Small   0x0000000062000000 0x0000000062200000 0x0000000062200000 Y/10    Relocatable
 Small   0x0000000062200000 0x0000000062400000 0x0000000062400000 O/8     Relocatable
 Small   0x0000000062400000 0x00000000625fffc8 0x0000000062600000 Y/10    Relocatable
 Small   0x0000000063800000 0x0000000063a00000 0x0000000063a00000 Y/10    Relocatable
 Small   0x0000000063a00000 0x0000000063c00000 0x0000000063c00000 Y/10    Relocatable
 Small   0x0000000063c00000 0x0000000063e00000 0x0000000063e00000 Y/10    Relocatable
 Small   0x0000000063e00000 0x0000000063fffff8 0x0000000064000000 Y/10    Relocatable
 Small   0x0000000064800000 0x00000000649fffc8 0x0000000064a00000 Y/10    Relocatable
 Small   0x0000000064e00000 0x0000000065000000 0x0000000065000000 Y/10    Relocatable
 Small   0x0000000065000000 0x00000000651fffd8 0x0000000065200000 Y/10    Relocatable
 Small   0x0000000065200000 0x0000000065400000 0x0000000065400000 Y/10    Relocatable
 Small   0x0000000065400000 0x0000000065600000 0x0000000065600000 Y/10    Relocatable
 Small   0x0000000065600000 0x0000000065800000 0x0000000065800000 Y/10    Relocatable
 Small   0x0000000065800000 0x0000000065a00000 0x0000000065a00000 Y/10    Relocatable
 Small   0x0000000067c00000 0x0000000067e00000 0x0000000067e00000 Y/10    Relocatable
 Small   0x0000000068000000 0x0000000068200000 0x0000000068200000 Y/10    Relocatable
 Small   0x0000000068a00000 0x0000000068c00000 0x0000000068c00000 Y/10    Relocatable
 Small   0x0000000068e00000 0x0000000069000000 0x0000000069000000 O/8     Relocatable
 Small   0x0000000069200000 0x00000000693fffe0 0x0000000069400000 Y/10    Relocatable
 Small   0x0000000069400000 0x0000000069600000 0x0000000069600000 Y/10    Relocatable
 Small   0x0000000069600000 0x0000000069800000 0x0000000069800000 Y/10    Relocatable
 Small   0x0000000069800000 0x0000000069a00000 0x0000000069a00000 Y/10    Relocatable
 Small   0x0000000069a00000 0x0000000069c00000 0x0000000069c00000 Y/10    Relocatable
 Small   0x0000000069c00000 0x0000000069dfffd0 0x0000000069e00000 O/7     Relocatable
 Small   0x000000006a000000 0x000000006a200000 0x000000006a200000 Y/10    Relocatable
 Small   0x000000006a200000 0x000000006a400000 0x000000006a400000 Y/10    Relocatable
 Small   0x000000006a400000 0x000000006a600000 0x000000006a600000 Y/10    Relocatable
 Small   0x000000006a600000 0x000000006a7fffe0 0x000000006a800000 O/8     Relocatable
 Small   0x000000006ac00000 0x000000006ae00000 0x000000006ae00000 Y/10    Relocatable
 Small   0x000000006ae00000 0x000000006b000000 0x000000006b000000 Y/10    Relocatable
 Small   0x000000006b600000 0x000000006b800000 0x000000006b800000 Y/10    Relocatable
 Small   0x000000006b800000 0x000000006ba00000 0x000000006ba00000 Y/10    Relocatable
 Small   0x000000006ba00000 0x000000006bc00000 0x000000006bc00000 Y/10    Relocatable
 Small   0x000000006bc00000 0x000000006be00000 0x000000006be00000 Y/10    Relocatable
 Small   0x000000006be00000 0x000000006c000000 0x000000006c000000 Y/10    Relocatable
 Small   0x000000006c800000 0x000000006c9ffff8 0x000000006ca00000 O/8     Relocatable
 Small   0x000000006cc00000 0x000000006cdfffb8 0x000000006ce00000 O/7     Relocatable
 Small   0x000000006d200000 0x000000006d3fffc0 0x000000006d400000 Y/10    Relocatable
 Small   0x000000006d400000 0x000000006d600000 0x000000006d600000 Y/10    Relocatable
 Small   0x000000006d600000 0x000000006d800000 0x000000006d800000 Y/10    Relocatable
 Small   0x000000006da00000 0x000000006dc00000 0x000000006dc00000 Y/10    Relocatable
 Small   0x000000006de00000 0x000000006e000000 0x000000006e000000 Y/10    Relocatable
 Small   0x000000006e000000 0x000000006e200000 0x000000006e200000 Y/10    Relocatable
 Small   0x000000006ea00000 0x000000006ebfffd8 0x000000006ec00000 Y/10    Relocatable
 Small   0x000000006ee00000 0x000000006efffff8 0x000000006f000000 O/8     Relocatable
 Small   0x000000006f800000 0x000000006fa00000 0x000000006fa00000 Y/10    Relocatable
 Small   0x000000006fa00000 0x000000006fc00000 0x000000006fc00000 Y/10    Relocatable
 Small   0x000000006fc00000 0x000000006fe00000 0x000000006fe00000 Y/10    Relocatable
 Small   0x000000006fe00000 0x0000000070000000 0x0000000070000000 Y/10    Relocatable
 Small   0x0000000070000000 0x0000000070200000 0x0000000070200000 Y/10    Relocatable
 Small   0x0000000070200000 0x0000000070400000 0x0000000070400000 Y/10    Relocatable
 Small   0x0000000070600000 0x0000000070800000 0x0000000070800000 O/8     Relocatable
 Small   0x0000000070800000 0x0000000070a00000 0x0000000070a00000 Y/10    Relocatable
 Small   0x0000000070c00000 0x0000000070e00000 0x0000000070e00000 Y/10    Relocatable
 Small   0x0000000072000000 0x0000000072200000 0x0000000072200000 Y/11    Allocating 
 Small   0x0000000072200000 0x0000000072400000 0x0000000072400000 Y/10    Relocatable
 Small   0x0000000072400000 0x0000000072600000 0x0000000072600000 Y/10    Relocatable
 Small   0x0000000072600000 0x0000000072800000 0x0000000072800000 Y/10    Relocatable
 Small   0x0000000072a00000 0x0000000072bfffc8 0x0000000072c00000 O/8     Relocatable
 Small   0x0000000072c00000 0x0000000072dfffe8 0x0000000072e00000 Y/10    Relocatable
 Small   0x0000000072e00000 0x0000000073000000 0x0000000073000000 Y/10    Relocatable
 Small   0x0000000073000000 0x0000000073200000 0x0000000073200000 Y/10    Relocatable
 Small   0x0000000073200000 0x00000000733fffd8 0x0000000073400000 O/8     Relocatable
 Small   0x0000000073c00000 0x0000000073dfff78 0x0000000073e00000 Y/10    Relocatable
 Small   0x0000000074000000 0x0000000074200000 0x0000000074200000 Y/10    Relocatable
 Small   0x0000000074400000 0x0000000074600000 0x0000000074600000 Y/10    Relocatable
 Small   0x0000000074600000 0x0000000074800000 0x0000000074800000 Y/10    Relocatable
 Small   0x0000000074800000 0x0000000074a00000 0x0000000074a00000 Y/10    Relocatable
 Small   0x0000000074a00000 0x0000000074c00000 0x0000000074c00000 Y/10    Relocatable
 Small   0x0000000074c00000 0x0000000074c00020 0x0000000074e00000 O/8     Relocatable
 Small   0x0000000075200000 0x0000000075400000 0x0000000075400000 Y/10    Relocatable
 Small   0x0000000075a00000 0x0000000075bfffb8 0x0000000075c00000 Y/10    Relocatable
 Small   0x0000000076600000 0x00000000767ffff0 0x0000000076800000 Y/10    Relocatable
 Small   0x0000000076800000 0x00000000769fffb8 0x0000000076a00000 Y/10    Relocatable
 Small   0x0000000076a00000 0x0000000076c00000 0x0000000076c00000 Y/10    Relocatable
 Small   0x0000000076c00000 0x0000000076e00000 0x0000000076e00000 Y/10    Relocatable
 Small   0x0000000077000000 0x0000000077200000 0x0000000077200000 Y/11    Allocating 
 Small   0x0000000077c00000 0x0000000077e00000 0x0000000077e00000 O/8     Relocatable
 Small   0x0000000078000000 0x0000000078200000 0x0000000078200000 Y/10    Relocatable
 Small   0x0000000078400000 0x0000000078600000 0x0000000078600000 Y/10    Relocatable
 Small   0x0000000078600000 0x0000000078800000 0x0000000078800000 Y/10    Relocatable
 Small   0x0000000078800000 0x00000000789fffc8 0x0000000078a00000 Y/10    Relocatable
 Small   0x0000000078e00000 0x0000000079000000 0x0000000079000000 Y/10    Relocatable
 Small   0x0000000079400000 0x0000000079600000 0x0000000079600000 Y/10    Relocatable
 Small   0x0000000079800000 0x0000000079a00000 0x0000000079a00000 Y/10    Relocatable
 Small   0x0000000079a00000 0x0000000079c00000 0x0000000079c00000 Y/10    Relocatable
 Small   0x0000000079c00000 0x0000000079dfffd0 0x0000000079e00000 O/7     Relocatable
 Small   0x0000000079e00000 0x0000000079ffffe0 0x000000007a000000 Y/10    Relocatable
 Small   0x000000007a200000 0x000000007a3ffff8 0x000000007a400000 O/8     Relocatable
 Small   0x000000007aa00000 0x000000007ac00000 0x000000007ac00000 Y/10    Relocatable
 Small   0x000000007ac00000 0x000000007ae00000 0x000000007ae00000 Y/10    Relocatable
 Small   0x000000007b000000 0x000000007b200000 0x000000007b200000 Y/11    Allocating 
 Small   0x000000007b600000 0x000000007b800000 0x000000007b800000 Y/10    Relocatable
 Small   0x000000007be00000 0x000000007c000000 0x000000007c000000 Y/11    Allocating 
 Small   0x000000007c200000 0x000000007c3fffe8 0x000000007c400000 O/8     Relocatable
 Small   0x000000007c400000 0x000000007c5fffe8 0x000000007c600000 Y/10    Relocatable
 Small   0x000000007c600000 0x000000007c800000 0x000000007c800000 Y/10    Relocatable
 Small   0x000000007ce00000 0x000000007cffffb0 0x000000007d000000 Y/10    Relocatable
 Small   0x000000007d800000 0x000000007da00000 0x000000007da00000 Y/11    Allocating 
 Small   0x000000007dc00000 0x000000007de00000 0x000000007de00000 Y/11    Allocating 
 Small   0x000000007de00000 0x000000007dfffff8 0x000000007e000000 O/8     Relocatable
 Small   0x000000007f000000 0x000000007f1f3d80 0x000000007f200000 Y/10    Relocatable
 Small   0x000000007f200000 0x000000007f3ffff8 0x000000007f400000 Y/10    Relocatable
 Small   0x000000007fa00000 0x000000007fc00000 0x000000007fc00000 Y/10    Relocatable
 Small   0x0000000080200000 0x00000000803fffb8 0x0000000080400000 Y/10    Relocatable
 Small   0x0000000081600000 0x00000000817fffe0 0x0000000081800000 Y/10    Relocatable
 Small   0x0000000081a00000 0x0000000081c00000 0x0000000081c00000 Y/10    Relocatable
 Small   0x0000000082200000 0x00000000823ffff8 0x0000000082400000 O/8     Relocatable
 Small   0x0000000082600000 0x00000000827fffd0 0x0000000082800000 O/8     Relocatable
 Small   0x0000000085200000 0x00000000853ffff8 0x0000000085400000 O/8     Relocatable
 Small   0x0000000085400000 0x00000000855fffa8 0x0000000085600000 O/7     Relocatable
 Small   0x0000000085c00000 0x0000000085dfffb0 0x0000000085e00000 Y/10    Relocatable
 Small   0x0000000086600000 0x0000000086800000 0x0000000086800000 Y/10    Relocatable
 Small   0x0000000086800000 0x0000000086a00000 0x0000000086a00000 Y/10    Relocatable
 Small   0x0000000086a00000 0x0000000086bfffd8 0x0000000086c00000 Y/10    Relocatable
 Small   0x0000000087000000 0x0000000087200000 0x0000000087200000 O/8     Relocatable
 Small   0x0000000088000000 0x00000000881fffe8 0x0000000088200000 Y/10    Relocatable
 Small   0x0000000088800000 0x00000000889fffe0 0x0000000088a00000 O/8     Relocatable
 Small   0x000000008a400000 0x000000008a5ffff0 0x000000008a600000 O/7     Relocatable
 Small   0x000000008a800000 0x000000008a9ffff0 0x000000008aa00000 Y/10    Relocatable
 Small   0x000000008ac00000 0x000000008adfffe0 0x000000008ae00000 Y/10    Relocatable
 Small   0x000000008ae00000 0x000000008aef7720 0x000000008b000000 Y/10    Relocatable
 Small   0x000000008b000000 0x000000008b200000 0x000000008b200000 Y/10    Relocatable
 Small   0x000000008ba00000 0x000000008bbfffe8 0x000000008bc00000 Y/10    Relocatable
 Small   0x000000008c200000 0x000000008c3fff80 0x000000008c400000 O/8     Relocatable
 Small   0x000000008d200000 0x000000008d400000 0x000000008d400000 Y/10    Relocatable
 Small   0x000000008e000000 0x000000008e0002d8 0x000000008e200000 Y/10    Relocatable
 Small   0x000000008f200000 0x000000008f3fffe8 0x000000008f400000 Y/10    Relocatable
 Small   0x000000008f600000 0x000000008f800000 0x000000008f800000 Y/11    Allocating 
 Small   0x000000008fa00000 0x000000008fbfffb8 0x000000008fc00000 Y/10    Relocatable
 Small   0x000000008fc00000 0x000000008fdfffa8 0x000000008fe00000 Y/10    Relocatable
 Small   0x000000008fe00000 0x000000008fffffd0 0x0000000090000000 Y/10    Relocatable
 Small   0x0000000090a00000 0x0000000090bffff8 0x0000000090c00000 O/8     Relocatable
 Small   0x0000000091800000 0x0000000091a00000 0x0000000091a00000 Y/10    Relocatable
 Small   0x0000000091a00000 0x0000000091c00000 0x0000000091c00000 Y/10    Relocatable
 Small   0x0000000091c00000 0x0000000091dfffe0 0x0000000091e00000 O/8     Relocatable
 Small   0x0000000092a00000 0x0000000092c00000 0x0000000092c00000 Y/10    Relocatable
 Small   0x0000000092e00000 0x0000000092ffffe8 0x0000000093000000 O/7     Relocatable
 Small   0x0000000093200000 0x00000000933fffe0 0x0000000093400000 Y/10    Relocatable
 Small   0x0000000093400000 0x0000000093600000 0x0000000093600000 Y/10    Relocatable
 Small   0x0000000093600000 0x0000000093800000 0x0000000093800000 Y/10    Relocatable
 Small   0x0000000093800000 0x0000000093a00000 0x0000000093a00000 Y/10    Relocatable
 Small   0x0000000093a00000 0x0000000093c00000 0x0000000093c00000 Y/10    Relocatable
 Small   0x0000000094000000 0x00000000941fff58 0x0000000094200000 Y/10    Relocatable
 Small   0x0000000094200000 0x00000000943fffc8 0x0000000094400000 Y/10    Relocatable
 Small   0x0000000094a00000 0x0000000094c00000 0x0000000094c00000 Y/10    Relocatable
 Small   0x0000000095000000 0x0000000095200000 0x0000000095200000 Y/10    Relocatable
 Small   0x0000000095200000 0x00000000953fc2b0 0x0000000095400000 O/7     Relocatable
 Small   0x0000000095400000 0x0000000095600000 0x0000000095600000 Y/10    Relocatable
 Small   0x0000000095c00000 0x0000000095dfffe0 0x0000000095e00000 O/8     Relocatable
 Small   0x0000000095e00000 0x0000000096000000 0x0000000096000000 Y/10    Relocatable
 Small   0x0000000096400000 0x0000000096600000 0x0000000096600000 Y/10    Relocatable
 Small   0x0000000096600000 0x00000000967c4fa0 0x0000000096800000 O/8     Relocatable
 Small   0x0000000096c00000 0x0000000096e00000 0x0000000096e00000 Y/10    Relocatable
 Small   0x0000000096e00000 0x0000000097000000 0x0000000097000000 Y/10    Relocatable
 Small   0x0000000097600000 0x0000000097800000 0x0000000097800000 Y/10    Relocatable
 Small   0x0000000097e00000 0x0000000098000000 0x0000000098000000 Y/10    Relocatable
 Small   0x0000000098000000 0x0000000098200000 0x0000000098200000 Y/10    Relocatable
 Small   0x0000000098400000 0x0000000098600000 0x0000000098600000 Y/10    Relocatable
 Small   0x0000000098600000 0x0000000098800000 0x0000000098800000 Y/10    Relocatable
 Small   0x0000000098800000 0x0000000098a00000 0x0000000098a00000 Y/10    Relocatable
 Small   0x0000000099200000 0x00000000993fffb0 0x0000000099400000 Y/10    Relocatable
 Small   0x0000000099400000 0x0000000099600000 0x0000000099600000 Y/10    Relocatable
 Small   0x0000000099a00000 0x0000000099bfff90 0x0000000099c00000 O/8     Relocatable
 Small   0x0000000099c00000 0x0000000099e00000 0x0000000099e00000 Y/10    Relocatable
 Small   0x0000000099e00000 0x000000009a000000 0x000000009a000000 Y/10    Relocatable
 Small   0x000000009a000000 0x000000009a200000 0x000000009a200000 Y/10    Relocatable
 Small   0x000000009a200000 0x000000009a400000 0x000000009a400000 Y/10    Relocatable
 Small   0x000000009a400000 0x000000009a600000 0x000000009a600000 Y/10    Relocatable
 Small   0x000000009a600000 0x000000009a800000 0x000000009a800000 Y/10    Relocatable
 Small   0x000000009a800000 0x000000009aa00000 0x000000009aa00000 Y/10    Relocatable
 Small   0x000000009b000000 0x000000009b200000 0x000000009b200000 Y/10    Relocatable
 Small   0x000000009b200000 0x000000009b400000 0x000000009b400000 Y/10    Relocatable
 Small   0x000000009b600000 0x000000009b7ffff0 0x000000009b800000 O/8     Relocatable
 Small   0x000000009c200000 0x000000009c400000 0x000000009c400000 Y/10    Relocatable
 Small   0x000000009c400000 0x000000009c600000 0x000000009c600000 Y/10    Relocatable
 Small   0x000000009ce00000 0x000000009cfffff0 0x000000009d000000 O/8     Relocatable
 Small   0x000000009d600000 0x000000009d800000 0x000000009d800000 Y/10    Relocatable
 Small   0x000000009d800000 0x000000009d9fffe0 0x000000009da00000 O/7     Relocatable
 Small   0x000000009dc00000 0x000000009de00000 0x000000009de00000 Y/10    Relocatable
 Small   0x000000009e000000 0x000000009e1fffd8 0x000000009e200000 O/7     Relocatable
 Small   0x000000009ec00000 0x000000009ee00000 0x000000009ee00000 Y/10    Relocatable
 Small   0x000000009ee00000 0x000000009f000000 0x000000009f000000 O/8     Relocatable
 Small   0x000000009f000000 0x000000009f200000 0x000000009f200000 Y/10    Relocatable
 Small   0x000000009fc00000 0x000000009fdfffe0 0x000000009fe00000 O/8     Relocatable
 Small   0x00000000a0000000 0x00000000a0200000 0x00000000a0200000 Y/10    Relocatable
 Small   0x00000000a0200000 0x00000000a0400000 0x00000000a0400000 Y/10    Relocatable
 Small   0x00000000a0e00000 0x00000000a0fd4588 0x00000000a1000000 O/8     Relocatable
 Small   0x00000000a1200000 0x00000000a1400000 0x00000000a1400000 Y/10    Relocatable
 Small   0x00000000a1400000 0x00000000a1600000 0x00000000a1600000 Y/10    Relocatable
 Small   0x00000000a1600000 0x00000000a1800000 0x00000000a1800000 Y/10    Relocatable
 Small   0x00000000a2600000 0x00000000a2800000 0x00000000a2800000 Y/10    Relocatable
 Small   0x00000000a2800000 0x00000000a2a00000 0x00000000a2a00000 Y/10    Relocatable
 Small   0x00000000a3600000 0x00000000a3800000 0x00000000a3800000 Y/10    Relocatable
 Small   0x00000000a3800000 0x00000000a3a00000 0x00000000a3a00000 Y/10    Relocatable
 Small   0x00000000a4200000 0x00000000a43fffd0 0x00000000a4400000 Y/10    Relocatable
 Small   0x00000000a4600000 0x00000000a4800000 0x00000000a4800000 O/8     Relocatable
 Small   0x00000000a4a00000 0x00000000a4c00000 0x00000000a4c00000 Y/10    Relocatable
 Small   0x00000000a4c00000 0x00000000a4e00000 0x00000000a4e00000 Y/10    Relocatable
 Small   0x00000000a4e00000 0x00000000a5000000 0x00000000a5000000 O/8     Relocatable
 Small   0x00000000a5200000 0x00000000a5400000 0x00000000a5400000 O/7     Relocatable
 Small   0x00000000a5e00000 0x00000000a6000000 0x00000000a6000000 Y/10    Relocatable
 Small   0x00000000a6000000 0x00000000a6200000 0x00000000a6200000 Y/10    Relocatable
 Small   0x00000000a6200000 0x00000000a6400000 0x00000000a6400000 O/8     Relocatable
 Small   0x00000000a6a00000 0x00000000a6bffff8 0x00000000a6c00000 O/8     Relocatable
 Small   0x00000000a7000000 0x00000000a71fffe8 0x00000000a7200000 O/8     Relocatable
 Small   0x00000000a7400000 0x00000000a7600000 0x00000000a7600000 Y/10    Relocatable
 Small   0x00000000a7a00000 0x00000000a7c00000 0x00000000a7c00000 Y/10    Relocatable
 Small   0x00000000a8000000 0x00000000a81fffe0 0x00000000a8200000 O/7     Relocatable
 Small   0x00000000a8a00000 0x00000000a8c00000 0x00000000a8c00000 Y/10    Relocatable
 Small   0x00000000a8c00000 0x00000000a8e00000 0x00000000a8e00000 Y/10    Relocatable
 Small   0x00000000a9a00000 0x00000000a9c00000 0x00000000a9c00000 O/7     Relocatable
 Small   0x00000000a9c00000 0x00000000a9e00000 0x00000000a9e00000 O/8     Relocatable
 Small   0x00000000aa000000 0x00000000aa200000 0x00000000aa200000 Y/10    Relocatable
 Small   0x00000000aa200000 0x00000000aa400000 0x00000000aa400000 Y/10    Relocatable
 Small   0x00000000aaa00000 0x00000000aac00000 0x00000000aac00000 O/8     Relocatable
 Small   0x00000000ab400000 0x00000000ab600000 0x00000000ab600000 Y/10    Relocatable
 Small   0x00000000ab800000 0x00000000aba00000 0x00000000aba00000 Y/10    Relocatable
 Small   0x00000000aba00000 0x00000000abbfffd0 0x00000000abc00000 O/8     Relocatable
 Small   0x00000000ac600000 0x00000000ac800000 0x00000000ac800000 Y/10    Relocatable
 Small   0x00000000ac800000 0x00000000aca00000 0x00000000aca00000 Y/10    Relocatable
 Small   0x00000000acc00000 0x00000000acdffff8 0x00000000ace00000 O/8     Relocatable
 Small   0x00000000ad200000 0x00000000ad3ed558 0x00000000ad400000 Y/10    Relocatable
 Small   0x00000000ad800000 0x00000000ada00000 0x00000000ada00000 Y/10    Relocatable
 Small   0x00000000ada00000 0x00000000adc00000 0x00000000adc00000 Y/10    Relocatable
 Small   0x00000000ae000000 0x00000000ae200000 0x00000000ae200000 Y/10    Relocatable
 Small   0x00000000af000000 0x00000000af200000 0x00000000af200000 Y/10    Relocatable
 Small   0x00000000af200000 0x00000000af400000 0x00000000af400000 Y/10    Relocatable
 Small   0x00000000b0000000 0x00000000b0200000 0x00000000b0200000 Y/10    Relocatable
 Small   0x00000000b0400000 0x00000000b0600000 0x00000000b0600000 Y/10    Relocatable
 Small   0x00000000b0800000 0x00000000b0a00000 0x00000000b0a00000 Y/10    Relocatable
 Small   0x00000000b0c00000 0x00000000b0e00000 0x00000000b0e00000 O/7     Relocatable
 Small   0x00000000b1800000 0x00000000b1a00000 0x00000000b1a00000 Y/10    Relocatable
 Small   0x00000000b2000000 0x00000000b2200000 0x00000000b2200000 Y/10    Relocatable
 Small   0x00000000b2a00000 0x00000000b2bffff8 0x00000000b2c00000 Y/10    Relocatable
 Small   0x00000000b3400000 0x00000000b35ffff0 0x00000000b3600000 Y/10    Relocatable
 Small   0x00000000b3600000 0x00000000b3700000 0x00000000b3800000 Y/10    Relocatable
 Small   0x00000000b3a00000 0x00000000b3bffff0 0x00000000b3c00000 Y/10    Relocatable
 Small   0x00000000b3c00000 0x00000000b3dffff0 0x00000000b3e00000 Y/10    Relocatable
 Small   0x00000000b4200000 0x00000000b43fffb8 0x00000000b4400000 Y/10    Relocatable
 Small   0x00000000b4400000 0x00000000b45ffff8 0x00000000b4600000 Y/10    Relocatable
 Small   0x00000000b4800000 0x00000000b49fffa0 0x00000000b4a00000 Y/10    Relocatable
 Small   0x00000000b4a00000 0x00000000b4bfffb0 0x00000000b4c00000 Y/10    Relocatable
 Small   0x00000000b4c00000 0x00000000b4dfffc0 0x00000000b4e00000 Y/10    Relocatable
 Small   0x00000000b4e00000 0x00000000b4fffff8 0x00000000b5000000 O/7     Relocatable
 Small   0x00000000b5400000 0x00000000b5600000 0x00000000b5600000 Y/10    Relocatable
 Small   0x00000000b5a00000 0x00000000b5c00000 0x00000000b5c00000 Y/10    Relocatable
 Small   0x00000000b6200000 0x00000000b6400000 0x00000000b6400000 Y/10    Relocatable
 Small   0x00000000b6800000 0x00000000b6801aa8 0x00000000b6a00000 Y/10    Relocatable
 Small   0x00000000b6e00000 0x00000000b7000000 0x00000000b7000000 Y/10    Relocatable
 Small   0x00000000b7000000 0x00000000b71fffd0 0x00000000b7200000 Y/10    Relocatable
 Small   0x00000000b7200000 0x00000000b73fffe8 0x00000000b7400000 O/8     Relocatable
 Small   0x00000000b7400000 0x00000000b75ffff8 0x00000000b7600000 Y/10    Relocatable
 Small   0x00000000b8000000 0x00000000b81ffff0 0x00000000b8200000 Y/10    Relocatable
 Small   0x00000000b8a00000 0x00000000b8c00000 0x00000000b8c00000 Y/10    Relocatable
 Small   0x00000000b9600000 0x00000000b9800000 0x00000000b9800000 Y/11    Allocating 
 Small   0x00000000b9800000 0x00000000b9a00000 0x00000000b9a00000 Y/10    Relocatable
 Small   0x00000000b9a00000 0x00000000b9bfffe8 0x00000000b9c00000 O/8     Relocatable
 Small   0x00000000ba000000 0x00000000ba080000 0x00000000ba200000 Y/11    Allocating 
 Small   0x00000000ba200000 0x00000000ba3fffe8 0x00000000ba400000 Y/10    Relocatable
 Small   0x00000000baa00000 0x00000000babfffb8 0x00000000bac00000 Y/10    Relocatable
 Small   0x00000000bac00000 0x00000000badfff90 0x00000000bae00000 O/8     Relocatable
 Small   0x00000000bb400000 0x00000000bb5fffb0 0x00000000bb600000 Y/10    Relocatable
 Small   0x00000000bb600000 0x00000000bb7ffff0 0x00000000bb800000 O/7     Relocatable
 Small   0x00000000bc200000 0x00000000bc400000 0x00000000bc400000 Y/11    Allocating 
 Small   0x00000000bd000000 0x00000000bd1ffff8 0x00000000bd200000 O/7     Relocatable
 Small   0x00000000bde00000 0x00000000bdfc3b08 0x00000000be000000 O/8     Relocatable
 Small   0x00000000be400000 0x00000000be5ffff8 0x00000000be600000 Y/10    Relocatable
 Small   0x00000000bee00000 0x00000000bf000000 0x00000000bf000000 Y/10    Relocatable
 Small   0x00000000bf000000 0x00000000bf200000 0x00000000bf200000 Y/10    Relocatable
 Small   0x00000000bf400000 0x00000000bf600000 0x00000000bf600000 Y/10    Relocatable
 Small   0x00000000bf600000 0x00000000bf800000 0x00000000bf800000 Y/10    Relocatable
 Small   0x00000000bf800000 0x00000000bfa00000 0x00000000bfa00000 Y/10    Relocatable
 Small   0x00000000bfa00000 0x00000000bfc00000 0x00000000bfc00000 Y/10    Relocatable
 Small   0x00000000c0200000 0x00000000c0400000 0x00000000c0400000 Y/10    Relocatable
 Small   0x00000000c1800000 0x00000000c1a00000 0x00000000c1a00000 O/8     Relocatable
 Small   0x00000000c1e00000 0x00000000c1ffffc0 0x00000000c2000000 O/8     Relocatable
 Small   0x00000000c2000000 0x00000000c2200000 0x00000000c2200000 Y/10    Relocatable
 Small   0x00000000c3800000 0x00000000c3a00000 0x00000000c3a00000 Y/10    Relocatable
 Small   0x00000000c3a00000 0x00000000c3c00000 0x00000000c3c00000 Y/10    Relocatable
 Small   0x00000000c3e00000 0x00000000c3ffffd8 0x00000000c4000000 O/8     Relocatable
 Small   0x00000000c4800000 0x00000000c4a00000 0x00000000c4a00000 Y/10    Relocatable
 Small   0x00000000c4e00000 0x00000000c4ffffe8 0x00000000c5000000 O/7     Relocatable
 Small   0x00000000c5800000 0x00000000c5a00000 0x00000000c5a00000 O/8     Relocatable
 Small   0x00000000c5e00000 0x00000000c5ffffc8 0x00000000c6000000 Y/10    Relocatable
 Small   0x00000000c6000000 0x00000000c6200000 0x00000000c6200000 Y/10    Relocatable
 Small   0x00000000c6600000 0x00000000c6800000 0x00000000c6800000 Y/11    Allocating 
 Small   0x00000000c6800000 0x00000000c69fffe8 0x00000000c6a00000 O/8     Relocatable
 Small   0x00000000c6a00000 0x00000000c6c00000 0x00000000c6c00000 Y/10    Relocatable
 Small   0x00000000c7200000 0x00000000c7400000 0x00000000c7400000 Y/10    Relocatable
 Small   0x00000000c7800000 0x00000000c79fffd8 0x00000000c7a00000 O/8     Relocatable
 Small   0x00000000c8600000 0x00000000c8800000 0x00000000c8800000 Y/10    Relocatable
 Small   0x00000000c8c00000 0x00000000c8e00000 0x00000000c8e00000 Y/10    Relocatable
 Small   0x00000000c9600000 0x00000000c9800000 0x00000000c9800000 Y/10    Relocatable
 Small   0x00000000c9800000 0x00000000c9a00000 0x00000000c9a00000 Y/10    Relocatable
 Small   0x00000000caa00000 0x00000000cac00000 0x00000000cac00000 Y/10    Relocatable
 Small   0x00000000cac00000 0x00000000cae00000 0x00000000cae00000 Y/10    Relocatable
 Small   0x00000000ccc00000 0x00000000ccdfff80 0x00000000cce00000 O/8     Relocatable
 Small   0x00000000cce00000 0x00000000ccffffe8 0x00000000cd000000 O/8     Relocatable
 Small   0x00000000cd800000 0x00000000cd9fffd0 0x00000000cda00000 Y/10    Relocatable
 Small   0x00000000d0600000 0x00000000d07fffa0 0x00000000d0800000 O/8     Relocatable
 Small   0x00000000d1600000 0x00000000d1782420 0x00000000d1800000 Y/10    Relocatable
 Small   0x00000000d4a00000 0x00000000d4c00000 0x00000000d4c00000 Y/10    Relocatable
 Small   0x00000000d5600000 0x00000000d57ffff0 0x00000000d5800000 O/8     Relocatable
 Small   0x00000000d7e00000 0x00000000d8000000 0x00000000d8000000 Y/10    Relocatable
 Small   0x00000000d8e00000 0x00000000d9000000 0x00000000d9000000 Y/10    Relocatable
 Small   0x00000000dd400000 0x00000000dd5ffff0 0x00000000dd600000 O/8     Relocatable
 Small   0x00000000dd600000 0x00000000dd7fffc0 0x00000000dd800000 O/8     Relocatable
 Small   0x00000000dec00000 0x00000000dee00000 0x00000000dee00000 O/8     Relocatable
 Small   0x00000000e2c00000 0x00000000e2e00000 0x00000000e2e00000 Y/10    Relocatable
 Small   0x00000000e3e00000 0x00000000e4000000 0x00000000e4000000 Y/10    Relocatable
 Small   0x00000000e7200000 0x00000000e7400000 0x00000000e7400000 O/8     Relocatable
 Small   0x00000000ef400000 0x00000000ef5fffd0 0x00000000ef600000 Y/10    Relocatable
 Small   0x00000000ef800000 0x00000000ef9ffff8 0x00000000efa00000 Y/10    Relocatable
 Small   0x00000000f0600000 0x00000000f06489e8 0x00000000f0800000 O/8     Relocatable
 Small   0x00000000f6400000 0x00000000f65ffff0 0x00000000f6600000 O/8     Relocatable
 Small   0x00000000f7e00000 0x00000000f7ffffc8 0x00000000f8000000 O/8     Relocatable
 Small   0x00000000fb600000 0x00000000fb763110 0x00000000fb800000 O/8     Relocatable
 Small   0x00000000fe400000 0x00000000fe600000 0x00000000fe600000 Y/10    Relocatable
 Small   0x0000000103800000 0x00000001039fff58 0x0000000103a00000 Y/10    Relocatable
 Small   0x0000000104e00000 0x0000000105000000 0x0000000105000000 Y/10    Relocatable
 Small   0x0000000105e00000 0x0000000105ffffd0 0x0000000106000000 Y/10    Relocatable
 Small   0x0000000107400000 0x0000000107600000 0x0000000107600000 O/8     Relocatable
 Small   0x0000000107c00000 0x0000000107e00000 0x0000000107e00000 Y/10    Relocatable
 Small   0x0000000108a00000 0x0000000108bffff0 0x0000000108c00000 Y/10    Relocatable
 Small   0x000000010b600000 0x000000010b7ffff8 0x000000010b800000 Y/10    Relocatable
 Small   0x000000010e800000 0x000000010e9ffff0 0x000000010ea00000 O/8     Relocatable
 Small   0x0000000113000000 0x00000001131fffe8 0x0000000113200000 Y/10    Relocatable
 Small   0x0000000113800000 0x00000001139fffe0 0x0000000113a00000 O/8     Relocatable
 Small   0x0000000115000000 0x00000001151fffe0 0x0000000115200000 Y/10    Relocatable
 Small   0x0000000115800000 0x000000011594ce50 0x0000000115a00000 Y/10    Relocatable
 Small   0x0000000118200000 0x00000001183ffff8 0x0000000118400000 Y/10    Relocatable
 Small   0x000000011ac00000 0x000000011ae00000 0x000000011ae00000 Y/10    Relocatable
 Small   0x000000011c400000 0x000000011c550db0 0x000000011c600000 O/8     Relocatable
 Small   0x000000011c800000 0x000000011c9ffff0 0x000000011ca00000 Y/10    Relocatable
 Small   0x0000000127c00000 0x0000000127dfffd8 0x0000000127e00000 Y/10    Relocatable
 Small   0x0000000127e00000 0x0000000128000000 0x0000000128000000 Y/10    Relocatable
 Small   0x0000000128000000 0x0000000128200000 0x0000000128200000 Y/10    Relocatable
 Small   0x0000000128600000 0x0000000128800000 0x0000000128800000 Y/10    Relocatable
 Small   0x000000012d200000 0x000000012d400000 0x000000012d400000 Y/10    Relocatable
 Small   0x000000012d800000 0x000000012da00000 0x000000012da00000 Y/10    Relocatable
 Small   0x0000000132e00000 0x0000000132ffffd0 0x0000000133000000 Y/10    Relocatable
 Small   0x0000000133000000 0x0000000133200000 0x0000000133200000 Y/10    Relocatable
 Small   0x0000000133a00000 0x0000000133c00000 0x0000000133c00000 Y/10    Relocatable
 Small   0x0000000133c00000 0x0000000133e00000 0x0000000133e00000 Y/10    Relocatable
 Small   0x0000000133e00000 0x0000000134000000 0x0000000134000000 Y/10    Relocatable
 Small   0x0000000134000000 0x00000001341f3f20 0x0000000134200000 Y/10    Relocatable
 Small   0x0000000134c00000 0x0000000134e00000 0x0000000134e00000 Y/10    Relocatable
 Small   0x0000000135000000 0x0000000135200000 0x0000000135200000 Y/10    Relocatable
 Small   0x0000000135400000 0x00000001355fff90 0x0000000135600000 Y/10    Relocatable
 Small   0x0000000135a00000 0x0000000135c00000 0x0000000135c00000 Y/10    Relocatable
 Small   0x0000000135c00000 0x0000000135e00000 0x0000000135e00000 Y/10    Relocatable
 Small   0x0000000135e00000 0x0000000136000000 0x0000000136000000 Y/10    Relocatable
 Small   0x0000000136000000 0x0000000136200000 0x0000000136200000 Y/10    Relocatable
 Small   0x0000000136200000 0x0000000136400000 0x0000000136400000 Y/10    Relocatable
 Small   0x0000000136c00000 0x0000000136e00000 0x0000000136e00000 Y/10    Relocatable
 Small   0x0000000136e00000 0x0000000137000000 0x0000000137000000 Y/10    Relocatable
 Small   0x0000000137000000 0x0000000137200000 0x0000000137200000 Y/10    Relocatable
 Small   0x0000000137600000 0x0000000137800000 0x0000000137800000 Y/10    Relocatable
 Small   0x0000000137800000 0x0000000137a00000 0x0000000137a00000 Y/10    Relocatable
 Small   0x0000000137a00000 0x0000000137bffff8 0x0000000137c00000 Y/10    Relocatable
 Small   0x0000000137c00000 0x0000000137e00000 0x0000000137e00000 Y/10    Relocatable
 Small   0x0000000138000000 0x0000000138200000 0x0000000138200000 Y/10    Relocatable
 Small   0x0000000138200000 0x0000000138400000 0x0000000138400000 Y/10    Relocatable
 Small   0x0000000138400000 0x0000000138600000 0x0000000138600000 Y/10    Relocatable
 Small   0x0000000138600000 0x0000000138800000 0x0000000138800000 Y/10    Relocatable
 Small   0x0000000138800000 0x0000000138a00000 0x0000000138a00000 Y/10    Relocatable
 Small   0x0000000139000000 0x0000000139200000 0x0000000139200000 Y/10    Relocatable
 Small   0x0000000139400000 0x0000000139600000 0x0000000139600000 Y/10    Relocatable
 Small   0x0000000139600000 0x0000000139800000 0x0000000139800000 Y/10    Relocatable
 Small   0x0000000139800000 0x0000000139a00000 0x0000000139a00000 Y/10    Relocatable
 Small   0x000000013a800000 0x000000013aa00000 0x000000013aa00000 Y/10    Relocatable
 Small   0x000000013d400000 0x000000013d600000 0x000000013d600000 Y/10    Relocatable
 Small   0x000000013d600000 0x000000013d800000 0x000000013d800000 Y/10    Relocatable
 Small   0x000000013d800000 0x000000013da00000 0x000000013da00000 Y/10    Relocatable
 Small   0x000000013da00000 0x000000013dc00000 0x000000013dc00000 Y/10    Relocatable
 Small   0x000000013dc00000 0x000000013de00000 0x000000013de00000 Y/10    Relocatable
 Small   0x000000013de00000 0x000000013e000000 0x000000013e000000 Y/10    Relocatable
 Small   0x000000013e200000 0x000000013e400000 0x000000013e400000 Y/10    Relocatable
 Small   0x000000013e400000 0x000000013e600000 0x000000013e600000 Y/10    Relocatable
 Small   0x000000013e600000 0x000000013e800000 0x000000013e800000 Y/10    Relocatable
 Small   0x000000013ec00000 0x000000013edfffd0 0x000000013ee00000 Y/10    Relocatable
 Small   0x000000013f000000 0x000000013f200000 0x000000013f200000 Y/10    Relocatable
 Small   0x000000013f200000 0x000000013f400000 0x000000013f400000 Y/10    Relocatable
 Small   0x000000013f400000 0x000000013f600000 0x000000013f600000 Y/10    Relocatable
 Small   0x000000013f600000 0x000000013f800000 0x000000013f800000 Y/10    Relocatable
 Small   0x000000013f800000 0x000000013fa00000 0x000000013fa00000 Y/10    Relocatable
 Small   0x000000013fa00000 0x000000013fc00000 0x000000013fc00000 Y/10    Relocatable
 Small   0x0000000140000000 0x0000000140200000 0x0000000140200000 Y/10    Relocatable
 Small   0x0000000140c00000 0x0000000140e00000 0x0000000140e00000 Y/10    Relocatable
 Small   0x0000000140e00000 0x0000000141000000 0x0000000141000000 Y/10    Relocatable
 Small   0x0000000141000000 0x0000000141200000 0x0000000141200000 Y/10    Relocatable
 Small   0x0000000141200000 0x0000000141400000 0x0000000141400000 Y/10    Relocatable
 Small   0x0000000142000000 0x0000000142200000 0x0000000142200000 Y/10    Relocatable
 Small   0x0000000142200000 0x0000000142400000 0x0000000142400000 Y/10    Relocatable
 Small   0x0000000142400000 0x0000000142600000 0x0000000142600000 Y/10    Relocatable
 Small   0x0000000142600000 0x0000000142800000 0x0000000142800000 Y/10    Relocatable
 Small   0x0000000142800000 0x0000000142a00000 0x0000000142a00000 Y/10    Relocatable
 Small   0x0000000142c00000 0x0000000142e00000 0x0000000142e00000 Y/10    Relocatable
 Small   0x0000000143600000 0x0000000143800000 0x0000000143800000 Y/10    Relocatable
 Small   0x0000000143800000 0x0000000143a00000 0x0000000143a00000 Y/10    Relocatable
 Small   0x0000000144800000 0x0000000144a00000 0x0000000144a00000 Y/10    Relocatable
 Small   0x0000000145e00000 0x0000000146000000 0x0000000146000000 Y/10    Relocatable
 Small   0x0000000146800000 0x0000000146a00000 0x0000000146a00000 Y/10    Relocatable
 Small   0x0000000146a00000 0x0000000146bffff0 0x0000000146c00000 Y/10    Relocatable
 Small   0x0000000147a00000 0x0000000147c00000 0x0000000147c00000 Y/10    Relocatable
 Small   0x0000000147c00000 0x0000000147e00000 0x0000000147e00000 Y/10    Relocatable
 Small   0x0000000148a00000 0x0000000148c00000 0x0000000148c00000 Y/10    Relocatable
 Small   0x0000000148c00000 0x0000000148e00000 0x0000000148e00000 Y/10    Relocatable
 Small   0x0000000148e00000 0x0000000149000000 0x0000000149000000 Y/10    Relocatable
 Small   0x0000000149400000 0x00000001495ffff8 0x0000000149600000 Y/10    Relocatable
 Small   0x0000000149a00000 0x0000000149bfffb0 0x0000000149c00000 Y/10    Relocatable
 Small   0x000000014a000000 0x000000014a200000 0x000000014a200000 Y/10    Relocatable
 Small   0x000000014a200000 0x000000014a400000 0x000000014a400000 Y/10    Relocatable
 Small   0x000000014aa00000 0x000000014abfffe0 0x000000014ac00000 Y/10    Relocatable
 Small   0x000000014ac00000 0x000000014ae00000 0x000000014ae00000 Y/10    Relocatable
 Small   0x000000014ae00000 0x000000014b000000 0x000000014b000000 Y/10    Relocatable
 Small   0x000000014b000000 0x000000014b200000 0x000000014b200000 Y/10    Relocatable
 Small   0x000000014b200000 0x000000014b400000 0x000000014b400000 Y/10    Relocatable
 Small   0x000000014b400000 0x000000014b600000 0x000000014b600000 Y/10    Relocatable
 Small   0x000000014bc00000 0x000000014be00000 0x000000014be00000 Y/10    Relocatable
 Small   0x000000014be00000 0x000000014be80000 0x000000014c000000 Y/11    Allocating 
 Small   0x000000014c000000 0x000000014c200000 0x000000014c200000 Y/10    Relocatable
 Small   0x000000014c200000 0x000000014c400000 0x000000014c400000 Y/10    Relocatable
 Small   0x000000014c400000 0x000000014c600000 0x000000014c600000 Y/10    Relocatable
 Small   0x000000014d000000 0x000000014d200000 0x000000014d200000 Y/10    Relocatable
 Small   0x000000014d200000 0x000000014d400000 0x000000014d400000 Y/10    Relocatable
 Small   0x000000014d800000 0x000000014d9ffff8 0x000000014da00000 Y/10    Relocatable
 Small   0x000000014dc00000 0x000000014de00000 0x000000014de00000 Y/10    Relocatable
 Small   0x000000014de00000 0x000000014e000000 0x000000014e000000 Y/10    Relocatable
 Small   0x000000014e200000 0x000000014e3fff90 0x000000014e400000 Y/10    Relocatable
 Small   0x000000014e600000 0x000000014e800000 0x000000014e800000 Y/10    Relocatable
 Small   0x000000014fa00000 0x000000014fc00000 0x000000014fc00000 Y/10    Relocatable
 Small   0x000000014fc00000 0x000000014fe00000 0x000000014fe00000 Y/10    Relocatable
 Small   0x000000014fe00000 0x0000000150000000 0x0000000150000000 Y/10    Relocatable
 Small   0x0000000150000000 0x0000000150200000 0x0000000150200000 Y/10    Relocatable
 Small   0x0000000150200000 0x0000000150400000 0x0000000150400000 Y/10    Relocatable
 Small   0x0000000150400000 0x0000000150600000 0x0000000150600000 Y/10    Relocatable
 Small   0x0000000150600000 0x0000000150800000 0x0000000150800000 Y/10    Relocatable
 Small   0x0000000150800000 0x0000000150a00000 0x0000000150a00000 Y/10    Relocatable
 Small   0x0000000150a00000 0x0000000150c00000 0x0000000150c00000 Y/10    Relocatable
 Small   0x0000000151800000 0x0000000151a00000 0x0000000151a00000 Y/10    Relocatable
 Small   0x0000000151c00000 0x0000000151e00000 0x0000000151e00000 Y/10    Relocatable
 Small   0x0000000151e00000 0x0000000152000000 0x0000000152000000 Y/10    Relocatable
 Small   0x0000000152000000 0x0000000152200000 0x0000000152200000 Y/10    Relocatable
 Small   0x0000000152200000 0x0000000152400000 0x0000000152400000 Y/10    Relocatable
 Small   0x0000000152400000 0x0000000152600000 0x0000000152600000 Y/10    Relocatable
 Small   0x0000000152a00000 0x0000000152c00000 0x0000000152c00000 Y/10    Relocatable
 Small   0x0000000152c00000 0x0000000152e00000 0x0000000152e00000 Y/10    Relocatable
 Small   0x0000000152e00000 0x0000000153000000 0x0000000153000000 Y/10    Relocatable
 Small   0x0000000153000000 0x0000000153200000 0x0000000153200000 Y/10    Relocatable
 Small   0x0000000153600000 0x00000001537fffe8 0x0000000153800000 Y/10    Relocatable
 Small   0x0000000153c00000 0x0000000153e00000 0x0000000153e00000 Y/10    Relocatable
 Small   0x0000000154800000 0x0000000154a00000 0x0000000154a00000 Y/10    Relocatable
 Small   0x0000000154a00000 0x0000000154c00000 0x0000000154c00000 Y/10    Relocatable
 Small   0x0000000154c00000 0x0000000154e00000 0x0000000154e00000 Y/10    Relocatable
 Small   0x0000000154e00000 0x0000000155000000 0x0000000155000000 Y/10    Relocatable
 Small   0x0000000155000000 0x0000000155200000 0x0000000155200000 Y/10    Relocatable
 Small   0x0000000155400000 0x00000001555fff88 0x0000000155600000 Y/10    Relocatable
 Small   0x0000000155600000 0x0000000155800000 0x0000000155800000 Y/10    Relocatable
 Small   0x0000000155800000 0x0000000155a00000 0x0000000155a00000 Y/10    Relocatable
 Small   0x0000000155a00000 0x0000000155c00000 0x0000000155c00000 Y/10    Relocatable
 Small   0x0000000156200000 0x00000001563f7720 0x0000000156400000 Y/10    Relocatable
 Small   0x0000000156a00000 0x0000000156c00000 0x0000000156c00000 Y/10    Relocatable
 Small   0x0000000156c00000 0x0000000156e00000 0x0000000156e00000 Y/10    Relocatable
 Small   0x0000000156e00000 0x0000000157000000 0x0000000157000000 Y/10    Relocatable
 Small   0x0000000157000000 0x0000000157200000 0x0000000157200000 Y/10    Relocatable
 Small   0x0000000157200000 0x0000000157400000 0x0000000157400000 Y/10    Relocatable
 Small   0x0000000157600000 0x0000000157800000 0x0000000157800000 Y/10    Relocatable
 Small   0x0000000157800000 0x0000000157a00000 0x0000000157a00000 Y/10    Relocatable
 Small   0x0000000157a00000 0x0000000157c00000 0x0000000157c00000 Y/10    Relocatable
 Small   0x0000000158000000 0x0000000158200000 0x0000000158200000 Y/10    Relocatable
 Small   0x0000000158200000 0x0000000158400000 0x0000000158400000 Y/10    Relocatable
 Small   0x0000000158400000 0x0000000158600000 0x0000000158600000 Y/10    Relocatable
 Small   0x0000000158800000 0x0000000158a00000 0x0000000158a00000 Y/10    Relocatable
 Small   0x0000000158a00000 0x0000000158bffff0 0x0000000158c00000 Y/10    Relocatable
 Small   0x0000000158c00000 0x0000000158dfff78 0x0000000158e00000 Y/10    Relocatable
 Small   0x0000000158e00000 0x0000000159000000 0x0000000159000000 Y/10    Relocatable
 Small   0x0000000159000000 0x0000000159200000 0x0000000159200000 Y/10    Relocatable
 Small   0x0000000159200000 0x0000000159400000 0x0000000159400000 Y/10    Relocatable
 Small   0x0000000159400000 0x0000000159600000 0x0000000159600000 Y/10    Relocatable
 Small   0x0000000159600000 0x0000000159800000 0x0000000159800000 Y/10    Relocatable
 Small   0x0000000159a00000 0x0000000159c00000 0x0000000159c00000 Y/10    Relocatable
 Small   0x0000000159c00000 0x0000000159e00000 0x0000000159e00000 Y/10    Relocatable
 Small   0x000000015a000000 0x000000015a200000 0x000000015a200000 Y/10    Relocatable
 Small   0x000000015a800000 0x000000015aa00000 0x000000015aa00000 Y/10    Relocatable
 Small   0x000000015b400000 0x000000015b600000 0x000000015b600000 Y/10    Relocatable
 Small   0x000000015b600000 0x000000015b6c0000 0x000000015b800000 Y/10    Relocatable
 Small   0x000000015ba00000 0x000000015bc00000 0x000000015bc00000 Y/10    Relocatable
 Small   0x000000015bc00000 0x000000015be00000 0x000000015be00000 Y/10    Relocatable
 Small   0x000000015be00000 0x000000015c000000 0x000000015c000000 Y/10    Relocatable
 Small   0x000000015c000000 0x000000015c200000 0x000000015c200000 Y/10    Relocatable
 Small   0x000000015c600000 0x000000015c800000 0x000000015c800000 Y/10    Relocatable
 Small   0x000000015c800000 0x000000015ca00000 0x000000015ca00000 Y/10    Relocatable
 Small   0x000000015cc00000 0x000000015ce00000 0x000000015ce00000 Y/10    Relocatable
 Small   0x000000015d200000 0x000000015d400000 0x000000015d400000 Y/10    Relocatable
 Small   0x000000015de00000 0x000000015e000000 0x000000015e000000 Y/10    Relocatable
 Small   0x000000015e000000 0x000000015e200000 0x000000015e200000 Y/10    Relocatable
 Small   0x000000015e200000 0x000000015e400000 0x000000015e400000 Y/10    Relocatable
 Small   0x000000015e600000 0x000000015e800000 0x000000015e800000 Y/10    Relocatable
 Small   0x000000015e800000 0x000000015ea00000 0x000000015ea00000 Y/10    Relocatable
 Small   0x000000015ea00000 0x000000015eb00000 0x000000015ec00000 Y/10    Relocatable
 Small   0x000000015ec00000 0x000000015ee00000 0x000000015ee00000 Y/10    Relocatable
 Small   0x000000015f000000 0x000000015f200000 0x000000015f200000 Y/10    Relocatable
 Small   0x000000015f200000 0x000000015f400000 0x000000015f400000 Y/10    Relocatable
 Small   0x0000000160000000 0x00000001601fffd0 0x0000000160200000 Y/10    Relocatable
 Small   0x0000000160200000 0x0000000160400000 0x0000000160400000 Y/10    Relocatable
 Small   0x0000000160600000 0x0000000160800000 0x0000000160800000 Y/10    Relocatable
 Small   0x0000000160800000 0x00000001609fffe0 0x0000000160a00000 Y/10    Relocatable
 Small   0x0000000161400000 0x0000000161600000 0x0000000161600000 Y/10    Relocatable
 Small   0x0000000161600000 0x0000000161800000 0x0000000161800000 Y/10    Relocatable
 Small   0x0000000161800000 0x0000000161880000 0x0000000161a00000 Y/10    Relocatable
 Small   0x0000000161a00000 0x0000000161c00000 0x0000000161c00000 Y/10    Relocatable
 Small   0x0000000161c00000 0x0000000161d40000 0x0000000161e00000 Y/10    Relocatable
 Small   0x0000000161e00000 0x0000000162000000 0x0000000162000000 Y/10    Relocatable
 Small   0x0000000162200000 0x00000001623fffb0 0x0000000162400000 Y/10    Relocatable
 Small   0x0000000162a00000 0x0000000162c00000 0x0000000162c00000 Y/10    Relocatable
 Small   0x0000000162c00000 0x0000000162e00000 0x0000000162e00000 Y/10    Relocatable
 Small   0x0000000163000000 0x0000000163200000 0x0000000163200000 Y/10    Relocatable
 Small   0x0000000163600000 0x0000000163800000 0x0000000163800000 Y/10    Relocatable
 Small   0x0000000163c00000 0x0000000163e00000 0x0000000163e00000 Y/10    Relocatable
 Small   0x0000000163e00000 0x0000000164000000 0x0000000164000000 Y/10    Relocatable
 Small   0x0000000164200000 0x0000000164400000 0x0000000164400000 Y/10    Relocatable
 Small   0x0000000164400000 0x0000000164600000 0x0000000164600000 Y/10    Relocatable
 Small   0x0000000164600000 0x0000000164800000 0x0000000164800000 Y/10    Relocatable
 Small   0x0000000164800000 0x0000000164a00000 0x0000000164a00000 Y/10    Relocatable
 Small   0x0000000164a00000 0x0000000164c00000 0x0000000164c00000 Y/10    Relocatable
 Small   0x0000000164c00000 0x0000000164e00000 0x0000000164e00000 Y/10    Relocatable
 Small   0x0000000164e00000 0x0000000165000000 0x0000000165000000 Y/10    Relocatable
 Small   0x0000000165000000 0x0000000165200000 0x0000000165200000 Y/10    Relocatable
 Small   0x0000000165200000 0x00000001653fffe0 0x0000000165400000 Y/10    Relocatable
 Small   0x0000000165600000 0x0000000165800000 0x0000000165800000 Y/10    Relocatable
 Small   0x0000000165c00000 0x0000000165e00000 0x0000000165e00000 Y/10    Relocatable
 Small   0x0000000166200000 0x0000000166400000 0x0000000166400000 Y/10    Relocatable
 Small   0x0000000166400000 0x0000000166600000 0x0000000166600000 Y/10    Relocatable
 Small   0x0000000166600000 0x0000000166800000 0x0000000166800000 Y/10    Relocatable
 Small   0x0000000166a00000 0x0000000166bfffb0 0x0000000166c00000 Y/10    Relocatable
 Small   0x0000000166c00000 0x0000000166e00000 0x0000000166e00000 Y/10    Relocatable
 Small   0x0000000167000000 0x0000000167200000 0x0000000167200000 Y/10    Relocatable
 Small   0x0000000167400000 0x0000000167600000 0x0000000167600000 Y/10    Relocatable
 Small   0x0000000167600000 0x0000000167800000 0x0000000167800000 Y/10    Relocatable
 Small   0x0000000167c00000 0x0000000167e00000 0x0000000167e00000 Y/10    Relocatable
 Small   0x0000000167e00000 0x0000000168000000 0x0000000168000000 Y/10    Relocatable
 Small   0x0000000168200000 0x0000000168400000 0x0000000168400000 Y/10    Relocatable
 Small   0x0000000168400000 0x0000000168600000 0x0000000168600000 Y/10    Relocatable
 Small   0x0000000168600000 0x0000000168800000 0x0000000168800000 Y/10    Relocatable
 Small   0x0000000168a00000 0x0000000168c00000 0x0000000168c00000 Y/10    Relocatable
 Small   0x0000000168c00000 0x0000000168e00000 0x0000000168e00000 Y/10    Relocatable
 Small   0x0000000169c00000 0x0000000169e00000 0x0000000169e00000 Y/10    Relocatable
 Small   0x0000000169e00000 0x000000016a000000 0x000000016a000000 Y/10    Relocatable
 Small   0x000000016a200000 0x000000016a400000 0x000000016a400000 Y/10    Relocatable
 Small   0x000000016ac00000 0x000000016ae00000 0x000000016ae00000 Y/10    Relocatable
 Small   0x000000016b400000 0x000000016b600000 0x000000016b600000 Y/10    Relocatable
 Small   0x000000016b600000 0x000000016b800000 0x000000016b800000 Y/10    Relocatable
 Small   0x000000016ba00000 0x000000016bc00000 0x000000016bc00000 Y/10    Relocatable
 Small   0x000000016be00000 0x000000016c000000 0x000000016c000000 Y/10    Relocatable
 Small   0x000000016c000000 0x000000016c200000 0x000000016c200000 Y/10    Relocatable
 Small   0x000000016c600000 0x000000016c800000 0x000000016c800000 Y/10    Relocatable
 Small   0x000000016c800000 0x000000016ca00000 0x000000016ca00000 Y/10    Relocatable
 Small   0x000000016ce00000 0x000000016d000000 0x000000016d000000 Y/11    Allocating 
 Small   0x000000016d200000 0x000000016d240000 0x000000016d400000 Y/10    Relocatable
 Small   0x000000016d400000 0x000000016d5fffa0 0x000000016d600000 Y/10    Relocatable
 Small   0x000000016d600000 0x000000016d800000 0x000000016d800000 Y/10    Relocatable
 Small   0x000000016d800000 0x000000016da00000 0x000000016da00000 Y/10    Relocatable
 Small   0x000000016da00000 0x000000016dc00000 0x000000016dc00000 Y/10    Relocatable
 Small   0x000000016e000000 0x000000016e200000 0x000000016e200000 Y/10    Relocatable
 Small   0x000000016e600000 0x000000016e800000 0x000000016e800000 Y/10    Relocatable
 Small   0x000000016ea00000 0x000000016ec00000 0x000000016ec00000 Y/10    Relocatable
 Small   0x000000016ec00000 0x000000016ee00000 0x000000016ee00000 Y/10    Relocatable
 Small   0x000000016ee00000 0x000000016f000000 0x000000016f000000 Y/10    Relocatable
 Small   0x000000016f000000 0x000000016f200000 0x000000016f200000 Y/10    Relocatable
 Small   0x000000016f200000 0x000000016f400000 0x000000016f400000 Y/10    Relocatable
 Small   0x000000016f400000 0x000000016f600000 0x000000016f600000 Y/10    Relocatable
 Small   0x000000016f600000 0x000000016f800000 0x000000016f800000 Y/10    Relocatable
 Small   0x000000016f800000 0x000000016fa00000 0x000000016fa00000 Y/10    Relocatable
 Small   0x000000016fa00000 0x000000016fc00000 0x000000016fc00000 Y/10    Relocatable
 Small   0x000000016fc00000 0x000000016fe00000 0x000000016fe00000 Y/10    Relocatable
 Small   0x000000016fe00000 0x0000000170000000 0x0000000170000000 Y/10    Relocatable
 Small   0x0000000170200000 0x0000000170400000 0x0000000170400000 Y/10    Relocatable
 Small   0x0000000170400000 0x0000000170600000 0x0000000170600000 Y/10    Relocatable
 Small   0x0000000170600000 0x0000000170680000 0x0000000170800000 Y/10    Relocatable
 Small   0x0000000170e00000 0x0000000171000000 0x0000000171000000 Y/10    Relocatable
 Small   0x0000000171a00000 0x0000000171c00000 0x0000000171c00000 Y/10    Relocatable
 Small   0x0000000171c00000 0x0000000171e00000 0x0000000171e00000 Y/10    Relocatable
 Small   0x0000000171e00000 0x0000000172000000 0x0000000172000000 Y/10    Relocatable
 Small   0x0000000172000000 0x0000000172200000 0x0000000172200000 Y/10    Relocatable
 Small   0x0000000172600000 0x0000000172800000 0x0000000172800000 Y/10    Relocatable
 Small   0x0000000172c00000 0x0000000172e00000 0x0000000172e00000 Y/10    Relocatable
 Small   0x0000000173000000 0x0000000173200000 0x0000000173200000 Y/10    Relocatable
 Small   0x0000000173400000 0x0000000173600000 0x0000000173600000 Y/10    Relocatable
 Small   0x0000000173600000 0x0000000173800000 0x0000000173800000 Y/10    Relocatable
 Small   0x0000000173800000 0x0000000173a00000 0x0000000173a00000 Y/10    Relocatable
 Small   0x0000000173a00000 0x0000000173c00000 0x0000000173c00000 Y/10    Relocatable
 Small   0x0000000173c00000 0x0000000173dffff8 0x0000000173e00000 Y/10    Relocatable
 Small   0x0000000173e00000 0x0000000173fffff0 0x0000000174000000 Y/10    Relocatable
 Small   0x0000000174600000 0x0000000174800000 0x0000000174800000 Y/10    Relocatable
 Small   0x0000000174a00000 0x0000000174c00000 0x0000000174c00000 Y/10    Relocatable
 Small   0x0000000175200000 0x0000000175240000 0x0000000175400000 Y/11    Allocating 
 Small   0x0000000175400000 0x00000001755fff80 0x0000000175600000 Y/10    Relocatable
 Small   0x0000000175c00000 0x0000000175e00000 0x0000000175e00000 Y/11    Allocating 
 Small   0x0000000176200000 0x0000000176400000 0x0000000176400000 Y/10    Relocatable
 Small   0x0000000176a00000 0x0000000176c00000 0x0000000176c00000 Y/10    Relocatable
 Small   0x0000000176c00000 0x0000000176e00000 0x0000000176e00000 Y/10    Relocatable
 Small   0x0000000176e00000 0x0000000177000000 0x0000000177000000 Y/10    Relocatable
 Small   0x0000000177000000 0x0000000177200000 0x0000000177200000 Y/10    Relocatable
 Small   0x0000000177200000 0x0000000177400000 0x0000000177400000 Y/10    Relocatable
 Small   0x0000000177400000 0x0000000177600000 0x0000000177600000 Y/10    Relocatable
 Small   0x0000000177c00000 0x0000000177e00000 0x0000000177e00000 Y/10    Relocatable
 Small   0x0000000178000000 0x0000000178200000 0x0000000178200000 Y/10    Relocatable
 Small   0x0000000178600000 0x00000001787ffff8 0x0000000178800000 Y/10    Relocatable
 Small   0x0000000178a00000 0x0000000178c00000 0x0000000178c00000 Y/10    Relocatable
 Small   0x0000000178c00000 0x0000000178e00000 0x0000000178e00000 Y/10    Relocatable
 Small   0x0000000178e00000 0x0000000179000000 0x0000000179000000 Y/10    Relocatable
 Small   0x0000000179000000 0x0000000179200000 0x0000000179200000 Y/10    Relocatable
 Small   0x0000000179200000 0x0000000179400000 0x0000000179400000 Y/10    Relocatable
 Small   0x0000000179400000 0x0000000179480000 0x0000000179600000 Y/10    Relocatable
 Small   0x0000000179600000 0x0000000179800000 0x0000000179800000 Y/10    Relocatable
 Small   0x000000017a000000 0x000000017a200000 0x000000017a200000 Y/10    Relocatable
 Small   0x000000017a400000 0x000000017a600000 0x000000017a600000 Y/10    Relocatable
 Small   0x000000017a600000 0x000000017a800000 0x000000017a800000 Y/10    Relocatable
 Small   0x000000017a800000 0x000000017aa00000 0x000000017aa00000 Y/10    Relocatable
 Small   0x000000017aa00000 0x000000017ac00000 0x000000017ac00000 Y/10    Relocatable
 Small   0x000000017ae00000 0x000000017b000000 0x000000017b000000 Y/10    Relocatable
 Small   0x000000017b400000 0x000000017b540000 0x000000017b600000 Y/10    Relocatable
 Small   0x000000017b600000 0x000000017b800000 0x000000017b800000 Y/10    Relocatable
 Small   0x000000017b800000 0x000000017ba00000 0x000000017ba00000 Y/10    Relocatable
 Small   0x000000017d600000 0x000000017d800000 0x000000017d800000 Y/10    Relocatable
 Small   0x000000017d800000 0x000000017da00000 0x000000017da00000 Y/10    Relocatable
 Small   0x000000017da00000 0x000000017dc00000 0x000000017dc00000 Y/10    Relocatable
 Small   0x000000017dc00000 0x000000017de00000 0x000000017de00000 Y/10    Relocatable
 Small   0x000000017de00000 0x000000017e000000 0x000000017e000000 Y/10    Relocatable
 Small   0x000000017ea00000 0x000000017ec00000 0x000000017ec00000 Y/10    Relocatable
 Small   0x000000017f200000 0x000000017f400000 0x000000017f400000 Y/10    Relocatable
 Small   0x000000017f400000 0x000000017f600000 0x000000017f600000 Y/10    Relocatable
 Small   0x000000017f600000 0x000000017f800000 0x000000017f800000 Y/10    Relocatable
 Small   0x000000017fa00000 0x000000017fc00000 0x000000017fc00000 Y/10    Relocatable
 Small   0x0000000181e00000 0x0000000182000000 0x0000000182000000 Y/11    Allocating 
 Small   0x0000000182600000 0x00000001827fffd8 0x0000000182800000 Y/10    Relocatable
 Small   0x0000000183000000 0x0000000183200000 0x0000000183200000 Y/10    Relocatable
 Small   0x0000000183200000 0x0000000183400000 0x0000000183400000 Y/10    Relocatable
 Small   0x0000000183400000 0x0000000183600000 0x0000000183600000 Y/10    Relocatable
 Small   0x0000000183e00000 0x0000000184000000 0x0000000184000000 Y/10    Relocatable
 Small   0x0000000184000000 0x0000000184200000 0x0000000184200000 Y/10    Relocatable
 Small   0x0000000184400000 0x00000001845fffe8 0x0000000184600000 Y/10    Relocatable
 Small   0x0000000184800000 0x0000000184a00000 0x0000000184a00000 Y/10    Relocatable
 Small   0x0000000185000000 0x0000000185200000 0x0000000185200000 Y/10    Relocatable
 Small   0x0000000185200000 0x0000000185400000 0x0000000185400000 Y/10    Relocatable
 Small   0x0000000185c00000 0x0000000185dfffe0 0x0000000185e00000 Y/10    Relocatable
 Small   0x0000000185e00000 0x0000000186000000 0x0000000186000000 Y/10    Relocatable
 Small   0x0000000186000000 0x0000000186200000 0x0000000186200000 Y/10    Relocatable
 Small   0x0000000186200000 0x0000000186400000 0x0000000186400000 Y/10    Relocatable
 Small   0x0000000186400000 0x0000000186600000 0x0000000186600000 Y/10    Relocatable
 Small   0x0000000186600000 0x0000000186800000 0x0000000186800000 Y/10    Relocatable
 Small   0x0000000186a00000 0x0000000186c00000 0x0000000186c00000 Y/10    Relocatable
 Small   0x0000000186c00000 0x0000000186e00000 0x0000000186e00000 Y/10    Relocatable
 Small   0x0000000186e00000 0x0000000187000000 0x0000000187000000 Y/10    Relocatable
 Small   0x0000000187800000 0x0000000187a00000 0x0000000187a00000 Y/10    Relocatable
 Small   0x0000000187e00000 0x0000000188000000 0x0000000188000000 Y/10    Relocatable
 Small   0x0000000188000000 0x0000000188200000 0x0000000188200000 Y/10    Relocatable
 Small   0x0000000188200000 0x0000000188400000 0x0000000188400000 Y/10    Relocatable
 Small   0x0000000188400000 0x0000000188600000 0x0000000188600000 Y/10    Relocatable
 Small   0x0000000188a00000 0x0000000188c00000 0x0000000188c00000 Y/10    Relocatable
 Small   0x0000000188c00000 0x0000000188e00000 0x0000000188e00000 Y/10    Relocatable
 Small   0x0000000188e00000 0x0000000189000000 0x0000000189000000 Y/10    Relocatable
 Small   0x0000000189000000 0x00000001890c0000 0x0000000189200000 Y/10    Relocatable
 Small   0x0000000189400000 0x0000000189600000 0x0000000189600000 Y/10    Relocatable
 Small   0x0000000189600000 0x00000001897fffc8 0x0000000189800000 Y/10    Relocatable
 Small   0x0000000189800000 0x0000000189a00000 0x0000000189a00000 Y/10    Relocatable
 Small   0x0000000189a00000 0x0000000189c00000 0x0000000189c00000 Y/10    Relocatable
 Small   0x0000000189c00000 0x0000000189e00000 0x0000000189e00000 Y/10    Relocatable
 Small   0x0000000189e00000 0x000000018a000000 0x000000018a000000 Y/10    Relocatable
 Small   0x000000018a200000 0x000000018a400000 0x000000018a400000 Y/10    Relocatable
 Small   0x000000018b600000 0x000000018b800000 0x000000018b800000 Y/10    Relocatable
 Small   0x000000018b800000 0x000000018b9fff88 0x000000018ba00000 Y/10    Relocatable
 Small   0x000000018ba00000 0x000000018bc00000 0x000000018bc00000 Y/10    Relocatable
 Small   0x000000018bc00000 0x000000018bdfffc8 0x000000018be00000 Y/10    Relocatable
 Small   0x000000018c000000 0x000000018c200000 0x000000018c200000 Y/10    Relocatable
 Small   0x000000018c400000 0x000000018c5ffff8 0x000000018c600000 Y/10    Relocatable
 Small   0x000000018dc00000 0x000000018de00000 0x000000018de00000 Y/10    Relocatable
 Small   0x000000018de00000 0x000000018e000000 0x000000018e000000 Y/10    Relocatable
 Small   0x000000018e000000 0x000000018e200000 0x000000018e200000 Y/10    Relocatable
 Small   0x000000018e200000 0x000000018e400000 0x000000018e400000 Y/10    Relocatable
 Small   0x000000018e400000 0x000000018e600000 0x000000018e600000 Y/10    Relocatable
 Small   0x000000018e600000 0x000000018e800000 0x000000018e800000 Y/10    Relocatable
 Small   0x000000018e800000 0x000000018ea00000 0x000000018ea00000 Y/10    Relocatable
 Small   0x000000018ea00000 0x000000018ec00000 0x000000018ec00000 Y/10    Relocatable
 Small   0x000000018f600000 0x000000018f800000 0x000000018f800000 Y/10    Relocatable
 Small   0x0000000190a00000 0x0000000190c00000 0x0000000190c00000 Y/10    Relocatable
 Small   0x0000000190c00000 0x0000000190e00000 0x0000000190e00000 Y/10    Relocatable
 Small   0x0000000190e00000 0x0000000191000000 0x0000000191000000 Y/10    Relocatable
 Small   0x0000000191000000 0x0000000191200000 0x0000000191200000 Y/10    Relocatable
 Small   0x0000000191200000 0x0000000191400000 0x0000000191400000 Y/10    Relocatable
 Small   0x0000000191400000 0x0000000191600000 0x0000000191600000 Y/10    Relocatable
 Small   0x0000000191600000 0x0000000191800000 0x0000000191800000 Y/10    Relocatable
 Small   0x0000000191800000 0x0000000191a00000 0x0000000191a00000 Y/10    Relocatable
 Small   0x0000000191a00000 0x0000000191c00000 0x0000000191c00000 Y/10    Relocatable
 Small   0x0000000191c00000 0x0000000191e00000 0x0000000191e00000 Y/10    Relocatable
 Small   0x0000000191e00000 0x0000000192000000 0x0000000192000000 Y/10    Relocatable
 Small   0x0000000192000000 0x0000000192200000 0x0000000192200000 Y/10    Relocatable
 Small   0x0000000192200000 0x0000000192400000 0x0000000192400000 Y/10    Relocatable
 Small   0x0000000192400000 0x0000000192600000 0x0000000192600000 Y/10    Relocatable
 Small   0x0000000192600000 0x0000000192800000 0x0000000192800000 Y/10    Relocatable
 Small   0x0000000192800000 0x00000001929c0000 0x0000000192a00000 Y/10    Relocatable
 Small   0x0000000193c00000 0x0000000193e00000 0x0000000193e00000 Y/10    Relocatable
 Small   0x0000000194000000 0x0000000194200000 0x0000000194200000 Y/10    Relocatable
 Small   0x0000000194200000 0x0000000194400000 0x0000000194400000 Y/10    Relocatable
 Small   0x0000000194600000 0x00000001946c0000 0x0000000194800000 Y/11    Allocating 
 Small   0x0000000195000000 0x0000000195200000 0x0000000195200000 Y/10    Relocatable
 Small   0x0000000195200000 0x0000000195400000 0x0000000195400000 Y/10    Relocatable
 Small   0x0000000195e00000 0x0000000196000000 0x0000000196000000 Y/10    Relocatable
 Small   0x0000000196200000 0x0000000196400000 0x0000000196400000 Y/11    Allocating 
 Small   0x0000000196e00000 0x0000000197000000 0x0000000197000000 Y/10    Relocatable
 Small   0x0000000197200000 0x00000001973fffd8 0x0000000197400000 Y/10    Relocatable
 Small   0x0000000198e00000 0x0000000199000000 0x0000000199000000 Y/10    Relocatable
 Small   0x0000000199200000 0x0000000199400000 0x0000000199400000 Y/10    Relocatable
 Small   0x0000000199c00000 0x0000000199dffff8 0x0000000199e00000 Y/10    Relocatable
 Small   0x000000019a000000 0x000000019a1ffff0 0x000000019a200000 Y/10    Relocatable
 Small   0x000000019a600000 0x000000019a800000 0x000000019a800000 Y/10    Relocatable
 Small   0x000000019a800000 0x000000019a9ffff8 0x000000019aa00000 Y/10    Relocatable
 Small   0x000000019b000000 0x000000019b200000 0x000000019b200000 Y/10    Relocatable
 Small   0x000000019b200000 0x000000019b400000 0x000000019b400000 Y/10    Relocatable
 Small   0x000000019b400000 0x000000019b600000 0x000000019b600000 Y/10    Relocatable
 Small   0x000000019ba00000 0x000000019bc00000 0x000000019bc00000 Y/10    Relocatable
 Small   0x000000019bc00000 0x000000019be00000 0x000000019be00000 Y/10    Relocatable
 Small   0x000000019be00000 0x000000019c000000 0x000000019c000000 Y/10    Relocatable
 Small   0x000000019c000000 0x000000019c200000 0x000000019c200000 Y/10    Relocatable
 Small   0x000000019cc00000 0x000000019ce00000 0x000000019ce00000 Y/10    Relocatable
 Small   0x000000019ce00000 0x000000019d000000 0x000000019d000000 Y/10    Relocatable
 Small   0x000000019dc00000 0x000000019de00000 0x000000019de00000 Y/10    Relocatable
 Small   0x000000019de00000 0x000000019e000000 0x000000019e000000 Y/10    Relocatable
 Small   0x000000019ea00000 0x000000019ec00000 0x000000019ec00000 Y/10    Relocatable
 Small   0x000000019ec00000 0x000000019ee00000 0x000000019ee00000 Y/10    Relocatable
 Small   0x000000019ee00000 0x000000019f000000 0x000000019f000000 Y/10    Relocatable
 Small   0x000000019f000000 0x000000019f200000 0x000000019f200000 Y/10    Relocatable
 Small   0x000000019f200000 0x000000019f3fffe0 0x000000019f400000 Y/10    Relocatable
 Small   0x000000019f400000 0x000000019f5fffe0 0x000000019f600000 Y/10    Relocatable
 Small   0x000000019f600000 0x000000019f800000 0x000000019f800000 Y/10    Relocatable
 Small   0x000000019f800000 0x000000019fa00000 0x000000019fa00000 Y/10    Relocatable
 Small   0x000000019fa00000 0x000000019fc00000 0x000000019fc00000 Y/10    Relocatable
 Small   0x000000019fe00000 0x00000001a0000000 0x00000001a0000000 Y/10    Relocatable
 Small   0x00000001a0200000 0x00000001a0400000 0x00000001a0400000 Y/10    Relocatable
 Small   0x00000001a0600000 0x00000001a0800000 0x00000001a0800000 Y/10    Relocatable
 Small   0x00000001a0c00000 0x00000001a0e00000 0x00000001a0e00000 Y/10    Relocatable
 Small   0x00000001a1400000 0x00000001a1600000 0x00000001a1600000 Y/10    Relocatable
 Small   0x00000001a1800000 0x00000001a1a00000 0x00000001a1a00000 Y/10    Relocatable
 Small   0x00000001a1e00000 0x00000001a2000000 0x00000001a2000000 Y/10    Relocatable
 Small   0x00000001a2400000 0x00000001a2600000 0x00000001a2600000 Y/10    Relocatable
 Small   0x00000001a2600000 0x00000001a2800000 0x00000001a2800000 Y/10    Relocatable
 Small   0x00000001a2800000 0x00000001a2a00000 0x00000001a2a00000 Y/10    Relocatable
 Small   0x00000001a3000000 0x00000001a3200000 0x00000001a3200000 Y/10    Relocatable
 Small   0x00000001a3200000 0x00000001a3400000 0x00000001a3400000 Y/10    Relocatable
 Small   0x00000001a3400000 0x00000001a3600000 0x00000001a3600000 Y/10    Relocatable
 Small   0x00000001a3600000 0x00000001a3800000 0x00000001a3800000 Y/10    Relocatable
 Small   0x00000001a3800000 0x00000001a3a00000 0x00000001a3a00000 Y/10    Relocatable
 Small   0x00000001a3a00000 0x00000001a3c00000 0x00000001a3c00000 Y/10    Relocatable
 Small   0x00000001a3c00000 0x00000001a3e00000 0x00000001a3e00000 Y/10    Relocatable
 Small   0x00000001a3e00000 0x00000001a4000000 0x00000001a4000000 Y/10    Relocatable
 Small   0x00000001a4000000 0x00000001a4200000 0x00000001a4200000 Y/10    Relocatable
 Small   0x00000001a4200000 0x00000001a4400000 0x00000001a4400000 Y/10    Relocatable
 Small   0x00000001a4400000 0x00000001a4600000 0x00000001a4600000 Y/10    Relocatable
 Small   0x00000001a4600000 0x00000001a4800000 0x00000001a4800000 Y/10    Relocatable
 Small   0x00000001a4800000 0x00000001a4a00000 0x00000001a4a00000 Y/10    Relocatable
 Small   0x00000001a4a00000 0x00000001a4c00000 0x00000001a4c00000 Y/10    Relocatable
 Small   0x00000001a5000000 0x00000001a51ffff8 0x00000001a5200000 Y/10    Relocatable
 Small   0x00000001a5800000 0x00000001a59fff78 0x00000001a5a00000 Y/10    Relocatable
 Small   0x00000001a5c00000 0x00000001a5dfffe8 0x00000001a5e00000 Y/10    Relocatable
 Small   0x00000001a6200000 0x00000001a63fffc0 0x00000001a6400000 Y/10    Relocatable
 Small   0x00000001a6c00000 0x00000001a6e00000 0x00000001a6e00000 Y/10    Relocatable
 Small   0x00000001a6e00000 0x00000001a7000000 0x00000001a7000000 Y/10    Relocatable
 Small   0x00000001a7200000 0x00000001a73ffff0 0x00000001a7400000 Y/10    Relocatable
 Small   0x00000001a7400000 0x00000001a7600000 0x00000001a7600000 Y/10    Relocatable
 Small   0x00000001a7600000 0x00000001a7800000 0x00000001a7800000 Y/10    Relocatable
 Small   0x00000001a7800000 0x00000001a7a00000 0x00000001a7a00000 Y/10    Relocatable
 Small   0x00000001a7a00000 0x00000001a7c00000 0x00000001a7c00000 Y/10    Relocatable
 Small   0x00000001a8000000 0x00000001a8200000 0x00000001a8200000 Y/10    Relocatable
 Small   0x00000001a9200000 0x00000001a9400000 0x00000001a9400000 Y/10    Relocatable
 Small   0x00000001a9a00000 0x00000001a9c00000 0x00000001a9c00000 Y/10    Relocatable
 Small   0x00000001a9e00000 0x00000001a9ffffd8 0x00000001aa000000 Y/10    Relocatable
 Small   0x00000001aa000000 0x00000001aa200000 0x00000001aa200000 Y/10    Relocatable
 Small   0x00000001aa200000 0x00000001aa400000 0x00000001aa400000 Y/11    Allocating 
 Small   0x00000001aaa00000 0x00000001aac00000 0x00000001aac00000 Y/10    Relocatable
 Small   0x00000001aac00000 0x00000001aae00000 0x00000001aae00000 Y/10    Relocatable
 Small   0x00000001ab200000 0x00000001ab400000 0x00000001ab400000 Y/10    Relocatable
 Small   0x00000001ab400000 0x00000001ab400108 0x00000001ab600000 Y/10    Relocatable
 Small   0x00000001abe00000 0x00000001ac000000 0x00000001ac000000 Y/10    Relocatable
 Small   0x00000001ac000000 0x00000001ac200000 0x00000001ac200000 Y/10    Relocatable
 Small   0x00000001ac400000 0x00000001ac600000 0x00000001ac600000 Y/11    Allocating 
 Small   0x00000001ac600000 0x00000001ac680000 0x00000001ac800000 Y/10    Relocatable
 Small   0x00000001ac800000 0x00000001aca00000 0x00000001aca00000 Y/10    Relocatable
 Small   0x00000001ad200000 0x00000001ad400000 0x00000001ad400000 Y/10    Relocatable
 Small   0x00000001ad800000 0x00000001ada00000 0x00000001ada00000 Y/10    Relocatable
 Small   0x00000001ada00000 0x00000001adc00000 0x00000001adc00000 Y/10    Relocatable
 Small   0x00000001ade00000 0x00000001ae000000 0x00000001ae000000 Y/10    Relocatable
 Small   0x00000001ae000000 0x00000001ae200000 0x00000001ae200000 Y/10    Relocatable
 Small   0x00000001ae400000 0x00000001ae600000 0x00000001ae600000 Y/10    Relocatable
 Small   0x00000001ae800000 0x00000001aea00000 0x00000001aea00000 Y/10    Relocatable
 Small   0x00000001aee00000 0x00000001aeffffe0 0x00000001af000000 Y/10    Relocatable
 Small   0x00000001af400000 0x00000001af5fffe8 0x00000001af600000 Y/10    Relocatable
 Small   0x00000001b0800000 0x00000001b09fff98 0x00000001b0a00000 Y/10    Relocatable
 Small   0x00000001b0a00000 0x00000001b0c00000 0x00000001b0c00000 Y/10    Relocatable
 Small   0x00000001b0e00000 0x00000001b0ffffe8 0x00000001b1000000 Y/10    Relocatable
 Small   0x00000001b1200000 0x00000001b1400000 0x00000001b1400000 Y/10    Relocatable
 Small   0x00000001b1400000 0x00000001b1600000 0x00000001b1600000 Y/10    Relocatable
 Small   0x00000001b1800000 0x00000001b1a00000 0x00000001b1a00000 Y/10    Relocatable
 Small   0x00000001b1a00000 0x00000001b1c00000 0x00000001b1c00000 Y/10    Relocatable
 Small   0x00000001b2800000 0x00000001b2a00000 0x00000001b2a00000 Y/11    Allocating 
 Small   0x00000001b3e00000 0x00000001b4000000 0x00000001b4000000 Y/10    Relocatable
 Small   0x00000001b4000000 0x00000001b41ffff8 0x00000001b4200000 Y/10    Relocatable
 Small   0x00000001b4800000 0x00000001b49ffda8 0x00000001b4a00000 Y/10    Relocatable
 Small   0x00000001b4c00000 0x00000001b4e00000 0x00000001b4e00000 Y/10    Relocatable
 Small   0x00000001b4e00000 0x00000001b4fffff8 0x00000001b5000000 Y/10    Relocatable
 Small   0x00000001b5a00000 0x00000001b5bfffc8 0x00000001b5c00000 Y/10    Relocatable
 Small   0x00000001b6e00000 0x00000001b7000000 0x00000001b7000000 Y/10    Relocatable
 Small   0x00000001b7000000 0x00000001b7200000 0x00000001b7200000 Y/10    Relocatable
 Small   0x00000001b7800000 0x00000001b79fffc8 0x00000001b7a00000 Y/10    Relocatable
 Small   0x00000001b7c00000 0x00000001b7e00000 0x00000001b7e00000 Y/10    Relocatable
 Small   0x00000001b9600000 0x00000001b9800000 0x00000001b9800000 Y/11    Allocating 
 Small   0x00000001b9c00000 0x00000001b9e00000 0x00000001b9e00000 Y/10    Relocatable
 Small   0x00000001bba00000 0x00000001bbc00000 0x00000001bbc00000 Y/10    Relocatable
 Small   0x00000001bbe00000 0x00000001bc000000 0x00000001bc000000 Y/10    Relocatable
 Small   0x00000001bc200000 0x00000001bc400000 0x00000001bc400000 Y/10    Relocatable
 Small   0x00000001bc600000 0x00000001bc800000 0x00000001bc800000 Y/10    Relocatable
 Small   0x00000001bc800000 0x00000001bca00000 0x00000001bca00000 Y/10    Relocatable
 Small   0x00000001bca00000 0x00000001bcc00000 0x00000001bcc00000 Y/10    Relocatable
 Small   0x00000001bcc00000 0x00000001bce00000 0x00000001bce00000 Y/10    Relocatable
 Small   0x00000001bce00000 0x00000001bd000000 0x00000001bd000000 Y/10    Relocatable
 Small   0x00000001bd000000 0x00000001bd200000 0x00000001bd200000 Y/10    Relocatable
 Small   0x00000001bd400000 0x00000001bd600000 0x00000001bd600000 Y/10    Relocatable
 Small   0x00000001bd600000 0x00000001bd800000 0x00000001bd800000 Y/10    Relocatable
 Small   0x00000001bd800000 0x00000001bda00000 0x00000001bda00000 Y/10    Relocatable
 Small   0x00000001bda00000 0x00000001bdbfffc8 0x00000001bdc00000 Y/10    Relocatable
 Small   0x00000001bde00000 0x00000001be000000 0x00000001be000000 Y/10    Relocatable
 Small   0x00000001be200000 0x00000001be400000 0x00000001be400000 Y/10    Relocatable
 Small   0x00000001be400000 0x00000001be600000 0x00000001be600000 Y/10    Relocatable
 Small   0x00000001be800000 0x00000001bea00000 0x00000001bea00000 Y/10    Relocatable
 Small   0x00000001bee00000 0x00000001bf000000 0x00000001bf000000 Y/10    Relocatable
 Small   0x00000001bf000000 0x00000001bf1fffe0 0x00000001bf200000 Y/10    Relocatable
 Small   0x00000001bf200000 0x00000001bf400000 0x00000001bf400000 Y/10    Relocatable
 Small   0x00000001bf400000 0x00000001bf600000 0x00000001bf600000 Y/10    Relocatable
 Small   0x00000001bf600000 0x00000001bf800000 0x00000001bf800000 Y/10    Relocatable
 Small   0x00000001bfa00000 0x00000001bfc00000 0x00000001bfc00000 Y/10    Relocatable
 Small   0x00000001c0000000 0x00000001c0200000 0x00000001c0200000 Y/10    Relocatable
 Small   0x00000001c0a00000 0x00000001c0c00000 0x00000001c0c00000 Y/10    Relocatable
 Small   0x00000001c0e00000 0x00000001c1000000 0x00000001c1000000 Y/10    Relocatable
 Small   0x00000001c1800000 0x00000001c1a00000 0x00000001c1a00000 Y/10    Relocatable
 Small   0x00000001c1e00000 0x00000001c2000000 0x00000001c2000000 Y/10    Relocatable
 Small   0x00000001c2400000 0x00000001c2600000 0x00000001c2600000 Y/10    Relocatable
 Small   0x00000001c2600000 0x00000001c2800000 0x00000001c2800000 Y/10    Relocatable
 Small   0x00000001c2a00000 0x00000001c2c00000 0x00000001c2c00000 Y/10    Relocatable
 Small   0x00000001c2e00000 0x00000001c3000000 0x00000001c3000000 Y/11    Allocating 
 Small   0x00000001c3200000 0x00000001c3400000 0x00000001c3400000 Y/10    Relocatable
 Small   0x00000001c3a00000 0x00000001c3c00000 0x00000001c3c00000 Y/10    Relocatable
 Small   0x00000001c4000000 0x00000001c4200000 0x00000001c4200000 Y/10    Relocatable
 Small   0x00000001c4400000 0x00000001c4600000 0x00000001c4600000 Y/10    Relocatable
 Small   0x00000001c4600000 0x00000001c4800000 0x00000001c4800000 Y/10    Relocatable
 Small   0x00000001c4800000 0x00000001c4a00000 0x00000001c4a00000 Y/10    Relocatable
 Small   0x00000001c4c00000 0x00000001c4dfffe8 0x00000001c4e00000 Y/10    Relocatable
 Small   0x00000001c4e00000 0x00000001c5000000 0x00000001c5000000 Y/10    Relocatable
 Small   0x00000001c5000000 0x00000001c5200000 0x00000001c5200000 Y/10    Relocatable
 Small   0x00000001c5200000 0x00000001c5400000 0x00000001c5400000 Y/10    Relocatable
 Small   0x00000001c5e00000 0x00000001c6000000 0x00000001c6000000 Y/10    Relocatable
 Small   0x00000001c6000000 0x00000001c6200000 0x00000001c6200000 Y/11    Allocating 
 Small   0x00000001c6200000 0x00000001c6400000 0x00000001c6400000 Y/11    Allocating 
 Small   0x00000001c6800000 0x00000001c6a00000 0x00000001c6a00000 Y/10    Relocatable
 Small   0x00000001c6a00000 0x00000001c6a02e10 0x00000001c6c00000 O/8     Relocatable
 Small   0x00000001c6c00000 0x00000001c6e00000 0x00000001c6e00000 Y/10    Relocatable
 Small   0x00000001c7400000 0x00000001c75fffd8 0x00000001c7600000 Y/10    Relocatable
 Small   0x00000001c7800000 0x00000001c79fffd0 0x00000001c7a00000 Y/10    Relocatable
 Small   0x00000001c7a00000 0x00000001c7c00000 0x00000001c7c00000 Y/10    Relocatable
 Small   0x00000001c7e00000 0x00000001c8000000 0x00000001c8000000 Y/10    Relocatable
 Small   0x00000001c8200000 0x00000001c83fffc8 0x00000001c8400000 Y/10    Relocatable
 Small   0x00000001c8600000 0x00000001c8800000 0x00000001c8800000 Y/10    Relocatable
 Small   0x00000001c8a00000 0x00000001c8c00000 0x00000001c8c00000 Y/10    Relocatable
 Small   0x00000001c8e00000 0x00000001c8ffffd0 0x00000001c9000000 Y/10    Relocatable
 Small   0x00000001c9000000 0x00000001c9200000 0x00000001c9200000 Y/10    Relocatable
 Small   0x00000001c9400000 0x00000001c95fffb0 0x00000001c9600000 Y/10    Relocatable
 Small   0x00000001c9600000 0x00000001c9800000 0x00000001c9800000 Y/10    Relocatable
 Small   0x00000001c9a00000 0x00000001c9bfffe8 0x00000001c9c00000 Y/10    Relocatable
 Small   0x00000001ca600000 0x00000001ca800000 0x00000001ca800000 Y/10    Relocatable
 Small   0x00000001cb200000 0x00000001cb400000 0x00000001cb400000 Y/10    Relocatable
 Small   0x00000001cb800000 0x00000001cba00000 0x00000001cba00000 Y/10    Relocatable
 Small   0x00000001cbc00000 0x00000001cbe00000 0x00000001cbe00000 Y/11    Allocating 
 Small   0x00000001cca00000 0x00000001ccc00000 0x00000001ccc00000 Y/10    Relocatable
 Small   0x00000001ccc00000 0x00000001cce00000 0x00000001cce00000 Y/10    Relocatable
 Small   0x00000001cd000000 0x00000001cd1fffe0 0x00000001cd200000 Y/10    Relocatable
 Small   0x00000001cd200000 0x00000001cd3fffd8 0x00000001cd400000 Y/10    Relocatable
 Small   0x00000001cd600000 0x00000001cd800000 0x00000001cd800000 Y/11    Allocating 
 Small   0x00000001cda00000 0x00000001cdc00000 0x00000001cdc00000 Y/10    Relocatable
 Small   0x00000001cec00000 0x00000001cedffff0 0x00000001cee00000 Y/10    Relocatable
 Small   0x00000001cee00000 0x00000001cf000000 0x00000001cf000000 Y/10    Relocatable
 Small   0x00000001cfc00000 0x00000001cfe00000 0x00000001cfe00000 Y/10    Relocatable
 Small   0x00000001d0800000 0x00000001d0a00000 0x00000001d0a00000 Y/10    Relocatable
 Small   0x00000001d0a00000 0x00000001d0bfffb0 0x00000001d0c00000 Y/10    Relocatable
 Small   0x00000001d1000000 0x00000001d11fffe0 0x00000001d1200000 Y/10    Relocatable
 Small   0x00000001d1200000 0x00000001d1400000 0x00000001d1400000 Y/10    Relocatable
 Small   0x00000001d1400000 0x00000001d15ffff8 0x00000001d1600000 Y/10    Relocatable
 Small   0x00000001d1800000 0x00000001d19ffff0 0x00000001d1a00000 Y/10    Relocatable
 Small   0x00000001d1a00000 0x00000001d1c00000 0x00000001d1c00000 Y/10    Relocatable
 Small   0x00000001d1c00000 0x00000001d1dfffe8 0x00000001d1e00000 Y/10    Relocatable
 Small   0x00000001d2400000 0x00000001d2600000 0x00000001d2600000 Y/10    Relocatable
 Small   0x00000001d2800000 0x00000001d2a00000 0x00000001d2a00000 Y/10    Relocatable
 Small   0x00000001d2a00000 0x00000001d2c00000 0x00000001d2c00000 Y/10    Relocatable
 Small   0x00000001d2c00000 0x00000001d2dfffc8 0x00000001d2e00000 Y/10    Relocatable
 Small   0x00000001d2e00000 0x00000001d3000000 0x00000001d3000000 Y/10    Relocatable
 Small   0x00000001d3400000 0x00000001d35f74f0 0x00000001d3600000 Y/10    Relocatable
 Small   0x00000001d3c00000 0x00000001d3e00000 0x00000001d3e00000 Y/10    Relocatable
 Small   0x00000001d4800000 0x00000001d49fff98 0x00000001d4a00000 Y/10    Relocatable
 Small   0x00000001d4a00000 0x00000001d4c00000 0x00000001d4c00000 Y/10    Relocatable
 Small   0x00000001d4c00000 0x00000001d4e00000 0x00000001d4e00000 Y/10    Relocatable
 Small   0x00000001d5400000 0x00000001d5600000 0x00000001d5600000 Y/10    Relocatable
 Small   0x00000001d6400000 0x00000001d6600000 0x00000001d6600000 Y/10    Relocatable
 Small   0x00000001d6e00000 0x00000001d7000000 0x00000001d7000000 Y/10    Relocatable
 Small   0x00000001d7200000 0x00000001d7400000 0x00000001d7400000 Y/10    Relocatable
 Small   0x00000001d7a00000 0x00000001d7c00000 0x00000001d7c00000 Y/10    Relocatable
 Small   0x00000001d8200000 0x00000001d8400000 0x00000001d8400000 Y/10    Relocatable
 Small   0x00000001d8600000 0x00000001d8800000 0x00000001d8800000 Y/10    Relocatable
 Small   0x00000001d9400000 0x00000001d95ffeb0 0x00000001d9600000 Y/10    Relocatable
 Small   0x00000001d9c00000 0x00000001d9e00000 0x00000001d9e00000 Y/10    Relocatable
 Small   0x00000001da200000 0x00000001da400000 0x00000001da400000 Y/10    Relocatable
 Small   0x00000001da400000 0x00000001da5fffb0 0x00000001da600000 Y/10    Relocatable
 Small   0x00000001da800000 0x00000001daa00000 0x00000001daa00000 Y/10    Relocatable
 Small   0x00000001dc000000 0x00000001dc200000 0x00000001dc200000 Y/10    Relocatable
 Small   0x00000001dc600000 0x00000001dc7fffd8 0x00000001dc800000 Y/10    Relocatable
 Small   0x00000001dca00000 0x00000001dcc00000 0x00000001dcc00000 Y/10    Relocatable
 Small   0x00000001dcc00000 0x00000001dce00000 0x00000001dce00000 Y/10    Relocatable
 Small   0x00000001de200000 0x00000001de400000 0x00000001de400000 Y/10    Relocatable
 Small   0x00000001de400000 0x00000001de5fffe8 0x00000001de600000 Y/10    Relocatable
 Small   0x00000001de600000 0x00000001de800000 0x00000001de800000 Y/10    Relocatable
 Small   0x00000001de800000 0x00000001dea00000 0x00000001dea00000 Y/10    Relocatable
 Small   0x00000001dee00000 0x00000001df000000 0x00000001df000000 Y/10    Relocatable
 Small   0x00000001df000000 0x00000001df200000 0x00000001df200000 Y/10    Relocatable
 Small   0x00000001df800000 0x00000001dfa00000 0x00000001dfa00000 Y/10    Relocatable
 Small   0x00000001dfe00000 0x00000001e0000000 0x00000001e0000000 Y/10    Relocatable
 Small   0x00000001e0200000 0x00000001e0400000 0x00000001e0400000 Y/10    Relocatable
 Small   0x00000001e0600000 0x00000001e0800000 0x00000001e0800000 Y/10    Relocatable
 Small   0x00000001e0a00000 0x00000001e0c00000 0x00000001e0c00000 Y/10    Relocatable
 Small   0x00000001e0c00000 0x00000001e0e00000 0x00000001e0e00000 Y/10    Relocatable
 Small   0x00000001e1000000 0x00000001e1200000 0x00000001e1200000 Y/10    Relocatable
 Small   0x00000001e1400000 0x00000001e1600000 0x00000001e1600000 Y/10    Relocatable
 Small   0x00000001e1e00000 0x00000001e2000000 0x00000001e2000000 Y/10    Relocatable
 Small   0x00000001e2600000 0x00000001e27fffe0 0x00000001e2800000 Y/10    Relocatable
 Small   0x00000001e2800000 0x00000001e29fff90 0x00000001e2a00000 Y/10    Relocatable
 Small   0x00000001e2a00000 0x00000001e2c00000 0x00000001e2c00000 Y/10    Relocatable
 Small   0x00000001e2e00000 0x00000001e3000000 0x00000001e3000000 Y/10    Relocatable
 Small   0x00000001e3000000 0x00000001e31ffff8 0x00000001e3200000 Y/10    Relocatable
 Small   0x00000001e3400000 0x00000001e35fffd0 0x00000001e3600000 Y/10    Relocatable
 Small   0x00000001e3600000 0x00000001e3800000 0x00000001e3800000 Y/10    Relocatable
 Small   0x00000001e3800000 0x00000001e3a00000 0x00000001e3a00000 Y/10    Relocatable
 Small   0x00000001e3a00000 0x00000001e3a95130 0x00000001e3c00000 Y/10    Relocatable
 Small   0x00000001e3c00000 0x00000001e3e00000 0x00000001e3e00000 Y/10    Relocatable
 Small   0x00000001e4000000 0x00000001e4200000 0x00000001e4200000 Y/10    Relocatable
 Small   0x00000001e4400000 0x00000001e4600000 0x00000001e4600000 Y/10    Relocatable
 Small   0x00000001e4600000 0x00000001e4800000 0x00000001e4800000 Y/10    Relocatable
 Small   0x00000001e4a00000 0x00000001e4bfe4f0 0x00000001e4c00000 Y/10    Relocatable
 Small   0x00000001e4c00000 0x00000001e4e00000 0x00000001e4e00000 Y/10    Relocatable
 Small   0x00000001e5200000 0x00000001e5400000 0x00000001e5400000 Y/10    Relocatable
 Small   0x00000001e5800000 0x00000001e5a00000 0x00000001e5a00000 Y/10    Relocatable
 Small   0x00000001e6400000 0x00000001e6600000 0x00000001e6600000 Y/10    Relocatable
 Small   0x00000001e6600000 0x00000001e6800000 0x00000001e6800000 Y/11    Allocating 
 Small   0x00000001e6c00000 0x00000001e6dfffc8 0x00000001e6e00000 Y/10    Relocatable
 Small   0x00000001e7600000 0x00000001e7800000 0x00000001e7800000 Y/10    Relocatable
 Small   0x00000001e8200000 0x00000001e8400000 0x00000001e8400000 Y/10    Relocatable
 Small   0x00000001e8400000 0x00000001e8600000 0x00000001e8600000 Y/10    Relocatable
 Small   0x00000001e8600000 0x00000001e8800000 0x00000001e8800000 Y/10    Relocatable
 Small   0x00000001e9000000 0x00000001e9200000 0x00000001e9200000 Y/10    Relocatable
 Small   0x00000001e9200000 0x00000001e9400000 0x00000001e9400000 Y/10    Relocatable
 Small   0x00000001e9800000 0x00000001e9a00000 0x00000001e9a00000 Y/10    Relocatable
 Small   0x00000001e9e00000 0x00000001ea000000 0x00000001ea000000 Y/10    Relocatable
 Small   0x00000001ea600000 0x00000001ea800000 0x00000001ea800000 Y/10    Relocatable
 Small   0x00000001ea800000 0x00000001eaa00000 0x00000001eaa00000 Y/10    Relocatable
 Small   0x00000001eaa00000 0x00000001eac00000 0x00000001eac00000 Y/10    Relocatable
 Small   0x00000001ebe00000 0x00000001ec000000 0x00000001ec000000 Y/10    Relocatable
 Small   0x00000001ec000000 0x00000001ec200000 0x00000001ec200000 Y/10    Relocatable
 Small   0x00000001ec800000 0x00000001eca00000 0x00000001eca00000 Y/10    Relocatable
 Small   0x00000001eca00000 0x00000001ecc00000 0x00000001ecc00000 Y/10    Relocatable
 Small   0x00000001ecc00000 0x00000001ece00000 0x00000001ece00000 Y/10    Relocatable
 Small   0x00000001ed400000 0x00000001ed600000 0x00000001ed600000 Y/10    Relocatable
 Small   0x00000001ed600000 0x00000001ed800000 0x00000001ed800000 Y/10    Relocatable
 Small   0x00000001eda00000 0x00000001edc00000 0x00000001edc00000 Y/10    Relocatable
 Small   0x00000001edc00000 0x00000001ede00000 0x00000001ede00000 Y/10    Relocatable
 Small   0x00000001ede00000 0x00000001edffffe0 0x00000001ee000000 Y/10    Relocatable
 Small   0x00000001ee400000 0x00000001ee600000 0x00000001ee600000 Y/10    Relocatable
 Small   0x00000001ee600000 0x00000001ee800000 0x00000001ee800000 Y/10    Relocatable
 Small   0x00000001ee800000 0x00000001eea00000 0x00000001eea00000 Y/10    Relocatable
 Small   0x00000001eea00000 0x00000001eec00000 0x00000001eec00000 Y/10    Relocatable
 Small   0x00000001eee00000 0x00000001eeffffe8 0x00000001ef000000 Y/10    Relocatable
 Small   0x00000001ef200000 0x00000001ef400000 0x00000001ef400000 Y/10    Relocatable
 Small   0x00000001ef600000 0x00000001ef7fffb0 0x00000001ef800000 Y/10    Relocatable
 Small   0x00000001ef800000 0x00000001efa00000 0x00000001efa00000 Y/10    Relocatable
 Small   0x00000001efc00000 0x00000001efe00000 0x00000001efe00000 Y/10    Relocatable
 Small   0x00000001f0400000 0x00000001f0600000 0x00000001f0600000 Y/10    Relocatable
 Small   0x00000001f0600000 0x00000001f0800000 0x00000001f0800000 Y/10    Relocatable
 Small   0x00000001f0800000 0x00000001f0a00000 0x00000001f0a00000 Y/10    Relocatable
 Small   0x00000001f0c00000 0x00000001f0e00000 0x00000001f0e00000 Y/10    Relocatable
 Small   0x00000001f1000000 0x00000001f11c0000 0x00000001f1200000 Y/10    Relocatable
 Small   0x00000001f1400000 0x00000001f15fffb0 0x00000001f1600000 Y/10    Relocatable
 Small   0x00000001f1a00000 0x00000001f1c00000 0x00000001f1c00000 Y/10    Relocatable
 Small   0x00000001f2800000 0x00000001f29fffd0 0x00000001f2a00000 Y/10    Relocatable
 Small   0x00000001f2a00000 0x00000001f2bfffd0 0x00000001f2c00000 Y/10    Relocatable
 Small   0x00000001f3400000 0x00000001f3600000 0x00000001f3600000 Y/10    Relocatable
 Small   0x00000001f3c00000 0x00000001f3e00000 0x00000001f3e00000 Y/10    Relocatable
 Small   0x00000001f4c00000 0x00000001f4dffff0 0x00000001f4e00000 Y/10    Relocatable
 Small   0x00000001f4e00000 0x00000001f5000000 0x00000001f5000000 Y/10    Relocatable
 Small   0x00000001f5400000 0x00000001f5600000 0x00000001f5600000 Y/10    Relocatable
 Small   0x00000001f5600000 0x00000001f5800000 0x00000001f5800000 Y/10    Relocatable
 Small   0x00000001f6600000 0x00000001f6800000 0x00000001f6800000 Y/10    Relocatable
 Small   0x00000001f7400000 0x00000001f7600000 0x00000001f7600000 Y/10    Relocatable
 Small   0x00000001f8c00000 0x00000001f8c00190 0x00000001f8e00000 Y/10    Relocatable
 Small   0x00000001f9a00000 0x00000001f9c00000 0x00000001f9c00000 Y/11    Allocating 
 Small   0x00000001fa200000 0x00000001fa400000 0x00000001fa400000 Y/11    Allocating 
 Small   0x00000001fa400000 0x00000001fa600000 0x00000001fa600000 Y/10    Relocatable
 Small   0x00000001fa600000 0x00000001fa800000 0x00000001fa800000 Y/10    Relocatable
 Small   0x00000001fc600000 0x00000001fc7fffe8 0x00000001fc800000 Y/10    Relocatable
 Small   0x00000001fd200000 0x00000001fd380000 0x00000001fd400000 Y/10    Relocatable
 Small   0x00000001fd400000 0x00000001fd5fff98 0x00000001fd600000 Y/10    Relocatable
 Small   0x00000001fd800000 0x00000001fd9ffff0 0x00000001fda00000 Y/10    Relocatable
 Small   0x00000001fe200000 0x00000001fe3fff90 0x00000001fe400000 Y/10    Relocatable
 Small   0x00000001fe600000 0x00000001fe800000 0x00000001fe800000 Y/10    Relocatable
 Small   0x00000001ff800000 0x00000001ff9ffff8 0x00000001ffa00000 Y/10    Relocatable
 Small   0x0000000200000000 0x00000002001ffff8 0x0000000200200000 Y/10    Relocatable
 Small   0x0000000200200000 0x0000000200400000 0x0000000200400000 Y/10    Relocatable
 Small   0x0000000202200000 0x0000000202400000 0x0000000202400000 Y/10    Relocatable
 Small   0x0000000203400000 0x00000002035fffd0 0x0000000203600000 Y/10    Relocatable
 Small   0x0000000204600000 0x0000000204765548 0x0000000204800000 Y/10    Relocatable
 Small   0x0000000206a00000 0x0000000206c00000 0x0000000206c00000 Y/11    Allocating 
 Small   0x0000000206c00000 0x0000000206dffff0 0x0000000206e00000 Y/10    Relocatable
 Small   0x0000000207200000 0x00000002073fffe0 0x0000000207400000 Y/10    Relocatable
 Small   0x0000000207600000 0x0000000207800000 0x0000000207800000 Y/11    Allocating 
 Small   0x0000000207e00000 0x0000000207fffff0 0x0000000208000000 Y/10    Relocatable
 Small   0x0000000208200000 0x0000000208400000 0x0000000208400000 Y/11    Allocating 
 Small   0x0000000208c00000 0x0000000208dfffe0 0x0000000208e00000 Y/10    Relocatable
 Small   0x000000020b000000 0x000000020b1fffd0 0x000000020b200000 Y/10    Relocatable
 Small   0x000000020b400000 0x000000020b600000 0x000000020b600000 Y/11    Allocating 
 Small   0x000000020ba00000 0x000000020bc00000 0x000000020bc00000 Y/11    Allocating 
 Small   0x000000020bc00000 0x000000020be00000 0x000000020be00000 Y/11    Allocating 
 Small   0x000000020c400000 0x000000020c5ffff8 0x000000020c600000 Y/10    Relocatable
 Small   0x000000020c600000 0x000000020c7fffe8 0x000000020c800000 Y/10    Relocatable
 Small   0x000000020d000000 0x000000020d200000 0x000000020d200000 Y/11    Allocating 
 Small   0x000000020d400000 0x000000020d600000 0x000000020d600000 Y/11    Allocating 
 Small   0x000000020d600000 0x000000020d7ffff0 0x000000020d800000 Y/10    Relocatable
 Small   0x000000020e200000 0x000000020e400000 0x000000020e400000 Y/11    Allocating 
 Small   0x000000020f800000 0x000000020fa00000 0x000000020fa00000 Y/11    Allocating 
 Small   0x0000000213e00000 0x0000000213ffffd0 0x0000000214000000 Y/10    Relocatable
 Small   0x0000000214600000 0x00000002147fffc0 0x0000000214800000 Y/10    Relocatable
 Small   0x0000000214a00000 0x0000000214c00000 0x0000000214c00000 Y/11    Allocating 
 Small   0x0000000215000000 0x0000000215200000 0x0000000215200000 Y/10    Relocatable
 Small   0x0000000215200000 0x0000000215400000 0x0000000215400000 Y/10    Relocatable
 Small   0x0000000215800000 0x0000000215a00000 0x0000000215a00000 Y/10    Relocatable
 Small   0x0000000215c00000 0x0000000215e00000 0x0000000215e00000 Y/11    Allocating 
 Small   0x0000000215e00000 0x0000000216000000 0x0000000216000000 Y/11    Allocating 
 Small   0x0000000216800000 0x0000000216a00000 0x0000000216a00000 Y/11    Allocating 
 Small   0x0000000217000000 0x0000000217200000 0x0000000217200000 Y/10    Relocatable
 Small   0x0000000217200000 0x0000000217400000 0x0000000217400000 Y/10    Relocatable
 Small   0x0000000217600000 0x0000000217800000 0x0000000217800000 Y/10    Relocatable
 Small   0x0000000217800000 0x0000000217a00000 0x0000000217a00000 Y/11    Allocating 
 Small   0x0000000217c00000 0x0000000217e00000 0x0000000217e00000 Y/10    Relocatable
 Small   0x0000000218400000 0x00000002185fffe0 0x0000000218600000 Y/10    Relocatable
 Small   0x0000000218800000 0x0000000218a00000 0x0000000218a00000 Y/11    Allocating 
 Small   0x0000000219200000 0x00000002193ffe98 0x0000000219400000 Y/10    Relocatable
 Small   0x0000000219600000 0x00000002197ffff8 0x0000000219800000 Y/10    Relocatable
 Small   0x0000000219a00000 0x0000000219bffff0 0x0000000219c00000 Y/10    Relocatable
 Small   0x000000021bc00000 0x000000021bdfffd0 0x000000021be00000 Y/10    Relocatable
 Small   0x000000021cc00000 0x000000021ce00000 0x000000021ce00000 Y/10    Relocatable
 Small   0x000000021ce00000 0x000000021d000000 0x000000021d000000 Y/11    Allocating 
 Small   0x000000021d000000 0x000000021d200000 0x000000021d200000 Y/11    Allocating 
 Small   0x000000021d400000 0x000000021d600000 0x000000021d600000 Y/11    Allocating 
 Small   0x000000021d600000 0x000000021d800000 0x000000021d800000 Y/11    Allocating 
 Small   0x000000021d800000 0x000000021da00000 0x000000021da00000 Y/11    Allocating 
 Small   0x000000021de00000 0x000000021df00000 0x000000021e000000 Y/11    Allocating 
 Small   0x000000021e000000 0x000000021e200000 0x000000021e200000 Y/11    Allocating 
 Small   0x000000021e400000 0x000000021e5ffff8 0x000000021e600000 Y/10    Relocatable
 Small   0x000000021e600000 0x000000021e800000 0x000000021e800000 Y/11    Allocating 
 Small   0x0000000222600000 0x0000000222800000 0x0000000222800000 Y/11    Allocating 
 Small   0x0000000222c00000 0x0000000222dfff90 0x0000000222e00000 Y/10    Relocatable
 Small   0x0000000222e00000 0x0000000223000000 0x0000000223000000 Y/10    Relocatable
 Small   0x0000000224800000 0x00000002249ffff8 0x0000000224a00000 Y/10    Relocatable
 Small   0x0000000226200000 0x0000000226400000 0x0000000226400000 Y/10    Relocatable
 Small   0x0000000226400000 0x0000000226600000 0x0000000226600000 Y/11    Allocating 
 Small   0x0000000226600000 0x00000002267ffff8 0x0000000226800000 Y/10    Relocatable
 Small   0x0000000226a00000 0x0000000226c00000 0x0000000226c00000 Y/10    Relocatable
 Small   0x0000000226e00000 0x0000000226ffff88 0x0000000227000000 Y/10    Relocatable
 Small   0x0000000227000000 0x0000000227200000 0x0000000227200000 Y/10    Relocatable
 Small   0x0000000227200000 0x0000000227400000 0x0000000227400000 Y/11    Allocating 
 Small   0x0000000227400000 0x0000000227600000 0x0000000227600000 Y/10    Relocatable
 Small   0x0000000227600000 0x00000002277fffe0 0x0000000227800000 Y/10    Relocatable
 Small   0x0000000228000000 0x0000000228200000 0x0000000228200000 Y/11    Allocating 
 Small   0x0000000228600000 0x00000002287fffe8 0x0000000228800000 Y/10    Relocatable
 Small   0x0000000228a00000 0x0000000228c00000 0x0000000228c00000 Y/10    Relocatable
 Small   0x0000000228c00000 0x0000000228e00000 0x0000000228e00000 Y/10    Relocatable
 Small   0x0000000229200000 0x0000000229400000 0x0000000229400000 Y/10    Relocatable
 Small   0x0000000229400000 0x00000002295fff18 0x0000000229600000 Y/10    Relocatable
 Small   0x0000000229600000 0x00000002297fffc0 0x0000000229800000 Y/10    Relocatable
 Small   0x000000022a000000 0x000000022a200000 0x000000022a200000 Y/10    Relocatable
 Small   0x000000022ac00000 0x000000022ae00000 0x000000022ae00000 Y/11    Allocating 
 Small   0x000000022b000000 0x000000022b200000 0x000000022b200000 Y/11    Allocating 
 Small   0x000000022b400000 0x000000022b5fffc8 0x000000022b600000 Y/10    Relocatable
 Small   0x000000022b800000 0x000000022b9fffe8 0x000000022ba00000 Y/10    Relocatable
 Small   0x000000022bc00000 0x000000022be00000 0x000000022be00000 Y/11    Allocating 
 Small   0x000000022c000000 0x000000022c200000 0x000000022c200000 Y/11    Allocating 
 Small   0x000000022c400000 0x000000022c5fffe0 0x000000022c600000 Y/10    Relocatable
 Small   0x000000022c800000 0x000000022ca00000 0x000000022ca00000 Y/11    Allocating 
 Small   0x000000022ca00000 0x000000022cc00000 0x000000022cc00000 Y/10    Relocatable
 Small   0x000000022cc00000 0x000000022cdfffe8 0x000000022ce00000 Y/10    Relocatable
 Small   0x000000022d400000 0x000000022d600000 0x000000022d600000 Y/11    Allocating 
 Small   0x000000022d600000 0x000000022d800000 0x000000022d800000 Y/11    Allocating 
 Small   0x000000022da00000 0x000000022dc00000 0x000000022dc00000 Y/11    Allocating 
 Small   0x000000022f400000 0x000000022f5ffff0 0x000000022f600000 Y/10    Relocatable
 Small   0x000000022fa00000 0x000000022fc00000 0x000000022fc00000 Y/10    Relocatable
 Small   0x0000000230000000 0x0000000230200000 0x0000000230200000 Y/10    Relocatable
 Small   0x0000000230200000 0x0000000230400000 0x0000000230400000 Y/10    Relocatable
 Small   0x0000000230400000 0x00000002305fffa8 0x0000000230600000 Y/10    Relocatable
 Small   0x0000000231400000 0x0000000231600000 0x0000000231600000 Y/11    Allocating 
 Small   0x0000000231600000 0x00000002317fffe0 0x0000000231800000 Y/10    Relocatable
 Small   0x0000000232c00000 0x0000000232e00000 0x0000000232e00000 Y/11    Allocating 
 Small   0x0000000234e00000 0x0000000234ffff68 0x0000000235000000 Y/10    Relocatable
 Small   0x0000000235000000 0x0000000235200000 0x0000000235200000 Y/11    Allocating 
 Small   0x0000000235400000 0x0000000235600000 0x0000000235600000 Y/10    Relocatable
 Small   0x0000000235600000 0x0000000235800000 0x0000000235800000 Y/11    Allocating 
 Small   0x0000000235c00000 0x0000000235dfffa8 0x0000000235e00000 Y/10    Relocatable
 Small   0x0000000236000000 0x0000000236200000 0x0000000236200000 Y/11    Allocating 
 Small   0x0000000236200000 0x00000002363fffc8 0x0000000236400000 Y/10    Relocatable
 Small   0x0000000236400000 0x0000000236600000 0x0000000236600000 Y/10    Relocatable
 Small   0x0000000236a00000 0x0000000236c00000 0x0000000236c00000 Y/11    Allocating 
 Small   0x0000000236c00000 0x0000000236dfffe8 0x0000000236e00000 Y/10    Relocatable
 Small   0x0000000237200000 0x0000000237400000 0x0000000237400000 Y/11    Allocating 
 Small   0x0000000237600000 0x0000000237800000 0x0000000237800000 Y/10    Relocatable
 Small   0x0000000237a00000 0x0000000237c00000 0x0000000237c00000 Y/10    Relocatable
 Small   0x0000000237c00000 0x0000000237dffff0 0x0000000237e00000 Y/10    Relocatable
 Small   0x0000000237e00000 0x0000000238000000 0x0000000238000000 Y/11    Allocating 
 Small   0x0000000238000000 0x00000002381fffd8 0x0000000238200000 Y/10    Relocatable
 Small   0x0000000238200000 0x0000000238400000 0x0000000238400000 Y/11    Allocating 
 Small   0x0000000238600000 0x00000002387fff98 0x0000000238800000 Y/10    Relocatable
 Small   0x0000000238800000 0x0000000238a00000 0x0000000238a00000 Y/11    Allocating 
 Small   0x0000000238c00000 0x0000000238e00000 0x0000000238e00000 Y/10    Relocatable
 Small   0x000000023aa00000 0x000000023ac00000 0x000000023ac00000 Y/10    Relocatable
 Small   0x000000023ca00000 0x000000023cc00000 0x000000023cc00000 Y/11    Allocating 
 Small   0x000000023cc00000 0x000000023cdffff0 0x000000023ce00000 Y/10    Relocatable
 Small   0x000000023ce00000 0x000000023cfffff0 0x000000023d000000 Y/10    Relocatable
 Small   0x000000023d400000 0x000000023d5fffb8 0x000000023d600000 Y/10    Relocatable
 Small   0x000000023d600000 0x000000023d780000 0x000000023d800000 Y/10    Relocatable
 Small   0x000000023d800000 0x000000023d9fffe0 0x000000023da00000 Y/10    Relocatable
 Small   0x000000023da00000 0x000000023dc00000 0x000000023dc00000 Y/11    Allocating 
 Small   0x000000023dc00000 0x000000023de00000 0x000000023de00000 Y/11    Allocating 
 Small   0x000000023de00000 0x000000023e000000 0x000000023e000000 Y/11    Allocating 
 Small   0x000000023e000000 0x000000023e1ffff0 0x000000023e200000 Y/10    Relocatable
 Small   0x000000023e200000 0x000000023e3fffd0 0x000000023e400000 Y/10    Relocatable
 Small   0x000000023e600000 0x000000023e800000 0x000000023e800000 Y/11    Allocating 
 Small   0x0000000240400000 0x00000002405fffd8 0x0000000240600000 Y/10    Relocatable
 Small   0x0000000242800000 0x0000000242a00000 0x0000000242a00000 Y/11    Allocating 
 Small   0x0000000242e00000 0x0000000243000000 0x0000000243000000 Y/11    Allocating 
 Small   0x0000000243000000 0x0000000243200000 0x0000000243200000 Y/11    Allocating 
 Small   0x0000000243200000 0x00000002433ffff8 0x0000000243400000 Y/10    Relocatable
 Small   0x0000000243800000 0x0000000243a00000 0x0000000243a00000 Y/11    Allocating 
 Small   0x0000000243a00000 0x0000000243bffff8 0x0000000243c00000 Y/10    Relocatable
 Small   0x0000000243e00000 0x0000000244000000 0x0000000244000000 Y/11    Allocating 
 Small   0x0000000244400000 0x0000000244600000 0x0000000244600000 Y/10    Relocatable
 Small   0x0000000244800000 0x0000000244a00000 0x0000000244a00000 Y/10    Relocatable
 Small   0x0000000244a00000 0x0000000244c00000 0x0000000244c00000 Y/10    Relocatable
 Small   0x0000000244c00000 0x0000000244e00000 0x0000000244e00000 Y/11    Allocating 
 Small   0x0000000244e00000 0x0000000244e40000 0x0000000245000000 Y/11    Allocating 
 Small   0x0000000245c00000 0x0000000245e00000 0x0000000245e00000 Y/11    Allocating 
 Small   0x0000000246000000 0x0000000246200000 0x0000000246200000 Y/11    Allocating 
 Small   0x0000000246200000 0x0000000246400000 0x0000000246400000 Y/10    Relocatable
 Small   0x0000000247200000 0x0000000247400000 0x0000000247400000 Y/10    Relocatable
 Small   0x0000000247600000 0x0000000247800000 0x0000000247800000 Y/10    Relocatable
 Small   0x0000000247a00000 0x0000000247bfffe8 0x0000000247c00000 Y/10    Relocatable
 Small   0x0000000248800000 0x0000000248a00000 0x0000000248a00000 Y/10    Relocatable
 Small   0x0000000248a00000 0x0000000248c00000 0x0000000248c00000 Y/11    Allocating 
 Small   0x0000000248c00000 0x0000000248e00000 0x0000000248e00000 Y/10    Relocatable
 Small   0x0000000249400000 0x00000002495fffd8 0x0000000249600000 Y/10    Relocatable
 Small   0x0000000249600000 0x00000002497fffa8 0x0000000249800000 Y/10    Relocatable
 Small   0x0000000249800000 0x0000000249880000 0x0000000249a00000 Y/11    Allocating 
 Small   0x000000024a000000 0x000000024a1fffe0 0x000000024a200000 Y/10    Relocatable
 Small   0x000000024a200000 0x000000024a3fff98 0x000000024a400000 Y/10    Relocatable
 Small   0x000000024a400000 0x000000024a5fffb8 0x000000024a600000 Y/10    Relocatable
 Small   0x000000024a600000 0x000000024a800000 0x000000024a800000 Y/10    Relocatable
 Small   0x000000024b400000 0x000000024b600000 0x000000024b600000 Y/10    Relocatable
 Small   0x000000024b800000 0x000000024b9fffe0 0x000000024ba00000 Y/10    Relocatable
 Small   0x000000024c400000 0x000000024c5fffe8 0x000000024c600000 Y/10    Relocatable
 Small   0x000000024d000000 0x000000024d200000 0x000000024d200000 Y/10    Relocatable
 Small   0x000000024d400000 0x000000024d600000 0x000000024d600000 Y/10    Relocatable
 Small   0x000000024e200000 0x000000024e400000 0x000000024e400000 Y/11    Allocating 
 Small   0x000000024e600000 0x000000024e7fffd0 0x000000024e800000 Y/10    Relocatable
 Small   0x000000024e800000 0x000000024ea00000 0x000000024ea00000 Y/11    Allocating 
 Small   0x000000024ec00000 0x000000024ee00000 0x000000024ee00000 Y/10    Relocatable
 Small   0x000000024ee00000 0x000000024f000000 0x000000024f000000 Y/11    Allocating 
 Small   0x000000024f000000 0x000000024f200000 0x000000024f200000 Y/11    Allocating 
 Small   0x000000024f200000 0x000000024f280000 0x000000024f400000 Y/11    Allocating 
 Small   0x000000024f400000 0x000000024f600000 0x000000024f600000 Y/11    Allocating 
 Small   0x000000024f800000 0x000000024fa00000 0x000000024fa00000 Y/10    Relocatable
 Small   0x000000024fe00000 0x000000024fe80000 0x0000000250000000 Y/11    Allocating 
 Small   0x0000000250200000 0x0000000250400000 0x0000000250400000 Y/11    Allocating 
 Small   0x0000000250400000 0x00000002505fffe8 0x0000000250600000 Y/10    Relocatable
 Small   0x0000000250600000 0x0000000250800000 0x0000000250800000 Y/11    Allocating 
 Small   0x0000000250800000 0x0000000250a00000 0x0000000250a00000 Y/10    Relocatable
 Small   0x0000000250c00000 0x0000000250e00000 0x0000000250e00000 Y/11    Allocating 
 Small   0x0000000251000000 0x0000000251200000 0x0000000251200000 Y/10    Relocatable
 Small   0x0000000251200000 0x00000002513fffe8 0x0000000251400000 Y/10    Relocatable
 Small   0x0000000251c00000 0x0000000251e00000 0x0000000251e00000 Y/11    Allocating 
 Small   0x0000000252200000 0x0000000252400000 0x0000000252400000 Y/11    Allocating 
 Small   0x0000000252600000 0x0000000252800000 0x0000000252800000 Y/11    Allocating 
 Small   0x0000000252a00000 0x0000000252c00000 0x0000000252c00000 Y/11    Allocating 
 Small   0x0000000252c00000 0x0000000252e00000 0x0000000252e00000 Y/11    Allocating 
 Small   0x0000000253000000 0x0000000253200000 0x0000000253200000 Y/11    Allocating 
 Small   0x0000000253e00000 0x0000000254000000 0x0000000254000000 Y/10    Relocatable
 Small   0x0000000254800000 0x0000000254a00000 0x0000000254a00000 Y/11    Allocating 
 Small   0x0000000254a00000 0x0000000254c00000 0x0000000254c00000 Y/11    Allocating 
 Small   0x0000000254c00000 0x0000000254e00000 0x0000000254e00000 Y/11    Allocating 
 Small   0x0000000254e00000 0x0000000255000000 0x0000000255000000 Y/11    Allocating 
 Small   0x0000000255000000 0x00000002551fffe8 0x0000000255200000 Y/10    Relocatable
 Small   0x0000000255400000 0x0000000255600000 0x0000000255600000 Y/10    Relocatable
 Small   0x0000000255800000 0x0000000255900000 0x0000000255a00000 Y/11    Allocating 
 Small   0x0000000255c00000 0x0000000255dfffd0 0x0000000255e00000 Y/10    Relocatable
 Small   0x0000000255e00000 0x0000000256000000 0x0000000256000000 Y/11    Allocating 
 Small   0x0000000256200000 0x0000000256400000 0x0000000256400000 Y/11    Allocating 
 Small   0x0000000256400000 0x00000002565ffff0 0x0000000256600000 Y/10    Relocatable
 Small   0x0000000256c00000 0x0000000256dfffd8 0x0000000256e00000 Y/10    Relocatable
 Small   0x0000000257200000 0x0000000257400000 0x0000000257400000 Y/10    Relocatable
 Small   0x0000000257400000 0x0000000257600000 0x0000000257600000 Y/11    Allocating 
 Small   0x0000000257800000 0x00000002579fffe8 0x0000000257a00000 Y/10    Relocatable
 Small   0x0000000257c00000 0x0000000257dfffc0 0x0000000257e00000 Y/10    Relocatable
 Small   0x0000000257e00000 0x0000000258000000 0x0000000258000000 Y/11    Allocating 
 Small   0x0000000258000000 0x0000000258200000 0x0000000258200000 Y/10    Relocatable
 Small   0x0000000258a00000 0x0000000258c00000 0x0000000258c00000 Y/10    Relocatable
 Small   0x0000000259e00000 0x0000000259ffffd8 0x000000025a000000 Y/10    Relocatable
 Small   0x000000025ac00000 0x000000025adfffe8 0x000000025ae00000 Y/10    Relocatable
 Small   0x000000025e000000 0x000000025e1fffb0 0x000000025e200000 Y/10    Relocatable
 Small   0x0000000260a00000 0x0000000260bfffc0 0x0000000260c00000 Y/10    Relocatable
 Small   0x0000000261c00000 0x0000000261e00000 0x0000000261e00000 Y/11    Allocating 
 Small   0x0000000262200000 0x00000002623fffb8 0x0000000262400000 Y/10    Relocatable
 Small   0x0000000262400000 0x00000002625fff80 0x0000000262600000 Y/10    Relocatable
 Small   0x0000000262600000 0x0000000262800000 0x0000000262800000 Y/11    Allocating 
 Small   0x0000000262c00000 0x0000000262e00000 0x0000000262e00000 Y/11    Allocating 
 Small   0x0000000262e00000 0x0000000263000000 0x0000000263000000 Y/11    Allocating 
 Small   0x0000000263200000 0x00000002633fff80 0x0000000263400000 Y/10    Relocatable
 Small   0x0000000263600000 0x0000000263800000 0x0000000263800000 Y/11    Allocating 
 Small   0x0000000263a00000 0x0000000263bfffb8 0x0000000263c00000 Y/10    Relocatable
 Small   0x0000000263e00000 0x0000000264000000 0x0000000264000000 Y/11    Allocating 
 Small   0x0000000264200000 0x0000000264400000 0x0000000264400000 Y/10    Relocatable
 Small   0x0000000264400000 0x0000000264600000 0x0000000264600000 Y/10    Relocatable
 Small   0x0000000264600000 0x0000000264800000 0x0000000264800000 Y/11    Allocating 
 Small   0x0000000264800000 0x00000002649ffff0 0x0000000264a00000 Y/10    Relocatable
 Small   0x0000000264a00000 0x0000000264bfffe8 0x0000000264c00000 Y/10    Relocatable
 Small   0x0000000265200000 0x0000000265400000 0x0000000265400000 Y/11    Allocating 
 Small   0x0000000265a00000 0x0000000265c00000 0x0000000265c00000 Y/11    Allocating 
 Small   0x0000000265c00000 0x0000000265dfffc8 0x0000000265e00000 Y/10    Relocatable
 Small   0x0000000266000000 0x00000002661fffc8 0x0000000266200000 Y/10    Relocatable
 Small   0x0000000266600000 0x0000000266800000 0x0000000266800000 Y/11    Allocating 
 Small   0x0000000266c00000 0x0000000266e00000 0x0000000266e00000 Y/11    Allocating 
 Small   0x0000000267000000 0x0000000267200000 0x0000000267200000 Y/11    Allocating 
 Small   0x0000000267600000 0x0000000267800000 0x0000000267800000 Y/11    Allocating 
 Small   0x0000000267800000 0x0000000267a00000 0x0000000267a00000 Y/10    Relocatable
 Small   0x0000000267c00000 0x0000000267e00000 0x0000000267e00000 Y/11    Allocating 
 Small   0x0000000267e00000 0x0000000268000000 0x0000000268000000 Y/11    Allocating 
 Small   0x0000000268400000 0x0000000268600000 0x0000000268600000 Y/10    Relocatable
 Small   0x0000000268600000 0x0000000268800000 0x0000000268800000 Y/11    Allocating 
 Small   0x0000000268800000 0x0000000268a00000 0x0000000268a00000 Y/10    Relocatable
 Small   0x0000000268c00000 0x0000000268dfffe8 0x0000000268e00000 Y/10    Relocatable
 Small   0x0000000268e00000 0x0000000269000000 0x0000000269000000 Y/11    Allocating 
 Small   0x0000000269200000 0x00000002693fffd0 0x0000000269400000 Y/10    Relocatable
 Small   0x000000026a000000 0x000000026a200000 0x000000026a200000 Y/10    Relocatable
 Small   0x000000026a200000 0x000000026a400000 0x000000026a400000 Y/11    Allocating 
 Small   0x000000026a400000 0x000000026a5fffc8 0x000000026a600000 Y/10    Relocatable
 Small   0x000000026a600000 0x000000026a800000 0x000000026a800000 Y/10    Relocatable
 Small   0x000000026a800000 0x000000026aa00000 0x000000026aa00000 Y/10    Relocatable
 Small   0x000000026b000000 0x000000026b200000 0x000000026b200000 Y/11    Allocating 
 Small   0x000000026b200000 0x000000026b400000 0x000000026b400000 Y/10    Relocatable
 Small   0x000000026b400000 0x000000026b5fffd0 0x000000026b600000 Y/10    Relocatable
 Small   0x000000026bc00000 0x000000026bdfffd8 0x000000026be00000 Y/10    Relocatable
 Small   0x000000026be00000 0x000000026bffffd0 0x000000026c000000 Y/10    Relocatable
 Small   0x000000026c000000 0x000000026c200000 0x000000026c200000 Y/11    Allocating 
 Small   0x000000026c200000 0x000000026c400000 0x000000026c400000 Y/11    Allocating 
 Small   0x000000026c800000 0x000000026ca00000 0x000000026ca00000 Y/11    Allocating 
 Small   0x000000026ca00000 0x000000026cbfffe0 0x000000026cc00000 Y/10    Relocatable
 Small   0x000000026cc00000 0x000000026cdfff80 0x000000026ce00000 Y/10    Relocatable
 Small   0x000000026ce00000 0x000000026d000000 0x000000026d000000 Y/11    Allocating 
 Small   0x000000026d200000 0x000000026d400000 0x000000026d400000 Y/11    Allocating 
 Small   0x000000026da00000 0x000000026dc00000 0x000000026dc00000 Y/10    Relocatable
 Small   0x000000026dc00000 0x000000026de00000 0x000000026de00000 Y/10    Relocatable
 Small   0x000000026ec00000 0x000000026edfffe8 0x000000026ee00000 Y/10    Relocatable
 Small   0x0000000271a00000 0x0000000271bfffe0 0x0000000271c00000 Y/10    Relocatable
 Small   0x0000000271c00000 0x0000000271e00000 0x0000000271e00000 Y/10    Relocatable
 Small   0x0000000272400000 0x0000000272600000 0x0000000272600000 Y/10    Relocatable
 Small   0x0000000273e00000 0x0000000273fffff8 0x0000000274000000 Y/10    Relocatable
 Small   0x0000000274000000 0x0000000274200000 0x0000000274200000 Y/10    Relocatable
 Small   0x0000000274800000 0x0000000274a00000 0x0000000274a00000 Y/11    Allocating 
 Small   0x0000000274c00000 0x0000000274dfffe8 0x0000000274e00000 Y/10    Relocatable
 Small   0x0000000274e00000 0x0000000275000000 0x0000000275000000 Y/10    Relocatable
 Small   0x0000000275000000 0x0000000275200000 0x0000000275200000 Y/11    Allocating 
 Small   0x0000000275200000 0x00000002753fffb0 0x0000000275400000 Y/10    Relocatable
 Small   0x0000000275400000 0x00000002755fffb0 0x0000000275600000 Y/10    Relocatable
 Small   0x0000000275600000 0x0000000275800000 0x0000000275800000 Y/10    Relocatable
 Small   0x0000000275800000 0x0000000275a00000 0x0000000275a00000 Y/10    Relocatable
 Small   0x0000000275a00000 0x0000000275c00000 0x0000000275c00000 Y/10    Relocatable
 Small   0x0000000275c00000 0x0000000275e00000 0x0000000275e00000 Y/10    Relocatable
 Small   0x0000000275e00000 0x0000000276000000 0x0000000276000000 Y/10    Relocatable
 Small   0x0000000276000000 0x0000000276200000 0x0000000276200000 Y/10    Relocatable
 Small   0x0000000276200000 0x0000000276400000 0x0000000276400000 Y/10    Relocatable
 Small   0x0000000276400000 0x0000000276600000 0x0000000276600000 Y/10    Relocatable
 Small   0x0000000276a00000 0x0000000276c00000 0x0000000276c00000 Y/10    Relocatable
 Small   0x0000000277000000 0x0000000277200000 0x0000000277200000 Y/10    Relocatable
 Small   0x0000000277200000 0x0000000277400000 0x0000000277400000 Y/10    Relocatable
 Small   0x0000000277400000 0x0000000277600000 0x0000000277600000 Y/10    Relocatable
 Small   0x0000000277600000 0x0000000277800000 0x0000000277800000 Y/10    Relocatable
 Small   0x0000000277a00000 0x0000000277c00000 0x0000000277c00000 Y/10    Relocatable
 Small   0x0000000277c00000 0x0000000277e00000 0x0000000277e00000 Y/11    Allocating 
 Small   0x0000000278200000 0x0000000278400000 0x0000000278400000 Y/11    Allocating 
 Small   0x0000000278400000 0x0000000278600000 0x0000000278600000 Y/10    Relocatable
 Small   0x0000000278c00000 0x0000000278e00000 0x0000000278e00000 Y/10    Relocatable
 Small   0x0000000278e00000 0x0000000279000000 0x0000000279000000 Y/10    Relocatable
 Small   0x0000000279200000 0x0000000279400000 0x0000000279400000 Y/11    Allocating 
 Small   0x000000027a600000 0x000000027a800000 0x000000027a800000 Y/10    Relocatable
 Small   0x000000027a800000 0x000000027aa00000 0x000000027aa00000 Y/11    Allocating 
 Small   0x000000027ba00000 0x000000027bbffff8 0x000000027bc00000 Y/10    Relocatable
 Small   0x000000027e600000 0x000000027e800000 0x000000027e800000 Y/11    Allocating 
 Small   0x000000027f800000 0x000000027f9fffc8 0x000000027fa00000 Y/10    Relocatable
 Small   0x0000000280200000 0x00000002803fffe8 0x0000000280400000 Y/10    Relocatable
 Small   0x0000000280600000 0x0000000280800000 0x0000000280800000 Y/10    Relocatable
 Small   0x0000000280800000 0x00000002809fff90 0x0000000280a00000 Y/10    Relocatable
 Small   0x0000000280a00000 0x0000000280bffff8 0x0000000280c00000 Y/10    Relocatable
 Small   0x0000000281000000 0x00000002811fffe0 0x0000000281200000 Y/10    Relocatable
 Small   0x0000000281800000 0x00000002819fffd0 0x0000000281a00000 Y/10    Relocatable
 Small   0x0000000281e00000 0x0000000282000000 0x0000000282000000 Y/10    Relocatable
 Small   0x0000000282400000 0x00000002825fffc0 0x0000000282600000 Y/10    Relocatable
 Small   0x0000000282600000 0x00000002827fffe0 0x0000000282800000 Y/10    Relocatable
 Small   0x0000000282c00000 0x0000000282e00000 0x0000000282e00000 Y/10    Relocatable
 Small   0x0000000283200000 0x00000002833fffe8 0x0000000283400000 Y/10    Relocatable
 Small   0x0000000283600000 0x00000002837fffd0 0x0000000283800000 Y/10    Relocatable
 Small   0x0000000283800000 0x0000000283a00000 0x0000000283a00000 Y/10    Relocatable
 Small   0x0000000285600000 0x0000000285800000 0x0000000285800000 Y/10    Relocatable
 Small   0x0000000285c00000 0x0000000285e00000 0x0000000285e00000 Y/10    Relocatable
 Small   0x0000000285e00000 0x0000000285ffffe0 0x0000000286000000 Y/10    Relocatable
 Small   0x0000000286200000 0x0000000286400000 0x0000000286400000 Y/10    Relocatable
 Small   0x0000000286600000 0x00000002867fffe0 0x0000000286800000 Y/10    Relocatable
 Small   0x0000000286800000 0x0000000286a00000 0x0000000286a00000 Y/10    Relocatable
 Small   0x0000000287000000 0x0000000287200000 0x0000000287200000 Y/10    Relocatable
 Small   0x0000000287400000 0x00000002875ffe40 0x0000000287600000 Y/10    Relocatable
 Small   0x0000000287a00000 0x0000000287c00000 0x0000000287c00000 Y/10    Relocatable
 Small   0x0000000287e00000 0x0000000288000000 0x0000000288000000 Y/10    Relocatable
 Small   0x0000000288400000 0x0000000288600000 0x0000000288600000 Y/10    Relocatable
 Small   0x0000000288a00000 0x0000000288bfffd8 0x0000000288c00000 Y/10    Relocatable
 Small   0x0000000289a00000 0x0000000289c00000 0x0000000289c00000 Y/11    Allocating 
 Small   0x000000028a000000 0x000000028a1ffff8 0x000000028a200000 Y/10    Relocatable
 Small   0x000000028a400000 0x000000028a5fffc8 0x000000028a600000 Y/10    Relocatable
 Small   0x000000028b200000 0x000000028b3fffe8 0x000000028b400000 Y/10    Relocatable
 Small   0x000000028b600000 0x000000028b7fff98 0x000000028b800000 Y/10    Relocatable
 Small   0x000000028ba00000 0x000000028bc00000 0x000000028bc00000 Y/10    Relocatable
 Small   0x000000028c400000 0x000000028c5fffd0 0x000000028c600000 Y/10    Relocatable
 Small   0x000000028c600000 0x000000028c7fffd0 0x000000028c800000 Y/10    Relocatable
 Small   0x000000028da00000 0x000000028dc00000 0x000000028dc00000 Y/10    Relocatable
 Small   0x000000028de00000 0x000000028e000000 0x000000028e000000 Y/10    Relocatable
 Small   0x000000028e400000 0x000000028e5fff30 0x000000028e600000 Y/10    Relocatable
 Small   0x000000028e800000 0x000000028e9fffe8 0x000000028ea00000 Y/10    Relocatable
 Small   0x000000028f200000 0x000000028f3fff90 0x000000028f400000 Y/10    Relocatable
 Small   0x000000028f400000 0x000000028f5fffe8 0x000000028f600000 Y/10    Relocatable
 Small   0x000000028fc00000 0x000000028fdfffe0 0x000000028fe00000 Y/10    Relocatable
 Small   0x000000028fe00000 0x000000028fffff98 0x0000000290000000 Y/10    Relocatable
 Small   0x0000000290e00000 0x0000000290fffdf0 0x0000000291000000 Y/10    Relocatable
 Small   0x0000000291000000 0x00000002911fff98 0x0000000291200000 Y/10    Relocatable
 Small   0x0000000291200000 0x0000000291400000 0x0000000291400000 Y/11    Allocating 
 Small   0x0000000291600000 0x00000002917ffff0 0x0000000291800000 Y/10    Relocatable
 Small   0x0000000292e00000 0x0000000292ffffe0 0x0000000293000000 Y/10    Relocatable
 Small   0x0000000293000000 0x00000002930000a0 0x0000000293200000 O/8     Relocatable
 Small   0x0000000293400000 0x0000000293600000 0x0000000293600000 Y/10    Relocatable
 Small   0x0000000293600000 0x0000000293800000 0x0000000293800000 Y/10    Relocatable
 Small   0x0000000293c00000 0x0000000293e00000 0x0000000293e00000 Y/10    Relocatable
 Small   0x0000000295000000 0x0000000295200000 0x0000000295200000 Y/10    Relocatable
 Small   0x0000000295800000 0x00000002959fffc8 0x0000000295a00000 Y/10    Relocatable
 Small   0x0000000295c00000 0x0000000295e00000 0x0000000295e00000 Y/10    Relocatable
 Small   0x0000000295e00000 0x0000000296000000 0x0000000296000000 Y/10    Relocatable
 Small   0x0000000296000000 0x0000000296200000 0x0000000296200000 Y/10    Relocatable
 Small   0x0000000296200000 0x00000002963fff70 0x0000000296400000 Y/10    Relocatable
 Small   0x0000000296800000 0x0000000296a00000 0x0000000296a00000 Y/10    Relocatable
 Small   0x0000000296c00000 0x0000000296e00000 0x0000000296e00000 Y/10    Relocatable
 Small   0x0000000297a00000 0x0000000297c00000 0x0000000297c00000 Y/10    Relocatable
 Small   0x0000000297c00000 0x0000000297e00000 0x0000000297e00000 Y/10    Relocatable
 Small   0x0000000297e00000 0x0000000298000000 0x0000000298000000 Y/10    Relocatable
 Small   0x0000000298600000 0x0000000298800000 0x0000000298800000 Y/10    Relocatable
 Small   0x0000000298800000 0x0000000298a00000 0x0000000298a00000 Y/10    Relocatable
 Small   0x0000000298a00000 0x0000000298c00000 0x0000000298c00000 Y/10    Relocatable
 Small   0x0000000298c00000 0x0000000298e00000 0x0000000298e00000 Y/10    Relocatable
 Small   0x0000000298e00000 0x0000000299000000 0x0000000299000000 Y/10    Relocatable
 Small   0x0000000299000000 0x0000000299200000 0x0000000299200000 Y/10    Relocatable
 Small   0x0000000299800000 0x0000000299a00000 0x0000000299a00000 Y/10    Relocatable
 Small   0x0000000299a00000 0x0000000299c00000 0x0000000299c00000 Y/10    Relocatable
 Small   0x0000000299c00000 0x0000000299e00000 0x0000000299e00000 Y/10    Relocatable
 Small   0x000000029a000000 0x000000029a200000 0x000000029a200000 Y/10    Relocatable
 Small   0x000000029a200000 0x000000029a400000 0x000000029a400000 Y/10    Relocatable
 Small   0x000000029a400000 0x000000029a600000 0x000000029a600000 Y/10    Relocatable
 Small   0x000000029a600000 0x000000029a800000 0x000000029a800000 Y/10    Relocatable
 Small   0x000000029a800000 0x000000029aa00000 0x000000029aa00000 Y/10    Relocatable
 Small   0x000000029ac00000 0x000000029ae00000 0x000000029ae00000 Y/10    Relocatable
 Small   0x000000029ae00000 0x000000029b000000 0x000000029b000000 Y/10    Relocatable
 Small   0x000000029b000000 0x000000029b200000 0x000000029b200000 Y/10    Relocatable
 Small   0x000000029b600000 0x000000029b7fffb0 0x000000029b800000 Y/10    Relocatable
 Small   0x000000029bc00000 0x000000029be00000 0x000000029be00000 Y/10    Relocatable
 Small   0x000000029be00000 0x000000029c000000 0x000000029c000000 Y/10    Relocatable
 Small   0x000000029c200000 0x000000029c400000 0x000000029c400000 Y/10    Relocatable
 Small   0x000000029c400000 0x000000029c600000 0x000000029c600000 Y/10    Relocatable
 Small   0x000000029c600000 0x000000029c800000 0x000000029c800000 Y/10    Relocatable
 Small   0x000000029c800000 0x000000029ca00000 0x000000029ca00000 Y/10    Relocatable
 Small   0x000000029ca00000 0x000000029cc00000 0x000000029cc00000 Y/10    Relocatable
 Small   0x000000029cc00000 0x000000029ce00000 0x000000029ce00000 Y/10    Relocatable
 Small   0x000000029ce00000 0x000000029d000000 0x000000029d000000 Y/10    Relocatable
 Small   0x000000029d000000 0x000000029d200000 0x000000029d200000 Y/10    Relocatable
 Small   0x000000029d200000 0x000000029d400000 0x000000029d400000 Y/10    Relocatable
 Small   0x000000029d400000 0x000000029d600000 0x000000029d600000 Y/10    Relocatable
 Small   0x000000029d600000 0x000000029d800000 0x000000029d800000 Y/10    Relocatable
 Small   0x000000029d800000 0x000000029da00000 0x000000029da00000 Y/10    Relocatable
 Small   0x000000029da00000 0x000000029dc00000 0x000000029dc00000 Y/10    Relocatable
 Small   0x000000029dc00000 0x000000029de00000 0x000000029de00000 Y/10    Relocatable
 Small   0x000000029de00000 0x000000029e000000 0x000000029e000000 Y/10    Relocatable
 Small   0x000000029e000000 0x000000029e200000 0x000000029e200000 Y/10    Relocatable
 Small   0x000000029e200000 0x000000029e400000 0x000000029e400000 Y/10    Relocatable
 Small   0x000000029e400000 0x000000029e600000 0x000000029e600000 Y/10    Relocatable
 Small   0x000000029e600000 0x000000029e800000 0x000000029e800000 Y/10    Relocatable
 Small   0x000000029e800000 0x000000029ea00000 0x000000029ea00000 Y/10    Relocatable
 Small   0x000000029ea00000 0x000000029ec00000 0x000000029ec00000 Y/10    Relocatable
 Small   0x000000029ec00000 0x000000029ee00000 0x000000029ee00000 Y/10    Relocatable
 Small   0x000000029ee00000 0x000000029f000000 0x000000029f000000 Y/10    Relocatable
 Small   0x000000029f000000 0x000000029f200000 0x000000029f200000 Y/10    Relocatable
 Small   0x000000029f200000 0x000000029f400000 0x000000029f400000 Y/10    Relocatable
 Small   0x000000029f400000 0x000000029f600000 0x000000029f600000 Y/10    Relocatable
 Small   0x000000029f600000 0x000000029f800000 0x000000029f800000 Y/10    Relocatable
 Small   0x000000029f800000 0x000000029fa00000 0x000000029fa00000 Y/10    Relocatable
 Small   0x000000029fa00000 0x000000029fc00000 0x000000029fc00000 Y/10    Relocatable
 Small   0x000000029fc00000 0x000000029fe00000 0x000000029fe00000 Y/10    Relocatable
 Small   0x000000029fe00000 0x00000002a0000000 0x00000002a0000000 Y/10    Relocatable
 Small   0x00000002a0000000 0x00000002a0200000 0x00000002a0200000 Y/10    Relocatable
 Small   0x00000002a0200000 0x00000002a0400000 0x00000002a0400000 Y/10    Relocatable
 Small   0x00000002a0400000 0x00000002a0600000 0x00000002a0600000 Y/10    Relocatable
 Small   0x00000002a0600000 0x00000002a0800000 0x00000002a0800000 Y/10    Relocatable
 Small   0x00000002a0800000 0x00000002a0a00000 0x00000002a0a00000 Y/10    Relocatable
 Small   0x00000002a0a00000 0x00000002a0c00000 0x00000002a0c00000 Y/10    Relocatable
 Small   0x00000002a0c00000 0x00000002a0e00000 0x00000002a0e00000 Y/10    Relocatable
 Small   0x00000002a0e00000 0x00000002a1000000 0x00000002a1000000 Y/10    Relocatable
 Small   0x00000002a1000000 0x00000002a1200000 0x00000002a1200000 Y/10    Relocatable
 Small   0x00000002a1200000 0x00000002a1400000 0x00000002a1400000 Y/10    Relocatable
 Small   0x00000002a1400000 0x00000002a1600000 0x00000002a1600000 Y/10    Relocatable
 Small   0x00000002a1600000 0x00000002a1800000 0x00000002a1800000 Y/10    Relocatable
 Small   0x00000002a1800000 0x00000002a1a00000 0x00000002a1a00000 Y/10    Relocatable
 Small   0x00000002a1a00000 0x00000002a1c00000 0x00000002a1c00000 Y/10    Relocatable
 Small   0x00000002a2200000 0x00000002a2400000 0x00000002a2400000 Y/10    Relocatable
 Small   0x00000002a2a00000 0x00000002a2c00000 0x00000002a2c00000 Y/10    Relocatable
 Small   0x00000002a4000000 0x00000002a4200000 0x00000002a4200000 Y/10    Relocatable
 Small   0x00000002a4400000 0x00000002a4600000 0x00000002a4600000 Y/10    Relocatable
 Small   0x00000002a4800000 0x00000002a4a00000 0x00000002a4a00000 Y/10    Relocatable
 Small   0x00000002a5400000 0x00000002a5600000 0x00000002a5600000 Y/10    Relocatable
 Small   0x00000002a5600000 0x00000002a5800000 0x00000002a5800000 Y/10    Relocatable
 Small   0x00000002a5a00000 0x00000002a5c00000 0x00000002a5c00000 Y/10    Relocatable
 Small   0x00000002a5c00000 0x00000002a5e00000 0x00000002a5e00000 Y/10    Relocatable
 Small   0x00000002a5e00000 0x00000002a6000000 0x00000002a6000000 Y/10    Relocatable
 Small   0x00000002a6000000 0x00000002a6200000 0x00000002a6200000 Y/10    Relocatable
 Small   0x00000002a6200000 0x00000002a6400000 0x00000002a6400000 Y/10    Relocatable
 Small   0x00000002a6400000 0x00000002a6600000 0x00000002a6600000 Y/10    Relocatable
 Small   0x00000002a6800000 0x00000002a6a00000 0x00000002a6a00000 Y/10    Relocatable
 Small   0x00000002a6a00000 0x00000002a6c00000 0x00000002a6c00000 Y/10    Relocatable
 Small   0x00000002a6c00000 0x00000002a6e00000 0x00000002a6e00000 Y/10    Relocatable
 Small   0x00000002a6e00000 0x00000002a7000000 0x00000002a7000000 Y/10    Relocatable
 Small   0x00000002a7000000 0x00000002a7200000 0x00000002a7200000 Y/10    Relocatable
 Small   0x00000002a7200000 0x00000002a7400000 0x00000002a7400000 Y/10    Relocatable
 Small   0x00000002a7400000 0x00000002a7600000 0x00000002a7600000 Y/10    Relocatable
 Small   0x00000002a7600000 0x00000002a7800000 0x00000002a7800000 Y/10    Relocatable
 Small   0x00000002a7800000 0x00000002a7a00000 0x00000002a7a00000 Y/10    Relocatable
 Small   0x00000002a7a00000 0x00000002a7c00000 0x00000002a7c00000 Y/10    Relocatable
 Small   0x00000002a7c00000 0x00000002a7e00000 0x00000002a7e00000 Y/10    Relocatable
 Small   0x00000002a8000000 0x00000002a81fffc0 0x00000002a8200000 Y/10    Relocatable
 Small   0x00000002a8800000 0x00000002a89fffb0 0x00000002a8a00000 Y/10    Relocatable
 Small   0x00000002a9c00000 0x00000002a9e00000 0x00000002a9e00000 Y/10    Relocatable
 Small   0x00000002aa000000 0x00000002aa200000 0x00000002aa200000 Y/10    Relocatable
 Small   0x00000002aa600000 0x00000002aa800000 0x00000002aa800000 Y/10    Relocatable
 Small   0x00000002aa800000 0x00000002aaa00000 0x00000002aaa00000 Y/11    Allocating 
 Small   0x00000002aaa00000 0x00000002aac00000 0x00000002aac00000 Y/10    Relocatable
 Small   0x00000002ab000000 0x00000002ab200000 0x00000002ab200000 Y/10    Relocatable
 Small   0x00000002ab800000 0x00000002ab9fffe8 0x00000002aba00000 Y/10    Relocatable
 Small   0x00000002aba00000 0x00000002abc00000 0x00000002abc00000 Y/10    Relocatable
 Small   0x00000002acc00000 0x00000002acdffff8 0x00000002ace00000 Y/10    Relocatable
 Small   0x00000002ad200000 0x00000002ad400000 0x00000002ad400000 Y/10    Relocatable
 Small   0x00000002ad600000 0x00000002ad800000 0x00000002ad800000 Y/10    Relocatable
 Small   0x00000002ada00000 0x00000002adc00000 0x00000002adc00000 Y/10    Relocatable
 Small   0x00000002ade00000 0x00000002ae000000 0x00000002ae000000 Y/10    Relocatable
 Small   0x00000002ae200000 0x00000002ae400000 0x00000002ae400000 Y/10    Relocatable
 Small   0x00000002ae600000 0x00000002ae800000 0x00000002ae800000 Y/10    Relocatable
 Small   0x00000002aea00000 0x00000002aec00000 0x00000002aec00000 Y/10    Relocatable
 Small   0x00000002aee00000 0x00000002af000000 0x00000002af000000 Y/10    Relocatable
 Small   0x00000002afa00000 0x00000002afbffff0 0x00000002afc00000 Y/10    Relocatable
 Small   0x00000002afc00000 0x00000002afe00000 0x00000002afe00000 Y/10    Relocatable
 Small   0x00000002afe00000 0x00000002affffff8 0x00000002b0000000 Y/10    Relocatable
 Small   0x00000002b0000000 0x00000002b0200000 0x00000002b0200000 Y/10    Relocatable
 Small   0x00000002b0400000 0x00000002b0600000 0x00000002b0600000 Y/10    Relocatable
 Small   0x00000002b0800000 0x00000002b0a00000 0x00000002b0a00000 Y/10    Relocatable
 Small   0x00000002b0e00000 0x00000002b0ffffc8 0x00000002b1000000 Y/10    Relocatable
 Small   0x00000002b1000000 0x00000002b1200000 0x00000002b1200000 Y/10    Relocatable
 Small   0x00000002b1200000 0x00000002b1400000 0x00000002b1400000 Y/10    Relocatable
 Small   0x00000002b1400000 0x00000002b1600000 0x00000002b1600000 Y/10    Relocatable
 Small   0x00000002b1a00000 0x00000002b1c00000 0x00000002b1c00000 Y/10    Relocatable
 Small   0x00000002b1c00000 0x00000002b1e00000 0x00000002b1e00000 Y/10    Relocatable
 Small   0x00000002b2000000 0x00000002b2001e80 0x00000002b2200000 O/8     Relocatable
 Small   0x00000002b2200000 0x00000002b2400000 0x00000002b2400000 Y/10    Relocatable
 Small   0x00000002b2600000 0x00000002b2800000 0x00000002b2800000 Y/10    Relocatable
 Small   0x00000002b2a00000 0x00000002b2c00000 0x00000002b2c00000 Y/10    Relocatable
 Small   0x00000002b3000000 0x00000002b3200000 0x00000002b3200000 Y/10    Relocatable
 Small   0x00000002b4200000 0x00000002b4400000 0x00000002b4400000 Y/10    Relocatable
 Small   0x00000002b4400000 0x00000002b4600000 0x00000002b4600000 Y/10    Relocatable
 Small   0x00000002b4600000 0x00000002b4800000 0x00000002b4800000 Y/10    Relocatable
 Small   0x00000002b5000000 0x00000002b5200000 0x00000002b5200000 Y/10    Relocatable
 Small   0x00000002b5a00000 0x00000002b5bffff0 0x00000002b5c00000 Y/10    Relocatable
 Small   0x00000002b6000000 0x00000002b61fffb0 0x00000002b6200000 Y/10    Relocatable
 Small   0x00000002b6600000 0x00000002b67ffff8 0x00000002b6800000 Y/10    Relocatable
 Small   0x00000002b6e00000 0x00000002b7000000 0x00000002b7000000 Y/10    Relocatable
 Small   0x00000002b7800000 0x00000002b7a00000 0x00000002b7a00000 Y/11    Allocating 
 Small   0x00000002b8200000 0x00000002b83fff88 0x00000002b8400000 Y/10    Relocatable
 Small   0x00000002b8400000 0x00000002b85ffff0 0x00000002b8600000 Y/10    Relocatable
 Small   0x00000002b8e00000 0x00000002b8ffffe8 0x00000002b9000000 Y/10    Relocatable
 Small   0x00000002b9400000 0x00000002b95fffb0 0x00000002b9600000 Y/10    Relocatable
 Small   0x00000002bb000000 0x00000002bb200000 0x00000002bb200000 Y/10    Relocatable
 Small   0x00000002bf400000 0x00000002bf600000 0x00000002bf600000 Y/11    Allocating 
 Small   0x00000002bfc00000 0x00000002bfdffff8 0x00000002bfe00000 Y/10    Relocatable
 Small   0x00000002c0400000 0x00000002c0600000 0x00000002c0600000 Y/10    Relocatable
 Small   0x00000002c1800000 0x00000002c1a00000 0x00000002c1a00000 Y/10    Relocatable
 Small   0x00000002c2400000 0x00000002c2600000 0x00000002c2600000 Y/10    Relocatable
 Small   0x00000002c2600000 0x00000002c2800000 0x00000002c2800000 Y/10    Relocatable
 Small   0x00000002c2e00000 0x00000002c3000000 0x00000002c3000000 Y/10    Relocatable
 Small   0x00000002c3a00000 0x00000002c3bffff8 0x00000002c3c00000 Y/10    Relocatable
 Small   0x00000002c4c00000 0x00000002c4e00000 0x00000002c4e00000 Y/11    Allocating 
 Small   0x00000002c5a00000 0x00000002c5c00000 0x00000002c5c00000 Y/10    Relocatable
 Small   0x00000002c6600000 0x00000002c67ffff0 0x00000002c6800000 Y/10    Relocatable
 Small   0x00000002c7400000 0x00000002c75ffff8 0x00000002c7600000 Y/10    Relocatable
 Small   0x00000002c7800000 0x00000002c7a00000 0x00000002c7a00000 Y/10    Relocatable
 Small   0x00000002c7c00000 0x00000002c7e00000 0x00000002c7e00000 Y/10    Relocatable
 Small   0x00000002c7e00000 0x00000002c8000000 0x00000002c8000000 Y/10    Relocatable
 Small   0x00000002c8000000 0x00000002c8200000 0x00000002c8200000 Y/10    Relocatable
 Small   0x00000002c8c00000 0x00000002c8e00000 0x00000002c8e00000 Y/10    Relocatable
 Small   0x00000002ca200000 0x00000002ca400000 0x00000002ca400000 Y/10    Relocatable
 Small   0x00000002cac00000 0x00000002cae00000 0x00000002cae00000 Y/10    Relocatable
 Small   0x00000002cb200000 0x00000002cb400000 0x00000002cb400000 Y/10    Relocatable
 Small   0x00000002cbc00000 0x00000002cbd1a8b0 0x00000002cbe00000 Y/10    Relocatable
 Small   0x00000002cc400000 0x00000002cc600000 0x00000002cc600000 Y/10    Relocatable
 Small   0x00000002cca00000 0x00000002ccc00000 0x00000002ccc00000 Y/10    Relocatable
 Small   0x00000002cd200000 0x00000002cd400000 0x00000002cd400000 Y/10    Relocatable
 Small   0x00000002cd400000 0x00000002cd600000 0x00000002cd600000 Y/10    Relocatable
 Small   0x00000002cd800000 0x00000002cda00000 0x00000002cda00000 Y/10    Relocatable
 Small   0x00000002ce000000 0x00000002ce200000 0x00000002ce200000 Y/10    Relocatable
 Small   0x00000002ce200000 0x00000002ce400000 0x00000002ce400000 Y/10    Relocatable
 Small   0x00000002ce400000 0x00000002ce600000 0x00000002ce600000 Y/10    Relocatable
 Small   0x00000002ce800000 0x00000002cea00000 0x00000002cea00000 Y/10    Relocatable
 Small   0x00000002cea00000 0x00000002cec00000 0x00000002cec00000 Y/10    Relocatable
 Small   0x00000002cec00000 0x00000002cee00000 0x00000002cee00000 Y/10    Relocatable
 Small   0x00000002cee00000 0x00000002cf000000 0x00000002cf000000 Y/10    Relocatable
 Small   0x00000002cf000000 0x00000002cf200000 0x00000002cf200000 Y/10    Relocatable
 Small   0x00000002cf600000 0x00000002cf800000 0x00000002cf800000 Y/10    Relocatable
 Small   0x00000002d1400000 0x00000002d1600000 0x00000002d1600000 Y/10    Relocatable
 Small   0x00000002d2000000 0x00000002d2200000 0x00000002d2200000 Y/10    Relocatable
 Small   0x00000002d2200000 0x00000002d2400000 0x00000002d2400000 Y/10    Relocatable
 Small   0x00000002d3e00000 0x00000002d4000000 0x00000002d4000000 Y/10    Relocatable
 Small   0x00000002d4600000 0x00000002d47ffff0 0x00000002d4800000 Y/10    Relocatable
 Small   0x00000002d5000000 0x00000002d51ffff8 0x00000002d5200000 Y/10    Relocatable
 Small   0x00000002d5200000 0x00000002d5400000 0x00000002d5400000 Y/10    Relocatable
 Small   0x00000002d5400000 0x00000002d5600000 0x00000002d5600000 Y/10    Relocatable
 Small   0x00000002d5600000 0x00000002d5800000 0x00000002d5800000 Y/10    Relocatable
 Small   0x00000002d5800000 0x00000002d5a00000 0x00000002d5a00000 Y/10    Relocatable
 Small   0x00000002d5a00000 0x00000002d5c00000 0x00000002d5c00000 Y/10    Relocatable
 Small   0x00000002d5c00000 0x00000002d5ce8ba8 0x00000002d5e00000 Y/10    Relocatable
 Small   0x00000002d7a00000 0x00000002d7bffff0 0x00000002d7c00000 Y/10    Relocatable
 Small   0x00000002d8c00000 0x00000002d8e00000 0x00000002d8e00000 Y/10    Relocatable
 Small   0x00000002d9a00000 0x00000002d9bfffb0 0x00000002d9c00000 Y/10    Relocatable
 Small   0x00000002da800000 0x00000002da9fffb0 0x00000002daa00000 Y/10    Relocatable
 Large   0x0000003fe7e00000 0x0000003fe8800000 0x0000003fe8800000 Y/10    Relocatable
 Large   0x0000003fe8800000 0x0000003fe8e00000 0x0000003fe8e00000 Y/10    Relocatable
 Large   0x0000003fe8e00000 0x0000003fe9400000 0x0000003fe9400000 Y/10    Relocatable
 Large   0x0000003fe9400000 0x0000003fe9a00000 0x0000003fe9a00000 Y/10    Relocatable
 Medium  0x0000003fe9a00000 0x0000003feb675000 0x0000003feba00000 Y/10    Relocatable
 Medium  0x0000003feba00000 0x0000003febb42000 0x0000003feda00000 Y/10    Relocatable
 Medium  0x0000003feda00000 0x0000003fedb43000 0x0000003fefa00000 Y/11    Allocating 
 Large   0x0000003fefa00000 0x0000003ff0000000 0x0000003ff0000000 Y/10    Relocatable
 Large   0x0000003ff1000000 0x0000003ff1600000 0x0000003ff1600000 Y/10    Relocatable
 Medium  0x0000003ff3a00000 0x0000003ff3a41000 0x0000003ff5a00000 O/8     Relocatable
 Large   0x0000003ff5a00000 0x0000003ff6600000 0x0000003ff6600000 O/8     Relocatable
 Large   0x0000003ff6800000 0x0000003ff7a00000 0x0000003ff7a00000 Y/10    Relocatable
 Medium  0x0000003ff7a00000 0x0000003ff84a1000 0x0000003ff9a00000 Y/10    Relocatable
 Medium  0x0000003ff9a00000 0x0000003ffb201000 0x0000003ffba00000 O/7     Relocatable
 Large   0x0000003ffda00000 0x0000003ffe000000 0x0000003ffe000000 Y/10    Relocatable
 Medium  0x0000003ffe000000 0x0000003ffea47000 0x0000004000000000 Y/10    Relocatable

ZBarrierSet

Polling page: 0x000001ac384a0000

Metaspace:

Usage:
  Non-class:    196.55 MB used.
      Class:     40.30 MB used.
       Both:    236.85 MB used.

Virtual space:
  Non-class space:      256.00 MB reserved,     198.12 MB ( 77%) committed,  4 nodes.
      Class space:        1.00 GB reserved,      41.69 MB (  4%) committed,  1 nodes.
             Both:        1.25 GB reserved,     239.81 MB ( 19%) committed. 

Chunk freelists:
   Non-Class:  9.08 MB
       Class:  6.35 MB
        Both:  15.43 MB

MaxMetaspaceSize: unlimited
CompressedClassSpaceSize: 1.00 GB
Initial GC threshold: 21.00 MB
Current GC threshold: 299.62 MB
CDS: off
 - commit_granule_bytes: 65536.
 - commit_granule_words: 8192.
 - virtual_space_node_default_size: 8388608.
 - enlarge_chunks_in_place: 1.
 - use_allocation_guard: 0.


Internal statistics:

num_allocs_failed_limit: 148.
num_arena_births: 5470.
num_arena_deaths: 394.
num_vsnodes_births: 5.
num_vsnodes_deaths: 0.
num_space_committed: 3824.
num_space_uncommitted: 0.
num_chunks_returned_to_freelist: 706.
num_chunks_taken_from_freelist: 17177.
num_chunk_merges: 396.
num_chunk_splits: 10132.
num_chunks_enlarged: 5927.
num_inconsistent_stats: 0.

CodeHeap 'non-profiled nmethods': size=119168Kb used=26392Kb max_used=26392Kb free=92775Kb
 bounds [0x000001ac44710000, 0x000001ac460e0000, 0x000001ac4bb70000]
CodeHeap 'profiled nmethods': size=119104Kb used=41596Kb max_used=41596Kb free=77507Kb
 bounds [0x000001ac3cb70000, 0x000001ac3f410000, 0x000001ac43fc0000]
CodeHeap 'non-nmethods': size=7488Kb used=4692Kb max_used=5384Kb free=2795Kb
 bounds [0x000001ac43fc0000, 0x000001ac44510000, 0x000001ac44710000]
 total_blobs=23907 nmethods=21284 adapters=2522
 compilation: enabled
              stopped_count=0, restarted_count=0
 full_count=0

Compilation events (250 events):
Event: 27.147 Thread 0x000001b0a98fb470 27064       4       de.keksuccino.fancymenu.customization.ScreenCustomization$$Lambda/0x0000000082559440::isScreenBlacklisted (5 bytes)
Event: 27.147 Thread 0x000001ac38cd1760 27065       4       de.keksuccino.fancymenu.customization.ScreenCustomization$$Lambda/0x0000000082559650::isScreenBlacklisted (5 bytes)
Event: 27.149 Thread 0x000001b0a98fb470 nmethod 27064 0x000001ac460b3a90 code [0x000001ac460b3c20, 0x000001ac460b3f40]
Event: 27.149 Thread 0x000001ac38cd1760 nmethod 27065 0x000001ac460b4110 code [0x000001ac460b42a0, 0x000001ac460b45c0]
Event: 27.149 Thread 0x000001b0a98fb470 27066       4       de.keksuccino.fancymenu.customization.ScreenCustomization$$Lambda/0x0000000082559860::isScreenBlacklisted (5 bytes)
Event: 27.151 Thread 0x000001b0a98fb470 nmethod 27066 0x000001ac460b4790 code [0x000001ac460b4920, 0x000001ac460b4c00]
Event: 27.160 Thread 0x000001ac38d70f80 27067       1       net.minecraft.client.gui.components.AbstractWidget::setMessageFieldFancyMenu (6 bytes)
Event: 27.160 Thread 0x000001b0a98fe420 27068       3       net.minecraft.network.chat.Style::equals (152 bytes)
Event: 27.160 Thread 0x000001ac38d70f80 nmethod 27067 0x000001ac460b4e10 code [0x000001ac460b4fa0, 0x000001ac460b50d8]
Event: 27.160 Thread 0x000001ac38d70f80 27069       3       net.minecraft.network.chat.SubStringSource$$Lambda/0x000000008296e030::accept (15 bytes)
Event: 27.160 Thread 0x000001ac38df3610 27070       3       net.minecraft.network.chat.SubStringSource::lambda$create$2 (40 bytes)
Event: 27.160 Thread 0x000001ac38d70f80 nmethod 27069 0x000001ac3f3c5c90 code [0x000001ac3f3c5e40, 0x000001ac3f3c6000]
Event: 27.160 Thread 0x000001ac38d70f80 27071       3       java.lang.StringBuilder::appendCodePoint (8 bytes)
Event: 27.160 Thread 0x000001ac38d70f80 nmethod 27071 0x000001ac3f3c6090 code [0x000001ac3f3c62a0, 0x000001ac3f3c6738]
Event: 27.160 Thread 0x000001ac38d70f80 27072       3       java.lang.AbstractStringBuilder::appendCodePoint (23 bytes)
Event: 27.160 Thread 0x000001ac38d70f80 nmethod 27072 0x000001ac3f3c6910 code [0x000001ac3f3c6b00, 0x000001ac3f3c6ec0]
Event: 27.160 Thread 0x000001ac38d70f80 27073       3       java.lang.StringBuilder::append (6 bytes)
Event: 27.160 Thread 0x000001ac38df3610 nmethod 27070 0x000001ac3f3c6f90 code [0x000001ac3f3c71c0, 0x000001ac3f3c78f0]
Event: 27.160 Thread 0x000001b0a98fe420 nmethod 27068 0x000001ac3f3c7c90 code [0x000001ac3f3c7f80, 0x000001ac3f3c9080]
Event: 27.160 Thread 0x000001ac38d70f80 nmethod 27073 0x000001ac3f3c9390 code [0x000001ac3f3c9540, 0x000001ac3f3c96f0]
Event: 27.160 Thread 0x000001ac38df3610 27074       3       com.ibm.icu.text.ArabicShaping::getLink (72 bytes)
Event: 27.160 Thread 0x000001ac38d70f80 27075       3       com.ibm.icu.text.ArabicShaping::isTashkeelChar (20 bytes)
Event: 27.160 Thread 0x000001b0a98fe420 27076       3       com.ibm.icu.text.UTF16::charAt (116 bytes)
Event: 27.160 Thread 0x000001ac38d70f80 nmethod 27075 0x000001ac3f3c9810 code [0x000001ac3f3c99a0, 0x000001ac3f3c9b18]
Event: 27.160 Thread 0x000001ac38df3610 nmethod 27074 0x000001ac3f3c9b90 code [0x000001ac3f3c9d60, 0x000001ac3f3ca098]
Event: 27.160 Thread 0x000001b0a98fe420 nmethod 27076 0x000001ac3f3ca190 code [0x000001ac3f3ca3c0, 0x000001ac3f3cab48]
Event: 27.175 Thread 0x000001ac38df3610 27077       3       de.keksuccino.fancymenu.customization.element.elements.button.custombutton.ButtonElement::getAbsoluteX (43 bytes)
Event: 27.175 Thread 0x000001ac38d70f80 27078       3       de.keksuccino.fancymenu.customization.element.elements.button.custombutton.ButtonElement::getAbsoluteX (42 bytes)
Event: 27.175 Thread 0x000001b0a98fe420 27079       3       de.keksuccino.fancymenu.customization.element.elements.button.custombutton.ButtonElement::getAbsoluteY (43 bytes)
Event: 27.175 Thread 0x000001ac38df3610 nmethod 27077 0x000001ac3f3cae10 code [0x000001ac3f3cb060, 0x000001ac3f3cbac8]
Event: 27.175 Thread 0x000001b0a98fe420 nmethod 27079 0x000001ac3f3cbd10 code [0x000001ac3f3cbf60, 0x000001ac3f3cc9c8]
Event: 27.175 Thread 0x000001ac38df3610 27081       3       com.mojang.blaze3d.platform.GlStateManager::_activeTexture (27 bytes)
Event: 27.175 Thread 0x000001b0a98fe420 27080       3       de.keksuccino.fancymenu.customization.element.elements.button.custombutton.ButtonElement::getAbsoluteY (42 bytes)
Event: 27.175 Thread 0x000001ac38d70f80 nmethod 27078 0x000001ac3f3ccc10 code [0x000001ac3f3cce80, 0x000001ac3f3cd8c8]
Event: 27.175 Thread 0x000001ac38d70f80 27082       3       net.minecraft.util.Mth::ceil (18 bytes)
Event: 27.175 Thread 0x000001ac38d70f80 nmethod 27082 0x000001ac3f3cdc10 code [0x000001ac3f3cdda0, 0x000001ac3f3cdf10]
Event: 27.175 Thread 0x000001ac38d70f80 27083       3       com.ibm.icu.text.Bidi::DirPropFlag (4 bytes)
Event: 27.175 Thread 0x000001ac38d70f80 nmethod 27083 0x000001ac3f3cdf90 code [0x000001ac3f3ce120, 0x000001ac3f3ce218]
Event: 27.175 Thread 0x000001ac38df3610 nmethod 27081 0x000001ac3f3ce290 code [0x000001ac3f3ce4c0, 0x000001ac3f3cec60]
Event: 27.175 Thread 0x000001b0a98fe420 nmethod 27080 0x000001ac3f3cee90 code [0x000001ac3f3cf100, 0x000001ac3f3cfb48]
Event: 27.175 Thread 0x000001b0a98fe420 27084       3       net.minecraft.client.renderer.ShaderInstance::apply (248 bytes)
Event: 27.176 Thread 0x000001ac38cd1760 27086       4       de.keksuccino.fancymenu.customization.element.elements.button.custombutton.ButtonElement::isCopyrightButton (61 bytes)
Event: 27.176 Thread 0x000001b0a98fb470 27087       4       de.keksuccino.fancymenu.customization.placeholder.PlaceholderParser::replacePlaceholders (312 bytes)
Event: 27.176 Thread 0x000001ac38df3610 27089       3       net.minecraft.client.renderer.ShaderInstance::redirect$zmp000$sodium$redirectGetUniformLocation (29 bytes)
Event: 27.176 Thread 0x000001ac38df3610 nmethod 27089 0x000001ac3f3cfe90 code [0x000001ac3f3d0060, 0x000001ac3f3d0360]
Event: 27.176 Thread 0x000001ac38d70f80 27090 %     3       org.watermedia.api.util.MathUtil::<clinit> @ 475 (512 bytes)
Event: 27.176 Thread 0x000001b0a98fe420 nmethod 27084 0x000001ac3f3d0490 code [0x000001ac3f3d0ae0, 0x000001ac3f3d43a0]
Event: 27.177 Thread 0x000001ac38cd1760 nmethod 27086 0x000001ac460b5590 code [0x000001ac460b5740, 0x000001ac460b5a08]
Event: 27.177 Thread 0x000001ac38cd1760 27088       4       de.keksuccino.fancymenu.util.properties.Property$IntegerProperty::getInteger (36 bytes)
Event: 27.177 Thread 0x000001ac38cd1760 nmethod 27088 0x000001ac460b5b10 code [0x000001ac460b5cc0, 0x000001ac460b5ea0]
Event: 27.178 Thread 0x000001ac38d70f80 nmethod 27090% 0x000001ac3f3d5210 code [0x000001ac3f3d5c00, 0x000001ac3f3dca98]
Event: 27.178 Thread 0x000001ac38d70f80 27091       3       org.watermedia.api.util.MathUtil::<clinit> (512 bytes)
Event: 27.179 Thread 0x000001ac38d70f80 nmethod 27091 0x000001ac3f3de390 code [0x000001ac3f3ded80, 0x000001ac3f3e5bc0]
Event: 27.197 Thread 0x000001ac38d70f80 27094       3       java.lang.invoke.SimpleMethodHandle::copyWith (6 bytes)
Event: 27.197 Thread 0x000001ac38d70f80 nmethod 27094 0x000001ac3f3e7490 code [0x000001ac3f3e7640, 0x000001ac3f3e78a0]
Event: 27.198 Thread 0x000001ac38d70f80 27095       3       java.lang.invoke.ClassSpecializer$Factory$1Var::emitVarInstruction (73 bytes)
Event: 27.198 Thread 0x000001ac38df3610 27096       3       java.lang.invoke.ClassSpecializer$Factory::typeLoadOp (102 bytes)
Event: 27.198 Thread 0x000001b0a98fe420 27097       3       java.lang.invoke.ClassSpecializer$Factory$1Var::emitFieldInsn (18 bytes)
Event: 27.198 Thread 0x000001b0a98fe420 nmethod 27097 0x000001ac3f3e7a10 code [0x000001ac3f3e7bc0, 0x000001ac3f3e7e30]
Event: 27.198 Thread 0x000001ac38df3610 nmethod 27096 0x000001ac3f3e7f10 code [0x000001ac3f3e8180, 0x000001ac3f3e8970]
Event: 27.198 Thread 0x000001ac38d70f80 nmethod 27095 0x000001ac3f3e8c10 code [0x000001ac3f3e8ea0, 0x000001ac3f3e97d0]
Event: 27.202 Thread 0x000001ac38cd1760 27104       4       de.keksuccino.fancymenu.customization.placeholder.PlaceholderParser$$Lambda/0x0000000082605938::get (4 bytes)
Event: 27.202 Thread 0x000001ac38cd1760 nmethod 27104 0x000001ac460b7c10 code [0x000001ac460b7dc0, 0x000001ac460b7fb0]
Event: 27.203 Thread 0x000001b0a98fe420 27105       3       java.lang.Thread::checkAccess (14 bytes)
Event: 27.203 Thread 0x000001b0a98fe420 nmethod 27105 0x000001ac3f3e9b90 code [0x000001ac3f3e9d40, 0x000001ac3f3e9f30]
Event: 27.203 Thread 0x000001b0a98fe420 27106   !   3       jdk.proxy4.$Proxy107::extension (29 bytes)
Event: 27.203 Thread 0x000001b0a98fe420 nmethod 27106 0x000001ac3f3ea010 code [0x000001ac3f3ea1e0, 0x000001ac3f3ea5e8]
Event: 27.205 Thread 0x000001b0a98fe420 27107   !   3       jdk.proxy4.$Proxy107::value (29 bytes)
Event: 27.205 Thread 0x000001b0a98fe420 nmethod 27107 0x000001ac3f3ea790 code [0x000001ac3f3ea960, 0x000001ac3f3ead68]
Event: 27.206 Thread 0x000001b0a98fe420 27108       1       net.minecraft.client.gui.components.AbstractWidget::setX (6 bytes)
Event: 27.206 Thread 0x000001ac38d70f80 27109       1       net.minecraft.client.gui.components.AbstractWidget::setY (6 bytes)
Event: 27.206 Thread 0x000001ac38cd1760 27110       4       de.keksuccino.konkrete.config.Config::valueExists (14 bytes)
Event: 27.206 Thread 0x000001b0a98fe420 nmethod 27108 0x000001ac460b8110 code [0x000001ac460b82a0, 0x000001ac460b8368]
Event: 27.206 Thread 0x000001ac38d70f80 nmethod 27109 0x000001ac460b8410 code [0x000001ac460b85a0, 0x000001ac460b8668]
Event: 27.206 Thread 0x000001ac38d70f80 27111       3       de.keksuccino.fancymenu.util.rendering.ui.widget.button.ExtendedButton::isFocused (14 bytes)
Event: 27.206 Thread 0x000001ac38d70f80 nmethod 27111 0x000001ac3f3eaf10 code [0x000001ac3f3eb0c0, 0x000001ac3f3eb250]
Event: 27.206 Thread 0x000001ac38d70f80 27112       3       com.ibm.icu.text.UTF16::getCharCount (10 bytes)
Event: 27.206 Thread 0x000001ac38df3610 27113       3       com.ibm.icu.text.Bidi::getCustomizedClass (42 bytes)
Event: 27.206 Thread 0x000001b0a98fe420 27114       3       com.ibm.icu.impl.UBiDiProps::getClass (12 bytes)
Event: 27.206 Thread 0x000001ac38d70f80 nmethod 27112 0x000001ac3f3eb310 code [0x000001ac3f3eb4c0, 0x000001ac3f3eb610]
Event: 27.206 Thread 0x000001ac38d70f80 27115       3       com.ibm.icu.impl.Trie2_16::get (170 bytes)
Event: 27.206 Thread 0x000001b0a98fe420 nmethod 27114 0x000001ac3f3eb690 code [0x000001ac3f3eb840, 0x000001ac3f3eba18]
Event: 27.206 Thread 0x000001b0a98fe420 27116       3       com.ibm.icu.impl.UBiDiProps::getClassFromProps (5 bytes)
Event: 27.206 Thread 0x000001b0a98fe420 nmethod 27116 0x000001ac3f3ebb10 code [0x000001ac3f3ebca0, 0x000001ac3f3ebd90]
Event: 27.206 Thread 0x000001ac38d70f80 nmethod 27115 0x000001ac3f3ebe10 code [0x000001ac3f3ec000, 0x000001ac3f3ec548]
Event: 27.206 Thread 0x000001ac38df3610 nmethod 27113 0x000001ac3f3ec790 code [0x000001ac3f3ec980, 0x000001ac3f3ecd10]
Event: 27.207 Thread 0x000001b0a98fe420 27119       1       net.minecraft.client.gui.components.AbstractWidget::setWidth (6 bytes)
Event: 27.207 Thread 0x000001ac38d70f80 27120       1       net.minecraft.client.gui.components.AbstractWidget::setHeightFancyMenu (6 bytes)
Event: 27.207 Thread 0x000001ac38df3610 27121       1       de.keksuccino.fancymenu.util.rendering.ui.widget.button.ExtendedButton::setNavigatable (6 bytes)
Event: 27.207 Thread 0x000001ac38d70f80 nmethod 27120 0x000001ac460b8710 code [0x000001ac460b88a0, 0x000001ac460b8968]
Event: 27.207 Thread 0x000001b0a98fe420 nmethod 27119 0x000001ac460b8a10 code [0x000001ac460b8ba0, 0x000001ac460b8c68]
Event: 27.207 Thread 0x000001ac38df3610 nmethod 27121 0x000001ac460b8d10 code [0x000001ac460b8ea0, 0x000001ac460b8f70]
Event: 27.208 Thread 0x000001ac38cd1760 nmethod 27110 0x000001ac460b9010 code [0x000001ac460b9240, 0x000001ac460b99f8]
Event: 27.208 Thread 0x000001ac38cd1760 27118       4       org.apache.commons.lang3.StringUtils::replace (208 bytes)
Event: 27.209 Thread 0x000001ac38d70f80 27125       3       org.bytedeco.javacpp.ClassProperties::setProperty (53 bytes)
Event: 27.209 Thread 0x000001ac38d70f80 nmethod 27125 0x000001ac3f3ece90 code [0x000001ac3f3ed100, 0x000001ac3f3edbe8]
Event: 27.213 Thread 0x000001ac38d70f80 27126   !   3       jdk.proxy4.$Proxy107::not (29 bytes)
Event: 27.213 Thread 0x000001b0a98fe420 27127   !   3       jdk.proxy4.$Proxy107::pattern (29 bytes)
Event: 27.213 Thread 0x000001ac38d70f80 nmethod 27126 0x000001ac3f3edf10 code [0x000001ac3f3ee0e0, 0x000001ac3f3ee4e8]
Event: 27.213 Thread 0x000001b0a98fe420 nmethod 27127 0x000001ac3f3ee690 code [0x000001ac3f3ee860, 0x000001ac3f3eec68]
Event: 27.213 Thread 0x000001ac38cd1760 nmethod 27118 0x000001ac460b9d10 code [0x000001ac460b9f60, 0x000001ac460baf80]
Event: 27.213 Thread 0x000001ac38cd1760 27122       4       org.lwjgl.system.MemoryUtil::memGetFloat (9 bytes)
Event: 27.214 Thread 0x000001ac38cd1760 nmethod 27122 0x000001ac460bb910 code [0x000001ac460bba80, 0x000001ac460bbaf0]
Event: 27.214 Thread 0x000001ac38cd1760 27123       4       com.mojang.blaze3d.vertex.MeshData$SortState$$Lambda/0x0000000082984ae0::accept (9 bytes)
Event: 27.214 Thread 0x000001ac38cd1760 nmethod 27123 0x000001ac460bbc10 code [0x000001ac460bbda0, 0x000001ac460bbe88]
Event: 27.214 Thread 0x000001ac38cd1760 27124       4       org.lwjgl.system.MemoryUtil::memPutShort (10 bytes)
Event: 27.214 Thread 0x000001ac38cd1760 nmethod 27124 0x000001ac460bbf90 code [0x000001ac460bc100, 0x000001ac460bc170]
Event: 27.214 Thread 0x000001ac38cd1760 27117       4       org.apache.commons.lang3.StringUtils::replace (9 bytes)
Event: 27.214 Thread 0x000001ac38cd1760 nmethod 27117 0x000001ac460bc290 code [0x000001ac460bc420, 0x000001ac460bc4b8]
Event: 27.214 Thread 0x000001ac38cd1760 27128       4       sun.reflect.generics.tree.ClassTypeSignature::accept (8 bytes)
Event: 27.215 Thread 0x000001ac38d70f80 27129   !   3       jdk.proxy4.$Proxy107::preload (29 bytes)
Event: 27.215 Thread 0x000001ac38d70f80 nmethod 27129 0x000001ac3f3eee10 code [0x000001ac3f3eefe0, 0x000001ac3f3ef3e8]
Event: 27.215 Thread 0x000001ac38cd1760 nmethod 27128 0x000001ac460bc590 code [0x000001ac460bc720, 0x000001ac460bc808]
Event: 27.222 Thread 0x000001b0a98fb470 nmethod 27087 0x000001ac460bc910 code [0x000001ac460bd340, 0x000001ac460c34c0]
Event: 27.225 Thread 0x000001ac38cd1760 27130       4       net.minecraft.client.gui.font.glyphs.BakedGlyph::write (52 bytes)
Event: 27.225 Thread 0x000001ac38df3610 27131       1       org.apache.commons.lang3.mutable.MutableFloat::floatValue (5 bytes)
Event: 27.225 Thread 0x000001ac38df3610 nmethod 27131 0x000001ac460c6510 code [0x000001ac460c66a0, 0x000001ac460c6768]
Event: 27.226 Thread 0x000001ac38df3610 27132       1       net.minecraft.client.gui.components.AbstractWidget::getAlphaFancyMenu (5 bytes)
Event: 27.226 Thread 0x000001b0a98fe420 27133       3       net.minecraft.client.gui.components.AbstractWidget::isGlobalLabelCustomizationTarget_FancyMenu (20 bytes)
Event: 27.226 Thread 0x000001ac38d70f80 27134       3       net.minecraft.client.gui.components.AbstractWidget::isSliderWidget_FancyMenu (5 bytes)
Event: 27.226 Thread 0x000001ac38df3610 nmethod 27132 0x000001ac460c6810 code [0x000001ac460c69a0, 0x000001ac460c6a68]
Event: 27.226 Thread 0x000001ac38d70f80 nmethod 27134 0x000001ac3f3ef590 code [0x000001ac3f3ef740, 0x000001ac3f3ef928]
Event: 27.226 Thread 0x000001b0a98fe420 nmethod 27133 0x000001ac3f3ef990 code [0x000001ac3f3efb60, 0x000001ac3f3eff60]
Event: 27.226 Thread 0x000001b0a98fb470 27135       4       java.lang.Class::copyMethods (36 bytes)
Event: 27.226 Thread 0x000001ac38cd1760 nmethod 27130 0x000001ac460c6b10 code [0x000001ac460c6ca0, 0x000001ac460c6dc8]
Event: 27.226 Thread 0x000001ac38cd1760 27136       4       net.caffeinemc.mods.sodium.api.util.ColorABGR::pack (35 bytes)
Event: 27.227 Thread 0x000001ac38cd1760 nmethod 27136 0x000001ac460c7010 code [0x000001ac460c7180, 0x000001ac460c7208]
Event: 27.230 Thread 0x000001b0a98fb470 nmethod 27135 0x000001ac460c7310 code [0x000001ac460c7540, 0x000001ac460c8070]
Event: 27.241 Thread 0x000001ac38cd1760 27137       4       de.keksuccino.fancymenu.customization.ScreenCustomization$$Lambda/0x0000000082559c80::isScreenBlacklisted (5 bytes)
Event: 27.241 Thread 0x000001b0a98fb470 27138       4       de.keksuccino.fancymenu.customization.ScreenCustomization$$Lambda/0x000000008255a0a0::isScreenBlacklisted (5 bytes)
Event: 27.242 Thread 0x000001ac38df3610 27145       3       net.minecraft.util.StringDecomposer::iterateFormatted (255 bytes)
Event: 27.243 Thread 0x000001ac38d70f80 27146       3       it.unimi.dsi.fastutil.ints.IntArrays::mergeSort (173 bytes)
Event: 27.243 Thread 0x000001ac38df3610 nmethod 27145 0x000001ac3f3f0010 code [0x000001ac3f3f0480, 0x000001ac3f3f26e8]
Event: 27.243 Thread 0x000001ac38d70f80 nmethod 27146 0x000001ac3f3f3310 code [0x000001ac3f3f3560, 0x000001ac3f3f3de8]
Event: 27.244 Thread 0x000001b0a98fd680 27139       4       de.keksuccino.fancymenu.customization.ScreenCustomization$$Lambda/0x000000008255a4c0::isScreenBlacklisted (5 bytes)
Event: 27.244 Thread 0x000001ac38cd1760 nmethod 27137 0x000001ac460c8390 code [0x000001ac460c8520, 0x000001ac460c8800]
Event: 27.244 Thread 0x000001ac38cd1760 27140       4       de.keksuccino.fancymenu.customization.ScreenCustomization$$Lambda/0x000000008255a8e0::isScreenBlacklisted (5 bytes)
Event: 27.244 Thread 0x000001b0a98fb470 nmethod 27138 0x000001ac460c8a10 code [0x000001ac460c8ba0, 0x000001ac460c8e80]
Event: 27.244 Thread 0x000001b0a98fb470 27141       4       de.keksuccino.fancymenu.customization.ScreenCustomization$$Lambda/0x000000008255aaf0::isScreenBlacklisted (5 bytes)
Event: 27.244 Thread 0x000001b0a98fd680 nmethod 27139 0x000001ac460c9090 code [0x000001ac460c9240, 0x000001ac460c9538]
Event: 27.244 Thread 0x000001b0a98fd680 27142       4       de.keksuccino.fancymenu.customization.ScreenCustomization$$Lambda/0x000000008255ad00::isScreenBlacklisted (5 bytes)
Event: 27.246 Thread 0x000001ac38cd1760 nmethod 27140 0x000001ac460c9690 code [0x000001ac460c9820, 0x000001ac460c9b40]
Event: 27.246 Thread 0x000001b0a98fb470 nmethod 27141 0x000001ac460c9d10 code [0x000001ac460c9ea0, 0x000001ac460ca190]
Event: 27.247 Thread 0x000001ac38cd1760 27143       4       de.keksuccino.fancymenu.customization.ScreenCustomization$$Lambda/0x000000008255af10::isScreenBlacklisted (5 bytes)
Event: 27.247 Thread 0x000001b0a98fb470 27144       4       de.keksuccino.fancymenu.customization.ScreenCustomization$$Lambda/0x000000008255b120::isScreenBlacklisted (5 bytes)
Event: 27.247 Thread 0x000001ac38cd1760 nmethod 27143 0x000001ac460ca390 code [0x000001ac460ca520, 0x000001ac460ca778]
Event: 27.247 Thread 0x000001b0a98fb470 nmethod 27144 0x000001ac460ca890 code [0x000001ac460caa20, 0x000001ac460cac78]
Event: 27.247 Thread 0x000001b0a98fd680 nmethod 27142 0x000001ac460cad90 code [0x000001ac460caf20, 0x000001ac460cb240]
Event: 27.258 Thread 0x000001b0a98fd680 27147       4       de.keksuccino.fancymenu.customization.element.elements.button.custombutton.ButtonElement::getTopActiveTemplateElement (199 bytes)
Event: 27.259 Thread 0x000001b0a98fb470 27149       4       net.minecraft.client.gui.font.CodepointMap::computeIfAbsent (88 bytes)
Event: 27.259 Thread 0x000001ac38cd1760 27150       4       com.mojang.blaze3d.shaders.ProgramManager::glUseProgram (8 bytes)
Event: 27.259 Thread 0x000001ac38d70f80 27151       3       com.mojang.blaze3d.font.SpaceProvider$$Lambda/0x0000000082526a30::getAdvance (8 bytes)
Event: 27.259 Thread 0x000001ac38df3610 27152       3       com.mojang.blaze3d.font.SpaceProvider::lambda$new$0 (5 bytes)
Event: 27.259 Thread 0x000001ac38df3610 nmethod 27152 0x000001ac3f3f4190 code [0x000001ac3f3f4320, 0x000001ac3f3f4430]
Event: 27.259 Thread 0x000001ac38d70f80 nmethod 27151 0x000001ac3f3f4510 code [0x000001ac3f3f46c0, 0x000001ac3f3f4880]
Event: 27.260 Thread 0x000001ac38cd1760 nmethod 27150 0x000001ac460cb810 code [0x000001ac460cb9a0, 0x000001ac460cbb18]
Event: 27.260 Thread 0x000001b0a98fd680 nmethod 27147 0x000001ac460cbc10 code [0x000001ac460cbe00, 0x000001ac460cc2c0]
Event: 27.261 Thread 0x000001b0a98fb470 nmethod 27149 0x000001ac460cc610 code [0x000001ac460cc820, 0x000001ac460ccf10]
Event: 27.275 Thread 0x000001b0a98fe420 27153       3       net.minecraft.client.gui.components.AbstractWidget::getWidgetFancyMenu (2 bytes)
Event: 27.275 Thread 0x000001b0a98fe420 nmethod 27153 0x000001ac3f3f4990 code [0x000001ac3f3f4b20, 0x000001ac3f3f4c30]
Event: 27.275 Thread 0x000001ac38d70f80 27154       3       net.minecraft.network.chat.Style::applyTo (206 bytes)
Event: 27.275 Thread 0x000001b0a98fe420 27155       3       net.minecraft.network.chat.Component::visit (101 bytes)
Event: 27.275 Thread 0x000001ac38df3610 27156       3       net.minecraft.util.StringDecomposer::iterate (140 bytes)
Event: 27.276 Thread 0x000001ac38d70f80 nmethod 27154 0x000001ac3f3f4d10 code [0x000001ac3f3f4f60, 0x000001ac3f3f5968]
Event: 27.276 Thread 0x000001b0a98fe420 nmethod 27155 0x000001ac3f3f5b90 code [0x000001ac3f3f5e20, 0x000001ac3f3f6998]
Event: 27.276 Thread 0x000001ac38df3610 nmethod 27156 0x000001ac3f3f6d90 code [0x000001ac3f3f7100, 0x000001ac3f3f8820]
Event: 27.292 Thread 0x000001ac38df3610 27158   !   3       jdk.proxy4.$Proxy107::link (29 bytes)
Event: 27.292 Thread 0x000001ac38d70f80 27157   !   3       jdk.proxy4.$Proxy107::cinclude (29 bytes)
Event: 27.292 Thread 0x000001b0a98fe420 27159       3       net.minecraft.client.renderer.texture.AbstractTexture::bind (26 bytes)
Event: 27.292 Thread 0x000001ac38df3610 nmethod 27158 0x000001ac3f3f9010 code [0x000001ac3f3f91e0, 0x000001ac3f3f95e8]
Event: 27.292 Thread 0x000001ac38d70f80 nmethod 27157 0x000001ac3f3f9790 code [0x000001ac3f3f9960, 0x000001ac3f3f9d68]
Event: 27.292 Thread 0x000001b0a98fe420 nmethod 27159 0x000001ac3f3f9f10 code [0x000001ac3f3fa140, 0x000001ac3f3fa858]
Event: 27.293 Thread 0x000001ac38cd1760 27160   !   4       de.keksuccino.fancymenu.customization.screen.identifier.ScreenIdentifierHandler::isValidIdentifier (43 bytes)
Event: 27.296 Thread 0x000001ac38df3610 27163   !   3       jdk.proxy4.$Proxy107::preloadpath (29 bytes)
Event: 27.296 Thread 0x000001ac38d70f80 27164   !   3       jdk.proxy4.$Proxy107::compiler (29 bytes)
Event: 27.296 Thread 0x000001b0a98fe420 27165   !   3       jdk.proxy4.$Proxy107::includepath (29 bytes)
Event: 27.296 Thread 0x000001ac38df3610 nmethod 27163 0x000001ac3f3faa10 code [0x000001ac3f3fabe0, 0x000001ac3f3fafe8]
Event: 27.296 Thread 0x000001ac38d70f80 nmethod 27164 0x000001ac3f3fb190 code [0x000001ac3f3fb360, 0x000001ac3f3fb768]
Event: 27.296 Thread 0x000001b0a98fe420 nmethod 27165 0x000001ac3f3fb910 code [0x000001ac3f3fbae0, 0x000001ac3f3fbee8]
Event: 27.300 Thread 0x000001ac38cd1760 nmethod 27160 0x000001ac460cda90 code [0x000001ac460cdda0, 0x000001ac460cf040]
Event: 27.308 Thread 0x000001b0a98fe420 27166       3       org.lwjgl.opengl.GL20::glBindAttribLocation (7 bytes)
Event: 27.308 Thread 0x000001ac38df3610 27167   !   3       org.lwjgl.opengl.GL20C::glBindAttribLocation (51 bytes)
Event: 27.308 Thread 0x000001b0a98fe420 nmethod 27166 0x000001ac3f3fc090 code [0x000001ac3f3fc240, 0x000001ac3f3fc358]
Event: 27.309 Thread 0x000001ac38df3610 nmethod 27167 0x000001ac3f3fc410 code [0x000001ac3f3fc680, 0x000001ac3f3fd1a8]
Event: 27.310 Thread 0x000001ac38d70f80 27168       3       com.ibm.icu.text.BidiRun::<init> (20 bytes)
Event: 27.310 Thread 0x000001ac38d70f80 nmethod 27168 0x000001ac3f3fd590 code [0x000001ac3f3fd740, 0x000001ac3f3fd8b0]
Event: 27.310 Thread 0x000001ac38df3610 27169       3       de.keksuccino.fancymenu.util.rendering.ui.widget.button.ExtendedButton::setLabel (22 bytes)
Event: 27.310 Thread 0x000001ac38d70f80 27170       3       de.keksuccino.fancymenu.util.rendering.ui.widget.button.ExtendedButton$$Lambda/0x0000000082967288::<init> (10 bytes)
Event: 27.310 Thread 0x000001ac38d70f80 nmethod 27170 0x000001ac3f3fd990 code [0x000001ac3f3fdb40, 0x000001ac3f3fdd20]
Event: 27.310 Thread 0x000001ac38df3610 nmethod 27169 0x000001ac3f3fde10 code [0x000001ac3f3fe020, 0x000001ac3f3fe778]
Event: 27.310 Thread 0x000001b0a98fe420 27171       3       net.minecraft.client.gui.screens.Screen::render (84 bytes)
Event: 27.310 Thread 0x000001b0a98fe420 nmethod 27171 0x000001ac3f3fea10 code [0x000001ac3f3fec40, 0x000001ac3f3ff430]
Event: 27.311 Thread 0x000001ac38d70f80 27172       1       org.watermedia.api.media.players.util.MasterClock::pauseRequested (5 bytes)
Event: 27.311 Thread 0x000001ac38d70f80 nmethod 27172 0x000001ac460d0210 code [0x000001ac460d03a0, 0x000001ac460d0470]
Event: 27.312 Thread 0x000001ac38df3610 27178   !   3       org.watermedia.api.media.players.util.MasterClock::consumeSeek (38 bytes)
Event: 27.312 Thread 0x000001ac38d70f80 27179       3       org.watermedia.api.media.players.util.PacketQueue$Entry::<init> (15 bytes)
Event: 27.312 Thread 0x000001ac38d70f80 nmethod 27179 0x000001ac3f3ff710 code [0x000001ac3f3ff8c0, 0x000001ac3f3ffaa0]
Event: 27.312 Thread 0x000001ac38df3610 nmethod 27178 0x000001ac3f3ffb90 code [0x000001ac3f3ffe00, 0x000001ac3f4008e8]
Event: 27.313 Thread 0x000001b0a98fe420 27180       3       java.nio.MappedByteBuffer::<init> (22 bytes)
Event: 27.313 Thread 0x000001b0a98fd680 27181       4       org.lwjgl.system.MemoryStack::mallocInt (19 bytes)
Event: 27.313 Thread 0x000001ac38d70f80 27182       3       org.lwjgl.openal.ALC::check (16 bytes)
Event: 27.313 Thread 0x000001b0a98fe420 nmethod 27180 0x000001ac3f400c10 code [0x000001ac3f400dc0, 0x000001ac3f400f90]
Event: 27.313 Thread 0x000001ac38d70f80 nmethod 27182 0x000001ac3f401090 code [0x000001ac3f401240, 0x000001ac3f401420]
Event: 27.314 Thread 0x000001b0a98fd680 nmethod 27181 0x000001ac460d1390 code [0x000001ac460d1520, 0x000001ac460d16a0]
Event: 27.314 Thread 0x000001ac38d70f80 27183   !   3       org.watermedia.api.media.players.util.PacketQueue::tryPut (99 bytes)
Event: 27.314 Thread 0x000001ac38d70f80 nmethod 27183 0x000001ac3f401510 code [0x000001ac3f401740, 0x000001ac3f401eb8]
Event: 27.316 Thread 0x000001b0a98fe420 27184       3       org.watermedia.api.media.players.FFMediaPlayer$1::call (16 bytes)
Event: 27.316 Thread 0x000001b0a98fe420 nmethod 27184 0x000001ac3f402210 code [0x000001ac3f4023c0, 0x000001ac3f402580]
Event: 27.316 Thread 0x000001ac38df3610 27185   !   3       org.watermedia.api.media.players.util.PacketQueue::put (132 bytes)
Event: 27.316 Thread 0x000001ac38df3610 nmethod 27185 0x000001ac3f402610 code [0x000001ac3f4028a0, 0x000001ac3f403350]
Event: 27.325 Thread 0x000001b0a98fd680 27186       4       de.keksuccino.fancymenu.customization.element.AbstractElement::getAbsoluteWidth (61 bytes)
Event: 27.325 Thread 0x000001b0a98fb470 27187       4       de.keksuccino.fancymenu.customization.element.AbstractElement::updateAutoSizing (214 bytes)
Event: 27.325 Thread 0x000001ac38d70f80 27188       3       net.minecraft.util.StringDecomposer::iterateFormatted (9 bytes)
Event: 27.325 Thread 0x000001ac38cd1760 27189       4       java.lang.Float::compare (46 bytes)
Event: 27.325 Thread 0x000001ac38d70f80 nmethod 27188 0x000001ac3f403890 code [0x000001ac3f403a40, 0x000001ac3f403b68]
Event: 27.325 Thread 0x000001ac38d70f80 27190       3       net.minecraft.network.chat.contents.PlainTextContents$LiteralContents::visit (12 bytes)
Event: 27.325 Thread 0x000001ac38d70f80 nmethod 27190 0x000001ac3f403c10 code [0x000001ac3f403dc0, 0x000001ac3f403fd0]
Event: 27.325 Thread 0x000001ac38cd1760 nmethod 27189 0x000001ac460d1810 code [0x000001ac460d19a0, 0x000001ac460d1a68]
Event: 27.326 Thread 0x000001ac38d70f80 27191       3       de.keksuccino.fancymenu.customization.element.elements.button.custombutton.ButtonElement::updateWidgetActiveState (23 bytes)
Event: 27.326 Thread 0x000001b0a98fe420 27192       3       de.keksuccino.fancymenu.customization.element.elements.button.custombutton.ButtonElement::updateWidgetLabels (82 bytes)
Event: 27.326 Thread 0x000001ac38df3610 27193   !   3       de.keksuccino.fancymenu.customization.element.AbstractElement::buildComponent (61 bytes)
Event: 27.326 Thread 0x000001ac38cd1760 27200       4       com.mojang.blaze3d.platform.GlStateManager::_blendFuncSeparate (79 bytes)
Event: 27.326 Thread 0x000001ac38d70f80 nmethod 27191 0x000001ac3f404090 code [0x000001ac3f4042c0, 0x000001ac3f404b68]
Event: 27.326 Thread 0x000001ac38d70f80 27194       3       de.keksuccino.fancymenu.util.rendering.ui.widget.button.ExtendedButton::setMessage (7 bytes)
Event: 27.326 Thread 0x000001ac38df3610 nmethod 27193 0x000001ac3f404d10 code [0x000001ac3f405040, 0x000001ac3f405fb8]
Event: 27.326 Thread 0x000001ac38df3610 27195       3       de.keksuccino.fancymenu.util.rendering.ui.widget.button.ExtendedButton::setIconNormal (7 bytes)
Event: 27.326 Thread 0x000001ac38d70f80 nmethod 27194 0x000001ac3f406510 code [0x000001ac3f406720, 0x000001ac3f406f10]
Event: 27.326 Thread 0x000001ac38d70f80 27196       3       de.keksuccino.fancymenu.util.rendering.ui.widget.button.ExtendedButton::setIconHover (7 bytes)
Event: 27.326 Thread 0x000001ac38df3610 nmethod 27195 0x000001ac3f407190 code [0x000001ac3f407340, 0x000001ac3f4074d0]
Event: 27.326 Thread 0x000001ac38df3610 27197       3       de.keksuccino.fancymenu.util.rendering.ui.widget.button.ExtendedButton::setIconInactive (7 bytes)
Event: 27.326 Thread 0x000001b0a98fe420 nmethod 27192 0x000001ac3f407590 code [0x000001ac3f407920, 0x000001ac3f4096e0]
Event: 27.326 Thread 0x000001ac38d70f80 nmethod 27196 0x000001ac3f409c10 code [0x000001ac3f409dc0, 0x000001ac3f409f50]
Event: 27.326 Thread 0x000001b0a98fb470 nmethod 27187 0x000001ac460d1b10 code [0x000001ac460d1cc0, 0x000001ac460d2058]
Event: 27.326 Thread 0x000001ac38d70f80 27198       3       de.keksuccino.fancymenu.customization.element.elements.button.custombutton.ButtonElement::updateWidgetSize (36 bytes)
Event: 27.326 Thread 0x000001ac38df3610 nmethod 27197 0x000001ac3f40a010 code [0x000001ac3f40a1c0, 0x000001ac3f40a350]
Event: 27.326 Thread 0x000001b0a98fe420 27199       3       de.keksuccino.fancymenu.customization.element.elements.button.custombutton.ButtonElement::updateWidgetPosition (31 bytes)
Event: 27.326 Thread 0x000001b0a98fb470 27201       4       de.keksuccino.fancymenu.customization.ScreenCustomization$$Lambda/0x000000008255b540::isScreenBlacklisted (5 bytes)
Event: 27.327 Thread 0x000001b0a98fe420 nmethod 27199 0x000001ac3f40a410 code [0x000001ac3f40a680, 0x000001ac3f40b4a0]
Event: 27.327 Thread 0x000001ac38d70f80 nmethod 27198 0x000001ac3f40b710 code [0x000001ac3f40b980, 0x000001ac3f40c8c0]
Event: 27.327 Thread 0x000001ac38cd1760 nmethod 27200 0x000001ac460d2290 code [0x000001ac460d2440, 0x000001ac460d2698]
Event: 27.327 Thread 0x000001ac38cd1760 27202       4       de.keksuccino.fancymenu.customization.ScreenCustomization$$Lambda/0x000000008255b750::isScreenBlacklisted (5 bytes)
Event: 27.327 Thread 0x000001ac38cd1760 nmethod 27202 0x000001ac460d2810 code [0x000001ac460d29a0, 0x000001ac460d2be0]
Event: 27.327 Thread 0x000001ac38cd1760 27203       4       de.keksuccino.drippyloadingscreen.DrippyLoadingScreen$$Lambda/0x00000000825ed600::isScreenBlacklisted (5 bytes)
Event: 27.327 Thread 0x000001b0a98fd680 nmethod 27186 0x000001ac460d2d10 code [0x000001ac460d2f20, 0x000001ac460d3600]
Event: 27.328 Thread 0x000001b0a98fb470 nmethod 27201 0x000001ac460d3a10 code [0x000001ac460d3ba0, 0x000001ac460d3d40]
Event: 27.330 Thread 0x000001ac38cd1760 nmethod 27203 0x000001ac460d3e90 code [0x000001ac460d4020, 0x000001ac460d4340]
Event: 27.333 Thread 0x000001ac38d70f80 27204       1       org.watermedia.api.media.players.util.MasterClock::status (5 bytes)
Event: 27.333 Thread 0x000001ac38d70f80 nmethod 27204 0x000001ac460d4510 code [0x000001ac460d46a0, 0x000001ac460d4798]
Event: 27.341 Thread 0x000001ac38df3610 27205       1       org.watermedia.api.media.players.util.MasterClock::serial (5 bytes)
Event: 27.341 Thread 0x000001ac38df3610 nmethod 27205 0x000001ac460d4810 code [0x000001ac460d49a0, 0x000001ac460d4a68]

GC Heap History (33 events):
Event: 0.535 GC heap before
{Heap before GC invocations=0 (full 0):
 ZHeap           used 86M, capacity 256M, max capacity 16384M
 Metaspace       used 21152K, committed 21568K, reserved 1114112K
  class space    used 2154K, committed 2304K, reserved 1048576K
}
Event: 0.554 GC heap after
{Heap after GC invocations=1 (full 1):
 ZHeap           used 64M, capacity 256M, max capacity 16384M
 Metaspace       used 21466K, committed 21888K, reserved 1114112K
  class space    used 2181K, committed 2368K, reserved 1048576K
}
Event: 0.554 GC heap before
{Heap before GC invocations=1 (full 1):
 ZHeap           used 64M, capacity 256M, max capacity 16384M
 Metaspace       used 21467K, committed 21888K, reserved 1114112K
  class space    used 2181K, committed 2368K, reserved 1048576K
}
Event: 0.577 GC heap after
{Heap after GC invocations=1 (full 1):
 ZHeap           used 66M, capacity 256M, max capacity 16384M
 Metaspace       used 21818K, committed 22272K, reserved 1114112K
  class space    used 2237K, committed 2432K, reserved 1048576K
}
Event: 1.974 GC heap before
{Heap before GC invocations=1 (full 1):
 ZHeap           used 512M, capacity 512M, max capacity 16384M
 Metaspace       used 36555K, committed 37120K, reserved 1114112K
  class space    used 3855K, committed 4096K, reserved 1048576K
}
Event: 2.066 GC heap after
{Heap after GC invocations=2 (full 2):
 ZHeap           used 168M, capacity 566M, max capacity 16384M
 Metaspace       used 37076K, committed 37632K, reserved 1114112K
  class space    used 3896K, committed 4160K, reserved 1048576K
}
Event: 2.066 GC heap before
{Heap before GC invocations=2 (full 2):
 ZHeap           used 168M, capacity 566M, max capacity 16384M
 Metaspace       used 37076K, committed 37632K, reserved 1114112K
  class space    used 3896K, committed 4160K, reserved 1048576K
}
Event: 2.094 GC heap after
{Heap after GC invocations=2 (full 2):
 ZHeap           used 208M, capacity 566M, max capacity 16384M
 Metaspace       used 37114K, committed 37696K, reserved 1114112K
  class space    used 3896K, committed 4160K, reserved 1048576K
}
Event: 2.879 GC heap before
{Heap before GC invocations=2 (full 2):
 ZHeap           used 1652M, capacity 1652M, max capacity 16384M
 Metaspace       used 42044K, committed 42944K, reserved 1114112K
  class space    used 4607K, committed 5056K, reserved 1048576K
}
Event: 3.012 GC heap after
{Heap after GC invocations=3 (full 3):
 ZHeap           used 1274M, capacity 2402M, max capacity 16384M
 Metaspace       used 42064K, committed 42944K, reserved 1114112K
  class space    used 4607K, committed 5056K, reserved 1048576K
}
Event: 3.012 GC heap before
{Heap before GC invocations=3 (full 3):
 ZHeap           used 1274M, capacity 2402M, max capacity 16384M
 Metaspace       used 42064K, committed 42944K, reserved 1114112K
  class space    used 4607K, committed 5056K, reserved 1048576K
}
Event: 3.069 GC heap after
{Heap after GC invocations=3 (full 3):
 ZHeap           used 1678M, capacity 2402M, max capacity 16384M
 Metaspace       used 42068K, committed 42944K, reserved 1114112K
  class space    used 4607K, committed 5056K, reserved 1048576K
}
Event: 4.453 GC heap before
{Heap before GC invocations=3 (full 3):
 ZHeap           used 3288M, capacity 3288M, max capacity 16384M
 Metaspace       used 46280K, committed 47232K, reserved 1114112K
  class space    used 5121K, committed 5568K, reserved 1048576K
}
Event: 4.555 GC heap after
{Heap after GC invocations=4 (full 4):
 ZHeap           used 450M, capacity 3376M, max capacity 16384M
 Metaspace       used 46334K, committed 47296K, reserved 1114112K
  class space    used 5125K, committed 5568K, reserved 1048576K
}
Event: 4.555 GC heap before
{Heap before GC invocations=4 (full 4):
 ZHeap           used 450M, capacity 3376M, max capacity 16384M
 Metaspace       used 46334K, committed 47296K, reserved 1114112K
  class space    used 5125K, committed 5568K, reserved 1048576K
}
Event: 4.578 GC heap after
{Heap after GC invocations=4 (full 4):
 ZHeap           used 492M, capacity 3376M, max capacity 16384M
 Metaspace       used 46336K, committed 47296K, reserved 1114112K
  class space    used 5125K, committed 5568K, reserved 1048576K
}
Event: 7.031 GC heap before
{Heap before GC invocations=4 (full 4):
 ZHeap           used 2610M, capacity 3376M, max capacity 16384M
 Metaspace       used 77541K, committed 78848K, reserved 1179648K
  class space    used 9319K, committed 9920K, reserved 1048576K
}
Event: 7.487 GC heap after
{Heap after GC invocations=5 (full 5):
 ZHeap           used 1002M, capacity 3440M, max capacity 16384M
 Metaspace       used 81691K, committed 83008K, reserved 1179648K
  class space    used 10132K, committed 10752K, reserved 1048576K
}
Event: 7.487 GC heap before
{Heap before GC invocations=5 (full 5):
 ZHeap           used 1002M, capacity 3440M, max capacity 16384M
 Metaspace       used 81691K, committed 83008K, reserved 1179648K
  class space    used 10132K, committed 10752K, reserved 1048576K
}
Event: 7.548 GC heap after
{Heap after GC invocations=5 (full 5):
 ZHeap           used 1018M, capacity 3440M, max capacity 16384M
 Metaspace       used 81780K, committed 83136K, reserved 1179648K
  class space    used 10143K, committed 10816K, reserved 1048576K
}
Event: 9.745 GC heap before
{Heap before GC invocations=5 (full 5):
 ZHeap           used 3778M, capacity 3778M, max capacity 16384M
 Metaspace       used 136845K, committed 138560K, reserved 1179648K
  class space    used 21503K, committed 22336K, reserved 1048576K
}
Event: 10.519 GC heap after
{Heap after GC invocations=6 (full 6):
 ZHeap           used 1672M, capacity 4860M, max capacity 16384M
 Metaspace       used 176660K, committed 178816K, reserved 1245184K
  class space    used 30232K, committed 31296K, reserved 1048576K
}
Event: 10.519 GC heap before
{Heap before GC invocations=6 (full 6):
 ZHeap           used 1672M, capacity 4860M, max capacity 16384M
 Metaspace       used 176660K, committed 178816K, reserved 1245184K
  class space    used 30232K, committed 31296K, reserved 1048576K
}
Event: 10.568 GC heap after
{Heap after GC invocations=6 (full 6):
 ZHeap           used 1690M, capacity 4860M, max capacity 16384M
 Metaspace       used 177665K, committed 179776K, reserved 1245184K
  class space    used 30482K, committed 31552K, reserved 1048576K
}
Event: 11.923 GC heap before
{Heap before GC invocations=6 (full 6):
 ZHeap           used 4916M, capacity 4916M, max capacity 16384M
 Metaspace       used 181822K, committed 184064K, reserved 1245184K
  class space    used 31252K, committed 32384K, reserved 1048576K
}
Event: 12.025 GC heap after
{Heap after GC invocations=7 (full 7):
 ZHeap           used 794M, capacity 5112M, max capacity 16384M
 Metaspace       used 181822K, committed 184064K, reserved 1245184K
  class space    used 31252K, committed 32384K, reserved 1048576K
}
Event: 12.025 GC heap before
{Heap before GC invocations=7 (full 7):
 ZHeap           used 794M, capacity 5112M, max capacity 16384M
 Metaspace       used 181822K, committed 184064K, reserved 1245184K
  class space    used 31252K, committed 32384K, reserved 1048576K
}
Event: 12.268 GC heap after
{Heap after GC invocations=7 (full 7):
 ZHeap           used 1524M, capacity 5112M, max capacity 16384M
 Metaspace       used 181453K, committed 184064K, reserved 1245184K
  class space    used 31155K, committed 32384K, reserved 1048576K
}
Event: 17.840 GC heap before
{Heap before GC invocations=7 (full 7):
 ZHeap           used 11392M, capacity 11392M, max capacity 16384M
 Metaspace       used 221049K, committed 223680K, reserved 1245184K
  class space    used 37860K, committed 39104K, reserved 1048576K
}
Event: 18.980 GC heap after
{Heap after GC invocations=8 (full 7):
 ZHeap           used 1688M, capacity 12006M, max capacity 16384M
 Metaspace       used 228288K, committed 231040K, reserved 1245184K
  class space    used 39112K, committed 40384K, reserved 1048576K
}
Event: 23.451 GC heap before
{Heap before GC invocations=8 (full 7):
 ZHeap           used 7756M, capacity 12024M, max capacity 16384M
 Metaspace       used 230621K, committed 233408K, reserved 1245184K
  class space    used 39338K, committed 40640K, reserved 1048576K
}
Event: 25.708 GC heap after
{Heap after GC invocations=9 (full 7):
 ZHeap           used 3880M, capacity 12084M, max capacity 16384M
 Metaspace       used 239354K, committed 242304K, reserved 1310720K
  class space    used 40898K, committed 42304K, reserved 1048576K
}
Event: 25.708 GC heap before
{Heap before GC invocations=9 (full 7):
 ZHeap           used 3880M, capacity 12084M, max capacity 16384M
 Metaspace       used 239354K, committed 242304K, reserved 1310720K
  class space    used 40898K, committed 42304K, reserved 1048576K
}

Dll operation events (77 events):
Event: 0.004 Loaded shared library C:\Games\Minecraft\Install\runtime\java-runtime-delta\windows-x64\java-runtime-delta\bin\java.dll
Event: 0.007 Loaded shared library KernelBase
Event: 0.031 Loaded shared library C:\Games\Minecraft\Install\runtime\java-runtime-delta\windows-x64\java-runtime-delta\bin\zip.dll
Event: 0.059 Loaded shared library C:\Games\Minecraft\Install\runtime\java-runtime-delta\windows-x64\java-runtime-delta\bin\jsvml.dll
Event: 0.125 Loaded shared library C:\Games\Minecraft\Install\runtime\java-runtime-delta\windows-x64\java-runtime-delta\bin\net.dll
Event: 0.126 Loaded shared library C:\Games\Minecraft\Install\runtime\java-runtime-delta\windows-x64\java-runtime-delta\bin\nio.dll
Event: 0.128 Loaded shared library C:\Games\Minecraft\Install\runtime\java-runtime-delta\windows-x64\java-runtime-delta\bin\zip.dll
Event: 0.158 Loaded shared library C:\Games\Minecraft\Install\runtime\java-runtime-delta\windows-x64\java-runtime-delta\bin\instrument.dll
Event: 0.226 Loaded shared library C:\Games\Minecraft\Install\runtime\java-runtime-delta\windows-x64\java-runtime-delta\bin\jimage.dll
Event: 0.356 Loaded shared library C:\Games\Minecraft\Install\runtime\java-runtime-delta\windows-x64\java-runtime-delta\bin\management.dll
Event: 0.357 Loaded shared library C:\Games\Minecraft\Install\runtime\java-runtime-delta\windows-x64\java-runtime-delta\bin\management_ext.dll
Event: 0.588 Loaded shared library C:\Games\Minecraft\Install\runtime\java-runtime-delta\windows-x64\java-runtime-delta\bin\verify.dll
Event: 1.601 Loaded shared library C:\Games\Minecraft\Install\versions\neoforge-21.1.233\neoforge-21.1.233-natives-33565572991600\lwjgl.dll
Event: 1.796 Loaded shared library C:\Games\Minecraft\Install\versions\neoforge-21.1.233\neoforge-21.1.233-natives-33565572991600\lwjgl_opengl.dll
Event: 5.068 Loaded shared library C:\Games\Minecraft\Install\versions\neoforge-21.1.233\neoforge-21.1.233-natives-33565572991600\jna3939971529803278020.dll
Event: 5.077 Loaded shared library C:\Users\Max\AppData\Local\Temp\discord-rpc\discord-rpc.dll
Event: 5.221 Loaded shared library C:\Games\Minecraft\Install\runtime\java-runtime-delta\windows-x64\java-runtime-delta\bin\sunmscapi.dll
Event: 5.233 Loaded shared library C:\Games\Minecraft\Install\runtime\java-runtime-delta\windows-x64\java-runtime-delta\bin\extnet.dll
Event: 6.194 Loaded shared library C:\Games\Minecraft\Install\versions\neoforge-21.1.233\neoforge-21.1.233-natives-33565572991600\jna15620384147977933470.dll
Event: 9.381 Loaded shared library C:\Games\Minecraft\Install\versions\neoforge-21.1.233\neoforge-21.1.233-natives-33565572991600\lwjgl_stb.dll
Event: 9.655 Loaded shared library C:\Games\Minecraft\Install\runtime\java-runtime-delta\windows-x64\java-runtime-delta\bin\awt.dll
Event: 10.872 Loaded shared library C:\Program Files (x86)\Windows Kits\10\Redist\ucrt\DLLs\x64\api-ms-win-crt-locale-l1-1-0.dll
Event: 10.874 Loaded shared library C:\Program Files (x86)\Windows Kits\10\Redist\ucrt\DLLs\x64\api-ms-win-crt-string-l1-1-0.dll
Event: 10.878 Loaded shared library C:\Program Files (x86)\Windows Kits\10\Redist\ucrt\DLLs\x64\api-ms-win-crt-stdio-l1-1-0.dll
Event: 10.883 Loaded shared library C:\Program Files (x86)\Windows Kits\10\Redist\ucrt\DLLs\x64\api-ms-win-crt-math-l1-1-0.dll
Event: 10.888 Loaded shared library C:\Program Files (x86)\Windows Kits\10\Redist\ucrt\DLLs\x64\api-ms-win-crt-heap-l1-1-0.dll
Event: 10.895 Loaded shared library C:\Program Files (x86)\Windows Kits\10\Redist\ucrt\DLLs\x64\api-ms-win-crt-runtime-l1-1-0.dll
Event: 10.902 Loaded shared library C:\Program Files (x86)\Windows Kits\10\Redist\ucrt\DLLs\x64\api-ms-win-crt-convert-l1-1-0.dll
Event: 10.911 Loaded shared library C:\Program Files (x86)\Windows Kits\10\Redist\ucrt\DLLs\x64\api-ms-win-crt-environment-l1-1-0.dll
Event: 10.920 Loaded shared library C:\Program Files (x86)\Windows Kits\10\Redist\ucrt\DLLs\x64\api-ms-win-crt-time-l1-1-0.dll
Event: 10.930 Loaded shared library C:\Program Files (x86)\Windows Kits\10\Redist\ucrt\DLLs\x64\api-ms-win-crt-filesystem-l1-1-0.dll
Event: 10.941 Loaded shared library C:\Program Files (x86)\Windows Kits\10\Redist\ucrt\DLLs\x64\api-ms-win-crt-utility-l1-1-0.dll
Event: 10.953 Loaded shared library C:\Program Files (x86)\Windows Kits\10\Redist\ucrt\DLLs\x64\api-ms-win-crt-multibyte-l1-1-0.dll
Event: 10.966 Loaded shared library C:\Program Files (x86)\Windows Kits\10\Redist\ucrt\DLLs\x64\api-ms-win-crt-conio-l1-1-0.dll
Event: 10.980 Loaded shared library C:\Program Files (x86)\Windows Kits\10\Redist\ucrt\DLLs\x64\api-ms-win-crt-private-l1-1-0.dll
Event: 10.995 Loaded shared library C:\Program Files (x86)\Windows Kits\10\Redist\ucrt\DLLs\x64\api-ms-win-crt-process-l1-1-0.dll
Event: 11.011 Loaded shared library C:\Games\Minecraft\Install\runtime\java-runtime-delta\windows-x64\java-runtime-delta\bin\api-ms-win-core-console-l1-2-0.dll
Event: 11.028 Loaded shared library C:\Program Files (x86)\Windows Kits\10\Redist\ucrt\DLLs\x64\api-ms-win-core-string-l1-1-0.dll
Event: 11.046 Loaded shared library C:\Program Files (x86)\Windows Kits\10\Redist\ucrt\DLLs\x64\api-ms-win-core-errorhandling-l1-1-0.dll
Event: 11.065 Loaded shared library C:\Program Files (x86)\Windows Kits\10\Redist\ucrt\DLLs\x64\api-ms-win-core-timezone-l1-1-0.dll
Event: 11.085 Loaded shared library C:\Program Files (x86)\Windows Kits\10\Redist\ucrt\DLLs\x64\api-ms-win-core-file-l1-1-0.dll
Event: 11.105 Loaded shared library C:\Program Files (x86)\Windows Kits\10\Redist\ucrt\DLLs\x64\api-ms-win-core-namedpipe-l1-1-0.dll
Event: 11.127 Loaded shared library C:\Program Files (x86)\Windows Kits\10\Redist\ucrt\DLLs\x64\api-ms-win-core-handle-l1-1-0.dll
Event: 11.149 Loaded shared library C:\Program Files (x86)\Windows Kits\10\Redist\ucrt\DLLs\x64\api-ms-win-core-file-l2-1-0.dll
Event: 11.172 Loaded shared library C:\Program Files (x86)\Windows Kits\10\Redist\ucrt\DLLs\x64\api-ms-win-core-heap-l1-1-0.dll
Event: 11.197 Loaded shared library C:\Program Files (x86)\Windows Kits\10\Redist\ucrt\DLLs\x64\api-ms-win-core-libraryloader-l1-1-0.dll
Event: 11.222 Loaded shared library C:\Program Files (x86)\Windows Kits\10\Redist\ucrt\DLLs\x64\api-ms-win-core-synch-l1-1-0.dll
Event: 11.249 Loaded shared library C:\Program Files (x86)\Windows Kits\10\Redist\ucrt\DLLs\x64\api-ms-win-core-processthreads-l1-1-0.dll
Event: 11.279 Loaded shared library C:\Program Files (x86)\Windows Kits\10\Redist\ucrt\DLLs\x64\api-ms-win-core-processenvironment-l1-1-0.dll
Event: 11.308 Loaded shared library C:\Program Files (x86)\Windows Kits\10\Redist\ucrt\DLLs\x64\api-ms-win-core-datetime-l1-1-0.dll
Event: 11.337 Loaded shared library C:\Program Files (x86)\Windows Kits\10\Redist\ucrt\DLLs\x64\api-ms-win-core-localization-l1-2-0.dll
Event: 11.366 Loaded shared library C:\Program Files (x86)\Windows Kits\10\Redist\ucrt\DLLs\x64\api-ms-win-core-sysinfo-l1-1-0.dll
Event: 11.398 Loaded shared library C:\Program Files (x86)\Windows Kits\10\Redist\ucrt\DLLs\x64\api-ms-win-core-synch-l1-2-0.dll
Event: 11.428 Loaded shared library C:\Program Files (x86)\Windows Kits\10\Redist\ucrt\DLLs\x64\api-ms-win-core-console-l1-1-0.dll
Event: 11.460 Loaded shared library C:\Program Files (x86)\Windows Kits\10\Redist\ucrt\DLLs\x64\api-ms-win-core-debug-l1-1-0.dll
Event: 11.493 Loaded shared library C:\Program Files (x86)\Windows Kits\10\Redist\ucrt\DLLs\x64\api-ms-win-core-rtlsupport-l1-1-0.dll
Event: 11.529 Loaded shared library C:\Program Files (x86)\Windows Kits\10\Redist\ucrt\DLLs\x64\api-ms-win-core-processthreads-l1-1-1.dll
Event: 11.565 Loaded shared library C:\Program Files (x86)\Windows Kits\10\Redist\ucrt\DLLs\x64\api-ms-win-core-file-l1-2-0.dll
Event: 11.600 Loaded shared library C:\Program Files (x86)\Windows Kits\10\Redist\ucrt\DLLs\x64\api-ms-win-core-profile-l1-1-0.dll
Event: 11.636 Loaded shared library C:\Program Files (x86)\Windows Kits\10\Redist\ucrt\DLLs\x64\api-ms-win-core-memory-l1-1-0.dll
Event: 11.675 Loaded shared library C:\Program Files (x86)\Windows Kits\10\Redist\ucrt\DLLs\x64\api-ms-win-core-util-l1-1-0.dll
Event: 11.714 Loaded shared library C:\Program Files (x86)\Windows Kits\10\Redist\ucrt\DLLs\x64\api-ms-win-core-interlocked-l1-1-0.dll
Event: 11.750 Loaded shared library C:\Program Files (x86)\Windows Kits\10\Redist\ucrt\DLLs\x64\ucrtbase.dll
Event: 11.786 Loaded shared library C:\Games\Minecraft\Install\runtime\java-runtime-delta\windows-x64\java-runtime-delta\bin\vcruntime140.dll
Event: 11.827 Loaded shared library C:\Games\Minecraft\Install\runtime\java-runtime-delta\windows-x64\java-runtime-delta\bin\vcruntime140_1.dll
Event: 11.969 Loaded shared library C:\Games\Minecraft\Install\runtime\java-runtime-delta\windows-x64\java-runtime-delta\bin\msvcp140.dll
Event: 12.357 Loaded shared library C:\Users\Max\AppData\Local\Temp\watermedia\ffmpeg\avutil-60.dll
Event: 12.543 Loaded shared library C:\Users\Max\AppData\Local\Temp\watermedia\ffmpeg\jniavutil.dll
Event: 12.563 Loaded shared library C:\Users\Max\AppData\Local\Temp\watermedia\ffmpeg\swresample-6.dll
Event: 12.572 Loaded shared library C:\Users\Max\AppData\Local\Temp\watermedia\ffmpeg\jniswresample.dll
Event: 12.581 Loaded shared library C:\Users\Max\AppData\Local\Temp\watermedia\ffmpeg\avcodec-62.dll
Event: 12.590 Loaded shared library C:\Users\Max\AppData\Local\Temp\watermedia\ffmpeg\jniavcodec.dll
Event: 12.596 Loaded shared library C:\Users\Max\AppData\Local\Temp\watermedia\ffmpeg\avformat-62.dll
Event: 12.605 Loaded shared library C:\Users\Max\AppData\Local\Temp\watermedia\ffmpeg\jniavformat.dll
Event: 12.612 Loaded shared library C:\Users\Max\AppData\Local\Temp\watermedia\ffmpeg\swscale-9.dll
Event: 12.620 Loaded shared library C:\Users\Max\AppData\Local\Temp\watermedia\ffmpeg\jniswscale.dll
Event: 23.185 Loaded shared library C:\Games\Minecraft\Install\runtime\java-runtime-delta\windows-x64\java-runtime-delta\bin\jsound.dll

Deoptimization events (250 events):
Event: 25.559 Thread 0x000001ac3904f3a0 DEOPT PACKING pc=0x000001ac4601400c sp=0x000000a1645fdd20
Event: 25.559 Thread 0x000001ac3904f3a0 DEOPT UNPACKING pc=0x000001ac440173a2 sp=0x000000a1645fdc60 mode 2
Event: 25.559 Thread 0x000001ac3904f3a0 Uncommon trap: trap_request=0xffffffbe fr.pc=0x000001ac4600cdf0 relative=0x0000000000002a30
Event: 25.559 Thread 0x000001ac3904f3a0 Uncommon trap: reason=profile_predicate action=maybe_recompile pc=0x000001ac4600cdf0 method=com.teamresourceful.resourcefullib.client.highlights.HighlightHandler.lambda$apply$4(Ljava/util/Map;Lcom/teamresourceful/resourcefullib/client/highlights/base/High
Event: 25.559 Thread 0x000001ac3904f3a0 DEOPT PACKING pc=0x000001ac4600cdf0 sp=0x000000a1645fdca0
Event: 25.559 Thread 0x000001ac3904f3a0 DEOPT UNPACKING pc=0x000001ac440173a2 sp=0x000000a1645fdc60 mode 2
Event: 25.976 Thread 0x000001ac3904f3a0 Uncommon trap: trap_request=0xffffffbe fr.pc=0x000001ac44fa5854 relative=0x00000000000008d4
Event: 25.976 Thread 0x000001ac3904f3a0 Uncommon trap: reason=profile_predicate action=maybe_recompile pc=0x000001ac44fa5854 method=java.util.TreeMap.getEntryUsingComparator(Ljava/lang/Object;)Ljava/util/TreeMap$Entry; @ 19 c2
Event: 25.976 Thread 0x000001ac3904f3a0 DEOPT PACKING pc=0x000001ac44fa5854 sp=0x000000a1645fe0d0
Event: 25.976 Thread 0x000001ac3904f3a0 DEOPT UNPACKING pc=0x000001ac440173a2 sp=0x000000a1645fe000 mode 2
Event: 25.976 Thread 0x000001ac3904f3a0 Uncommon trap: trap_request=0xffffffbe fr.pc=0x000001ac44fa5854 relative=0x00000000000008d4
Event: 25.976 Thread 0x000001ac3904f3a0 Uncommon trap: reason=profile_predicate action=maybe_recompile pc=0x000001ac44fa5854 method=java.util.TreeMap.getEntryUsingComparator(Ljava/lang/Object;)Ljava/util/TreeMap$Entry; @ 19 c2
Event: 25.976 Thread 0x000001ac3904f3a0 DEOPT PACKING pc=0x000001ac44fa5854 sp=0x000000a1645fdfb0
Event: 25.977 Thread 0x000001ac3904f3a0 DEOPT UNPACKING pc=0x000001ac440173a2 sp=0x000000a1645fdee0 mode 2
Event: 25.981 Thread 0x000001ac3904f3a0 DEOPT PACKING pc=0x000001ac3eeb99a3 sp=0x000000a1645fce00
Event: 25.981 Thread 0x000001ac3904f3a0 DEOPT UNPACKING pc=0x000001ac44017ee2 sp=0x000000a1645fc298 mode 0
Event: 25.988 Thread 0x000001ac3904f3a0 Uncommon trap: trap_request=0xffffff54 fr.pc=0x000001ac452c1188 relative=0x0000000000000068
Event: 25.988 Thread 0x000001ac3904f3a0 Uncommon trap: reason=speculate_null_assert action=make_not_entrant pc=0x000001ac452c1188 method=jdk.internal.misc.Unsafe.getIntUnaligned(Ljava/lang/Object;JZ)I @ 5 c2
Event: 25.988 Thread 0x000001ac3904f3a0 DEOPT PACKING pc=0x000001ac452c1188 sp=0x000000a1645fd9a0
Event: 25.988 Thread 0x000001ac3904f3a0 DEOPT UNPACKING pc=0x000001ac440173a2 sp=0x000000a1645fd908 mode 2
Event: 25.996 Thread 0x000001ac3904f3a0 Uncommon trap: trap_request=0xffffff45 fr.pc=0x000001ac46036af0 relative=0x0000000000000290
Event: 25.996 Thread 0x000001ac3904f3a0 Uncommon trap: reason=unstable_if action=reinterpret pc=0x000001ac46036af0 method=java.awt.image.MultiPixelPackedSampleModel.getPixel(II[ILjava/awt/image/DataBuffer;)[I @ 35 c2
Event: 25.996 Thread 0x000001ac3904f3a0 DEOPT PACKING pc=0x000001ac46036af0 sp=0x000000a1645fda80
Event: 25.996 Thread 0x000001ac3904f3a0 DEOPT UNPACKING pc=0x000001ac440173a2 sp=0x000000a1645fd990 mode 2
Event: 25.998 Thread 0x000001ac3904f3a0 Uncommon trap: trap_request=0xffffff45 fr.pc=0x000001ac460363cc relative=0x000000000000020c
Event: 25.998 Thread 0x000001ac3904f3a0 Uncommon trap: reason=unstable_if action=reinterpret pc=0x000001ac460363cc method=java.awt.image.MultiPixelPackedSampleModel.getPixel(II[ILjava/awt/image/DataBuffer;)[I @ 35 c2
Event: 25.998 Thread 0x000001ac3904f3a0 DEOPT PACKING pc=0x000001ac460363cc sp=0x000000a1645fda30
Event: 25.998 Thread 0x000001ac3904f3a0 DEOPT UNPACKING pc=0x000001ac440173a2 sp=0x000000a1645fd998 mode 2
Event: 26.040 Thread 0x000001ac3904f3a0 DEOPT PACKING pc=0x000001ac3f26e6e3 sp=0x000000a1645fde20
Event: 26.040 Thread 0x000001ac3904f3a0 DEOPT UNPACKING pc=0x000001ac44017ee2 sp=0x000000a1645fd3c0 mode 0
Event: 26.041 Thread 0x000001ac3904f3a0 DEOPT PACKING pc=0x000001ac3f26e6e3 sp=0x000000a1645fde20
Event: 26.041 Thread 0x000001ac3904f3a0 DEOPT UNPACKING pc=0x000001ac44017ee2 sp=0x000000a1645fd3c0 mode 0
Event: 26.042 Thread 0x000001ac3904f3a0 DEOPT PACKING pc=0x000001ac3e8a9cec sp=0x000000a1645fd740
Event: 26.042 Thread 0x000001ac3904f3a0 DEOPT UNPACKING pc=0x000001ac44017ee2 sp=0x000000a1645fcba0 mode 0
Event: 26.042 Thread 0x000001ac3904f3a0 DEOPT PACKING pc=0x000001ac3f26e6e3 sp=0x000000a1645fde20
Event: 26.042 Thread 0x000001ac3904f3a0 DEOPT UNPACKING pc=0x000001ac44017ee2 sp=0x000000a1645fd3c0 mode 0
Event: 26.054 Thread 0x000001ac3904f3a0 Uncommon trap: trap_request=0xffffff45 fr.pc=0x000001ac44c0a364 relative=0x0000000000000de4
Event: 26.054 Thread 0x000001ac3904f3a0 Uncommon trap: reason=unstable_if action=reinterpret pc=0x000001ac44c0a364 method=java.lang.StringLatin1.replace([BI[BI[BI)Ljava/lang/String; @ 153 c2
Event: 26.054 Thread 0x000001ac3904f3a0 DEOPT PACKING pc=0x000001ac44c0a364 sp=0x000000a1645fdd20
Event: 26.054 Thread 0x000001ac3904f3a0 DEOPT UNPACKING pc=0x000001ac440173a2 sp=0x000000a1645fdc78 mode 2
Event: 26.055 Thread 0x000001ac3904f3a0 Uncommon trap: trap_request=0xffffffde fr.pc=0x000001ac45b3f7c4 relative=0x00000000000006c4
Event: 26.055 Thread 0x000001ac3904f3a0 Uncommon trap: reason=class_check action=maybe_recompile pc=0x000001ac45b3f7c4 method=it.unimi.dsi.fastutil.objects.ObjectLinkedOpenHashSet.add(Ljava/lang/Object;)Z @ 35 c2
Event: 26.055 Thread 0x000001ac3904f3a0 DEOPT PACKING pc=0x000001ac45b3f7c4 sp=0x000000a1645fdd70
Event: 26.055 Thread 0x000001ac3904f3a0 DEOPT UNPACKING pc=0x000001ac440173a2 sp=0x000000a1645fdd10 mode 2
Event: 26.055 Thread 0x000001ac3904f3a0 Uncommon trap: trap_request=0xffffffde fr.pc=0x000001ac45b3f7c4 relative=0x00000000000006c4
Event: 26.055 Thread 0x000001ac3904f3a0 Uncommon trap: reason=class_check action=maybe_recompile pc=0x000001ac45b3f7c4 method=it.unimi.dsi.fastutil.objects.ObjectLinkedOpenHashSet.add(Ljava/lang/Object;)Z @ 35 c2
Event: 26.055 Thread 0x000001ac3904f3a0 DEOPT PACKING pc=0x000001ac45b3f7c4 sp=0x000000a1645fdd10
Event: 26.055 Thread 0x000001ac3904f3a0 DEOPT UNPACKING pc=0x000001ac440173a2 sp=0x000000a1645fdcb0 mode 2
Event: 26.055 Thread 0x000001ac3904f3a0 Uncommon trap: trap_request=0xffffffde fr.pc=0x000001ac45b3f7c4 relative=0x00000000000006c4
Event: 26.055 Thread 0x000001ac3904f3a0 Uncommon trap: reason=class_check action=maybe_recompile pc=0x000001ac45b3f7c4 method=it.unimi.dsi.fastutil.objects.ObjectLinkedOpenHashSet.add(Ljava/lang/Object;)Z @ 35 c2
Event: 26.055 Thread 0x000001ac3904f3a0 DEOPT PACKING pc=0x000001ac45b3f7c4 sp=0x000000a1645fdd10
Event: 26.055 Thread 0x000001ac3904f3a0 DEOPT UNPACKING pc=0x000001ac440173a2 sp=0x000000a1645fdcb0 mode 2
Event: 26.055 Thread 0x000001ac3904f3a0 Uncommon trap: trap_request=0xffffffde fr.pc=0x000001ac45b3f7c4 relative=0x00000000000006c4
Event: 26.055 Thread 0x000001ac3904f3a0 Uncommon trap: reason=class_check action=maybe_recompile pc=0x000001ac45b3f7c4 method=it.unimi.dsi.fastutil.objects.ObjectLinkedOpenHashSet.add(Ljava/lang/Object;)Z @ 35 c2
Event: 26.055 Thread 0x000001ac3904f3a0 DEOPT PACKING pc=0x000001ac45b3f7c4 sp=0x000000a1645fdd10
Event: 26.055 Thread 0x000001ac3904f3a0 DEOPT UNPACKING pc=0x000001ac440173a2 sp=0x000000a1645fdcb0 mode 2
Event: 26.061 Thread 0x000001ac3904f3a0 Uncommon trap: trap_request=0xffffff45 fr.pc=0x000001ac454a88f0 relative=0x0000000000000150
Event: 26.061 Thread 0x000001ac3904f3a0 Uncommon trap: reason=unstable_if action=reinterpret pc=0x000001ac454a88f0 method=java.util.AbstractList$RandomAccessSpliterator.<init>(Ljava/util/List;)V @ 45 c2
Event: 26.061 Thread 0x000001ac3904f3a0 DEOPT PACKING pc=0x000001ac454a88f0 sp=0x000000a1645fe0d0
Event: 26.061 Thread 0x000001ac3904f3a0 DEOPT UNPACKING pc=0x000001ac440173a2 sp=0x000000a1645fe000 mode 2
Event: 26.061 Thread 0x000001ac3904f3a0 Uncommon trap: trap_request=0xffffff45 fr.pc=0x000001ac45780c9c relative=0x00000000000000dc
Event: 26.061 Thread 0x000001ac3904f3a0 Uncommon trap: reason=unstable_if action=reinterpret pc=0x000001ac45780c9c method=java.util.AbstractList$RandomAccessSpliterator.getFence()I @ 18 c2
Event: 26.061 Thread 0x000001ac3904f3a0 DEOPT PACKING pc=0x000001ac45780c9c sp=0x000000a1645fdf30
Event: 26.061 Thread 0x000001ac3904f3a0 DEOPT UNPACKING pc=0x000001ac440173a2 sp=0x000000a1645fde68 mode 2
Event: 26.061 Thread 0x000001ac3904f3a0 Uncommon trap: trap_request=0xffffff76 fr.pc=0x000001ac457e1958 relative=0x0000000000000358
Event: 26.061 Thread 0x000001ac3904f3a0 Uncommon trap: reason=predicate action=maybe_recompile pc=0x000001ac457e1958 method=java.util.AbstractList$RandomAccessSpliterator.forEachRemaining(Ljava/util/function/Consumer;)V @ 29 c2
Event: 26.061 Thread 0x000001ac3904f3a0 DEOPT PACKING pc=0x000001ac457e1958 sp=0x000000a1645fdf30
Event: 26.061 Thread 0x000001ac3904f3a0 DEOPT UNPACKING pc=0x000001ac440173a2 sp=0x000000a1645fded0 mode 2
Event: 26.061 Thread 0x000001ac3904f3a0 Uncommon trap: trap_request=0xffffff45 fr.pc=0x000001ac457807d4 relative=0x00000000000000b4
Event: 26.061 Thread 0x000001ac3904f3a0 Uncommon trap: reason=unstable_if action=reinterpret pc=0x000001ac457807d4 method=java.util.AbstractList$RandomAccessSpliterator.<init>(Ljava/util/List;)V @ 45 c2
Event: 26.061 Thread 0x000001ac3904f3a0 DEOPT PACKING pc=0x000001ac457807d4 sp=0x000000a1645fe060
Event: 26.061 Thread 0x000001ac3904f3a0 DEOPT UNPACKING pc=0x000001ac440173a2 sp=0x000000a1645fdff8 mode 2
Event: 26.061 Thread 0x000001ac3904f3a0 Uncommon trap: trap_request=0xffffff45 fr.pc=0x000001ac449a6410 relative=0x00000000000000d0
Event: 26.061 Thread 0x000001ac3904f3a0 Uncommon trap: reason=unstable_if action=reinterpret pc=0x000001ac449a6410 method=java.util.AbstractList$RandomAccessSpliterator.getFence()I @ 18 c2
Event: 26.061 Thread 0x000001ac3904f3a0 DEOPT PACKING pc=0x000001ac449a6410 sp=0x000000a1645fded0
Event: 26.061 Thread 0x000001ac3904f3a0 DEOPT UNPACKING pc=0x000001ac440173a2 sp=0x000000a1645fde60 mode 2
Event: 26.073 Thread 0x000001ac3904f3a0 Uncommon trap: trap_request=0xffffff45 fr.pc=0x000001ac457bfd18 relative=0x00000000000001b8
Event: 26.073 Thread 0x000001ac3904f3a0 Uncommon trap: reason=unstable_if action=reinterpret pc=0x000001ac457bfd18 method=java.util.concurrent.CompletableFuture.postFire(Ljava/util/concurrent/CompletableFuture;Ljava/util/concurrent/CompletableFuture;I)Ljava/util/concurrent/CompletableFuture; @ 
Event: 26.073 Thread 0x000001ac3904f3a0 DEOPT PACKING pc=0x000001ac457bfd18 sp=0x000000a1645fe200
Event: 26.073 Thread 0x000001ac3904f3a0 DEOPT UNPACKING pc=0x000001ac440173a2 sp=0x000000a1645fe1a8 mode 2
Event: 26.090 Thread 0x000001ac3904f3a0 Uncommon trap: trap_request=0xffffff45 fr.pc=0x000001ac45b7c698 relative=0x0000000000000558
Event: 26.090 Thread 0x000001ac3904f3a0 Uncommon trap: reason=unstable_if action=reinterpret pc=0x000001ac45b7c698 method=de.keksuccino.fancymenu.customization.screen.identifier.UniversalScreenIdentifierRegistry.getUniversalIdentifierFor(Ljava/lang/String;)Ljava/lang/String; @ 29 c2
Event: 26.090 Thread 0x000001ac3904f3a0 DEOPT PACKING pc=0x000001ac45b7c698 sp=0x000000a1645fd900
Event: 26.090 Thread 0x000001ac3904f3a0 DEOPT UNPACKING pc=0x000001ac440173a2 sp=0x000000a1645fd8a8 mode 2
Event: 26.091 Thread 0x000001ac3904f3a0 Uncommon trap: trap_request=0xffffff45 fr.pc=0x000001ac45b16ef4 relative=0x00000000000000b4
Event: 26.091 Thread 0x000001ac3904f3a0 Uncommon trap: reason=unstable_if action=reinterpret pc=0x000001ac45b16ef4 method=com.mojang.blaze3d.font.GlyphInfo.getAdvance(Z)F @ 7 c2
Event: 26.091 Thread 0x000001ac3904f3a0 DEOPT PACKING pc=0x000001ac45b16ef4 sp=0x000000a1645fd4d0
Event: 26.091 Thread 0x000001ac3904f3a0 DEOPT UNPACKING pc=0x000001ac440173a2 sp=0x000000a1645fd468 mode 2
Event: 26.104 Thread 0x000001ac3904f3a0 Uncommon trap: trap_request=0xffffff45 fr.pc=0x000001ac457a2ba0 relative=0x00000000000000e0
Event: 26.104 Thread 0x000001ac3904f3a0 Uncommon trap: reason=unstable_if action=reinterpret pc=0x000001ac457a2ba0 method=com.google.common.collect.Lists.reverse(Ljava/util/List;)Ljava/util/List; @ 4 c2
Event: 26.104 Thread 0x000001ac3904f3a0 DEOPT PACKING pc=0x000001ac457a2ba0 sp=0x000000a1645fdc50
Event: 26.104 Thread 0x000001ac3904f3a0 DEOPT UNPACKING pc=0x000001ac440173a2 sp=0x000000a1645fdbe0 mode 2
Event: 26.105 Thread 0x000001ac3904f3a0 Uncommon trap: trap_request=0xffffff45 fr.pc=0x000001ac45370cac relative=0x00000000000002ec
Event: 26.105 Thread 0x000001ac3904f3a0 Uncommon trap: reason=unstable_if action=reinterpret pc=0x000001ac45370cac method=java.util.ArrayList.indexOfRange(Ljava/lang/Object;II)I @ 7 c2
Event: 26.105 Thread 0x000001ac3904f3a0 DEOPT PACKING pc=0x000001ac45370cac sp=0x000000a1645fd990
Event: 26.105 Thread 0x000001ac3904f3a0 DEOPT UNPACKING pc=0x000001ac440173a2 sp=0x000000a1645fd850 mode 2
Event: 26.105 Thread 0x000001ac3904f3a0 Uncommon trap: trap_request=0xffffff45 fr.pc=0x000001ac456d1894 relative=0x00000000000002d4
Event: 26.105 Thread 0x000001ac3904f3a0 Uncommon trap: reason=unstable_if action=reinterpret pc=0x000001ac456d1894 method=java.util.ArrayList.indexOfRange(Ljava/lang/Object;II)I @ 7 c2
Event: 26.105 Thread 0x000001ac3904f3a0 DEOPT PACKING pc=0x000001ac456d1894 sp=0x000000a1645fd930
Event: 26.105 Thread 0x000001ac3904f3a0 DEOPT UNPACKING pc=0x000001ac440173a2 sp=0x000000a1645fd858 mode 2
Event: 26.105 Thread 0x000001ac3904f3a0 Uncommon trap: trap_request=0xffffffbe fr.pc=0x000001ac4604ac88 relative=0x00000000000002e8
Event: 26.105 Thread 0x000001ac3904f3a0 Uncommon trap: reason=profile_predicate action=maybe_recompile pc=0x000001ac4604ac88 method=sun.security.provider.HashDrbg.addBytes([BI[[B)V @ 36 c2
Event: 26.105 Thread 0x000001ac3904f3a0 DEOPT PACKING pc=0x000001ac4604ac88 sp=0x000000a1645fd270
Event: 26.105 Thread 0x000001ac3904f3a0 DEOPT UNPACKING pc=0x000001ac440173a2 sp=0x000000a1645fd1d0 mode 2
Event: 26.105 Thread 0x000001ac3904f3a0 Uncommon trap: trap_request=0xffffffbe fr.pc=0x000001ac4604ac88 relative=0x00000000000002e8
Event: 26.105 Thread 0x000001ac3904f3a0 Uncommon trap: reason=profile_predicate action=maybe_recompile pc=0x000001ac4604ac88 method=sun.security.provider.HashDrbg.addBytes([BI[[B)V @ 36 c2
Event: 26.105 Thread 0x000001ac3904f3a0 DEOPT PACKING pc=0x000001ac4604ac88 sp=0x000000a1645fd270
Event: 26.105 Thread 0x000001ac3904f3a0 DEOPT UNPACKING pc=0x000001ac440173a2 sp=0x000000a1645fd1d0 mode 2
Event: 26.106 Thread 0x000001ac3904f3a0 Uncommon trap: trap_request=0xffffffbe fr.pc=0x000001ac4604ac88 relative=0x00000000000002e8
Event: 26.106 Thread 0x000001ac3904f3a0 Uncommon trap: reason=profile_predicate action=maybe_recompile pc=0x000001ac4604ac88 method=sun.security.provider.HashDrbg.addBytes([BI[[B)V @ 36 c2
Event: 26.106 Thread 0x000001ac3904f3a0 DEOPT PACKING pc=0x000001ac4604ac88 sp=0x000000a1645fd2e0
Event: 26.106 Thread 0x000001ac3904f3a0 DEOPT UNPACKING pc=0x000001ac440173a2 sp=0x000000a1645fd240 mode 2
Event: 26.106 Thread 0x000001ac3904f3a0 Uncommon trap: trap_request=0xffffffbe fr.pc=0x000001ac4604ac88 relative=0x00000000000002e8
Event: 26.106 Thread 0x000001ac3904f3a0 Uncommon trap: reason=profile_predicate action=maybe_recompile pc=0x000001ac4604ac88 method=sun.security.provider.HashDrbg.addBytes([BI[[B)V @ 36 c2
Event: 26.106 Thread 0x000001ac3904f3a0 DEOPT PACKING pc=0x000001ac4604ac88 sp=0x000000a1645fd2e0
Event: 26.106 Thread 0x000001ac3904f3a0 DEOPT UNPACKING pc=0x000001ac440173a2 sp=0x000000a1645fd240 mode 2
Event: 26.108 Thread 0x000001ac3904f3a0 Uncommon trap: trap_request=0xffffff45 fr.pc=0x000001ac45e05984 relative=0x0000000000000144
Event: 26.108 Thread 0x000001ac3904f3a0 Uncommon trap: reason=unstable_if action=reinterpret pc=0x000001ac45e05984 method=de.keksuccino.fancymenu.customization.element.AbstractElement.updateAutoSizing(Z)V @ 34 c2
Event: 26.108 Thread 0x000001ac3904f3a0 DEOPT PACKING pc=0x000001ac45e05984 sp=0x000000a1645fd690
Event: 26.108 Thread 0x000001ac3904f3a0 DEOPT UNPACKING pc=0x000001ac440173a2 sp=0x000000a1645fd5d8 mode 2
Event: 26.116 Thread 0x000001ac3904f3a0 Uncommon trap: trap_request=0xffffffde fr.pc=0x000001ac457a5af8 relative=0x00000000000001b8
Event: 26.116 Thread 0x000001ac3904f3a0 Uncommon trap: reason=class_check action=maybe_recompile pc=0x000001ac457a5af8 method=com.google.common.collect.Lists$ReverseList.size()I @ 4 c2
Event: 26.116 Thread 0x000001ac3904f3a0 DEOPT PACKING pc=0x000001ac457a5af8 sp=0x000000a1645fdb20
Event: 26.116 Thread 0x000001ac3904f3a0 DEOPT UNPACKING pc=0x000001ac440173a2 sp=0x000000a1645fd928 mode 2
Event: 26.116 Thread 0x000001ac3904f3a0 Uncommon trap: trap_request=0xffffffde fr.pc=0x000001ac457a0394 relative=0x0000000000000074
Event: 26.116 Thread 0x000001ac3904f3a0 Uncommon trap: reason=class_check action=maybe_recompile pc=0x000001ac457a0394 method=com.google.common.collect.Lists$ReverseList$1.hasNext()Z @ 4 c2
Event: 26.116 Thread 0x000001ac3904f3a0 DEOPT PACKING pc=0x000001ac457a0394 sp=0x000000a1645fdb40
Event: 26.116 Thread 0x000001ac3904f3a0 DEOPT UNPACKING pc=0x000001ac440173a2 sp=0x000000a1645fdad0 mode 2
Event: 26.116 Thread 0x000001ac3904f3a0 Uncommon trap: trap_request=0xffffffde fr.pc=0x000001ac4579f208 relative=0x0000000000000128
Event: 26.116 Thread 0x000001ac3904f3a0 Uncommon trap: reason=class_check action=maybe_recompile pc=0x000001ac4579f208 method=com.google.common.collect.Lists$ReverseList$1.hasNext()Z @ 4 c2
Event: 26.116 Thread 0x000001ac3904f3a0 DEOPT PACKING pc=0x000001ac4579f208 sp=0x000000a1645fdb30
Event: 26.116 Thread 0x000001ac3904f3a0 DEOPT UNPACKING pc=0x000001ac440173a2 sp=0x000000a1645fda70 mode 2
Event: 26.116 Thread 0x000001ac3904f3a0 Uncommon trap: trap_request=0xffffffde fr.pc=0x000001ac457a0394 relative=0x0000000000000074
Event: 26.116 Thread 0x000001ac3904f3a0 Uncommon trap: reason=class_check action=maybe_recompile pc=0x000001ac457a0394 method=com.google.common.collect.Lists$ReverseList$1.hasNext()Z @ 4 c2
Event: 26.116 Thread 0x000001ac3904f3a0 DEOPT PACKING pc=0x000001ac457a0394 sp=0x000000a1645fdb40
Event: 26.116 Thread 0x000001ac3904f3a0 DEOPT UNPACKING pc=0x000001ac440173a2 sp=0x000000a1645fdad0 mode 2
Event: 26.116 Thread 0x000001ac3904f3a0 Uncommon trap: trap_request=0xffffffde fr.pc=0x000001ac45dfae08 relative=0x00000000000009e8
Event: 26.116 Thread 0x000001ac3904f3a0 Uncommon trap: reason=class_check action=maybe_recompile pc=0x000001ac45dfae08 method=de.keksuccino.fancymenu.customization.element.elements.button.custombutton.ButtonElement.getTopActiveTemplateElement(Z)Lde/keksuccino/fancymenu/customization/element/ele
Event: 26.116 Thread 0x000001ac3904f3a0 DEOPT PACKING pc=0x000001ac45dfae08 sp=0x000000a1645fda00
Event: 26.116 Thread 0x000001ac3904f3a0 DEOPT UNPACKING pc=0x000001ac440173a2 sp=0x000000a1645fd8e0 mode 2
Event: 26.116 Thread 0x000001ac3904f3a0 Uncommon trap: trap_request=0xffffffde fr.pc=0x000001ac457a5af8 relative=0x00000000000001b8
Event: 26.116 Thread 0x000001ac3904f3a0 Uncommon trap: reason=class_check action=maybe_recompile pc=0x000001ac457a5af8 method=com.google.common.collect.Lists$ReverseList.size()I @ 4 c2
Event: 26.116 Thread 0x000001ac3904f3a0 DEOPT PACKING pc=0x000001ac457a5af8 sp=0x000000a1645fdb20
Event: 26.116 Thread 0x000001ac3904f3a0 DEOPT UNPACKING pc=0x000001ac440173a2 sp=0x000000a1645fd928 mode 2
Event: 26.116 Thread 0x000001ac3904f3a0 Uncommon trap: trap_request=0xffffffde fr.pc=0x000001ac457a0394 relative=0x0000000000000074
Event: 26.116 Thread 0x000001ac3904f3a0 Uncommon trap: reason=class_check action=maybe_recompile pc=0x000001ac457a0394 method=com.google.common.collect.Lists$ReverseList$1.hasNext()Z @ 4 c2
Event: 26.116 Thread 0x000001ac3904f3a0 DEOPT PACKING pc=0x000001ac457a0394 sp=0x000000a1645fdb40
Event: 26.116 Thread 0x000001ac3904f3a0 DEOPT UNPACKING pc=0x000001ac440173a2 sp=0x000000a1645fdad0 mode 2
Event: 26.116 Thread 0x000001ac3904f3a0 Uncommon trap: trap_request=0xffffffde fr.pc=0x000001ac4579f208 relative=0x0000000000000128
Event: 26.116 Thread 0x000001ac3904f3a0 Uncommon trap: reason=class_check action=maybe_recompile pc=0x000001ac4579f208 method=com.google.common.collect.Lists$ReverseList$1.hasNext()Z @ 4 c2
Event: 26.116 Thread 0x000001ac3904f3a0 DEOPT PACKING pc=0x000001ac4579f208 sp=0x000000a1645fdb30
Event: 26.116 Thread 0x000001ac3904f3a0 DEOPT UNPACKING pc=0x000001ac440173a2 sp=0x000000a1645fda70 mode 2
Event: 26.116 Thread 0x000001ac3904f3a0 Uncommon trap: trap_request=0xffffffde fr.pc=0x000001ac457a5af8 relative=0x00000000000001b8
Event: 26.116 Thread 0x000001ac3904f3a0 Uncommon trap: reason=class_check action=maybe_recompile pc=0x000001ac457a5af8 method=com.google.common.collect.Lists$ReverseList.size()I @ 4 c2
Event: 26.116 Thread 0x000001ac3904f3a0 DEOPT PACKING pc=0x000001ac457a5af8 sp=0x000000a1645fdb20
Event: 26.116 Thread 0x000001ac3904f3a0 DEOPT UNPACKING pc=0x000001ac440173a2 sp=0x000000a1645fd928 mode 2
Event: 26.116 Thread 0x000001ac3904f3a0 Uncommon trap: trap_request=0xffffffde fr.pc=0x000001ac457a5af8 relative=0x00000000000001b8
Event: 26.116 Thread 0x000001ac3904f3a0 Uncommon trap: reason=class_check action=maybe_recompile pc=0x000001ac457a5af8 method=com.google.common.collect.Lists$ReverseList.size()I @ 4 c2
Event: 26.116 Thread 0x000001ac3904f3a0 DEOPT PACKING pc=0x000001ac457a5af8 sp=0x000000a1645fdb20
Event: 26.116 Thread 0x000001ac3904f3a0 DEOPT UNPACKING pc=0x000001ac440173a2 sp=0x000000a1645fd928 mode 2
Event: 26.116 Thread 0x000001ac3904f3a0 Uncommon trap: trap_request=0xffffffde fr.pc=0x000001ac457a9640 relative=0x00000000000001e0
Event: 26.116 Thread 0x000001ac3904f3a0 Uncommon trap: reason=class_check action=maybe_recompile pc=0x000001ac457a9640 method=com.google.common.collect.Lists$ReverseList.size()I @ 4 c2
Event: 26.116 Thread 0x000001ac3904f3a0 DEOPT PACKING pc=0x000001ac457a9640 sp=0x000000a1645fda90
Event: 26.116 Thread 0x000001ac3904f3a0 DEOPT UNPACKING pc=0x000001ac440173a2 sp=0x000000a1645fd950 mode 2
Event: 26.117 Thread 0x000001ac3904f3a0 Uncommon trap: trap_request=0xffffff45 fr.pc=0x000001ac45b78004 relative=0x00000000000004c4
Event: 26.117 Thread 0x000001ac3904f3a0 Uncommon trap: reason=unstable_if action=reinterpret pc=0x000001ac45b78004 method=de.keksuccino.fancymenu.customization.screen.identifier.UniversalScreenIdentifierRegistry.getUniversalIdentifierFor(Ljava/lang/String;)Ljava/lang/String; @ 29 c2
Event: 26.117 Thread 0x000001ac3904f3a0 DEOPT PACKING pc=0x000001ac45b78004 sp=0x000000a1645fd790
Event: 26.117 Thread 0x000001ac3904f3a0 DEOPT UNPACKING pc=0x000001ac440173a2 sp=0x000000a1645fd748 mode 2
Event: 26.118 Thread 0x000001ac3904f3a0 Uncommon trap: trap_request=0xffffffde fr.pc=0x000001ac45b8e82c relative=0x0000000000001a6c
Event: 26.118 Thread 0x000001ac3904f3a0 Uncommon trap: reason=class_check action=maybe_recompile pc=0x000001ac45b8e82c method=de.keksuccino.konkrete.config.Config.getOrDefault(Ljava/lang/String;Ljava/lang/Object;)Ljava/lang/Object; @ 40 c2
Event: 26.118 Thread 0x000001ac3904f3a0 DEOPT PACKING pc=0x000001ac45b8e82c sp=0x000000a1645fd760
Event: 26.118 Thread 0x000001ac3904f3a0 DEOPT UNPACKING pc=0x000001ac440173a2 sp=0x000000a1645fd710 mode 2
Event: 26.118 Thread 0x000001ac3904f3a0 Uncommon trap: trap_request=0xffffffde fr.pc=0x000001ac45b8e82c relative=0x0000000000001a6c
Event: 26.118 Thread 0x000001ac3904f3a0 Uncommon trap: reason=class_check action=maybe_recompile pc=0x000001ac45b8e82c method=de.keksuccino.konkrete.config.Config.getOrDefault(Ljava/lang/String;Ljava/lang/Object;)Ljava/lang/Object; @ 40 c2
Event: 26.118 Thread 0x000001ac3904f3a0 DEOPT PACKING pc=0x000001ac45b8e82c sp=0x000000a1645fd760
Event: 26.118 Thread 0x000001ac3904f3a0 DEOPT UNPACKING pc=0x000001ac440173a2 sp=0x000000a1645fd710 mode 2
Event: 26.125 Thread 0x000001ac3904f3a0 Uncommon trap: trap_request=0xffffffde fr.pc=0x000001ac45dfae08 relative=0x00000000000009e8
Event: 26.125 Thread 0x000001ac3904f3a0 Uncommon trap: reason=class_check action=maybe_recompile pc=0x000001ac45dfae08 method=de.keksuccino.fancymenu.customization.element.elements.button.custombutton.ButtonElement.getTopActiveTemplateElement(Z)Lde/keksuccino/fancymenu/customization/element/ele
Event: 26.125 Thread 0x000001ac3904f3a0 DEOPT PACKING pc=0x000001ac45dfae08 sp=0x000000a1645fde10
Event: 26.125 Thread 0x000001ac3904f3a0 DEOPT UNPACKING pc=0x000001ac440173a2 sp=0x000000a1645fdcf0 mode 2
Event: 26.126 Thread 0x000001ac3904f3a0 Uncommon trap: trap_request=0xffffffde fr.pc=0x000001ac45b8e82c relative=0x0000000000001a6c
Event: 26.126 Thread 0x000001ac3904f3a0 Uncommon trap: reason=class_check action=maybe_recompile pc=0x000001ac45b8e82c method=de.keksuccino.konkrete.config.Config.getOrDefault(Ljava/lang/String;Ljava/lang/Object;)Ljava/lang/Object; @ 40 c2
Event: 26.126 Thread 0x000001ac3904f3a0 DEOPT PACKING pc=0x000001ac45b8e82c sp=0x000000a1645fdb70
Event: 26.126 Thread 0x000001ac3904f3a0 DEOPT UNPACKING pc=0x000001ac440173a2 sp=0x000000a1645fdb20 mode 2
Event: 26.127 Thread 0x000001ac3904f3a0 Uncommon trap: trap_request=0xffffffde fr.pc=0x000001ac45b8e82c relative=0x0000000000001a6c
Event: 26.127 Thread 0x000001ac3904f3a0 Uncommon trap: reason=class_check action=maybe_recompile pc=0x000001ac45b8e82c method=de.keksuccino.konkrete.config.Config.getOrDefault(Ljava/lang/String;Ljava/lang/Object;)Ljava/lang/Object; @ 40 c2
Event: 26.127 Thread 0x000001ac3904f3a0 DEOPT PACKING pc=0x000001ac45b8e82c sp=0x000000a1645fdb70
Event: 26.127 Thread 0x000001ac3904f3a0 DEOPT UNPACKING pc=0x000001ac440173a2 sp=0x000000a1645fdb20 mode 2
Event: 26.131 Thread 0x000001ac3904f3a0 DEOPT PACKING pc=0x000001ac3eaf9c4a sp=0x000000a1645fd800
Event: 26.131 Thread 0x000001ac3904f3a0 DEOPT UNPACKING pc=0x000001ac44017ee2 sp=0x000000a1645fccb0 mode 0
Event: 26.142 Thread 0x000001ac3904f3a0 Uncommon trap: trap_request=0xffffffbe fr.pc=0x000001ac45b14e68 relative=0x0000000000000988
Event: 26.142 Thread 0x000001ac3904f3a0 Uncommon trap: reason=profile_predicate action=maybe_recompile pc=0x000001ac45b14e68 method=java.math.MutableBigInteger.add(Ljava/math/MutableBigInteger;)V @ 68 c2
Event: 26.142 Thread 0x000001ac3904f3a0 DEOPT PACKING pc=0x000001ac45b14e68 sp=0x000000a1645fde30
Event: 26.142 Thread 0x000001ac3904f3a0 DEOPT UNPACKING pc=0x000001ac440173a2 sp=0x000000a1645fddc0 mode 2
Event: 26.485 Thread 0x000001b0e4dae6c0 Uncommon trap: trap_request=0xffffffbe fr.pc=0x000001ac45b14e68 relative=0x0000000000000988
Event: 26.485 Thread 0x000001b0e4dae6c0 Uncommon trap: reason=profile_predicate action=maybe_recompile pc=0x000001ac45b14e68 method=java.math.MutableBigInteger.add(Ljava/math/MutableBigInteger;)V @ 68 c2
Event: 26.485 Thread 0x000001b0e4dae6c0 DEOPT PACKING pc=0x000001ac45b14e68 sp=0x000000a16d9fd910
Event: 26.485 Thread 0x000001b0e4dae6c0 DEOPT UNPACKING pc=0x000001ac440173a2 sp=0x000000a16d9fd8a0 mode 2
Event: 26.670 Thread 0x000001b0e4dae6c0 Uncommon trap: trap_request=0xffffff45 fr.pc=0x000001ac45bee94c relative=0x000000000000134c
Event: 26.670 Thread 0x000001b0e4dae6c0 Uncommon trap: reason=unstable_if action=reinterpret pc=0x000001ac45bee94c method=sun.nio.cs.StreamDecoder.lockedRead0()I @ 30 c2
Event: 26.670 Thread 0x000001b0e4dae6c0 DEOPT PACKING pc=0x000001ac45bee94c sp=0x000000a16d9ff1c0
Event: 26.670 Thread 0x000001b0e4dae6c0 DEOPT UNPACKING pc=0x000001ac440173a2 sp=0x000000a16d9ff078 mode 2
Event: 27.058 Thread 0x000001ac3904f3a0 Uncommon trap: trap_request=0xffffff45 fr.pc=0x000001ac45dfad64 relative=0x0000000000000944
Event: 27.058 Thread 0x000001ac3904f3a0 Uncommon trap: reason=unstable_if action=reinterpret pc=0x000001ac45dfad64 method=de.keksuccino.fancymenu.customization.element.AbstractElement.shouldRender()Z @ 49 c2
Event: 27.058 Thread 0x000001ac3904f3a0 DEOPT PACKING pc=0x000001ac45dfad64 sp=0x000000a1645fdc20
Event: 27.058 Thread 0x000001ac3904f3a0 DEOPT UNPACKING pc=0x000001ac440173a2 sp=0x000000a1645fdb98 mode 2
Event: 27.058 Thread 0x000001ac3904f3a0 Uncommon trap: trap_request=0xffffff45 fr.pc=0x000001ac45d4eb9c relative=0x000000000000051c
Event: 27.058 Thread 0x000001ac3904f3a0 Uncommon trap: reason=unstable_if action=reinterpret pc=0x000001ac45d4eb9c method=de.keksuccino.fancymenu.customization.element.AbstractElement.shouldRender()Z @ 49 c2
Event: 27.058 Thread 0x000001ac3904f3a0 DEOPT PACKING pc=0x000001ac45d4eb9c sp=0x000000a1645fd9e0
Event: 27.058 Thread 0x000001ac3904f3a0 DEOPT UNPACKING pc=0x000001ac440173a2 sp=0x000000a1645fd9b8 mode 2
Event: 27.116 Thread 0x000001ac3904f3a0 Uncommon trap: trap_request=0xffffff45 fr.pc=0x000001ac45ddf098 relative=0x0000000000000ab8
Event: 27.116 Thread 0x000001ac3904f3a0 Uncommon trap: reason=unstable_if action=reinterpret pc=0x000001ac45ddf098 method=net.minecraft.client.renderer.ShaderInstance.setDefaultUniforms(Lcom/mojang/blaze3d/vertex/VertexFormat$Mode;Lorg/joml/Matrix4f;Lorg/joml/Matrix4f;Lcom/mojang/blaze3d/platfo
Event: 27.116 Thread 0x000001ac3904f3a0 DEOPT PACKING pc=0x000001ac45ddf098 sp=0x000000a1645fcdb0
Event: 27.116 Thread 0x000001ac3904f3a0 DEOPT UNPACKING pc=0x000001ac440173a2 sp=0x000000a1645fcd88 mode 2
Event: 27.116 Thread 0x000001ac3904f3a0 Uncommon trap: trap_request=0xffffff45 fr.pc=0x000001ac45d5349c relative=0x000000000000021c
Event: 27.116 Thread 0x000001ac3904f3a0 Uncommon trap: reason=unstable_if action=reinterpret pc=0x000001ac45d5349c method=com.mojang.blaze3d.shaders.Uniform.uploadAsFloat()V @ 12 c2
Event: 27.116 Thread 0x000001ac3904f3a0 DEOPT PACKING pc=0x000001ac45d5349c sp=0x000000a1645fccc0
Event: 27.117 Thread 0x000001ac3904f3a0 DEOPT UNPACKING pc=0x000001ac440173a2 sp=0x000000a1645fcc08 mode 2
Event: 27.122 Thread 0x000001ac3904f3a0 Uncommon trap: trap_request=0xffffff45 fr.pc=0x000001ac46093054 relative=0x00000000000000b4
Event: 27.122 Thread 0x000001ac3904f3a0 Uncommon trap: reason=unstable_if action=reinterpret pc=0x000001ac46093054 method=com.mojang.blaze3d.platform.GlStateManager._activeTexture(I)V @ 11 c2
Event: 27.122 Thread 0x000001ac3904f3a0 DEOPT PACKING pc=0x000001ac46093054 sp=0x000000a1645fd6a0
Event: 27.122 Thread 0x000001ac3904f3a0 DEOPT UNPACKING pc=0x000001ac440173a2 sp=0x000000a1645fd638 mode 2
Event: 27.158 Thread 0x000001ac3904f3a0 Uncommon trap: trap_request=0xffffffde fr.pc=0x000001ac45b983c4 relative=0x0000000000000484
Event: 27.158 Thread 0x000001ac3904f3a0 Uncommon trap: reason=class_check action=maybe_recompile pc=0x000001ac45b983c4 method=de.keksuccino.fancymenu.customization.element.elements.button.custombutton.ButtonElement.getTopActiveTemplateElement(Z)Lde/keksuccino/fancymenu/customization/element/ele
Event: 27.158 Thread 0x000001ac3904f3a0 DEOPT PACKING pc=0x000001ac45b983c4 sp=0x000000a1645fdb20
Event: 27.158 Thread 0x000001ac3904f3a0 DEOPT UNPACKING pc=0x000001ac440173a2 sp=0x000000a1645fda50 mode 2
Event: 27.180 Thread 0x000001b0a81814f0 Uncommon trap: trap_request=0xffffff45 fr.pc=0x000001ac44f45824 relative=0x0000000000000464
Event: 27.180 Thread 0x000001b0a81814f0 Uncommon trap: reason=unstable_if action=reinterpret pc=0x000001ac44f45824 method=sun.util.calendar.ZoneInfo.getOffsets(J[II)I @ 4 c2
Event: 27.180 Thread 0x000001b0a81814f0 DEOPT PACKING pc=0x000001ac44f45824 sp=0x000000a16d7feed0
Event: 27.180 Thread 0x000001b0a81814f0 DEOPT UNPACKING pc=0x000001ac440173a2 sp=0x000000a16d7fee50 mode 2
Event: 27.184 Thread 0x000001b0a8180e60 DEOPT PACKING pc=0x000001ac4580305c sp=0x000000a166eff090
Event: 27.184 Thread 0x000001b0a8180e60 DEOPT UNPACKING pc=0x000001ac44017ee2 sp=0x000000a166efe520 mode 0
Event: 27.184 Thread 0x000001b0a8180e60 DEOPT PACKING pc=0x000001ac3e6d9914 sp=0x000000a166eff0f0
Event: 27.184 Thread 0x000001b0a8180e60 DEOPT UNPACKING pc=0x000001ac44017ee2 sp=0x000000a166efe668 mode 0
Event: 27.198 Thread 0x000001ac3904f3a0 Uncommon trap: trap_request=0xffffff45 fr.pc=0x000001ac4506d1e0 relative=0x0000000000000100
Event: 27.198 Thread 0x000001ac3904f3a0 Uncommon trap: reason=unstable_if action=reinterpret pc=0x000001ac4506d1e0 method=java.lang.invoke.BoundMethodHandle.tooComplex()Z @ 18 c2
Event: 27.198 Thread 0x000001ac3904f3a0 DEOPT PACKING pc=0x000001ac4506d1e0 sp=0x000000a1645fc930
Event: 27.198 Thread 0x000001ac3904f3a0 DEOPT UNPACKING pc=0x000001ac440173a2 sp=0x000000a1645fc860 mode 2
Event: 27.203 Thread 0x000001b0a817b910 Uncommon trap: trap_request=0xffffff45 fr.pc=0x000001ac45e50338 relative=0x0000000000000b58
Event: 27.203 Thread 0x000001b0a817b910 Uncommon trap: reason=unstable_if action=reinterpret pc=0x000001ac45e50338 method=java.nio.file.Path.of(Ljava/net/URI;)Ljava/nio/file/Path; @ 25 c2
Event: 27.203 Thread 0x000001b0a817b910 DEOPT PACKING pc=0x000001ac45e50338 sp=0x000000a16c3fecb0
Event: 27.203 Thread 0x000001b0a817b910 DEOPT UNPACKING pc=0x000001ac440173a2 sp=0x000000a16c3fec68 mode 2
Event: 27.212 Thread 0x000001b0a817b910 Uncommon trap: trap_request=0xffffff45 fr.pc=0x000001ac45f3a83c relative=0x0000000000002d9c
Event: 27.212 Thread 0x000001b0a817b910 Uncommon trap: reason=unstable_if action=reinterpret pc=0x000001ac45f3a83c method=org.apache.logging.log4j.util.StringBuilders.appendSpecificTypes(Ljava/lang/StringBuilder;Ljava/lang/Object;)Z @ 198 c2
Event: 27.212 Thread 0x000001b0a817b910 DEOPT PACKING pc=0x000001ac45f3a83c sp=0x000000a16c3fe8f0
Event: 27.212 Thread 0x000001b0a817b910 DEOPT UNPACKING pc=0x000001ac440173a2 sp=0x000000a16c3fe4b8 mode 2
Event: 27.258 Thread 0x000001ac3904f3a0 Uncommon trap: trap_request=0xffffffde fr.pc=0x000001ac45b844b0 relative=0x0000000000000310
Event: 27.258 Thread 0x000001ac3904f3a0 Uncommon trap: reason=class_check action=maybe_recompile pc=0x000001ac45b844b0 method=de.keksuccino.fancymenu.customization.element.elements.button.custombutton.ButtonElement.getTopActiveTemplateElement(Z)Lde/keksuccino/fancymenu/customization/element/ele
Event: 27.258 Thread 0x000001ac3904f3a0 DEOPT PACKING pc=0x000001ac45b844b0 sp=0x000000a1645fdd20
Event: 27.258 Thread 0x000001ac3904f3a0 DEOPT UNPACKING pc=0x000001ac440173a2 sp=0x000000a1645fdca8 mode 2

Classes loaded (250 events):
Event: 23.187 Loading class com/sun/media/sound/AudioSynthesizer done
Event: 23.187 Loading class com/sun/media/sound/ReferenceCountingDevice
Event: 23.187 Loading class com/sun/media/sound/ReferenceCountingDevice done
Event: 23.187 Loading class com/sun/media/sound/SoftSynthesizer done
Event: 23.187 Loading class com/sun/media/sound/SoftSynthesizer$Info
Event: 23.187 Loading class com/sun/media/sound/SoftSynthesizer$Info done
Event: 23.187 Loading class com/sun/media/sound/RealTimeSequencer
Event: 23.187 Loading class javax/sound/midi/Sequencer
Event: 23.187 Loading class javax/sound/midi/Sequencer done
Event: 23.187 Loading class com/sun/media/sound/AutoConnectSequencer
Event: 23.187 Loading class com/sun/media/sound/AutoConnectSequencer done
Event: 23.187 Loading class com/sun/media/sound/AbstractMidiDevice
Event: 23.187 Loading class com/sun/media/sound/AbstractMidiDevice done
Event: 23.187 Loading class com/sun/media/sound/RealTimeSequencer done
Event: 23.187 Loading class com/sun/media/sound/RealTimeSequencer$RealTimeSequencerInfo
Event: 23.187 Loading class com/sun/media/sound/RealTimeSequencer$RealTimeSequencerInfo done
Event: 23.187 Loading class javax/sound/midi/Sequencer$SyncMode
Event: 23.187 Loading class javax/sound/midi/Sequencer$SyncMode done
Event: 23.211 Loading class com/sun/media/sound/AbstractMidiDeviceProvider$Info
Event: 23.211 Loading class com/sun/media/sound/AbstractMidiDeviceProvider$Info done
Event: 23.211 Loading class com/sun/media/sound/MidiOutDeviceProvider$MidiOutDeviceInfo
Event: 23.211 Loading class com/sun/media/sound/MidiOutDeviceProvider$MidiOutDeviceInfo done
Event: 23.212 Loading class javax/sound/sampled/AudioFormat
Event: 23.212 Loading class javax/sound/sampled/AudioFormat done
Event: 23.212 Loading class javax/sound/sampled/AudioFormat$Encoding
Event: 23.212 Loading class javax/sound/sampled/AudioFormat$Encoding done
Event: 23.212 Loading class com/sun/media/sound/SoftLinearResampler
Event: 23.212 Loading class com/sun/media/sound/SoftAbstractResampler
Event: 23.212 Loading class com/sun/media/sound/SoftResampler
Event: 23.212 Loading class com/sun/media/sound/SoftResampler done
Event: 23.212 Loading class com/sun/media/sound/SoftAbstractResampler done
Event: 23.212 Loading class com/sun/media/sound/SoftLinearResampler done
Event: 23.212 Loading class com/sun/media/sound/MidiUtils$TempoCache
Event: 23.212 Loading class com/sun/media/sound/MidiUtils$TempoCache done
Event: 23.212 Loading class com/sun/media/sound/RealTimeSequencer$PlayThread
Event: 23.212 Loading class com/sun/media/sound/RealTimeSequencer$PlayThread done
Event: 23.212 Loading class com/sun/media/sound/RealTimeSequencer$DataPump
Event: 23.212 Loading class com/sun/media/sound/RealTimeSequencer$DataPump done
Event: 23.213 Loading class com/sun/media/sound/RealTimeSequencer$SequencerTransmitter
Event: 23.213 Loading class com/sun/media/sound/AbstractMidiDevice$BasicTransmitter
Event: 23.213 Loading class javax/sound/midi/MidiDeviceTransmitter
Event: 23.213 Loading class javax/sound/midi/Transmitter
Event: 23.213 Loading class javax/sound/midi/Transmitter done
Event: 23.213 Loading class javax/sound/midi/MidiDeviceTransmitter done
Event: 23.213 Loading class com/sun/media/sound/AbstractMidiDevice$BasicTransmitter done
Event: 23.213 Loading class com/sun/media/sound/RealTimeSequencer$SequencerTransmitter done
Event: 23.213 Loading class com/sun/media/sound/AbstractMidiDevice$TransmitterList
Event: 23.213 Loading class com/sun/media/sound/AbstractMidiDevice$TransmitterList done
Event: 23.213 Loading class com/sun/media/sound/MidiOutDevice$MidiOutReceiver
Event: 23.213 Loading class com/sun/media/sound/AbstractMidiDevice$AbstractReceiver
Event: 23.213 Loading class javax/sound/midi/MidiDeviceReceiver
Event: 23.213 Loading class javax/sound/midi/MidiDeviceReceiver done
Event: 23.213 Loading class com/sun/media/sound/AbstractMidiDevice$AbstractReceiver done
Event: 23.213 Loading class com/sun/media/sound/MidiOutDevice$MidiOutReceiver done
Event: 23.213 Loading class com/sun/media/sound/MidiOutDevice
Event: 23.213 Loading class com/sun/media/sound/MidiOutDevice done
Event: 24.330 Loading class java/util/Scanner
Event: 24.331 Loading class java/util/Scanner done
Event: 24.331 Loading class java/util/Scanner$PatternLRUCache
Event: 24.331 Loading class java/util/Scanner$PatternLRUCache done
Event: 24.331 Loading class java/util/regex/Matcher$ImmutableMatchResult
Event: 24.332 Loading class java/util/regex/Matcher$ImmutableMatchResult done
Event: 24.360 Loading class java/util/stream/Stream$1
Event: 24.360 Loading class java/util/stream/Stream$1 done
Event: 24.393 Loading class java/util/function/DoubleBinaryOperator
Event: 24.393 Loading class java/util/function/DoubleBinaryOperator done
Event: 25.977 Loading class javax/imageio/ImageIO
Event: 25.978 Loading class javax/imageio/ImageIO done
Event: 25.978 Loading class javax/imageio/spi/IIORegistry
Event: 25.978 Loading class javax/imageio/spi/ServiceRegistry
Event: 25.978 Loading class javax/imageio/spi/ServiceRegistry done
Event: 25.978 Loading class javax/imageio/spi/IIORegistry done
Event: 25.978 Loading class javax/imageio/spi/ImageReaderSpi
Event: 25.978 Loading class javax/imageio/spi/ImageReaderWriterSpi
Event: 25.978 Loading class javax/imageio/spi/IIOServiceProvider
Event: 25.979 Loading class javax/imageio/spi/RegisterableService
Event: 25.979 Loading class javax/imageio/spi/RegisterableService done
Event: 25.979 Loading class javax/imageio/spi/IIOServiceProvider done
Event: 25.979 Loading class javax/imageio/spi/ImageReaderWriterSpi done
Event: 25.979 Loading class javax/imageio/spi/ImageReaderSpi done
Event: 25.979 Loading class javax/imageio/spi/ImageWriterSpi
Event: 25.979 Loading class javax/imageio/spi/ImageWriterSpi done
Event: 25.979 Loading class javax/imageio/spi/ImageTranscoderSpi
Event: 25.979 Loading class javax/imageio/spi/ImageTranscoderSpi done
Event: 25.979 Loading class javax/imageio/spi/ImageInputStreamSpi
Event: 25.979 Loading class javax/imageio/spi/ImageInputStreamSpi done
Event: 25.979 Loading class javax/imageio/spi/ImageOutputStreamSpi
Event: 25.979 Loading class javax/imageio/spi/ImageOutputStreamSpi done
Event: 25.979 Loading class javax/imageio/spi/SubRegistry
Event: 25.979 Loading class javax/imageio/spi/SubRegistry done
Event: 25.979 Loading class javax/imageio/spi/PartiallyOrderedSet
Event: 25.979 Loading class javax/imageio/spi/PartiallyOrderedSet done
Event: 25.979 Loading class com/sun/imageio/plugins/gif/GIFImageReaderSpi
Event: 25.979 Loading class com/sun/imageio/plugins/gif/GIFImageReaderSpi done
Event: 25.979 Loading class javax/imageio/stream/ImageInputStream
Event: 25.979 Loading class javax/imageio/stream/ImageInputStream done
Event: 25.979 Loading class javax/imageio/spi/DigraphNode
Event: 25.979 Loading class javax/imageio/spi/DigraphNode done
Event: 25.979 Loading class com/sun/imageio/plugins/gif/GIFImageWriterSpi
Event: 25.979 Loading class com/sun/imageio/plugins/gif/GIFImageWriterSpi done
Event: 25.979 Loading class javax/imageio/stream/ImageOutputStream
Event: 25.979 Loading class javax/imageio/stream/ImageOutputStream done
Event: 25.979 Loading class com/sun/imageio/plugins/bmp/BMPImageReaderSpi
Event: 25.979 Loading class com/sun/imageio/plugins/bmp/BMPImageReaderSpi done
Event: 25.979 Loading class com/sun/imageio/plugins/bmp/BMPImageWriterSpi
Event: 25.980 Loading class com/sun/imageio/plugins/bmp/BMPImageWriterSpi done
Event: 25.980 Loading class com/sun/imageio/plugins/wbmp/WBMPImageReaderSpi
Event: 25.980 Loading class com/sun/imageio/plugins/wbmp/WBMPImageReaderSpi done
Event: 25.980 Loading class com/sun/imageio/plugins/wbmp/WBMPImageWriterSpi
Event: 25.980 Loading class com/sun/imageio/plugins/wbmp/WBMPImageWriterSpi done
Event: 25.980 Loading class com/sun/imageio/plugins/tiff/TIFFImageReaderSpi
Event: 25.980 Loading class com/sun/imageio/plugins/tiff/TIFFImageReaderSpi done
Event: 25.980 Loading class com/sun/imageio/plugins/tiff/TIFFImageWriterSpi
Event: 25.980 Loading class com/sun/imageio/plugins/tiff/TIFFImageWriterSpi done
Event: 25.980 Loading class com/sun/imageio/plugins/png/PNGImageReaderSpi
Event: 25.980 Loading class com/sun/imageio/plugins/png/PNGImageReaderSpi done
Event: 25.980 Loading class com/sun/imageio/plugins/png/PNGImageWriterSpi
Event: 25.980 Loading class com/sun/imageio/plugins/png/PNGImageWriterSpi done
Event: 25.980 Loading class com/sun/imageio/plugins/jpeg/JPEGImageReaderSpi
Event: 25.980 Loading class com/sun/imageio/plugins/jpeg/JPEGImageReaderSpi done
Event: 25.980 Loading class com/sun/imageio/plugins/jpeg/JPEG
Event: 25.980 Loading class com/sun/imageio/plugins/jpeg/JPEG done
Event: 25.980 Loading class com/sun/imageio/plugins/jpeg/JPEGImageWriterSpi
Event: 25.980 Loading class com/sun/imageio/plugins/jpeg/JPEGImageWriterSpi done
Event: 25.980 Loading class com/sun/imageio/spi/FileImageInputStreamSpi
Event: 25.980 Loading class com/sun/imageio/spi/FileImageInputStreamSpi done
Event: 25.980 Loading class com/sun/imageio/spi/FileImageOutputStreamSpi
Event: 25.980 Loading class com/sun/imageio/spi/FileImageOutputStreamSpi done
Event: 25.980 Loading class com/sun/imageio/spi/InputStreamImageInputStreamSpi
Event: 25.980 Loading class com/sun/imageio/spi/InputStreamImageInputStreamSpi done
Event: 25.980 Loading class com/sun/imageio/spi/OutputStreamImageOutputStreamSpi
Event: 25.980 Loading class com/sun/imageio/spi/OutputStreamImageOutputStreamSpi done
Event: 25.980 Loading class com/sun/imageio/spi/RAFImageInputStreamSpi
Event: 25.981 Loading class com/sun/imageio/spi/RAFImageInputStreamSpi done
Event: 25.981 Loading class com/sun/imageio/spi/RAFImageOutputStreamSpi
Event: 25.981 Loading class com/sun/imageio/spi/RAFImageOutputStreamSpi done
Event: 25.981 Loading class javax/imageio/spi/IIORegistry$1
Event: 25.981 Loading class javax/imageio/spi/IIORegistry$1 done
Event: 25.982 Loading class javax/imageio/ImageReader
Event: 25.982 Loading class javax/imageio/ImageReader done
Event: 25.983 Loading class javax/imageio/spi/ServiceRegistry$Filter
Event: 25.983 Loading class javax/imageio/spi/ServiceRegistry$Filter done
Event: 25.984 Loading class javax/imageio/spi/PartialOrderIterator
Event: 25.984 Loading class javax/imageio/spi/PartialOrderIterator done
Event: 25.984 Loading class javax/imageio/spi/FilterIterator
Event: 25.984 Loading class javax/imageio/spi/FilterIterator done
Event: 25.984 Loading class java/awt/image/ColorConvertOp
Event: 25.985 Loading class java/awt/image/BufferedImageOp
Event: 25.985 Loading class java/awt/image/BufferedImageOp done
Event: 25.985 Loading class java/awt/image/RasterOp
Event: 25.985 Loading class java/awt/image/RasterOp done
Event: 25.985 Loading class java/awt/image/ColorConvertOp done
Event: 25.985 Loading class javax/imageio/metadata/IIOMetadataFormat
Event: 25.985 Loading class javax/imageio/metadata/IIOMetadataFormat done
Event: 25.985 Loading class javax/imageio/ImageTypeSpecifier
Event: 25.985 Loading class javax/imageio/ImageTypeSpecifier done
Event: 25.985 Loading class javax/imageio/ImageWriter
Event: 25.986 Loading class javax/imageio/ImageTranscoder
Event: 25.986 Loading class javax/imageio/ImageTranscoder done
Event: 25.986 Loading class javax/imageio/ImageWriter done
Event: 25.986 Loading class javax/imageio/ImageIO$CacheInfo
Event: 25.986 Loading class javax/imageio/ImageIO$CacheInfo done
Event: 25.986 Loading class javax/imageio/stream/ImageInputStreamImpl
Event: 25.986 Loading class javax/imageio/stream/ImageInputStreamImpl done
Event: 25.986 Loading class java/nio/file/TempFileHelper
Event: 25.987 Loading class java/nio/file/TempFileHelper done
Event: 25.987 Loading class javax/imageio/ImageIO$CanDecodeInputFilter
Event: 25.987 Loading class javax/imageio/ImageIO$CanDecodeInputFilter done
Event: 25.987 Loading class com/sun/imageio/plugins/common/ReaderUtil
Event: 25.987 Loading class com/sun/imageio/plugins/common/ReaderUtil done
Event: 25.987 Loading class javax/imageio/ImageIO$ImageReaderIterator
Event: 25.987 Loading class javax/imageio/ImageIO$ImageReaderIterator done
Event: 25.988 Loading class com/sun/imageio/plugins/png/PNGImageReader
Event: 25.988 Loading class com/sun/imageio/plugins/png/PNGImageReader done
Event: 25.988 Loading class com/sun/imageio/plugins/png/PNGMetadata
Event: 25.989 Loading class javax/imageio/metadata/IIOMetadata
Event: 25.989 Loading class javax/imageio/metadata/IIOMetadata done
Event: 25.989 Loading class com/sun/imageio/plugins/png/PNGMetadata done
Event: 25.990 Loading class javax/imageio/ImageReadParam
Event: 25.990 Loading class javax/imageio/IIOParam
Event: 25.990 Loading class javax/imageio/IIOParam done
Event: 25.990 Loading class javax/imageio/ImageReadParam done
Event: 25.990 Loading class com/sun/imageio/plugins/png/PNGImageDataEnumeration
Event: 25.990 Loading class com/sun/imageio/plugins/png/PNGImageDataEnumeration done
Event: 25.990 Loading class com/sun/imageio/plugins/common/SubImageInputStream
Event: 25.990 Loading class com/sun/imageio/plugins/common/SubImageInputStream done
Event: 25.990 Loading class com/sun/imageio/plugins/common/InputStreamAdapter
Event: 25.990 Loading class com/sun/imageio/plugins/common/InputStreamAdapter done
Event: 25.990 Loading class javax/imageio/ImageTypeSpecifier$Indexed
Event: 25.990 Loading class javax/imageio/ImageTypeSpecifier$Indexed done
Event: 25.990 Loading class java/awt/image/MultiPixelPackedSampleModel
Event: 25.990 Loading class java/awt/image/SampleModel
Event: 25.990 Loading class java/awt/image/SampleModel done
Event: 25.990 Loading class java/awt/image/MultiPixelPackedSampleModel done
Event: 25.990 Loading class java/awt/image/DataBuffer
Event: 25.990 Loading class java/awt/image/DataBuffer done
Event: 25.990 Loading class java/awt/image/DataBuffer$1
Event: 25.990 Loading class sun/awt/image/SunWritableRaster$DataStealer
Event: 25.991 Loading class sun/awt/image/SunWritableRaster$DataStealer done
Event: 25.991 Loading class java/awt/image/DataBuffer$1 done
Event: 25.991 Loading class sun/awt/image/SunWritableRaster
Event: 25.991 Loading class java/awt/image/WritableRaster
Event: 25.991 Loading class java/awt/image/Raster
Event: 25.991 Loading class java/awt/image/Raster done
Event: 25.991 Loading class java/awt/image/WritableRaster done
Event: 25.991 Loading class sun/awt/image/SunWritableRaster done
Event: 25.991 Loading class java/awt/Rectangle
Event: 25.991 Loading class java/awt/Shape
Event: 25.991 Loading class java/awt/Shape done
Event: 25.991 Loading class java/awt/geom/Rectangle2D
Event: 25.991 Loading class java/awt/geom/RectangularShape
Event: 25.991 Loading class java/awt/geom/RectangularShape done
Event: 25.991 Loading class java/awt/geom/Rectangle2D done
Event: 25.991 Loading class java/awt/Rectangle done
Event: 25.991 Loading class java/awt/image/DataBufferByte
Event: 25.991 Loading class java/awt/image/DataBufferByte done
Event: 25.991 Loading class java/awt/image/PixelInterleavedSampleModel
Event: 25.991 Loading class java/awt/image/ComponentSampleModel
Event: 25.992 Loading class java/awt/image/ComponentSampleModel done
Event: 25.992 Loading class java/awt/image/PixelInterleavedSampleModel done
Event: 25.992 Loading class java/awt/image/SinglePixelPackedSampleModel
Event: 25.992 Loading class java/awt/image/SinglePixelPackedSampleModel done
Event: 25.992 Loading class sun/awt/image/BytePackedRaster
Event: 25.992 Loading class sun/awt/image/BytePackedRaster done
Event: 25.992 Loading class sun/awt/image/NativeLibLoader
Event: 25.992 Loading class sun/awt/image/NativeLibLoader done
Event: 25.992 Loading class sun/awt/image/NativeLibLoader$1
Event: 25.992 Loading class sun/awt/image/NativeLibLoader$1 done
Event: 25.992 Loading class java/awt/image/BufferedImage$1
Event: 25.992 Loading class java/awt/image/BufferedImage$1 done
Event: 25.992 Loading class sun/awt/image/IntegerComponentRaster
Event: 25.993 Loading class sun/awt/image/IntegerComponentRaster done
Event: 25.993 Loading class sun/awt/image/ByteInterleavedRaster
Event: 25.993 Loading class sun/awt/image/ByteComponentRaster
Event: 25.993 Loading class sun/awt/image/ByteComponentRaster done
Event: 25.993 Loading class sun/awt/image/ByteInterleavedRaster done
Event: 26.018 Loading class sun/security/ssl/Alert$AlertMessage
Event: 26.018 Loading class sun/security/ssl/Alert$AlertMessage done
Event: 26.102 Loading class java/text/MessageFormat
Event: 26.103 Loading class java/text/MessageFormat done
Event: 26.103 Loading class java/text/MessageFormat$Field
Event: 26.103 Loading class java/text/MessageFormat$Field done
Event: 26.104 Loading class java/text/FieldPosition$Delegate
Event: 26.104 Loading class java/text/FieldPosition$Delegate done
Event: 27.105 Loading class java/nio/ByteBufferAsCharBufferB
Event: 27.105 Loading class java/nio/ByteBufferAsCharBufferB done
Event: 27.105 Loading class java/nio/ByteBufferAsIntBufferB
Event: 27.105 Loading class java/nio/ByteBufferAsIntBufferB done
Event: 27.197 Loading class java/lang/invoke/BoundMethodHandle$Species_LLLLLLLLLL
Event: 27.197 Loading class java/lang/invoke/BoundMethodHandle$Species_LLLLLLLLLL done

Classes unloaded (197 events):
Event: 12.199 Thread 0x000001ac38880e00 Unloading class 0x00000000804d5400 'java/lang/invoke/LambdaForm$MH+0x00000000804d5400'
Event: 12.199 Thread 0x000001ac38880e00 Unloading class 0x00000000804d5800 'java/lang/invoke/LambdaForm$MH+0x00000000804d5800'
Event: 12.199 Thread 0x000001ac38880e00 Unloading class 0x00000000804d5000 'java/lang/invoke/LambdaForm$MH+0x00000000804d5000'
Event: 12.199 Thread 0x000001ac38880e00 Unloading class 0x00000000804d4800 'java/lang/invoke/LambdaForm$MH+0x00000000804d4800'
Event: 12.199 Thread 0x000001ac38880e00 Unloading class 0x00000000804d4000 'java/lang/invoke/LambdaForm$MH+0x00000000804d4000'
Event: 12.199 Thread 0x000001ac38880e00 Unloading class 0x00000000804d4400 'java/lang/invoke/LambdaForm$MH+0x00000000804d4400'
Event: 12.199 Thread 0x000001ac38880e00 Unloading class 0x00000000804d3800 'java/lang/invoke/LambdaForm$MH+0x00000000804d3800'
Event: 12.199 Thread 0x000001ac38880e00 Unloading class 0x00000000804d3c00 'java/lang/invoke/LambdaForm$MH+0x00000000804d3c00'
Event: 12.199 Thread 0x000001ac38880e00 Unloading class 0x00000000804d3000 'java/lang/invoke/LambdaForm$MH+0x00000000804d3000'
Event: 12.199 Thread 0x000001ac38880e00 Unloading class 0x00000000804d2c00 'java/lang/invoke/LambdaForm$MH+0x00000000804d2c00'
Event: 12.199 Thread 0x000001ac38880e00 Unloading class 0x00000000804d2800 'java/lang/invoke/LambdaForm$MH+0x00000000804d2800'
Event: 12.199 Thread 0x000001ac38880e00 Unloading class 0x00000000804d3400 'java/lang/invoke/LambdaForm$MH+0x00000000804d3400'
Event: 12.199 Thread 0x000001ac38880e00 Unloading class 0x00000000804d2400 'java/lang/invoke/LambdaForm$MH+0x00000000804d2400'
Event: 12.199 Thread 0x000001ac38880e00 Unloading class 0x00000000804d2000 'java/lang/invoke/LambdaForm$MH+0x00000000804d2000'
Event: 12.199 Thread 0x000001ac38880e00 Unloading class 0x00000000804d1800 'java/lang/invoke/LambdaForm$DMH+0x00000000804d1800'
Event: 12.199 Thread 0x000001ac38880e00 Unloading class 0x00000000804d1400 'java/lang/invoke/LambdaForm$DMH+0x00000000804d1400'
Event: 12.199 Thread 0x000001ac38880e00 Unloading class 0x00000000804d0c00 'java/lang/invoke/LambdaForm$DMH+0x00000000804d0c00'
Event: 12.199 Thread 0x000001ac38880e00 Unloading class 0x00000000804d1000 'java/lang/invoke/LambdaForm$DMH+0x00000000804d1000'
Event: 12.199 Thread 0x000001ac38880e00 Unloading class 0x00000000804d0400 'java/lang/invoke/LambdaForm$DMH+0x00000000804d0400'
Event: 12.199 Thread 0x000001ac38880e00 Unloading class 0x00000000804d0800 'java/lang/invoke/LambdaForm$DMH+0x00000000804d0800'
Event: 12.199 Thread 0x000001ac38880e00 Unloading class 0x00000000804d0000 'java/lang/invoke/LambdaForm$DMH+0x00000000804d0000'
Event: 12.199 Thread 0x000001ac38880e00 Unloading class 0x00000000804cfc00 'java/lang/invoke/LambdaForm$DMH+0x00000000804cfc00'
Event: 12.199 Thread 0x000001ac38880e00 Unloading class 0x00000000804cf800 'java/lang/invoke/LambdaForm$DMH+0x00000000804cf800'
Event: 12.199 Thread 0x000001ac38880e00 Unloading class 0x00000000804cf400 'java/lang/invoke/LambdaForm$DMH+0x00000000804cf400'
Event: 12.199 Thread 0x000001ac38880e00 Unloading class 0x00000000804cf000 'java/lang/invoke/LambdaForm$DMH+0x00000000804cf000'
Event: 12.199 Thread 0x000001ac38880e00 Unloading class 0x00000000804ce800 'java/lang/invoke/LambdaForm$DMH+0x00000000804ce800'
Event: 12.199 Thread 0x000001ac38880e00 Unloading class 0x00000000804cec00 'java/lang/invoke/LambdaForm$DMH+0x00000000804cec00'
Event: 12.199 Thread 0x000001ac38880e00 Unloading class 0x00000000804ce400 'java/lang/invoke/LambdaForm$DMH+0x00000000804ce400'
Event: 12.199 Thread 0x000001ac38880e00 Unloading class 0x00000000804cd000 'java/lang/invoke/LambdaForm$MH+0x00000000804cd000'
Event: 12.199 Thread 0x000001ac38880e00 Unloading class 0x00000000804ccc00 'java/lang/invoke/LambdaForm$MH+0x00000000804ccc00'
Event: 12.199 Thread 0x000001ac38880e00 Unloading class 0x00000000804cd400 'java/lang/invoke/LambdaForm$MH+0x00000000804cd400'
Event: 12.199 Thread 0x000001ac38880e00 Unloading class 0x00000000804cd800 'java/lang/invoke/LambdaForm$MH+0x00000000804cd800'
Event: 12.199 Thread 0x000001ac38880e00 Unloading class 0x00000000804cc800 'java/lang/invoke/LambdaForm$MH+0x00000000804cc800'
Event: 12.199 Thread 0x000001ac38880e00 Unloading class 0x00000000804cc400 'java/lang/invoke/LambdaForm$MH+0x00000000804cc400'
Event: 12.199 Thread 0x000001ac38880e00 Unloading class 0x00000000804cc000 'java/lang/invoke/LambdaForm$MH+0x00000000804cc000'
Event: 12.199 Thread 0x000001ac38880e00 Unloading class 0x00000000804cbc00 'java/lang/invoke/LambdaForm$MH+0x00000000804cbc00'
Event: 12.199 Thread 0x000001ac38880e00 Unloading class 0x00000000804cb800 'java/lang/invoke/LambdaForm$MH+0x00000000804cb800'
Event: 12.199 Thread 0x000001ac38880e00 Unloading class 0x00000000804cb400 'java/lang/invoke/LambdaForm$MH+0x00000000804cb400'
Event: 12.199 Thread 0x000001ac38880e00 Unloading class 0x00000000804cac00 'java/lang/invoke/LambdaForm$MH+0x00000000804cac00'
Event: 12.199 Thread 0x000001ac38880e00 Unloading class 0x00000000804cb000 'java/lang/invoke/LambdaForm$MH+0x00000000804cb000'
Event: 12.199 Thread 0x000001ac38880e00 Unloading class 0x00000000804ca800 'java/lang/invoke/LambdaForm$MH+0x00000000804ca800'
Event: 12.199 Thread 0x000001ac38880e00 Unloading class 0x00000000804ca400 'java/lang/invoke/LambdaForm$MH+0x00000000804ca400'
Event: 12.199 Thread 0x000001ac38880e00 Unloading class 0x00000000804c9c00 'java/lang/invoke/LambdaForm$MH+0x00000000804c9c00'
Event: 12.199 Thread 0x000001ac38880e00 Unloading class 0x00000000804c9800 'java/lang/invoke/LambdaForm$MH+0x00000000804c9800'
Event: 12.199 Thread 0x000001ac38880e00 Unloading class 0x00000000804c9000 'java/lang/invoke/LambdaForm$MH+0x00000000804c9000'
Event: 12.199 Thread 0x000001ac38880e00 Unloading class 0x00000000804c9400 'java/lang/invoke/LambdaForm$MH+0x00000000804c9400'
Event: 12.199 Thread 0x000001ac38880e00 Unloading class 0x00000000804c8800 'java/lang/invoke/LambdaForm$MH+0x00000000804c8800'
Event: 12.199 Thread 0x000001ac38880e00 Unloading class 0x00000000804c8c00 'java/lang/invoke/LambdaForm$MH+0x00000000804c8c00'
Event: 12.199 Thread 0x000001ac38880e00 Unloading class 0x00000000804c8400 'java/lang/invoke/LambdaForm$MH+0x00000000804c8400'
Event: 12.199 Thread 0x000001ac38880e00 Unloading class 0x00000000804c8000 'java/lang/invoke/LambdaForm$MH+0x00000000804c8000'
Event: 12.199 Thread 0x000001ac38880e00 Unloading class 0x00000000804c7400 'java/lang/invoke/LambdaForm$MH+0x00000000804c7400'
Event: 12.199 Thread 0x000001ac38880e00 Unloading class 0x00000000804c7c00 'java/lang/invoke/LambdaForm$MH+0x00000000804c7c00'
Event: 12.199 Thread 0x000001ac38880e00 Unloading class 0x00000000804c7800 'java/lang/invoke/LambdaForm$MH+0x00000000804c7800'
Event: 12.199 Thread 0x000001ac38880e00 Unloading class 0x00000000804c7000 'java/lang/invoke/LambdaForm$MH+0x00000000804c7000'
Event: 12.199 Thread 0x000001ac38880e00 Unloading class 0x00000000804c6c00 'java/lang/invoke/LambdaForm$MH+0x00000000804c6c00'
Event: 12.199 Thread 0x000001ac38880e00 Unloading class 0x00000000804c6800 'java/lang/invoke/LambdaForm$MH+0x00000000804c6800'
Event: 12.199 Thread 0x000001ac38880e00 Unloading class 0x00000000804c6000 'java/lang/invoke/LambdaForm$MH+0x00000000804c6000'
Event: 12.199 Thread 0x000001ac38880e00 Unloading class 0x00000000804c5c00 'java/lang/invoke/LambdaForm$MH+0x00000000804c5c00'
Event: 12.199 Thread 0x000001ac38880e00 Unloading class 0x00000000804c5800 'java/lang/invoke/LambdaForm$MH+0x00000000804c5800'
Event: 12.199 Thread 0x000001ac38880e00 Unloading class 0x00000000804c5400 'java/lang/invoke/LambdaForm$MH+0x00000000804c5400'
Event: 12.199 Thread 0x000001ac38880e00 Unloading class 0x00000000804c5000 'java/lang/invoke/LambdaForm$MH+0x00000000804c5000'
Event: 12.199 Thread 0x000001ac38880e00 Unloading class 0x00000000804c4c00 'java/lang/invoke/LambdaForm$MH+0x00000000804c4c00'
Event: 12.199 Thread 0x000001ac38880e00 Unloading class 0x00000000804c4800 'java/lang/invoke/LambdaForm$MH+0x00000000804c4800'
Event: 12.199 Thread 0x000001ac38880e00 Unloading class 0x00000000804c4400 'java/lang/invoke/LambdaForm$MH+0x00000000804c4400'
Event: 12.199 Thread 0x000001ac38880e00 Unloading class 0x00000000804c4000 'java/lang/invoke/LambdaForm$MH+0x00000000804c4000'
Event: 12.199 Thread 0x000001ac38880e00 Unloading class 0x00000000804c3c00 'java/lang/invoke/LambdaForm$MH+0x00000000804c3c00'
Event: 12.199 Thread 0x000001ac38880e00 Unloading class 0x00000000804c3800 'java/lang/invoke/LambdaForm$MH+0x00000000804c3800'
Event: 12.199 Thread 0x000001ac38880e00 Unloading class 0x00000000804c3400 'java/lang/invoke/LambdaForm$MH+0x00000000804c3400'
Event: 12.199 Thread 0x000001ac38880e00 Unloading class 0x00000000804c3000 'java/lang/invoke/LambdaForm$MH+0x00000000804c3000'
Event: 12.199 Thread 0x000001ac38880e00 Unloading class 0x00000000804c2c00 'java/lang/invoke/LambdaForm$MH+0x00000000804c2c00'
Event: 12.199 Thread 0x000001ac38880e00 Unloading class 0x00000000804c2000 'java/lang/invoke/LambdaForm$MH+0x00000000804c2000'
Event: 12.199 Thread 0x000001ac38880e00 Unloading class 0x00000000804c2400 'java/lang/invoke/LambdaForm$MH+0x00000000804c2400'
Event: 12.199 Thread 0x000001ac38880e00 Unloading class 0x00000000804c1c00 'java/lang/invoke/LambdaForm$MH+0x00000000804c1c00'
Event: 12.199 Thread 0x000001ac38880e00 Unloading class 0x00000000804c1400 'java/lang/invoke/LambdaForm$MH+0x00000000804c1400'
Event: 12.199 Thread 0x000001ac38880e00 Unloading class 0x00000000804c1800 'java/lang/invoke/LambdaForm$MH+0x00000000804c1800'
Event: 12.199 Thread 0x000001ac38880e00 Unloading class 0x00000000804c1000 'java/lang/invoke/LambdaForm$MH+0x00000000804c1000'
Event: 12.199 Thread 0x000001ac38880e00 Unloading class 0x00000000804c0800 'java/lang/invoke/LambdaForm$MH+0x00000000804c0800'
Event: 12.199 Thread 0x000001ac38880e00 Unloading class 0x00000000804c0c00 'java/lang/invoke/LambdaForm$MH+0x00000000804c0c00'
Event: 12.199 Thread 0x000001ac38880e00 Unloading class 0x00000000804c0400 'java/lang/invoke/LambdaForm$MH+0x00000000804c0400'
Event: 12.199 Thread 0x000001ac38880e00 Unloading class 0x00000000804c0000 'java/lang/invoke/LambdaForm$MH+0x00000000804c0000'
Event: 12.199 Thread 0x000001ac38880e00 Unloading class 0x00000000804bfc00 'java/lang/invoke/LambdaForm$MH+0x00000000804bfc00'
Event: 12.199 Thread 0x000001ac38880e00 Unloading class 0x00000000804bf800 'java/lang/invoke/LambdaForm$MH+0x00000000804bf800'
Event: 12.199 Thread 0x000001ac38880e00 Unloading class 0x00000000804bf400 'java/lang/invoke/LambdaForm$MH+0x00000000804bf400'
Event: 12.199 Thread 0x000001ac38880e00 Unloading class 0x00000000804bf000 'java/lang/invoke/LambdaForm$MH+0x00000000804bf000'
Event: 12.199 Thread 0x000001ac38880e00 Unloading class 0x00000000804be400 'java/lang/invoke/LambdaForm$MH+0x00000000804be400'
Event: 12.199 Thread 0x000001ac38880e00 Unloading class 0x00000000804be000 'java/lang/invoke/LambdaForm$MH+0x00000000804be000'
Event: 12.199 Thread 0x000001ac38880e00 Unloading class 0x00000000804be800 'java/lang/invoke/LambdaForm$MH+0x00000000804be800'
Event: 12.199 Thread 0x000001ac38880e00 Unloading class 0x00000000804bdc00 'java/lang/invoke/LambdaForm$MH+0x00000000804bdc00'
Event: 12.199 Thread 0x000001ac38880e00 Unloading class 0x00000000804bd800 'java/lang/invoke/LambdaForm$MH+0x00000000804bd800'
Event: 12.199 Thread 0x000001ac38880e00 Unloading class 0x00000000804bd400 'java/lang/invoke/LambdaForm$MH+0x00000000804bd400'
Event: 12.199 Thread 0x000001ac38880e00 Unloading class 0x00000000804bd000 'java/lang/invoke/LambdaForm$MH+0x00000000804bd000'
Event: 12.199 Thread 0x000001ac38880e00 Unloading class 0x00000000804bcc00 'java/lang/invoke/LambdaForm$MH+0x00000000804bcc00'
Event: 12.199 Thread 0x000001ac38880e00 Unloading class 0x00000000804bc800 'java/lang/invoke/LambdaForm$MH+0x00000000804bc800'
Event: 12.199 Thread 0x000001ac38880e00 Unloading class 0x00000000804bc400 'java/lang/invoke/LambdaForm$MH+0x00000000804bc400'
Event: 12.199 Thread 0x000001ac38880e00 Unloading class 0x00000000804bc000 'java/lang/invoke/LambdaForm$MH+0x00000000804bc000'
Event: 12.199 Thread 0x000001ac38880e00 Unloading class 0x00000000804bbc00 'java/lang/invoke/LambdaForm$MH+0x00000000804bbc00'
Event: 12.199 Thread 0x000001ac38880e00 Unloading class 0x00000000804bb400 'java/lang/invoke/LambdaForm$MH+0x00000000804bb400'
Event: 12.199 Thread 0x000001ac38880e00 Unloading class 0x00000000804bb800 'java/lang/invoke/LambdaForm$MH+0x00000000804bb800'
Event: 12.199 Thread 0x000001ac38880e00 Unloading class 0x00000000804bac00 'java/lang/invoke/LambdaForm$MH+0x00000000804bac00'
Event: 12.199 Thread 0x000001ac38880e00 Unloading class 0x00000000804ba000 'java/lang/invoke/LambdaForm$MH+0x00000000804ba000'
Event: 12.199 Thread 0x000001ac38880e00 Unloading class 0x00000000804ba400 'java/lang/invoke/LambdaForm$MH+0x00000000804ba400'
Event: 12.199 Thread 0x000001ac38880e00 Unloading class 0x00000000804b9800 'java/lang/invoke/LambdaForm$MH+0x00000000804b9800'
Event: 12.199 Thread 0x000001ac38880e00 Unloading class 0x00000000804ba800 'java/lang/invoke/LambdaForm$MH+0x00000000804ba800'
Event: 12.199 Thread 0x000001ac38880e00 Unloading class 0x00000000804b9c00 'java/lang/invoke/LambdaForm$MH+0x00000000804b9c00'
Event: 12.199 Thread 0x000001ac38880e00 Unloading class 0x00000000804b9400 'java/lang/invoke/LambdaForm$MH+0x00000000804b9400'
Event: 12.199 Thread 0x000001ac38880e00 Unloading class 0x00000000804b9000 'java/lang/invoke/LambdaForm$MH+0x00000000804b9000'
Event: 12.199 Thread 0x000001ac38880e00 Unloading class 0x00000000804b8c00 'java/lang/invoke/LambdaForm$MH+0x00000000804b8c00'
Event: 12.199 Thread 0x000001ac38880e00 Unloading class 0x00000000804b8800 'java/lang/invoke/LambdaForm$MH+0x00000000804b8800'
Event: 12.199 Thread 0x000001ac38880e00 Unloading class 0x00000000804b8400 'java/lang/invoke/LambdaForm$MH+0x00000000804b8400'
Event: 12.199 Thread 0x000001ac38880e00 Unloading class 0x00000000804b8000 'java/lang/invoke/LambdaForm$MH+0x00000000804b8000'
Event: 12.199 Thread 0x000001ac38880e00 Unloading class 0x00000000804b7c00 'java/lang/invoke/LambdaForm$MH+0x00000000804b7c00'
Event: 12.199 Thread 0x000001ac38880e00 Unloading class 0x00000000804b7400 'java/lang/invoke/LambdaForm$MH+0x00000000804b7400'
Event: 12.199 Thread 0x000001ac38880e00 Unloading class 0x00000000804b7000 'java/lang/invoke/LambdaForm$MH+0x00000000804b7000'
Event: 12.199 Thread 0x000001ac38880e00 Unloading class 0x00000000804b6800 'java/lang/invoke/LambdaForm$MH+0x00000000804b6800'
Event: 12.199 Thread 0x000001ac38880e00 Unloading class 0x00000000804b6c00 'java/lang/invoke/LambdaForm$MH+0x00000000804b6c00'
Event: 12.199 Thread 0x000001ac38880e00 Unloading class 0x00000000804b6400 'java/lang/invoke/LambdaForm$MH+0x00000000804b6400'
Event: 12.199 Thread 0x000001ac38880e00 Unloading class 0x00000000804b6000 'java/lang/invoke/LambdaForm$MH+0x00000000804b6000'
Event: 12.199 Thread 0x000001ac38880e00 Unloading class 0x00000000804b5400 'java/lang/invoke/LambdaForm$MH+0x00000000804b5400'
Event: 12.199 Thread 0x000001ac38880e00 Unloading class 0x00000000804b5c00 'java/lang/invoke/LambdaForm$MH+0x00000000804b5c00'
Event: 12.199 Thread 0x000001ac38880e00 Unloading class 0x00000000804b5800 'java/lang/invoke/LambdaForm$MH+0x00000000804b5800'
Event: 12.199 Thread 0x000001ac38880e00 Unloading class 0x00000000804b5000 'java/lang/invoke/LambdaForm$MH+0x00000000804b5000'
Event: 12.199 Thread 0x000001ac38880e00 Unloading class 0x00000000804b4c00 'java/lang/invoke/LambdaForm$MH+0x00000000804b4c00'
Event: 12.199 Thread 0x000001ac38880e00 Unloading class 0x00000000804b4800 'java/lang/invoke/LambdaForm$MH+0x00000000804b4800'
Event: 12.199 Thread 0x000001ac38880e00 Unloading class 0x00000000804b4400 'java/lang/invoke/LambdaForm$MH+0x00000000804b4400'
Event: 12.199 Thread 0x000001ac38880e00 Unloading class 0x00000000804b4000 'java/lang/invoke/LambdaForm$MH+0x00000000804b4000'
Event: 12.199 Thread 0x000001ac38880e00 Unloading class 0x00000000804b3400 'java/lang/invoke/LambdaForm$MH+0x00000000804b3400'
Event: 12.199 Thread 0x000001ac38880e00 Unloading class 0x00000000804b3000 'java/lang/invoke/LambdaForm$MH+0x00000000804b3000'
Event: 12.199 Thread 0x000001ac38880e00 Unloading class 0x00000000804b3800 'java/lang/invoke/LambdaForm$MH+0x00000000804b3800'
Event: 12.199 Thread 0x000001ac38880e00 Unloading class 0x00000000804b2800 'java/lang/invoke/LambdaForm$MH+0x00000000804b2800'
Event: 12.199 Thread 0x000001ac38880e00 Unloading class 0x00000000804b2c00 'java/lang/invoke/LambdaForm$MH+0x00000000804b2c00'
Event: 12.199 Thread 0x000001ac38880e00 Unloading class 0x00000000804b2400 'java/lang/invoke/LambdaForm$MH+0x00000000804b2400'
Event: 12.199 Thread 0x000001ac38880e00 Unloading class 0x00000000804b2000 'java/lang/invoke/LambdaForm$MH+0x00000000804b2000'
Event: 12.199 Thread 0x000001ac38880e00 Unloading class 0x00000000804b1c00 'java/lang/invoke/LambdaForm$MH+0x00000000804b1c00'
Event: 12.199 Thread 0x000001ac38880e00 Unloading class 0x00000000804b1800 'java/lang/invoke/LambdaForm$MH+0x00000000804b1800'
Event: 12.199 Thread 0x000001ac38880e00 Unloading class 0x00000000804b1400 'java/lang/invoke/LambdaForm$MH+0x00000000804b1400'
Event: 12.199 Thread 0x000001ac38880e00 Unloading class 0x00000000804b1000 'java/lang/invoke/LambdaForm$MH+0x00000000804b1000'
Event: 12.199 Thread 0x000001ac38880e00 Unloading class 0x00000000804b0c00 'java/lang/invoke/LambdaForm$MH+0x00000000804b0c00'
Event: 12.199 Thread 0x000001ac38880e00 Unloading class 0x00000000804b0800 'java/lang/invoke/LambdaForm$MH+0x00000000804b0800'
Event: 12.199 Thread 0x000001ac38880e00 Unloading class 0x00000000804b0000 'java/lang/invoke/LambdaForm$MH+0x00000000804b0000'
Event: 12.199 Thread 0x000001ac38880e00 Unloading class 0x00000000804afc00 'java/lang/invoke/LambdaForm$MH+0x00000000804afc00'
Event: 12.199 Thread 0x000001ac38880e00 Unloading class 0x00000000804af800 'java/lang/invoke/LambdaForm$MH+0x00000000804af800'
Event: 12.199 Thread 0x000001ac38880e00 Unloading class 0x00000000804af400 'java/lang/invoke/LambdaForm$MH+0x00000000804af400'
Event: 12.199 Thread 0x000001ac38880e00 Unloading class 0x00000000804af000 'java/lang/invoke/LambdaForm$MH+0x00000000804af000'
Event: 12.199 Thread 0x000001ac38880e00 Unloading class 0x00000000804aec00 'java/lang/invoke/LambdaForm$MH+0x00000000804aec00'
Event: 12.199 Thread 0x000001ac38880e00 Unloading class 0x00000000804ae800 'java/lang/invoke/LambdaForm$MH+0x00000000804ae800'
Event: 12.199 Thread 0x000001ac38880e00 Unloading class 0x00000000804ae400 'java/lang/invoke/LambdaForm$MH+0x00000000804ae400'
Event: 12.199 Thread 0x000001ac38880e00 Unloading class 0x00000000804ae000 'java/lang/invoke/LambdaForm$MH+0x00000000804ae000'
Event: 12.199 Thread 0x000001ac38880e00 Unloading class 0x00000000804ad400 'java/lang/invoke/LambdaForm$MH+0x00000000804ad400'
Event: 12.199 Thread 0x000001ac38880e00 Unloading class 0x00000000804ad000 'java/lang/invoke/LambdaForm$MH+0x00000000804ad000'
Event: 12.199 Thread 0x000001ac38880e00 Unloading class 0x00000000804ac800 'java/lang/invoke/LambdaForm$MH+0x00000000804ac800'
Event: 12.199 Thread 0x000001ac38880e00 Unloading class 0x00000000804ac000 'java/lang/invoke/LambdaForm$MH+0x00000000804ac000'
Event: 12.199 Thread 0x000001ac38880e00 Unloading class 0x00000000804abc00 'java/lang/invoke/LambdaForm$MH+0x00000000804abc00'
Event: 12.199 Thread 0x000001ac38880e00 Unloading class 0x00000000804ac400 'java/lang/invoke/LambdaForm$MH+0x00000000804ac400'
Event: 12.199 Thread 0x000001ac38880e00 Unloading class 0x00000000804ab800 'java/lang/invoke/LambdaForm$MH+0x00000000804ab800'
Event: 12.199 Thread 0x000001ac38880e00 Unloading class 0x00000000804ab400 'java/lang/invoke/LambdaForm$MH+0x00000000804ab400'
Event: 12.199 Thread 0x000001ac38880e00 Unloading class 0x00000000804ab000 'java/lang/invoke/LambdaForm$MH+0x00000000804ab000'
Event: 12.199 Thread 0x000001ac38880e00 Unloading class 0x00000000804aac00 'java/lang/invoke/LambdaForm$MH+0x00000000804aac00'
Event: 12.199 Thread 0x000001ac38880e00 Unloading class 0x00000000804aa800 'java/lang/invoke/LambdaForm$MH+0x00000000804aa800'
Event: 12.199 Thread 0x000001ac38880e00 Unloading class 0x00000000804aa400 'java/lang/invoke/LambdaForm$MH+0x00000000804aa400'
Event: 12.199 Thread 0x000001ac38880e00 Unloading class 0x00000000804aa000 'java/lang/invoke/LambdaForm$MH+0x00000000804aa000'
Event: 12.199 Thread 0x000001ac38880e00 Unloading class 0x00000000804a9c00 'java/lang/invoke/LambdaForm$MH+0x00000000804a9c00'
Event: 12.199 Thread 0x000001ac38880e00 Unloading class 0x00000000804a9000 'java/lang/invoke/LambdaForm$MH+0x00000000804a9000'
Event: 12.199 Thread 0x000001ac38880e00 Unloading class 0x00000000804a9400 'java/lang/invoke/LambdaForm$MH+0x00000000804a9400'
Event: 12.199 Thread 0x000001ac38880e00 Unloading class 0x00000000804a8c00 'java/lang/invoke/LambdaForm$MH+0x00000000804a8c00'
Event: 12.199 Thread 0x000001ac38880e00 Unloading class 0x00000000804a8000 'java/lang/invoke/LambdaForm$MH+0x00000000804a8000'
Event: 12.199 Thread 0x000001ac38880e00 Unloading class 0x00000000804a8400 'java/lang/invoke/LambdaForm$MH+0x00000000804a8400'
Event: 12.199 Thread 0x000001ac38880e00 Unloading class 0x00000000804a7800 'java/lang/invoke/LambdaForm$MH+0x00000000804a7800'
Event: 12.199 Thread 0x000001ac38880e00 Unloading class 0x00000000804a7c00 'java/lang/invoke/LambdaForm$MH+0x00000000804a7c00'
Event: 12.199 Thread 0x000001ac38880e00 Unloading class 0x00000000804a7400 'java/lang/invoke/LambdaForm$MH+0x00000000804a7400'
Event: 12.199 Thread 0x000001ac38880e00 Unloading class 0x00000000804a8800 'java/lang/invoke/LambdaForm$MH+0x00000000804a8800'
Event: 12.199 Thread 0x000001ac38880e00 Unloading class 0x00000000804a7000 'java/lang/invoke/LambdaForm$MH+0x00000000804a7000'
Event: 12.199 Thread 0x000001ac38880e00 Unloading class 0x00000000804a6c00 'java/lang/invoke/LambdaForm$MH+0x00000000804a6c00'
Event: 12.199 Thread 0x000001ac38880e00 Unloading class 0x00000000804a6800 'java/lang/invoke/LambdaForm$MH+0x00000000804a6800'
Event: 12.199 Thread 0x000001ac38880e00 Unloading class 0x00000000804a6400 'java/lang/invoke/LambdaForm$MH+0x00000000804a6400'
Event: 12.199 Thread 0x000001ac38880e00 Unloading class 0x00000000804a5800 'java/lang/invoke/LambdaForm$MH+0x00000000804a5800'
Event: 12.199 Thread 0x000001ac38880e00 Unloading class 0x00000000804a5c00 'java/lang/invoke/LambdaForm$MH+0x00000000804a5c00'
Event: 12.199 Thread 0x000001ac38880e00 Unloading class 0x00000000804a5400 'java/lang/invoke/LambdaForm$MH+0x00000000804a5400'
Event: 12.199 Thread 0x000001ac38880e00 Unloading class 0x00000000804a5000 'java/lang/invoke/LambdaForm$MH+0x00000000804a5000'
Event: 12.199 Thread 0x000001ac38880e00 Unloading class 0x00000000804a4c00 'java/lang/invoke/LambdaForm$MH+0x00000000804a4c00'
Event: 12.199 Thread 0x000001ac38880e00 Unloading class 0x00000000804a4800 'java/lang/invoke/LambdaForm$MH+0x00000000804a4800'
Event: 12.199 Thread 0x000001ac38880e00 Unloading class 0x00000000804a4400 'java/lang/invoke/LambdaForm$MH+0x00000000804a4400'
Event: 12.199 Thread 0x000001ac38880e00 Unloading class 0x00000000804a4000 'java/lang/invoke/LambdaForm$MH+0x00000000804a4000'
Event: 12.199 Thread 0x000001ac38880e00 Unloading class 0x00000000804a3c00 'java/lang/invoke/LambdaForm$MH+0x00000000804a3c00'
Event: 12.199 Thread 0x000001ac38880e00 Unloading class 0x00000000804a3400 'java/lang/invoke/LambdaForm$MH+0x00000000804a3400'
Event: 12.199 Thread 0x000001ac38880e00 Unloading class 0x00000000804a3800 'java/lang/invoke/LambdaForm$MH+0x00000000804a3800'
Event: 12.199 Thread 0x000001ac38880e00 Unloading class 0x00000000804a3000 'java/lang/invoke/LambdaForm$MH+0x00000000804a3000'
Event: 12.199 Thread 0x000001ac38880e00 Unloading class 0x00000000804a2800 'java/lang/invoke/LambdaForm$MH+0x00000000804a2800'
Event: 12.199 Thread 0x000001ac38880e00 Unloading class 0x00000000804a2c00 'java/lang/invoke/LambdaForm$MH+0x00000000804a2c00'
Event: 12.199 Thread 0x000001ac38880e00 Unloading class 0x00000000804a2400 'java/lang/invoke/LambdaForm$MH+0x00000000804a2400'
Event: 12.199 Thread 0x000001ac38880e00 Unloading class 0x00000000804a2000 'java/lang/invoke/LambdaForm$MH+0x00000000804a2000'
Event: 12.199 Thread 0x000001ac38880e00 Unloading class 0x00000000804a1800 'java/lang/invoke/LambdaForm$MH+0x00000000804a1800'
Event: 12.199 Thread 0x000001ac38880e00 Unloading class 0x00000000804a1c00 'java/lang/invoke/LambdaForm$MH+0x00000000804a1c00'
Event: 12.199 Thread 0x000001ac38880e00 Unloading class 0x00000000804a1400 'java/lang/invoke/LambdaForm$MH+0x00000000804a1400'
Event: 12.199 Thread 0x000001ac38880e00 Unloading class 0x00000000804a1000 'java/lang/invoke/LambdaForm$MH+0x00000000804a1000'
Event: 12.200 Thread 0x000001ac38880e00 Unloading class 0x00000000804a0c00 'java/lang/invoke/LambdaForm$MH+0x00000000804a0c00'
Event: 12.200 Thread 0x000001ac38880e00 Unloading class 0x00000000804a0800 'java/lang/invoke/LambdaForm$MH+0x00000000804a0800'
Event: 12.200 Thread 0x000001ac38880e00 Unloading class 0x00000000804a0400 'java/lang/invoke/LambdaForm$MH+0x00000000804a0400'

Classes redefined (0 events):
No events

Internal exceptions (250 events):
Event: 16.389 Thread 0x000001ac3904f3a0 Exception <a 'java/lang/NoSuchMethodError'{0x00000401974c5020}: 'double java.lang.invoke.DirectMethodHandle$Holder.invokeStatic(java.lang.Object, java.lang.Object, java.lang.Object)'> (0x00000401974c5020) 
thrown [s\src\hotspot\share\interpreter\linkResolver.cpp, line 773]
Event: 16.389 Thread 0x000001ac3904f3a0 Exception <a 'java/lang/NoSuchMethodError'{0x00000401974c9950}: 'double java.lang.invoke.DirectMethodHandle$Holder.invokeStaticInit(java.lang.Object, java.lang.Object, java.lang.Object)'> (0x00000401974c9950) 
thrown [s\src\hotspot\share\interpreter\linkResolver.cpp, line 773]
Event: 16.393 Thread 0x000001ac3904f3a0 Implicit null exception at 0x000001ac448eb6be to 0x000001ac448ec43c
Event: 16.395 Thread 0x000001ac3904f3a0 Exception <a 'java/lang/NoSuchMethodError'{0x00000401975fdc50}: 'int java.lang.invoke.DirectMethodHandle$Holder.invokeStaticInit(java.lang.Object, double, int)'> (0x00000401975fdc50) 
thrown [s\src\hotspot\share\interpreter\linkResolver.cpp, line 773]
Event: 16.396 Thread 0x000001ac3904f3a0 Exception <a 'java/lang/NoSuchMethodError'{0x0000040197603f68}: 'int java.lang.invoke.DirectMethodHandle$Holder.invokeStatic(java.lang.Object, long, int)'> (0x0000040197603f68) 
thrown [s\src\hotspot\share\interpreter\linkResolver.cpp, line 773]
Event: 16.396 Thread 0x000001ac3904f3a0 Exception <a 'java/lang/NoSuchMethodError'{0x0000040197608990}: 'int java.lang.invoke.DirectMethodHandle$Holder.invokeStaticInit(java.lang.Object, long, int)'> (0x0000040197608990) 
thrown [s\src\hotspot\share\interpreter\linkResolver.cpp, line 773]
Event: 16.396 Thread 0x000001ac3904f3a0 Exception <a 'java/lang/NoSuchMethodError'{0x0000040197616238}: 'int java.lang.invoke.DelegatingMethodHandle$Holder.reinvoke_L(java.lang.Object, double, int)'> (0x0000040197616238) 
thrown [s\src\hotspot\share\interpreter\linkResolver.cpp, line 773]
Event: 16.396 Thread 0x000001ac3904f3a0 Exception <a 'java/lang/NoSuchMethodError'{0x0000040197624200}: 'double java.lang.invoke.DirectMethodHandle$Holder.invokeSpecial(java.lang.Object, java.lang.Object, int)'> (0x0000040197624200) 
thrown [s\src\hotspot\share\interpreter\linkResolver.cpp, line 773]
Event: 16.396 Thread 0x000001ac3904f3a0 Exception <a 'java/lang/NoSuchMethodError'{0x00000401976352f0}: 'double java.lang.invoke.DirectMethodHandle$Holder.invokeStaticInit(java.lang.Object, long, int)'> (0x00000401976352f0) 
thrown [s\src\hotspot\share\interpreter\linkResolver.cpp, line 773]
Event: 16.397 Thread 0x000001ac3904f3a0 Exception <a 'java/lang/NoSuchMethodError'{0x0000040197652058}: 'java.lang.Object java.lang.invoke.DirectMethodHandle$Holder.invokeStatic(java.lang.Object, java.lang.Object, java.lang.Object, java.lang.Object, int, java.lang.Object, java.lang.Object)'> (0x0000040197652058) 
thrown [s\src\hotspot\share\interpreter\linkResolver.cpp, line 773]
Event: 16.397 Thread 0x000001ac3904f3a0 Implicit null exception at 0x000001ac44a1009b to 0x000001ac44a103f0
Event: 16.397 Thread 0x000001ac3904f3a0 Exception <a 'java/lang/NoSuchMethodError'{0x000004019766dee0}: 'int java.lang.invoke.Invokers$Holder.exactInvoker(java.lang.Object, java.lang.Object)'> (0x000004019766dee0) 
thrown [s\src\hotspot\share\interpreter\linkResolver.cpp, line 773]
Event: 16.398 Thread 0x000001ac3904f3a0 Exception <a 'java/lang/NoSuchMethodError'{0x0000040197694b58}: 'java.lang.Object java.lang.invoke.DirectMethodHandle$Holder.invokeStaticInit(java.lang.Object, int, java.lang.Object, int)'> (0x0000040197694b58) 
thrown [s\src\hotspot\share\interpreter\linkResolver.cpp, line 773]
Event: 16.398 Thread 0x000001ac3904f3a0 Exception <a 'java/lang/NoSuchMethodError'{0x000004019769e528}: 'java.lang.Object java.lang.invoke.DirectMethodHandle$Holder.invokeStaticInit(java.lang.Object, int, java.lang.Object, long)'> (0x000004019769e528) 
thrown [s\src\hotspot\share\interpreter\linkResolver.cpp, line 773]
Event: 16.398 Thread 0x000001ac3904f3a0 Exception <a 'java/lang/NoSuchMethodError'{0x00000401976a7a08}: 'java.lang.Object java.lang.invoke.DirectMethodHandle$Holder.invokeStaticInit(java.lang.Object, int, java.lang.Object, double)'> (0x00000401976a7a08) 
thrown [s\src\hotspot\share\interpreter\linkResolver.cpp, line 773]
Event: 16.399 Thread 0x000001ac3904f3a0 Exception <a 'java/lang/NoSuchMethodError'{0x00000401976acd88}: 'java.lang.Object java.lang.invoke.DelegatingMethodHandle$Holder.reinvoke_L(java.lang.Object, int, java.lang.Object)'> (0x00000401976acd88) 
thrown [s\src\hotspot\share\interpreter\linkResolver.cpp, line 773]
Event: 16.399 Thread 0x000001ac3904f3a0 Exception <a 'java/lang/NoSuchMethodError'{0x00000401976c2650}: 'java.lang.Object java.lang.invoke.DelegatingMethodHandle$Holder.reinvoke_L(java.lang.Object, int, java.lang.Object, int)'> (0x00000401976c2650) 
thrown [s\src\hotspot\share\interpreter\linkResolver.cpp, line 773]
Event: 16.399 Thread 0x000001ac3904f3a0 Exception <a 'java/lang/NoSuchMethodError'{0x00000401976dce30}: 'java.lang.Object java.lang.invoke.DelegatingMethodHandle$Holder.reinvoke_L(java.lang.Object, int, java.lang.Object, long)'> (0x00000401976dce30) 
thrown [s\src\hotspot\share\interpreter\linkResolver.cpp, line 773]
Event: 16.399 Thread 0x000001ac3904f3a0 Exception <a 'java/lang/NoSuchMethodError'{0x00000401976f6cf8}: 'java.lang.Object java.lang.invoke.DelegatingMethodHandle$Holder.reinvoke_L(java.lang.Object, int, java.lang.Object, double)'> (0x00000401976f6cf8) 
thrown [s\src\hotspot\share\interpreter\linkResolver.cpp, line 773]
Event: 16.402 Thread 0x000001ac3904f3a0 Exception <a 'java/lang/NoSuchMethodError'{0x0000040197775c18}: 'java.lang.Object java.lang.invoke.DirectMethodHandle$Holder.invokeStaticInit(java.lang.Object, java.lang.Object, double)'> (0x0000040197775c18) 
thrown [s\src\hotspot\share\interpreter\linkResolver.cpp, line 773]
Event: 16.402 Thread 0x000001ac3904f3a0 Exception <a 'java/lang/NoSuchMethodError'{0x0000040197796480}: 'double java.lang.invoke.DirectMethodHandle$Holder.invokeStaticInit(java.lang.Object, java.lang.Object, double)'> (0x0000040197796480) 
thrown [s\src\hotspot\share\interpreter\linkResolver.cpp, line 773]
Event: 16.405 Thread 0x000001ac3904f3a0 Exception <a 'java/lang/NoSuchMethodError'{0x000004019784bc20}: 'java.lang.Object java.lang.invoke.DirectMethodHandle$Holder.invokeStatic(java.lang.Object, java.lang.Object, int, int, int)'> (0x000004019784bc20) 
thrown [s\src\hotspot\share\interpreter\linkResolver.cpp, line 773]
Event: 16.405 Thread 0x000001ac3904f3a0 Exception <a 'java/lang/NoSuchMethodError'{0x0000040197850830}: 'java.lang.Object java.lang.invoke.DirectMethodHandle$Holder.invokeStaticInit(java.lang.Object, java.lang.Object, int, int, int)'> (0x0000040197850830) 
thrown [s\src\hotspot\share\interpreter\linkResolver.cpp, line 773]
Event: 16.406 Thread 0x000001ac3904f3a0 Exception <a 'java/lang/NoSuchMethodError'{0x000004019787a2d0}: 'int java.lang.invoke.DirectMethodHandle$Holder.invokeStatic(java.lang.Object, java.lang.Object, double)'> (0x000004019787a2d0) 
thrown [s\src\hotspot\share\interpreter\linkResolver.cpp, line 773]
Event: 16.406 Thread 0x000001ac3904f3a0 Exception <a 'java/lang/NoSuchMethodError'{0x000004019787eb68}: 'int java.lang.invoke.DirectMethodHandle$Holder.invokeStaticInit(java.lang.Object, java.lang.Object, double)'> (0x000004019787eb68) 
thrown [s\src\hotspot\share\interpreter\linkResolver.cpp, line 773]
Event: 16.406 Thread 0x000001ac3904f3a0 Exception <a 'java/lang/NoSuchMethodError'{0x0000040197888cc0}: 'int java.lang.invoke.DirectMethodHandle$Holder.invokeStaticInit(java.lang.Object, java.lang.Object, java.lang.Object, double)'> (0x0000040197888cc0) 
thrown [s\src\hotspot\share\interpreter\linkResolver.cpp, line 773]
Event: 16.406 Thread 0x000001ac3904f3a0 Exception <a 'java/lang/NoSuchMethodError'{0x000004019788d950}: 'int java.lang.invoke.DirectMethodHandle$Holder.invokeStaticInit(java.lang.Object, java.lang.Object, java.lang.Object, int)'> (0x000004019788d950) 
thrown [s\src\hotspot\share\interpreter\linkResolver.cpp, line 773]
Event: 16.407 Thread 0x000001ac3904f3a0 Exception <a 'java/lang/NoSuchMethodError'{0x00000401978946c0}: 'java.lang.Object java.lang.invoke.DirectMethodHandle$Holder.invokeStatic(java.lang.Object, java.lang.Object, double, double)'> (0x00000401978946c0) 
thrown [s\src\hotspot\share\interpreter\linkResolver.cpp, line 773]
Event: 16.407 Thread 0x000001ac3904f3a0 Exception <a 'java/lang/NoSuchMethodError'{0x0000040197899258}: 'java.lang.Object java.lang.invoke.DirectMethodHandle$Holder.invokeStaticInit(java.lang.Object, java.lang.Object, double, double)'> (0x0000040197899258) 
thrown [s\src\hotspot\share\interpreter\linkResolver.cpp, line 773]
Event: 16.408 Thread 0x000001ac3904f3a0 Exception <a 'java/lang/NoSuchMethodError'{0x00000401978d4a58}: 'long java.lang.invoke.DirectMethodHandle$Holder.invokeStatic(java.lang.Object, java.lang.Object, long)'> (0x00000401978d4a58) 
thrown [s\src\hotspot\share\interpreter\linkResolver.cpp, line 773]
Event: 16.408 Thread 0x000001ac3904f3a0 Exception <a 'java/lang/NoSuchMethodError'{0x00000401978d95f0}: 'long java.lang.invoke.DirectMethodHandle$Holder.invokeStaticInit(java.lang.Object, java.lang.Object, long)'> (0x00000401978d95f0) 
thrown [s\src\hotspot\share\interpreter\linkResolver.cpp, line 773]
Event: 16.408 Thread 0x000001ac3904f3a0 Exception <a 'java/lang/NoSuchMethodError'{0x00000401978e4060}: 'double java.lang.invoke.DirectMethodHandle$Holder.invokeStaticInit(java.lang.Object, java.lang.Object, double, double)'> (0x00000401978e4060) 
thrown [s\src\hotspot\share\interpreter\linkResolver.cpp, line 773]
Event: 16.408 Thread 0x000001ac3904f3a0 Exception <a 'java/lang/NoSuchMethodError'{0x00000401978eb9c0}: 'int java.lang.invoke.DirectMethodHandle$Holder.invokeStatic(java.lang.Object, java.lang.Object, int, int)'> (0x00000401978eb9c0) 
thrown [s\src\hotspot\share\interpreter\linkResolver.cpp, line 773]
Event: 16.408 Thread 0x000001ac3904f3a0 Exception <a 'java/lang/NoSuchMethodError'{0x00000401978f02f0}: 'int java.lang.invoke.DirectMethodHandle$Holder.invokeStaticInit(java.lang.Object, java.lang.Object, int, int)'> (0x00000401978f02f0) 
thrown [s\src\hotspot\share\interpreter\linkResolver.cpp, line 773]
Event: 16.409 Thread 0x000001ac3904f3a0 Exception <a 'java/lang/NoSuchMethodError'{0x00000401978f4ee8}: 'long java.lang.invoke.DirectMethodHandle$Holder.invokeStatic(java.lang.Object, java.lang.Object, long, long)'> (0x00000401978f4ee8) 
thrown [s\src\hotspot\share\interpreter\linkResolver.cpp, line 773]
Event: 16.409 Thread 0x000001ac3904f3a0 Exception <a 'java/lang/NoSuchMethodError'{0x00000401978f9b30}: 'long java.lang.invoke.DirectMethodHandle$Holder.invokeStaticInit(java.lang.Object, java.lang.Object, long, long)'> (0x00000401978f9b30) 
thrown [s\src\hotspot\share\interpreter\linkResolver.cpp, line 773]
Event: 16.409 Thread 0x000001ac3904f3a0 Exception <a 'java/lang/NoSuchMethodError'{0x0000040197920c90}: 'java.lang.Object java.lang.invoke.DirectMethodHandle$Holder.invokeStatic(java.lang.Object, java.lang.Object, java.lang.Object, java.lang.Object, java.lang.Object, int, java.lang.Object, java.lang.Object)'> (0x0000040197920c90) 
thrown [s\src\hotspot\share\interpreter\linkResolver.cpp, line 773]
Event: 16.412 Thread 0x000001ac3904f3a0 Exception <a 'java/lang/NoSuchMethodError'{0x00000401979a0c20}: 'void java.lang.invoke.DirectMethodHandle$Holder.invokeSpecial(java.lang.Object, java.lang.Object, int, java.lang.Object)'> (0x00000401979a0c20) 
thrown [s\src\hotspot\share\interpreter\linkResolver.cpp, line 773]
Event: 16.413 Thread 0x000001ac3904f3a0 Exception <a 'java/lang/NoSuchMethodError'{0x00000401979e35d0}: 'java.lang.Object java.lang.invoke.DirectMethodHandle$Holder.invokeSpecial(java.lang.Object, java.lang.Object, java.lang.Object, int, java.lang.Object, java.lang.Object, java.lang.Object)'> (0x00000401979e35d0) 
thrown [s\src\hotspot\share\interpreter\linkResolver.cpp, line 773]
Event: 16.413 Thread 0x000001ac3904f3a0 Exception <a 'java/lang/NoSuchMethodError'{0x00000401979e80c0}: 'java.lang.Object java.lang.invoke.Invokers$Holder.linkToTargetMethod(java.lang.Object, int, java.lang.Object, java.lang.Object, java.lang.Object, java.lang.Object)'> (0x00000401979e80c0) 
thrown [s\src\hotspot\share\interpreter\linkResolver.cpp, line 773]
Event: 16.470 Thread 0x000001ac3904f3a0 Exception <a 'java/lang/NoSuchMethodError'{0x0000040199a36670}: 'java.lang.Object java.lang.invoke.DirectMethodHandle$Holder.invokeStatic(java.lang.Object, float, float, float)'> (0x0000040199a36670) 
thrown [s\src\hotspot\share\interpreter\linkResolver.cpp, line 773]
Event: 16.470 Thread 0x000001ac3904f3a0 Exception <a 'java/lang/NoSuchMethodError'{0x0000040199a3aac0}: 'java.lang.Object java.lang.invoke.DirectMethodHandle$Holder.invokeStaticInit(java.lang.Object, float, float, float)'> (0x0000040199a3aac0) 
thrown [s\src\hotspot\share\interpreter\linkResolver.cpp, line 773]
Event: 16.471 Thread 0x000001ac3904f3a0 Exception <a 'java/lang/NoSuchMethodError'{0x0000040199a48ee8}: 'java.lang.Object java.lang.invoke.DirectMethodHandle$Holder.invokeStatic(java.lang.Object, double, double, double)'> (0x0000040199a48ee8) 
thrown [s\src\hotspot\share\interpreter\linkResolver.cpp, line 773]
Event: 16.471 Thread 0x000001ac3904f3a0 Exception <a 'java/lang/NoSuchMethodError'{0x0000040199a4d340}: 'java.lang.Object java.lang.invoke.DirectMethodHandle$Holder.invokeStaticInit(java.lang.Object, double, double, double)'> (0x0000040199a4d340) 
thrown [s\src\hotspot\share\interpreter\linkResolver.cpp, line 773]
Event: 16.471 Thread 0x000001ac3904f3a0 Exception <a 'java/lang/NoSuchMethodError'{0x0000040199a89c70}: 'java.lang.Object java.lang.invoke.DirectMethodHandle$Holder.invokeStaticInit(java.lang.Object, java.lang.Object, float, java.lang.Object, int, int, float)'> (0x0000040199a89c70) 
thrown [s\src\hotspot\share\interpreter\linkResolver.cpp, line 773]
Event: 16.475 Thread 0x000001ac3904f3a0 Exception <a 'java/lang/IncompatibleClassChangeError'{0x0000040199b17bf8}: Found class java.lang.Object, but interface was expected> (0x0000040199b17bf8) 
thrown [s\src\hotspot\share\interpreter\linkResolver.cpp, line 840]
Event: 16.475 Thread 0x000001ac3904f3a0 Exception <a 'java/lang/IncompatibleClassChangeError'{0x0000040199b1af78}: Found class java.lang.Object, but interface was expected> (0x0000040199b1af78) 
thrown [s\src\hotspot\share\interpreter\linkResolver.cpp, line 840]
Event: 16.482 Thread 0x000001ac3904f3a0 Exception <a 'java/lang/NoSuchMethodError'{0x0000040199e84dd8}: 'void java.lang.invoke.DirectMethodHandle$Holder.invokeStatic(java.lang.Object, int, int, java.lang.Object)'> (0x0000040199e84dd8) 
thrown [s\src\hotspot\share\interpreter\linkResolver.cpp, line 773]
Event: 16.502 Thread 0x000001b0b45155c0 Exception <a 'sun/nio/fs/WindowsException'{0x0000040093eb25c0}> (0x0000040093eb25c0) 
thrown [s\src\hotspot\share\prims\jni.cpp, line 520]
Event: 16.505 Thread 0x000001ac3904f3a0 Exception <a 'java/lang/UnsatisfiedLinkError'{0x000004019a5af268}: The specified procedure could not be found.
> (0x000004019a5af268) 
thrown [s\src\hotspot\share\prims\jni.cpp, line 539]
Event: 16.516 Thread 0x000001ac3904f3a0 Implicit null exception at 0x000001ac454a06d4 to 0x000001ac454a0f48
Event: 16.728 Thread 0x000001ac3904f3a0 Exception <a 'java/lang/NoSuchMethodError'{0x00000401a8ce9078}: 'void java.lang.invoke.DirectMethodHandle$Holder.invokeStaticInit(java.lang.Object, java.lang.Object, java.lang.Object, java.lang.Object, int, int)'> (0x00000401a8ce9078) 
thrown [s\src\hotspot\share\interpreter\linkResolver.cpp, line 773]
Event: 16.740 Thread 0x000001ac3904f3a0 Exception <a 'java/lang/IncompatibleClassChangeError'{0x00000401a9512f88}: Found class java.lang.Object, but interface was expected> (0x00000401a9512f88) 
thrown [s\src\hotspot\share\interpreter\linkResolver.cpp, line 840]
Event: 16.740 Thread 0x000001ac3904f3a0 Exception <a 'java/lang/IncompatibleClassChangeError'{0x00000401a9516140}: Found class java.lang.Object, but interface was expected> (0x00000401a9516140) 
thrown [s\src\hotspot\share\interpreter\linkResolver.cpp, line 840]
Event: 16.744 Thread 0x000001ac3904f3a0 Exception <a 'java/lang/IncompatibleClassChangeError'{0x00000401a9686858}: Found class java.lang.Object, but interface was expected> (0x00000401a9686858) 
thrown [s\src\hotspot\share\interpreter\linkResolver.cpp, line 840]
Event: 16.745 Thread 0x000001ac3904f3a0 Exception <a 'java/lang/IncompatibleClassChangeError'{0x00000401a96969a0}: Found class java.lang.Object, but interface was expected> (0x00000401a96969a0) 
thrown [s\src\hotspot\share\interpreter\linkResolver.cpp, line 840]
Event: 16.760 Thread 0x000001b0b45155c0 Exception <a 'java/lang/NoSuchMethodError'{0x0000040093ee8c78}: 'java.lang.Object java.lang.invoke.DirectMethodHandle$Holder.newInvokeSpecial(java.lang.Object, java.lang.Object, java.lang.Object, java.lang.Object, int, java.lang.Object)'> (0x0000040093ee8c78) 
thrown [s\src\hotspot\share\interpreter\linkResolver.cpp, line 773]
Event: 16.760 Thread 0x000001b0b4516970 Exception <a 'java/lang/NoSuchMethodError'{0x000004012d2c51f8}: 'java.lang.Object java.lang.invoke.DirectMethodHandle$Holder.newInvokeSpecial(java.lang.Object, java.lang.Object, java.lang.Object, java.lang.Object, int, java.lang.Object)'> (0x000004012d2c51f8) 
thrown [s\src\hotspot\share\interpreter\linkResolver.cpp, line 773]
Event: 16.760 Thread 0x000001b0b45155c0 Exception <a 'java/lang/NoSuchMethodError'{0x0000040093eedc18}: 'java.lang.Object java.lang.invoke.DirectMethodHandle$Holder.invokeSpecial(java.lang.Object, java.lang.Object, java.lang.Object, java.lang.Object, java.lang.Object, int, java.lang.Object)'> (0x0000040093eedc18) 
thrown [s\src\hotspot\share\interpreter\linkResolver.cpp, line 773]
Event: 16.760 Thread 0x000001b0b45155c0 Exception <a 'java/lang/NoSuchMethodError'{0x0000040093ef2078}: 'java.lang.Object java.lang.invoke.Invokers$Holder.linkToTargetMethod(java.lang.Object, java.lang.Object, java.lang.Object, int, java.lang.Object, java.lang.Object)'> (0x0000040093ef2078) 
thrown [s\src\hotspot\share\interpreter\linkResolver.cpp, line 773]
Event: 16.760 Thread 0x000001b0b4516970 Exception <a 'java/lang/NoSuchMethodError'{0x000004012d2c9dc8}: 'java.lang.Object java.lang.invoke.DirectMethodHandle$Holder.invokeSpecial(java.lang.Object, java.lang.Object, java.lang.Object, java.lang.Object, java.lang.Object, int, java.lang.Object)'> (0x000004012d2c9dc8) 
thrown [s\src\hotspot\share\interpreter\linkResolver.cpp, line 773]
Event: 16.760 Thread 0x000001b0b4516970 Exception <a 'java/lang/NoSuchMethodError'{0x000004012d2ce1b8}: 'java.lang.Object java.lang.invoke.Invokers$Holder.linkToTargetMethod(java.lang.Object, java.lang.Object, java.lang.Object, int, java.lang.Object, java.lang.Object)'> (0x000004012d2ce1b8) 
thrown [s\src\hotspot\share\interpreter\linkResolver.cpp, line 773]
Event: 16.762 Thread 0x000001b0adbd8e00 Exception <a 'java/lang/IllegalArgumentException'{0x00000401aa685410}: Wrong type at constant pool index> (0x00000401aa685410) 
thrown [s\src\hotspot\share\prims\jvm.cpp, line 2168]
Event: 16.762 Thread 0x000001b0adbd8e00 Exception <a 'java/lang/IllegalArgumentException'{0x00000401aa685ed0}: Wrong type at constant pool index> (0x00000401aa685ed0) 
thrown [s\src\hotspot\share\prims\jvm.cpp, line 2168]
Event: 16.762 Thread 0x000001b0adbd8e00 Exception <a 'java/lang/IllegalArgumentException'{0x00000401aa68a2b8}: Wrong type at constant pool index> (0x00000401aa68a2b8) 
thrown [s\src\hotspot\share\prims\jvm.cpp, line 2168]
Event: 16.762 Thread 0x000001b0adbd8e00 Exception <a 'java/lang/IllegalArgumentException'{0x00000401aa68ad78}: Wrong type at constant pool index> (0x00000401aa68ad78) 
thrown [s\src\hotspot\share\prims\jvm.cpp, line 2168]
Event: 16.763 Thread 0x000001b0adbd8e00 Exception <a 'java/lang/IllegalArgumentException'{0x00000401aa68f460}: Wrong type at constant pool index> (0x00000401aa68f460) 
thrown [s\src\hotspot\share\prims\jvm.cpp, line 2168]
Event: 16.763 Thread 0x000001b0adbd8e00 Exception <a 'java/lang/IllegalArgumentException'{0x00000401aa68ff20}: Wrong type at constant pool index> (0x00000401aa68ff20) 
thrown [s\src\hotspot\share\prims\jvm.cpp, line 2168]
Event: 16.764 Thread 0x000001b0adbd8e00 Exception <a 'java/lang/IllegalArgumentException'{0x00000401aa6a4c48}: Wrong type at constant pool index> (0x00000401aa6a4c48) 
thrown [s\src\hotspot\share\prims\jvm.cpp, line 2168]
Event: 16.764 Thread 0x000001b0adbd8e00 Exception <a 'java/lang/IllegalArgumentException'{0x00000401aa6a5708}: Wrong type at constant pool index> (0x00000401aa6a5708) 
thrown [s\src\hotspot\share\prims\jvm.cpp, line 2168]
Event: 16.764 Thread 0x000001b0adbd8e00 Exception <a 'java/lang/IllegalArgumentException'{0x00000401aa6a9c00}: Wrong type at constant pool index> (0x00000401aa6a9c00) 
thrown [s\src\hotspot\share\prims\jvm.cpp, line 2168]
Event: 16.764 Thread 0x000001b0adbd8e00 Exception <a 'java/lang/IllegalArgumentException'{0x00000401aa6aa6c0}: Wrong type at constant pool index> (0x00000401aa6aa6c0) 
thrown [s\src\hotspot\share\prims\jvm.cpp, line 2168]
Event: 16.765 Thread 0x000001b0adbd8e00 Exception <a 'java/lang/IllegalArgumentException'{0x00000401aa6b09d0}: Wrong type at constant pool index> (0x00000401aa6b09d0) 
thrown [s\src\hotspot\share\prims\jvm.cpp, line 2168]
Event: 16.765 Thread 0x000001b0adbd8e00 Exception <a 'java/lang/IllegalArgumentException'{0x00000401aa6b1490}: Wrong type at constant pool index> (0x00000401aa6b1490) 
thrown [s\src\hotspot\share\prims\jvm.cpp, line 2168]
Event: 16.777 Thread 0x000001b0adbd2b90 Exception <a 'sun/nio/fs/WindowsException'{0x00000401aa7746c8}> (0x00000401aa7746c8) 
thrown [s\src\hotspot\share\prims\jni.cpp, line 520]
Event: 16.778 Thread 0x000001b0a7f5a180 Exception <a 'java/lang/NoSuchMethodError'{0x00000401ab7d4540}: 'java.lang.Object java.lang.invoke.DirectMethodHandle$Holder.invokeSpecialIFC(java.lang.Object, java.lang.Object, java.lang.Object, java.lang.Object, java.lang.Object, java.lang.Object, java.lang.Object, java.lang.Object, java.lang.Object, java.lang.Object)'> (0x00000401ab7d4540) 
thrown [s\src\hotspot\share\interpreter\linkResolver.cpp, line 773]
Event: 16.795 Thread 0x000001b0b45155c0 Exception <a 'java/lang/NoSuchMethodError'{0x00000401633d7c98}: 'float java.lang.invoke.DirectMethodHandle$Holder.invokeInterface(java.lang.Object, java.lang.Object)'> (0x00000401633d7c98) 
thrown [s\src\hotspot\share\interpreter\linkResolver.cpp, line 773]
Event: 16.799 Thread 0x000001b0adbd2b90 Exception <a 'java/lang/NoSuchMethodError'{0x00000401ab9129a0}: 'java.lang.Object java.lang.invoke.DirectMethodHandle$Holder.invokeSpecial(java.lang.Object, java.lang.Object, int, int, int)'> (0x00000401ab9129a0) 
thrown [s\src\hotspot\share\interpreter\linkResolver.cpp, line 773]
Event: 16.811 Thread 0x000001b0adbd7a50 Implicit null exception at 0x000001ac455e96ca to 0x000001ac455e9770
Event: 16.817 Thread 0x000001b0adbd2b90 Exception <a 'java/lang/NoSuchMethodError'{0x00000401b2615eb8}: 'java.lang.Object java.lang.invoke.DirectMethodHandle$Holder.newInvokeSpecial(java.lang.Object, java.lang.Object, int, int, java.lang.Object)'> (0x00000401b2615eb8) 
thrown [s\src\hotspot\share\interpreter\linkResolver.cpp, line 773]
Event: 16.817 Thread 0x000001b0adbd8770 Exception <a 'java/lang/IllegalArgumentException'{0x00000401b00bca10}: Wrong type at constant pool index> (0x00000401b00bca10) 
thrown [s\src\hotspot\share\prims\jvm.cpp, line 2168]
Event: 16.817 Thread 0x000001b0adbd8770 Exception <a 'java/lang/IllegalArgumentException'{0x00000401b00bd188}: Wrong type at constant pool index> (0x00000401b00bd188) 
thrown [s\src\hotspot\share\prims\jvm.cpp, line 2168]
Event: 16.821 Thread 0x000001b0adbd52f0 Exception <a 'sun/nio/fs/WindowsException'{0x00000401b2ac0430}> (0x00000401b2ac0430) 
thrown [s\src\hotspot\share\prims\jni.cpp, line 520]
Event: 16.822 Thread 0x000001b0adbd8770 Exception <a 'java/lang/IllegalArgumentException'{0x00000401b013db98}: Wrong type at constant pool index> (0x00000401b013db98) 
thrown [s\src\hotspot\share\prims\jvm.cpp, line 2168]
Event: 16.822 Thread 0x000001b0adbd8770 Exception <a 'java/lang/IllegalArgumentException'{0x00000401b013e658}: Wrong type at constant pool index> (0x00000401b013e658) 
thrown [s\src\hotspot\share\prims\jvm.cpp, line 2168]
Event: 16.825 Thread 0x000001b0adbd8770 Exception <a 'java/lang/NoSuchMethodError'{0x00000401b018c958}: 'java.lang.Object java.lang.invoke.DirectMethodHandle$Holder.invokeSpecial(java.lang.Object, java.lang.Object, java.lang.Object, int, int, int)'> (0x00000401b018c958) 
thrown [s\src\hotspot\share\interpreter\linkResolver.cpp, line 773]
Event: 16.825 Thread 0x000001b0adbd8770 Exception <a 'java/lang/NoSuchMethodError'{0x00000401b0190b70}: 'java.lang.Object java.lang.invoke.Invokers$Holder.linkToTargetMethod(java.lang.Object, int, int, int, java.lang.Object)'> (0x00000401b0190b70) 
thrown [s\src\hotspot\share\interpreter\linkResolver.cpp, line 773]
Event: 16.828 Thread 0x000001ac3904f3a0 Exception <a 'java/lang/NoSuchMethodError'{0x00000401b30d2350}: 'java.lang.Object java.lang.invoke.DirectMethodHandle$Holder.invokeStatic(java.lang.Object, java.lang.Object, int, java.lang.Object, java.lang.Object)'> (0x00000401b30d2350) 
thrown [s\src\hotspot\share\interpreter\linkResolver.cpp, line 773]
Event: 16.860 Thread 0x000001b0adbd38b0 Exception <a 'java/lang/IllegalArgumentException'{0x00000401b70235d8}: Wrong type at constant pool index> (0x00000401b70235d8) 
thrown [s\src\hotspot\share\prims\jvm.cpp, line 2168]
Event: 16.860 Thread 0x000001b0adbd38b0 Exception <a 'java/lang/IllegalArgumentException'{0x00000401b7023d50}: Wrong type at constant pool index> (0x00000401b7023d50) 
thrown [s\src\hotspot\share\prims\jvm.cpp, line 2168]
Event: 16.889 Thread 0x000001b0b45155c0 Exception <a 'java/lang/NoSuchMethodError'{0x00000401b8ff39b8}: 'java.lang.Object java.lang.invoke.DirectMethodHandle$Holder.invokeSpecial(java.lang.Object, java.lang.Object, java.lang.Object, java.lang.Object, int, int)'> (0x00000401b8ff39b8) 
thrown [s\src\hotspot\share\interpreter\linkResolver.cpp, line 773]
Event: 16.889 Thread 0x000001b0b45155c0 Exception <a 'java/lang/NoSuchMethodError'{0x00000401b8ff7f20}: 'java.lang.Object java.lang.invoke.Invokers$Holder.linkToTargetMethod(java.lang.Object, java.lang.Object, int, int, java.lang.Object)'> (0x00000401b8ff7f20) 
thrown [s\src\hotspot\share\interpreter\linkResolver.cpp, line 773]
Event: 16.890 Thread 0x000001b0b45155c0 Exception <a 'java/lang/NoSuchMethodError'{0x00000401bc400398}: 'void java.lang.invoke.DirectMethodHandle$Holder.invokeStatic(java.lang.Object, int, java.lang.Object)'> (0x00000401bc400398) 
thrown [s\src\hotspot\share\interpreter\linkResolver.cpp, line 773]
Event: 16.968 Thread 0x000001b0a1301990 Exception <a 'java/lang/NoSuchMethodError'{0x00000401c61dbfd8}: 'java.lang.Object java.lang.invoke.DirectMethodHandle$Holder.invokeSpecialIFC(java.lang.Object, java.lang.Object, java.lang.Object, java.lang.Object, java.lang.Object, java.lang.Object, java.lang.Object, java.lang.Object, java.lang.Object)'> (0x00000401c61dbfd8) 
thrown [s\src\hotspot\share\interpreter\linkResolver.cpp, line 773]
Event: 16.981 Thread 0x000001ac3904f3a0 Exception <a 'java/lang/NoSuchMethodError'{0x00000401c63a5ee8}: 'void java.lang.invoke.DirectMethodHandle$Holder.invokeStatic(java.lang.Object, java.lang.Object, java.lang.Object, int, java.lang.Object, java.lang.Object)'> (0x00000401c63a5ee8) 
thrown [s\src\hotspot\share\interpreter\linkResolver.cpp, line 773]
Event: 17.021 Thread 0x000001ac3904f3a0 Exception <a 'java/lang/NoSuchMethodError'{0x00000401d2ec2c70}: 'void java.lang.invoke.DirectMethodHandle$Holder.invokeStaticInit(java.lang.Object, java.lang.Object, int, int, float)'> (0x00000401d2ec2c70) 
thrown [s\src\hotspot\share\interpreter\linkResolver.cpp, line 773]
Event: 17.417 Thread 0x000001ac3904f3a0 Exception <a 'java/lang/NoSuchMethodError'{0x000004028c5930f8}: 'java.lang.Object java.lang.invoke.DirectMethodHandle$Holder.invokeStatic(java.lang.Object, java.lang.Object, int, java.lang.Object, java.lang.Object, java.lang.Object)'> (0x000004028c5930f8) 
thrown [s\src\hotspot\share\interpreter\linkResolver.cpp, line 773]
Event: 17.420 Thread 0x000001ac3904f3a0 Exception <a 'java/lang/NoSuchMethodError'{0x000004028c5f25c0}: 'java.lang.Object java.lang.invoke.Invokers$Holder.linkToTargetMethod(java.lang.Object, java.lang.Object, java.lang.Object, int, int, int, java.lang.Object)'> (0x000004028c5f25c0) 
thrown [s\src\hotspot\share\interpreter\linkResolver.cpp, line 773]
Event: 17.421 Thread 0x000001ac3904f3a0 Exception <a 'java/lang/NoSuchMethodError'{0x0000040291a2e828}: 'java.lang.Object java.lang.invoke.DirectMethodHandle$Holder.newInvokeSpecial(java.lang.Object, java.lang.Object, java.lang.Object, java.lang.Object, java.lang.Object, float)'> (0x0000040291a2e828) 
thrown [s\src\hotspot\share\interpreter\linkResolver.cpp, line 773]
Event: 17.421 Thread 0x000001ac3904f3a0 Exception <a 'java/lang/NoSuchMethodError'{0x0000040291a33f80}: 'java.lang.Object java.lang.invoke.DirectMethodHandle$Holder.invokeSpecial(java.lang.Object, java.lang.Object, java.lang.Object, java.lang.Object, java.lang.Object, java.lang.Object, float)'> (0x0000040291a33f80) 
thrown [s\src\hotspot\share\interpreter\linkResolver.cpp, line 773]
Event: 17.432 Thread 0x000001ac3904f3a0 Exception <a 'java/lang/NoSuchMethodError'{0x0000040291bd45f8}: 'java.lang.Object java.lang.invoke.DirectMethodHandle$Holder.newInvokeSpecial(java.lang.Object, java.lang.Object, java.lang.Object, java.lang.Object, java.lang.Object, int, int, int)'> (0x0000040291bd45f8) 
thrown [s\src\hotspot\share\interpreter\linkResolver.cpp, line 773]
Event: 17.432 Thread 0x000001ac3904f3a0 Exception <a 'java/lang/NoSuchMethodError'{0x0000040291bddf58}: 'java.lang.Object java.lang.invoke.Invokers$Holder.linkToTargetMethod(java.lang.Object, java.lang.Object, java.lang.Object, java.lang.Object, int, int, int, java.lang.Object)'> (0x0000040291bddf58) 
thrown [s\src\hotspot\share\interpreter\linkResolver.cpp, line 773]
Event: 17.441 Thread 0x000001ac3904f3a0 Exception <a 'java/lang/NoSuchMethodError'{0x000004029660b2f0}: 'java.lang.Object java.lang.invoke.DirectMethodHandle$Holder.invokeSpecial(java.lang.Object, java.lang.Object, java.lang.Object, java.lang.Object, java.lang.Object, java.lang.Object, int)'> (0x000004029660b2f0) 
thrown [s\src\hotspot\share\interpreter\linkResolver.cpp, line 773]
Event: 17.441 Thread 0x000001ac3904f3a0 Exception <a 'java/lang/NoSuchMethodError'{0x000004029660f750}: 'java.lang.Object java.lang.invoke.Invokers$Holder.linkToTargetMethod(java.lang.Object, java.lang.Object, java.lang.Object, java.lang.Object, int, java.lang.Object)'> (0x000004029660f750) 
thrown [s\src\hotspot\share\interpreter\linkResolver.cpp, line 773]
Event: 17.468 Thread 0x000001b0adbd8770 Exception <a 'java/lang/NoSuchMethodError'{0x0000040297900f68}: 'int java.lang.invoke.DirectMethodHandle$Holder.invokeVirtual(java.lang.Object, java.lang.Object, java.lang.Object, java.lang.Object)'> (0x0000040297900f68) 
thrown [s\src\hotspot\share\interpreter\linkResolver.cpp, line 773]
Event: 17.875 Thread 0x000001b0adbd8770 Implicit null exception at 0x000001ac459ffac1 to 0x000001ac45a03704
Event: 18.063 Thread 0x000001ac3904f3a0 Exception <a 'java/lang/NoSuchMethodError'{0x00000402c4c76608}: 'java.lang.Object java.lang.invoke.DirectMethodHandle$Holder.invokeStatic(java.lang.Object, float, float, float, float)'> (0x00000402c4c76608) 
thrown [s\src\hotspot\share\interpreter\linkResolver.cpp, line 773]
Event: 18.063 Thread 0x000001ac3904f3a0 Exception <a 'java/lang/NoSuchMethodError'{0x00000402c4c7aa68}: 'java.lang.Object java.lang.invoke.DirectMethodHandle$Holder.invokeStaticInit(java.lang.Object, float, float, float, float)'> (0x00000402c4c7aa68) 
thrown [s\src\hotspot\share\interpreter\linkResolver.cpp, line 773]
Event: 18.063 Thread 0x000001ac3904f3a0 Exception <a 'java/lang/NoSuchMethodError'{0x00000402c4c822b8}: 'java.lang.Object java.lang.invoke.DirectMethodHandle$Holder.invokeSpecial(java.lang.Object, java.lang.Object, float, float, float)'> (0x00000402c4c822b8) 
thrown [s\src\hotspot\share\interpreter\linkResolver.cpp, line 773]
Event: 18.064 Thread 0x000001ac3904f3a0 Exception <a 'java/lang/NoSuchMethodError'{0x00000402c4c8fda0}: 'java.lang.Object java.lang.invoke.DirectMethodHandle$Holder.invokeStatic(java.lang.Object, float, float, float, float, float)'> (0x00000402c4c8fda0) 
thrown [s\src\hotspot\share\interpreter\linkResolver.cpp, line 773]
Event: 18.064 Thread 0x000001ac3904f3a0 Exception <a 'java/lang/NoSuchMethodError'{0x00000402c4c942a8}: 'java.lang.Object java.lang.invoke.DirectMethodHandle$Holder.invokeStaticInit(java.lang.Object, float, float, float, float, float)'> (0x00000402c4c942a8) 
thrown [s\src\hotspot\share\interpreter\linkResolver.cpp, line 773]
Event: 18.077 Thread 0x000001ac3904f3a0 Exception <a 'java/lang/NoSuchMethodError'{0x00000402c4eaf890}: 'java.lang.Object java.lang.invoke.DirectMethodHandle$Holder.invokeSpecial(java.lang.Object, java.lang.Object, java.lang.Object, java.lang.Object, java.lang.Object, java.lang.Object, int, int, int, java.lang.Object, java.lang.Object)'> (0x00000402c4eaf890) 
thrown [s\src\hotspot\share\interpreter\linkResolver.cpp, line 773]
Event: 18.077 Thread 0x000001ac3904f3a0 Exception <a 'java/lang/NoSuchMethodError'{0x00000402c4eb44a0}: 'java.lang.Object java.lang.invoke.Invokers$Holder.linkToTargetMethod(java.lang.Object, java.lang.Object, java.lang.Object, java.lang.Object, int, int, int, java.lang.Object, java.lang.Object, java.lang.Object)'> (0x00000402c4eb44a0) 
thrown [s\src\hotspot\share\interpreter\linkResolver.cpp, line 773]
Event: 18.083 Thread 0x000001ac3904f3a0 Exception <a 'java/lang/NoSuchMethodError'{0x00000402c4fa5568}: 'void java.lang.invoke.DirectMethodHandle$Holder.invokeStatic(java.lang.Object, java.lang.Object, java.lang.Object, java.lang.Object, java.lang.Object, java.lang.Object, java.lang.Object, java.lang.Object)'> (0x00000402c4fa5568) 
thrown [s\src\hotspot\share\interpreter\linkResolver.cpp, line 773]
Event: 18.090 Thread 0x000001ac3904f3a0 Exception <a 'java/lang/NoSuchMethodError'{0x00000402c50ce688}: 'java.lang.Object java.lang.invoke.DirectMethodHandle$Holder.invokeSpecial(java.lang.Object, java.lang.Object, java.lang.Object, java.lang.Object, float, java.lang.Object)'> (0x00000402c50ce688) 
thrown [s\src\hotspot\share\interpreter\linkResolver.cpp, line 773]
Event: 18.091 Thread 0x000001ac3904f3a0 Exception <a 'java/lang/NoSuchMethodError'{0x00000402c511b540}: 'java.lang.Object java.lang.invoke.DirectMethodHandle$Holder.newInvokeSpecial(java.lang.Object, java.lang.Object, java.lang.Object, java.lang.Object, java.lang.Object, java.lang.Object, java.lang.Object, float)'> (0x00000402c511b540) 
thrown [s\src\hotspot\share\interpreter\linkResolver.cpp, line 773]
Event: 18.091 Thread 0x000001ac3904f3a0 Exception <a 'java/lang/NoSuchMethodError'{0x00000402c51211a8}: 'java.lang.Object java.lang.invoke.DirectMethodHandle$Holder.invokeSpecial(java.lang.Object, java.lang.Object, java.lang.Object, java.lang.Object, java.lang.Object, java.lang.Object, java.lang.Object, java.lang.Object, float)'> (0x00000402c51211a8) 
thrown [s\src\hotspot\share\interpreter\linkResolver.cpp, line 773]
Event: 18.092 Thread 0x000001ac3904f3a0 Exception <a 'java/lang/NoSuchMethodError'{0x00000402c513eb28}: 'java.lang.Object java.lang.invoke.DirectMethodHandle$Holder.invokeStatic(java.lang.Object, java.lang.Object, java.lang.Object, float, java.lang.Object, java.lang.Object)'> (0x00000402c513eb28) 
thrown [s\src\hotspot\share\interpreter\linkResolver.cpp, line 773]
Event: 18.092 Thread 0x000001ac3904f3a0 Exception <a 'java/lang/NoSuchMethodError'{0x00000402c5148488}: 'java.lang.Object java.lang.invoke.DirectMethodHandle$Holder.invokeSpecial(java.lang.Object, java.lang.Object, java.lang.Object, java.lang.Object, float)'> (0x00000402c5148488) 
thrown [s\src\hotspot\share\interpreter\linkResolver.cpp, line 773]
Event: 18.092 Thread 0x000001ac3904f3a0 Exception <a 'java/lang/NoSuchMethodError'{0x00000402c514c8f0}: 'java.lang.Object java.lang.invoke.Invokers$Holder.linkToTargetMethod(java.lang.Object, java.lang.Object, float, java.lang.Object)'> (0x00000402c514c8f0) 
thrown [s\src\hotspot\share\interpreter\linkResolver.cpp, line 773]
Event: 18.112 Thread 0x000001ac3904f3a0 Implicit null exception at 0x000001ac45a7eef4 to 0x000001ac45a7efb0
Event: 18.113 Thread 0x000001ac3904f3a0 Implicit null exception at 0x000001ac45a7f6fa to 0x000001ac45a7f7c0
Event: 18.123 Thread 0x000001ac3904f3a0 Implicit null exception at 0x000001ac457f9258 to 0x000001ac457f92c8
Event: 18.124 Thread 0x000001b0a1303a60 Exception <a 'sun/nio/fs/WindowsException'{0x00000402c5e0df78}> (0x00000402c5e0df78) 
thrown [s\src\hotspot\share\prims\jni.cpp, line 520]
Event: 18.135 Thread 0x000001ac3904f3a0 Exception <a 'java/lang/NoSuchMethodError'{0x00000402c64fd420}: 'void java.lang.invoke.DirectMethodHandle$Holder.invokeVirtual(java.lang.Object, java.lang.Object, java.lang.Object, java.lang.Object, java.lang.Object)'> (0x00000402c64fd420) 
thrown [s\src\hotspot\share\interpreter\linkResolver.cpp, line 773]
Event: 18.136 Thread 0x000001ac3904f3a0 Exception <a 'java/lang/NoSuchMethodError'{0x00000402c6519560}: 'void java.lang.invoke.DirectMethodHandle$Holder.invokeSpecial(java.lang.Object, java.lang.Object, java.lang.Object, float, float)'> (0x00000402c6519560) 
thrown [s\src\hotspot\share\interpreter\linkResolver.cpp, line 773]
Event: 18.137 Thread 0x000001ac3904f3a0 Exception <a 'sun/nio/fs/WindowsException'{0x00000402c6584000}> (0x00000402c6584000) 
thrown [s\src\hotspot\share\prims\jni.cpp, line 520]
Event: 18.137 Thread 0x000001ac3904f3a0 Exception <a 'sun/nio/fs/WindowsException'{0x00000402c65847e8}> (0x00000402c65847e8) 
thrown [s\src\hotspot\share\prims\jni.cpp, line 520]
Event: 18.139 Thread 0x000001ac3904f3a0 Exception <a 'sun/nio/fs/WindowsException'{0x00000402c65b82e0}> (0x00000402c65b82e0) 
thrown [s\src\hotspot\share\prims\jni.cpp, line 520]
Event: 18.139 Thread 0x000001ac3904f3a0 Exception <a 'sun/nio/fs/WindowsException'{0x00000402c65b8ac8}> (0x00000402c65b8ac8) 
thrown [s\src\hotspot\share\prims\jni.cpp, line 520]
Event: 18.149 Thread 0x000001ac3904f3a0 Implicit null exception at 0x000001ac44a04e58 to 0x000001ac44a05660
Event: 18.149 Thread 0x000001ac3904f3a0 Implicit null exception at 0x000001ac4526d26d to 0x000001ac4526d324
Event: 18.149 Thread 0x000001ac3904f3a0 Implicit null exception at 0x000001ac44f5244e to 0x000001ac44f52494
Event: 18.158 Thread 0x000001b0a1301990 Exception <a 'java/lang/IllegalArgumentException'{0x00000402c7a05510}: Wrong type at constant pool index> (0x00000402c7a05510) 
thrown [s\src\hotspot\share\prims\jvm.cpp, line 2168]
Event: 18.158 Thread 0x000001b0a1301990 Exception <a 'java/lang/IllegalArgumentException'{0x00000402c7a05fd0}: Wrong type at constant pool index> (0x00000402c7a05fd0) 
thrown [s\src\hotspot\share\prims\jvm.cpp, line 2168]
Event: 18.158 Thread 0x000001b0a1301990 Exception <a 'java/lang/IllegalArgumentException'{0x00000402c7a0a680}: Wrong type at constant pool index> (0x00000402c7a0a680) 
thrown [s\src\hotspot\share\prims\jvm.cpp, line 2168]
Event: 18.158 Thread 0x000001b0a1301990 Exception <a 'java/lang/IllegalArgumentException'{0x00000402c7a0b140}: Wrong type at constant pool index> (0x00000402c7a0b140) 
thrown [s\src\hotspot\share\prims\jvm.cpp, line 2168]
Event: 18.159 Thread 0x000001b0a1301990 Exception <a 'java/lang/IllegalArgumentException'{0x00000402c7a0f6e8}: Wrong type at constant pool index> (0x00000402c7a0f6e8) 
thrown [s\src\hotspot\share\prims\jvm.cpp, line 2168]
Event: 18.159 Thread 0x000001b0a1301990 Exception <a 'java/lang/IllegalArgumentException'{0x00000402c7a101a8}: Wrong type at constant pool index> (0x00000402c7a101a8) 
thrown [s\src\hotspot\share\prims\jvm.cpp, line 2168]
Event: 18.159 Thread 0x000001b0a1301990 Exception <a 'java/lang/IllegalArgumentException'{0x00000402c7a14a58}: Wrong type at constant pool index> (0x00000402c7a14a58) 
thrown [s\src\hotspot\share\prims\jvm.cpp, line 2168]
Event: 18.159 Thread 0x000001b0a1301990 Exception <a 'java/lang/IllegalArgumentException'{0x00000402c7a15518}: Wrong type at constant pool index> (0x00000402c7a15518) 
thrown [s\src\hotspot\share\prims\jvm.cpp, line 2168]
Event: 18.159 Thread 0x000001b0542e0700 Exception <a 'java/lang/IllegalArgumentException'{0x00000402c7012248}: Wrong type at constant pool index> (0x00000402c7012248) 
thrown [s\src\hotspot\share\prims\jvm.cpp, line 2168]
Event: 18.159 Thread 0x000001b0542e0700 Exception <a 'java/lang/IllegalArgumentException'{0x00000402c70129c0}: Wrong type at constant pool index> (0x00000402c70129c0) 
thrown [s\src\hotspot\share\prims\jvm.cpp, line 2168]
Event: 18.159 Thread 0x000001b0542e0700 Exception <a 'java/lang/IllegalArgumentException'{0x00000402c70165d0}: Wrong type at constant pool index> (0x00000402c70165d0) 
thrown [s\src\hotspot\share\prims\jvm.cpp, line 2168]
Event: 18.159 Thread 0x000001b0542e0700 Exception <a 'java/lang/IllegalArgumentException'{0x00000402c7016d48}: Wrong type at constant pool index> (0x00000402c7016d48) 
thrown [s\src\hotspot\share\prims\jvm.cpp, line 2168]
Event: 18.160 Thread 0x000001b0542e0700 Exception <a 'java/lang/IllegalArgumentException'{0x00000402c701ac18}: Wrong type at constant pool index> (0x00000402c701ac18) 
thrown [s\src\hotspot\share\prims\jvm.cpp, line 2168]
Event: 18.160 Thread 0x000001b0542e0700 Exception <a 'java/lang/IllegalArgumentException'{0x00000402c701b390}: Wrong type at constant pool index> (0x00000402c701b390) 
thrown [s\src\hotspot\share\prims\jvm.cpp, line 2168]
Event: 18.160 Thread 0x000001b0542e0700 Exception <a 'java/lang/IllegalArgumentException'{0x00000402c701f268}: Wrong type at constant pool index> (0x00000402c701f268) 
thrown [s\src\hotspot\share\prims\jvm.cpp, line 2168]
Event: 18.160 Thread 0x000001b0542e0700 Exception <a 'java/lang/IllegalArgumentException'{0x00000402c701f9e0}: Wrong type at constant pool index> (0x00000402c701f9e0) 
thrown [s\src\hotspot\share\prims\jvm.cpp, line 2168]
Event: 18.174 Thread 0x000001b0b4517690 Exception <a 'sun/nio/fs/WindowsException'{0x00000402bf0b5c80}> (0x00000402bf0b5c80) 
thrown [s\src\hotspot\share\prims\jni.cpp, line 520]
Event: 18.176 Thread 0x000001b0a1301990 Exception <a 'java/lang/IllegalArgumentException'{0x00000402c7a703c0}: Wrong type at constant pool index> (0x00000402c7a703c0) 
thrown [s\src\hotspot\share\prims\jvm.cpp, line 2168]
Event: 18.176 Thread 0x000001b0a1301990 Exception <a 'java/lang/IllegalArgumentException'{0x00000402c7a70b38}: Wrong type at constant pool index> (0x00000402c7a70b38) 
thrown [s\src\hotspot\share\prims\jvm.cpp, line 2168]
Event: 18.177 Thread 0x000001b0a1301990 Exception <a 'java/lang/IllegalArgumentException'{0x00000402bf2812f8}: Wrong type at constant pool index> (0x00000402bf2812f8) 
thrown [s\src\hotspot\share\prims\jvm.cpp, line 2168]
Event: 18.177 Thread 0x000001b0a1301990 Exception <a 'java/lang/IllegalArgumentException'{0x00000402bf281a70}: Wrong type at constant pool index> (0x00000402bf281a70) 
thrown [s\src\hotspot\share\prims\jvm.cpp, line 2168]
Event: 18.177 Thread 0x000001b0a1301990 Exception <a 'java/lang/IllegalArgumentException'{0x00000402bf285fa8}: Wrong type at constant pool index> (0x00000402bf285fa8) 
thrown [s\src\hotspot\share\prims\jvm.cpp, line 2168]
Event: 18.177 Thread 0x000001b0a1301990 Exception <a 'java/lang/IllegalArgumentException'{0x00000402bf286720}: Wrong type at constant pool index> (0x00000402bf286720) 
thrown [s\src\hotspot\share\prims\jvm.cpp, line 2168]
Event: 18.177 Thread 0x000001b0a1301990 Exception <a 'java/lang/IllegalArgumentException'{0x00000402bf28a9c8}: Wrong type at constant pool index> (0x00000402bf28a9c8) 
thrown [s\src\hotspot\share\prims\jvm.cpp, line 2168]
Event: 18.177 Thread 0x000001b0a1301990 Exception <a 'java/lang/IllegalArgumentException'{0x00000402bf28b140}: Wrong type at constant pool index> (0x00000402bf28b140) 
thrown [s\src\hotspot\share\prims\jvm.cpp, line 2168]
Event: 18.177 Thread 0x000001b0a1301990 Exception <a 'java/lang/IllegalArgumentException'{0x00000402bf28f088}: Wrong type at constant pool index> (0x00000402bf28f088) 
thrown [s\src\hotspot\share\prims\jvm.cpp, line 2168]
Event: 18.177 Thread 0x000001b0a1301990 Exception <a 'java/lang/IllegalArgumentException'{0x00000402bf28f800}: Wrong type at constant pool index> (0x00000402bf28f800) 
thrown [s\src\hotspot\share\prims\jvm.cpp, line 2168]
Event: 18.177 Thread 0x000001b0a1301990 Exception <a 'java/lang/IllegalArgumentException'{0x00000402bf293b90}: Wrong type at constant pool index> (0x00000402bf293b90) 
thrown [s\src\hotspot\share\prims\jvm.cpp, line 2168]
Event: 18.177 Thread 0x000001b0a1301990 Exception <a 'java/lang/IllegalArgumentException'{0x00000402bf294308}: Wrong type at constant pool index> (0x00000402bf294308) 
thrown [s\src\hotspot\share\prims\jvm.cpp, line 2168]
Event: 18.178 Thread 0x000001b0a1301990 Exception <a 'java/lang/IllegalArgumentException'{0x00000402bf2983c8}: Wrong type at constant pool index> (0x00000402bf2983c8) 
thrown [s\src\hotspot\share\prims\jvm.cpp, line 2168]
Event: 18.178 Thread 0x000001b0a1301990 Exception <a 'java/lang/IllegalArgumentException'{0x00000402bf298b40}: Wrong type at constant pool index> (0x00000402bf298b40) 
thrown [s\src\hotspot\share\prims\jvm.cpp, line 2168]
Event: 18.178 Thread 0x000001b0a1301990 Exception <a 'java/lang/IllegalArgumentException'{0x00000402bf29f0c0}: Wrong type at constant pool index> (0x00000402bf29f0c0) 
thrown [s\src\hotspot\share\prims\jvm.cpp, line 2168]
Event: 18.178 Thread 0x000001b0a1301990 Exception <a 'java/lang/IllegalArgumentException'{0x00000402bf29fb80}: Wrong type at constant pool index> (0x00000402bf29fb80) 
thrown [s\src\hotspot\share\prims\jvm.cpp, line 2168]
Event: 18.180 Thread 0x000001b0a7f5a180 Exception <a 'sun/nio/fs/WindowsException'{0x00000402c5f67428}> (0x00000402c5f67428) 
thrown [s\src\hotspot\share\prims\jni.cpp, line 520]
Event: 18.185 Thread 0x000001b0a7f5a180 Exception <a 'java/lang/NoSuchMethodError'{0x00000402ca2589d8}: 'float java.lang.invoke.DirectMethodHandle$Holder.invokeStaticInit(java.lang.Object, java.lang.Object, java.lang.Object, java.lang.Object, int)'> (0x00000402ca2589d8) 
thrown [s\src\hotspot\share\interpreter\linkResolver.cpp, line 773]
Event: 18.185 Thread 0x000001ac3904f3a0 Exception <a 'java/lang/IncompatibleClassChangeError'{0x00000402ca6193b8}: Found class java.lang.Object, but interface was expected> (0x00000402ca6193b8) 
thrown [s\src\hotspot\share\interpreter\linkResolver.cpp, line 840]
Event: 18.186 Thread 0x000001b0b4517690 Exception <a 'sun/nio/fs/WindowsException'{0x00000402ca82c4a0}> (0x00000402ca82c4a0) 
thrown [s\src\hotspot\share\prims\jni.cpp, line 520]
Event: 18.186 Thread 0x000001b0570caff0 Exception <a 'java/lang/NoSuchMethodError'{0x00000402bf338cc8}: 'java.lang.Object java.lang.invoke.DirectMethodHandle$Holder.newInvokeSpecial(java.lang.Object, long, java.lang.Object, java.lang.Object)'> (0x00000402bf338cc8) 
thrown [s\src\hotspot\share\interpreter\linkResolver.cpp, line 773]
Event: 18.188 Thread 0x000001b0a1302d40 Exception <a 'java/lang/IllegalArgumentException'{0x00000402c96d0ea8}: Wrong type at constant pool index> (0x00000402c96d0ea8) 
thrown [s\src\hotspot\share\prims\jvm.cpp, line 2168]
Event: 18.188 Thread 0x000001b0a1302d40 Exception <a 'java/lang/IllegalArgumentException'{0x00000402c96d1620}: Wrong type at constant pool index> (0x00000402c96d1620) 
thrown [s\src\hotspot\share\prims\jvm.cpp, line 2168]
Event: 18.188 Thread 0x000001b0a1302d40 Exception <a 'java/lang/IllegalArgumentException'{0x00000402c96d54f0}: Wrong type at constant pool index> (0x00000402c96d54f0) 
thrown [s\src\hotspot\share\prims\jvm.cpp, line 2168]
Event: 18.188 Thread 0x000001b0a1302d40 Exception <a 'java/lang/IllegalArgumentException'{0x00000402c96d5c68}: Wrong type at constant pool index> (0x00000402c96d5c68) 
thrown [s\src\hotspot\share\prims\jvm.cpp, line 2168]
Event: 18.188 Thread 0x000001b0a1302d40 Exception <a 'java/lang/IllegalArgumentException'{0x00000402c96d9c28}: Wrong type at constant pool index> (0x00000402c96d9c28) 
thrown [s\src\hotspot\share\prims\jvm.cpp, line 2168]
Event: 18.188 Thread 0x000001b0a1302d40 Exception <a 'java/lang/IllegalArgumentException'{0x00000402c96da3a0}: Wrong type at constant pool index> (0x00000402c96da3a0) 
thrown [s\src\hotspot\share\prims\jvm.cpp, line 2168]
Event: 18.189 Thread 0x000001b0a1302d40 Exception <a 'java/lang/IllegalArgumentException'{0x00000402c96e02e8}: Wrong type at constant pool index> (0x00000402c96e02e8) 
thrown [s\src\hotspot\share\prims\jvm.cpp, line 2168]
Event: 18.189 Thread 0x000001b0a1302d40 Exception <a 'java/lang/IllegalArgumentException'{0x00000402c96e0a60}: Wrong type at constant pool index> (0x00000402c96e0a60) 
thrown [s\src\hotspot\share\prims\jvm.cpp, line 2168]
Event: 18.189 Thread 0x000001b0a1302d40 Exception <a 'java/lang/IllegalArgumentException'{0x00000402c96e77d0}: Wrong type at constant pool index> (0x00000402c96e77d0) 
thrown [s\src\hotspot\share\prims\jvm.cpp, line 2168]
Event: 18.189 Thread 0x000001b0a1302d40 Exception <a 'java/lang/IllegalArgumentException'{0x00000402c96e7f48}: Wrong type at constant pool index> (0x00000402c96e7f48) 
thrown [s\src\hotspot\share\prims\jvm.cpp, line 2168]
Event: 18.191 Thread 0x000001b0b4517690 Exception <a 'sun/nio/fs/WindowsException'{0x00000402ca908418}> (0x00000402ca908418) 
thrown [s\src\hotspot\share\prims\jni.cpp, line 520]
Event: 18.195 Thread 0x000001b0570ca960 Exception <a 'sun/nio/fs/WindowsException'{0x00000402cae63cc0}> (0x00000402cae63cc0) 
thrown [s\src\hotspot\share\prims\jni.cpp, line 520]
Event: 18.197 Thread 0x000001b0570ca960 Exception <a 'sun/nio/fs/WindowsException'{0x00000402caedc658}> (0x00000402caedc658) 
thrown [s\src\hotspot\share\prims\jni.cpp, line 520]
Event: 18.203 Thread 0x000001b0b4517690 Exception <a 'sun/nio/fs/WindowsException'{0x00000402cba4f910}> (0x00000402cba4f910) 
thrown [s\src\hotspot\share\prims\jni.cpp, line 520]
Event: 18.235 Thread 0x000001b0570ca960 Exception <a 'sun/nio/fs/WindowsException'{0x00000402cce2e5c8}> (0x00000402cce2e5c8) 
thrown [s\src\hotspot\share\prims\jni.cpp, line 520]
Event: 18.246 Thread 0x000001b0570ca960 Exception <a 'sun/nio/fs/WindowsException'{0x00000402cd2b2258}> (0x00000402cd2b2258) 
thrown [s\src\hotspot\share\prims\jni.cpp, line 520]
Event: 18.301 Thread 0x000001ac3904f3a0 Exception <a 'java/lang/IncompatibleClassChangeError'{0x00000402cb4fb208}: Found class java.lang.Object, but interface was expected> (0x00000402cb4fb208) 
thrown [s\src\hotspot\share\interpreter\linkResolver.cpp, line 840]
Event: 18.391 Thread 0x000001ac3904f3a0 Exception <a 'java/lang/NoSuchMethodError'{0x00000402d3404958}: 'java.lang.Object java.lang.invoke.DirectMethodHandle$Holder.invokeSpecial(java.lang.Object, java.lang.Object, java.lang.Object, java.lang.Object, int, int, float)'> (0x00000402d3404958) 
thrown [s\src\hotspot\share\interpreter\linkResolver.cpp, line 773]
Event: 19.258 Thread 0x000001b0e4dae030 Exception <a 'java/lang/NoSuchMethodError'{0x00000402cbc8ed68}: 'double java.lang.invoke.DirectMethodHandle$Holder.invokeInterface(java.lang.Object, java.lang.Object)'> (0x00000402cbc8ed68) 
thrown [s\src\hotspot\share\interpreter\linkResolver.cpp, line 773]
Event: 19.259 Thread 0x000001b0e4dae030 Exception <a 'java/lang/IncompatibleClassChangeError'{0x00000402cbc92cf8}: Found class java.lang.Object, but interface was expected> (0x00000402cbc92cf8) 
thrown [s\src\hotspot\share\interpreter\linkResolver.cpp, line 840]
Event: 19.277 Thread 0x000001b0e4dae030 Exception <a 'sun/nio/fs/WindowsException'{0x00000401d4296068}> (0x00000401d4296068) 
thrown [s\src\hotspot\share\prims\jni.cpp, line 520]
Event: 19.277 Thread 0x000001b0e4dae030 Exception <a 'sun/nio/fs/WindowsException'{0x00000401d4296248}> (0x00000401d4296248) 
thrown [s\src\hotspot\share\prims\jni.cpp, line 520]
Event: 19.277 Thread 0x000001b0e4dae030 Exception <a 'sun/nio/fs/WindowsException'{0x00000401d4296ca0}> (0x00000401d4296ca0) 
thrown [s\src\hotspot\share\prims\jni.cpp, line 520]
Event: 19.277 Thread 0x000001b0e4dae030 Exception <a 'sun/nio/fs/WindowsException'{0x00000401d4296e58}> (0x00000401d4296e58) 
thrown [s\src\hotspot\share\prims\jni.cpp, line 520]
Event: 19.277 Thread 0x000001b0e4dae030 Exception <a 'sun/nio/fs/WindowsException'{0x00000401d42978b0}> (0x00000401d42978b0) 
thrown [s\src\hotspot\share\prims\jni.cpp, line 520]
Event: 19.277 Thread 0x000001b0e4dae030 Exception <a 'sun/nio/fs/WindowsException'{0x00000401d4297a68}> (0x00000401d4297a68) 
thrown [s\src\hotspot\share\prims\jni.cpp, line 520]
Event: 19.277 Thread 0x000001b0e4dae030 Exception <a 'sun/nio/fs/WindowsException'{0x00000401d42984c8}> (0x00000401d42984c8) 
thrown [s\src\hotspot\share\prims\jni.cpp, line 520]
Event: 19.277 Thread 0x000001b0e4dae030 Exception <a 'sun/nio/fs/WindowsException'{0x00000401d4298680}> (0x00000401d4298680) 
thrown [s\src\hotspot\share\prims\jni.cpp, line 520]
Event: 19.716 Thread 0x000001b0adbd6d30 Exception <a 'java/lang/NoSuchMethodError'{0x0000040086aed448}: 'java.lang.Object java.lang.invoke.DirectMethodHandle$Holder.newInvokeSpecial(java.lang.Object, java.lang.Object, long, java.lang.Object, java.lang.Object, java.lang.Object)'> (0x0000040086aed448) 
thrown [s\src\hotspot\share\interpreter\linkResolver.cpp, line 773]
Event: 19.716 Thread 0x000001b0adbd6d30 Exception <a 'java/lang/NoSuchMethodError'{0x0000040086af6d98}: 'java.lang.Object java.lang.invoke.Invokers$Holder.linkToTargetMethod(java.lang.Object, long, java.lang.Object, java.lang.Object, java.lang.Object, java.lang.Object)'> (0x0000040086af6d98) 
thrown [s\src\hotspot\share\interpreter\linkResolver.cpp, line 773]
Event: 20.144 Thread 0x000001b0adbd8770 Exception <a 'java/lang/IncompatibleClassChangeError'{0x0000040276736758}: Found class java.lang.Object, but interface was expected> (0x0000040276736758) 
thrown [s\src\hotspot\share\interpreter\linkResolver.cpp, line 840]
Event: 20.557 Thread 0x000001b0adbd8770 Exception <a 'java/lang/NoSuchMethodError'{0x00000402628059e8}: 'void java.lang.invoke.DirectMethodHandle$Holder.invokeStaticInit(java.lang.Object, int, java.lang.Object)'> (0x00000402628059e8) 
thrown [s\src\hotspot\share\interpreter\linkResolver.cpp, line 773]
Event: 24.080 Thread 0x000001b0adbd8770 Implicit null exception at 0x000001ac45dcf159 to 0x000001ac45dd50d4
Event: 24.283 Thread 0x000001ac3904f3a0 Exception <a 'java/lang/NoSuchMethodError'{0x00000401895baeb8}: 'java.lang.Object java.lang.invoke.DirectMethodHandle$Holder.invokeSpecialIFC(java.lang.Object, java.lang.Object, java.lang.Object, java.lang.Object, java.lang.Object, java.lang.Object, java.lang.Object, java.lang.Object, java.lang.Object, java.lang.Object, java.lang.Object, java.lang.Object, java.lang.Object)'> (0x00000401895baeb8) 
thrown [s\src\hotspot\share\interpreter\linkResolver.cpp, line 773]
Event: 24.351 Thread 0x000001b0a1302d40 Exception <a 'java/lang/NoSuchMethodError'{0x00000401c4800d60}: 'java.lang.Object java.lang.invoke.DirectMethodHandle$Holder.newInvokeSpecial(java.lang.Object, java.lang.Object, int, java.lang.Object, int)'> (0x00000401c4800d60) 
thrown [s\src\hotspot\share\interpreter\linkResolver.cpp, line 773]
Event: 24.356 Thread 0x000001b0a1302d40 Exception <a 'java/lang/NoSuchMethodError'{0x00000401c4929510}: 'java.lang.Object java.lang.invoke.DirectMethodHandle$Holder.invokeSpecialIFC(java.lang.Object, java.lang.Object, java.lang.Object, java.lang.Object, java.lang.Object, java.lang.Object, java.lang.Object, java.lang.Object, java.lang.Object, java.lang.Object, java.lang.Object, java.lang.Object, java.lang.Object, java.lang.Object, java.lang.Object)'> (0x00000401c4929510) 
thrown [s\src\hotspot\share\interpreter\linkResolver.cpp, line 773]
Event: 24.361 Thread 0x000001b0a1302d40 Exception <a 'java/lang/IncompatibleClassChangeError'{0x000004019c056960}: Found class java.lang.Object, but interface was expected> (0x000004019c056960) 
thrown [s\src\hotspot\share\interpreter\linkResolver.cpp, line 840]
Event: 24.369 Thread 0x000001b0a1302d40 Exception <a 'java/lang/IllegalArgumentException'{0x0000040190ed3590}: Wrong type at constant pool index> (0x0000040190ed3590) 
thrown [s\src\hotspot\share\prims\jvm.cpp, line 2168]
Event: 24.369 Thread 0x000001b0a1302d40 Exception <a 'java/lang/IllegalArgumentException'{0x0000040190ed4398}: Wrong type at constant pool index> (0x0000040190ed4398) 
thrown [s\src\hotspot\share\prims\jvm.cpp, line 2168]
Event: 24.369 Thread 0x000001b0e4dacc80 Exception <a 'java/lang/NoSuchMethodError'{0x0000040189a7d438}: 'double java.lang.invoke.DirectMethodHandle$Holder.invokeStaticInit(java.lang.Object, double, double, float)'> (0x0000040189a7d438) 
thrown [s\src\hotspot\share\interpreter\linkResolver.cpp, line 773]
Event: 24.370 Thread 0x000001b0e4dacc80 Exception <a 'java/lang/NoSuchMethodError'{0x0000040189a95e20}: 'double java.lang.invoke.DirectMethodHandle$Holder.invokeStaticInit(java.lang.Object, java.lang.Object, double, double, float)'> (0x0000040189a95e20) 
thrown [s\src\hotspot\share\interpreter\linkResolver.cpp, line 773]
Event: 24.375 Thread 0x000001b0e4dacc80 Exception <a 'java/lang/NoSuchMethodError'{0x0000040186a0cc68}: 'java.lang.Object java.lang.invoke.DirectMethodHandle$Holder.invokeStaticInit(java.lang.Object, float, long)'> (0x0000040186a0cc68) 
thrown [s\src\hotspot\share\interpreter\linkResolver.cpp, line 773]
Event: 24.381 Thread 0x000001b0a1302d40 Exception <a 'java/lang/IllegalArgumentException'{0x00000401862f4800}: Wrong type at constant pool index> (0x00000401862f4800) 
thrown [s\src\hotspot\share\prims\jvm.cpp, line 2168]
Event: 24.381 Thread 0x000001b0a1302d40 Exception <a 'java/lang/IllegalArgumentException'{0x00000401862f5608}: Wrong type at constant pool index> (0x00000401862f5608) 
thrown [s\src\hotspot\share\prims\jvm.cpp, line 2168]
Event: 24.451 Thread 0x000001ac3904f3a0 Exception <a 'java/lang/NoSuchMethodError'{0x000004006df7ab70}: 'java.lang.Object java.lang.invoke.DirectMethodHandle$Holder.newInvokeSpecial(java.lang.Object, int, java.lang.Object, int)'> (0x000004006df7ab70) 
thrown [s\src\hotspot\share\interpreter\linkResolver.cpp, line 773]
Event: 24.470 Thread 0x000001b0e4dacc80 Exception <a 'java/lang/NoSuchMethodError'{0x000004003714ecf0}: 'void java.lang.invoke.DirectMethodHandle$Holder.invokeSpecial(java.lang.Object, java.lang.Object, int, java.lang.Object, java.lang.Object)'> (0x000004003714ecf0) 
thrown [s\src\hotspot\share\interpreter\linkResolver.cpp, line 773]
Event: 24.500 Thread 0x000001ac3904f3a0 Exception <a 'java/lang/IncompatibleClassChangeError'{0x00000400206bdba8}: Found class java.lang.Object, but interface was expected> (0x00000400206bdba8) 
thrown [s\src\hotspot\share\interpreter\linkResolver.cpp, line 840]
Event: 24.507 Thread 0x000001ac3904f3a0 Exception <a 'java/lang/NoSuchMethodError'{0x00000400204f73f8}: 'java.lang.Object java.lang.invoke.DirectMethodHandle$Holder.newInvokeSpecial(java.lang.Object, java.lang.Object, java.lang.Object, int, java.lang.Object, java.lang.Object)'> (0x00000400204f73f8) 
thrown [s\src\hotspot\share\interpreter\linkResolver.cpp, line 773]
Event: 24.509 Thread 0x000001ac3904f3a0 Exception <a 'java/lang/NoSuchMethodError'{0x00000400205811a8}: 'java.lang.Object java.lang.invoke.DirectMethodHandle$Holder.newInvokeSpecial(java.lang.Object, java.lang.Object, java.lang.Object, java.lang.Object, double)'> (0x00000400205811a8) 
thrown [s\src\hotspot\share\interpreter\linkResolver.cpp, line 773]
Event: 24.561 Thread 0x000001ac3904f3a0 Exception <a 'java/lang/NoSuchMethodError'{0x00000402a22f34a8}: 'java.lang.Object java.lang.invoke.DirectMethodHandle$Holder.newInvokeSpecial(java.lang.Object, java.lang.Object, java.lang.Object, java.lang.Object, java.lang.Object, java.lang.Object, int, int, int)'> (0x00000402a22f34a8) 
thrown [s\src\hotspot\share\interpreter\linkResolver.cpp, line 773]
Event: 24.883 Thread 0x000001ac3904f3a0 Implicit null exception at 0x000001ac45065d66 to 0x000001ac45066098
Event: 25.273 Thread 0x000001ac3904f3a0 Implicit null exception at 0x000001ac45f9b249 to 0x000001ac45f9bd64
Event: 25.273 Thread 0x000001ac3904f3a0 Implicit null exception at 0x000001ac45f9b249 to 0x000001ac45f9bd64
Event: 25.273 Thread 0x000001ac3904f3a0 Implicit null exception at 0x000001ac45f9b249 to 0x000001ac45f9bd64
Event: 25.273 Thread 0x000001ac3904f3a0 Implicit null exception at 0x000001ac45f9b249 to 0x000001ac45f9bd64
Event: 25.273 Thread 0x000001ac3904f3a0 Implicit null exception at 0x000001ac45f9dade to 0x000001ac45f9e644
Event: 25.348 Thread 0x000001ac3904f3a0 Exception <a 'java/lang/NoSuchMethodError'{0x000004023d75ba90}: 'java.lang.Object java.lang.invoke.DirectMethodHandle$Holder.invokeStatic(java.lang.Object, double, double, java.lang.Object, java.lang.Object)'> (0x000004023d75ba90) 
thrown [s\src\hotspot\share\interpreter\linkResolver.cpp, line 773]
Event: 25.348 Thread 0x000001ac3904f3a0 Exception <a 'java/lang/NoSuchMethodError'{0x000004023d7600f8}: 'java.lang.Object java.lang.invoke.DirectMethodHandle$Holder.invokeStaticInit(java.lang.Object, double, double, java.lang.Object, java.lang.Object)'> (0x000004023d7600f8) 
thrown [s\src\hotspot\share\interpreter\linkResolver.cpp, line 773]
Event: 25.996 Thread 0x000001ac3904f3a0 Implicit null exception at 0x000001ac460368ee to 0x000001ac46036ad0
Event: 25.998 Thread 0x000001ac3904f3a0 Implicit null exception at 0x000001ac4603621a to 0x000001ac460363ac
Event: 26.052 Thread 0x000001ac3904f3a0 Exception <a 'java/lang/IncompatibleClassChangeError'{0x000004025075a400}: Found class java.lang.Object, but interface was expected> (0x000004025075a400) 
thrown [s\src\hotspot\share\interpreter\linkResolver.cpp, line 840]
Event: 26.052 Thread 0x000001ac3904f3a0 Exception <a 'java/lang/NoSuchMethodError'{0x00000402507d03a0}: 'void java.lang.invoke.DirectMethodHandle$Holder.invokeSpecialIFC(java.lang.Object, java.lang.Object, java.lang.Object)'> (0x00000402507d03a0) 
thrown [s\src\hotspot\share\interpreter\linkResolver.cpp, line 773]
Event: 26.067 Thread 0x000001ac3904f3a0 Exception <a 'java/lang/NoSuchMethodError'{0x0000040237f7e310}: 'float java.lang.invoke.DirectMethodHandle$Holder.invokeStatic(java.lang.Object)'> (0x0000040237f7e310) 
thrown [s\src\hotspot\share\interpreter\linkResolver.cpp, line 773]
Event: 26.067 Thread 0x000001ac3904f3a0 Exception <a 'java/lang/NoSuchMethodError'{0x0000040237f829e0}: 'float java.lang.invoke.DirectMethodHandle$Holder.invokeStaticInit(java.lang.Object)'> (0x0000040237f829e0) 
thrown [s\src\hotspot\share\interpreter\linkResolver.cpp, line 773]
Event: 26.105 Thread 0x000001ac3904f3a0 Implicit null exception at 0x000001ac453709ff to 0x000001ac45370c90
Event: 26.105 Thread 0x000001ac3904f3a0 Implicit null exception at 0x000001ac456d15ff to 0x000001ac456d1878
Event: 27.097 Thread 0x000001ac3904f3a0 Exception <a 'java/lang/NoSuchMethodError'{0x0000040077092010}: 'int java.lang.invoke.DirectMethodHandle$Holder.invokeStatic(java.lang.Object, java.lang.Object, java.lang.Object, int, java.lang.Object, int)'> (0x0000040077092010) 
thrown [s\src\hotspot\share\interpreter\linkResolver.cpp, line 773]
Event: 27.123 Thread 0x000001ac3904f3a0 Exception <a 'java/lang/NoSuchMethodError'{0x00000402281afb08}: 'java.lang.Object java.lang.invoke.DirectMethodHandle$Holder.newInvokeSpecial(java.lang.Object, java.lang.Object, int, int, float)'> (0x00000402281afb08) 
thrown [s\src\hotspot\share\interpreter\linkResolver.cpp, line 773]
Event: 27.123 Thread 0x000001ac3904f3a0 Exception <a 'java/lang/NoSuchMethodError'{0x00000402281b4798}: 'java.lang.Object java.lang.invoke.DirectMethodHandle$Holder.invokeSpecial(java.lang.Object, java.lang.Object, java.lang.Object, int, int, float)'> (0x00000402281b4798) 
thrown [s\src\hotspot\share\interpreter\linkResolver.cpp, line 773]
Event: 27.180 Thread 0x000001b0a81814f0 Implicit null exception at 0x000001ac44f45406 to 0x000001ac44f4580c
Event: 27.195 Thread 0x000001ac3904f3a0 Exception <a 'java/lang/NoSuchMethodError'{0x0000040289ab3740}: 'java.lang.Object java.lang.invoke.DelegatingMethodHandle$Holder.reinvoke_L(java.lang.Object, java.lang.Object, int, java.lang.Object, java.lang.Object)'> (0x0000040289ab3740) 
thrown [s\src\hotspot\share\interpreter\linkResolver.cpp, line 773]
Event: 27.197 Thread 0x000001ac3904f3a0 Exception <a 'java/lang/NoSuchMethodError'{0x0000040289b0f158}: 'java.lang.Object java.lang.invoke.Invokers$Holder.invoker(java.lang.Object, java.lang.Object, java.lang.Object, java.lang.Object, java.lang.Object, java.lang.Object, java.lang.Object, java.lang.Object, java.lang.Object, java.lang.Object, java.lang.Object, java.lang.Object, java.lang.Object, java.lang.Object)'> (0x0000040289b0f158) 
thrown [s\src\hotspot\share\interpreter\linkResolver.cpp, line 773]
Event: 27.197 Thread 0x000001ac3904f3a0 Exception <a 'java/lang/NoSuchMethodError'{0x0000040289b15880}: 'java.lang.Object java.lang.invoke.DirectMethodHandle$Holder.invokeSpecial(java.lang.Object, java.lang.Object, java.lang.Object, java.lang.Object, java.lang.Object, java.lang.Object, java.lang.Object, java.lang.Object, java.lang.Object, java.lang.Object, java.lang.Object, java.lang.Object, java.lang.Object, java.lang.Object, java.lang.Object)'> (0x0000040289b15880) 
thrown [s\src\hotspot\share\interpreter\linkResolver.cpp, line 773]
Event: 27.197 Thread 0x000001ac3904f3a0 Exception <a 'java/lang/NoSuchMethodError'{0x0000040289b1ae08}: 'java.lang.Object java.lang.invoke.DelegatingMethodHandle$Holder.delegate(java.lang.Object, java.lang.Object, java.lang.Object, java.lang.Object, java.lang.Object, java.lang.Object, java.lang.Object, java.lang.Object, java.lang.Object, java.lang.Object, java.lang.Object, java.lang.Object, java.lang.Object, java.lang.Object)'> (0x0000040289b1ae08) 
thrown [s\src\hotspot\share\interpreter\linkResolver.cpp, line 773]
Event: 27.198 Thread 0x000001ac3904f3a0 Exception <a 'java/lang/NoSuchMethodError'{0x0000040289b77fd8}: 'java.lang.Object java.lang.invoke.DirectMethodHandle$Holder.invokeStatic(java.lang.Object, java.lang.Object, java.lang.Object, java.lang.Object, java.lang.Object, java.lang.Object, java.lang.Object, java.lang.Object, java.lang.Object, java.lang.Object, java.lang.Object, java.lang.Object, java.lang.Object)'> (0x0000040289b77fd8) 
thrown [s\src\hotspot\share\interpreter\linkResolver.cpp, line 773]
Event: 27.200 Thread 0x000001ac3904f3a0 Exception <a 'java/lang/NoSuchMethodError'{0x0000040214a223f0}: 'int java.lang.invoke.DirectMethodHandle$Holder.invokeVirtual(java.lang.Object, java.lang.Object, int)'> (0x0000040214a223f0) 
thrown [s\src\hotspot\share\interpreter\linkResolver.cpp, line 773]
Event: 27.293 Thread 0x000001b0a817b910 Exception <a 'java/lang/NoSuchMethodError'{0x00000401fa2514a8}: 'void java.lang.invoke.DirectMethodHandle$Holder.invokeSpecial(java.lang.Object, java.lang.Object, java.lang.Object, int, int, int)'> (0x00000401fa2514a8) 
thrown [s\src\hotspot\share\interpreter\linkResolver.cpp, line 773]
Event: 27.294 Thread 0x000001b0a817b910 Exception <a 'java/lang/NoSuchMethodError'{0x00000401fa259340}: 'java.lang.Object java.lang.invoke.DirectMethodHandle$Holder.invokeSpecial(java.lang.Object, java.lang.Object, java.lang.Object, java.lang.Object, int, int, int)'> (0x00000401fa259340) 
thrown [s\src\hotspot\share\interpreter\linkResolver.cpp, line 773]
Event: 27.294 Thread 0x000001b0a817b910 Exception <a 'java/lang/NoSuchMethodError'{0x00000401fa25d550}: 'java.lang.Object java.lang.invoke.Invokers$Holder.linkToTargetMethod(java.lang.Object, java.lang.Object, int, int, int, java.lang.Object)'> (0x00000401fa25d550) 
thrown [s\src\hotspot\share\interpreter\linkResolver.cpp, line 773]

ZGC Phase Switch (50 events):
Event: 0.535 Young Mark Start         2
Event: 0.535 Old Mark Start           2
Event: 0.546 Young Mark End           2
Event: 0.550 Young Relocate Start     2
Event: 0.554 Old Mark End             2
Event: 0.577 Old Relocate Start       2
Event: 1.974 Young Mark Start         3
Event: 1.974 Old Mark Start           3
Event: 2.037 Young Mark End           3
Event: 2.040 Young Relocate Start     3
Event: 2.066 Old Mark End             3
Event: 2.094 Old Relocate Start       3
Event: 2.879 Young Mark Start         4
Event: 2.879 Old Mark Start           4
Event: 2.977 Young Mark End           4
Event: 2.989 Young Relocate Start     4
Event: 3.037 Old Mark End             4
Event: 3.069 Old Relocate Start       4
Event: 4.453 Young Mark Start         5
Event: 4.453 Old Mark Start           5
Event: 4.526 Young Mark End           5
Event: 4.531 Young Relocate Start     5
Event: 4.555 Old Mark End             5
Event: 4.578 Old Relocate Start       5
Event: 7.031 Young Mark Start         6
Event: 7.031 Old Mark Start           6
Event: 7.389 Young Mark End           6
Event: 7.408 Young Relocate Start     6
Event: 7.487 Old Mark End             6
Event: 7.548 Old Relocate Start       6
Event: 9.745 Young Mark Start         7
Event: 9.745 Old Mark Start           7
Event: 10.329 Young Mark End           7
Event: 10.378 Young Relocate Start     7
Event: 10.519 Old Mark End             7
Event: 10.568 Old Relocate Start       7
Event: 11.923 Young Mark Start         8
Event: 11.923 Old Mark Start           8
Event: 12.014 Young Mark End           8
Event: 12.015 Young Relocate Start     8
Event: 12.193 Old Mark End             8
Event: 12.245 Old Relocate Start       8
Event: 17.840 Young Mark Start         9
Event: 18.667 Young Mark End           9
Event: 18.684 Young Relocate Start     9
Event: 23.451 Young Mark Start        10
Event: 25.119 Young Mark End          10
Event: 25.206 Young Relocate Start    10
Event: 25.708 Young Mark Start        11
Event: 25.708 Old Mark Start           9

VM Operations (250 events):
Event: 10.270 Executing VM operation: HandshakeAllThreads (Deoptimize)
Event: 10.271 Executing VM operation: HandshakeAllThreads (Deoptimize) done
Event: 10.271 Executing VM operation: HandshakeAllThreads (Deoptimize)
Event: 10.272 Executing VM operation: HandshakeAllThreads (Deoptimize) done
Event: 10.281 Executing VM operation: HandshakeAllThreads (Deoptimize)
Event: 10.281 Executing VM operation: HandshakeAllThreads (Deoptimize) done
Event: 10.328 Executing VM operation: HandshakeAllThreads (ZMarkFlushAndFreeStacks)
Event: 10.328 Executing VM operation: HandshakeAllThreads (ZMarkFlushAndFreeStacks) done
Event: 10.328 Executing VM operation: ZMarkFlushOperation
Event: 10.328 Executing VM operation: ZMarkFlushOperation done
Event: 10.328 Executing VM operation: HandshakeAllThreads (ZMarkFlushAndFreeStacks)
Event: 10.329 Executing VM operation: HandshakeAllThreads (ZMarkFlushAndFreeStacks) done
Event: 10.329 Executing VM operation: ZMarkFlushOperation
Event: 10.329 Executing VM operation: ZMarkFlushOperation done
Event: 10.329 Executing VM operation: HandshakeAllThreads (ZMarkFlushAndFreeStacks)
Event: 10.329 Executing VM operation: HandshakeAllThreads (ZMarkFlushAndFreeStacks) done
Event: 10.329 Executing VM operation: ZMarkFlushOperation
Event: 10.329 Executing VM operation: ZMarkFlushOperation done
Event: 10.329 Executing VM operation: ZMarkEndYoung (Metadata GC Threshold)
Event: 10.329 Executing VM operation: ZMarkEndYoung (Metadata GC Threshold) done
Event: 10.378 Executing VM operation: ZRelocateStartYoung (Metadata GC Threshold)
Event: 10.378 Executing VM operation: ZRelocateStartYoung (Metadata GC Threshold) done
Event: 10.504 Executing VM operation: HandshakeAllThreads (Deoptimize)
Event: 10.504 Executing VM operation: HandshakeAllThreads (Deoptimize) done
Event: 10.519 Executing VM operation: HandshakeAllThreads (ZMarkFlushAndFreeStacks)
Event: 10.519 Executing VM operation: HandshakeAllThreads (ZMarkFlushAndFreeStacks) done
Event: 10.519 Executing VM operation: ZMarkFlushOperation
Event: 10.519 Executing VM operation: ZMarkFlushOperation done
Event: 10.519 Executing VM operation: HandshakeAllThreads (ZMarkFlushAndFreeStacks)
Event: 10.519 Executing VM operation: HandshakeAllThreads (ZMarkFlushAndFreeStacks) done
Event: 10.519 Executing VM operation: ZMarkFlushOperation
Event: 10.519 Executing VM operation: ZMarkFlushOperation done
Event: 10.519 Executing VM operation: ZMarkEndOld (Metadata GC Threshold)
Event: 10.519 Executing VM operation: ZMarkEndOld (Metadata GC Threshold) done
Event: 10.544 Executing VM operation: HandshakeAllThreads (ZRendezvous)
Event: 10.544 Executing VM operation: HandshakeAllThreads (ZRendezvous) done
Event: 10.544 Executing VM operation: ZRendezvousGCThreads
Event: 10.544 Executing VM operation: ZRendezvousGCThreads done
Event: 10.545 Executing VM operation: CleanClassLoaderDataMetaspaces
Event: 10.546 Executing VM operation: CleanClassLoaderDataMetaspaces done
Event: 10.568 Executing VM operation: ZRelocateStartOld (Metadata GC Threshold)
Event: 10.568 Executing VM operation: ZRelocateStartOld (Metadata GC Threshold) done
Event: 11.568 Executing VM operation: Cleanup
Event: 11.568 Executing VM operation: Cleanup done
Event: 11.923 Executing VM operation: ZMarkStartYoungAndOld (Warmup)
Event: 11.923 Executing VM operation: ZMarkStartYoungAndOld (Warmup) done
Event: 12.013 Executing VM operation: HandshakeAllThreads (ZMarkFlushAndFreeStacks)
Event: 12.013 Executing VM operation: HandshakeAllThreads (ZMarkFlushAndFreeStacks) done
Event: 12.013 Executing VM operation: ZMarkFlushOperation
Event: 12.013 Executing VM operation: ZMarkFlushOperation done
Event: 12.013 Executing VM operation: HandshakeAllThreads (ZMarkFlushAndFreeStacks)
Event: 12.013 Executing VM operation: HandshakeAllThreads (ZMarkFlushAndFreeStacks) done
Event: 12.013 Executing VM operation: ZMarkFlushOperation
Event: 12.013 Executing VM operation: ZMarkFlushOperation done
Event: 12.013 Executing VM operation: HandshakeAllThreads (ZMarkFlushAndFreeStacks)
Event: 12.013 Executing VM operation: HandshakeAllThreads (ZMarkFlushAndFreeStacks) done
Event: 12.014 Executing VM operation: ZMarkFlushOperation
Event: 12.014 Executing VM operation: ZMarkFlushOperation done
Event: 12.014 Executing VM operation: ZMarkEndYoung (Warmup)
Event: 12.014 Executing VM operation: ZMarkEndYoung (Warmup) done
Event: 12.015 Executing VM operation: ZRelocateStartYoung (Warmup)
Event: 12.015 Executing VM operation: ZRelocateStartYoung (Warmup) done
Event: 12.193 Executing VM operation: HandshakeAllThreads (ZMarkFlushAndFreeStacks)
Event: 12.193 Executing VM operation: HandshakeAllThreads (ZMarkFlushAndFreeStacks) done
Event: 12.193 Executing VM operation: ZMarkFlushOperation
Event: 12.193 Executing VM operation: ZMarkFlushOperation done
Event: 12.193 Executing VM operation: HandshakeAllThreads (ZMarkFlushAndFreeStacks)
Event: 12.193 Executing VM operation: HandshakeAllThreads (ZMarkFlushAndFreeStacks) done
Event: 12.193 Executing VM operation: ZMarkFlushOperation
Event: 12.193 Executing VM operation: ZMarkFlushOperation done
Event: 12.193 Executing VM operation: HandshakeAllThreads (ZMarkFlushAndFreeStacks)
Event: 12.193 Executing VM operation: HandshakeAllThreads (ZMarkFlushAndFreeStacks) done
Event: 12.193 Executing VM operation: ZMarkFlushOperation
Event: 12.193 Executing VM operation: ZMarkFlushOperation done
Event: 12.193 Executing VM operation: ZMarkEndOld (Warmup)
Event: 12.193 Executing VM operation: ZMarkEndOld (Warmup) done
Event: 12.228 Executing VM operation: HandshakeAllThreads (ZRendezvous)
Event: 12.228 Executing VM operation: HandshakeAllThreads (ZRendezvous) done
Event: 12.228 Executing VM operation: ZRendezvousGCThreads
Event: 12.228 Executing VM operation: ZRendezvousGCThreads done
Event: 12.245 Executing VM operation: ZRelocateStartOld (Warmup)
Event: 12.245 Executing VM operation: ZRelocateStartOld (Warmup) done
Event: 12.275 Executing VM operation: CleanClassLoaderDataMetaspaces
Event: 12.275 Executing VM operation: CleanClassLoaderDataMetaspaces done
Event: 12.784 Executing VM operation: ICBufferFull
Event: 12.784 Executing VM operation: ICBufferFull done
Event: 13.181 Executing VM operation: HandshakeAllThreads (Deoptimize)
Event: 13.181 Executing VM operation: HandshakeAllThreads (Deoptimize) done
Event: 13.299 Executing VM operation: HandshakeAllThreads (Deoptimize)
Event: 13.299 Executing VM operation: HandshakeAllThreads (Deoptimize) done
Event: 13.300 Executing VM operation: HandshakeAllThreads (Deoptimize)
Event: 13.300 Executing VM operation: HandshakeAllThreads (Deoptimize) done
Event: 13.319 Executing VM operation: ICBufferFull
Event: 13.319 Executing VM operation: ICBufferFull done
Event: 13.772 Executing VM operation: ICBufferFull
Event: 13.772 Executing VM operation: ICBufferFull done
Event: 14.772 Executing VM operation: Cleanup
Event: 14.772 Executing VM operation: Cleanup done
Event: 15.548 Executing VM operation: ICBufferFull
Event: 15.548 Executing VM operation: ICBufferFull done
Event: 15.809 Executing VM operation: HandshakeAllThreads (Deoptimize)
Event: 15.809 Executing VM operation: HandshakeAllThreads (Deoptimize) done
Event: 15.814 Executing VM operation: ICBufferFull
Event: 15.815 Executing VM operation: ICBufferFull done
Event: 16.086 Executing VM operation: HandshakeAllThreads (Deoptimize)
Event: 16.086 Executing VM operation: HandshakeAllThreads (Deoptimize) done
Event: 16.473 Executing VM operation: HandshakeAllThreads (Deoptimize)
Event: 16.473 Executing VM operation: HandshakeAllThreads (Deoptimize) done
Event: 16.491 Executing VM operation: HandshakeAllThreads (Deoptimize)
Event: 16.491 Executing VM operation: HandshakeAllThreads (Deoptimize) done
Event: 16.494 Executing VM operation: ICBufferFull
Event: 16.494 Executing VM operation: ICBufferFull done
Event: 16.624 Executing VM operation: HandshakeAllThreads (Deoptimize)
Event: 16.624 Executing VM operation: HandshakeAllThreads (Deoptimize) done
Event: 16.664 Executing VM operation: HandshakeAllThreads (Deoptimize)
Event: 16.664 Executing VM operation: HandshakeAllThreads (Deoptimize) done
Event: 16.668 Executing VM operation: HandshakeAllThreads (Deoptimize)
Event: 16.668 Executing VM operation: HandshakeAllThreads (Deoptimize) done
Event: 16.669 Executing VM operation: HandshakeAllThreads (Deoptimize)
Event: 16.669 Executing VM operation: HandshakeAllThreads (Deoptimize) done
Event: 16.749 Executing VM operation: HandshakeAllThreads (Deoptimize)
Event: 16.749 Executing VM operation: HandshakeAllThreads (Deoptimize) done
Event: 16.765 Executing VM operation: ICBufferFull
Event: 16.765 Executing VM operation: ICBufferFull done
Event: 16.835 Executing VM operation: ICBufferFull
Event: 16.835 Executing VM operation: ICBufferFull done
Event: 16.835 Executing VM operation: ICBufferFull
Event: 16.835 Executing VM operation: ICBufferFull done
Event: 16.937 Executing VM operation: HandshakeAllThreads (Deoptimize)
Event: 16.941 Executing VM operation: HandshakeAllThreads (Deoptimize) done
Event: 16.969 Executing VM operation: HandshakeAllThreads (Deoptimize)
Event: 16.972 Executing VM operation: HandshakeAllThreads (Deoptimize) done
Event: 17.025 Executing VM operation: HandshakeAllThreads (Deoptimize)
Event: 17.029 Executing VM operation: HandshakeAllThreads (Deoptimize) done
Event: 17.037 Executing VM operation: HandshakeAllThreads (Deoptimize)
Event: 17.040 Executing VM operation: HandshakeAllThreads (Deoptimize) done
Event: 17.050 Executing VM operation: HandshakeAllThreads (Deoptimize)
Event: 17.050 Executing VM operation: HandshakeAllThreads (Deoptimize) done
Event: 17.056 Executing VM operation: ICBufferFull
Event: 17.057 Executing VM operation: ICBufferFull done
Event: 17.057 Executing VM operation: ICBufferFull
Event: 17.057 Executing VM operation: ICBufferFull done
Event: 17.407 Executing VM operation: HandshakeAllThreads (Deoptimize)
Event: 17.408 Executing VM operation: HandshakeAllThreads (Deoptimize) done
Event: 17.474 Executing VM operation: ICBufferFull
Event: 17.474 Executing VM operation: ICBufferFull done
Event: 17.597 Executing VM operation: ICBufferFull
Event: 17.656 Executing VM operation: ICBufferFull done
Event: 17.840 Executing VM operation: ZMarkStartYoung (Allocation Rate)
Event: 17.840 Executing VM operation: ZMarkStartYoung (Allocation Rate) done
Event: 17.894 Executing VM operation: HandshakeAllThreads (Deoptimize)
Event: 17.894 Executing VM operation: HandshakeAllThreads (Deoptimize) done
Event: 18.176 Executing VM operation: HandshakeAllThreads (Deoptimize)
Event: 18.177 Executing VM operation: HandshakeAllThreads (Deoptimize) done
Event: 18.192 Executing VM operation: HandshakeAllThreads (Deoptimize)
Event: 18.192 Executing VM operation: HandshakeAllThreads (Deoptimize) done
Event: 18.199 Executing VM operation: HandshakeAllThreads (Deoptimize)
Event: 18.199 Executing VM operation: HandshakeAllThreads (Deoptimize) done
Event: 18.201 Executing VM operation: ICBufferFull
Event: 18.202 Executing VM operation: ICBufferFull done
Event: 18.312 Executing VM operation: HandshakeAllThreads (Deoptimize)
Event: 18.312 Executing VM operation: HandshakeAllThreads (Deoptimize) done
Event: 18.666 Executing VM operation: HandshakeAllThreads (ZMarkFlushAndFreeStacks)
Event: 18.666 Executing VM operation: HandshakeAllThreads (ZMarkFlushAndFreeStacks) done
Event: 18.666 Executing VM operation: ZMarkFlushOperation
Event: 18.666 Executing VM operation: ZMarkFlushOperation done
Event: 18.667 Executing VM operation: HandshakeAllThreads (ZMarkFlushAndFreeStacks)
Event: 18.667 Executing VM operation: HandshakeAllThreads (ZMarkFlushAndFreeStacks) done
Event: 18.667 Executing VM operation: ZMarkFlushOperation
Event: 18.667 Executing VM operation: ZMarkFlushOperation done
Event: 18.667 Executing VM operation: HandshakeAllThreads (ZMarkFlushAndFreeStacks)
Event: 18.667 Executing VM operation: HandshakeAllThreads (ZMarkFlushAndFreeStacks) done
Event: 18.667 Executing VM operation: ZMarkFlushOperation
Event: 18.667 Executing VM operation: ZMarkFlushOperation done
Event: 18.667 Executing VM operation: ZMarkEndYoung (Allocation Rate)
Event: 18.667 Executing VM operation: ZMarkEndYoung (Allocation Rate) done
Event: 18.684 Executing VM operation: ZRelocateStartYoung (Allocation Rate)
Event: 18.684 Executing VM operation: ZRelocateStartYoung (Allocation Rate) done
Event: 19.306 Executing VM operation: HandshakeAllThreads (Deoptimize)
Event: 19.306 Executing VM operation: HandshakeAllThreads (Deoptimize) done
Event: 20.306 Executing VM operation: Cleanup
Event: 20.306 Executing VM operation: Cleanup done
Event: 20.446 Executing VM operation: HandshakeAllThreads (Deoptimize)
Event: 20.446 Executing VM operation: HandshakeAllThreads (Deoptimize) done
Event: 20.704 Executing VM operation: HandshakeAllThreads (Deoptimize)
Event: 20.704 Executing VM operation: HandshakeAllThreads (Deoptimize) done
Event: 20.902 Executing VM operation: ICBufferFull
Event: 20.902 Executing VM operation: ICBufferFull done
Event: 21.902 Executing VM operation: Cleanup
Event: 21.902 Executing VM operation: Cleanup done
Event: 22.902 Executing VM operation: Cleanup
Event: 22.902 Executing VM operation: Cleanup done
Event: 23.426 Executing VM operation: HandshakeAllThreads (Deoptimize)
Event: 23.426 Executing VM operation: HandshakeAllThreads (Deoptimize) done
Event: 23.427 Executing VM operation: HandshakeAllThreads (Deoptimize)
Event: 23.427 Executing VM operation: HandshakeAllThreads (Deoptimize) done
Event: 23.451 Executing VM operation: ZMarkStartYoung (Allocation Rate)
Event: 23.451 Executing VM operation: ZMarkStartYoung (Allocation Rate) done
Event: 24.238 Executing VM operation: HandshakeAllThreads (Deoptimize)
Event: 24.238 Executing VM operation: HandshakeAllThreads (Deoptimize) done
Event: 24.239 Executing VM operation: HandshakeAllThreads (Deoptimize)
Event: 24.239 Executing VM operation: HandshakeAllThreads (Deoptimize) done
Event: 24.332 Executing VM operation: ICBufferFull
Event: 24.332 Executing VM operation: ICBufferFull done
Event: 24.489 Executing VM operation: ICBufferFull
Event: 24.489 Executing VM operation: ICBufferFull done
Event: 24.826 Executing VM operation: HandshakeAllThreads (Deoptimize)
Event: 24.826 Executing VM operation: HandshakeAllThreads (Deoptimize) done
Event: 25.073 Executing VM operation: ICBufferFull
Event: 25.073 Executing VM operation: ICBufferFull done
Event: 25.116 Executing VM operation: HandshakeAllThreads (ZMarkFlushAndFreeStacks)
Event: 25.116 Executing VM operation: HandshakeAllThreads (ZMarkFlushAndFreeStacks) done
Event: 25.116 Executing VM operation: ZMarkFlushOperation
Event: 25.116 Executing VM operation: ZMarkFlushOperation done
Event: 25.119 Executing VM operation: HandshakeAllThreads (ZMarkFlushAndFreeStacks)
Event: 25.119 Executing VM operation: HandshakeAllThreads (ZMarkFlushAndFreeStacks) done
Event: 25.119 Executing VM operation: ZMarkFlushOperation
Event: 25.119 Executing VM operation: ZMarkFlushOperation done
Event: 25.119 Executing VM operation: HandshakeAllThreads (ZMarkFlushAndFreeStacks)
Event: 25.119 Executing VM operation: HandshakeAllThreads (ZMarkFlushAndFreeStacks) done
Event: 25.119 Executing VM operation: ZMarkFlushOperation
Event: 25.119 Executing VM operation: ZMarkFlushOperation done
Event: 25.119 Executing VM operation: ZMarkEndYoung (Allocation Rate)
Event: 25.119 Executing VM operation: ZMarkEndYoung (Allocation Rate) done
Event: 25.192 Executing VM operation: HandshakeAllThreads (Deoptimize)
Event: 25.192 Executing VM operation: HandshakeAllThreads (Deoptimize) done
Event: 25.193 Executing VM operation: HandshakeAllThreads (Deoptimize)
Event: 25.193 Executing VM operation: HandshakeAllThreads (Deoptimize) done
Event: 25.194 Executing VM operation: HandshakeAllThreads (Deoptimize)
Event: 25.194 Executing VM operation: HandshakeAllThreads (Deoptimize) done
Event: 25.206 Executing VM operation: ZRelocateStartYoung (Allocation Rate)
Event: 25.206 Executing VM operation: ZRelocateStartYoung (Allocation Rate) done
Event: 25.347 Executing VM operation: HandshakeAllThreads (Deoptimize)
Event: 25.348 Executing VM operation: HandshakeAllThreads (Deoptimize) done
Event: 25.708 Executing VM operation: ZMarkStartYoungAndOld (CodeCache GC Threshold)
Event: 25.708 Executing VM operation: ZMarkStartYoungAndOld (CodeCache GC Threshold) done
Event: 26.073 Executing VM operation: HandshakeAllThreads (Deoptimize)
Event: 26.073 Executing VM operation: HandshakeAllThreads (Deoptimize) done
Event: 26.075 Executing VM operation: HandshakeAllThreads (Deoptimize)
Event: 26.076 Executing VM operation: HandshakeAllThreads (Deoptimize) done
Event: 26.127 Executing VM operation: ICBufferFull
Event: 26.127 Executing VM operation: ICBufferFull done
Event: 27.107 Executing VM operation: HandshakeAllThreads (Deoptimize)
Event: 27.107 Executing VM operation: HandshakeAllThreads (Deoptimize) done
Event: 27.108 Executing VM operation: HandshakeAllThreads (Deoptimize)
Event: 27.108 Executing VM operation: HandshakeAllThreads (Deoptimize) done
Event: 27.113 Executing VM operation: HandshakeAllThreads (Deoptimize)
Event: 27.113 Executing VM operation: HandshakeAllThreads (Deoptimize) done
Event: 27.120 Executing VM operation: HandshakeAllThreads (Deoptimize)
Event: 27.120 Executing VM operation: HandshakeAllThreads (Deoptimize) done

Memory protections (0 events):
No events

Nmethod flushes (250 events):
Event: 12.228 Thread 0x000001ac38880e00 flushing  nmethod 0x000001ac3e6f7790
Event: 12.228 Thread 0x000001ac38880e00 flushing  nmethod 0x000001ac455e9890
Event: 12.228 Thread 0x000001ac38880e00 flushing  nmethod 0x000001ac3e69a590
Event: 12.228 Thread 0x000001ac38880e00 flushing  nmethod 0x000001ac45248090
Event: 12.228 Thread 0x000001ac38880e00 flushing  nmethod 0x000001ac4516aa10
Event: 12.228 Thread 0x000001ac38880e00 flushing  nmethod 0x000001ac3e342d90
Event: 12.228 Thread 0x000001ac38880e00 flushing  nmethod 0x000001ac448ea890
Event: 12.228 Thread 0x000001ac38880e00 flushing  nmethod 0x000001ac3e6fa190
Event: 12.228 Thread 0x000001ac38880e00 flushing  nmethod 0x000001ac3e5b1690
Event: 12.228 Thread 0x000001ac38880e00 flushing  nmethod 0x000001ac3d237190
Event: 12.228 Thread 0x000001ac38880e00 flushing  nmethod 0x000001ac3dee6c10
Event: 12.228 Thread 0x000001ac38880e00 flushing  nmethod 0x000001ac3dfdaa90
Event: 12.228 Thread 0x000001ac38880e00 flushing  nmethod 0x000001ac3d40af90
Event: 12.228 Thread 0x000001ac38880e00 flushing  nmethod 0x000001ac4502d790
Event: 12.228 Thread 0x000001ac38880e00 flushing  nmethod 0x000001ac3d31d290
Event: 12.228 Thread 0x000001ac38880e00 flushing  nmethod 0x000001ac3cf25290
Event: 12.228 Thread 0x000001ac38880e00 flushing  nmethod 0x000001ac3d188e10
Event: 12.228 Thread 0x000001ac38880e00 flushing  nmethod 0x000001ac3e684a10
Event: 12.228 Thread 0x000001ac38880e00 flushing  nmethod 0x000001ac45072e90
Event: 12.228 Thread 0x000001ac38880e00 flushing  nmethod 0x000001ac44aeef90
Event: 12.228 Thread 0x000001ac38880e00 flushing  nmethod 0x000001ac3d772390
Event: 12.228 Thread 0x000001ac38880e00 flushing  nmethod 0x000001ac3ced4410
Event: 12.228 Thread 0x000001ac38880e00 flushing  nmethod 0x000001ac3d0b3910
Event: 12.228 Thread 0x000001ac38880e00 flushing  nmethod 0x000001ac447b6c90
Event: 12.228 Thread 0x000001ac38880e00 flushing  nmethod 0x000001ac44ff4210
Event: 12.228 Thread 0x000001ac38880e00 flushing  nmethod 0x000001ac3d544910
Event: 12.228 Thread 0x000001ac38880e00 flushing  nmethod 0x000001ac3e556e90
Event: 12.228 Thread 0x000001ac38880e00 flushing  nmethod 0x000001ac3e557f90
Event: 12.228 Thread 0x000001ac38880e00 flushing  nmethod 0x000001ac3d974990
Event: 12.228 Thread 0x000001ac38880e00 flushing  nmethod 0x000001ac3cc95810
Event: 12.228 Thread 0x000001ac38880e00 flushing  nmethod 0x000001ac44bde690
Event: 12.228 Thread 0x000001ac38880e00 flushing  nmethod 0x000001ac3dc45f90
Event: 12.228 Thread 0x000001ac38880e00 flushing  nmethod 0x000001ac44a8a910
Event: 12.228 Thread 0x000001ac38880e00 flushing  nmethod 0x000001ac45601790
Event: 12.228 Thread 0x000001ac38880e00 flushing  nmethod 0x000001ac3d233010
Event: 12.228 Thread 0x000001ac38880e00 flushing  nmethod 0x000001ac3dc8a790
Event: 12.228 Thread 0x000001ac38880e00 flushing  nmethod 0x000001ac3cd13590
Event: 12.228 Thread 0x000001ac38880e00 flushing  nmethod 0x000001ac44abcd90
Event: 12.228 Thread 0x000001ac38880e00 flushing  nmethod 0x000001ac3ce0c810
Event: 12.228 Thread 0x000001ac38880e00 flushing  nmethod 0x000001ac45042f90
Event: 12.228 Thread 0x000001ac38880e00 flushing  nmethod 0x000001ac3cbdaf10
Event: 12.228 Thread 0x000001ac38880e00 flushing  nmethod 0x000001ac3d72a410
Event: 12.228 Thread 0x000001ac38880e00 flushing  nmethod 0x000001ac3dbea390
Event: 12.228 Thread 0x000001ac38880e00 flushing  nmethod 0x000001ac455bea90
Event: 12.228 Thread 0x000001ac38880e00 flushing  nmethod 0x000001ac3d8bbe90
Event: 12.228 Thread 0x000001ac38880e00 flushing  nmethod 0x000001ac3cce9110
Event: 12.228 Thread 0x000001ac38880e00 flushing  nmethod 0x000001ac3e133c90
Event: 12.228 Thread 0x000001ac38880e00 flushing  nmethod 0x000001ac3e554610
Event: 12.228 Thread 0x000001ac38880e00 flushing  nmethod 0x000001ac3d791810
Event: 12.228 Thread 0x000001ac38880e00 flushing  nmethod 0x000001ac3cbda510
Event: 12.228 Thread 0x000001ac38880e00 flushing  nmethod 0x000001ac3e2ccb10
Event: 12.228 Thread 0x000001ac38880e00 flushing  nmethod 0x000001ac3d8a7b90
Event: 12.228 Thread 0x000001ac38880e00 flushing  nmethod 0x000001ac452cf290
Event: 12.228 Thread 0x000001ac38880e00 flushing  nmethod 0x000001ac3d762e90
Event: 12.228 Thread 0x000001ac38880e00 flushing  nmethod 0x000001ac3cb86790
Event: 12.228 Thread 0x000001ac38880e00 flushing  nmethod 0x000001ac448ae310
Event: 12.228 Thread 0x000001ac38880e00 flushing  nmethod 0x000001ac3d0e7d90
Event: 12.228 Thread 0x000001ac38880e00 flushing  nmethod 0x000001ac3cb78610
Event: 12.228 Thread 0x000001ac38880e00 flushing  nmethod 0x000001ac3d0d6290
Event: 12.228 Thread 0x000001ac38880e00 flushing  nmethod 0x000001ac3d93f990
Event: 12.228 Thread 0x000001ac38880e00 flushing  nmethod 0x000001ac3d086290
Event: 12.228 Thread 0x000001ac38880e00 flushing  nmethod 0x000001ac44ecc110
Event: 12.228 Thread 0x000001ac38880e00 flushing  nmethod 0x000001ac3dcf2b10
Event: 12.228 Thread 0x000001ac38880e00 flushing  nmethod 0x000001ac45611290
Event: 12.228 Thread 0x000001ac38880e00 flushing  nmethod 0x000001ac44a05890
Event: 12.228 Thread 0x000001ac38880e00 flushing  nmethod 0x000001ac44faac10
Event: 12.228 Thread 0x000001ac38880e00 flushing  nmethod 0x000001ac3e5b2290
Event: 12.228 Thread 0x000001ac38880e00 flushing  nmethod 0x000001ac44866790
Event: 12.228 Thread 0x000001ac38880e00 flushing  nmethod 0x000001ac3cf0f010
Event: 12.228 Thread 0x000001ac38880e00 flushing  nmethod 0x000001ac3d8bc790
Event: 12.228 Thread 0x000001ac38880e00 flushing  nmethod 0x000001ac3cc04390
Event: 12.228 Thread 0x000001ac38880e00 flushing  nmethod 0x000001ac3d97d810
Event: 12.228 Thread 0x000001ac38880e00 flushing  nmethod 0x000001ac3cdc6110
Event: 12.228 Thread 0x000001ac38880e00 flushing  nmethod 0x000001ac3e581710
Event: 12.228 Thread 0x000001ac38880e00 flushing  nmethod 0x000001ac3dcdfb10
Event: 12.228 Thread 0x000001ac38880e00 flushing  nmethod 0x000001ac447b1810
Event: 12.228 Thread 0x000001ac38880e00 flushing  nmethod 0x000001ac3ce7b410
Event: 12.228 Thread 0x000001ac38880e00 flushing  nmethod 0x000001ac3cc35a90
Event: 12.228 Thread 0x000001ac38880e00 flushing  nmethod 0x000001ac3e5eae90
Event: 12.228 Thread 0x000001ac38880e00 flushing osr nmethod 0x000001ac3e650e90
Event: 12.228 Thread 0x000001ac38880e00 flushing  nmethod 0x000001ac45593f90
Event: 12.228 Thread 0x000001ac38880e00 flushing  nmethod 0x000001ac3cd67910
Event: 12.228 Thread 0x000001ac38880e00 flushing  nmethod 0x000001ac3ce1be10
Event: 12.228 Thread 0x000001ac38880e00 flushing  nmethod 0x000001ac3d18ae10
Event: 12.228 Thread 0x000001ac38880e00 flushing  nmethod 0x000001ac45523610
Event: 12.228 Thread 0x000001ac38880e00 flushing  nmethod 0x000001ac3d769d90
Event: 12.228 Thread 0x000001ac38880e00 flushing  nmethod 0x000001ac3dce2590
Event: 12.228 Thread 0x000001ac38880e00 flushing  nmethod 0x000001ac3e33fd90
Event: 12.228 Thread 0x000001ac38880e00 flushing  nmethod 0x000001ac3d811e90
Event: 12.228 Thread 0x000001ac38880e00 flushing  nmethod 0x000001ac3cd2a390
Event: 12.228 Thread 0x000001ac38880e00 flushing  nmethod 0x000001ac455e0590
Event: 12.228 Thread 0x000001ac38880e00 flushing  nmethod 0x000001ac4477f890
Event: 12.228 Thread 0x000001ac38880e00 flushing  nmethod 0x000001ac3cbe6390
Event: 12.228 Thread 0x000001ac38880e00 flushing  nmethod 0x000001ac3e69b490
Event: 12.228 Thread 0x000001ac38880e00 flushing  nmethod 0x000001ac3dab6890
Event: 12.228 Thread 0x000001ac38880e00 flushing  nmethod 0x000001ac3d6db610
Event: 12.228 Thread 0x000001ac38880e00 flushing  nmethod 0x000001ac3cdcce90
Event: 12.228 Thread 0x000001ac38880e00 flushing  nmethod 0x000001ac3d249310
Event: 12.228 Thread 0x000001ac38880e00 flushing  nmethod 0x000001ac4569c590
Event: 12.228 Thread 0x000001ac38880e00 flushing  nmethod 0x000001ac3d990b90
Event: 12.228 Thread 0x000001ac38880e00 flushing  nmethod 0x000001ac3da75890
Event: 12.228 Thread 0x000001ac38880e00 flushing  nmethod 0x000001ac3e643190
Event: 12.228 Thread 0x000001ac38880e00 flushing  nmethod 0x000001ac3d29eb10
Event: 12.228 Thread 0x000001ac38880e00 flushing  nmethod 0x000001ac3d2b7990
Event: 12.228 Thread 0x000001ac38880e00 flushing  nmethod 0x000001ac3deb7c90
Event: 12.228 Thread 0x000001ac38880e00 flushing  nmethod 0x000001ac3e603b10
Event: 12.228 Thread 0x000001ac38880e00 flushing  nmethod 0x000001ac3d403590
Event: 12.228 Thread 0x000001ac38880e00 flushing  nmethod 0x000001ac3ce8a910
Event: 12.228 Thread 0x000001ac38880e00 flushing  nmethod 0x000001ac3d0afd10
Event: 12.228 Thread 0x000001ac38880e00 flushing  nmethod 0x000001ac3d9d2c10
Event: 12.228 Thread 0x000001ac38880e00 flushing  nmethod 0x000001ac454c8890
Event: 12.228 Thread 0x000001ac38880e00 flushing  nmethod 0x000001ac44c01d90
Event: 12.228 Thread 0x000001ac38880e00 flushing  nmethod 0x000001ac3ce1b090
Event: 12.228 Thread 0x000001ac38880e00 flushing  nmethod 0x000001ac3d293990
Event: 12.228 Thread 0x000001ac38880e00 flushing  nmethod 0x000001ac455fe610
Event: 12.228 Thread 0x000001ac38880e00 flushing  nmethod 0x000001ac45264410
Event: 12.228 Thread 0x000001ac38880e00 flushing  nmethod 0x000001ac4546e790
Event: 12.228 Thread 0x000001ac38880e00 flushing  nmethod 0x000001ac450b8990
Event: 12.228 Thread 0x000001ac38880e00 flushing  nmethod 0x000001ac3cbd5910
Event: 12.228 Thread 0x000001ac38880e00 flushing  nmethod 0x000001ac3ce1ba10
Event: 12.228 Thread 0x000001ac38880e00 flushing  nmethod 0x000001ac3d044190
Event: 12.228 Thread 0x000001ac38880e00 flushing  nmethod 0x000001ac44c49c10
Event: 12.228 Thread 0x000001ac38880e00 flushing  nmethod 0x000001ac3e341b90
Event: 12.228 Thread 0x000001ac38880e00 flushing  nmethod 0x000001ac44cc9a10
Event: 12.228 Thread 0x000001ac38880e00 flushing  nmethod 0x000001ac3d40c710
Event: 12.228 Thread 0x000001ac38880e00 flushing  nmethod 0x000001ac3e184410
Event: 12.228 Thread 0x000001ac38880e00 flushing  nmethod 0x000001ac3dad6b10
Event: 12.228 Thread 0x000001ac38880e00 flushing  nmethod 0x000001ac3d409a90
Event: 12.228 Thread 0x000001ac38880e00 flushing  nmethod 0x000001ac3d1a6190
Event: 12.228 Thread 0x000001ac38880e00 flushing  nmethod 0x000001ac45030610
Event: 12.228 Thread 0x000001ac38880e00 flushing  nmethod 0x000001ac3d34e910
Event: 12.228 Thread 0x000001ac38880e00 flushing  nmethod 0x000001ac3d820910
Event: 12.228 Thread 0x000001ac38880e00 flushing  nmethod 0x000001ac451a6010
Event: 12.228 Thread 0x000001ac38880e00 flushing  nmethod 0x000001ac3da27a90
Event: 12.228 Thread 0x000001ac38880e00 flushing  nmethod 0x000001ac3cebb290
Event: 12.228 Thread 0x000001ac38880e00 flushing  nmethod 0x000001ac3ceb5d90
Event: 12.228 Thread 0x000001ac38880e00 flushing  nmethod 0x000001ac3d40e410
Event: 12.228 Thread 0x000001ac38880e00 flushing  nmethod 0x000001ac3cdc7710
Event: 12.228 Thread 0x000001ac38880e00 flushing  nmethod 0x000001ac3e64d190
Event: 12.228 Thread 0x000001ac38880e00 flushing  nmethod 0x000001ac3ce2e690
Event: 12.228 Thread 0x000001ac38880e00 flushing  nmethod 0x000001ac3d25fa10
Event: 12.228 Thread 0x000001ac38880e00 flushing  nmethod 0x000001ac3d2c9f90
Event: 12.228 Thread 0x000001ac38880e00 flushing  nmethod 0x000001ac45319a90
Event: 12.228 Thread 0x000001ac38880e00 flushing  nmethod 0x000001ac44bf3010
Event: 12.228 Thread 0x000001ac38880e00 flushing  nmethod 0x000001ac44db1890
Event: 12.228 Thread 0x000001ac38880e00 flushing  nmethod 0x000001ac44a04690
Event: 12.228 Thread 0x000001ac38880e00 flushing  nmethod 0x000001ac3dc39090
Event: 12.228 Thread 0x000001ac38880e00 flushing  nmethod 0x000001ac3ccf7a90
Event: 12.228 Thread 0x000001ac38880e00 flushing  nmethod 0x000001ac3cf0f410
Event: 12.228 Thread 0x000001ac38880e00 flushing  nmethod 0x000001ac3da03110
Event: 12.228 Thread 0x000001ac38880e00 flushing  nmethod 0x000001ac3d243110
Event: 12.228 Thread 0x000001ac38880e00 flushing  nmethod 0x000001ac45664010
Event: 12.228 Thread 0x000001ac38880e00 flushing  nmethod 0x000001ac45285210
Event: 12.228 Thread 0x000001ac38880e00 flushing  nmethod 0x000001ac44b02390
Event: 12.228 Thread 0x000001ac38880e00 flushing  nmethod 0x000001ac3cf39510
Event: 12.228 Thread 0x000001ac38880e00 flushing  nmethod 0x000001ac3d201110
Event: 12.228 Thread 0x000001ac38880e00 flushing  nmethod 0x000001ac3d9eba10
Event: 12.228 Thread 0x000001ac38880e00 flushing  nmethod 0x000001ac45393890
Event: 12.228 Thread 0x000001ac38880e00 flushing  nmethod 0x000001ac44c2fd10
Event: 12.228 Thread 0x000001ac38880e00 flushing  nmethod 0x000001ac3d2b6b90
Event: 12.228 Thread 0x000001ac38880e00 flushing  nmethod 0x000001ac3dd26990
Event: 12.228 Thread 0x000001ac38880e00 flushing  nmethod 0x000001ac3d28b410
Event: 12.228 Thread 0x000001ac38880e00 flushing  nmethod 0x000001ac3cf26610
Event: 12.228 Thread 0x000001ac38880e00 flushing  nmethod 0x000001ac3dde7510
Event: 12.228 Thread 0x000001ac38880e00 flushing  nmethod 0x000001ac3e52fe10
Event: 12.228 Thread 0x000001ac38880e00 flushing  nmethod 0x000001ac3d288990
Event: 12.228 Thread 0x000001ac38880e00 flushing  nmethod 0x000001ac3d236210
Event: 12.228 Thread 0x000001ac38880e00 flushing  nmethod 0x000001ac45304010
Event: 12.228 Thread 0x000001ac38880e00 flushing  nmethod 0x000001ac45070c90
Event: 12.228 Thread 0x000001ac38880e00 flushing  nmethod 0x000001ac3d8bdf10
Event: 12.228 Thread 0x000001ac38880e00 flushing  nmethod 0x000001ac45312010
Event: 12.228 Thread 0x000001ac38880e00 flushing  nmethod 0x000001ac452c4a10
Event: 12.228 Thread 0x000001ac38880e00 flushing  nmethod 0x000001ac3e6b6c10
Event: 12.228 Thread 0x000001ac38880e00 flushing  nmethod 0x000001ac3d5ef210
Event: 12.228 Thread 0x000001ac38880e00 flushing  nmethod 0x000001ac45358c90
Event: 12.228 Thread 0x000001ac38880e00 flushing  nmethod 0x000001ac44cfae90
Event: 12.228 Thread 0x000001ac38880e00 flushing  nmethod 0x000001ac3cd47710
Event: 12.228 Thread 0x000001ac38880e00 flushing  nmethod 0x000001ac448e3110
Event: 12.228 Thread 0x000001ac38880e00 flushing  nmethod 0x000001ac3d68c910
Event: 12.228 Thread 0x000001ac38880e00 flushing  nmethod 0x000001ac3ce74010
Event: 12.228 Thread 0x000001ac38880e00 flushing  nmethod 0x000001ac44be6590
Event: 12.228 Thread 0x000001ac38880e00 flushing  nmethod 0x000001ac3e602310
Event: 12.228 Thread 0x000001ac38880e00 flushing  nmethod 0x000001ac3d7b0390
Event: 12.228 Thread 0x000001ac38880e00 flushing  nmethod 0x000001ac3e613590
Event: 12.228 Thread 0x000001ac38880e00 flushing  nmethod 0x000001ac3d168810
Event: 12.228 Thread 0x000001ac38880e00 flushing  nmethod 0x000001ac44eee290
Event: 12.228 Thread 0x000001ac38880e00 flushing  nmethod 0x000001ac4487e110
Event: 12.228 Thread 0x000001ac38880e00 flushing  nmethod 0x000001ac3d40dc10
Event: 12.228 Thread 0x000001ac38880e00 flushing  nmethod 0x000001ac3e717990
Event: 12.228 Thread 0x000001ac38880e00 flushing  nmethod 0x000001ac3cdc9990
Event: 12.228 Thread 0x000001ac38880e00 flushing  nmethod 0x000001ac3d9f5290
Event: 12.228 Thread 0x000001ac38880e00 flushing  nmethod 0x000001ac3cd7a210
Event: 12.228 Thread 0x000001ac38880e00 flushing  nmethod 0x000001ac3d207b90
Event: 12.228 Thread 0x000001ac38880e00 flushing  nmethod 0x000001ac3d27bd10
Event: 12.228 Thread 0x000001ac38880e00 flushing  nmethod 0x000001ac3cdf7290
Event: 12.228 Thread 0x000001ac38880e00 flushing  nmethod 0x000001ac3dd90110
Event: 12.228 Thread 0x000001ac38880e00 flushing  nmethod 0x000001ac3e6aa390
Event: 12.228 Thread 0x000001ac38880e00 flushing  nmethod 0x000001ac4482bd10
Event: 12.228 Thread 0x000001ac38880e00 flushing  nmethod 0x000001ac452d3290
Event: 12.228 Thread 0x000001ac38880e00 flushing  nmethod 0x000001ac3d1f8990
Event: 12.228 Thread 0x000001ac38880e00 flushing  nmethod 0x000001ac3d248610
Event: 12.228 Thread 0x000001ac38880e00 flushing  nmethod 0x000001ac3d455d90
Event: 12.228 Thread 0x000001ac38880e00 flushing  nmethod 0x000001ac3e002890
Event: 12.228 Thread 0x000001ac38880e00 flushing  nmethod 0x000001ac3cd70d90
Event: 12.228 Thread 0x000001ac38880e00 flushing  nmethod 0x000001ac3d6ce190
Event: 12.228 Thread 0x000001ac38880e00 flushing  nmethod 0x000001ac3dc48c90
Event: 12.228 Thread 0x000001ac38880e00 flushing  nmethod 0x000001ac3dc80790
Event: 12.228 Thread 0x000001ac38880e00 flushing  nmethod 0x000001ac3d251d90
Event: 12.228 Thread 0x000001ac38880e00 flushing  nmethod 0x000001ac3e5b4190
Event: 12.228 Thread 0x000001ac38880e00 flushing  nmethod 0x000001ac3de6c190
Event: 12.228 Thread 0x000001ac38880e00 flushing  nmethod 0x000001ac45526d10
Event: 12.228 Thread 0x000001ac38880e00 flushing  nmethod 0x000001ac3e594b10
Event: 12.228 Thread 0x000001ac38880e00 flushing  nmethod 0x000001ac3e343f90
Event: 12.228 Thread 0x000001ac38880e00 flushing  nmethod 0x000001ac3cd52810
Event: 12.228 Thread 0x000001ac38880e00 flushing  nmethod 0x000001ac3ced6590
Event: 12.228 Thread 0x000001ac38880e00 flushing  nmethod 0x000001ac3deba390
Event: 12.228 Thread 0x000001ac38880e00 flushing  nmethod 0x000001ac3d252a90
Event: 12.228 Thread 0x000001ac38880e00 flushing  nmethod 0x000001ac45227590
Event: 12.228 Thread 0x000001ac38880e00 flushing  nmethod 0x000001ac44fd7890
Event: 12.228 Thread 0x000001ac38880e00 flushing  nmethod 0x000001ac3e544990
Event: 12.228 Thread 0x000001ac38880e00 flushing  nmethod 0x000001ac3cbdc310
Event: 12.228 Thread 0x000001ac38880e00 flushing  nmethod 0x000001ac4516bb10
Event: 12.228 Thread 0x000001ac38880e00 flushing  nmethod 0x000001ac3dd6ef10
Event: 12.228 Thread 0x000001ac38880e00 flushing  nmethod 0x000001ac454f2790
Event: 12.228 Thread 0x000001ac38880e00 flushing  nmethod 0x000001ac3e6f8090
Event: 12.228 Thread 0x000001ac38880e00 flushing  nmethod 0x000001ac3cc64110
Event: 12.228 Thread 0x000001ac38880e00 flushing  nmethod 0x000001ac3d280110
Event: 12.228 Thread 0x000001ac38880e00 flushing  nmethod 0x000001ac3d71c990
Event: 12.228 Thread 0x000001ac38880e00 flushing  nmethod 0x000001ac44b35a10
Event: 12.228 Thread 0x000001ac38880e00 flushing  nmethod 0x000001ac3dd84d10
Event: 12.228 Thread 0x000001ac38880e00 flushing  nmethod 0x000001ac3d756510
Event: 12.228 Thread 0x000001ac38880e00 flushing  nmethod 0x000001ac3cd87f10
Event: 12.228 Thread 0x000001ac38880e00 flushing  nmethod 0x000001ac3cc96710
Event: 12.228 Thread 0x000001ac38880e00 flushing  nmethod 0x000001ac451a3490
Event: 12.228 Thread 0x000001ac38880e00 flushing  nmethod 0x000001ac44dfd090
Event: 12.228 Thread 0x000001ac38880e00 flushing  nmethod 0x000001ac3cf1bf90
Event: 12.228 Thread 0x000001ac38880e00 flushing  nmethod 0x000001ac449cca10
Event: 12.228 Thread 0x000001ac38880e00 flushing  nmethod 0x000001ac3d56a010
Event: 12.228 Thread 0x000001ac38880e00 flushing  nmethod 0x000001ac3d295a90
Event: 12.228 Thread 0x000001ac38880e00 flushing  nmethod 0x000001ac3da50690
Event: 12.228 Thread 0x000001ac38880e00 flushing  nmethod 0x000001ac3e6d8d90
Event: 12.228 Thread 0x000001ac38880e00 flushing  nmethod 0x000001ac454d0d10
Event: 12.228 Thread 0x000001ac38880e00 flushing  nmethod 0x000001ac3d57f490
Event: 12.228 Thread 0x000001ac38880e00 flushing  nmethod 0x000001ac3e540490
Event: 12.228 Thread 0x000001ac38880e00 flushing  nmethod 0x000001ac3d64a410
Event: 12.228 Thread 0x000001ac38880e00 flushing  nmethod 0x000001ac3cede790
Event: 12.228 Thread 0x000001ac38880e00 flushing  nmethod 0x000001ac3e152a90
Event: 12.228 Thread 0x000001ac38880e00 flushing  nmethod 0x000001ac3d056910
Event: 12.228 Thread 0x000001ac38880e00 flushing  nmethod 0x000001ac45115710
Event: 12.228 Thread 0x000001ac38880e00 flushing  nmethod 0x000001ac4500a210

Events (250 events):
Event: 9.097 Thread 0x000001b0588814a0 Thread added: 0x000001b058882910
Event: 9.097 Thread 0x000001b0588814a0 Thread added: 0x000001b0588858c0
Event: 9.127 Thread 0x000001ac3904f3a0 Thread added: 0x000001b0a13054a0
Event: 9.131 Thread 0x000001ac3904f3a0 Thread added: 0x000001b0a1303a60
Event: 9.131 Thread 0x000001ac3904f3a0 Thread added: 0x000001b0546c5c40
Event: 9.257 Thread 0x000001b0a1303a60 Thread added: 0x000001b0546c6960
Event: 9.257 Thread 0x000001b0546c6960 Thread exited: 0x000001b0546c6960
Event: 9.338 Thread 0x000001b0570c7b70 Thread exited: 0x000001b0570c7b70
Event: 9.384 Thread 0x000001b0a13054a0 Thread added: 0x000001b0546c4200
Event: 9.384 Thread 0x000001b0546c4200 Thread exited: 0x000001b0546c4200
Event: 9.456 Thread 0x000001b0570c6130 Thread exited: 0x000001b0570c6130
Event: 9.456 Thread 0x000001b0a13026b0 Thread exited: 0x000001b0a13026b0
Event: 9.456 Thread 0x000001b0570ca960 Thread exited: 0x000001b0570ca960
Event: 9.456 Thread 0x000001b0570ca2d0 Thread exited: 0x000001b0570ca2d0
Event: 9.456 Thread 0x000001b0570c9c40 Thread exited: 0x000001b0570c9c40
Event: 9.456 Thread 0x000001b0a12ff230 Thread exited: 0x000001b0a12ff230
Event: 9.456 Thread 0x000001b0570c8890 Thread exited: 0x000001b0570c8890
Event: 9.456 Thread 0x000001b0570c8200 Thread exited: 0x000001b0570c8200
Event: 9.456 Thread 0x000001b0a1306850 Thread exited: 0x000001b0a1306850
Event: 9.456 Thread 0x000001b0570c5410 Thread exited: 0x000001b0570c5410
Event: 9.456 Thread 0x000001b0a13005e0 Thread exited: 0x000001b0a13005e0
Event: 9.456 Thread 0x000001b0570c74e0 Thread exited: 0x000001b0570c74e0
Event: 9.456 Thread 0x000001b0570c5aa0 Thread exited: 0x000001b0570c5aa0
Event: 9.456 Thread 0x000001b0542e0d90 Thread exited: 0x000001b0542e0d90
Event: 9.456 Thread 0x000001b0570caff0 Thread exited: 0x000001b0570caff0
Event: 9.499 Thread 0x000001ac3904f3a0 Thread added: 0x000001b0546c34e0
Event: 9.499 Thread 0x000001b0546c34e0 Thread added: 0x000001b0546c4f20
Event: 9.499 Thread 0x000001ac3904f3a0 Thread added: 0x000001b0546c4890
Event: 9.499 Thread 0x000001b0546c4f20 Thread added: 0x000001b0546c55b0
Event: 9.499 Thread 0x000001b0546c4890 Thread added: 0x000001b0546c0d80
Event: 9.499 Thread 0x000001b0546c55b0 Thread added: 0x000001b0546c2130
Event: 9.499 Thread 0x000001b0546c0d80 Thread added: 0x000001b0546c6960
Event: 9.499 Thread 0x000001b0546c2130 Thread added: 0x000001b0546c0060
Event: 9.499 Thread 0x000001b0546c6960 Thread added: 0x000001b0546c7680
Event: 9.499 Thread 0x000001b0546c0060 Thread added: 0x000001b0546c6ff0
Event: 9.499 Thread 0x000001b0546c7680 Thread added: 0x000001b0546c1410
Event: 9.499 Thread 0x000001b0546c6ff0 Thread added: 0x000001b0546c1aa0
Event: 9.500 Thread 0x000001b0546c1410 Thread added: 0x000001b0546c27c0
Event: 9.500 Thread 0x000001b0546c1aa0 Thread added: 0x000001b0546c2e50
Event: 9.500 Thread 0x000001b0546c27c0 Thread added: 0x000001b0546c3b70
Event: 9.500 Thread 0x000001b0546c2e50 Thread added: 0x000001b0546c4200
Event: 9.538 Thread 0x000001b0a1303a60 Thread added: 0x000001b0570c5410
Event: 9.538 Thread 0x000001b0570c5410 Thread exited: 0x000001b0570c5410
Event: 9.667 Thread 0x000001b0546c0d80 Thread added: 0x000001b0570c74e0
Event: 9.686 Thread 0x000001b0546c4890 Thread added: 0x000001b0570c7b70
Event: 9.686 Thread 0x000001b0546c4890 Thread added: 0x000001b0570ca960
Event: 9.687 Thread 0x000001b0546c4890 Thread added: 0x000001b0570c5aa0
Event: 9.731 Thread 0x000001b0546c0d80 Thread added: 0x000001b0570c9c40
Event: 9.830 Thread 0x000001b0546c2130 Thread added: 0x000001b0570ca2d0
Event: 9.830 Thread 0x000001b0546c2130 Thread added: 0x000001b0570c8200
Event: 9.846 Thread 0x000001b0546c4f20 Thread added: 0x000001b0570c5410
Event: 9.963 Thread 0x000001b0570c5410 Thread added: 0x000001b0570c6130
Event: 9.969 Thread 0x000001b0570c5410 Thread added: 0x000001b0570c8890
Event: 10.083 Thread 0x000001b0546c6960 Thread added: 0x000001b0a13026b0
Event: 10.206 Thread 0x000001b0546c27c0 Thread added: 0x000001b0a12ff230
Event: 10.245 Thread 0x000001b0546c0060 Thread added: 0x000001b0a1306850
Event: 10.246 Thread 0x000001b0a1306850 Thread added: 0x000001b0a13005e0
Event: 10.272 Thread 0x000001b0546c0060 Thread added: 0x000001b0542e0d90
Event: 10.317 Thread 0x000001b0546c0060 Thread added: 0x000001b0b451ab10
Event: 10.326 Thread 0x000001b0546c0060 Thread added: 0x000001b0b4517d20
Event: 10.327 Thread 0x000001b0546c0060 Thread added: 0x000001b0b45183b0
Event: 10.398 Thread 0x000001b0542df9e0 Thread added: 0x000001b0b4519760
Event: 10.398 Thread 0x000001b0b4519760 Thread exited: 0x000001b0b4519760
Event: 10.474 Thread 0x000001b0a13026b0 Thread added: 0x000001b0b4518a40
Event: 10.474 Thread 0x000001b0b4518a40 Thread exited: 0x000001b0b4518a40
Event: 10.690 Thread 0x000001b0570ca960 Thread exited: 0x000001b0570ca960
Event: 10.845 Thread 0x000001b0588858c0 Thread exited: 0x000001b0588858c0
Event: 10.845 Thread 0x000001b058882910 Thread exited: 0x000001b058882910
Event: 10.845 Thread 0x000001b058881b70 Thread exited: 0x000001b058881b70
Event: 10.851 Thread 0x000001b0588814a0 Thread exited: 0x000001b0588814a0
Event: 10.851 Thread 0x000001b058886d30 Thread exited: 0x000001b058886d30
Event: 10.994 Thread 0x000001b053183cd0 Thread exited: 0x000001b053183cd0
Event: 11.234 Thread 0x000001b0a13026b0 Thread added: 0x000001b0b4519760
Event: 11.234 Thread 0x000001b0b4519760 Thread exited: 0x000001b0b4519760
Event: 11.969 Thread 0x000001b053b80ca0 Thread exited: 0x000001b053b80ca0
Event: 12.547 Thread 0x000001b0546c0d80 Thread added: 0x000001b0b4517000
Event: 12.626 Thread 0x000001ac3904f3a0 Thread added: 0x000001b0b451a480
Event: 12.627 Thread 0x000001ac38df3610 Thread added: 0x000001b0531ef780
Event: 12.629 Thread 0x000001b0531ef780 Thread added: 0x000001b0531f0520
Event: 12.651 Thread 0x000001ac38cd1760 Thread added: 0x000001b0531f0bf0
Event: 12.704 Thread 0x000001ac38f3b1c0 Thread added: 0x000001b058884b20
Event: 12.704 Thread 0x000001ac38f3b1c0 Thread added: 0x000001b0588858c0
Event: 12.708 Thread 0x000001ac38f3b1c0 Thread added: 0x000001b058886660
Event: 12.708 Thread 0x000001ac38f3b1c0 Thread added: 0x000001b058880dd0
Event: 12.938 Thread 0x000001b058880dd0 Thread exited: 0x000001b058880dd0
Event: 12.938 Thread 0x000001b058886660 Thread exited: 0x000001b058886660
Event: 12.976 Thread 0x000001b0588858c0 Thread exited: 0x000001b0588858c0
Event: 13.729 Thread 0x000001b058884b20 Thread exited: 0x000001b058884b20
Event: 13.870 Thread 0x000001b0531f0bf0 Thread exited: 0x000001b0531f0bf0
Event: 13.952 Thread 0x000001b0531f0520 Thread exited: 0x000001b0531f0520
Event: 14.021 Thread 0x000001b0531ef780 Thread exited: 0x000001b0531ef780
Event: 15.445 Thread 0x000001ac38df3610 Thread added: 0x000001b0588814a0
Event: 15.447 Thread 0x000001ac38f3b1c0 Thread added: 0x000001b058881b70
Event: 15.447 Thread 0x000001ac38f3b1c0 Thread added: 0x000001b058882240
Event: 15.447 Thread 0x000001ac38f3b1c0 Thread added: 0x000001b058884b20
Event: 15.550 Thread 0x000001ac38f3b1c0 Thread added: 0x000001b0588858c0
Event: 15.567 Thread 0x000001ac38f3b1c0 Thread added: 0x000001b058886660
Event: 15.656 Thread 0x000001ac3904f3a0 Thread added: 0x000001b0b451bec0
Event: 16.040 Thread 0x000001b058886660 Thread exited: 0x000001b058886660
Event: 16.086 Thread 0x000001b0588858c0 Thread exited: 0x000001b0588858c0
Event: 16.501 Thread 0x000001ac3904f3a0 Thread added: 0x000001b0b45155c0
Event: 16.759 Thread 0x000001ac3904f3a0 Thread added: 0x000001b0b4516970
Event: 16.760 Thread 0x000001ac3904f3a0 Thread added: 0x000001b0b4517690
Event: 16.760 Thread 0x000001b0b4517690 Thread added: 0x000001b0a7f5a180
Event: 16.760 Thread 0x000001b0546c0d80 Thread added: 0x000001b0a7f58740
Event: 16.760 Thread 0x000001b0a7f58740 Thread added: 0x000001b0a1302d40
Event: 16.760 Thread 0x000001b0546c0d80 Thread added: 0x000001b0a1301990
Event: 16.761 Thread 0x000001b0a1302d40 Thread added: 0x000001b0570ca960
Event: 16.761 Thread 0x000001b0a1301990 Thread added: 0x000001b0570caff0
Event: 16.761 Thread 0x000001b058882240 Thread added: 0x000001b0588858c0
Event: 16.761 Thread 0x000001b0570ca960 Thread added: 0x000001b0542e0700
Event: 16.761 Thread 0x000001b0a7f58740 Thread added: 0x000001b0adbd8770
Event: 16.761 Thread 0x000001b0570ca960 Thread added: 0x000001b0adbd38b0
Event: 16.761 Thread 0x000001b0570caff0 Thread added: 0x000001b0adbd7a50
Event: 16.761 Thread 0x000001b0542e0700 Thread added: 0x000001b0adbd8e00
Event: 16.761 Thread 0x000001b0570ca960 Thread added: 0x000001b0adbd2b90
Event: 16.765 Thread 0x000001b0a1301990 Thread added: 0x000001b0adbd80e0
Event: 16.766 Thread 0x000001b0adbd80e0 Thread added: 0x000001b0adbd66a0
Event: 16.811 Thread 0x000001ac38f3b1c0 Thread added: 0x000001b058886660
Event: 16.813 Thread 0x000001ac38d70f80 Thread added: 0x000001b0b6c51c10
Event: 16.814 Thread 0x000001b0588858c0 Thread added: 0x000001b0b6c53080
Event: 16.821 Thread 0x000001b0570ca960 Thread added: 0x000001b0adbd52f0
Event: 16.849 Thread 0x000001b0adbd66a0 Thread added: 0x000001b0adbd6d30
Event: 16.849 Thread 0x000001b0adbd66a0 Thread added: 0x000001b0adbd2500
Event: 17.195 Thread 0x000001ac3904f3a0 Thread added: 0x000001b0adbd45d0
Event: 17.424 Thread 0x000001ac3904f3a0 Thread added: 0x000001b0e2a10640
Event: 17.432 Thread 0x000001ac3904f3a0 Thread added: 0x000001b0e2a0e570
Event: 17.933 Thread 0x000001b0b6c53080 Thread exited: 0x000001b0b6c53080
Event: 17.984 Thread 0x000001b0b6c51c10 Thread exited: 0x000001b0b6c51c10
Event: 17.985 Thread 0x000001b058886660 Thread exited: 0x000001b058886660
Event: 17.985 Thread 0x000001b058884b20 Thread exited: 0x000001b058884b20
Event: 17.997 Thread 0x000001b058882240 Thread exited: 0x000001b058882240
Event: 17.997 Thread 0x000001b058881b70 Thread exited: 0x000001b058881b70
Event: 17.997 Thread 0x000001b0588814a0 Thread exited: 0x000001b0588814a0
Event: 18.075 Thread 0x000001ac38df3610 Thread added: 0x000001b0b6c51540
Event: 18.075 Thread 0x000001ac38df3610 Thread added: 0x000001b0b6c51c10
Event: 18.075 Thread 0x000001ac38df3610 Thread added: 0x000001b0b6c529b0
Event: 18.075 Thread 0x000001ac38df3610 Thread added: 0x000001b0b6c53080
Event: 18.075 Thread 0x000001ac38df3610 Thread added: 0x000001b058884b20
Event: 18.075 Thread 0x000001ac38df3610 Thread added: 0x000001b058886660
Event: 18.122 Thread 0x000001ac3904f3a0 Thread added: 0x000001b0e2a10cd0
Event: 18.124 Thread 0x000001ac3904f3a0 Thread added: 0x000001b0e2a11360
Event: 18.158 Thread 0x000001b0542e0700 Thread added: 0x000001b0e2a0ec00
Event: 18.159 Thread 0x000001b0542e0700 Thread added: 0x000001b0e2a0f290
Event: 18.181 Thread 0x000001ac3904f3a0 Thread added: 0x000001b0e2a0f920
Event: 18.185 Thread 0x000001ac3904f3a0 Thread added: 0x000001b0e4dae6c0
Event: 18.205 Thread 0x000001b0588858c0 Thread added: 0x000001b0588814a0
Event: 18.257 Thread 0x000001b0570ca960 Thread added: 0x000001b0e4dae030
Event: 18.258 Thread 0x000001b0570ca960 Thread added: 0x000001b0e4daed50
Event: 18.328 Thread 0x000001b0e2a0f290 Thread added: 0x000001b0e4dac5f0
Event: 18.329 Thread 0x000001b0e4dac5f0 Thread exited: 0x000001b0e4dac5f0
Event: 18.342 Thread 0x000001b0e2a0ec00 Thread added: 0x000001b0e4dabf60
Event: 18.342 Thread 0x000001b0e4dabf60 Thread exited: 0x000001b0e4dabf60
Event: 18.400 Thread 0x000001ac3904f3a0 Thread added: 0x000001b0e4dabf60
Event: 18.404 Thread 0x000001b0e4dabf60 Thread exited: 0x000001b0e4dabf60
Event: 18.413 Thread 0x000001b0e2a0f290 Thread exited: 0x000001b0e2a0f290
Event: 18.418 Thread 0x000001ac3904f3a0 Thread added: 0x000001b0e4dab8d0
Event: 18.419 Thread 0x000001b0e4dab8d0 Thread exited: 0x000001b0e4dab8d0
Event: 18.419 Thread 0x000001ac3904f3a0 Thread added: 0x000001b0e4dac5f0
Event: 18.419 Thread 0x000001b0e4dac5f0 Thread exited: 0x000001b0e4dac5f0
Event: 18.437 Thread 0x000001b0e2a0ec00 Thread exited: 0x000001b0e2a0ec00
Event: 18.616 Thread 0x000001b0588814a0 Thread exited: 0x000001b0588814a0
Event: 18.919 Thread 0x000001b058886660 Thread exited: 0x000001b058886660
Event: 19.094 Thread 0x000001b058884b20 Thread exited: 0x000001b058884b20
Event: 19.095 Thread 0x000001b0b6c53080 Thread exited: 0x000001b0b6c53080
Event: 19.095 Thread 0x000001b0b6c529b0 Thread exited: 0x000001b0b6c529b0
Event: 19.168 Thread 0x000001b0b6c51c10 Thread exited: 0x000001b0b6c51c10
Event: 19.512 Thread 0x000001b0b6c51540 Thread exited: 0x000001b0b6c51540
Event: 20.117 Thread 0x000001b0588858c0 Thread added: 0x000001b058886660
Event: 20.117 Thread 0x000001b0588858c0 Thread added: 0x000001b0588814a0
Event: 20.424 Thread 0x000001b0588858c0 Thread added: 0x000001b0b6c51540
Event: 20.425 Thread 0x000001ac38cd1760 Thread added: 0x000001b0b6c51c10
Event: 20.443 Thread 0x000001b0b6c51c10 Thread added: 0x000001b0b6c53080
Event: 20.443 Thread 0x000001b0b6c51c10 Thread added: 0x000001b0b6c529b0
Event: 21.002 Thread 0x000001b0b6c529b0 Thread exited: 0x000001b0b6c529b0
Event: 21.021 Thread 0x000001b0adbd80e0 Thread exited: 0x000001b0adbd80e0
Event: 21.038 Thread 0x000001b0b6c53080 Thread exited: 0x000001b0b6c53080
Event: 21.269 Thread 0x000001b0b6c51c10 Thread exited: 0x000001b0b6c51c10
Event: 21.347 Thread 0x000001b0b6c51540 Thread exited: 0x000001b0b6c51540
Event: 21.358 Thread 0x000001b0588814a0 Thread exited: 0x000001b0588814a0
Event: 21.358 Thread 0x000001b058886660 Thread exited: 0x000001b058886660
Event: 23.097 Thread 0x000001ac38cd1760 Thread added: 0x000001b0b6c51540
Event: 23.213 Thread 0x000001b0e2a0f920 Thread added: 0x000001b0e4dad9a0
Event: 24.256 Thread 0x000001b0b6c51540 Thread added: 0x000001b0b6c529b0
Event: 24.328 Thread 0x000001b0adbd8e00 Thread added: 0x000001b0e4dacc80
Event: 24.398 Thread 0x000001b0a1302d40 Thread added: 0x000001b0adbd80e0
Event: 24.399 Thread 0x000001b0adbd80e0 Thread exited: 0x000001b0adbd80e0
Event: 24.449 Thread 0x000001b0588858c0 Thread added: 0x000001b0b6c53080
Event: 24.449 Thread 0x000001b0588858c0 Thread added: 0x000001b0588814a0
Event: 24.465 Thread 0x000001ac38df3610 Thread added: 0x000001b058886660
Event: 24.465 Thread 0x000001ac38df3610 Thread added: 0x000001b0a98fd680
Event: 24.473 Thread 0x000001b0e4dacc80 Thread exited: 0x000001b0e4dacc80
Event: 24.675 Thread 0x000001ac3904f3a0 Thread added: 0x000001b0e4dacc80
Event: 24.675 Thread 0x000001ac3904f3a0 Thread added: 0x000001b0a817abf0
Event: 24.675 Thread 0x000001ac3904f3a0 Thread added: 0x000001b0a817ed90
Event: 24.675 Thread 0x000001ac3904f3a0 Thread added: 0x000001b0a817fab0
Event: 25.745 Thread 0x000001b0a98fd680 Thread exited: 0x000001b0a98fd680
Event: 25.876 Thread 0x000001b058886660 Thread exited: 0x000001b058886660
Event: 25.976 Thread 0x000001b0588858c0 Thread exited: 0x000001b0588858c0
Event: 25.976 Thread 0x000001ac38f3b1c0 Thread exited: 0x000001ac38f3b1c0
Event: 25.976 Thread 0x000001b0588814a0 Thread exited: 0x000001b0588814a0
Event: 25.981 Thread 0x000001b0b6c53080 Thread exited: 0x000001b0b6c53080
Event: 25.981 Thread 0x000001b0b6c529b0 Thread exited: 0x000001b0b6c529b0
Event: 25.995 Thread 0x000001ac38d70f80 Thread added: 0x000001b0a98fe420
Event: 26.001 Thread 0x000001b0b6c51540 Thread added: 0x000001b0a98ff1c0
Event: 26.058 Thread 0x000001ac38df3610 Thread added: 0x000001b0a98ff890
Event: 26.107 Thread 0x000001ac3904f3a0 Thread added: 0x000001b0a8180140
Event: 26.107 Thread 0x000001ac3904f3a0 Thread added: 0x000001b0a817e700
Event: 26.108 Thread 0x000001ac3904f3a0 Thread added: 0x000001b0a8181b80
Event: 26.108 Thread 0x000001b0a8180140 Thread exited: 0x000001b0a8180140
Event: 26.108 Thread 0x000001b0a817e700 Thread exited: 0x000001b0a817e700
Event: 26.109 Thread 0x000001b0a8181b80 Thread exited: 0x000001b0a8181b80
Event: 26.110 Thread 0x000001ac3904f3a0 Thread added: 0x000001b0a817e070
Event: 26.110 Thread 0x000001ac3904f3a0 Thread added: 0x000001b0a8181b80
Event: 26.110 Thread 0x000001ac3904f3a0 Thread added: 0x000001b0a817b910
Event: 26.111 Thread 0x000001ac3904f3a0 Thread added: 0x000001b0a817f420
Event: 26.111 Thread 0x000001b0a817e070 Thread exited: 0x000001b0a817e070
Event: 26.111 Thread 0x000001b0a8181b80 Thread exited: 0x000001b0a8181b80
Event: 26.111 Thread 0x000001b0a817b910 Thread exited: 0x000001b0a817b910
Event: 26.111 Thread 0x000001b0a817f420 Thread exited: 0x000001b0a817f420
Event: 26.111 Thread 0x000001ac3904f3a0 Thread added: 0x000001b0a8180e60
Event: 26.111 Thread 0x000001b0a8180e60 Thread exited: 0x000001b0a8180e60
Event: 26.112 Thread 0x000001ac3904f3a0 Thread added: 0x000001b0a817c630
Event: 26.130 Thread 0x000001ac3904f3a0 Thread added: 0x000001b0a817ccc0
Event: 26.134 Thread 0x000001b0a817ccc0 Thread exited: 0x000001b0a817ccc0
Event: 26.137 Thread 0x000001ac3904f3a0 Thread added: 0x000001b0a817d9e0
Event: 26.137 Thread 0x000001b0a817d9e0 Thread exited: 0x000001b0a817d9e0
Event: 26.137 Thread 0x000001ac3904f3a0 Thread added: 0x000001b0a8180140
Event: 26.137 Thread 0x000001b0a8180140 Thread exited: 0x000001b0a8180140
Event: 26.292 Thread 0x000001b0a98ff1c0 Thread exited: 0x000001b0a98ff1c0
Event: 26.486 Thread 0x000001b0e4dae6c0 Thread added: 0x000001b0a8180e60
Event: 26.486 Thread 0x000001b0a8180e60 Thread exited: 0x000001b0a8180e60
Event: 27.092 Thread 0x000001b0a98ff890 Thread exited: 0x000001b0a98ff890
Event: 27.092 Thread 0x000001b0b6c51540 Thread exited: 0x000001b0b6c51540
Event: 27.093 Thread 0x000001ac3904f3a0 Thread added: 0x000001b0a8180e60
Event: 27.094 Thread 0x000001ac3904f3a0 Thread added: 0x000001b0a8182210
Event: 27.094 Thread 0x000001b0a8182210 Thread exited: 0x000001b0a8182210
Event: 27.120 Thread 0x000001ac3904f3a0 Thread added: 0x000001b0a817d9e0
Event: 27.124 Thread 0x000001ac3904f3a0 Thread added: 0x000001b0a8180140
Event: 27.143 Thread 0x000001b0a98fe420 Thread added: 0x000001b0a98fb470
Event: 27.179 Thread 0x000001b0a817d9e0 Thread added: 0x000001b0a81814f0
Event: 27.179 Thread 0x000001b0a817d9e0 Thread added: 0x000001b0a817b280
Event: 27.179 Thread 0x000001b0a817d9e0 Thread exited: 0x000001b0a817d9e0
Event: 27.184 Thread 0x000001b0a8180e60 Thread exited: 0x000001b0a8180e60
Event: 27.201 Thread 0x000001ac3904f3a0 Thread added: 0x000001b0a8182210
Event: 27.203 Thread 0x000001b0a8182210 Thread added: 0x000001b0a817b910
Event: 27.206 Thread 0x000001b0a817b280 Thread exited: 0x000001b0a817b280
Event: 27.243 Thread 0x000001ac38df3610 Thread added: 0x000001b0a98fd680
Event: 27.296 Thread 0x000001b0a8182210 Thread added: 0x000001b0a817b280
Event: 27.296 Thread 0x000001b0a8182210 Thread added: 0x000001b0a817d350


Dynamic libraries:
0x00007ff6dc730000 - 0x00007ff6dc745000 	C:\Games\Minecraft\Install\runtime\minecraft-java-exe\windows-x64\minecraft-java-exe\MinecraftJava.exe
0x00007ffdfb650000 - 0x00007ffdfb847000 	C:\Windows\SYSTEM32\ntdll.dll
0x00007ffdfa590000 - 0x00007ffdfa64d000 	C:\Windows\System32\KERNEL32.DLL
0x00007ffdf9190000 - 0x00007ffdf9486000 	C:\Windows\System32\KERNELBASE.dll
0x00007ffdfa800000 - 0x00007ffdfa99e000 	C:\Windows\System32\USER32.dll
0x00007ffdf8d60000 - 0x00007ffdf8d82000 	C:\Windows\System32\win32u.dll
0x00007ffdfa290000 - 0x00007ffdfa2bc000 	C:\Windows\System32\GDI32.dll
0x00007ffdf8ec0000 - 0x00007ffdf8fda000 	C:\Windows\System32\gdi32full.dll
0x00007ffdf8d90000 - 0x00007ffdf8e2d000 	C:\Windows\System32\msvcp_win.dll
0x00007ffdf9090000 - 0x00007ffdf9190000 	C:\Windows\System32\ucrtbase.dll
0x00007ffdd9890000 - 0x00007ffdd9918000 	C:\Windows\SYSTEM32\MSVCP140.dll
0x00007ffdd9930000 - 0x00007ffdd994e000 	C:\Windows\SYSTEM32\VCRUNTIME140.dll
0x00007ffdd9920000 - 0x00007ffdd992b000 	C:\Windows\SYSTEM32\VCRUNTIME140_1.dll
0x00007ffdf9990000 - 0x00007ffdf99c0000 	C:\Windows\System32\IMM32.DLL
0x00007ffdcebc0000 - 0x00007ffdcebd8000 	C:\Games\Minecraft\Install\runtime\java-runtime-delta\windows-x64\java-runtime-delta\bin\jli.dll
0x00007ffddcbb0000 - 0x00007ffddcc60000 	C:\Windows\WinSxS\amd64_microsoft.windows.common-controls_6595b64144ccf1df_5.82.19041.3570_none_793094a72440f60b\COMCTL32.dll
0x00007ffdfaa60000 - 0x00007ffdfab0e000 	C:\Windows\System32\ADVAPI32.dll
0x00007ffdfb210000 - 0x00007ffdfb2ae000 	C:\Windows\System32\msvcrt.dll
0x00007ffdfa2c0000 - 0x00007ffdfa35c000 	C:\Windows\System32\sechost.dll
0x00007ffdfab10000 - 0x00007ffdfac36000 	C:\Windows\System32\RPCRT4.dll
0x00007ffdc7470000 - 0x00007ffdc748d000 	C:\Games\Minecraft\Install\runtime\java-runtime-delta\windows-x64\java-runtime-delta\bin\vcruntime140.dll
0x00007ffdda250000 - 0x00007ffdda25c000 	C:\Games\Minecraft\Install\runtime\java-runtime-delta\windows-x64\java-runtime-delta\bin\vcruntime140_1.dll
0x00007ffda5550000 - 0x00007ffda55dd000 	C:\Games\Minecraft\Install\runtime\java-runtime-delta\windows-x64\java-runtime-delta\bin\msvcp140.dll
0x00007ffcd4870000 - 0x00007ffcd5608000 	C:\Games\Minecraft\Install\runtime\java-runtime-delta\windows-x64\java-runtime-delta\bin\server\jvm.dll
0x00007ffdfac50000 - 0x00007ffdfacbb000 	C:\Windows\System32\WS2_32.dll
0x00007ffdf8250000 - 0x00007ffdf829b000 	C:\Windows\SYSTEM32\POWRPROF.dll
0x00007ffdf2580000 - 0x00007ffdf258a000 	C:\Windows\SYSTEM32\VERSION.dll
0x00007ffdea710000 - 0x00007ffdea737000 	C:\Windows\SYSTEM32\WINMM.dll
0x00007ffdf80c0000 - 0x00007ffdf80d2000 	C:\Windows\SYSTEM32\UMPDC.dll
0x00007ffdf6b60000 - 0x00007ffdf6b72000 	C:\Windows\SYSTEM32\kernel.appcore.dll
0x00007ffdd3a40000 - 0x00007ffdd3a4a000 	C:\Games\Minecraft\Install\runtime\java-runtime-delta\windows-x64\java-runtime-delta\bin\jimage.dll
0x00007ffdeefb0000 - 0x00007ffdef194000 	C:\Windows\SYSTEM32\DBGHELP.DLL
0x00007ffdee5b0000 - 0x00007ffdee5e4000 	C:\Windows\SYSTEM32\dbgcore.DLL
0x00007ffdf8e30000 - 0x00007ffdf8eb2000 	C:\Windows\System32\bcryptPrimitives.dll
0x00007ffdcfe80000 - 0x00007ffdcfe8f000 	C:\Games\Minecraft\Install\runtime\java-runtime-delta\windows-x64\java-runtime-delta\bin\instrument.dll
0x00007ffdc6e90000 - 0x00007ffdc6eb0000 	C:\Games\Minecraft\Install\runtime\java-runtime-delta\windows-x64\java-runtime-delta\bin\java.dll
0x00007ffda5d80000 - 0x00007ffda5d98000 	C:\Games\Minecraft\Install\runtime\java-runtime-delta\windows-x64\java-runtime-delta\bin\zip.dll
0x00007ffdf9a70000 - 0x00007ffdfa1b4000 	C:\Windows\System32\SHELL32.dll
0x00007ffdf6d60000 - 0x00007ffdf74fb000 	C:\Windows\SYSTEM32\windows.storage.dll
0x00007ffdfb2b0000 - 0x00007ffdfb604000 	C:\Windows\System32\combase.dll
0x00007ffdf86e0000 - 0x00007ffdf870d000 	C:\Windows\SYSTEM32\Wldp.dll
0x00007ffdf9790000 - 0x00007ffdf983d000 	C:\Windows\System32\SHCORE.dll
0x00007ffdfa9a0000 - 0x00007ffdfa9f5000 	C:\Windows\System32\shlwapi.dll
0x00007ffdf8c60000 - 0x00007ffdf8c85000 	C:\Windows\SYSTEM32\profapi.dll
0x00007ffda5470000 - 0x00007ffda5546000 	C:\Games\Minecraft\Install\runtime\java-runtime-delta\windows-x64\java-runtime-delta\bin\jsvml.dll
0x00007ffdcda60000 - 0x00007ffdcda70000 	C:\Games\Minecraft\Install\runtime\java-runtime-delta\windows-x64\java-runtime-delta\bin\net.dll
0x00007ffdf1d30000 - 0x00007ffdf1e3a000 	C:\Windows\SYSTEM32\WINHTTP.dll
0x00007ffdf8440000 - 0x00007ffdf84aa000 	C:\Windows\system32\mswsock.dll
0x00007ffda5420000 - 0x00007ffda5436000 	C:\Games\Minecraft\Install\runtime\java-runtime-delta\windows-x64\java-runtime-delta\bin\nio.dll
0x00007ffdcc250000 - 0x00007ffdcc25a000 	C:\Games\Minecraft\Install\runtime\java-runtime-delta\windows-x64\java-runtime-delta\bin\management.dll
0x00007ffdc6800000 - 0x00007ffdc680b000 	C:\Games\Minecraft\Install\runtime\java-runtime-delta\windows-x64\java-runtime-delta\bin\management_ext.dll
0x00007ffdf9840000 - 0x00007ffdf9848000 	C:\Windows\System32\PSAPI.DLL
0x00007ffdced00000 - 0x00007ffdced17000 	C:\Windows\system32\napinsp.dll
0x00007ffdcece0000 - 0x00007ffdcecfb000 	C:\Windows\system32\pnrpnsp.dll
0x00007ffdcecc0000 - 0x00007ffdcecd5000 	C:\Windows\system32\wshbth.dll
0x00007ffdf5860000 - 0x00007ffdf587d000 	C:\Windows\system32\NLAapi.dll
0x00007ffdf80e0000 - 0x00007ffdf811b000 	C:\Windows\SYSTEM32\IPHLPAPI.DLL
0x00007ffdf8130000 - 0x00007ffdf81fa000 	C:\Windows\SYSTEM32\DNSAPI.dll
0x00007ffdfac40000 - 0x00007ffdfac48000 	C:\Windows\System32\NSI.dll
0x00007ffdceca0000 - 0x00007ffdcecb2000 	C:\Windows\System32\winrnr.dll
0x00007ffdee860000 - 0x00007ffdee86a000 	C:\Windows\System32\rasadhlp.dll
0x00007ffdee5f0000 - 0x00007ffdee672000 	C:\Windows\System32\fwpuclnt.dll
0x00007ffdf8d30000 - 0x00007ffdf8d57000 	C:\Windows\System32\bcrypt.dll
0x00007ffdc5f10000 - 0x00007ffdc5f20000 	C:\Games\Minecraft\Install\runtime\java-runtime-delta\windows-x64\java-runtime-delta\bin\verify.dll
0x00007ffdf8640000 - 0x00007ffdf8658000 	C:\Windows\SYSTEM32\CRYPTSP.dll
0x00007ffdf7ce0000 - 0x00007ffdf7d14000 	C:\Windows\system32\rsaenh.dll
0x00007ffdf8be0000 - 0x00007ffdf8c0e000 	C:\Windows\SYSTEM32\USERENV.dll
0x00007ffdf8630000 - 0x00007ffdf863c000 	C:\Windows\SYSTEM32\CRYPTBASE.dll
0x00007ffda53a0000 - 0x00007ffda541b000 	C:\Games\Minecraft\Install\versions\neoforge-21.1.233\neoforge-21.1.233-natives-33565572991600\lwjgl.dll
0x00007ffd43b60000 - 0x00007ffd43dd0000 	C:\Games\Minecraft\Install\versions\neoforge-21.1.233\neoforge-21.1.233-natives-33565572991600\jemalloc.dll
0x00007ffda5110000 - 0x00007ffda5192000 	C:\Games\Minecraft\Install\versions\neoforge-21.1.233\neoforge-21.1.233-natives-33565572991600\glfw.dll
0x00007ffda4ad0000 - 0x00007ffda4b15000 	C:\Windows\SYSTEM32\dinput8.dll
0x00007ffda9840000 - 0x00007ffda9851000 	C:\Windows\SYSTEM32\xinput1_4.dll
0x00007ffdf9500000 - 0x00007ffdf954e000 	C:\Windows\System32\cfgmgr32.dll
0x00007ffdf8ae0000 - 0x00007ffdf8b13000 	C:\Windows\SYSTEM32\DEVOBJ.dll
0x00007ffdf6a50000 - 0x00007ffdf6a7f000 	C:\Windows\SYSTEM32\dwmapi.dll
0x00007ffdf28d0000 - 0x00007ffdf2a22000 	C:\Windows\SYSTEM32\inputhost.dll
0x00007ffdfa1c0000 - 0x00007ffdfa28d000 	C:\Windows\System32\OLEAUT32.dll
0x00007ffdf43d0000 - 0x00007ffdf44c6000 	C:\Windows\SYSTEM32\PROPSYS.dll
0x00007ffdf62a0000 - 0x00007ffdf6392000 	C:\Windows\SYSTEM32\CoreMessaging.dll
0x00007ffdf5700000 - 0x00007ffdf5855000 	C:\Windows\SYSTEM32\wintypes.dll
0x00007ffdf5f40000 - 0x00007ffdf629b000 	C:\Windows\SYSTEM32\CoreUIComponents.dll
0x00007ffdf7e20000 - 0x00007ffdf7e53000 	C:\Windows\SYSTEM32\ntmarta.dll
0x00007ffdf65f0000 - 0x00007ffdf668e000 	C:\Windows\system32\uxtheme.dll
0x00007ffdfa6e0000 - 0x00007ffdfa7f4000 	C:\Windows\System32\MSCTF.dll
0x00007ffdced20000 - 0x00007ffdcee45000 	C:\Windows\SYSTEM32\opengl32.dll
0x00007ffdcec30000 - 0x00007ffdcec5c000 	C:\Windows\SYSTEM32\GLU32.dll
0x00007ffdf99c0000 - 0x00007ffdf9a69000 	C:\Windows\System32\clbcatq.dll
0x00007ffd63430000 - 0x00007ffd662b5000 	C:\Windows\System32\DriverStore\FileRepository\nv_dispi.inf_amd64_6f3cfb7117944855\nvoglv64.dll
0x00007ffdfada0000 - 0x00007ffdfb20e000 	C:\Windows\System32\SETUPAPI.dll
0x00007ffdf9860000 - 0x00007ffdf998b000 	C:\Windows\System32\ole32.dll
0x00007ffdf4620000 - 0x00007ffdf4634000 	C:\Windows\SYSTEM32\WTSAPI32.dll
0x00007ffdf8870000 - 0x00007ffdf8882000 	C:\Windows\SYSTEM32\msasn1.dll
0x00007ffdf0200000 - 0x00007ffdf0231000 	C:\Windows\SYSTEM32\cryptnet.dll
0x00007ffdf9550000 - 0x00007ffdf96ad000 	C:\Windows\System32\CRYPT32.dll
0x00007ffdef4b0000 - 0x00007ffdef5f8000 	C:\Windows\SYSTEM32\drvstore.dll
0x00007ffdf9490000 - 0x00007ffdf94f7000 	C:\Windows\System32\WINTRUST.dll
0x00007ffdfa360000 - 0x00007ffdfa37d000 	C:\Windows\System32\imagehlp.dll
0x00007ffde42f0000 - 0x00007ffdea0fd000 	C:\Windows\System32\DriverStore\FileRepository\nv_dispi.inf_amd64_6f3cfb7117944855\nvgpucomp64.dll
0x00007ffdebff0000 - 0x00007ffdec02b000 	C:\Windows\SYSTEM32\dxcore.dll
0x00007ffdf7970000 - 0x00007ffdf79cb000 	C:\Windows\SYSTEM32\WINSTA.dll
0x00007ffdf2a30000 - 0x00007ffdf2b2a000 	C:\Windows\SYSTEM32\textinputframework.dll
0x00007ffda50b0000 - 0x00007ffda510e000 	C:\Games\Minecraft\Install\versions\neoforge-21.1.233\neoforge-21.1.233-natives-33565572991600\lwjgl_opengl.dll
0x00007ffda4d60000 - 0x00007ffda4da5000 	C:\Games\Minecraft\Install\versions\neoforge-21.1.233\neoforge-21.1.233-natives-33565572991600\jna3939971529803278020.dll
0x00007ffda4470000 - 0x00007ffda450c000 	C:\Users\Max\AppData\Local\Temp\discord-rpc\discord-rpc.dll
0x00007ffda5390000 - 0x00007ffda539e000 	C:\Games\Minecraft\Install\runtime\java-runtime-delta\windows-x64\java-runtime-delta\bin\sunmscapi.dll
0x00007ffdf8750000 - 0x00007ffdf8777000 	C:\Windows\SYSTEM32\ncrypt.dll
0x00007ffdf8710000 - 0x00007ffdf874b000 	C:\Windows\SYSTEM32\NTASN1.dll
0x00007ffda5380000 - 0x00007ffda5389000 	C:\Games\Minecraft\Install\runtime\java-runtime-delta\windows-x64\java-runtime-delta\bin\extnet.dll
0x00007ffda4d10000 - 0x00007ffda4d55000 	C:\Games\Minecraft\Install\versions\neoforge-21.1.233\neoforge-21.1.233-natives-33565572991600\jna15620384147977933470.dll
0x00007ffde3100000 - 0x00007ffde311f000 	C:\Windows\SYSTEM32\amsi.dll
0x00007ffdeb930000 - 0x00007ffdeb979000 	C:\Windows\SYSTEM32\Pdh.dll
0x00007ffdf3be0000 - 0x00007ffdf3bef000 	C:\Windows\System32\perfos.dll
0x00007ffda43e0000 - 0x00007ffda4462000 	C:\Games\Minecraft\Install\versions\neoforge-21.1.233\neoforge-21.1.233-natives-33565572991600\lwjgl_stb.dll
0x00007ffdeee70000 - 0x00007ffdeef1e000 	C:\Windows\SYSTEM32\mscms.dll
0x00007ffdeee50000 - 0x00007ffdeee61000 	C:\Windows\SYSTEM32\ColorAdapterClient.dll
0x00007ffda4390000 - 0x00007ffda43d3000 	C:\Windows\SYSTEM32\icm32.dll
0x00007ffd6c030000 - 0x00007ffd6c1be000 	C:\Games\Minecraft\Install\runtime\java-runtime-delta\windows-x64\java-runtime-delta\bin\awt.dll
0x00007ffdf8a30000 - 0x00007ffdf8ac0000 	C:\Windows\SYSTEM32\apphelp.dll
0x00007ffdb3bd0000 - 0x00007ffdb3bd7000 	C:\Windows\system32\wshunix.dll
0x000001b0a0000000 - 0x000001b0a0003000 	C:\Program Files (x86)\Windows Kits\10\Redist\ucrt\DLLs\x64\api-ms-win-crt-locale-l1-1-0.dll
0x000001b0a0010000 - 0x000001b0a0014000 	C:\Program Files (x86)\Windows Kits\10\Redist\ucrt\DLLs\x64\api-ms-win-crt-string-l1-1-0.dll
0x000001b0a0020000 - 0x000001b0a0024000 	C:\Program Files (x86)\Windows Kits\10\Redist\ucrt\DLLs\x64\api-ms-win-crt-stdio-l1-1-0.dll
0x000001b0a0030000 - 0x000001b0a0035000 	C:\Program Files (x86)\Windows Kits\10\Redist\ucrt\DLLs\x64\api-ms-win-crt-math-l1-1-0.dll
0x000001b0a0040000 - 0x000001b0a0043000 	C:\Program Files (x86)\Windows Kits\10\Redist\ucrt\DLLs\x64\api-ms-win-crt-heap-l1-1-0.dll
0x000001b0a0050000 - 0x000001b0a0054000 	C:\Program Files (x86)\Windows Kits\10\Redist\ucrt\DLLs\x64\api-ms-win-crt-runtime-l1-1-0.dll
0x000001b0a0060000 - 0x000001b0a0064000 	C:\Program Files (x86)\Windows Kits\10\Redist\ucrt\DLLs\x64\api-ms-win-crt-convert-l1-1-0.dll
0x000001b0a0070000 - 0x000001b0a0073000 	C:\Program Files (x86)\Windows Kits\10\Redist\ucrt\DLLs\x64\api-ms-win-crt-environment-l1-1-0.dll

dbghelp: loaded successfully - version: 4.0.5 - missing functions: none
symbol engine: initialized successfully - sym options: 0x614 - pdb path: .;C:\Games\Minecraft\Install\runtime\minecraft-java-exe\windows-x64\minecraft-java-exe;C:\Windows\SYSTEM32;C:\Games\Minecraft\Install\runtime\java-runtime-delta\windows-x64\java-runtime-delta\bin;C:\Windows\WinSxS\amd64_microsoft.windows.common-controls_6595b64144ccf1df_5.82.19041.3570_none_793094a72440f60b;C:\Games\Minecraft\Install\runtime\java-runtime-delta\windows-x64\java-runtime-delta\bin\server;C:\Games\Minecraft\Install\versions\neoforge-21.1.233\neoforge-21.1.233-natives-33565572991600;C:\Windows\System32\DriverStore\FileRepository\nv_dispi.inf_amd64_6f3cfb7117944855;C:\Users\Max\AppData\Local\Temp\discord-rpc;C:\Program Files (x86)\Windows Kits\10\Redist\ucrt\DLLs\x64;C:\Users\Max\AppData\Local\Temp\watermedia\ffmpeg;C:\Windows\System32\Speech\Common

VM Arguments:
jvm_args: -Xmx16384m -Xms256m -Dminecraft.applet.TargetDirectory=C:\Games\Minecraft\Instances\Stonebound Eternal -Dfml.ignorePatchDiscrepancies=true -Dfml.ignoreInvalidMinecraftCertificates=true -Duser.language=en -Duser.country=US -DCFInstanceId=436d1a4b-4610-43de-92dd-87d69206f010 -DlibraryDirectory=C:\Games\Minecraft\Install\libraries -XX:+UseZGC -XX:+ZGenerational -XX:+AlwaysPreTouch -XX:+DisableExplicitGC -XX:+ParallelRefProcEnabled -javaagent:C:\Games\Minecraft\Install\sklauncher-fx.jar -DMcEmu=net.minecraft.client.main.Main -Dlog4j2.formatMsgNoLookups=true -Djava.rmi.server.useCodebaseOnly=true -Dcom.sun.jndi.rmi.object.trustURLCodebase=false -Dcom.sun.jndi.cosnaming.object.trustURLCodebase=false -Dsklauncher.discordrpc=true -Dsklauncher.gametype=neoforge -Dsklauncher.minecraft=1.21.1 -Dsklauncher.dns=true -XX:HeapDumpPath=MojangTricksIntelDriversForPerformance_javaw.exe_minecraft.exe.heapdump -Djava.library.path=C:\Games\Minecraft\Install\versions\neoforge-21.1.233\neoforge-21.1.233-natives-33565572991600 -Djna.tmpdir=C:\Games\Minecraft\Install\versions\neoforge-21.1.233\neoforge-21.1.233-natives-33565572991600 -Dorg.lwjgl.system.SharedLibraryExtractPath=C:\Games\Minecraft\Install\versions\neoforge-21.1.233\neoforge-21.1.233-natives-33565572991600 -Dio.netty.native.workdir=C:\Games\Minecraft\Install\versions\neoforge-21.1.233\neoforge-21.1.233-natives-33565572991600 -Dminecraft.launcher.brand=java-minecraft-launcher -Dminecraft.launcher.version=1.6.93 -Djava.net.preferIPv6Addresses=system -DignoreList=client-extra,neoforge-21.1.233.jar -DlibraryDirectory=C:\Games\Minecraft\Install\libraries --module-path=C:\Games\Minecraft\Install\libraries/cpw/mods/bootstraplauncher/2.0.2/bootstraplauncher-2.0.2.jar;C:\Games\Minecraft\Install\libraries/cpw/mods/securejarhandler/3.0.8/securejarhandler-3.0.8.jar;C:\Games\Minecraft\Install\libraries/org/ow2/asm/asm-commons/9.8/asm-commons-9.8.jar;C:\Games\Minecraft\Install\libraries/org/ow2/asm/asm-util/9.8/asm-util-9.8.jar;C:\Games\Minecraft\Install\libraries/org/ow2/asm/asm-analysis/9.8/asm-analysis-9.8.jar;C:\Games\Minecraft\Install\libraries/org/ow2/asm/asm-tree/9.8/asm-tree-9.8.jar;C:\Games\Minecraft\Install\libraries/org/ow2/asm/asm/9.8/asm-9.8.jar;C:\Games\Minecraft\Install\libraries/net/neoforged/JarJarFileSystems/0.4.1/JarJarFileSystems-0.4.1.jar --add-modules=ALL-MODULE-PATH --add-opens=java.base/java.util.jar=cpw.mods.securejarhandler --add-opens=java.base/java.lang.invoke=cpw.mods.securejarhandler --add-exports=java.base/sun.security.util=cpw.mods.securejarhandler --add-exports=jdk.naming.dns/com.sun.jndi.dns=java.naming 
java_command: cpw.mods.bootstraplauncher.BootstrapLauncher --username DedMaxim99 --version neoforge-21.1.233 --gameDir C:\Games\Minecraft\Instances\Stonebound Eternal --assetsDir C:\Games\Minecraft\Install\assets --assetIndex 17 --uuid fd7cca6a716d46b68ea6ecf8dbf25f08 --accessToken eyJraWQiOiIwNDkxODEiLCJhbGciOiJSUzI1NiJ9.eyJ4dWlkIjoiMjUzNTQ3MzYwMDI5NTY5MSIsImFnZyI6IkFkdWx0Iiwic3ViIjoiZDBkYmM1NWUtNDg1ZS00ZDg1LWIwMmMtZjA3YWE3ZjU0NTQ1IiwiYXV0aCI6IlhCT1giLCJucyI6ImRlZmF1bHQiLCJyb2xlcyI6W10sImlzcyI6ImF1dGhlbnRpY2F0aW9uIiwiZmxhZ3MiOlsibXVsdGlwbGF5ZXIiXSwicHJvZmlsZXMiOnsibWMiOiJmZDdjY2E2YS03MTZkLTQ2YjYtOGVhNi1lY2Y4ZGJmMjVmMDgifSwicG1pZCI6IjdhNmE5YjM4LTJlM2YtNWFlNy1iMzcyLTJjZWNjOTM0MjIyNiIsInBsYXRmb3JtIjoiUENfTEFVTkNIRVIiLCJ0aWQiOiJFOTlCMCIsInBmZCI6W3sidHlwZSI6Im1jIiwiaWQiOiJmZDdjY2E2YS03MTZkLTQ2YjYtOGVhNi1lY2Y4ZGJmMjVmMDgiLCJuYW1lIjoiRGVkTWF4aW05OSJ9XSwieGlkIjoiMjUzNTQ3MzYwMDI5NTY5MSIsIm5iZiI6MTc4MzAyMTQxNiwiZXhwIjoxNzgzMTA3ODE2LCJpYXQiOjE3ODMwMjE0MTYsImFpZCI6IjkwN2EyNDhkLTNlYjUtNGQwMS05OWQyLWZmNzJkNzljNWViMSJ9.Cm7Sy9U1AhfM_4zjr_c7pVtFII1qVDAb8OTyqwDQJWjnXDjT4NKdZmkHacMNa_2XvAYOI7ZpUiUtjtSt3xvJie3pRRBxnHBTYrOyoeEd5-2qycjguDghLKNgvvUeCdizYixB_ZKKpN5x5JeOW2AkO5YJOT44aW23L-Wcgiwd26T3aSm5M_9eGq8Y9n6UH-uN2D9P7D6TS66urAboijmZYX2yXlgRyFxvS1yuZk0oPw0ZZviVZbvuErT8k-EDVjemDo6Sk3NtbOuccf-TeUKCmgmL-wUaD9RjDcVh549jAnY25xkqd0ZAEiLGxlYz8wnvcmcbVeCwVSSoOm1gKJo4lA --clientId 0 --xuid 0 --userType msa --versionType release --width 1024 --height 768 --fml.neoForgeVersion 21.1.233 --fml.fmlVersion 4.0.42 --fml.mcVersion 1.21.1 --fml.neoFormVersion 20240808.144430 --launchTarget forgeclient
java_class_path (initial): C:\Games\Minecraft\Install\libraries\net\neoforged\fancymodloader\earlydisplay\4.0.42\earlydisplay-4.0.42.jar;C:\Games\Minecraft\Install\libraries\net\neoforged\fancymodloader\loader\4.0.42\loader-4.0.42.jar;C:\Games\Minecraft\Install\libraries\net\neoforged\accesstransformers\at-modlauncher\10.0.1\at-modlauncher-10.0.1.jar;C:\Games\Minecraft\Install\libraries\net\neoforged\accesstransformers\10.0.1\accesstransformers-10.0.1.jar;C:\Games\Minecraft\Install\libraries\net\neoforged\bus\8.0.5\bus-8.0.5.jar;C:\Games\Minecraft\Install\libraries\net\neoforged\coremods\7.0.3\coremods-7.0.3.jar;C:\Games\Minecraft\Install\libraries\cpw\mods\modlauncher\11.0.5\modlauncher-11.0.5.jar;C:\Games\Minecraft\Install\libraries\net\neoforged\mergetool\2.0.0\mergetool-2.0.0-api.jar;C:\Games\Minecraft\Install\libraries\com\electronwill\night-config\toml\3.8.3\toml-3.8.3.jar;C:\Games\Minecraft\Install\libraries\com\electronwill\night-config\core\3.8.3\core-3.8.3.jar;C:\Games\Minecraft\Install\libraries\net\neoforged\JarJarSelector\0.4.1\JarJarSelector-0.4.1.jar;C:\Games\Minecraft\Install\libraries\net\neoforged\JarJarMetadata\0.4.1\JarJarMetadata-0.4.1.jar;C:\Games\Minecraft\Install\libraries\org\apache\maven\maven-artifact\3.8.5\maven-artifact-3.8.5.jar;C:\Games\Minecraft\Install\libraries\net\jodah\typetools\0.6.3\typetools-0.6.3.jar;C:\Games\Minecraft\Install\libraries\net\minecrell\terminalconsoleappender\1.3.0\terminalconsoleappender-1.3.0.jar;C:\Games\Minecraft\Install\libraries\net\fabricmc\sponge-mixin\0.15.2+mixin.0.8.7\sponge-mixin-0.15.2+mixin.0.8.7.jar;C:\Games\Minecraft\Install\libraries\org\openjdk\nashorn\nashorn-core\15.4\nashorn-core-15.4.jar;C:\Games\Minecraft\Install\libraries\org\apache\commons\commons-lang3\3.14.0\commons-lang3-3.14.0.jar;C:\Games\Minecraft\Install\libraries\cpw\mods\bootstraplauncher\2.0.2\bootstraplauncher-2.0.2.jar;C:\Games\Minecraft\Install\libraries\cpw\mods\securejarhandler\3.0.8\securejarhandler-3.0.8.jar;C:\Games\Minecraft\Install\libraries\org\ow2\asm\asm-commons\9.8\asm-commons-9.8.jar;C:\Games\Minecraft\Install\libraries\org\ow2\asm\asm-util\9.8\asm-util-9.8.jar;C:\Games\Minecraft\Install\libraries\org\ow2\asm\asm-analysis\9.8\asm-analysis-9.8.jar;C:\Games\Minecraft\Install\libraries\org\ow2\asm\asm-tree\9.8\asm-tree-9.8.jar;C:\Games\Minecraft\Install\libraries\org\ow2\asm\asm\9.8\asm-9.8.jar;C:\Games\Minecraft\Install\libraries\net\neoforged\JarJarFileSystems\0.4.1\JarJarFileSystems-0.4.1.jar;C:\Games\Minecraft\Install\libraries\net\sf\jopt-simple\jopt-simple\5.0.4\jopt-simple-5.0.4.jar;C:\Games\Minecraft\Install\libraries\org\slf4j\slf4j-api\2.0.9\slf4j-api-2.0.9.jar;C:\Games\Minecraft\Install\libraries\org\antlr\antlr4-runtime\4.13.1\antlr4-runtime-4.13.1.jar;C:\Games\Minecraft\Install\libraries\com\mojang\logging\1.2.7\logging-1.2.7.jar;C:\Games\Minecraft\Install\libraries\org\apache\logging\log4j\log4j-slf4j2-impl\2.22.1\log4j-slf4j2-impl-2.22.1.jar;C:\Games\Minecraft\Install\libraries\org\apache\logging\log4j\log4j-core\2.22.1\log4j-core-2.22.1.jar;C:\Games\Minecraft\Install\libraries\org\apache\logging\log4j\log4j-api\2.22.1\log4j-api-2.22.1.jar;C:\Games\Minecraft\Install\libraries\org\jline\jline-reader\3.20.0\jline-reader-3.20.0.jar;C:\Games\Minecraft\Install\libraries\org\jline\jline-terminal\3.20.0\jline-terminal-3.20.0.jar;C:\Games\Minecraft\Install\libraries\commons-io\commons-io\2.15.1\commons-io-2.15.1.jar;C:\Games\Minecraft\Install\libraries\net\minecraftforge\srgutils\0.4.15\srgutils-0.4.15.jar;C:\Games\Minecraft\Install\libraries\com\google\guava\guava\32.1.2-jre\guava-32.1.2-jre.jar;C:\Games\Minecraft\Install\libraries\com\google\guava\failureaccess\1.0.1\failureaccess-1.0.1.jar;C:\Games\Minecraft\Install\libraries\com\google\guava\listenablefuture\9999.0-empty-to-avoid-conflict-with-guava\listenablefuture-9999.0-empty-to-avoid-conflict-with-guava.jar;C:\Games\Minecraft\Install\libraries\com\google\code\findbugs\jsr305\3.0.2\jsr305-3.0.2.jar;C:\Games\Minecraft\Install\libraries\org\checkerframework\checker-qual\3.33.0\checker-qual-3.33.0.jar;C:\Games\Minecraft\Install\libraries\com\google\errorprone\error_prone_annotations\2.18.0\error_prone_annotations-2.18.0.jar;C:\Games\Minecraft\Install\libraries\com\google\j2objc\j2objc-annotations\2.8\j2objc-annotations-2.8.jar;C:\Games\Minecraft\Install\libraries\com\google\code\gson\gson\2.10.1\gson-2.10.1.jar;C:\Games\Minecraft\Install\libraries\org\codehaus\plexus\plexus-utils\3.3.0\plexus-utils-3.3.0.jar;C:\Games\Minecraft\Install\libraries\com\machinezoo\noexception\noexception\1.7.1\noexception-1.7.1.jar;C:\Games\Minecraft\Install\libraries\com\github\oshi\oshi-core\6.4.10\oshi-core-6.4.10.jar;C:\Games\Minecraft\Install\libraries\com\ibm\icu\icu4j\73.2\icu4j-73.2.jar;C:\Games\Minecraft\Install\libraries\com\mojang\authlib\6.0.54\authlib-6.0.54.jar;C:\Games\Minecraft\Install\libraries\com\mojang\blocklist\1.0.10\blocklist-1.0.10.jar;C:\Games\Minecraft\Install\libraries\com\mojang\brigadier\1.3.10\brigadier-1.3.10.jar;C:\Games\Minecraft\Install\libraries\com\mojang\datafixerupper\8.0.16\datafixerupper-8.0.16.jar;C:\Games\Minecraft\Install\libraries\com\mojang\patchy\2.2.10\patchy-2.2.10.jar;C:\Games\Minecraft\Install\libraries\com\mojang\text2speech\1.17.9\text2speech-1.17.9.jar;C:\Games\Minecraft\Install\libraries\commons-codec\commons-codec\1.16.0\commons-codec-1.16.0.jar;C:\Games\Minecraft\Install\libraries\commons-logging\commons-logging\1.2\commons-logging-1.2.jar;C:\Games\Minecraft\Install\libraries\io\netty\netty-buffer\4.1.97.Final\netty-buffer-4.1.97.Final.jar;C:\Games\Minecraft\Install\libraries\io\netty\netty-codec\4.1.97.Final\netty-codec-4.1.97.Final.jar;C:\Games\Minecraft\Install\libraries\io\netty\netty-common\4.1.97.Final\netty-common-4.1.97.Final.jar;C:\Games\Minecraft\Install\libraries\io\netty\netty-handler\4.1.97.Final\netty-handler-4.1.97.Final.jar;C:\Games\Minecraft\Install\libraries\io\netty\netty-resolver\4.1.97.Final\netty-resolver-4.1.97.Final.jar;C:\Games\Minecraft\Install\libraries\io\netty\netty-transport-classes-epoll\4.1.97.Final\netty-transport-classes-epoll-4.1.97.Final.jar;C:\Games\Minecraft\Install\libraries\io\netty\netty-transport-native-unix-common\4.1.97.Final\netty-transport-native-unix-common-4.1.97.Final.jar;C:\Games\Minecraft\Install\libraries\io\netty\netty-transport\4.1.97.Final\netty-transport-4.1.97.Final.jar;C:\Games\Minecraft\Install\libraries\it\unimi\dsi\fastutil\8.5.12\fastutil-8.5.12.jar;C:\Games\Minecraft\Install\libraries\net\java\dev\jna\jna-platform\5.14.0\jna-platform-5.14.0.jar;C:\Games\Minecraft\Install\libraries\net\java\dev\jna\jna\5.14.0\jna-5.14.0.jar;C:\Games\Minecraft\Install\libraries\org\apache\commons\commons-compress\1.26.0\commons-compress-1.26.0.jar;C:\Games\Minecraft\Install\libraries\org\apache\httpcomponents\httpclient\4.5.13\httpclient-4.5.13.jar;C:\Games\Minecraft\Install\libraries\org\apache\httpcomponents\httpcore\4.4.16\httpcore-4.4.16.jar;C:\Games\Minecraft\Install\libraries\org\jcraft\jorbis\0.0.17\jorbis-0.0.17.jar;C:\Games\Minecraft\Install\libraries\org\joml\joml\1.10.5\joml-1.10.5.jar;C:\Games\Minecraft\Install\libraries\org\lwjgl\lwjgl-freetype\3.3.3\lwjgl-freetype-3.3.3.jar;C:\Games\Minecraft\Install\libraries\org\lwjgl\lwjgl-freetype\3.3.3\lwjgl-freetype-3.3.3-natives-windows.jar;C:\Games\Minecraft\Install\libraries\org\lwjgl\lwjgl-freetype\3.3.3\lwjgl-freetype-3.3.3-natives-windows-arm64.jar;C:\Games\Minecraft\Install\libraries\org\lwjgl\lwjgl-freetype\3.3.3\lwjgl-freetype-3.3.3-natives-windows-x86.jar;C:\Games\Minecraft\Install\libraries\org\lwjgl\lwjgl-glfw\3.3.3\lwjgl-glfw-3.3.3.jar;C:\Games\Minecraft\Install\libraries\org\lwjgl\lwjgl-glfw\3.3.3\lwjgl-glfw-3.3.3-natives-windows.jar;C:\Games\Minecraft\Install\libraries\org\lwjgl\lwjgl-glfw\3.3.3\lwjgl-glfw-3.3.3-natives-windows-arm64.jar;C:\Games\Minecraft\Install\libraries\org\lwjgl\lwjgl-glfw\3.3.3\lwjgl-glfw-3.3.3-natives-windows-x86.jar;C:\Games\Minecraft\Install\libraries\org\lwjgl\lwjgl-jemalloc\3.3.3\lwjgl-jemalloc-3.3.3.jar;C:\Games\Minecraft\Install\libraries\org\lwjgl\lwjgl-jemalloc\3.3.3\lwjgl-jemalloc-3.3.3-natives-windows.jar;C:\Games\Minecraft\Install\libraries\org\lwjgl\lwjgl-jemalloc\3.3.3\lwjgl-jemalloc-3.3.3-natives-windows-arm64.jar;C:\Games\Minecraft\Install\libraries\org\lwjgl\lwjgl-jemalloc\3.3.3\lwjgl-jemalloc-3.3.3-natives-windows-x86.jar;C:\Games\Minecraft\Install\libraries\org\lwjgl\lwjgl-openal\3.3.3\lwjgl-openal-3.3.3.jar;C:\Games\Minecraft\Install\libraries\org\lwjgl\lwjgl-openal\3.3.3\lwjgl-openal-3.3.3-natives-windows.jar;C:\Games\Minecraft\Install\libraries\org\lwjgl\lwjgl-openal\3.3.3\lwjgl-openal-3.3.3-natives-windows-arm64.jar;C:\Games\Minecraft\Install\libraries\org\lwjgl\lwjgl-openal\3.3.3\lwjgl-openal-3.3.3-natives-windows-x86.jar;C:\Games\Minecraft\Install\libraries\org\lwjgl\lwjgl-opengl\3.3.3\lwjgl-opengl-3.3.3.jar;C:\Games\Minecraft\Install\libraries\org\lwjgl\lwjgl-opengl\3.3.3\lwjgl-opengl-3.3.3-natives-windows.jar;C:\Games\Minecraft\Install\libraries\org\lwjgl\lwjgl-opengl\3.3.3\lwjgl-opengl-3.3.3-natives-windows-arm64.jar;C:\Games\Minecraft\Install\libraries\org\lwjgl\lwjgl-opengl\3.3.3\lwjgl-opengl-3.3.3-natives-windows-x86.jar;C:\Games\Minecraft\Install\libraries\org\lwjgl\lwjgl-stb\3.3.3\lwjgl-stb-3.3.3.jar;C:\Games\Minecraft\Install\libraries\org\lwjgl\lwjgl-stb\3.3.3\lwjgl-stb-3.3.3-natives-windows.jar;C:\Games\Minecraft\Install\libraries\org\lwjgl\lwjgl-stb\3.3.3\lwjgl-stb-3.3.3-natives-windows-arm64.jar;C:\Games\Minecraft\Install\libraries\org\lwjgl\lwjgl-stb\3.3.3\lwjgl-stb-3.3.3-natives-windows-x86.jar;C:\Games\Minecraft\Install\libraries\org\lwjgl\lwjgl-tinyfd\3.3.3\lwjgl-tinyfd-3.3.3.jar;C:\Games\Minecraft\Install\libraries\org\lwjgl\lwjgl-tinyfd\3.3.3\lwjgl-tinyfd-3.3.3-natives-windows.jar;C:\Games\Minecraft\Install\libraries\org\lwjgl\lwjgl-tinyfd\3.3.3\lwjgl-tinyfd-3.3.3-natives-windows-arm64.jar;C:\Games\Minecraft\Install\libraries\org\lwjgl\lwjgl-tinyfd\3.3.3\lwjgl-tinyfd-3.3.3-natives-windows-x86.jar;C:\Games\Minecraft\Install\libraries\org\lwjgl\lwjgl\3.3.3\lwjgl-3.3.3.jar;C:\Games\Minecraft\Install\libraries\org\lwjgl\lwjgl\3.3.3\lwjgl-3.3.3-natives-windows.jar;C:\Games\Minecraft\Install\libraries\org\lwjgl\lwjgl\3.3.3\lwjgl-3.3.3-natives-windows-arm64.jar;C:\Games\Minecraft\Install\libraries\org\lwjgl\lwjgl\3.3.3\lwjgl-3.3.3-natives-windows-x86.jar;C:\Games\Minecraft\Install\libraries\org\lz4\lz4-java\1.8.0\lz4-java-1.8.0.jar;C:\Games\Minecraft\Install\versions\neoforge-21.1.233\neoforge-21.1.233.jar
Launcher Type: SUN_STANDARD

[Global flags]
     bool AlwaysPreTouch                           = true                                      {product} {command line}
     intx CICompilerCount                          = 12                                        {product} {ergonomic}
     bool DisableExplicitGC                        = true                                      {product} {command line}
    ccstr HeapDumpPath                             = MojangTricksIntelDriversForPerformance_javaw.exe_minecraft.exe.heapdump         {manageable} {command line}
   size_t InitialHeapSize                          = 268435456                                 {product} {command line}
   size_t MaxHeapSize                              = 17179869184                               {product} {command line}
   size_t MinHeapDeltaBytes                        = 2097152                                   {product} {ergonomic}
   size_t MinHeapSize                              = 268435456                                 {product} {command line}
    uintx NonNMethodCodeHeapSize                   = 7602480                                {pd product} {ergonomic}
    uintx NonProfiledCodeHeapSize                  = 122027880                              {pd product} {ergonomic}
     bool ParallelRefProcEnabled                   = true                                      {product} {command line}
    uintx ProfiledCodeHeapSize                     = 122027880                              {pd product} {ergonomic}
    uintx ReservedCodeCacheSize                    = 251658240                              {pd product} {ergonomic}
     bool SegmentedCodeCache                       = true                                      {product} {ergonomic}
   size_t SoftMaxHeapSize                          = 17179869184                            {manageable} {ergonomic}
     bool UseCompressedOops                        = false                          {product lp64_product} {ergonomic}
     bool UseLargePagesIndividualAllocation        = false                                  {pd product} {ergonomic}
     bool UseZGC                                   = true                                      {product} {command line}
     bool ZGenerational                            = true                                      {product} {command line}

Logging:
Log output configuration:
 #0: stdout all=warning uptime,level,tags foldmultilines=false
 #1: stderr all=off uptime,level,tags foldmultilines=false

Environment Variables:
PATH=c:\program files\java\jdk-25\bin;C:\Program Files (x86)\Alias\Maya6.0\bin;C:\Program Files (x86)\VMware\VMware Workstation\bin\;C:\Program Files\Common Files\Oracle\Java\javapath;C:\Windows\system32;C:\Windows;C:\Windows\System32\Wbem;C:\Windows\System32\WindowsPowerShell\v1.0\;C:\Windows\System32\OpenSSH\;C:\Program Files (x86)\NVIDIA Corporation\PhysX\Common;C:\Users\Max\AppData\Local\Microsoft\WindowsApps;C:\Windows\AtlasModules;C:\Windows\AtlasModules\Apps;C:\Windows\AtlasModules\Other;C:\Windows\AtlasModules\Tools;C:\Windows\AtlasModules\Scripts;C:\ProgramData\chocolatey\bin;E:\Program Files\PHP;C:\ProgramData\ComposerSetup\bin;C:\Program Files\Git\cmd;C:\ffmpeg\bin;C:\Program Files\dotnet\;C:\Program Files\Cloudflare\Cloudflare WARP\;C:\Program Files (x86)\ZeroTier\One\;C:\Program Files\cursor\resources\app\bin;C:\Users\Max\AppData\Local\Programs\Python\Python313\Scripts\;C:\Users\Max\AppData\Local\Programs\Python\Python313\;C:\Users\Max\AppData\Local\Programs\Python\Python310\Scripts\;C:\Users\Max\AppData\Local\Programs\Python\Python310\;C:\Users\Max\AppData\Local\Microsoft\WindowsApps;C:\Users\Max\AppData\Local\GitHubDesktop\bin;F:\Program Files\JetBrains\PhpStorm 2022.2\bin;;C:\Users\Max\AppData\Roaming\Composer\vendor\bin;C:\ffmpeg\bin;C:\Program Files\dotnet\;C:\Users\Max\.dotnet\tools
USERNAME=Max
OS=Windows_NT
PROCESSOR_IDENTIFIER=AMD64 Family 25 Model 97 Stepping 2, AuthenticAMD
TMP=C:\Users\Max\AppData\Local\Temp
TEMP=C:\Users\Max\AppData\Local\Temp




Periodic native trim disabled

---------------  S Y S T E M  ---------------

OS:
 Windows 10 , 64 bit Build 19041 (10.0.19041.3570)
OS uptime: 0 days 9:19 hours

CPU: total 16 (initial active 16) (16 cores per cpu, 2 threads per core) family 25 model 97 stepping 2 microcode 0x0, cx8, cmov, fxsr, ht, mmx, 3dnowpref, sse, sse2, sse3, ssse3, sse4a, sse4.1, sse4.2, popcnt, lzcnt, tsc, tscinvbit, avx, avx2, aes, erms, clmul, bmi1, bmi2, adx, avx512f, avx512dq, avx512cd, avx512bw, avx512vl, sha, fma, vzeroupper, avx512_vpopcntdq, avx512_vpclmulqdq, avx512_vaes, avx512_vnni, clflush, clflushopt, avx512_vbmi2, avx512_vbmi, rdtscp, rdpid, fsrm, gfni, avx512_bitalg, f16c, pku, cet_ss, avx512_ifma
Processor Information for the first 16 processors :
  Max Mhz: 4201, Current Mhz: 4201, Mhz Limit: 4201

Memory: 4k page, system-wide physical 31962M (4830M free)
TotalPageFile size 70874M (AvailPageFile size 25439M)
current process WorkingSet (physical memory assigned to process): 13690M, peak: 13691M
current process commit charge ("private bytes"): 2399M, peak: 2399M

vm_info: OpenJDK 64-Bit Server VM (21.0.7+6-LTS) for windows-amd64 JRE (21.0.7+6-LTS), built on 2025-04-09T22:17:25Z by "MicrosoftCorporation" with unknown MS VC++:1939

END.
