#
# A fatal error has been detected by the Java Runtime Environment:
#
#  EXCEPTION_ACCESS_VIOLATION (0xc0000005) at pc=0x00007fff1e6c77c4, pid=11480, tid=14976
#
# JRE version: OpenJDK Runtime Environment Microsoft-11369940 (21.0.7+6) (build 21.0.7+6-LTS)
# Java VM: OpenJDK 64-Bit Server VM Microsoft-11369940 (21.0.7+6-LTS, mixed mode, tiered, compressed oops, compressed class ptrs, g1 gc, windows-amd64)
# Problematic frame:
# V  [jvm.dll+0x4577c4]
#
# No core dump will be written. Minidumps are not enabled by default on client versions of Windows
#
# If you would like to submit a bug report, please visit:
#   https://aka.ms/minecraftjavacrashes
#

---------------  S U M M A R Y ------------

Command Line: -Xmx8224m -Xms256m -Dminecraft.applet.TargetDirectory=C:\Games\Minecraft\Instances\Stonebound Eternal -Dfml.ignorePatchDiscrepancies=true -Dfml.ignoreInvalidMinecraftCertificates=true -Duser.language=en -Duser.country=US -DCFInstanceId=436d1a4b-4610-43de-92dd-87d69206f010 -DlibraryDirectory=C:\Games\Minecraft\Install\libraries -javaagent:C:\Games\Minecraft\Install\sklauncher-fx.jar -DMcEmu=net.minecraft.client.main.Main -Dlog4j2.formatMsgNoLookups=true -Djava.rmi.server.useCodebaseOnly=true -Dcom.sun.jndi.rmi.object.trustURLCodebase=false -Dcom.sun.jndi.cosnaming.object.trustURLCodebase=false -Dsklauncher.discordrpc=true -Dsklauncher.gametype=neoforge -Dsklauncher.minecraft=1.21.1 -Dsklauncher.dns=true -XX:HeapDumpPath=MojangTricksIntelDriversForPerformance_javaw.exe_minecraft.exe.heapdump -Djava.library.path=C:\Games\Minecraft\Install\versions\neoforge-21.1.216\neoforge-21.1.216-natives-48291342766300 -Djna.tmpdir=C:\Games\Minecraft\Install\versions\neoforge-21.1.216\neoforge-21.1.216-natives-48291342766300 -Dorg.lwjgl.system.SharedLibraryExtractPath=C:\Games\Minecraft\Install\versions\neoforge-21.1.216\neoforge-21.1.216-natives-48291342766300 -Dio.netty.native.workdir=C:\Games\Minecraft\Install\versions\neoforge-21.1.216\neoforge-21.1.216-natives-48291342766300 -Dminecraft.launcher.brand=java-minecraft-launcher -Dminecraft.launcher.version=1.6.93 -Djava.net.preferIPv6Addresses=system -DignoreList=client-extra,neoforge-21.1.216.jar -DlibraryDirectory=C:\Games\Minecraft\Install\libraries --module-path=C:\Games\Minecraft\Install\libraries/cpw/mods/bootstraplauncher/2.0.2/bootstraplauncher-2.0.2.jar;C:\Games\Minecraft\Install\libraries/cpw/mods/securejarhandler/3.0.8/securejarhandler-3.0.8.jar;C:\Games\Minecraft\Install\libraries/org/ow2/asm/asm-commons/9.8/asm-commons-9.8.jar;C:\Games\Minecraft\Install\libraries/org/ow2/asm/asm-util/9.8/asm-util-9.8.jar;C:\Games\Minecraft\Install\libraries/org/ow2/asm/asm-analysis/9.8/asm-analysis-9.8.jar;C:\Games\Minecraft\Install\libraries/org/ow2/asm/asm-tree/9.8/asm-tree-9.8.jar;C:\Games\Minecraft\Install\libraries/org/ow2/asm/asm/9.8/asm-9.8.jar;C:\Games\Minecraft\Install\libraries/net/neoforged/JarJarFileSystems/0.4.1/JarJarFileSystems-0.4.1.jar --add-modules=ALL-MODULE-PATH --add-opens=java.base/java.util.jar=cpw.mods.securejarhandler --add-opens=java.base/java.lang.invoke=cpw.mods.securejarhandler --add-exports=java.base/sun.security.util=cpw.mods.securejarhandler --add-exports=jdk.naming.dns/com.sun.jndi.dns=java.naming cpw.mods.bootstraplauncher.BootstrapLauncher --username DedMaxim99 --version neoforge-21.1.216 --gameDir C:\Games\Minecraft\Instances\Stonebound Eternal --assetsDir C:\Games\Minecraft\Install\assets --assetIndex 17 --uuid fd7cca6a716d46b68ea6ecf8dbf25f08 --accessToken eyJraWQiOiIwNDkxODEiLCJhbGciOiJSUzI1NiJ9.eyJ4dWlkIjoiMjUzNTQ3MzYwMDI5NTY5MSIsImFnZyI6IkFkdWx0Iiwic3ViIjoiZDBkYmM1NWUtNDg1ZS00ZDg1LWIwMmMtZjA3YWE3ZjU0NTQ1IiwiYXV0aCI6IlhCT1giLCJucyI6ImRlZmF1bHQiLCJyb2xlcyI6W10sImlzcyI6ImF1dGhlbnRpY2F0aW9uIiwiZmxhZ3MiOlsibXNhbWlncmF0aW9uX3N0YWdlNCIsInR3b2ZhY3RvcmF1dGgiLCJtdWx0aXBsYXllciIsIm9yZGVyc18yMDIyIl0sInByb2ZpbGVzIjp7Im1jIjoiZmQ3Y2NhNmEtNzE2ZC00NmI2LThlYTYtZWNmOGRiZjI1ZjA4In0sInBsYXRmb3JtIjoiUENfTEFVTkNIRVIiLCJwZmQiOlt7InR5cGUiOiJtYyIsImlkIjoiZmQ3Y2NhNmEtNzE2ZC00NmI2LThlYTYtZWNmOGRiZjI1ZjA4IiwibmFtZSI6IkRlZE1heGltOTkifV0sIm5iZiI6MTc2NjQyNzk4MSwiZXhwIjoxNzY2NTE0MzgxLCJpYXQiOjE3NjY0Mjc5ODEsImFpZCI6IjkwN2EyNDhkLTNlYjUtNGQwMS05OWQyLWZmNzJkNzljNWViMSJ9.3Ce0CyOXMrX0ZZC6NBk5MxvE4irxydRWwE4hN18BX1UmFaXg294OFHh96NgWcM9-BSSqnG-BtLIiUqapJP7iRQhDFs1-QXTM4lXhfGPMoO46q8A6EYFWr4BAzfdks8rRm_8p50lSNbROY-NG99nI2rLaY3lIck63Bjc1CQr2xa8grc7XUxCgrPqIPHdpsaTiKXsQN9E5SFrsgX6iE1Z3g8zFQQmmlWab7_AOsupdJPV6inIvSI0SmOK0RQav9jScQ_GlJmMJgshVKv3MPGOh2i7U9ZPxjL6cUEH5ui0Tdm_VjJq0du9WPk6Ciw-0GCUlVK5rMAQLIbX5O9wdGNg0Ew --clientId 0 --xuid 0 --userType msa --versionType release --width 1024 --height 768 --fml.neoForgeVersion 21.1.216 --fml.fmlVersion 4.0.42 --fml.mcVersion 1.21.1 --fml.neoFormVersion 20240808.144430 --launchTarget forgeclient

Host: Intel(R) Xeon(R) CPU E5-2680 v2 @ 2.80GHz, 20 cores, 31G,  Windows 10 , 64 bit Build 19041 (10.0.19041.3570)
Time: Tue Dec 23 03:06:03 2025 West Asia Standard Time elapsed time: 3628.134140 seconds (0d 1h 0m 28s)

---------------  T H R E A D  ---------------

Current thread (0x000001ddf192b7d0):  JavaThread "LanServerDetector #2" daemon [_thread_in_vm, id=14976, stack(0x0000007c15500000,0x0000007c15600000) (1024K)]

Stack: [0x0000007c15500000,0x0000007c15600000],  sp=0x0000007c155fe920,  free space=1018k
Native frames: (J=compiled Java code, j=interpreted, Vv=VM code, C=native code)
V  [jvm.dll+0x4577c4]
V  [jvm.dll+0x4474f3]
C  [lwjgl.dll+0x131e]

Java frames: (J=compiled Java code, j=interpreted, Vv=VM code)
J 26240  org.lwjgl.system.JNI.invokeD(J)D org.lwjgl@3.3.3+5 (0 bytes) @ 0x000001dd88e6ea19 [0x000001dd88e6e9c0+0x0000000000000059]
J 30286 c2 com.mojang.blaze3d.platform.GLX$$Lambda+0x000000080116f4b8.getAsLong()J minecraft@1.21.1 (4 bytes) @ 0x000001dd88380eac [0x000001dd88380e60+0x000000000000004c]
J 34293 c2 net.minecraft.Util.getMillis()J minecraft@1.21.1 (8 bytes) @ 0x000001dd8831d2f8 [0x000001dd8831d2a0+0x0000000000000058]
j  net.minecraft.client.server.LanServer.updatePingTime()V+1 minecraft@1.21.1
j  net.minecraft.client.server.LanServerDetection$LanServerList.addServer(Ljava/lang/String;Ljava/net/InetAddress;)V+103 minecraft@1.21.1
j  net.minecraft.client.server.LanServerDetection$LanServerDetector.run()V+101 minecraft@1.21.1
v  ~StubRoutines::call_stub 0x000001dd8745100d

siginfo: EXCEPTION_ACCESS_VIOLATION (0xc0000005), reading address 0x0000000000000080


Registers:
RAX=0x0000000000000000, RBX=0x0000000000000000, RCX=0x000001ddf192bb88, RDX=0x0000007c155fea88
RSP=0x0000007c155fe920, RBP=0x0000007c155fe9f1, RSI=0x000001ddf192b7d0, RDI=0x0000000000000001
R8 =0x0000000000000080, R9 =0x0000000000000001, R10=0x000001ddb29c92f0, R11=0x0000007c155fea30
R12=0x00007fff3c4c12c0, R13=0x0000007c155fea88, R14=0x000001dd9eac4530, R15=0x0000000000000000
RIP=0x00007fff1e6c77c4, EFLAGS=0x0000000000010293

XMM[0]=0x7972617262696c20 0x57464c4720656854
XMM[1]=0x696c616974696e69 0x20746f6e20736920
XMM[2]=0x0000000000000000 0x0000000000041cd0
XMM[3]=0x0000000000000000 0x00000006eadae5d0
XMM[4]=0x0000000000000000 0x00000000bfd51ae6
XMM[5]=0x0000000000000000 0x0000000000000000
XMM[6]=0x0000000000000000 0x0000000000000000
XMM[7]=0x0000000000000000 0x0000000000000000
XMM[8]=0x0000000000000000 0x0000000000000000
XMM[9]=0x0000000000000000 0x0000000000000000
XMM[10]=0x0000000000000000 0x0000000000000000
XMM[11]=0x0000000000000000 0x0000000000000000
XMM[12]=0x0000000000000000 0x0000000000000000
XMM[13]=0x0000000000000000 0x0000000000000000
XMM[14]=0x0000000000000000 0x0000000000000000
XMM[15]=0x0000000000000000 0x0000000000000000
  MXCSR=0x00001fa0


Register to memory mapping:

RAX=0x0 is null
RBX=0x0 is null
RCX=0x000001ddf192bb88 points into unknown readable memory: 0x00007fff1eea37c0 | c0 37 ea 1e ff 7f 00 00
RDX=0x0000007c155fea88 is pointing into the stack for thread: 0x000001ddf192b7d0
RSP=0x0000007c155fe920 is pointing into the stack for thread: 0x000001ddf192b7d0
RBP=0x0000007c155fe9f1 is pointing into the stack for thread: 0x000001ddf192b7d0
RSI=0x000001ddf192b7d0 is a thread
RDI=0x0000000000000001 is an unknown value
R8 =0x0000000000000080 is an unknown value
R9 =0x0000000000000001 is an unknown value
R10=0x000001ddb29c92f0 points into unknown readable memory: 0x0000001e00000003 | 03 00 00 00 1e 00 00 00
R11=0x0000007c155fea30 is pointing into the stack for thread: 0x000001ddf192b7d0
R12=0x00007fff3c4c12c0 lwjgl.dll
R13=0x0000007c155fea88 is pointing into the stack for thread: 0x000001ddf192b7d0
R14=0x000001dd9eac4530 points into unknown readable memory: 0x000001dd9bc1bbf8 | f8 bb c1 9b dd 01 00 00
R15=0x0 is null

Top of Stack: (sp=0x0000007c155fe920)
0x0000007c155fe920:   00000006ea04ec50 000001dd808341d4
0x0000007c155fe930:   0000000600000000 000001ddf62fe880
0x0000007c155fe940:   0000000000000000 000001ddf62f0000
0x0000007c155fe950:   000001ddf62f02ac 000001dd806228fc
0x0000007c155fe960:   0000007c155feab8 000001ddf62f0ff0
0x0000007c155fe970:   00000006ea04eeb0 0000000000000008
0x0000007c155fe980:   0000000000000000 0000000000000030
0x0000007c155fe990:   0000000000000020 0000000000000008
0x0000007c155fe9a0:   0000000000000000 0000007c155fec08
0x0000007c155fe9b0:   0000000000000080 00007fff1e6c6a87
0x0000007c155fe9c0:   0000007c155feab8 0000000000000000
0x0000007c155fe9d0:   000001dd9bc1bbf8 000001dd00000008
0x0000007c155fe9e0:   000001dd9bc1bbf8 000001ddf192b7d0
0x0000007c155fe9f0:   000001ddff1978d0 000001dd0000000e
0x0000007c155fea00:   0000a2ab193081ff 000001dd8098d0dc
0x0000007c155fea10:   00007fff1ecb6928 0000000000000116
0x0000007c155fea20:   000001ddf192b7d0 000001ddf192bb88
0x0000007c155fea30:   0000000000000080 00007fff1e6b74f3
0x0000007c155fea40:   000001dd9bc1bbf8 0000007c155feb48
0x0000007c155fea50:   000001ddf192bb88 0000007c155feb48
0x0000007c155fea60:   000001dd9eac4530 0000007c155feab8
0x0000007c155fea70:   000001ddf192b7d0 00000006ea04e528
0x0000007c155fea80:   0000000000000068 000000300000000e
0x0000007c155fea90:   0000000000000080 000001ddf192b7d0
0x0000007c155feaa0:   0000000000000000 00007fff3c4c12c0
0x0000007c155feab0:   000001ddf192bb88 00007fff1ecb6928
0x0000007c155feac0:   000001ddff1978d0 00007fff0000000e
0x0000007c155fead0:   000000000000177c 0000000000000000
0x0000007c155feae0:   0000007c155feb48 000001dd812a0000
0x0000007c155feaf0:   000001ddf192bb88 0000000000000080
0x0000007c155feb00:   0000007c155fec08 0000000000000000
0x0000007c155feb10:   0000000000000080 0000007c155feb90 

Instructions: (pc=0x00007fff1e6c77c4)
0x00007fff1e6c76c4:   70 ff ff c3 cc cc cc cc cc cc cc cc 48 8d 05 89
0x00007fff1e6c76d4:   71 ff ff c3 cc cc cc cc cc cc cc cc 48 8d 05 69
0x00007fff1e6c76e4:   77 ff ff c3 cc cc cc cc cc cc cc cc 48 8d 05 d9
0x00007fff1e6c76f4:   75 ff ff c3 cc cc cc cc cc cc cc cc 48 8d 05 d9
0x00007fff1e6c7704:   72 ff ff c3 cc cc cc cc cc cc cc cc 48 8d 05 39
0x00007fff1e6c7714:   74 ff ff c3 cc cc cc cc cc cc cc cc 80 3d 15 64
0x00007fff1e6c7724:   84 00 00 0f 85 93 9c 01 00 48 8d 05 8c c0 7d 00
0x00007fff1e6c7734:   c3 cc cc cc cc cc cc cc cc cc cc cc 48 8d 05 79
0x00007fff1e6c7744:   c0 7d 00 c3 cc cc cc cc cc cc cc cc 48 89 5c 24
0x00007fff1e6c7754:   20 55 56 57 41 55 41 56 48 8d 6c 24 e1 48 81 ec
0x00007fff1e6c7764:   f0 00 00 00 48 8b 05 51 5b 80 00 48 33 c4 48 89
0x00007fff1e6c7774:   45 0f 48 8b 45 77 33 db 4c 8b 75 6f 41 8b f9 48
0x00007fff1e6c7784:   8b 75 7f 4c 8b ea 48 89 44 24 40 4d 85 c0 74 33
0x00007fff1e6c7794:   49 8b c0 83 e0 03 48 83 f8 01 75 0f 49 8d 48 ff
0x00007fff1e6c77a4:   ff 15 36 92 7d 00 48 8b d8 eb 18 48 83 f8 02 75
0x00007fff1e6c77b4:   0f 49 8d 48 fe ff 15 61 08 7d 00 48 8b d8 eb 03
0x00007fff1e6c77c4:   49 8b 18 48 85 db 75 26 4c 8b 0d e5 97 86 00 48
0x00007fff1e6c77d4:   8d 15 c6 f0 5e 00 41 b8 84 03 00 00 48 89 5c 24
0x00007fff1e6c77e4:   20 48 8b ce e8 33 3e eb ff e9 f6 02 00 00 48 8b
0x00007fff1e6c77f4:   8e 20 03 00 00 4c 89 bc 24 30 01 00 00 4c 8b 79
0x00007fff1e6c7804:   18 48 8b 41 20 49 2b c7 48 83 f8 08 72 0a 49 8d
0x00007fff1e6c7814:   47 08 48 89 41 18 eb 0f 45 33 c0 41 8d 50 08 e8
0x00007fff1e6c7824:   c8 de c6 ff 4c 8b f8 49 89 1f 49 8b 16 48 8b 4a
0x00007fff1e6c7834:   08 44 0f b7 41 2e 48 8b 49 08 44 89 44 24 30 4c
0x00007fff1e6c7844:   8b 51 18 83 ff 01 0f 85 9d 00 00 00 44 8b 42 2c
0x00007fff1e6c7854:   41 83 f8 f6 7e 4a 41 83 f8 fe 0f 84 89 00 00 00
0x00007fff1e6c7864:   80 3d 84 ac 7d 00 00 74 23 8b 0d 45 97 7d 00 41
0x00007fff1e6c7874:   8b d0 8b 43 08 48 d3 e0 48 03 05 2d 97 7d 00 48
0x00007fff1e6c7884:   8b c8 e8 e5 bd 15 00 48 8b d0 eb 5d 48 8b 43 08
0x00007fff1e6c7894:   41 8b d0 48 8b c8 e8 d1 bd 15 00 48 8b d0 eb 49
0x00007fff1e6c78a4:   ba f6 ff ff ff 41 2b d0 80 3d 3c ac 7d 00 00 74
0x00007fff1e6c78b4:   15 8b 43 08 8b 0d fa 96 7d 00 48 d3 e0 48 03 05 


Stack slot to memory mapping:

stack at sp + 0 slots: 0x00000006ea04ec50 is an oop: java.util.GregorianCalendar 
{0x00000006ea04ec50} - klass: 'java/util/GregorianCalendar'
 - ---- fields (total size 14 words):
 - private 'firstDayOfWeek' 'I' @12  1 (0x00000001)
 - protected 'time' 'J' @16  1766441162441 (0x0000019b481916c9)
 - private 'minimalDaysInFirstWeek' 'I' @24  1 (0x00000001)
 - private 'nextStamp' 'I' @28  2 (0x00000002)
 - private 'serialVersionOnStream' 'I' @32  1 (0x00000001)
 - protected 'isTimeSet' 'Z' @36  true (0x01)
 - protected 'areFieldsSet' 'Z' @37  true (0x01)
 - transient 'areAllFieldsSet' 'Z' @38  true (0x01)
 - private 'lenient' 'Z' @39  true (0x01)
 - private transient 'sharedZone' 'Z' @40  false (0x00)
 - protected 'fields' '[I' @44  [I{0x00000006ea04ecc0} (0xdd409d98)
 - protected 'isSet' '[Z' @48  [Z{0x00000006ea04ed18} (0xdd409da3)
 - private transient 'stamp' '[I' @52  [I{0x00000006ea04ed40} (0xdd409da8)
 - private 'zone' 'Ljava/util/TimeZone;' @56  a 'sun/util/calendar/ZoneInfo'{0x00000005fff1d910} (0xbffe3b22)
 - private transient 'gregorianCutoverYear' 'I' @60  1582 (0x0000062e)
 - private 'gregorianCutover' 'J' @64  -12219292800000 (0xfffff4e2f964ac00)
 - private transient 'gregorianCutoverDate' 'J' @72  577736 (0x000000000008d0c8)
 - private transient 'cachedFixedDate' 'J' @80  739608 (0x00000000000b4918)
 - private transient 'gregorianCutoverYearJulian' 'I' @88  1582 (0x0000062e)
 - private transient 'gdate' 'Lsun/util/calendar/BaseCalendar$Date;' @92  a 'sun/util/calendar/Gregorian$Date'{0x00000006ea04ed98} (0xdd409db3)
 - private transient 'cdate' 'Lsun/util/calendar/BaseCalendar$Date;' @96  a 'sun/util/calendar/Gregorian$Date'{0x00000006ea04ed98} (0xdd409db3)
 - private transient 'calsys' 'Lsun/util/calendar/BaseCalendar;' @100  a 'sun/util/calendar/Gregorian'{0x00000005ff1b84a0} (0xbfe37094)
 - private transient 'zoneOffsets' '[I' @104  [I{0x00000006ea04edf8} (0xdd409dbf)
 - private transient 'originalFields' '[I' @108  null (0x00000000)
stack at sp + 1 slots: 0x000001dd808341d4 is at entry_point+15636 in (nmethod*)0x000001dd8082fe10
Compiled method (c1) 3628178 38313       3       java.util.GregorianCalendar::computeFields (1567 bytes)
 total in heap  [0x000001dd8082fe10,0x000001dd808372d8] = 29896
 relocation     [0x000001dd8082ff70,0x000001dd808304b8] = 1352
 main code      [0x000001dd808304c0,0x000001dd80835100] = 19520
 stub code      [0x000001dd80835100,0x000001dd80835270] = 368
 metadata       [0x000001dd80835270,0x000001dd80835370] = 256
 scopes data    [0x000001dd80835370,0x000001dd80836470] = 4352
 scopes pcs     [0x000001dd80836470,0x000001dd80836f30] = 2752
 dependencies   [0x000001dd80836f30,0x000001dd80836f98] = 104
 handler table  [0x000001dd80836f98,0x000001dd80837118] = 384
 nul chk table  [0x000001dd80837118,0x000001dd808372d8] = 448
stack at sp + 2 slots: 0x0000000600000000 is an oop: [Ljdk.internal.vm.FillerElement; 
{0x0000000600000000} - klass: {type array int}
 - length: 64
stack at sp + 3 slots: 0x000001ddf62fe880 points into unknown readable memory: 0x000001ddf62f0ff0 | f0 0f 2f f6 dd 01 00 00
stack at sp + 4 slots: 0x0 is null
stack at sp + 5 slots: 0x000001ddf62f0000 points into unknown readable memory: 0x0000000000000000 | 00 00 00 00 00 00 00 00
stack at sp + 6 slots: 0x000001ddf62f02ac points into unknown readable memory: 03 00 02 01
stack at sp + 7 slots: 0x000001dd806228fc is at entry_point+2396 in (nmethod*)0x000001dd80621c10
Compiled method (c1) 3628191 74003       3       org.apache.logging.log4j.core.util.datetime.FixedDateFormat::createIfSupported (138 bytes)
 total in heap  [0x000001dd80621c10,0x000001dd80623c08] = 8184
 relocation     [0x000001dd80621d70,0x000001dd80621f98] = 552
 main code      [0x000001dd80621fa0,0x000001dd80623318] = 4984
 stub code      [0x000001dd80623318,0x000001dd806233e8] = 208
 oops           [0x000001dd806233e8,0x000001dd806233f8] = 16
 metadata       [0x000001dd806233f8,0x000001dd80623448] = 80
 scopes data    [0x000001dd80623448,0x000001dd80623700] = 696
 scopes pcs     [0x000001dd80623700,0x000001dd80623b10] = 1040
 dependencies   [0x000001dd80623b10,0x000001dd80623b28] = 24
 handler table  [0x000001dd80623b28,0x000001dd80623b88] = 96
 nul chk table  [0x000001dd80623b88,0x000001dd80623c08] = 128


Compiled method (n/a) 3628192 26240     n 0       org.lwjgl.system.JNI::invokeD (native)
 total in heap  [0x000001dd88e6e810,0x000001dd88e6ec00] = 1008
 relocation     [0x000001dd88e6e970,0x000001dd88e6e9a8] = 56
 main code      [0x000001dd88e6e9c0,0x000001dd88e6ebf2] = 562
 stub code      [0x000001dd88e6ebf2,0x000001dd88e6ebf8] = 6
 oops           [0x000001dd88e6ebf8,0x000001dd88e6ec00] = 8

[Constant Pool (empty)]

[MachCode]
[Entry Point]
  # {method} {0x000001dd9bcc7410} 'invokeD' '(J)D' in 'org/lwjgl/system/JNI'
  # parm0:    rdx:rdx   = long
  #           [sp+0x70]  (sp of caller)
  0x000001dd88e6e9c0: 448b 5208 | 49bb 0000 | 0000 0800 | 0000 4d03 | d349 3bc2 | 0f84 0600 

  0x000001dd88e6e9d8: ;   {runtime_call ic_miss_stub}
  0x000001dd88e6e9d8: 0000 e9a1 | fd62 fe90 
[Verified Entry Point]
  0x000001dd88e6e9e0: 8984 2400 | 80ff ff55 | 488b ec48 | 83ec 6090 | 4181 7f20 | 0202 0000 

  0x000001dd88e6e9f8: ;   {runtime_call StubRoutines (final stubs)}
  0x000001dd88e6e9f8: 7405 e861 | 6461 fe4c 

  0x000001dd88e6ea00: ;   {oop(a 'java/lang/Class'{0x00000006124800f8} = 'org/lwjgl/system/JNI')}
  0x000001dd88e6ea00: 8bc2 49be | f800 4812 | 0600 0000 | 4c89 7424 | 504c 8d74 | 2450 498b | d6c5 f877 

  0x000001dd88e6ea1c: ;   {internal_word}
  0x000001dd88e6ea1c: 49ba 19ea | e688 dd01 | 0000 4d89 | 97a0 0300 | 0049 89a7 | 9803 0000 

  0x000001dd88e6ea34: ;   {external_word}
  0x000001dd88e6ea34: 49ba 2fdc | f01e ff7f | 0000 4180 | 3a00 0f84 | 4a00 0000 

  0x000001dd88e6ea48: ;   {metadata({method} {0x000001dd9bcc7410} 'invokeD' '(J)D' in 'org/lwjgl/system/JNI')}
  0x000001dd88e6ea48: 5241 5048 | ba08 74cc | 9bdd 0100 | 0049 8bcf | 4883 ec20 | 40f6 c40f | 0f84 1900 | 0000 4883 
  0x000001dd88e6ea68: ;   {runtime_call}
  0x000001dd88e6ea68: ec08 48b8 | 30bb 9a1e | ff7f 0000 | ffd0 4883 | c408 e90c 

  0x000001dd88e6ea7c: ;   {runtime_call}
  0x000001dd88e6ea7c: 0000 0048 | b830 bb9a | 1eff 7f00 | 00ff d048 | 83c4 2041 | 585a 498d | 8fb8 0300 | 0041 c787 
  0x000001dd88e6ea9c: 4404 0000 | 0400 0000 

  0x000001dd88e6eaa4: ;   {runtime_call}
  0x000001dd88e6eaa4: 48b8 9013 | 4c3c ff7f | 0000 ffd0 | c5f8 7741 | c787 4404 | 0000 0500 | 0000 f083 | 4424 c000 
  0x000001dd88e6eac4: 493b af48 | 0400 000f | 870e 0000 | 0041 83bf | 4004 0000 | 000f 842d | 0000 00c5 | f877 c5fb 
  0x000001dd88e6eae4: 1145 f849 | 8bcf 4c8b | e448 83ec | 2048 83e4 

  0x000001dd88e6eaf4: ;   {runtime_call}
  0x000001dd88e6eaf4: f048 b8f0 | 2766 1eff | 7f00 00ff | d049 8be4 | 4d33 e4c5 | fb10 45f8 | 41c7 8744 | 0400 0008 
  0x000001dd88e6eb14: 0000 0041 | 83bf c004 | 0000 020f | 849e 0000 

  0x000001dd88e6eb24: ;   {external_word}
  0x000001dd88e6eb24: 0049 ba2f | dcf0 1eff | 7f00 0041 | 803a 000f | 844e 0000 | 00c5 fb11 

  0x000001dd88e6eb3c: ;   {metadata({method} {0x000001dd9bcc7410} 'invokeD' '(J)D' in 'org/lwjgl/system/JNI')}
  0x000001dd88e6eb3c: 45f8 48ba | 0874 cc9b | dd01 0000 | 498b cf48 | 83ec 2040 | f6c4 0f0f | 8419 0000 | 0048 83ec 
  0x000001dd88e6eb5c: ;   {runtime_call}
  0x000001dd88e6eb5c: 0848 b830 | bb9a 1eff | 7f00 00ff | d048 83c4 | 08e9 0c00 

  0x000001dd88e6eb70: ;   {runtime_call}
  0x000001dd88e6eb70: 0000 48b8 | 30bb 9a1e | ff7f 0000 | ffd0 4883 | c420 c5fb | 1045 f849 | c787 9803 | 0000 0000 
  0x000001dd88e6eb90: 0000 49c7 | 87a0 0300 | 0000 0000 | 00c5 f877 | 498b 8f28 | 0400 00c7 | 8100 0100 | 0000 0000 
  0x000001dd88e6ebb0: 00c9 4983 | 7f08 000f | 8501 0000 

  0x000001dd88e6ebbc: ;   {runtime_call StubRoutines (initial stubs)}
  0x000001dd88e6ebbc: 00c3 e93d | 235e fec5 | f877 c5fb | 1145 f84c | 8be4 4883 | ec20 4883 

  0x000001dd88e6ebd4: ;   {runtime_call}
  0x000001dd88e6ebd4: e4f0 48b8 | 00f3 9a1e | ff7f 0000 | ffd0 498b | e44d 33e4 | c5fb 1045 | f8e9 33ff | ffff f4f4 
  0x000001dd88e6ebf4: f4f4 f4f4 
[/MachCode]


Compiled method (c2) 3628199 30286       4       com.mojang.blaze3d.platform.GLX$$Lambda/0x000000080116f4b8::getAsLong (4 bytes)
 total in heap  [0x000001dd88380c90,0x000001dd88380fe0] = 848
 relocation     [0x000001dd88380df0,0x000001dd88380e28] = 56
 constants      [0x000001dd88380e40,0x000001dd88380e60] = 32
 main code      [0x000001dd88380e60,0x000001dd88380f20] = 192
 stub code      [0x000001dd88380f20,0x000001dd88380f48] = 40
 oops           [0x000001dd88380f48,0x000001dd88380f58] = 16
 metadata       [0x000001dd88380f58,0x000001dd88380f70] = 24
 scopes data    [0x000001dd88380f70,0x000001dd88380f90] = 32
 scopes pcs     [0x000001dd88380f90,0x000001dd88380fc0] = 48
 dependencies   [0x000001dd88380fc0,0x000001dd88380fc8] = 8
 handler table  [0x000001dd88380fc8,0x000001dd88380fe0] = 24


[Constant Pool]
             Address          hex4                    hex8      
  0x000001dd88380e40:   0x00000000      0x41cdcd6500000000      
  0x000001dd88380e44:   0x41cdcd65                              
  0x000001dd88380e48:   0xf4f4f4f4      0xf4f4f4f4f4f4f4f4      
  0x000001dd88380e4c:   0xf4f4f4f4                              
  0x000001dd88380e50:   0xf4f4f4f4      0xf4f4f4f4f4f4f4f4      
  0x000001dd88380e54:   0xf4f4f4f4                              
  0x000001dd88380e58:   0xf4f4f4f4      0xf4f4f4f4f4f4f4f4      
  0x000001dd88380e5c:   0xf4f4f4f4                              

[MachCode]
[Entry Point]
  # {method} {0x000001ddb7ff4988} 'getAsLong' '()J' in 'com/mojang/blaze3d/platform/GLX$$Lambda+0x000000080116f4b8'
  #           [sp+0x20]  (sp of caller)
  0x000001dd88380e60: ;   {no_reloc}
  0x000001dd88380e60: 448b 5208 | 49bb 0000 | 0000 0800 | 0000 4d03 | d349 3bc2 

  0x000001dd88380e74: ;   {runtime_call ic_miss_stub}
  0x000001dd88380e74: 0f85 06d9 | 11ff 6690 | 0f1f 4000 
[Verified Entry Point]
  0x000001dd88380e80: 8984 2400 | 80ff ff55 | 4883 ec10 | 4181 7f20 | 0202 0000 | 0f85 7b00 | 0000 48ba | f040 433c 
  0x000001dd88380ea0: ff7f 0000 

  0x000001dd88380ea4: ;   {static_call}
  0x000001dd88380ea4: 6666 90e8 

  0x000001dd88380ea8: ; ImmutableOopMap {}
                      ;*invokestatic invokeD {reexecute=0 rethrow=0 return_oop=0}
                      ; - org.lwjgl.glfw.GLFW::glfwGetTime@5 (line 4811)
                      ; - com.mojang.blaze3d.platform.GLX::lambda$_initGlfw$2@0 (line 71)
                      ; - com.mojang.blaze3d.platform.GLX$$Lambda/0x000000080116f4b8::getAsLong@0
  0x000001dd88380ea8: 34db ae00 

  0x000001dd88380eac: ;   {other}
  0x000001dd88380eac: 0f1f 8400 | 1c02 0000 

  0x000001dd88380eb4: ;   {section_word}
  0x000001dd88380eb4: c5fb 5905 | 84ff ffff | c4e1 fb2c 

  0x000001dd88380ec0: ;   {external_word}
  0x000001dd88380ec0: c048 3b05 | f803 0dff | 0f84 3600 | 0000 4883 

  0x000001dd88380ed0: ;   {poll_return}
  0x000001dd88380ed0: c410 5d49 | 3ba7 4804 | 0000 0f87 | 0e00 0000 | c348 8bd0 | 4883 c410 

  0x000001dd88380ee8: ;   {runtime_call _rethrow_Java}
  0x000001dd88380ee8: 5de9 12c2 

  0x000001dd88380eec: ;   {internal_word}
  0x000001dd88380eec: 1eff 49ba | d30e 3888 | dd01 0000 | 4d89 9760 

  0x000001dd88380efc: ;   {runtime_call SafepointBlob}
  0x000001dd88380efc: 0400 00e9 | fc47 12ff | 4883 ec08 | c5fb 1104 

  0x000001dd88380f0c: ;   {runtime_call StubRoutines (initial stubs)}
  0x000001dd88380f0c: 24e8 e002 | 0dff 58eb 

  0x000001dd88380f14: ;   {runtime_call StubRoutines (final stubs)}
  0x000001dd88380f14: b9e8 463f | 10ff e97b | ffff fff4 
[Stub Code]
  0x000001dd88380f20: ;   {no_reloc}
  0x000001dd88380f20: 48bb 0000 | 0000 0000 

  0x000001dd88380f28: ;   {runtime_call nmethod}
  0x000001dd88380f28: 0000 e9fb 

  0x000001dd88380f2c: ;   {runtime_call ExceptionBlob}
  0x000001dd88380f2c: ffff ffe9 | cc62 1eff 
[Deopt Handler Code]
  0x000001dd88380f34: e800 0000 | 0048 832c 

  0x000001dd88380f3c: ;   {runtime_call DeoptimizationBlob}
  0x000001dd88380f3c: 2405 e95d | 3a12 fff4 | f4f4 f4f4 
[/MachCode]


Compiled method (c2) 3628201 34293       4       net.minecraft.Util::getMillis (8 bytes)
 total in heap  [0x000001dd8831d110,0x000001dd8831d4b8] = 936
 relocation     [0x000001dd8831d270,0x000001dd8831d2a0] = 48
 main code      [0x000001dd8831d2a0,0x000001dd8831d3b0] = 272
 stub code      [0x000001dd8831d3b0,0x000001dd8831d3c8] = 24
 oops           [0x000001dd8831d3c8,0x000001dd8831d3d0] = 8
 metadata       [0x000001dd8831d3d0,0x000001dd8831d400] = 48
 scopes data    [0x000001dd8831d400,0x000001dd8831d430] = 48
 scopes pcs     [0x000001dd8831d430,0x000001dd8831d480] = 80
 dependencies   [0x000001dd8831d480,0x000001dd8831d490] = 16
 handler table  [0x000001dd8831d490,0x000001dd8831d4a8] = 24
 nul chk table  [0x000001dd8831d4a8,0x000001dd8831d4b8] = 16

[Constant Pool (empty)]

[MachCode]
[Verified Entry Point]
  # {method} {0x000001dd9d9907b8} 'getMillis' '()J' in 'net/minecraft/Util'
  #           [sp+0x40]  (sp of caller)
  0x000001dd8831d2a0: 8984 2400 | 80ff ff55 | 4883 ec30 | 4181 7f20 | 0202 0000 | 0f85 e800 

  0x000001dd8831d2b8: ;   {oop(a 'java/lang/Class'{0x00000006129382d0} = 'net/minecraft/Util')}
  0x000001dd8831d2b8: 0000 49ba | d082 9312 | 0600 0000 | 458b 9a8c | 0000 0047 | 8b54 dc08 

  0x000001dd8831d2d0: ;   {metadata('com/mojang/blaze3d/systems/RenderSystem$$Lambda+0x000000080116f6c8')}
  0x000001dd8831d2d0: 4181 fac8 | f616 0175 | 5b4f 8d14 | dc45 8b5a | 0c49 8bd3 | 48c1 e203 | 9048 b8b8 | f416 0108 
  0x000001dd8831d2f0: ;   {virtual_call}
  0x000001dd8831d2f0: 0000 00e8 

  0x000001dd8831d2f4: ; ImmutableOopMap {}
                      ;*invokeinterface getAsLong {reexecute=0 rethrow=0 return_oop=0}
                      ; - com.mojang.blaze3d.systems.RenderSystem$$Lambda/0x000000080116f6c8::getAsLong@4
                      ; - net.minecraft.Util::getNanos@3 (line 138)
                      ; - net.minecraft.Util::getMillis@0 (line 134)
  0x000001dd8831d2f4: 683b 0600 

  0x000001dd8831d2f8: ;   {other}
  0x000001dd8831d2f8: 0f1f 8400 | e801 0000 | 4c8b d84d | 8bd3 49c1 | fa3f 48b8 | db34 b6d7 | 82de 1b43 | 49f7 eb48 
  0x000001dd8831d318: c1fa 1248 | 8bc2 492b | c248 83c4 

  0x000001dd8831d324: ;   {poll_return}
  0x000001dd8831d324: 305d 493b | a748 0400 | 000f 8759 | 0000 00c3 

  0x000001dd8831d334: ;   {metadata('net/minecraft/Util$$Lambda+0x00000008007824a0')}
  0x000001dd8831d334: 4181 faa0 | 2478 0075 | 1a49 ba80 | f793 1eff | 7f00 0041 

  0x000001dd8831d348: ;   {other}
  0x000001dd8831d348: ffd2 0f1f | 8400 0000 | 0000 4c8b | d8eb acba | c6ff ffff 

  0x000001dd8831d35c: ;   {runtime_call UncommonTrapBlob}
  0x000001dd8831d35c: 418b ebe8 

  0x000001dd8831d360: ; ImmutableOopMap {rbp=NarrowOop }
                      ;*invokeinterface getAsLong {reexecute=0 rethrow=0 return_oop=0}
                      ; - net.minecraft.Util::getNanos@3 (line 138)
                      ; - net.minecraft.Util::getMillis@0 (line 134)
  0x000001dd8831d360: 9c72 18ff 

  0x000001dd8831d364: ;   {other}
  0x000001dd8831d364: 0f1f 8400 | 5402 0001 | 488b d048 | 83c4 305d 

  0x000001dd8831d374: ;   {runtime_call _rethrow_Java}
  0x000001dd8831d374: e987 fd24 | ffba f6ff 

  0x000001dd8831d37c: ;   {runtime_call UncommonTrapBlob}
  0x000001dd8831d37c: ffff 90e8 

  0x000001dd8831d380: ; ImmutableOopMap {}
                      ;*invokeinterface getAsLong {reexecute=0 rethrow=0 return_oop=0}
                      ; - net.minecraft.Util::getNanos@3 (line 138)
                      ; - net.minecraft.Util::getMillis@0 (line 134)
  0x000001dd8831d380: 7c72 18ff 

  0x000001dd8831d384: ;   {other}
  0x000001dd8831d384: 0f1f 8400 | 7402 0002 

  0x000001dd8831d38c: ;   {internal_word}
  0x000001dd8831d38c: 49ba 26d3 | 3188 dd01 | 0000 4d89 | 9760 0400 

  0x000001dd8831d39c: ;   {runtime_call SafepointBlob}
  0x000001dd8831d39c: 00e9 5e83 

  0x000001dd8831d3a0: ;   {runtime_call StubRoutines (final stubs)}
  0x000001dd8831d3a0: 18ff e8b9 | 7a16 ffe9 | 0eff ffff | f4f4 f4f4 
[Exception Handler]
  0x000001dd8831d3b0: ;   {no_reloc}
  0x000001dd8831d3b0: e94b 9e24 | ffe8 0000 | 0000 4883 

  0x000001dd8831d3bc: ;   {runtime_call DeoptimizationBlob}
  0x000001dd8831d3bc: 2c24 05e9 | dc75 18ff | f4f4 f4f4 
[/MachCode]


---------------  P R O C E S S  ---------------

Threads class SMR info:
_java_thread_list=0x000001ddf1880030, length=93, elements={
0x000001ddf883abb0, 0x000001dd9922d140, 0x000001dd9922d900, 0x000001dd99237fd0,
0x000001dd9922ff40, 0x000001dd99230990, 0x000001dd99234130, 0x000001dd992541e0,
0x000001dd99255470, 0x000001dd993dd280, 0x000001dd9ee6f130, 0x000001dda0d30f70,
0x000001dda0d2f530, 0x000001dda0d2eea0, 0x000001dda0d2a670, 0x000001dda195bdc0,
0x000001dda1957c20, 0x000001dda1958fd0, 0x000001dda1959cf0, 0x000001dda26d5050,
0x000001dda0d308e0, 0x000001dda0d29fe0, 0x000001dda0d2c740, 0x000001dda1b37a80,
0x000001ddb3a3ebe0, 0x000001ddb3a41340, 0x000001ddb3a46200, 0x000001ddb3a3f270,
0x000001ddb3a4a3a0, 0x000001ddb3a4bde0, 0x000001ddb3a4b0c0, 0x000001ddb3a4c470,
0x000001ddb3a4cb00, 0x000001ddb3a4d190, 0x000001ddb3a46890, 0x000001ddb4915e80,
0x000001ddbafc3370, 0x000001ddbafbd790, 0x000001ddbafc1930, 0x000001ddbafbe4b0,
0x000001ddbafcb020, 0x000001ddbafca300, 0x000001ddc242cfd0, 0x000001ddc225bd30,
0x000001ddc0fbaeb0, 0x000001ddb5074f60, 0x000001ddb15cad90, 0x000001ddb15cb420,
0x000001ddbafc7510, 0x000001ddbafc7ba0, 0x000001ddc08e9ec0, 0x000001ddc08ea550,
0x000001ddbafc67f0, 0x000001ddc08e91a0, 0x000001ddc226eb30, 0x000001ddba57cb30,
0x000001ddb50748d0, 0x000001ddc19c37c0, 0x000001ddc19c3e50, 0x000001ddc1d393b0,
0x000001ddc2e34160, 0x000001ddc2e347f0, 0x000001ddc2e34e80, 0x000001ddc2e33ad0,
0x000001de047f9ab0, 0x000001de047f9420, 0x000001de047fb4f0, 0x000001de047f8d90,
0x000001de047fa140, 0x000001de047fa7d0, 0x000001de43d645f0, 0x000001de43d63240,
0x000001de0576ed60, 0x000001dd9f854e70, 0x000001ddc1d37970, 0x000001ddc201dca0,
0x000001de0500e220, 0x000001ddc225ca50, 0x000001ddf192b140, 0x000001dda260f460,
0x000001de04f259d0, 0x000001ddafc4d700, 0x000001ddb369d850, 0x000001ddf192aab0,
0x000001ddf1929d90, 0x000001ddc1f568b0, 0x000001ddf5169fd0, 0x000001ddf192b7d0,
0x000001ddf192be60, 0x000001dda0891760, 0x000001dd9f855b90, 0x000001ddaf749410,
0x000001ddba57d1c0
}

Java Threads: ( => current thread )
  0x000001ddf883abb0 JavaThread "Render thread"                     [_thread_in_native, id=29612, stack(0x0000007c11a00000,0x0000007c11b00000) (1024K)]
  0x000001dd9922d140 JavaThread "Reference Handler"          daemon [_thread_blocked, id=22572, stack(0x0000007c12200000,0x0000007c12300000) (1024K)]
  0x000001dd9922d900 JavaThread "Finalizer"                  daemon [_thread_blocked, id=15788, stack(0x0000007c12300000,0x0000007c12400000) (1024K)]
  0x000001dd99237fd0 JavaThread "Signal Dispatcher"          daemon [_thread_blocked, id=19040, stack(0x0000007c12400000,0x0000007c12500000) (1024K)]
  0x000001dd9922ff40 JavaThread "Attach Listener"            daemon [_thread_blocked, id=28824, stack(0x0000007c12500000,0x0000007c12600000) (1024K)]
  0x000001dd99230990 JavaThread "Service Thread"             daemon [_thread_blocked, id=1320, stack(0x0000007c12600000,0x0000007c12700000) (1024K)]
  0x000001dd99234130 JavaThread "Monitor Deflation Thread"   daemon [_thread_blocked, id=29628, stack(0x0000007c12700000,0x0000007c12800000) (1024K)]
  0x000001dd992541e0 JavaThread "C2 CompilerThread0"         daemon [_thread_blocked, id=23620, stack(0x0000007c12800000,0x0000007c12900000) (1024K)]
  0x000001dd99255470 JavaThread "C1 CompilerThread0"         daemon [_thread_blocked, id=14324, stack(0x0000007c12900000,0x0000007c12a00000) (1024K)]
  0x000001dd993dd280 JavaThread "Common-Cleaner"             daemon [_thread_blocked, id=24592, stack(0x0000007c12b00000,0x0000007c12c00000) (1024K)]
  0x000001dd9ee6f130 JavaThread "Notification Thread"        daemon [_thread_blocked, id=21736, stack(0x0000007c13e00000,0x0000007c13f00000) (1024K)]
  0x000001dda0d30f70 JavaThread "JNA Cleaner"                daemon [_thread_blocked, id=26364, stack(0x0000007c17400000,0x0000007c17500000) (1024K)]
  0x000001dda0d2f530 JavaThread "pool-23-thread-1"                  [_thread_blocked, id=22880, stack(0x0000007c17600000,0x0000007c17700000) (1024K)]
  0x000001dda0d2eea0 JavaThread "EuphoriaConfigWatcher"      daemon [_thread_blocked, id=19700, stack(0x0000007c17700000,0x0000007c17800000) (1024K)]
  0x000001dda0d2a670 JavaThread "EuphoriaPatcher-FileWriter" daemon [_thread_blocked, id=10160, stack(0x0000007c14100000,0x0000007c14200000) (1024K)]
  0x000001dda195bdc0 JavaThread "JNA Cleaner"                daemon [_thread_blocked, id=25144, stack(0x0000007c17c00000,0x0000007c17d00000) (1024K)]
  0x000001dda1957c20 JavaThread "Timer hack thread"          daemon [_thread_blocked, id=10104, stack(0x0000007c13f00000,0x0000007c14000000) (1024K)]
  0x000001dda1958fd0 JavaThread "DH-Log Ticker Thread[0]"    daemon [_thread_blocked, id=19436, stack(0x0000007c17900000,0x0000007c17a00000) (1024K)]
  0x000001dda1959cf0 JavaThread "Yggdrasil Key Fetcher"      daemon [_thread_blocked, id=28572, stack(0x0000007c18400000,0x0000007c18500000) (1024K)]
  0x000001dda26d5050 JavaThread "Cleaner-0"                  daemon [_thread_blocked, id=26400, stack(0x0000007c18700000,0x0000007c18800000) (1024K)]
  0x000001dda0d308e0 JavaThread "FileSystemWatchService"     daemon [_thread_in_native, id=22856, stack(0x0000007c17a00000,0x0000007c17b00000) (1024K)]
  0x000001dda0d29fe0 JavaThread "config-file-watcher-0-0"    daemon [_thread_blocked, id=16684, stack(0x0000007c18200000,0x0000007c18300000) (1024K)]
  0x000001dda0d2c740 JavaThread "Java2D Disposer"            daemon [_thread_blocked, id=26392, stack(0x0000007c18900000,0x0000007c18a00000) (1024K)]
  0x000001dda1b37a80 JavaThread "AWT-Windows"                daemon [_thread_in_native, id=24884, stack(0x0000007c18b00000,0x0000007c18c00000) (1024K)]
  0x000001ddb3a3ebe0 JavaThread "FileSystemWatchService"     daemon [_thread_in_native, id=21092, stack(0x0000007c18f00000,0x0000007c19000000) (1024K)]
  0x000001ddb3a41340 JavaThread "HttpClient-2-SelectorManager" daemon [_thread_in_native, id=26536, stack(0x0000007c18a00000,0x0000007c18b00000) (1024K)]
  0x000001ddb3a46200 JavaThread "JEI Config File Watcher"    daemon [_thread_blocked, id=28860, stack(0x0000007c19100000,0x0000007c19200000) (1024K)]
  0x000001ddb3a3f270 JavaThread "kubejs-background-thread"   daemon [_thread_blocked, id=21408, stack(0x0000007c19200000,0x0000007c19300000) (1024K)]
  0x000001ddb3a4a3a0 JavaThread "SentryHostnameCache-0"      daemon [_thread_blocked, id=29336, stack(0x0000007c19500000,0x0000007c19600000) (1024K)]
  0x000001ddb3a4bde0 JavaThread "FTB Backups Config Watcher 0" daemon [_thread_blocked, id=22140, stack(0x0000007c19600000,0x0000007c19700000) (1024K)]
  0x000001ddb3a4b0c0 JavaThread "FileSystemWatchService"     daemon [_thread_in_native, id=23268, stack(0x0000007c19700000,0x0000007c19800000) (1024K)]
  0x000001ddb3a4c470 JavaThread "FTB Backups scheduled executor 0" daemon [_thread_blocked, id=27328, stack(0x0000007c19800000,0x0000007c19900000) (1024K)]
  0x000001ddb3a4cb00 JavaThread "ftbbackups2_Worker-1"       daemon [_thread_blocked, id=5180, stack(0x0000007c19900000,0x0000007c19a00000) (1024K)]
  0x000001ddb3a4d190 JavaThread "ftbbackups2_QuartzSchedulerThread" daemon [_thread_blocked, id=15116, stack(0x0000007c19a00000,0x0000007c19b00000) (1024K)]
  0x000001ddb3a46890 JavaThread "Timer-0"                    daemon [_thread_blocked, id=27228, stack(0x0000007c19b00000,0x0000007c19c00000) (1024K)]
  0x000001ddb4915e80 JavaThread "modloading-sync-worker"     daemon [_thread_blocked, id=6840, stack(0x0000007c12c00000,0x0000007c12d00000) (1024K)]
  0x000001ddbafc3370 JavaThread "FancyMenu-JsonPlaceholder-Cleanup" daemon [_thread_blocked, id=24400, stack(0x0000007c1bf00000,0x0000007c1c000000) (1024K)]
  0x000001ddbafbd790 JavaThread "Thread-18"                         [_thread_blocked, id=19640, stack(0x0000007c1c000000,0x0000007c1c100000) (1024K)]
  0x000001ddbafc1930 JavaThread "Thread-19"                         [_thread_blocked, id=23520, stack(0x0000007c1c100000,0x0000007c1c200000) (1024K)]
  0x000001ddbafbe4b0 JavaThread "ConfigSaver"                daemon [_thread_blocked, id=26296, stack(0x0000007c1cb00000,0x0000007c1cc00000) (1024K)]
  0x000001ddbafcb020 JavaThread "Thread-21"                         [_thread_blocked, id=28748, stack(0x0000007c11800000,0x0000007c11900000) (1024K)]
  0x000001ddbafca300 JavaThread "ConfigSaver"                daemon [_thread_blocked, id=17948, stack(0x0000007c1cf00000,0x0000007c1d000000) (1024K)]
  0x000001ddc242cfd0 JavaThread "Cleaner-1"                  daemon [_thread_blocked, id=29236, stack(0x0000007c1d400000,0x0000007c1d500000) (1024K)]
  0x000001ddc225bd30 JavaThread "Cleaner-2"                  daemon [_thread_blocked, id=20428, stack(0x0000007c1d500000,0x0000007c1d600000) (1024K)]
  0x000001ddc0fbaeb0 JavaThread "Cleaner-3"                  daemon [_thread_blocked, id=22884, stack(0x0000007c1d600000,0x0000007c1d700000) (1024K)]
  0x000001ddb5074f60 JavaThread "Cleaner-4"                  daemon [_thread_blocked, id=5896, stack(0x0000007c1d700000,0x0000007c1d800000) (1024K)]
  0x000001ddb15cad90 JavaThread "spark-monitoring-thread"    daemon [_thread_blocked, id=12784, stack(0x0000007c1d300000,0x0000007c1d400000) (1024K)]
  0x000001ddb15cb420 JavaThread "spark-worker-pool-1-thread-1" daemon [_thread_blocked, id=4284, stack(0x0000007c1d800000,0x0000007c1d900000) (1024K)]
  0x000001ddbafc7510 JavaThread "DH-ApplyConfigPresetTimer"  daemon [_thread_blocked, id=16936, stack(0x0000007c1d100000,0x0000007c1d200000) (1024K)]
  0x000001ddbafc7ba0 JavaThread "DH-ApplyConfigPresetTimer"  daemon [_thread_blocked, id=15900, stack(0x0000007c1d200000,0x0000007c1d300000) (1024K)]
  0x000001ddc08e9ec0 JavaThread "KubeJS 2101.7.2-build.348"  daemon [_thread_in_native, id=9480, stack(0x0000007c1da00000,0x0000007c1db00000) (1024K)]
  0x000001ddc08ea550 JavaThread "WSKeepAliveThread-/api/updates" daemon [_thread_blocked, id=28260, stack(0x0000007c1db00000,0x0000007c1dc00000) (1024K)]
  0x000001ddbafc67f0 JavaThread "Java Sound Sequencer"              [_thread_blocked, id=21800, stack(0x0000007c1bb00000,0x0000007c1bc00000) (1024K)]
  0x000001ddc08e91a0 JavaThread "DH-RenderCacheClearConfigTimer" daemon [_thread_blocked, id=19340, stack(0x0000007c1bd00000,0x0000007c1be00000) (1024K)]
  0x000001ddc226eb30 JavaThread "Cleaner-5"                  daemon [_thread_blocked, id=22628, stack(0x0000007c18100000,0x0000007c18200000) (1024K)]
  0x000001ddba57cb30 JavaThread "pool-42-thread-1"                  [_thread_blocked, id=28576, stack(0x0000007c1c200000,0x0000007c1c300000) (1024K)]
  0x000001ddb50748d0 JavaThread "Server Pinger #0"           daemon [_thread_blocked, id=18684, stack(0x0000007c12a00000,0x0000007c12b00000) (1024K)]
  0x000001ddc19c37c0 JavaThread "Jndi-Dns-address-change-listener" daemon [_thread_in_native, id=21460, stack(0x0000007c13500000,0x0000007c13600000) (1024K)]
  0x000001ddc19c3e50 JavaThread "Netty Client IO #0"         daemon [_thread_in_native, id=16608, stack(0x0000007c14000000,0x0000007c14100000) (1024K)]
  0x000001ddc1d393b0 JavaThread "Netty Client IO #1"         daemon [_thread_in_native, id=22300, stack(0x0000007c1c300000,0x0000007c1c400000) (1024K)]
  0x000001ddc2e34160 JavaThread "Flywheel Task Executor #0"         [_thread_blocked, id=20916, stack(0x0000007c1de00000,0x0000007c1df00000) (1024K)]
  0x000001ddc2e347f0 JavaThread "Flywheel Task Executor #1"         [_thread_blocked, id=3988, stack(0x0000007c1df00000,0x0000007c1e000000) (1024K)]
  0x000001ddc2e34e80 JavaThread "Flywheel Task Executor #2"         [_thread_blocked, id=28072, stack(0x0000007c1e000000,0x0000007c1e100000) (1024K)]
  0x000001ddc2e33ad0 JavaThread "Flywheel Task Executor #3"         [_thread_blocked, id=8636, stack(0x0000007c1e100000,0x0000007c1e200000) (1024K)]
  0x000001de047f9ab0 JavaThread "Flywheel Task Executor #4"         [_thread_blocked, id=6164, stack(0x0000007c1e200000,0x0000007c1e300000) (1024K)]
  0x000001de047f9420 JavaThread "Flywheel Task Executor #5"         [_thread_blocked, id=1964, stack(0x0000007c1e300000,0x0000007c1e400000) (1024K)]
  0x000001de047fb4f0 JavaThread "Flywheel Task Executor #6"         [_thread_blocked, id=24500, stack(0x0000007c1e400000,0x0000007c1e500000) (1024K)]
  0x000001de047f8d90 JavaThread "Flywheel Task Executor #7"         [_thread_blocked, id=22348, stack(0x0000007c1e500000,0x0000007c1e600000) (1024K)]
  0x000001de047fa140 JavaThread "Flywheel Task Executor #8"         [_thread_blocked, id=5464, stack(0x0000007c1e600000,0x0000007c1e700000) (1024K)]
  0x000001de047fa7d0 JavaThread "Flywheel Task Executor #9"         [_thread_blocked, id=28064, stack(0x0000007c1e700000,0x0000007c1e800000) (1024K)]
  0x000001de43d645f0 JavaThread "DH-delayed save cache cleaner Thread[0]" daemon [_thread_blocked, id=23496, stack(0x0000007c1e800000,0x0000007c1e900000) (1024K)]
  0x000001de43d63240 JavaThread "DH-Phantom Array Recycler Thread[0]" daemon [_thread_blocked, id=21980, stack(0x0000007c1e900000,0x0000007c1ea00000) (1024K)]
  0x000001de0576ed60 JavaThread "JEI Deduplicating Run Executor 0"        [_thread_blocked, id=29188, stack(0x0000007c1ed00000,0x0000007c1ee00000) (1024K)]
  0x000001dd9f854e70 JavaThread "DH-World Gen Progress Updater Thread[0]" daemon [_thread_blocked, id=24328, stack(0x0000007c1f600000,0x0000007c1f700000) (1024K)]
  0x000001ddc1d37970 JavaThread "DH-Cleanup Thread[0]"              [_thread_blocked, id=25692, stack(0x0000007c1ec00000,0x0000007c1ed00000) (1024K)]
  0x000001ddc201dca0 JavaThread "DH-QuadTree Full Data Retrieval Queue Populator Thread[0]"        [_thread_blocked, id=6388, stack(0x0000007c20400000,0x0000007c20500000) (1024K)]
  0x000001de0500e220 JavaThread "DH-GLBuffer Cleanup Thread[0]" daemon [_thread_blocked, id=10460, stack(0x0000007c20b00000,0x0000007c20c00000) (1024K)]
  0x000001ddc225ca50 JavaThread "Thread-64"                  daemon [_thread_in_native, id=18824, stack(0x0000007c15c00000,0x0000007c15d00000) (1024K)]
  0x000001ddf192b140 JavaThread "DH-Positional Lock Cleanup Thread[0]" daemon [_thread_blocked, id=27380, stack(0x0000007c11700000,0x0000007c11800000) (1024K)]
  0x000001dda260f460 JavaThread "FTBLibrary-ItemSearch"      daemon [_thread_blocked, id=22092, stack(0x0000007c14f00000,0x0000007c15000000) (1024K)]
  0x000001de04f259d0 JavaThread "C2 CompilerThread1"         daemon [_thread_blocked, id=17368, stack(0x0000007c12d00000,0x0000007c12e00000) (1024K)]
  0x000001ddafc4d700 JavaThread "ForkJoinPool.commonPool-worker-21" daemon [_thread_blocked, id=18604, stack(0x0000007c14700000,0x0000007c14800000) (1024K)]
  0x000001ddb369d850 JavaThread "C1 CompilerThread1"         daemon [_thread_blocked, id=18720, stack(0x0000007c14e00000,0x0000007c14f00000) (1024K)]
  0x000001ddf192aab0 JavaThread "JM-texture-3"                      [_thread_blocked, id=28504, stack(0x0000007c14a00000,0x0000007c14b00000) (1024K)]
  0x000001ddf1929d90 JavaThread "JM-texture-4"                      [_thread_blocked, id=21892, stack(0x0000007c15100000,0x0000007c15200000) (1024K)]
  0x000001ddc1f568b0 JavaThread "C1 CompilerThread2"         daemon [_thread_blocked, id=27600, stack(0x0000007c15200000,0x0000007c15300000) (1024K)]
  0x000001ddf5169fd0 JavaThread "C1 CompilerThread3"         daemon [_thread_blocked, id=23256, stack(0x0000007c15300000,0x0000007c15400000) (1024K)]
=>0x000001ddf192b7d0 JavaThread "LanServerDetector #2"       daemon [_thread_in_vm, id=14976, stack(0x0000007c15500000,0x0000007c15600000) (1024K)]
  0x000001ddf192be60 JavaThread "Server Pinger #1"           daemon [_thread_blocked, id=18756, stack(0x0000007c15600000,0x0000007c15700000) (1024K)]
  0x000001dda0891760 JavaThread "Netty Client IO #2"         daemon [_thread_in_native, id=24712, stack(0x0000007c15700000,0x0000007c15800000) (1024K)]
  0x000001dd9f855b90 JavaThread "Keep-Alive-Timer"           daemon [_thread_blocked, id=11224, stack(0x0000007c15a00000,0x0000007c15b00000) (1024K)]
  0x000001ddaf749410 JavaThread "C2 CompilerThread2"         daemon [_thread_in_native, id=26896, stack(0x0000007c14600000,0x0000007c14700000) (1024K)]
  0x000001ddba57d1c0 JavaThread "Sound engine"               daemon [_thread_blocked, id=21804, stack(0x0000007c14900000,0x0000007c14a00000) (1024K)]
Total: 93

Other Threads:
  0x000001dd991d9910 VMThread "VM Thread"                           [id=21372, stack(0x0000007c12100000,0x0000007c12200000) (1024K)]
  0x000001ddff266c80 WatcherThread "VM Periodic Task Thread"        [id=25276, stack(0x0000007c12000000,0x0000007c12100000) (1024K)]
  0x000001ddf88c3c60 WorkerThread "GC Thread#0"                     [id=1308, stack(0x0000007c11b00000,0x0000007c11c00000) (1024K)]
  0x000001dd9988fd50 WorkerThread "GC Thread#1"                     [id=26708, stack(0x0000007c12e00000,0x0000007c12f00000) (1024K)]
  0x000001dd99dbc600 WorkerThread "GC Thread#2"                     [id=20484, stack(0x0000007c12f00000,0x0000007c13000000) (1024K)]
  0x000001dd999f46d0 WorkerThread "GC Thread#3"                     [id=26428, stack(0x0000007c13000000,0x0000007c13100000) (1024K)]
  0x000001dd999f5490 WorkerThread "GC Thread#4"                     [id=25996, stack(0x0000007c13100000,0x0000007c13200000) (1024K)]
  0x000001dd998d6e70 WorkerThread "GC Thread#5"                     [id=6292, stack(0x0000007c13200000,0x0000007c13300000) (1024K)]
  0x000001dd9efc70c0 WorkerThread "GC Thread#6"                     [id=23596, stack(0x0000007c13600000,0x0000007c13700000) (1024K)]
  0x000001dd9ed66f60 WorkerThread "GC Thread#7"                     [id=28344, stack(0x0000007c13700000,0x0000007c13800000) (1024K)]
  0x000001dd9e512600 WorkerThread "GC Thread#8"                     [id=20644, stack(0x0000007c13800000,0x0000007c13900000) (1024K)]
  0x000001dd9e5129a0 WorkerThread "GC Thread#9"                     [id=2092, stack(0x0000007c13900000,0x0000007c13a00000) (1024K)]
  0x000001dd9e512d40 WorkerThread "GC Thread#10"                    [id=26104, stack(0x0000007c13a00000,0x0000007c13b00000) (1024K)]
  0x000001dd9e511ec0 WorkerThread "GC Thread#11"                    [id=24856, stack(0x0000007c14400000,0x0000007c14500000) (1024K)]
  0x000001dd9e511b20 WorkerThread "GC Thread#12"                    [id=28028, stack(0x0000007c14500000,0x0000007c14600000) (1024K)]
  0x000001dda2686cd0 WorkerThread "GC Thread#13"                    [id=7440, stack(0x0000007c13400000,0x0000007c13500000) (1024K)]
  0x000001dda2685ab0 WorkerThread "GC Thread#14"                    [id=23348, stack(0x0000007c15900000,0x0000007c15a00000) (1024K)]
  0x000001ddf62ec7a0 ConcurrentGCThread "G1 Main Marker"            [id=24404, stack(0x0000007c11c00000,0x0000007c11d00000) (1024K)]
  0x000001ddf62edf60 WorkerThread "G1 Conc#0"                       [id=20848, stack(0x0000007c11d00000,0x0000007c11e00000) (1024K)]
  0x000001dd9e512260 WorkerThread "G1 Conc#1"                       [id=27140, stack(0x0000007c13b00000,0x0000007c13c00000) (1024K)]
  0x000001dd9e5113e0 WorkerThread "G1 Conc#2"                       [id=25328, stack(0x0000007c13c00000,0x0000007c13d00000) (1024K)]
  0x000001dd9e511780 WorkerThread "G1 Conc#3"                       [id=13920, stack(0x0000007c13d00000,0x0000007c13e00000) (1024K)]
  0x000001ddff139950 ConcurrentGCThread "G1 Refine#0"               [id=20212, stack(0x0000007c11e00000,0x0000007c11f00000) (1024K)]
  0x000001ddff13a170 ConcurrentGCThread "G1 Service"                [id=8476, stack(0x0000007c11f00000,0x0000007c12000000) (1024K)]
Total: 24

Threads with active compile tasks:
Total: 0

VM state: not at safepoint (normal execution)

VM Mutex/Monitor currently owned by a thread: None

Heap address: 0x00000005fe000000, size: 8224 MB, Compressed Oops mode: Zero based, Oop shift amount: 3

CDS archive(s) not mapped
Compressed class space mapped at: 0x0000000800000000-0x0000000840000000, reserved size: 1073741824
Narrow klass base: 0x0000000800000000, Narrow klass shift: 0, Narrow klass range: 0x40000000

GC Precious Log:
 CardTable entry size: 512
 Card Set container configuration: InlinePtr #cards 4 size 8 Array Of Cards #cards 64 size 144 Howl #buckets 8 coarsen threshold 14745 Howl Bitmap #cards 2048 size 272 coarsen threshold 1843 Card regions per heap region 1 cards per card region 16384
 CPUs: 20 total, 20 available
 Memory: 32687M
 Large Page Support: Disabled
 NUMA Support: Disabled
 Compressed Oops: Enabled (Zero based)
 Heap Region Size: 8M
 Heap Min Capacity: 256M
 Heap Initial Capacity: 256M
 Heap Max Capacity: 8224M
 Pre-touch: Disabled
 Parallel Workers: 15
 Concurrent Workers: 4
 Concurrent Refinement Workers: 15
 Periodic GC: Disabled

Heap:
 garbage-first heap   total 3923968K, used 2354973K [0x00000005fe000000, 0x0000000800000000)
  region size 8192K, 29 young (237568K), 0 survivors (0K)
 Metaspace       used 394517K, committed 398784K, reserved 1441792K
  class space    used 68821K, committed 70848K, reserved 1048576K

Heap Regions: E=young(eden), S=young(survivor), O=old, HS=humongous(starts), HC=humongous(continues), CS=collection set, F=free, TAMS=top-at-mark-start, PB=parsable bottom
|   0|0x00000005fe000000, 0x00000005fe800000, 0x00000005fe800000|100%| O|  |TAMS 0x00000005fe000000| PB 0x00000005fe000000| Untracked 
|   1|0x00000005fe800000, 0x00000005fefffff0, 0x00000005ff000000| 99%| O|  |TAMS 0x00000005fe800000| PB 0x00000005fe800000| Untracked 
|   2|0x00000005ff000000, 0x00000005ff800000, 0x00000005ff800000|100%| O|  |TAMS 0x00000005ff000000| PB 0x00000005ff000000| Untracked 
|   3|0x00000005ff800000, 0x0000000600000000, 0x0000000600000000|100%| O|  |TAMS 0x00000005ff800000| PB 0x00000005ff800000| Untracked 
|   4|0x0000000600000000, 0x0000000600800000, 0x0000000600800000|100%| O|  |TAMS 0x0000000600000000| PB 0x0000000600000000| Untracked 
|   5|0x0000000600800000, 0x0000000601000000, 0x0000000601000000|100%| O|  |TAMS 0x0000000600800000| PB 0x0000000600800000| Untracked 
|   6|0x0000000601000000, 0x0000000601800000, 0x0000000601800000|100%| O|  |TAMS 0x0000000601000000| PB 0x0000000601000000| Untracked 
|   7|0x0000000601800000, 0x0000000602000000, 0x0000000602000000|100%| O|  |TAMS 0x0000000601800000| PB 0x0000000601800000| Untracked 
|   8|0x0000000602000000, 0x00000006027fffd0, 0x0000000602800000| 99%| O|  |TAMS 0x0000000602000000| PB 0x0000000602000000| Untracked 
|   9|0x0000000602800000, 0x0000000602ffff18, 0x0000000603000000| 99%| O|  |TAMS 0x0000000602800000| PB 0x0000000602800000| Untracked 
|  10|0x0000000603000000, 0x0000000603800000, 0x0000000603800000|100%| O|  |TAMS 0x0000000603000000| PB 0x0000000603000000| Untracked 
|  11|0x0000000603800000, 0x0000000604000000, 0x0000000604000000|100%| O|  |TAMS 0x0000000603800000| PB 0x0000000603800000| Untracked 
|  12|0x0000000604000000, 0x00000006047fffa8, 0x0000000604800000| 99%| O|  |TAMS 0x0000000604000000| PB 0x0000000604000000| Untracked 
|  13|0x0000000604800000, 0x0000000605000000, 0x0000000605000000|100%| O|  |TAMS 0x0000000604800000| PB 0x0000000604800000| Untracked 
|  14|0x0000000605000000, 0x0000000605800000, 0x0000000605800000|100%| O|  |TAMS 0x0000000605000000| PB 0x0000000605000000| Untracked 
|  15|0x0000000605800000, 0x0000000606000000, 0x0000000606000000|100%| O|  |TAMS 0x0000000605800000| PB 0x0000000605800000| Untracked 
|  16|0x0000000606000000, 0x0000000606800000, 0x0000000606800000|100%| O|  |TAMS 0x0000000606000000| PB 0x0000000606000000| Untracked 
|  17|0x0000000606800000, 0x0000000606ffffe8, 0x0000000607000000| 99%| O|  |TAMS 0x0000000606800000| PB 0x0000000606800000| Untracked 
|  18|0x0000000607000000, 0x0000000607800000, 0x0000000607800000|100%| O|  |TAMS 0x0000000607000000| PB 0x0000000607000000| Untracked 
|  19|0x0000000607800000, 0x0000000607ffffd0, 0x0000000608000000| 99%| O|  |TAMS 0x0000000607800000| PB 0x0000000607800000| Untracked 
|  20|0x0000000608000000, 0x0000000608800000, 0x0000000608800000|100%| O|  |TAMS 0x0000000608000000| PB 0x0000000608000000| Untracked 
|  21|0x0000000608800000, 0x0000000609000000, 0x0000000609000000|100%| O|  |TAMS 0x0000000608800000| PB 0x0000000608800000| Untracked 
|  22|0x0000000609000000, 0x0000000609800000, 0x0000000609800000|100%| O|  |TAMS 0x0000000609000000| PB 0x0000000609000000| Untracked 
|  23|0x0000000609800000, 0x0000000609fffff0, 0x000000060a000000| 99%| O|  |TAMS 0x0000000609800000| PB 0x0000000609800000| Untracked 
|  24|0x000000060a000000, 0x000000060a800000, 0x000000060a800000|100%| O|  |TAMS 0x000000060a000000| PB 0x000000060a000000| Untracked 
|  25|0x000000060a800000, 0x000000060b000000, 0x000000060b000000|100%| O|  |TAMS 0x000000060a800000| PB 0x000000060a800000| Untracked 
|  26|0x000000060b000000, 0x000000060b800000, 0x000000060b800000|100%| O|  |TAMS 0x000000060b000000| PB 0x000000060b000000| Untracked 
|  27|0x000000060b800000, 0x000000060bffffe0, 0x000000060c000000| 99%| O|  |TAMS 0x000000060b800000| PB 0x000000060b800000| Untracked 
|  28|0x000000060c000000, 0x000000060c7fff60, 0x000000060c800000| 99%| O|  |TAMS 0x000000060c000000| PB 0x000000060c000000| Untracked 
|  29|0x000000060c800000, 0x000000060cffffe8, 0x000000060d000000| 99%| O|  |TAMS 0x000000060c800000| PB 0x000000060c800000| Untracked 
|  30|0x000000060d000000, 0x000000060d800000, 0x000000060d800000|100%| O|  |TAMS 0x000000060d000000| PB 0x000000060d000000| Untracked 
|  31|0x000000060d800000, 0x000000060e000000, 0x000000060e000000|100%|HS|  |TAMS 0x000000060d800000| PB 0x000000060d800000| Untracked 
|  32|0x000000060e000000, 0x000000060e800000, 0x000000060e800000|100%|HC|  |TAMS 0x000000060e000000| PB 0x000000060e000000| Untracked 
|  33|0x000000060e800000, 0x000000060efffff8, 0x000000060f000000| 99%| O|  |TAMS 0x000000060e800000| PB 0x000000060e800000| Untracked 
|  34|0x000000060f000000, 0x000000060f7ffff8, 0x000000060f800000| 99%| O|  |TAMS 0x000000060f000000| PB 0x000000060f000000| Untracked 
|  35|0x000000060f800000, 0x000000060ffff4c8, 0x0000000610000000| 99%| O|  |TAMS 0x000000060f800000| PB 0x000000060f800000| Untracked 
|  36|0x0000000610000000, 0x00000006107ffff8, 0x0000000610800000| 99%| O|  |TAMS 0x0000000610000000| PB 0x0000000610000000| Untracked 
|  37|0x0000000610800000, 0x0000000611000000, 0x0000000611000000|100%| O|  |TAMS 0x0000000610800000| PB 0x0000000610800000| Untracked 
|  38|0x0000000611000000, 0x0000000611800000, 0x0000000611800000|100%| O|  |TAMS 0x0000000611000000| PB 0x0000000611000000| Untracked 
|  39|0x0000000611800000, 0x0000000611ffff98, 0x0000000612000000| 99%| O|  |TAMS 0x0000000611800000| PB 0x0000000611800000| Untracked 
|  40|0x0000000612000000, 0x0000000612800000, 0x0000000612800000|100%| O|  |TAMS 0x0000000612000000| PB 0x0000000612000000| Untracked 
|  41|0x0000000612800000, 0x0000000613000000, 0x0000000613000000|100%| O|  |TAMS 0x0000000612800000| PB 0x0000000612800000| Untracked 
|  42|0x0000000613000000, 0x0000000613800000, 0x0000000613800000|100%| O|  |TAMS 0x0000000613000000| PB 0x0000000613000000| Untracked 
|  43|0x0000000613800000, 0x0000000613ffffc0, 0x0000000614000000| 99%| O|  |TAMS 0x0000000613800000| PB 0x0000000613800000| Untracked 
|  44|0x0000000614000000, 0x00000006147ffff8, 0x0000000614800000| 99%| O|  |TAMS 0x0000000614000000| PB 0x0000000614000000| Untracked 
|  45|0x0000000614800000, 0x0000000614ffff98, 0x0000000615000000| 99%| O|  |TAMS 0x0000000614800000| PB 0x0000000614800000| Untracked 
|  46|0x0000000615000000, 0x00000006157ffb18, 0x0000000615800000| 99%| O|  |TAMS 0x0000000615000000| PB 0x0000000615000000| Untracked 
|  47|0x0000000615800000, 0x0000000616000000, 0x0000000616000000|100%| O|  |TAMS 0x0000000615800000| PB 0x0000000615800000| Untracked 
|  48|0x0000000616000000, 0x00000006167fffe8, 0x0000000616800000| 99%| O|  |TAMS 0x0000000616000000| PB 0x0000000616000000| Untracked 
|  49|0x0000000616800000, 0x0000000617000000, 0x0000000617000000|100%| O|  |TAMS 0x0000000616800000| PB 0x0000000616800000| Untracked 
|  50|0x0000000617000000, 0x0000000617800000, 0x0000000617800000|100%| O|  |TAMS 0x0000000617000000| PB 0x0000000617000000| Untracked 
|  51|0x0000000617800000, 0x0000000617ffffd8, 0x0000000618000000| 99%| O|  |TAMS 0x0000000617800000| PB 0x0000000617800000| Untracked 
|  52|0x0000000618000000, 0x0000000618800000, 0x0000000618800000|100%| O|  |TAMS 0x0000000618000000| PB 0x0000000618000000| Untracked 
|  53|0x0000000618800000, 0x0000000618fff8d0, 0x0000000619000000| 99%| O|  |TAMS 0x0000000618800000| PB 0x0000000618800000| Untracked 
|  54|0x0000000619000000, 0x00000006197fffb8, 0x0000000619800000| 99%| O|  |TAMS 0x0000000619000000| PB 0x0000000619000000| Untracked 
|  55|0x0000000619800000, 0x0000000619fb24c8, 0x000000061a000000| 96%| O|  |TAMS 0x0000000619800000| PB 0x0000000619800000| Untracked 
|  56|0x000000061a000000, 0x000000061a7fffe0, 0x000000061a800000| 99%| O|  |TAMS 0x000000061a000000| PB 0x000000061a000000| Untracked 
|  57|0x000000061a800000, 0x000000061b000000, 0x000000061b000000|100%| O|  |TAMS 0x000000061a800000| PB 0x000000061a800000| Untracked 
|  58|0x000000061b000000, 0x000000061b7ffff8, 0x000000061b800000| 99%| O|  |TAMS 0x000000061b000000| PB 0x000000061b000000| Untracked 
|  59|0x000000061b800000, 0x000000061c000000, 0x000000061c000000|100%| O|  |TAMS 0x000000061b800000| PB 0x000000061b800000| Untracked 
|  60|0x000000061c000000, 0x000000061c7fffe0, 0x000000061c800000| 99%| O|  |TAMS 0x000000061c000000| PB 0x000000061c000000| Untracked 
|  61|0x000000061c800000, 0x000000061cf51590, 0x000000061d000000| 91%| O|  |TAMS 0x000000061c800000| PB 0x000000061c800000| Untracked 
|  62|0x000000061d000000, 0x000000061d800000, 0x000000061d800000|100%| O|  |TAMS 0x000000061d000000| PB 0x000000061d000000| Untracked 
|  63|0x000000061d800000, 0x000000061e000000, 0x000000061e000000|100%| O|  |TAMS 0x000000061d800000| PB 0x000000061d800000| Untracked 
|  64|0x000000061e000000, 0x000000061e7ffff0, 0x000000061e800000| 99%| O|  |TAMS 0x000000061e000000| PB 0x000000061e000000| Untracked 
|  65|0x000000061e800000, 0x000000061efffff0, 0x000000061f000000| 99%| O|  |TAMS 0x000000061e800000| PB 0x000000061e800000| Untracked 
|  66|0x000000061f000000, 0x000000061f7ffff0, 0x000000061f800000| 99%| O|  |TAMS 0x000000061f000000| PB 0x000000061f000000| Untracked 
|  67|0x000000061f800000, 0x0000000620000000, 0x0000000620000000|100%| O|  |TAMS 0x000000061f800000| PB 0x000000061f800000| Untracked 
|  68|0x0000000620000000, 0x00000006207ffff8, 0x0000000620800000| 99%| O|  |TAMS 0x0000000620000000| PB 0x0000000620000000| Untracked 
|  69|0x0000000620800000, 0x0000000620ffffe8, 0x0000000621000000| 99%| O|  |TAMS 0x0000000620800000| PB 0x0000000620800000| Untracked 
|  70|0x0000000621000000, 0x00000006217ffff8, 0x0000000621800000| 99%| O|  |TAMS 0x0000000621000000| PB 0x0000000621000000| Untracked 
|  71|0x0000000621800000, 0x0000000622000000, 0x0000000622000000|100%|HS|  |TAMS 0x0000000621800000| PB 0x0000000621800000| Untracked 
|  72|0x0000000622000000, 0x00000006227fffc8, 0x0000000622800000| 99%| O|  |TAMS 0x0000000622000000| PB 0x0000000622000000| Untracked 
|  73|0x0000000622800000, 0x0000000623000000, 0x0000000623000000|100%| O|  |TAMS 0x0000000622800000| PB 0x0000000622800000| Untracked 
|  74|0x0000000623000000, 0x0000000623800000, 0x0000000623800000|100%| O|  |TAMS 0x0000000623000000| PB 0x0000000623000000| Untracked 
|  75|0x0000000623800000, 0x0000000623ffffe8, 0x0000000624000000| 99%| O|  |TAMS 0x0000000623800000| PB 0x0000000623800000| Untracked 
|  76|0x0000000624000000, 0x0000000624800000, 0x0000000624800000|100%| O|  |TAMS 0x0000000624000000| PB 0x0000000624000000| Untracked 
|  77|0x0000000624800000, 0x0000000624ffffd8, 0x0000000625000000| 99%| O|  |TAMS 0x0000000624800000| PB 0x0000000624800000| Untracked 
|  78|0x0000000625000000, 0x0000000625800000, 0x0000000625800000|100%| O|  |TAMS 0x0000000625000000| PB 0x0000000625000000| Untracked 
|  79|0x0000000625800000, 0x0000000626000000, 0x0000000626000000|100%| O|  |TAMS 0x0000000625800000| PB 0x0000000625800000| Untracked 
|  80|0x0000000626000000, 0x0000000626800000, 0x0000000626800000|100%| O|  |TAMS 0x0000000626000000| PB 0x0000000626000000| Untracked 
|  81|0x0000000626800000, 0x0000000627000000, 0x0000000627000000|100%|HS|  |TAMS 0x0000000626800000| PB 0x0000000626800000| Untracked 
|  82|0x0000000627000000, 0x0000000627800000, 0x0000000627800000|100%| O|  |TAMS 0x0000000627000000| PB 0x0000000627000000| Untracked 
|  83|0x0000000627800000, 0x0000000628000000, 0x0000000628000000|100%| O|  |TAMS 0x0000000627800000| PB 0x0000000627800000| Untracked 
|  84|0x0000000628000000, 0x00000006287fffd0, 0x0000000628800000| 99%| O|  |TAMS 0x0000000628000000| PB 0x0000000628000000| Untracked 
|  85|0x0000000628800000, 0x0000000629000000, 0x0000000629000000|100%| O|  |TAMS 0x0000000628800000| PB 0x0000000628800000| Untracked 
|  86|0x0000000629000000, 0x00000006297fffe8, 0x0000000629800000| 99%| O|  |TAMS 0x0000000629000000| PB 0x0000000629000000| Untracked 
|  87|0x0000000629800000, 0x000000062a000000, 0x000000062a000000|100%| O|  |TAMS 0x0000000629800000| PB 0x0000000629800000| Untracked 
|  88|0x000000062a000000, 0x000000062a800000, 0x000000062a800000|100%| O|  |TAMS 0x000000062a000000| PB 0x000000062a000000| Untracked 
|  89|0x000000062a800000, 0x000000062af01898, 0x000000062b000000| 87%| O|  |TAMS 0x000000062a800000| PB 0x000000062a800000| Untracked 
|  90|0x000000062b000000, 0x000000062b800000, 0x000000062b800000|100%| O|  |TAMS 0x000000062b000000| PB 0x000000062b000000| Untracked 
|  91|0x000000062b800000, 0x000000062bfffff8, 0x000000062c000000| 99%| O|  |TAMS 0x000000062b800000| PB 0x000000062b800000| Untracked 
|  92|0x000000062c000000, 0x000000062c7ffff8, 0x000000062c800000| 99%| O|  |TAMS 0x000000062c000000| PB 0x000000062c000000| Untracked 
|  93|0x000000062c800000, 0x000000062d000000, 0x000000062d000000|100%| O|  |TAMS 0x000000062c800000| PB 0x000000062c800000| Untracked 
|  94|0x000000062d000000, 0x000000062d7ffff0, 0x000000062d800000| 99%| O|  |TAMS 0x000000062d000000| PB 0x000000062d000000| Untracked 
|  95|0x000000062d800000, 0x000000062e000000, 0x000000062e000000|100%| O|  |TAMS 0x000000062d800000| PB 0x000000062d800000| Untracked 
|  96|0x000000062e000000, 0x000000062e800000, 0x000000062e800000|100%| O|  |TAMS 0x000000062e000000| PB 0x000000062e000000| Untracked 
|  97|0x000000062e800000, 0x000000062f000000, 0x000000062f000000|100%| O|  |TAMS 0x000000062e800000| PB 0x000000062e800000| Untracked 
|  98|0x000000062f000000, 0x000000062f800000, 0x000000062f800000|100%| O|  |TAMS 0x000000062f000000| PB 0x000000062f000000| Untracked 
|  99|0x000000062f800000, 0x000000062ffffff8, 0x0000000630000000| 99%| O|  |TAMS 0x000000062f800000| PB 0x000000062f800000| Untracked 
| 100|0x0000000630000000, 0x00000006307ffff0, 0x0000000630800000| 99%| O|  |TAMS 0x0000000630000000| PB 0x0000000630000000| Untracked 
| 101|0x0000000630800000, 0x0000000630ffffd8, 0x0000000631000000| 99%| O|  |TAMS 0x0000000630800000| PB 0x0000000630800000| Untracked 
| 102|0x0000000631000000, 0x0000000631800000, 0x0000000631800000|100%| O|  |TAMS 0x0000000631000000| PB 0x0000000631000000| Untracked 
| 103|0x0000000631800000, 0x0000000632000000, 0x0000000632000000|100%| O|  |TAMS 0x0000000631800000| PB 0x0000000631800000| Untracked 
| 104|0x0000000632000000, 0x00000006327fffc0, 0x0000000632800000| 99%| O|  |TAMS 0x0000000632000000| PB 0x0000000632000000| Untracked 
| 105|0x0000000632800000, 0x0000000633000000, 0x0000000633000000|100%| O|  |TAMS 0x0000000632800000| PB 0x0000000632800000| Untracked 
| 106|0x0000000633000000, 0x00000006337fef40, 0x0000000633800000| 99%| O|  |TAMS 0x0000000633000000| PB 0x0000000633000000| Untracked 
| 107|0x0000000633800000, 0x0000000634000000, 0x0000000634000000|100%| O|  |TAMS 0x0000000633800000| PB 0x0000000633800000| Untracked 
| 108|0x0000000634000000, 0x00000006347fffd8, 0x0000000634800000| 99%| O|  |TAMS 0x0000000634000000| PB 0x0000000634000000| Untracked 
| 109|0x0000000634800000, 0x0000000635000000, 0x0000000635000000|100%| O|  |TAMS 0x0000000634800000| PB 0x0000000634800000| Untracked 
| 110|0x0000000635000000, 0x00000006357ffff8, 0x0000000635800000| 99%| O|  |TAMS 0x0000000635000000| PB 0x0000000635000000| Untracked 
| 111|0x0000000635800000, 0x0000000635ffffe8, 0x0000000636000000| 99%| O|  |TAMS 0x0000000635800000| PB 0x0000000635800000| Untracked 
| 112|0x0000000636000000, 0x00000006367ffff0, 0x0000000636800000| 99%| O|  |TAMS 0x0000000636000000| PB 0x0000000636000000| Untracked 
| 113|0x0000000636800000, 0x0000000636fffff8, 0x0000000637000000| 99%| O|  |TAMS 0x0000000636800000| PB 0x0000000636800000| Untracked 
| 114|0x0000000637000000, 0x0000000637800000, 0x0000000637800000|100%| O|  |TAMS 0x0000000637000000| PB 0x0000000637000000| Untracked 
| 115|0x0000000637800000, 0x0000000638000000, 0x0000000638000000|100%| O|  |TAMS 0x0000000637800000| PB 0x0000000637800000| Untracked 
| 116|0x0000000638000000, 0x0000000638800000, 0x0000000638800000|100%|HS|  |TAMS 0x0000000638000000| PB 0x0000000638000000| Untracked 
| 117|0x0000000638800000, 0x0000000639000000, 0x0000000639000000|100%|HS|  |TAMS 0x0000000638800000| PB 0x0000000638800000| Untracked 
| 118|0x0000000639000000, 0x0000000639800000, 0x0000000639800000|100%| O|  |TAMS 0x0000000639000000| PB 0x0000000639000000| Untracked 
| 119|0x0000000639800000, 0x0000000639ffffd8, 0x000000063a000000| 99%| O|  |TAMS 0x0000000639800000| PB 0x0000000639800000| Untracked 
| 120|0x000000063a000000, 0x000000063a800000, 0x000000063a800000|100%| O|  |TAMS 0x000000063a000000| PB 0x000000063a000000| Untracked 
| 121|0x000000063a800000, 0x000000063b000000, 0x000000063b000000|100%| O|  |TAMS 0x000000063a800000| PB 0x000000063a800000| Untracked 
| 122|0x000000063b000000, 0x000000063b800000, 0x000000063b800000|100%| O|  |TAMS 0x000000063b000000| PB 0x000000063b000000| Untracked 
| 123|0x000000063b800000, 0x000000063c000000, 0x000000063c000000|100%| O|  |TAMS 0x000000063b800000| PB 0x000000063b800000| Untracked 
| 124|0x000000063c000000, 0x000000063c800000, 0x000000063c800000|100%| O|  |TAMS 0x000000063c000000| PB 0x000000063c000000| Untracked 
| 125|0x000000063c800000, 0x000000063cffff98, 0x000000063d000000| 99%| O|  |TAMS 0x000000063c800000| PB 0x000000063c800000| Untracked 
| 126|0x000000063d000000, 0x000000063d7fffc0, 0x000000063d800000| 99%| O|  |TAMS 0x000000063d000000| PB 0x000000063d000000| Untracked 
| 127|0x000000063d800000, 0x000000063e000000, 0x000000063e000000|100%| O|  |TAMS 0x000000063d800000| PB 0x000000063d800000| Untracked 
| 128|0x000000063e000000, 0x000000063e800000, 0x000000063e800000|100%| O|  |TAMS 0x000000063e000000| PB 0x000000063e000000| Untracked 
| 129|0x000000063e800000, 0x000000063f000000, 0x000000063f000000|100%| O|  |TAMS 0x000000063e800000| PB 0x000000063e800000| Untracked 
| 130|0x000000063f000000, 0x000000063f800000, 0x000000063f800000|100%| O|  |TAMS 0x000000063f000000| PB 0x000000063f000000| Untracked 
| 131|0x000000063f800000, 0x0000000640000000, 0x0000000640000000|100%| O|  |TAMS 0x000000063f800000| PB 0x000000063f800000| Untracked 
| 132|0x0000000640000000, 0x0000000640800000, 0x0000000640800000|100%| O|  |TAMS 0x0000000640000000| PB 0x0000000640000000| Untracked 
| 133|0x0000000640800000, 0x0000000641000000, 0x0000000641000000|100%| O|  |TAMS 0x0000000640800000| PB 0x0000000640800000| Untracked 
| 134|0x0000000641000000, 0x0000000641800000, 0x0000000641800000|100%| O|  |TAMS 0x0000000641000000| PB 0x0000000641000000| Untracked 
| 135|0x0000000641800000, 0x0000000641fffff8, 0x0000000642000000| 99%| O|  |TAMS 0x0000000641800000| PB 0x0000000641800000| Untracked 
| 136|0x0000000642000000, 0x0000000642800000, 0x0000000642800000|100%| O|  |TAMS 0x0000000642000000| PB 0x0000000642000000| Untracked 
| 137|0x0000000642800000, 0x0000000642ffffe0, 0x0000000643000000| 99%| O|  |TAMS 0x0000000642800000| PB 0x0000000642800000| Untracked 
| 138|0x0000000643000000, 0x0000000643800000, 0x0000000643800000|100%| O|  |TAMS 0x0000000643000000| PB 0x0000000643000000| Untracked 
| 139|0x0000000643800000, 0x0000000644000000, 0x0000000644000000|100%| O|  |TAMS 0x0000000643800000| PB 0x0000000643800000| Untracked 
| 140|0x0000000644000000, 0x0000000644800000, 0x0000000644800000|100%| O|  |TAMS 0x0000000644000000| PB 0x0000000644000000| Untracked 
| 141|0x0000000644800000, 0x0000000645000000, 0x0000000645000000|100%| O|  |TAMS 0x0000000644800000| PB 0x0000000644800000| Untracked 
| 142|0x0000000645000000, 0x0000000645800000, 0x0000000645800000|100%|HS|  |TAMS 0x0000000645000000| PB 0x0000000645000000| Untracked 
| 143|0x0000000645800000, 0x0000000646000000, 0x0000000646000000|100%|HC|  |TAMS 0x0000000645800000| PB 0x0000000645800000| Untracked 
| 144|0x0000000646000000, 0x0000000646800000, 0x0000000646800000|100%|HS|  |TAMS 0x0000000646000000| PB 0x0000000646000000| Untracked 
| 145|0x0000000646800000, 0x0000000647000000, 0x0000000647000000|100%| O|  |TAMS 0x0000000646800000| PB 0x0000000646800000| Untracked 
| 146|0x0000000647000000, 0x00000006477ffff0, 0x0000000647800000| 99%| O|  |TAMS 0x0000000647000000| PB 0x0000000647000000| Untracked 
| 147|0x0000000647800000, 0x0000000647fffff8, 0x0000000648000000| 99%| O|  |TAMS 0x0000000647800000| PB 0x0000000647800000| Untracked 
| 148|0x0000000648000000, 0x0000000648800000, 0x0000000648800000|100%| O|  |TAMS 0x0000000648000000| PB 0x0000000648000000| Untracked 
| 149|0x0000000648800000, 0x0000000649000000, 0x0000000649000000|100%| O|  |TAMS 0x0000000648800000| PB 0x0000000648800000| Untracked 
| 150|0x0000000649000000, 0x00000006497fffa8, 0x0000000649800000| 99%| O|  |TAMS 0x0000000649000000| PB 0x0000000649000000| Untracked 
| 151|0x0000000649800000, 0x0000000649ffffe0, 0x000000064a000000| 99%| O|  |TAMS 0x0000000649800000| PB 0x0000000649800000| Untracked 
| 152|0x000000064a000000, 0x000000064a7ffff8, 0x000000064a800000| 99%| O|  |TAMS 0x000000064a000000| PB 0x000000064a000000| Untracked 
| 153|0x000000064a800000, 0x000000064afffff0, 0x000000064b000000| 99%| O|  |TAMS 0x000000064a800000| PB 0x000000064a800000| Untracked 
| 154|0x000000064b000000, 0x000000064b800000, 0x000000064b800000|100%| O|  |TAMS 0x000000064b000000| PB 0x000000064b000000| Untracked 
| 155|0x000000064b800000, 0x000000064c000000, 0x000000064c000000|100%| O|  |TAMS 0x000000064b800000| PB 0x000000064b800000| Untracked 
| 156|0x000000064c000000, 0x000000064c7fffe8, 0x000000064c800000| 99%| O|  |TAMS 0x000000064c000000| PB 0x000000064c000000| Untracked 
| 157|0x000000064c800000, 0x000000064cfffff0, 0x000000064d000000| 99%| O|  |TAMS 0x000000064c800000| PB 0x000000064c800000| Untracked 
| 158|0x000000064d000000, 0x000000064d800000, 0x000000064d800000|100%| O|  |TAMS 0x000000064d000000| PB 0x000000064d000000| Untracked 
| 159|0x000000064d800000, 0x000000064dfffff8, 0x000000064e000000| 99%| O|  |TAMS 0x000000064d800000| PB 0x000000064d800000| Untracked 
| 160|0x000000064e000000, 0x000000064e800000, 0x000000064e800000|100%| O|  |TAMS 0x000000064e000000| PB 0x000000064e000000| Untracked 
| 161|0x000000064e800000, 0x000000064f000000, 0x000000064f000000|100%| O|  |TAMS 0x000000064e800000| PB 0x000000064e800000| Untracked 
| 162|0x000000064f000000, 0x000000064f800000, 0x000000064f800000|100%| O|  |TAMS 0x000000064f000000| PB 0x000000064f000000| Untracked 
| 163|0x000000064f800000, 0x0000000650000000, 0x0000000650000000|100%| O|  |TAMS 0x000000064f800000| PB 0x000000064f800000| Untracked 
| 164|0x0000000650000000, 0x0000000650800000, 0x0000000650800000|100%| O|  |TAMS 0x0000000650000000| PB 0x0000000650000000| Untracked 
| 165|0x0000000650800000, 0x0000000650ffffd8, 0x0000000651000000| 99%| O|  |TAMS 0x0000000650800000| PB 0x0000000650800000| Untracked 
| 166|0x0000000651000000, 0x00000006517fffe8, 0x0000000651800000| 99%| O|  |TAMS 0x0000000651000000| PB 0x0000000651000000| Untracked 
| 167|0x0000000651800000, 0x0000000652000000, 0x0000000652000000|100%| O|  |TAMS 0x0000000651800000| PB 0x0000000651800000| Untracked 
| 168|0x0000000652000000, 0x0000000652800000, 0x0000000652800000|100%| O|  |TAMS 0x0000000652000000| PB 0x0000000652000000| Untracked 
| 169|0x0000000652800000, 0x0000000653000000, 0x0000000653000000|100%| O|  |TAMS 0x0000000652800000| PB 0x0000000652800000| Untracked 
| 170|0x0000000653000000, 0x0000000653800000, 0x0000000653800000|100%| O|  |TAMS 0x0000000653000000| PB 0x0000000653000000| Untracked 
| 171|0x0000000653800000, 0x0000000654000000, 0x0000000654000000|100%| O|  |TAMS 0x0000000653800000| PB 0x0000000653800000| Untracked 
| 172|0x0000000654000000, 0x0000000654799c98, 0x0000000654800000| 95%| O|  |TAMS 0x0000000654000000| PB 0x0000000654000000| Untracked 
| 173|0x0000000654800000, 0x0000000654ffffd0, 0x0000000655000000| 99%| O|  |TAMS 0x0000000654800000| PB 0x0000000654800000| Untracked 
| 174|0x0000000655000000, 0x0000000655800000, 0x0000000655800000|100%| O|  |TAMS 0x0000000655000000| PB 0x0000000655000000| Untracked 
| 175|0x0000000655800000, 0x0000000656000000, 0x0000000656000000|100%| O|  |TAMS 0x0000000655800000| PB 0x0000000655800000| Untracked 
| 176|0x0000000656000000, 0x0000000656800000, 0x0000000656800000|100%| O|  |TAMS 0x0000000656000000| PB 0x0000000656000000| Untracked 
| 177|0x0000000656800000, 0x0000000656ffffd8, 0x0000000657000000| 99%| O|  |TAMS 0x0000000656800000| PB 0x0000000656800000| Untracked 
| 178|0x0000000657000000, 0x0000000657800000, 0x0000000657800000|100%| O|  |TAMS 0x0000000657000000| PB 0x0000000657000000| Untracked 
| 179|0x0000000657800000, 0x0000000658000000, 0x0000000658000000|100%| O|  |TAMS 0x0000000657800000| PB 0x0000000657800000| Untracked 
| 180|0x0000000658000000, 0x0000000658800000, 0x0000000658800000|100%| O|  |TAMS 0x0000000658000000| PB 0x0000000658000000| Untracked 
| 181|0x0000000658800000, 0x0000000659000000, 0x0000000659000000|100%| O|  |TAMS 0x0000000658800000| PB 0x0000000658800000| Untracked 
| 182|0x0000000659000000, 0x0000000659800000, 0x0000000659800000|100%| O|  |TAMS 0x0000000659000000| PB 0x0000000659000000| Untracked 
| 183|0x0000000659800000, 0x000000065a000000, 0x000000065a000000|100%| O|  |TAMS 0x0000000659800000| PB 0x0000000659800000| Untracked 
| 184|0x000000065a000000, 0x000000065a800000, 0x000000065a800000|100%| O|  |TAMS 0x000000065a000000| PB 0x000000065a000000| Untracked 
| 185|0x000000065a800000, 0x000000065b000000, 0x000000065b000000|100%| O|  |TAMS 0x000000065a800000| PB 0x000000065a800000| Untracked 
| 186|0x000000065b000000, 0x000000065b800000, 0x000000065b800000|100%| O|  |TAMS 0x000000065b000000| PB 0x000000065b000000| Untracked 
| 187|0x000000065b800000, 0x000000065c000000, 0x000000065c000000|100%| O|  |TAMS 0x000000065b800000| PB 0x000000065b800000| Untracked 
| 188|0x000000065c000000, 0x000000065c7fffe8, 0x000000065c800000| 99%| O|  |TAMS 0x000000065c000000| PB 0x000000065c000000| Untracked 
| 189|0x000000065c800000, 0x000000065d000000, 0x000000065d000000|100%| O|  |TAMS 0x000000065c800000| PB 0x000000065c800000| Untracked 
| 190|0x000000065d000000, 0x000000065d800000, 0x000000065d800000|100%| O|  |TAMS 0x000000065d000000| PB 0x000000065d000000| Untracked 
| 191|0x000000065d800000, 0x000000065e000000, 0x000000065e000000|100%| O|  |TAMS 0x000000065d800000| PB 0x000000065d800000| Untracked 
| 192|0x000000065e000000, 0x000000065e800000, 0x000000065e800000|100%| O|  |TAMS 0x000000065e000000| PB 0x000000065e000000| Untracked 
| 193|0x000000065e800000, 0x000000065effffe0, 0x000000065f000000| 99%| O|  |TAMS 0x000000065e800000| PB 0x000000065e800000| Untracked 
| 194|0x000000065f000000, 0x000000065f7fffc8, 0x000000065f800000| 99%| O|  |TAMS 0x000000065f000000| PB 0x000000065f000000| Untracked 
| 195|0x000000065f800000, 0x0000000660000000, 0x0000000660000000|100%| O|  |TAMS 0x000000065f800000| PB 0x000000065f800000| Untracked 
| 196|0x0000000660000000, 0x00000006607fff78, 0x0000000660800000| 99%| O|  |TAMS 0x0000000660000000| PB 0x0000000660000000| Untracked 
| 197|0x0000000660800000, 0x0000000660fffff0, 0x0000000661000000| 99%| O|  |TAMS 0x0000000660800000| PB 0x0000000660800000| Untracked 
| 198|0x0000000661000000, 0x00000006617fffd8, 0x0000000661800000| 99%| O|  |TAMS 0x0000000661000000| PB 0x0000000661000000| Untracked 
| 199|0x0000000661800000, 0x0000000662000000, 0x0000000662000000|100%| O|  |TAMS 0x0000000661800000| PB 0x0000000661800000| Untracked 
| 200|0x0000000662000000, 0x00000006627fffe8, 0x0000000662800000| 99%| O|  |TAMS 0x0000000662000000| PB 0x0000000662000000| Untracked 
| 201|0x0000000662800000, 0x0000000663000000, 0x0000000663000000|100%| O|  |TAMS 0x0000000662800000| PB 0x0000000662800000| Untracked 
| 202|0x0000000663000000, 0x000000066358fd90, 0x0000000663800000| 69%| O|  |TAMS 0x0000000663000000| PB 0x0000000663000000| Untracked 
| 203|0x0000000663800000, 0x0000000664000000, 0x0000000664000000|100%| O|  |TAMS 0x0000000663800000| PB 0x0000000663800000| Untracked 
| 204|0x0000000664000000, 0x0000000664800000, 0x0000000664800000|100%| O|  |TAMS 0x0000000664000000| PB 0x0000000664000000| Untracked 
| 205|0x0000000664800000, 0x0000000665000000, 0x0000000665000000|100%| O|  |TAMS 0x0000000664800000| PB 0x0000000664800000| Untracked 
| 206|0x0000000665000000, 0x0000000665800000, 0x0000000665800000|100%| O|  |TAMS 0x0000000665000000| PB 0x0000000665000000| Untracked 
| 207|0x0000000665800000, 0x0000000665ffffc8, 0x0000000666000000| 99%| O|  |TAMS 0x0000000665800000| PB 0x0000000665800000| Untracked 
| 208|0x0000000666000000, 0x00000006667fffd0, 0x0000000666800000| 99%| O|  |TAMS 0x0000000666000000| PB 0x0000000666000000| Untracked 
| 209|0x0000000666800000, 0x0000000666ffffe8, 0x0000000667000000| 99%| O|  |TAMS 0x0000000666800000| PB 0x0000000666800000| Untracked 
| 210|0x0000000667000000, 0x0000000667800000, 0x0000000667800000|100%| O|  |TAMS 0x0000000667000000| PB 0x0000000667000000| Untracked 
| 211|0x0000000667800000, 0x0000000667feb2d0, 0x0000000668000000| 98%| O|  |TAMS 0x0000000667800000| PB 0x0000000667800000| Untracked 
| 212|0x0000000668000000, 0x00000006687ff078, 0x0000000668800000| 99%| O|  |TAMS 0x0000000668000000| PB 0x0000000668000000| Untracked 
| 213|0x0000000668800000, 0x0000000669000000, 0x0000000669000000|100%| O|  |TAMS 0x0000000668800000| PB 0x0000000668800000| Untracked 
| 214|0x0000000669000000, 0x0000000669800000, 0x0000000669800000|100%| O|  |TAMS 0x0000000669000000| PB 0x0000000669000000| Untracked 
| 215|0x0000000669800000, 0x000000066a000000, 0x000000066a000000|100%| O|  |TAMS 0x0000000669800000| PB 0x0000000669800000| Untracked 
| 216|0x000000066a000000, 0x000000066a800000, 0x000000066a800000|100%| O|  |TAMS 0x000000066a000000| PB 0x000000066a000000| Untracked 
| 217|0x000000066a800000, 0x000000066b000000, 0x000000066b000000|100%| O|  |TAMS 0x000000066a800000| PB 0x000000066a800000| Untracked 
| 218|0x000000066b000000, 0x000000066b800000, 0x000000066b800000|100%|HS|  |TAMS 0x000000066b000000| PB 0x000000066b000000| Untracked 
| 219|0x000000066b800000, 0x000000066c000000, 0x000000066c000000|100%|HC|  |TAMS 0x000000066b800000| PB 0x000000066b800000| Untracked 
| 220|0x000000066c000000, 0x000000066c7ffff8, 0x000000066c800000| 99%| O|  |TAMS 0x000000066c000000| PB 0x000000066c000000| Untracked 
| 221|0x000000066c800000, 0x000000066d000000, 0x000000066d000000|100%|HS|  |TAMS 0x000000066c800000| PB 0x000000066c800000| Untracked 
| 222|0x000000066d000000, 0x000000066d800000, 0x000000066d800000|100%|HC|  |TAMS 0x000000066d000000| PB 0x000000066d000000| Untracked 
| 223|0x000000066d800000, 0x000000066dfea928, 0x000000066e000000| 98%| O|  |TAMS 0x000000066d800000| PB 0x000000066d800000| Untracked 
| 224|0x000000066e000000, 0x000000066e7facc0, 0x000000066e800000| 99%| O|  |TAMS 0x000000066e000000| PB 0x000000066e000000| Untracked 
| 225|0x000000066e800000, 0x000000066effffe8, 0x000000066f000000| 99%| O|  |TAMS 0x000000066e800000| PB 0x000000066e800000| Untracked 
| 226|0x000000066f000000, 0x000000066f800000, 0x000000066f800000|100%| O|  |TAMS 0x000000066f000000| PB 0x000000066f000000| Untracked 
| 227|0x000000066f800000, 0x0000000670000000, 0x0000000670000000|100%| O|  |TAMS 0x000000066f800000| PB 0x000000066f800000| Untracked 
| 228|0x0000000670000000, 0x00000006707fffa8, 0x0000000670800000| 99%| O|  |TAMS 0x0000000670000000| PB 0x0000000670000000| Untracked 
| 229|0x0000000670800000, 0x0000000671000000, 0x0000000671000000|100%| O|  |TAMS 0x0000000670800000| PB 0x0000000670800000| Untracked 
| 230|0x0000000671000000, 0x00000006717ffff8, 0x0000000671800000| 99%| O|  |TAMS 0x0000000671000000| PB 0x0000000671000000| Untracked 
| 231|0x0000000671800000, 0x0000000671ffffe8, 0x0000000672000000| 99%| O|  |TAMS 0x0000000671800000| PB 0x0000000671800000| Untracked 
| 232|0x0000000672000000, 0x00000006727f1088, 0x0000000672800000| 99%| O|  |TAMS 0x0000000672000000| PB 0x0000000672000000| Untracked 
| 233|0x0000000672800000, 0x0000000673000000, 0x0000000673000000|100%| O|  |TAMS 0x0000000672800000| PB 0x0000000672800000| Untracked 
| 234|0x0000000673000000, 0x0000000673800000, 0x0000000673800000|100%|HS|  |TAMS 0x0000000673000000| PB 0x0000000673000000| Untracked 
| 235|0x0000000673800000, 0x0000000674000000, 0x0000000674000000|100%|HC|  |TAMS 0x0000000673800000| PB 0x0000000673800000| Untracked 
| 236|0x0000000674000000, 0x0000000674800000, 0x0000000674800000|100%|HC|  |TAMS 0x0000000674000000| PB 0x0000000674000000| Untracked 
| 237|0x0000000674800000, 0x0000000675000000, 0x0000000675000000|100%|HS|  |TAMS 0x0000000674800000| PB 0x0000000674800000| Untracked 
| 238|0x0000000675000000, 0x0000000675800000, 0x0000000675800000|100%|HC|  |TAMS 0x0000000675000000| PB 0x0000000675000000| Untracked 
| 239|0x0000000675800000, 0x0000000676000000, 0x0000000676000000|100%|HC|  |TAMS 0x0000000675800000| PB 0x0000000675800000| Untracked 
| 240|0x0000000676000000, 0x0000000676000000, 0x0000000676800000|  0%| F|  |TAMS 0x0000000676000000| PB 0x0000000676000000| Untracked 
| 241|0x0000000676800000, 0x0000000676ffffe8, 0x0000000677000000| 99%| O|  |TAMS 0x0000000676800000| PB 0x0000000676800000| Untracked 
| 242|0x0000000677000000, 0x0000000677800000, 0x0000000677800000|100%| O|  |TAMS 0x0000000677000000| PB 0x0000000677000000| Untracked 
| 243|0x0000000677800000, 0x0000000678000000, 0x0000000678000000|100%| O|  |TAMS 0x0000000677800000| PB 0x0000000677800000| Untracked 
| 244|0x0000000678000000, 0x00000006787fff60, 0x0000000678800000| 99%| O|  |TAMS 0x0000000678000000| PB 0x0000000678000000| Untracked 
| 245|0x0000000678800000, 0x000000067880f658, 0x0000000679000000|  0%| O|  |TAMS 0x0000000678800000| PB 0x0000000678800000| Untracked 
| 246|0x0000000679000000, 0x000000067912f5c8, 0x0000000679800000| 14%| O|  |TAMS 0x0000000679000000| PB 0x0000000679000000| Untracked 
| 247|0x0000000679800000, 0x0000000679ffffe8, 0x000000067a000000| 99%| O|  |TAMS 0x0000000679800000| PB 0x0000000679800000| Untracked 
| 248|0x000000067a000000, 0x000000067a800000, 0x000000067a800000|100%| O|  |TAMS 0x000000067a000000| PB 0x000000067a000000| Untracked 
| 249|0x000000067a800000, 0x000000067ab9bf80, 0x000000067b000000| 45%| O|  |TAMS 0x000000067a800000| PB 0x000000067a800000| Untracked 
| 250|0x000000067b000000, 0x000000067b800000, 0x000000067b800000|100%|HS|  |TAMS 0x000000067b000000| PB 0x000000067b000000| Untracked 
| 251|0x000000067b800000, 0x000000067b9dcfb8, 0x000000067c000000| 23%| O|  |TAMS 0x000000067b800000| PB 0x000000067b800000| Untracked 
| 252|0x000000067c000000, 0x000000067c800000, 0x000000067c800000|100%| O|  |TAMS 0x000000067c000000| PB 0x000000067c000000| Untracked 
| 253|0x000000067c800000, 0x000000067d000000, 0x000000067d000000|100%| O|  |TAMS 0x000000067c800000| PB 0x000000067c800000| Untracked 
| 254|0x000000067d000000, 0x000000067d800000, 0x000000067d800000|100%| O|  |TAMS 0x000000067d000000| PB 0x000000067d000000| Untracked 
| 255|0x000000067d800000, 0x000000067d8605d8, 0x000000067e000000|  4%| O|  |TAMS 0x000000067d800000| PB 0x000000067d800000| Untracked 
| 256|0x000000067e000000, 0x000000067e1a7860, 0x000000067e800000| 20%| O|  |TAMS 0x000000067e000000| PB 0x000000067e000000| Untracked 
| 257|0x000000067e800000, 0x000000067f000000, 0x000000067f000000|100%| O|  |TAMS 0x000000067e800000| PB 0x000000067e800000| Untracked 
| 258|0x000000067f000000, 0x000000067f32fee8, 0x000000067f800000| 39%| O|  |TAMS 0x000000067f000000| PB 0x000000067f000000| Untracked 
| 259|0x000000067f800000, 0x000000067fa0b108, 0x0000000680000000| 25%| O|  |TAMS 0x000000067f800000| PB 0x000000067f800000| Untracked 
| 260|0x0000000680000000, 0x00000006801b8300, 0x0000000680800000| 21%| O|  |TAMS 0x0000000680000000| PB 0x0000000680000000| Untracked 
| 261|0x0000000680800000, 0x0000000681000000, 0x0000000681000000|100%| O|  |TAMS 0x0000000680800000| PB 0x0000000680800000| Untracked 
| 262|0x0000000681000000, 0x0000000681056368, 0x0000000681800000|  4%| O|  |TAMS 0x0000000681000000| PB 0x0000000681000000| Untracked 
| 263|0x0000000681800000, 0x0000000682000000, 0x0000000682000000|100%| O|  |TAMS 0x0000000681800000| PB 0x0000000681800000| Untracked 
| 264|0x0000000682000000, 0x0000000682686580, 0x0000000682800000| 81%| O|  |TAMS 0x0000000682000000| PB 0x0000000682000000| Untracked 
| 265|0x0000000682800000, 0x0000000682800000, 0x0000000683000000|  0%| F|  |TAMS 0x0000000682800000| PB 0x0000000682800000| Untracked 
| 266|0x0000000683000000, 0x0000000683800000, 0x0000000683800000|100%| O|  |TAMS 0x0000000683000000| PB 0x0000000683000000| Untracked 
| 267|0x0000000683800000, 0x000000068398b6e8, 0x0000000684000000| 19%| O|  |TAMS 0x0000000683800000| PB 0x0000000683800000| Untracked 
| 268|0x0000000684000000, 0x0000000684061218, 0x0000000684800000|  4%| O|  |TAMS 0x0000000684000000| PB 0x0000000684000000| Untracked 
| 269|0x0000000684800000, 0x0000000684800000, 0x0000000685000000|  0%| F|  |TAMS 0x0000000684800000| PB 0x0000000684800000| Untracked 
| 270|0x0000000685000000, 0x0000000685800000, 0x0000000685800000|100%| O|  |TAMS 0x0000000685000000| PB 0x0000000685000000| Untracked 
| 271|0x0000000685800000, 0x0000000685800000, 0x0000000686000000|  0%| F|  |TAMS 0x0000000685800000| PB 0x0000000685800000| Untracked 
| 272|0x0000000686000000, 0x000000068605f4c0, 0x0000000686800000|  4%| O|  |TAMS 0x0000000686000000| PB 0x0000000686000000| Untracked 
| 273|0x0000000686800000, 0x0000000686800000, 0x0000000687000000|  0%| F|  |TAMS 0x0000000686800000| PB 0x0000000686800000| Untracked 
| 274|0x0000000687000000, 0x0000000687000000, 0x0000000687800000|  0%| F|  |TAMS 0x0000000687000000| PB 0x0000000687000000| Untracked 
| 275|0x0000000687800000, 0x0000000687800000, 0x0000000688000000|  0%| F|  |TAMS 0x0000000687800000| PB 0x0000000687800000| Untracked 
| 276|0x0000000688000000, 0x0000000688000000, 0x0000000688800000|  0%| F|  |TAMS 0x0000000688000000| PB 0x0000000688000000| Untracked 
| 277|0x0000000688800000, 0x0000000688800000, 0x0000000689000000|  0%| F|  |TAMS 0x0000000688800000| PB 0x0000000688800000| Untracked 
| 278|0x0000000689000000, 0x0000000689000000, 0x0000000689800000|  0%| F|  |TAMS 0x0000000689000000| PB 0x0000000689000000| Untracked 
| 279|0x0000000689800000, 0x0000000689800000, 0x000000068a000000|  0%| F|  |TAMS 0x0000000689800000| PB 0x0000000689800000| Untracked 
| 280|0x000000068a000000, 0x000000068a000000, 0x000000068a800000|  0%| F|  |TAMS 0x000000068a000000| PB 0x000000068a000000| Untracked 
| 281|0x000000068a800000, 0x000000068a800000, 0x000000068b000000|  0%| F|  |TAMS 0x000000068a800000| PB 0x000000068a800000| Untracked 
| 282|0x000000068b000000, 0x000000068b800000, 0x000000068b800000|100%| O|  |TAMS 0x000000068b000000| PB 0x000000068b000000| Untracked 
| 283|0x000000068b800000, 0x000000068c000000, 0x000000068c000000|100%| O|  |TAMS 0x000000068b800000| PB 0x000000068b800000| Untracked 
| 284|0x000000068c000000, 0x000000068c000000, 0x000000068c800000|  0%| F|  |TAMS 0x000000068c000000| PB 0x000000068c000000| Untracked 
| 285|0x000000068c800000, 0x000000068c800000, 0x000000068d000000|  0%| F|  |TAMS 0x000000068c800000| PB 0x000000068c800000| Untracked 
| 286|0x000000068d000000, 0x000000068d000000, 0x000000068d800000|  0%| F|  |TAMS 0x000000068d000000| PB 0x000000068d000000| Untracked 
| 287|0x000000068d800000, 0x000000068d800000, 0x000000068e000000|  0%| F|  |TAMS 0x000000068d800000| PB 0x000000068d800000| Untracked 
| 288|0x000000068e000000, 0x000000068e000000, 0x000000068e800000|  0%| F|  |TAMS 0x000000068e000000| PB 0x000000068e000000| Untracked 
| 289|0x000000068e800000, 0x000000068e800000, 0x000000068f000000|  0%| F|  |TAMS 0x000000068e800000| PB 0x000000068e800000| Untracked 
| 290|0x000000068f000000, 0x000000068f000000, 0x000000068f800000|  0%| F|  |TAMS 0x000000068f000000| PB 0x000000068f000000| Untracked 
| 291|0x000000068f800000, 0x000000068f800000, 0x0000000690000000|  0%| F|  |TAMS 0x000000068f800000| PB 0x000000068f800000| Untracked 
| 292|0x0000000690000000, 0x0000000690000000, 0x0000000690800000|  0%| F|  |TAMS 0x0000000690000000| PB 0x0000000690000000| Untracked 
| 293|0x0000000690800000, 0x0000000690800000, 0x0000000691000000|  0%| F|  |TAMS 0x0000000690800000| PB 0x0000000690800000| Untracked 
| 294|0x0000000691000000, 0x0000000691000000, 0x0000000691800000|  0%| F|  |TAMS 0x0000000691000000| PB 0x0000000691000000| Untracked 
| 295|0x0000000691800000, 0x0000000691800000, 0x0000000692000000|  0%| F|  |TAMS 0x0000000691800000| PB 0x0000000691800000| Untracked 
| 296|0x0000000692000000, 0x0000000692000000, 0x0000000692800000|  0%| F|  |TAMS 0x0000000692000000| PB 0x0000000692000000| Untracked 
| 297|0x0000000692800000, 0x0000000692800000, 0x0000000693000000|  0%| F|  |TAMS 0x0000000692800000| PB 0x0000000692800000| Untracked 
| 298|0x0000000693000000, 0x0000000693000000, 0x0000000693800000|  0%| F|  |TAMS 0x0000000693000000| PB 0x0000000693000000| Untracked 
| 299|0x0000000693800000, 0x0000000693800000, 0x0000000694000000|  0%| F|  |TAMS 0x0000000693800000| PB 0x0000000693800000| Untracked 
| 300|0x0000000694000000, 0x0000000694000000, 0x0000000694800000|  0%| F|  |TAMS 0x0000000694000000| PB 0x0000000694000000| Untracked 
| 301|0x0000000694800000, 0x0000000694800000, 0x0000000695000000|  0%| F|  |TAMS 0x0000000694800000| PB 0x0000000694800000| Untracked 
| 302|0x0000000695000000, 0x0000000695000000, 0x0000000695800000|  0%| F|  |TAMS 0x0000000695000000| PB 0x0000000695000000| Untracked 
| 303|0x0000000695800000, 0x0000000695800000, 0x0000000696000000|  0%| F|  |TAMS 0x0000000695800000| PB 0x0000000695800000| Untracked 
| 304|0x0000000696000000, 0x0000000696000000, 0x0000000696800000|  0%| F|  |TAMS 0x0000000696000000| PB 0x0000000696000000| Untracked 
| 305|0x0000000696800000, 0x0000000696800000, 0x0000000697000000|  0%| F|  |TAMS 0x0000000696800000| PB 0x0000000696800000| Untracked 
| 306|0x0000000697000000, 0x0000000697000000, 0x0000000697800000|  0%| F|  |TAMS 0x0000000697000000| PB 0x0000000697000000| Untracked 
| 307|0x0000000697800000, 0x0000000697800000, 0x0000000698000000|  0%| F|  |TAMS 0x0000000697800000| PB 0x0000000697800000| Untracked 
| 308|0x0000000698000000, 0x0000000698000000, 0x0000000698800000|  0%| F|  |TAMS 0x0000000698000000| PB 0x0000000698000000| Untracked 
| 309|0x0000000698800000, 0x0000000698800000, 0x0000000699000000|  0%| F|  |TAMS 0x0000000698800000| PB 0x0000000698800000| Untracked 
| 310|0x0000000699000000, 0x0000000699000000, 0x0000000699800000|  0%| F|  |TAMS 0x0000000699000000| PB 0x0000000699000000| Untracked 
| 311|0x0000000699800000, 0x0000000699800000, 0x000000069a000000|  0%| F|  |TAMS 0x0000000699800000| PB 0x0000000699800000| Untracked 
| 312|0x000000069a000000, 0x000000069a000000, 0x000000069a800000|  0%| F|  |TAMS 0x000000069a000000| PB 0x000000069a000000| Untracked 
| 313|0x000000069a800000, 0x000000069a800000, 0x000000069b000000|  0%| F|  |TAMS 0x000000069a800000| PB 0x000000069a800000| Untracked 
| 314|0x000000069b000000, 0x000000069b000000, 0x000000069b800000|  0%| F|  |TAMS 0x000000069b000000| PB 0x000000069b000000| Untracked 
| 315|0x000000069b800000, 0x000000069b800000, 0x000000069c000000|  0%| F|  |TAMS 0x000000069b800000| PB 0x000000069b800000| Untracked 
| 316|0x000000069c000000, 0x000000069c000000, 0x000000069c800000|  0%| F|  |TAMS 0x000000069c000000| PB 0x000000069c000000| Untracked 
| 317|0x000000069c800000, 0x000000069c800000, 0x000000069d000000|  0%| F|  |TAMS 0x000000069c800000| PB 0x000000069c800000| Untracked 
| 318|0x000000069d000000, 0x000000069d000000, 0x000000069d800000|  0%| F|  |TAMS 0x000000069d000000| PB 0x000000069d000000| Untracked 
| 319|0x000000069d800000, 0x000000069d800000, 0x000000069e000000|  0%| F|  |TAMS 0x000000069d800000| PB 0x000000069d800000| Untracked 
| 320|0x000000069e000000, 0x000000069e000000, 0x000000069e800000|  0%| F|  |TAMS 0x000000069e000000| PB 0x000000069e000000| Untracked 
| 321|0x000000069e800000, 0x000000069e800000, 0x000000069f000000|  0%| F|  |TAMS 0x000000069e800000| PB 0x000000069e800000| Untracked 
| 322|0x000000069f000000, 0x000000069f000000, 0x000000069f800000|  0%| F|  |TAMS 0x000000069f000000| PB 0x000000069f000000| Untracked 
| 323|0x000000069f800000, 0x000000069f800000, 0x00000006a0000000|  0%| F|  |TAMS 0x000000069f800000| PB 0x000000069f800000| Untracked 
| 324|0x00000006a0000000, 0x00000006a0000000, 0x00000006a0800000|  0%| F|  |TAMS 0x00000006a0000000| PB 0x00000006a0000000| Untracked 
| 325|0x00000006a0800000, 0x00000006a0800000, 0x00000006a1000000|  0%| F|  |TAMS 0x00000006a0800000| PB 0x00000006a0800000| Untracked 
| 326|0x00000006a1000000, 0x00000006a1000000, 0x00000006a1800000|  0%| F|  |TAMS 0x00000006a1000000| PB 0x00000006a1000000| Untracked 
| 327|0x00000006a1800000, 0x00000006a1800000, 0x00000006a2000000|  0%| F|  |TAMS 0x00000006a1800000| PB 0x00000006a1800000| Untracked 
| 328|0x00000006a2000000, 0x00000006a2000000, 0x00000006a2800000|  0%| F|  |TAMS 0x00000006a2000000| PB 0x00000006a2000000| Untracked 
| 329|0x00000006a2800000, 0x00000006a2800000, 0x00000006a3000000|  0%| F|  |TAMS 0x00000006a2800000| PB 0x00000006a2800000| Untracked 
| 330|0x00000006a3000000, 0x00000006a3000000, 0x00000006a3800000|  0%| F|  |TAMS 0x00000006a3000000| PB 0x00000006a3000000| Untracked 
| 331|0x00000006a3800000, 0x00000006a3800000, 0x00000006a4000000|  0%| F|  |TAMS 0x00000006a3800000| PB 0x00000006a3800000| Untracked 
| 332|0x00000006a4000000, 0x00000006a4000000, 0x00000006a4800000|  0%| F|  |TAMS 0x00000006a4000000| PB 0x00000006a4000000| Untracked 
| 333|0x00000006a4800000, 0x00000006a4800000, 0x00000006a5000000|  0%| F|  |TAMS 0x00000006a4800000| PB 0x00000006a4800000| Untracked 
| 334|0x00000006a5000000, 0x00000006a5000000, 0x00000006a5800000|  0%| F|  |TAMS 0x00000006a5000000| PB 0x00000006a5000000| Untracked 
| 335|0x00000006a5800000, 0x00000006a5800000, 0x00000006a6000000|  0%| F|  |TAMS 0x00000006a5800000| PB 0x00000006a5800000| Untracked 
| 336|0x00000006a6000000, 0x00000006a6000000, 0x00000006a6800000|  0%| F|  |TAMS 0x00000006a6000000| PB 0x00000006a6000000| Untracked 
| 337|0x00000006a6800000, 0x00000006a6800000, 0x00000006a7000000|  0%| F|  |TAMS 0x00000006a6800000| PB 0x00000006a6800000| Untracked 
| 338|0x00000006a7000000, 0x00000006a7000000, 0x00000006a7800000|  0%| F|  |TAMS 0x00000006a7000000| PB 0x00000006a7000000| Untracked 
| 339|0x00000006a7800000, 0x00000006a7800000, 0x00000006a8000000|  0%| F|  |TAMS 0x00000006a7800000| PB 0x00000006a7800000| Untracked 
| 340|0x00000006a8000000, 0x00000006a8000000, 0x00000006a8800000|  0%| F|  |TAMS 0x00000006a8000000| PB 0x00000006a8000000| Untracked 
| 341|0x00000006a8800000, 0x00000006a8800000, 0x00000006a9000000|  0%| F|  |TAMS 0x00000006a8800000| PB 0x00000006a8800000| Untracked 
| 342|0x00000006a9000000, 0x00000006a9000000, 0x00000006a9800000|  0%| F|  |TAMS 0x00000006a9000000| PB 0x00000006a9000000| Untracked 
| 343|0x00000006a9800000, 0x00000006a9800000, 0x00000006aa000000|  0%| F|  |TAMS 0x00000006a9800000| PB 0x00000006a9800000| Untracked 
| 344|0x00000006aa000000, 0x00000006aa000000, 0x00000006aa800000|  0%| F|  |TAMS 0x00000006aa000000| PB 0x00000006aa000000| Untracked 
| 345|0x00000006aa800000, 0x00000006aa800000, 0x00000006ab000000|  0%| F|  |TAMS 0x00000006aa800000| PB 0x00000006aa800000| Untracked 
| 346|0x00000006ab000000, 0x00000006ab000000, 0x00000006ab800000|  0%| F|  |TAMS 0x00000006ab000000| PB 0x00000006ab000000| Untracked 
| 347|0x00000006ab800000, 0x00000006ab800000, 0x00000006ac000000|  0%| F|  |TAMS 0x00000006ab800000| PB 0x00000006ab800000| Untracked 
| 348|0x00000006ac000000, 0x00000006ac000000, 0x00000006ac800000|  0%| F|  |TAMS 0x00000006ac000000| PB 0x00000006ac000000| Untracked 
| 349|0x00000006ac800000, 0x00000006ac800000, 0x00000006ad000000|  0%| F|  |TAMS 0x00000006ac800000| PB 0x00000006ac800000| Untracked 
| 350|0x00000006ad000000, 0x00000006ad000000, 0x00000006ad800000|  0%| F|  |TAMS 0x00000006ad000000| PB 0x00000006ad000000| Untracked 
| 351|0x00000006ad800000, 0x00000006ad800000, 0x00000006ae000000|  0%| F|  |TAMS 0x00000006ad800000| PB 0x00000006ad800000| Untracked 
| 352|0x00000006ae000000, 0x00000006ae000000, 0x00000006ae800000|  0%| F|  |TAMS 0x00000006ae000000| PB 0x00000006ae000000| Untracked 
| 353|0x00000006ae800000, 0x00000006ae800000, 0x00000006af000000|  0%| F|  |TAMS 0x00000006ae800000| PB 0x00000006ae800000| Untracked 
| 354|0x00000006af000000, 0x00000006af000000, 0x00000006af800000|  0%| F|  |TAMS 0x00000006af000000| PB 0x00000006af000000| Untracked 
| 355|0x00000006af800000, 0x00000006af800000, 0x00000006b0000000|  0%| F|  |TAMS 0x00000006af800000| PB 0x00000006af800000| Untracked 
| 356|0x00000006b0000000, 0x00000006b0000000, 0x00000006b0800000|  0%| F|  |TAMS 0x00000006b0000000| PB 0x00000006b0000000| Untracked 
| 357|0x00000006b0800000, 0x00000006b0800000, 0x00000006b1000000|  0%| F|  |TAMS 0x00000006b0800000| PB 0x00000006b0800000| Untracked 
| 358|0x00000006b1000000, 0x00000006b1000000, 0x00000006b1800000|  0%| F|  |TAMS 0x00000006b1000000| PB 0x00000006b1000000| Untracked 
| 359|0x00000006b1800000, 0x00000006b1800000, 0x00000006b2000000|  0%| F|  |TAMS 0x00000006b1800000| PB 0x00000006b1800000| Untracked 
| 360|0x00000006b2000000, 0x00000006b2000000, 0x00000006b2800000|  0%| F|  |TAMS 0x00000006b2000000| PB 0x00000006b2000000| Untracked 
| 361|0x00000006b2800000, 0x00000006b2800000, 0x00000006b3000000|  0%| F|  |TAMS 0x00000006b2800000| PB 0x00000006b2800000| Untracked 
| 362|0x00000006b3000000, 0x00000006b3000000, 0x00000006b3800000|  0%| F|  |TAMS 0x00000006b3000000| PB 0x00000006b3000000| Untracked 
| 363|0x00000006b3800000, 0x00000006b3800000, 0x00000006b4000000|  0%| F|  |TAMS 0x00000006b3800000| PB 0x00000006b3800000| Untracked 
| 364|0x00000006b4000000, 0x00000006b4000000, 0x00000006b4800000|  0%| F|  |TAMS 0x00000006b4000000| PB 0x00000006b4000000| Untracked 
| 365|0x00000006b4800000, 0x00000006b4800000, 0x00000006b5000000|  0%| F|  |TAMS 0x00000006b4800000| PB 0x00000006b4800000| Untracked 
| 366|0x00000006b5000000, 0x00000006b5000000, 0x00000006b5800000|  0%| F|  |TAMS 0x00000006b5000000| PB 0x00000006b5000000| Untracked 
| 367|0x00000006b5800000, 0x00000006b5800000, 0x00000006b6000000|  0%| F|  |TAMS 0x00000006b5800000| PB 0x00000006b5800000| Untracked 
| 368|0x00000006b6000000, 0x00000006b6000000, 0x00000006b6800000|  0%| F|  |TAMS 0x00000006b6000000| PB 0x00000006b6000000| Untracked 
| 369|0x00000006b6800000, 0x00000006b6800000, 0x00000006b7000000|  0%| F|  |TAMS 0x00000006b6800000| PB 0x00000006b6800000| Untracked 
| 370|0x00000006b7000000, 0x00000006b7000000, 0x00000006b7800000|  0%| F|  |TAMS 0x00000006b7000000| PB 0x00000006b7000000| Untracked 
| 371|0x00000006b7800000, 0x00000006b7800000, 0x00000006b8000000|  0%| F|  |TAMS 0x00000006b7800000| PB 0x00000006b7800000| Untracked 
| 372|0x00000006b8000000, 0x00000006b8000000, 0x00000006b8800000|  0%| F|  |TAMS 0x00000006b8000000| PB 0x00000006b8000000| Untracked 
| 373|0x00000006b8800000, 0x00000006b8800000, 0x00000006b9000000|  0%| F|  |TAMS 0x00000006b8800000| PB 0x00000006b8800000| Untracked 
| 374|0x00000006b9000000, 0x00000006b9000000, 0x00000006b9800000|  0%| F|  |TAMS 0x00000006b9000000| PB 0x00000006b9000000| Untracked 
| 375|0x00000006b9800000, 0x00000006b9800000, 0x00000006ba000000|  0%| F|  |TAMS 0x00000006b9800000| PB 0x00000006b9800000| Untracked 
| 376|0x00000006ba000000, 0x00000006ba000000, 0x00000006ba800000|  0%| F|  |TAMS 0x00000006ba000000| PB 0x00000006ba000000| Untracked 
| 377|0x00000006ba800000, 0x00000006ba800000, 0x00000006bb000000|  0%| F|  |TAMS 0x00000006ba800000| PB 0x00000006ba800000| Untracked 
| 378|0x00000006bb000000, 0x00000006bb000000, 0x00000006bb800000|  0%| F|  |TAMS 0x00000006bb000000| PB 0x00000006bb000000| Untracked 
| 379|0x00000006bb800000, 0x00000006bb800000, 0x00000006bc000000|  0%| F|  |TAMS 0x00000006bb800000| PB 0x00000006bb800000| Untracked 
| 380|0x00000006bc000000, 0x00000006bc000000, 0x00000006bc800000|  0%| F|  |TAMS 0x00000006bc000000| PB 0x00000006bc000000| Untracked 
| 381|0x00000006bc800000, 0x00000006bc800000, 0x00000006bd000000|  0%| F|  |TAMS 0x00000006bc800000| PB 0x00000006bc800000| Untracked 
| 382|0x00000006bd000000, 0x00000006bd000000, 0x00000006bd800000|  0%| F|  |TAMS 0x00000006bd000000| PB 0x00000006bd000000| Untracked 
| 383|0x00000006bd800000, 0x00000006bd800000, 0x00000006be000000|  0%| F|  |TAMS 0x00000006bd800000| PB 0x00000006bd800000| Untracked 
| 384|0x00000006be000000, 0x00000006be000000, 0x00000006be800000|  0%| F|  |TAMS 0x00000006be000000| PB 0x00000006be000000| Untracked 
| 385|0x00000006be800000, 0x00000006be800000, 0x00000006bf000000|  0%| F|  |TAMS 0x00000006be800000| PB 0x00000006be800000| Untracked 
| 386|0x00000006bf000000, 0x00000006bf000000, 0x00000006bf800000|  0%| F|  |TAMS 0x00000006bf000000| PB 0x00000006bf000000| Untracked 
| 387|0x00000006bf800000, 0x00000006bf800000, 0x00000006c0000000|  0%| F|  |TAMS 0x00000006bf800000| PB 0x00000006bf800000| Untracked 
| 388|0x00000006c0000000, 0x00000006c0000000, 0x00000006c0800000|  0%| F|  |TAMS 0x00000006c0000000| PB 0x00000006c0000000| Untracked 
| 389|0x00000006c0800000, 0x00000006c0800000, 0x00000006c1000000|  0%| F|  |TAMS 0x00000006c0800000| PB 0x00000006c0800000| Untracked 
| 390|0x00000006c1000000, 0x00000006c1000000, 0x00000006c1800000|  0%| F|  |TAMS 0x00000006c1000000| PB 0x00000006c1000000| Untracked 
| 391|0x00000006c1800000, 0x00000006c1800000, 0x00000006c2000000|  0%| F|  |TAMS 0x00000006c1800000| PB 0x00000006c1800000| Untracked 
| 392|0x00000006c2000000, 0x00000006c2000000, 0x00000006c2800000|  0%| F|  |TAMS 0x00000006c2000000| PB 0x00000006c2000000| Untracked 
| 393|0x00000006c2800000, 0x00000006c2800000, 0x00000006c3000000|  0%| F|  |TAMS 0x00000006c2800000| PB 0x00000006c2800000| Untracked 
| 394|0x00000006c3000000, 0x00000006c3000000, 0x00000006c3800000|  0%| F|  |TAMS 0x00000006c3000000| PB 0x00000006c3000000| Untracked 
| 395|0x00000006c3800000, 0x00000006c3800000, 0x00000006c4000000|  0%| F|  |TAMS 0x00000006c3800000| PB 0x00000006c3800000| Untracked 
| 396|0x00000006c4000000, 0x00000006c4000000, 0x00000006c4800000|  0%| F|  |TAMS 0x00000006c4000000| PB 0x00000006c4000000| Untracked 
| 397|0x00000006c4800000, 0x00000006c4800000, 0x00000006c5000000|  0%| F|  |TAMS 0x00000006c4800000| PB 0x00000006c4800000| Untracked 
| 398|0x00000006c5000000, 0x00000006c5000000, 0x00000006c5800000|  0%| F|  |TAMS 0x00000006c5000000| PB 0x00000006c5000000| Untracked 
| 399|0x00000006c5800000, 0x00000006c5800000, 0x00000006c6000000|  0%| F|  |TAMS 0x00000006c5800000| PB 0x00000006c5800000| Untracked 
| 400|0x00000006c6000000, 0x00000006c6000000, 0x00000006c6800000|  0%| F|  |TAMS 0x00000006c6000000| PB 0x00000006c6000000| Untracked 
| 401|0x00000006c6800000, 0x00000006c6800000, 0x00000006c7000000|  0%| F|  |TAMS 0x00000006c6800000| PB 0x00000006c6800000| Untracked 
| 402|0x00000006c7000000, 0x00000006c7000000, 0x00000006c7800000|  0%| F|  |TAMS 0x00000006c7000000| PB 0x00000006c7000000| Untracked 
| 403|0x00000006c7800000, 0x00000006c7800000, 0x00000006c8000000|  0%| F|  |TAMS 0x00000006c7800000| PB 0x00000006c7800000| Untracked 
| 404|0x00000006c8000000, 0x00000006c8000000, 0x00000006c8800000|  0%| F|  |TAMS 0x00000006c8000000| PB 0x00000006c8000000| Untracked 
| 405|0x00000006c8800000, 0x00000006c8800000, 0x00000006c9000000|  0%| F|  |TAMS 0x00000006c8800000| PB 0x00000006c8800000| Untracked 
| 406|0x00000006c9000000, 0x00000006c9000000, 0x00000006c9800000|  0%| F|  |TAMS 0x00000006c9000000| PB 0x00000006c9000000| Untracked 
| 407|0x00000006c9800000, 0x00000006c9800000, 0x00000006ca000000|  0%| F|  |TAMS 0x00000006c9800000| PB 0x00000006c9800000| Untracked 
| 408|0x00000006ca000000, 0x00000006ca000000, 0x00000006ca800000|  0%| F|  |TAMS 0x00000006ca000000| PB 0x00000006ca000000| Untracked 
| 409|0x00000006ca800000, 0x00000006ca800000, 0x00000006cb000000|  0%| F|  |TAMS 0x00000006ca800000| PB 0x00000006ca800000| Untracked 
| 410|0x00000006cb000000, 0x00000006cb000000, 0x00000006cb800000|  0%| F|  |TAMS 0x00000006cb000000| PB 0x00000006cb000000| Untracked 
| 411|0x00000006cb800000, 0x00000006cb800000, 0x00000006cc000000|  0%| F|  |TAMS 0x00000006cb800000| PB 0x00000006cb800000| Untracked 
| 412|0x00000006cc000000, 0x00000006cc000000, 0x00000006cc800000|  0%| F|  |TAMS 0x00000006cc000000| PB 0x00000006cc000000| Untracked 
| 413|0x00000006cc800000, 0x00000006cc800000, 0x00000006cd000000|  0%| F|  |TAMS 0x00000006cc800000| PB 0x00000006cc800000| Untracked 
| 414|0x00000006cd000000, 0x00000006cd000000, 0x00000006cd800000|  0%| F|  |TAMS 0x00000006cd000000| PB 0x00000006cd000000| Untracked 
| 415|0x00000006cd800000, 0x00000006cd800000, 0x00000006ce000000|  0%| F|  |TAMS 0x00000006cd800000| PB 0x00000006cd800000| Untracked 
| 416|0x00000006ce000000, 0x00000006ce000000, 0x00000006ce800000|  0%| F|  |TAMS 0x00000006ce000000| PB 0x00000006ce000000| Untracked 
| 417|0x00000006ce800000, 0x00000006ce800000, 0x00000006cf000000|  0%| F|  |TAMS 0x00000006ce800000| PB 0x00000006ce800000| Untracked 
| 418|0x00000006cf000000, 0x00000006cf000000, 0x00000006cf800000|  0%| F|  |TAMS 0x00000006cf000000| PB 0x00000006cf000000| Untracked 
| 419|0x00000006cf800000, 0x00000006cf800000, 0x00000006d0000000|  0%| F|  |TAMS 0x00000006cf800000| PB 0x00000006cf800000| Untracked 
| 420|0x00000006d0000000, 0x00000006d0000000, 0x00000006d0800000|  0%| F|  |TAMS 0x00000006d0000000| PB 0x00000006d0000000| Untracked 
| 421|0x00000006d0800000, 0x00000006d0800000, 0x00000006d1000000|  0%| F|  |TAMS 0x00000006d0800000| PB 0x00000006d0800000| Untracked 
| 422|0x00000006d1000000, 0x00000006d1000000, 0x00000006d1800000|  0%| F|  |TAMS 0x00000006d1000000| PB 0x00000006d1000000| Untracked 
| 423|0x00000006d1800000, 0x00000006d1800000, 0x00000006d2000000|  0%| F|  |TAMS 0x00000006d1800000| PB 0x00000006d1800000| Untracked 
| 424|0x00000006d2000000, 0x00000006d2000000, 0x00000006d2800000|  0%| F|  |TAMS 0x00000006d2000000| PB 0x00000006d2000000| Untracked 
| 425|0x00000006d2800000, 0x00000006d2800000, 0x00000006d3000000|  0%| F|  |TAMS 0x00000006d2800000| PB 0x00000006d2800000| Untracked 
| 426|0x00000006d3000000, 0x00000006d3000000, 0x00000006d3800000|  0%| F|  |TAMS 0x00000006d3000000| PB 0x00000006d3000000| Untracked 
| 427|0x00000006d3800000, 0x00000006d3800000, 0x00000006d4000000|  0%| F|  |TAMS 0x00000006d3800000| PB 0x00000006d3800000| Untracked 
| 428|0x00000006d4000000, 0x00000006d4000000, 0x00000006d4800000|  0%| F|  |TAMS 0x00000006d4000000| PB 0x00000006d4000000| Untracked 
| 429|0x00000006d4800000, 0x00000006d4800000, 0x00000006d5000000|  0%| F|  |TAMS 0x00000006d4800000| PB 0x00000006d4800000| Untracked 
| 430|0x00000006d5000000, 0x00000006d5000000, 0x00000006d5800000|  0%| F|  |TAMS 0x00000006d5000000| PB 0x00000006d5000000| Untracked 
| 431|0x00000006d5800000, 0x00000006d5800000, 0x00000006d6000000|  0%| F|  |TAMS 0x00000006d5800000| PB 0x00000006d5800000| Untracked 
| 432|0x00000006d6000000, 0x00000006d6000000, 0x00000006d6800000|  0%| F|  |TAMS 0x00000006d6000000| PB 0x00000006d6000000| Untracked 
| 433|0x00000006d6800000, 0x00000006d6800000, 0x00000006d7000000|  0%| F|  |TAMS 0x00000006d6800000| PB 0x00000006d6800000| Untracked 
| 434|0x00000006d7000000, 0x00000006d7000000, 0x00000006d7800000|  0%| F|  |TAMS 0x00000006d7000000| PB 0x00000006d7000000| Untracked 
| 435|0x00000006d7800000, 0x00000006d7800000, 0x00000006d8000000|  0%| F|  |TAMS 0x00000006d7800000| PB 0x00000006d7800000| Untracked 
| 436|0x00000006d8000000, 0x00000006d8000000, 0x00000006d8800000|  0%| F|  |TAMS 0x00000006d8000000| PB 0x00000006d8000000| Untracked 
| 437|0x00000006d8800000, 0x00000006d8800000, 0x00000006d9000000|  0%| F|  |TAMS 0x00000006d8800000| PB 0x00000006d8800000| Untracked 
| 438|0x00000006d9000000, 0x00000006d9000000, 0x00000006d9800000|  0%| F|  |TAMS 0x00000006d9000000| PB 0x00000006d9000000| Untracked 
| 439|0x00000006d9800000, 0x00000006d9800000, 0x00000006da000000|  0%| F|  |TAMS 0x00000006d9800000| PB 0x00000006d9800000| Untracked 
| 440|0x00000006da000000, 0x00000006da000000, 0x00000006da800000|  0%| F|  |TAMS 0x00000006da000000| PB 0x00000006da000000| Untracked 
| 441|0x00000006da800000, 0x00000006da800000, 0x00000006db000000|  0%| F|  |TAMS 0x00000006da800000| PB 0x00000006da800000| Untracked 
| 442|0x00000006db000000, 0x00000006db000000, 0x00000006db800000|  0%| F|  |TAMS 0x00000006db000000| PB 0x00000006db000000| Untracked 
| 443|0x00000006db800000, 0x00000006db800000, 0x00000006dc000000|  0%| F|  |TAMS 0x00000006db800000| PB 0x00000006db800000| Untracked 
| 444|0x00000006dc000000, 0x00000006dc000000, 0x00000006dc800000|  0%| F|  |TAMS 0x00000006dc000000| PB 0x00000006dc000000| Untracked 
| 445|0x00000006dc800000, 0x00000006dc800000, 0x00000006dd000000|  0%| F|  |TAMS 0x00000006dc800000| PB 0x00000006dc800000| Untracked 
| 446|0x00000006dd000000, 0x00000006dd000000, 0x00000006dd800000|  0%| F|  |TAMS 0x00000006dd000000| PB 0x00000006dd000000| Untracked 
| 447|0x00000006dd800000, 0x00000006dd800000, 0x00000006de000000|  0%| F|  |TAMS 0x00000006dd800000| PB 0x00000006dd800000| Untracked 
| 448|0x00000006de000000, 0x00000006de000000, 0x00000006de800000|  0%| F|  |TAMS 0x00000006de000000| PB 0x00000006de000000| Untracked 
| 449|0x00000006de800000, 0x00000006de800000, 0x00000006df000000|  0%| F|  |TAMS 0x00000006de800000| PB 0x00000006de800000| Untracked 
| 450|0x00000006df000000, 0x00000006df400000, 0x00000006df800000| 50%| E|  |TAMS 0x00000006df000000| PB 0x00000006df000000| Complete 
| 451|0x00000006df800000, 0x00000006e0000000, 0x00000006e0000000|100%| E|CS|TAMS 0x00000006df800000| PB 0x00000006df800000| Complete 
| 452|0x00000006e0000000, 0x00000006e0800000, 0x00000006e0800000|100%| E|CS|TAMS 0x00000006e0000000| PB 0x00000006e0000000| Complete 
| 453|0x00000006e0800000, 0x00000006e1000000, 0x00000006e1000000|100%| E|CS|TAMS 0x00000006e0800000| PB 0x00000006e0800000| Complete 
| 454|0x00000006e1000000, 0x00000006e1800000, 0x00000006e1800000|100%| E|CS|TAMS 0x00000006e1000000| PB 0x00000006e1000000| Complete 
| 455|0x00000006e1800000, 0x00000006e2000000, 0x00000006e2000000|100%| E|CS|TAMS 0x00000006e1800000| PB 0x00000006e1800000| Complete 
| 456|0x00000006e2000000, 0x00000006e2800000, 0x00000006e2800000|100%| E|CS|TAMS 0x00000006e2000000| PB 0x00000006e2000000| Complete 
| 457|0x00000006e2800000, 0x00000006e3000000, 0x00000006e3000000|100%| E|CS|TAMS 0x00000006e2800000| PB 0x00000006e2800000| Complete 
| 458|0x00000006e3000000, 0x00000006e3800000, 0x00000006e3800000|100%| E|CS|TAMS 0x00000006e3000000| PB 0x00000006e3000000| Complete 
| 459|0x00000006e3800000, 0x00000006e4000000, 0x00000006e4000000|100%| E|CS|TAMS 0x00000006e3800000| PB 0x00000006e3800000| Complete 
| 460|0x00000006e4000000, 0x00000006e4800000, 0x00000006e4800000|100%| E|CS|TAMS 0x00000006e4000000| PB 0x00000006e4000000| Complete 
| 461|0x00000006e4800000, 0x00000006e5000000, 0x00000006e5000000|100%| E|CS|TAMS 0x00000006e4800000| PB 0x00000006e4800000| Complete 
| 462|0x00000006e5000000, 0x00000006e5800000, 0x00000006e5800000|100%| E|CS|TAMS 0x00000006e5000000| PB 0x00000006e5000000| Complete 
| 463|0x00000006e5800000, 0x00000006e6000000, 0x00000006e6000000|100%| E|CS|TAMS 0x00000006e5800000| PB 0x00000006e5800000| Complete 
| 464|0x00000006e6000000, 0x00000006e6800000, 0x00000006e6800000|100%| E|CS|TAMS 0x00000006e6000000| PB 0x00000006e6000000| Complete 
| 465|0x00000006e6800000, 0x00000006e7000000, 0x00000006e7000000|100%| E|CS|TAMS 0x00000006e6800000| PB 0x00000006e6800000| Complete 
| 466|0x00000006e7000000, 0x00000006e7800000, 0x00000006e7800000|100%| E|CS|TAMS 0x00000006e7000000| PB 0x00000006e7000000| Complete 
| 467|0x00000006e7800000, 0x00000006e8000000, 0x00000006e8000000|100%| E|CS|TAMS 0x00000006e7800000| PB 0x00000006e7800000| Complete 
| 468|0x00000006e8000000, 0x00000006e8800000, 0x00000006e8800000|100%| E|CS|TAMS 0x00000006e8000000| PB 0x00000006e8000000| Complete 
| 469|0x00000006e8800000, 0x00000006e9000000, 0x00000006e9000000|100%| E|CS|TAMS 0x00000006e8800000| PB 0x00000006e8800000| Complete 
| 470|0x00000006e9000000, 0x00000006e9800000, 0x00000006e9800000|100%| E|CS|TAMS 0x00000006e9000000| PB 0x00000006e9000000| Complete 
| 471|0x00000006e9800000, 0x00000006ea000000, 0x00000006ea000000|100%| E|CS|TAMS 0x00000006e9800000| PB 0x00000006e9800000| Complete 
| 472|0x00000006ea000000, 0x00000006ea800000, 0x00000006ea800000|100%| E|CS|TAMS 0x00000006ea000000| PB 0x00000006ea000000| Complete 
| 473|0x00000006ea800000, 0x00000006eb000000, 0x00000006eb000000|100%| E|CS|TAMS 0x00000006ea800000| PB 0x00000006ea800000| Complete 
| 474|0x00000006eb000000, 0x00000006eb800000, 0x00000006eb800000|100%| E|CS|TAMS 0x00000006eb000000| PB 0x00000006eb000000| Complete 
| 475|0x00000006eb800000, 0x00000006ec000000, 0x00000006ec000000|100%| E|CS|TAMS 0x00000006eb800000| PB 0x00000006eb800000| Complete 
| 476|0x00000006ec000000, 0x00000006ec800000, 0x00000006ec800000|100%| E|CS|TAMS 0x00000006ec000000| PB 0x00000006ec000000| Complete 
| 477|0x00000006ec800000, 0x00000006ed000000, 0x00000006ed000000|100%| E|CS|TAMS 0x00000006ec800000| PB 0x00000006ec800000| Complete 
| 478|0x00000006ed000000, 0x00000006ed800000, 0x00000006ed800000|100%| E|CS|TAMS 0x00000006ed000000| PB 0x00000006ed000000| Complete 

Card table byte_map: [0x000001ddfdea0000,0x000001ddfeeb0000] _byte_map_base: 0x000001ddfaeb0000

Marking Bits: (CMBitMap*) 0x000001ddf88c4270
 Bits: [0x000001dd8f000000, 0x000001dd97080000)

Polling page: 0x000001ddf61b0000

Metaspace:

Usage:
  Non-class:    318.06 MB used.
      Class:     67.21 MB used.
       Both:    385.27 MB used.

Virtual space:
  Non-class space:      384.00 MB reserved,     320.25 MB ( 83%) committed,  6 nodes.
      Class space:        1.00 GB reserved,      69.19 MB (  7%) committed,  1 nodes.
             Both:        1.38 GB reserved,     389.44 MB ( 28%) committed. 

Chunk freelists:
   Non-Class:  15.78 MB
       Class:  10.82 MB
        Both:  26.60 MB

MaxMetaspaceSize: unlimited
CompressedClassSpaceSize: 1.00 GB
Initial GC threshold: 21.00 MB
Current GC threshold: 648.69 MB
CDS: off
 - commit_granule_bytes: 65536.
 - commit_granule_words: 8192.
 - virtual_space_node_default_size: 8388608.
 - enlarge_chunks_in_place: 1.
 - use_allocation_guard: 0.


Internal statistics:

num_allocs_failed_limit: 6.
num_arena_births: 8142.
num_arena_deaths: 480.
num_vsnodes_births: 7.
num_vsnodes_deaths: 0.
num_space_committed: 6223.
num_space_uncommitted: 0.
num_chunks_returned_to_freelist: 690.
num_chunks_taken_from_freelist: 28123.
num_chunk_merges: 306.
num_chunk_splits: 16520.
num_chunks_enlarged: 9970.
num_inconsistent_stats: 0.

CodeHeap 'non-profiled nmethods': size=119168Kb used=34759Kb max_used=39415Kb free=84408Kb
 bounds [0x000001dd87ba0000, 0x000001dd8a220000, 0x000001dd8f000000]
CodeHeap 'profiled nmethods': size=119104Kb used=15223Kb max_used=57453Kb free=103880Kb
 bounds [0x000001dd80000000, 0x000001dd83870000, 0x000001dd87450000]
CodeHeap 'non-nmethods': size=7488Kb used=6662Kb max_used=6735Kb free=825Kb
 bounds [0x000001dd87450000, 0x000001dd87b00000, 0x000001dd87ba0000]
 total_blobs=17891 nmethods=14545 adapters=3243
 compilation: enabled
              stopped_count=0, restarted_count=0
 full_count=0

Compilation events (20 events):
Event: 3627.878 Thread 0x000001ddf5169fd0 75240       3       net.minecraft.client.renderer.texture.MissingTextureAtlasSprite::getTexture (48 bytes)
Event: 3627.879 Thread 0x000001ddf5169fd0 nmethod 75240 0x000001dd80156990 code [0x000001dd80156ba0, 0x000001dd80157090]
Event: 3627.883 Thread 0x000001ddf54e07c0 75241 %     4       com.mojang.blaze3d.platform.GlStateManager::_deleteTexture @ 16 (53 bytes)
Event: 3627.884 Thread 0x000001ddf54e1560 75242       4       net.minecraft.server.packs.PathPackResources::close (1 bytes)
Event: 3627.884 Thread 0x000001ddb369d850 75243       3       net.minecraft.server.packs.resources.MultiPackResourceManager$$Lambda/0x0000000803791b30::accept (10 bytes)
Event: 3627.885 Thread 0x000001ddb369d850 nmethod 75243 0x000001dd80156410 code [0x000001dd801565c0, 0x000001dd801568a8]
Event: 3627.885 Thread 0x000001ddf54e1560 nmethod 75242 0x000001dd8a13a590 code [0x000001dd8a13a720, 0x000001dd8a13a7a8]
Event: 3627.886 Thread 0x000001ddf5169fd0 75244       3       org.apache.logging.slf4j.Log4jLogger::debug (19 bytes)
Event: 3627.886 Thread 0x000001ddf5169fd0 nmethod 75244 0x000001dd80155f10 code [0x000001dd801560c0, 0x000001dd801562f0]
Event: 3627.887 Thread 0x000001ddf5169fd0 75245       3       jdk.internal.misc.TerminatingThreadLocal::_threadTerminated (9 bytes)
Event: 3627.887 Thread 0x000001ddf5169fd0 nmethod 75245 0x000001dd80155810 code [0x000001dd801559e0, 0x000001dd80155db0]
Event: 3627.887 Thread 0x000001ddf54e07c0 nmethod 75241% 0x000001dd8a139f10 code [0x000001dd8a13a0c0, 0x000001dd8a13a390]
Event: 3627.888 Thread 0x000001ddf5169fd0 75246       3       jdk.internal.misc.Unsafe::compareAndSetBoolean (19 bytes)
Event: 3627.889 Thread 0x000001ddf5169fd0 nmethod 75246 0x000001dd80155290 code [0x000001dd80155460, 0x000001dd80155700]
Event: 3627.891 Thread 0x000001ddaf749ae0 nmethod 75214 0x000001dd89a01810 code [0x000001dd89a01bc0, 0x000001dd89a03eb8]
Event: 3628.009 Thread 0x000001dd992541e0 nmethod 75239 0x000001dd88c6a290 code [0x000001dd88c6aa00, 0x000001dd88c6e4c8]
Event: 3628.013 Thread 0x000001ddaf749410 nmethod 75226 0x000001dd89c29a90 code [0x000001dd89c2a120, 0x000001dd89c2e168]
Event: 3628.033 Thread 0x000001ddb369d850 75247       3       jdk.internal.loader.BuiltinClassLoader::loadClass (22 bytes)
Event: 3628.033 Thread 0x000001ddb369d850 nmethod 75247 0x000001dd80154d10 code [0x000001dd80154ee0, 0x000001dd80155198]
Event: 3628.120 Thread 0x000001ddaf749410 75248       4       java.lang.Integer::toUnsignedString0 (76 bytes)

GC Heap History (20 events):
Event: 3560.653 GC heap before
{Heap before GC invocations=899 (full 0):
 garbage-first heap   total 3923968K, used 3683902K [0x00000005fe000000, 0x0000000800000000)
  region size 8192K, 180 young (1474560K), 2 survivors (16384K)
 Metaspace       used 393966K, committed 398272K, reserved 1376256K
  class space    used 68684K, committed 70720K, reserved 1048576K
}
Event: 3560.657 GC heap after
{Heap after GC invocations=900 (full 0):
 garbage-first heap   total 3923968K, used 2233657K [0x00000005fe000000, 0x0000000800000000)
  region size 8192K, 2 young (16384K), 2 survivors (16384K)
 Metaspace       used 393966K, committed 398272K, reserved 1376256K
  class space    used 68684K, committed 70720K, reserved 1048576K
}
Event: 3567.055 GC heap before
{Heap before GC invocations=900 (full 0):
 garbage-first heap   total 3923968K, used 3691833K [0x00000005fe000000, 0x0000000800000000)
  region size 8192K, 180 young (1474560K), 2 survivors (16384K)
 Metaspace       used 393966K, committed 398272K, reserved 1376256K
  class space    used 68684K, committed 70720K, reserved 1048576K
}
Event: 3567.060 GC heap after
{Heap after GC invocations=901 (full 0):
 garbage-first heap   total 3923968K, used 2233783K [0x00000005fe000000, 0x0000000800000000)
  region size 8192K, 2 young (16384K), 2 survivors (16384K)
 Metaspace       used 393966K, committed 398272K, reserved 1376256K
  class space    used 68684K, committed 70720K, reserved 1048576K
}
Event: 3575.864 GC heap before
{Heap before GC invocations=902 (full 0):
 garbage-first heap   total 3923968K, used 3691959K [0x00000005fe000000, 0x0000000800000000)
  region size 8192K, 180 young (1474560K), 2 survivors (16384K)
 Metaspace       used 393966K, committed 398272K, reserved 1376256K
  class space    used 68684K, committed 70720K, reserved 1048576K
}
Event: 3575.868 GC heap after
{Heap after GC invocations=903 (full 0):
 garbage-first heap   total 3923968K, used 2233556K [0x00000005fe000000, 0x0000000800000000)
  region size 8192K, 2 young (16384K), 2 survivors (16384K)
 Metaspace       used 393966K, committed 398272K, reserved 1376256K
  class space    used 68684K, committed 70720K, reserved 1048576K
}
Event: 3584.255 GC heap before
{Heap before GC invocations=903 (full 0):
 garbage-first heap   total 3923968K, used 3691732K [0x00000005fe000000, 0x0000000800000000)
  region size 8192K, 180 young (1474560K), 2 survivors (16384K)
 Metaspace       used 393966K, committed 398272K, reserved 1376256K
  class space    used 68684K, committed 70720K, reserved 1048576K
}
Event: 3584.260 GC heap after
{Heap after GC invocations=904 (full 0):
 garbage-first heap   total 3923968K, used 2234258K [0x00000005fe000000, 0x0000000800000000)
  region size 8192K, 2 young (16384K), 2 survivors (16384K)
 Metaspace       used 393966K, committed 398272K, reserved 1376256K
  class space    used 68684K, committed 70720K, reserved 1048576K
}
Event: 3590.295 GC heap before
{Heap before GC invocations=905 (full 0):
 garbage-first heap   total 3923968K, used 3692434K [0x00000005fe000000, 0x0000000800000000)
  region size 8192K, 180 young (1474560K), 2 survivors (16384K)
 Metaspace       used 393966K, committed 398272K, reserved 1376256K
  class space    used 68684K, committed 70720K, reserved 1048576K
}
Event: 3590.299 GC heap after
{Heap after GC invocations=906 (full 0):
 garbage-first heap   total 3923968K, used 2233617K [0x00000005fe000000, 0x0000000800000000)
  region size 8192K, 2 young (16384K), 2 survivors (16384K)
 Metaspace       used 393966K, committed 398272K, reserved 1376256K
  class space    used 68684K, committed 70720K, reserved 1048576K
}
Event: 3597.345 GC heap before
{Heap before GC invocations=906 (full 0):
 garbage-first heap   total 3923968K, used 3691793K [0x00000005fe000000, 0x0000000800000000)
  region size 8192K, 180 young (1474560K), 2 survivors (16384K)
 Metaspace       used 394004K, committed 398272K, reserved 1376256K
  class space    used 68687K, committed 70720K, reserved 1048576K
}
Event: 3597.353 GC heap after
{Heap after GC invocations=907 (full 0):
 garbage-first heap   total 3923968K, used 2233000K [0x00000005fe000000, 0x0000000800000000)
  region size 8192K, 2 young (16384K), 2 survivors (16384K)
 Metaspace       used 394004K, committed 398272K, reserved 1376256K
  class space    used 68687K, committed 70720K, reserved 1048576K
}
Event: 3604.684 GC heap before
{Heap before GC invocations=907 (full 0):
 garbage-first heap   total 3923968K, used 3691176K [0x00000005fe000000, 0x0000000800000000)
  region size 8192K, 180 young (1474560K), 2 survivors (16384K)
 Metaspace       used 394037K, committed 398336K, reserved 1376256K
  class space    used 68692K, committed 70720K, reserved 1048576K
}
Event: 3604.688 GC heap after
{Heap after GC invocations=908 (full 0):
 garbage-first heap   total 3923968K, used 2233536K [0x00000005fe000000, 0x0000000800000000)
  region size 8192K, 2 young (16384K), 2 survivors (16384K)
 Metaspace       used 394037K, committed 398336K, reserved 1376256K
  class space    used 68692K, committed 70720K, reserved 1048576K
}
Event: 3612.846 GC heap before
{Heap before GC invocations=909 (full 0):
 garbage-first heap   total 3923968K, used 3691712K [0x00000005fe000000, 0x0000000800000000)
  region size 8192K, 180 young (1474560K), 2 survivors (16384K)
 Metaspace       used 394113K, committed 398464K, reserved 1376256K
  class space    used 68715K, committed 70784K, reserved 1048576K
}
Event: 3612.851 GC heap after
{Heap after GC invocations=910 (full 0):
 garbage-first heap   total 3923968K, used 2233622K [0x00000005fe000000, 0x0000000800000000)
  region size 8192K, 2 young (16384K), 2 survivors (16384K)
 Metaspace       used 394113K, committed 398464K, reserved 1376256K
  class space    used 68715K, committed 70784K, reserved 1048576K
}
Event: 3619.973 GC heap before
{Heap before GC invocations=910 (full 0):
 garbage-first heap   total 3923968K, used 3683606K [0x00000005fe000000, 0x0000000800000000)
  region size 8192K, 180 young (1474560K), 2 survivors (16384K)
 Metaspace       used 394235K, committed 398528K, reserved 1441792K
  class space    used 68742K, committed 70784K, reserved 1048576K
}
Event: 3619.982 GC heap after
{Heap after GC invocations=911 (full 0):
 garbage-first heap   total 3923968K, used 2232607K [0x00000005fe000000, 0x0000000800000000)
  region size 8192K, 2 young (16384K), 2 survivors (16384K)
 Metaspace       used 394235K, committed 398528K, reserved 1441792K
  class space    used 68742K, committed 70784K, reserved 1048576K
}
Event: 3624.780 GC heap before
{Heap before GC invocations=911 (full 0):
 garbage-first heap   total 3923968K, used 3461407K [0x00000005fe000000, 0x0000000800000000)
  region size 8192K, 153 young (1253376K), 2 survivors (16384K)
 Metaspace       used 394250K, committed 398528K, reserved 1441792K
  class space    used 68744K, committed 70784K, reserved 1048576K
}
Event: 3625.451 GC heap after
{Heap after GC invocations=912 (full 1):
 garbage-first heap   total 3923968K, used 2125597K [0x00000005fe000000, 0x0000000800000000)
  region size 8192K, 0 young (0K), 0 survivors (0K)
 Metaspace       used 394250K, committed 398528K, reserved 1441792K
  class space    used 68744K, committed 70784K, reserved 1048576K
}

Dll operation events (20 events):
Event: 4.706 Loaded shared library C:\Games\Minecraft\Install\versions\neoforge-21.1.216\neoforge-21.1.216-natives-48291342766300\lwjgl_stb.dll
Event: 14.045 Loaded shared library C:\Games\Minecraft\Install\versions\neoforge-21.1.216\neoforge-21.1.216-natives-48291342766300\jna11561827602338187147.dll
Event: 14.066 Loaded shared library C:\Users\Max\AppData\Local\Temp\discord-rpc\discord-rpc.dll
Event: 14.270 Loaded shared library C:\Games\Minecraft\Install\runtime\java-runtime-delta\windows-x64\java-runtime-delta\bin\sunmscapi.dll
Event: 14.311 Loaded shared library C:\Games\Minecraft\Install\runtime\java-runtime-delta\windows-x64\java-runtime-delta\bin\extnet.dll
Event: 17.358 Loaded shared library C:\Games\Minecraft\Install\versions\neoforge-21.1.216\neoforge-21.1.216-natives-48291342766300\jna327202230595280144.dll
Event: 28.394 Loaded shared library C:\Games\Minecraft\Install\runtime\java-runtime-delta\windows-x64\java-runtime-delta\bin\awt.dll
Event: 68.377 Loaded shared library C:\Games\Minecraft\Instances\Stonebound Eternal\mods\mcef-libraries\windows_amd64\d3dcompiler_47.dll
Event: 68.380 Loaded shared library C:\Games\Minecraft\Instances\Stonebound Eternal\mods\mcef-libraries\windows_amd64\libGLESv2.dll
Event: 68.381 Loaded shared library C:\Games\Minecraft\Instances\Stonebound Eternal\mods\mcef-libraries\windows_amd64\libEGL.dll
Event: 68.385 Loaded shared library C:\Games\Minecraft\Instances\Stonebound Eternal\mods\mcef-libraries\windows_amd64\chrome_elf.dll
Event: 68.402 Loaded shared library C:\Games\Minecraft\Instances\Stonebound Eternal\mods\mcef-libraries\windows_amd64\libcef.dll
Event: 68.405 Loaded shared library C:\Games\Minecraft\Instances\Stonebound Eternal\mods\mcef-libraries\windows_amd64\jcef.dll
Event: 72.059 Loaded shared library C:\Users\Max\AppData\Local\Temp\libopus4j-9783d0e001158567d1e08f6bb3b2c5b5\libopus4j.dll
Event: 72.096 Loaded shared library C:\Users\Max\AppData\Local\Temp\librnnoise4j-40cc1fdd40ca1100a850ddee14466799\librnnoise4j.dll
Event: 72.126 Loaded shared library C:\Users\Max\AppData\Local\Temp\libspeex4j-e39751f08962f3611e66c90baf107894\libspeex4j.dll
Event: 72.146 Loaded shared library C:\Users\Max\AppData\Local\Temp\liblame4j-290c3436fe9f7c2b8e165ddcb5ad66ce\liblame4j.dll
Event: 72.345 Loaded shared library C:\Users\Max\AppData\Local\Temp\sqlite-3.47.2.0-e132f7b0-7939-49c9-83f8-2cda8d5ade61-sqlitejdbc.dll
Event: 75.055 Loaded shared library C:\Games\Minecraft\Install\runtime\java-runtime-delta\windows-x64\java-runtime-delta\bin\jsound.dll
Event: 190.867 Loaded shared library C:\Users\Max\AppData\Local\Temp\libzstd-jni-1.5.7-610090834999566447748.dll

Deoptimization events (20 events):
Event: 3627.859 Thread 0x000001ddf883abb0 Uncommon trap: trap_request=0xffffffde fr.pc=0x000001dd881f6920 relative=0x00000000000022e0
Event: 3627.859 Thread 0x000001ddf883abb0 Uncommon trap: reason=class_check action=maybe_recompile pc=0x000001dd881f6920 method=java.util.concurrent.CompletableFuture.uniAcceptNow(Ljava/lang/Object;Ljava/util/concurrent/Executor;Ljava/util/function/Consumer;)Ljava/util/concurrent/CompletableFutur
Event: 3627.859 Thread 0x000001ddf883abb0 DEOPT PACKING pc=0x000001dd881f6920 sp=0x0000007c11afe0d0
Event: 3627.860 Thread 0x000001ddf883abb0 DEOPT UNPACKING pc=0x000001dd874a46a2 sp=0x0000007c11afe058 mode 2
Event: 3627.860 Thread 0x000001ddf883abb0 Uncommon trap: trap_request=0xffffffde fr.pc=0x000001dd881f6920 relative=0x00000000000022e0
Event: 3627.860 Thread 0x000001ddf883abb0 Uncommon trap: reason=class_check action=maybe_recompile pc=0x000001dd881f6920 method=java.util.concurrent.CompletableFuture.uniAcceptNow(Ljava/lang/Object;Ljava/util/concurrent/Executor;Ljava/util/function/Consumer;)Ljava/util/concurrent/CompletableFutur
Event: 3627.860 Thread 0x000001ddf883abb0 DEOPT PACKING pc=0x000001dd881f6920 sp=0x0000007c11afe0d0
Event: 3627.860 Thread 0x000001ddf883abb0 DEOPT UNPACKING pc=0x000001dd874a46a2 sp=0x0000007c11afe058 mode 2
Event: 3627.860 Thread 0x000001ddf883abb0 Uncommon trap: trap_request=0xffffffde fr.pc=0x000001dd881f6920 relative=0x00000000000022e0
Event: 3627.860 Thread 0x000001ddf883abb0 Uncommon trap: reason=class_check action=maybe_recompile pc=0x000001dd881f6920 method=java.util.concurrent.CompletableFuture.uniAcceptNow(Ljava/lang/Object;Ljava/util/concurrent/Executor;Ljava/util/function/Consumer;)Ljava/util/concurrent/CompletableFutur
Event: 3627.860 Thread 0x000001ddf883abb0 DEOPT PACKING pc=0x000001dd881f6920 sp=0x0000007c11afe0d0
Event: 3627.860 Thread 0x000001ddf883abb0 DEOPT UNPACKING pc=0x000001dd874a46a2 sp=0x0000007c11afe058 mode 2
Event: 3627.886 Thread 0x000001ddf883abb0 Uncommon trap: trap_request=0xffffff45 fr.pc=0x000001dd897c783c relative=0x000000000000029c
Event: 3627.886 Thread 0x000001ddf883abb0 Uncommon trap: reason=unstable_if action=reinterpret pc=0x000001dd897c783c method=java.util.concurrent.ForkJoinPool.hasTasks(Z)Z @ 1 c2
Event: 3627.886 Thread 0x000001ddf883abb0 DEOPT PACKING pc=0x000001dd897c783c sp=0x0000007c11afe1b0
Event: 3627.886 Thread 0x000001ddf883abb0 DEOPT UNPACKING pc=0x000001dd874a46a2 sp=0x0000007c11afe110 mode 2
Event: 3627.886 Thread 0x000001dda0d2e180 Uncommon trap: trap_request=0xffffff45 fr.pc=0x000001dd87c60b24 relative=0x0000000000000684
Event: 3627.886 Thread 0x000001dda0d2e180 Uncommon trap: reason=unstable_if action=reinterpret pc=0x000001dd87c60b24 method=java.util.concurrent.ForkJoinPool.awaitWork(Ljava/util/concurrent/ForkJoinPool$WorkQueue;)I @ 23 c2
Event: 3627.886 Thread 0x000001dda0d2e180 DEOPT PACKING pc=0x000001dd87c60b24 sp=0x0000007c193ff550
Event: 3627.886 Thread 0x000001dda0d2e180 DEOPT UNPACKING pc=0x000001dd874a46a2 sp=0x0000007c193ff4d0 mode 2

Classes loaded (20 events):
Event: 342.939 Loading class java/util/stream/LongPipeline$9$1
Event: 342.939 Loading class java/util/stream/LongPipeline$9$1 done
Event: 3625.536 Loading class java/util/WeakHashMap$EntrySet
Event: 3625.536 Loading class java/util/WeakHashMap$EntrySet done
Event: 3625.536 Loading class java/util/WeakHashMap$EntryIterator
Event: 3625.536 Loading class java/util/WeakHashMap$EntryIterator done
Event: 3625.539 Loading class java/util/concurrent/ConcurrentLinkedDeque$Itr
Event: 3625.539 Loading class java/util/concurrent/ConcurrentLinkedDeque$AbstractItr
Event: 3625.539 Loading class java/util/concurrent/ConcurrentLinkedDeque$AbstractItr done
Event: 3625.539 Loading class java/util/concurrent/ConcurrentLinkedDeque$Itr done
Event: 3625.558 Loading class java/nio/channels/AsynchronousCloseException
Event: 3625.558 Loading class java/nio/channels/AsynchronousCloseException done
Event: 3625.558 Loading class java/nio/channels/ClosedByInterruptException
Event: 3625.558 Loading class java/nio/channels/ClosedByInterruptException done
Event: 3628.029 Loading class java/lang/ProcessImpl$2
Event: 3628.029 Loading class java/lang/ProcessImpl$2 done
Event: 3628.029 Loading class java/lang/Process$PipeInputStream
Event: 3628.029 Loading class java/lang/Process$PipeInputStream done
Event: 3628.033 Loading class jdk/internal/event/ProcessStartEvent
Event: 3628.033 Loading class jdk/internal/event/ProcessStartEvent done

Classes unloaded (20 events):
Event: 31.778 Thread 0x000001dd991d9910 Unloading class 0x000000080121d000 'java/lang/invoke/LambdaForm$MH+0x000000080121d000'
Event: 71.720 Thread 0x000001dd991d9910 Unloading class 0x0000000803969800 'java/lang/invoke/LambdaForm$MH+0x0000000803969800'
Event: 71.720 Thread 0x000001dd991d9910 Unloading class 0x0000000803969000 'java/lang/invoke/LambdaForm$DMH+0x0000000803969000'
Event: 71.720 Thread 0x000001dd991d9910 Unloading class 0x0000000803968800 'java/lang/invoke/LambdaForm$DMH+0x0000000803968800'
Event: 71.720 Thread 0x000001dd991d9910 Unloading class 0x0000000803941000 'java/lang/invoke/LambdaForm$DMH+0x0000000803941000'
Event: 71.720 Thread 0x000001dd991d9910 Unloading class 0x0000000803940c00 'java/lang/invoke/LambdaForm$DMH+0x0000000803940c00'
Event: 71.720 Thread 0x000001dd991d9910 Unloading class 0x0000000803940800 'java/lang/invoke/LambdaForm$DMH+0x0000000803940800'
Event: 71.720 Thread 0x000001dd991d9910 Unloading class 0x0000000803940000 'java/lang/invoke/LambdaForm$DMH+0x0000000803940000'
Event: 71.720 Thread 0x000001dd991d9910 Unloading class 0x0000000803903400 'java/lang/invoke/LambdaForm$MH+0x0000000803903400'
Event: 71.720 Thread 0x000001dd991d9910 Unloading class 0x0000000803903000 'java/lang/invoke/LambdaForm$MH+0x0000000803903000'
Event: 71.720 Thread 0x000001dd991d9910 Unloading class 0x0000000803902800 'java/lang/invoke/LambdaForm$MH+0x0000000803902800'
Event: 71.720 Thread 0x000001dd991d9910 Unloading class 0x0000000803902400 'java/lang/invoke/LambdaForm$MH+0x0000000803902400'
Event: 71.720 Thread 0x000001dd991d9910 Unloading class 0x0000000803902000 'java/lang/invoke/LambdaForm$MH+0x0000000803902000'
Event: 71.720 Thread 0x000001dd991d9910 Unloading class 0x0000000803901800 'java/lang/invoke/LambdaForm$MH+0x0000000803901800'
Event: 71.720 Thread 0x000001dd991d9910 Unloading class 0x0000000803901000 'java/lang/invoke/LambdaForm$MH+0x0000000803901000'
Event: 71.720 Thread 0x000001dd991d9910 Unloading class 0x0000000803900800 'java/lang/invoke/LambdaForm$BMH+0x0000000803900800'
Event: 71.720 Thread 0x000001dd991d9910 Unloading class 0x0000000803900000 'java/lang/invoke/LambdaForm$DMH+0x0000000803900000'
Event: 262.438 Thread 0x000001dd991d9910 Unloading class 0x00000008043a9400 'java/lang/invoke/LambdaForm$MH+0x00000008043a9400'
Event: 262.438 Thread 0x000001dd991d9910 Unloading class 0x00000008043a9000 'java/lang/invoke/LambdaForm$MH+0x00000008043a9000'
Event: 262.438 Thread 0x000001dd991d9910 Unloading class 0x00000008043a8800 'java/lang/invoke/LambdaForm$DMH+0x00000008043a8800'

Classes redefined (0 events):
No events

Internal exceptions (20 events):
Event: 3625.821 Thread 0x000001ddf883abb0 Exception <a 'sun/nio/fs/WindowsException'{0x00000006ead7b890}> (0x00000006ead7b890) 
thrown [s\src\hotspot\share\prims\jni.cpp, line 520]
Event: 3625.821 Thread 0x000001ddf883abb0 Exception <a 'sun/nio/fs/WindowsException'{0x00000006ead7c7b8}> (0x00000006ead7c7b8) 
thrown [s\src\hotspot\share\prims\jni.cpp, line 520]
Event: 3625.821 Thread 0x000001ddf883abb0 Exception <a 'sun/nio/fs/WindowsException'{0x00000006ead7d6c8}> (0x00000006ead7d6c8) 
thrown [s\src\hotspot\share\prims\jni.cpp, line 520]
Event: 3625.821 Thread 0x000001ddf883abb0 Exception <a 'sun/nio/fs/WindowsException'{0x00000006ead91978}> (0x00000006ead91978) 
thrown [s\src\hotspot\share\prims\jni.cpp, line 520]
Event: 3625.821 Thread 0x000001ddf883abb0 Exception <a 'sun/nio/fs/WindowsException'{0x00000006ead92880}> (0x00000006ead92880) 
thrown [s\src\hotspot\share\prims\jni.cpp, line 520]
Event: 3625.821 Thread 0x000001ddf883abb0 Exception <a 'sun/nio/fs/WindowsException'{0x00000006ead93768}> (0x00000006ead93768) 
thrown [s\src\hotspot\share\prims\jni.cpp, line 520]
Event: 3625.827 Thread 0x000001ddf883abb0 Implicit null exception at 0x000001dd87ecfe06 to 0x000001dd87ed2244
Event: 3625.851 Thread 0x000001dda0891760 Implicit null exception at 0x000001dd8813e6c0 to 0x000001dd8813e768
Event: 3625.851 Thread 0x000001dda0891760 Implicit null exception at 0x000001dd8862c92c to 0x000001dd8862dad8
Event: 3625.855 Thread 0x000001ddb50748d0 Implicit null exception at 0x000001dd892aa674 to 0x000001dd892aaf80
Event: 3625.898 Thread 0x000001dda0891760 Implicit null exception at 0x000001dd89e55655 to 0x000001dd89e58254
Event: 3627.837 Thread 0x000001ddf883abb0 Exception <a 'sun/nio/fs/WindowsException'{0x00000006e23912f8}> (0x00000006e23912f8) 
thrown [s\src\hotspot\share\prims\jni.cpp, line 520]
Event: 3627.837 Thread 0x000001ddf883abb0 Exception <a 'sun/nio/fs/WindowsException'{0x00000006e2392220}> (0x00000006e2392220) 
thrown [s\src\hotspot\share\prims\jni.cpp, line 520]
Event: 3627.837 Thread 0x000001ddf883abb0 Exception <a 'sun/nio/fs/WindowsException'{0x00000006e2393130}> (0x00000006e2393130) 
thrown [s\src\hotspot\share\prims\jni.cpp, line 520]
Event: 3627.837 Thread 0x000001ddf883abb0 Exception <a 'sun/nio/fs/WindowsException'{0x00000006e23b52f8}> (0x00000006e23b52f8) 
thrown [s\src\hotspot\share\prims\jni.cpp, line 520]
Event: 3627.837 Thread 0x000001ddf883abb0 Exception <a 'sun/nio/fs/WindowsException'{0x00000006e23b6220}> (0x00000006e23b6220) 
thrown [s\src\hotspot\share\prims\jni.cpp, line 520]
Event: 3627.837 Thread 0x000001ddf883abb0 Exception <a 'sun/nio/fs/WindowsException'{0x00000006e23b7130}> (0x00000006e23b7130) 
thrown [s\src\hotspot\share\prims\jni.cpp, line 520]
Event: 3627.838 Thread 0x000001ddf883abb0 Exception <a 'sun/nio/fs/WindowsException'{0x00000006e23cb130}> (0x00000006e23cb130) 
thrown [s\src\hotspot\share\prims\jni.cpp, line 520]
Event: 3627.838 Thread 0x000001ddf883abb0 Exception <a 'sun/nio/fs/WindowsException'{0x00000006e23cc038}> (0x00000006e23cc038) 
thrown [s\src\hotspot\share\prims\jni.cpp, line 520]
Event: 3627.838 Thread 0x000001ddf883abb0 Exception <a 'sun/nio/fs/WindowsException'{0x00000006e23ccf20}> (0x00000006e23ccf20) 
thrown [s\src\hotspot\share\prims\jni.cpp, line 520]

ZGC Phase Switch (0 events):
No events

VM Operations (20 events):
Event: 3619.929 Executing VM operation: Cleanup
Event: 3619.929 Executing VM operation: Cleanup done
Event: 3619.973 Executing VM operation: G1CollectForAllocation (G1 Evacuation Pause)
Event: 3619.982 Executing VM operation: G1CollectForAllocation (G1 Evacuation Pause) done
Event: 3621.982 Executing VM operation: Cleanup
Event: 3621.982 Executing VM operation: Cleanup done
Event: 3623.982 Executing VM operation: Cleanup
Event: 3623.982 Executing VM operation: Cleanup done
Event: 3624.780 Executing VM operation: G1CollectFull (System.gc())
Event: 3625.451 Executing VM operation: G1CollectFull (System.gc()) done
Event: 3625.535 Executing VM operation: HandshakeAllThreads (Deoptimize)
Event: 3625.536 Executing VM operation: HandshakeAllThreads (Deoptimize) done
Event: 3625.537 Executing VM operation: HandshakeAllThreads (Deoptimize)
Event: 3625.537 Executing VM operation: HandshakeAllThreads (Deoptimize) done
Event: 3626.296 Executing VM operation: ICBufferFull
Event: 3626.296 Executing VM operation: ICBufferFull done
Event: 3627.885 Executing VM operation: ICBufferFull
Event: 3627.886 Executing VM operation: ICBufferFull done
Event: 3628.032 Executing VM operation: HandshakeAllThreads (Deoptimize)
Event: 3628.032 Executing VM operation: HandshakeAllThreads (Deoptimize) done

Memory protections (0 events):
No events

Nmethod flushes (20 events):
Event: 3625.125 Thread 0x000001dd991d9910 flushing  nmethod 0x000001dd80994d90
Event: 3625.125 Thread 0x000001dd991d9910 flushing  nmethod 0x000001dd80b45d90
Event: 3625.125 Thread 0x000001dd991d9910 flushing  nmethod 0x000001dd80a71310
Event: 3625.125 Thread 0x000001dd991d9910 flushing  nmethod 0x000001dd80c32510
Event: 3625.125 Thread 0x000001dd991d9910 flushing  nmethod 0x000001dd827f1b10
Event: 3625.125 Thread 0x000001dd991d9910 flushing  nmethod 0x000001dd80e2c310
Event: 3625.125 Thread 0x000001dd991d9910 flushing  nmethod 0x000001dd80e2ce10
Event: 3625.125 Thread 0x000001dd991d9910 flushing  nmethod 0x000001dd80e2da10
Event: 3625.125 Thread 0x000001dd991d9910 flushing  nmethod 0x000001dd80665490
Event: 3625.125 Thread 0x000001dd991d9910 flushing  nmethod 0x000001dd810e7e10
Event: 3625.125 Thread 0x000001dd991d9910 flushing  nmethod 0x000001dd891ae890
Event: 3625.125 Thread 0x000001dd991d9910 flushing  nmethod 0x000001dd81d0e310
Event: 3625.125 Thread 0x000001dd991d9910 flushing  nmethod 0x000001dd805ff110
Event: 3625.125 Thread 0x000001dd991d9910 flushing  nmethod 0x000001dd80a7a990
Event: 3625.125 Thread 0x000001dd991d9910 flushing  nmethod 0x000001dd8273b110
Event: 3625.125 Thread 0x000001dd991d9910 flushing  nmethod 0x000001dd87dd4d90
Event: 3625.125 Thread 0x000001dd991d9910 flushing  nmethod 0x000001dd8890a090
Event: 3625.125 Thread 0x000001dd991d9910 flushing  nmethod 0x000001dd80716a90
Event: 3625.125 Thread 0x000001dd991d9910 flushing  nmethod 0x000001dd828f1d10
Event: 3625.125 Thread 0x000001dd991d9910 flushing  nmethod 0x000001dd828f2290

Events (20 events):
Event: 3627.887 Thread 0x000001ddbafbf860 Thread exited: 0x000001ddbafbf860
Event: 3627.887 Thread 0x000001dda1956f00 Thread exited: 0x000001dda1956f00
Event: 3627.887 Thread 0x000001ddbafc0580 Thread exited: 0x000001ddbafc0580
Event: 3627.887 Thread 0x000001ddb3a48960 Thread exited: 0x000001ddb3a48960
Event: 3627.887 Thread 0x000001ddbafc0c10 Thread exited: 0x000001ddbafc0c10
Event: 3627.887 Thread 0x000001ddb4913090 Thread exited: 0x000001ddb4913090
Event: 3627.887 Thread 0x000001ddbafbeb40 Thread exited: 0x000001ddbafbeb40
Event: 3627.888 Thread 0x000001ddb3a4b750 Thread exited: 0x000001ddb3a4b750
Event: 3627.888 Thread 0x000001ddb3a49d10 Thread exited: 0x000001ddb3a49d10
Event: 3627.888 Thread 0x000001ddbafbc3e0 Thread exited: 0x000001ddbafbc3e0
Event: 3627.888 Thread 0x000001ddb1a047e0 Thread exited: 0x000001ddb1a047e0
Event: 3627.888 Thread 0x000001ddb490b080 Thread exited: 0x000001ddb490b080
Event: 3627.888 Thread 0x000001ddb3a48ff0 Thread exited: 0x000001ddb3a48ff0
Event: 3627.888 Thread 0x000001ddc201f6e0 Thread exited: 0x000001ddc201f6e0
Event: 3627.888 Thread 0x000001ddc0fbb540 Thread exited: 0x000001ddc0fbb540
Event: 3627.888 Thread 0x000001dda0892480 Thread exited: 0x000001dda0892480
Event: 3627.889 Thread 0x000001dd9f854150 Thread exited: 0x000001dd9f854150
Event: 3628.033 Thread 0x000001ddf54e07c0 Thread exited: 0x000001ddf54e07c0
Event: 3628.120 Thread 0x000001ddf54e1560 Thread exited: 0x000001ddf54e1560
Event: 3628.120 Thread 0x000001ddaf749ae0 Thread exited: 0x000001ddaf749ae0


Dynamic libraries:
0x00007ff779d90000 - 0x00007ff779da5000 	C:\Games\Minecraft\Install\runtime\minecraft-java-exe\windows-x64\minecraft-java-exe\MinecraftJava.exe
0x00007fffdf0f0000 - 0x00007fffdf2e7000 	C:\Windows\SYSTEM32\ntdll.dll
0x00007fffdd4f0000 - 0x00007fffdd5ad000 	C:\Windows\System32\KERNEL32.DLL
0x00007fffdcb70000 - 0x00007fffdce66000 	C:\Windows\System32\KERNELBASE.dll
0x00007fffdea90000 - 0x00007fffdec2e000 	C:\Windows\System32\USER32.dll
0x00007fffdcfc0000 - 0x00007fffdcfe2000 	C:\Windows\System32\win32u.dll
0x00007fffdd2e0000 - 0x00007fffdd30c000 	C:\Windows\System32\GDI32.dll
0x00007fffdc9b0000 - 0x00007fffdcaca000 	C:\Windows\System32\gdi32full.dll
0x00007fffdc910000 - 0x00007fffdc9ad000 	C:\Windows\System32\msvcp_win.dll
0x00007fffdce70000 - 0x00007fffdcf70000 	C:\Windows\System32\ucrtbase.dll
0x00007fffc0160000 - 0x00007fffc01e9000 	C:\Windows\SYSTEM32\MSVCP140.dll
0x00007fffc00d0000 - 0x00007fffc00ee000 	C:\Windows\SYSTEM32\VCRUNTIME140.dll
0x00007fffc00f0000 - 0x00007fffc00fc000 	C:\Windows\SYSTEM32\VCRUNTIME140_1.dll
0x00007fffdd890000 - 0x00007fffdd8c0000 	C:\Windows\System32\IMM32.DLL
0x00007fffb95d0000 - 0x00007fffb95e8000 	C:\Games\Minecraft\Install\runtime\java-runtime-delta\windows-x64\java-runtime-delta\bin\jli.dll
0x00007fffc24d0000 - 0x00007fffc2580000 	C:\Windows\WinSxS\amd64_microsoft.windows.common-controls_6595b64144ccf1df_5.82.19041.3570_none_793094a72440f60b\COMCTL32.dll
0x00007fffde040000 - 0x00007fffde0ee000 	C:\Windows\System32\ADVAPI32.dll
0x00007fffdd7f0000 - 0x00007fffdd88e000 	C:\Windows\System32\msvcrt.dll
0x00007fffdec90000 - 0x00007fffded2c000 	C:\Windows\System32\sechost.dll
0x00007fffdde20000 - 0x00007fffddf46000 	C:\Windows\System32\RPCRT4.dll
0x00007fffb95b0000 - 0x00007fffb95cd000 	C:\Games\Minecraft\Install\runtime\java-runtime-delta\windows-x64\java-runtime-delta\bin\vcruntime140.dll
0x00007fffbd960000 - 0x00007fffbd96c000 	C:\Games\Minecraft\Install\runtime\java-runtime-delta\windows-x64\java-runtime-delta\bin\vcruntime140_1.dll
0x00007fff47e20000 - 0x00007fff47ead000 	C:\Games\Minecraft\Install\runtime\java-runtime-delta\windows-x64\java-runtime-delta\bin\msvcp140.dll
0x00007fff1e270000 - 0x00007fff1f008000 	C:\Games\Minecraft\Install\runtime\java-runtime-delta\windows-x64\java-runtime-delta\bin\server\jvm.dll
0x00007fffdea20000 - 0x00007fffdea8b000 	C:\Windows\System32\WS2_32.dll
0x00007fffdbca0000 - 0x00007fffdbceb000 	C:\Windows\SYSTEM32\POWRPROF.dll
0x00007fffcc770000 - 0x00007fffcc797000 	C:\Windows\SYSTEM32\WINMM.dll
0x00007fffd39a0000 - 0x00007fffd39aa000 	C:\Windows\SYSTEM32\VERSION.dll
0x00007fffdbb60000 - 0x00007fffdbb72000 	C:\Windows\SYSTEM32\UMPDC.dll
0x00007fffda600000 - 0x00007fffda612000 	C:\Windows\SYSTEM32\kernel.appcore.dll
0x00007fffb95a0000 - 0x00007fffb95aa000 	C:\Games\Minecraft\Install\runtime\java-runtime-delta\windows-x64\java-runtime-delta\bin\jimage.dll
0x00007fffc57d0000 - 0x00007fffc59b4000 	C:\Windows\SYSTEM32\DBGHELP.DLL
0x00007fffbdb00000 - 0x00007fffbdb34000 	C:\Windows\SYSTEM32\dbgcore.DLL
0x00007fffdc880000 - 0x00007fffdc902000 	C:\Windows\System32\bcryptPrimitives.dll
0x00007fffb9590000 - 0x00007fffb959f000 	C:\Games\Minecraft\Install\runtime\java-runtime-delta\windows-x64\java-runtime-delta\bin\instrument.dll
0x00007fffb4740000 - 0x00007fffb4760000 	C:\Games\Minecraft\Install\runtime\java-runtime-delta\windows-x64\java-runtime-delta\bin\java.dll
0x00007fffb2f20000 - 0x00007fffb2f38000 	C:\Games\Minecraft\Install\runtime\java-runtime-delta\windows-x64\java-runtime-delta\bin\zip.dll
0x00007fffde1b0000 - 0x00007fffde8f4000 	C:\Windows\System32\SHELL32.dll
0x00007fffda800000 - 0x00007fffdaf9b000 	C:\Windows\SYSTEM32\windows.storage.dll
0x00007fffded50000 - 0x00007fffdf0a4000 	C:\Windows\System32\combase.dll
0x00007fffdc180000 - 0x00007fffdc1ad000 	C:\Windows\SYSTEM32\Wldp.dll
0x000001dd995a0000 - 0x000001dd9964d000 	C:\Windows\System32\SHCORE.dll
0x00007fffde150000 - 0x00007fffde1a5000 	C:\Windows\System32\shlwapi.dll
0x00007fffdc700000 - 0x00007fffdc725000 	C:\Windows\SYSTEM32\profapi.dll
0x00007fff3c540000 - 0x00007fff3c616000 	C:\Games\Minecraft\Install\runtime\java-runtime-delta\windows-x64\java-runtime-delta\bin\jsvml.dll
0x00007fffb9580000 - 0x00007fffb9590000 	C:\Games\Minecraft\Install\runtime\java-runtime-delta\windows-x64\java-runtime-delta\bin\net.dll
0x00007fffd2460000 - 0x00007fffd256a000 	C:\Windows\SYSTEM32\WINHTTP.dll
0x00007fffdbee0000 - 0x00007fffdbf4a000 	C:\Windows\system32\mswsock.dll
0x00007fffb2f00000 - 0x00007fffb2f16000 	C:\Games\Minecraft\Install\runtime\java-runtime-delta\windows-x64\java-runtime-delta\bin\nio.dll
0x00007fffb9550000 - 0x00007fffb955a000 	C:\Games\Minecraft\Install\runtime\java-runtime-delta\windows-x64\java-runtime-delta\bin\management.dll
0x00007fffb88c0000 - 0x00007fffb88cb000 	C:\Games\Minecraft\Install\runtime\java-runtime-delta\windows-x64\java-runtime-delta\bin\management_ext.dll
0x00007fffddf50000 - 0x00007fffddf58000 	C:\Windows\System32\PSAPI.DLL
0x00007fffc2b10000 - 0x00007fffc2b27000 	C:\Windows\system32\napinsp.dll
0x00007fffc2410000 - 0x00007fffc242b000 	C:\Windows\system32\pnrpnsp.dll
0x00007fffc22c0000 - 0x00007fffc22d5000 	C:\Windows\system32\wshbth.dll
0x00007fffd81b0000 - 0x00007fffd81cd000 	C:\Windows\system32\NLAapi.dll
0x00007fffdbb80000 - 0x00007fffdbbbb000 	C:\Windows\SYSTEM32\IPHLPAPI.DLL
0x00007fffdbbc0000 - 0x00007fffdbc8a000 	C:\Windows\SYSTEM32\DNSAPI.dll
0x00007fffdd220000 - 0x00007fffdd228000 	C:\Windows\System32\NSI.dll
0x00007fffc1cf0000 - 0x00007fffc1d02000 	C:\Windows\System32\winrnr.dll
0x00007fffd09b0000 - 0x00007fffd09ba000 	C:\Windows\System32\rasadhlp.dll
0x00007fffd0860000 - 0x00007fffd08e2000 	C:\Windows\System32\fwpuclnt.dll
0x00007fffdcad0000 - 0x00007fffdcaf7000 	C:\Windows\System32\bcrypt.dll
0x00007fffb8870000 - 0x00007fffb8880000 	C:\Games\Minecraft\Install\runtime\java-runtime-delta\windows-x64\java-runtime-delta\bin\verify.dll
0x00007fffdc0e0000 - 0x00007fffdc0f8000 	C:\Windows\SYSTEM32\CRYPTSP.dll
0x00007fffdb780000 - 0x00007fffdb7b4000 	C:\Windows\system32\rsaenh.dll
0x00007fffdc680000 - 0x00007fffdc6ae000 	C:\Windows\SYSTEM32\USERENV.dll
0x00007fffdc0d0000 - 0x00007fffdc0dc000 	C:\Windows\SYSTEM32\CRYPTBASE.dll
0x00007fff3c4c0000 - 0x00007fff3c53b000 	C:\Games\Minecraft\Install\versions\neoforge-21.1.216\neoforge-21.1.216-natives-48291342766300\lwjgl.dll
0x00007fff35a30000 - 0x00007fff35ca0000 	C:\Games\Minecraft\Install\versions\neoforge-21.1.216\neoforge-21.1.216-natives-48291342766300\jemalloc.dll
0x00007fff3c430000 - 0x00007fff3c4b2000 	C:\Games\Minecraft\Install\versions\neoforge-21.1.216\neoforge-21.1.216-natives-48291342766300\glfw.dll
0x00007fff9fda0000 - 0x00007fff9fde5000 	C:\Windows\SYSTEM32\dinput8.dll
0x00007fffc34a0000 - 0x00007fffc34b1000 	C:\Windows\SYSTEM32\xinput1_4.dll
0x00007fffdcf70000 - 0x00007fffdcfbe000 	C:\Windows\System32\cfgmgr32.dll
0x00007fffdc560000 - 0x00007fffdc593000 	C:\Windows\SYSTEM32\DEVOBJ.dll
0x00007fffda4f0000 - 0x00007fffda51f000 	C:\Windows\SYSTEM32\dwmapi.dll
0x00007fffd7420000 - 0x00007fffd7572000 	C:\Windows\SYSTEM32\inputhost.dll
0x00007fffdd150000 - 0x00007fffdd21d000 	C:\Windows\System32\OLEAUT32.dll
0x00007fffd9d90000 - 0x00007fffd9e82000 	C:\Windows\SYSTEM32\CoreMessaging.dll
0x00007fffd85f0000 - 0x00007fffd8745000 	C:\Windows\SYSTEM32\wintypes.dll
0x00007fffd8320000 - 0x00007fffd8416000 	C:\Windows\SYSTEM32\PROPSYS.dll
0x00007fffd9a30000 - 0x00007fffd9d8b000 	C:\Windows\SYSTEM32\CoreUIComponents.dll
0x00007fffdb8c0000 - 0x00007fffdb8f3000 	C:\Windows\SYSTEM32\ntmarta.dll
0x00007fffda130000 - 0x00007fffda1ce000 	C:\Windows\system32\uxtheme.dll
0x00007fffde900000 - 0x00007fffdea14000 	C:\Windows\System32\MSCTF.dll
0x00007fff9f440000 - 0x00007fff9f565000 	C:\Windows\SYSTEM32\opengl32.dll
0x00007fffc25d0000 - 0x00007fffc25fc000 	C:\Windows\SYSTEM32\GLU32.dll
0x00007fffdd230000 - 0x00007fffdd2d9000 	C:\Windows\System32\clbcatq.dll
0x00007fff705d0000 - 0x00007fff72e66000 	C:\Windows\System32\DriverStore\FileRepository\nv_dispi.inf_amd64_2c61c4d89b199ea8\nvoglv64.dll
0x00007fffdd930000 - 0x00007fffddd9e000 	C:\Windows\System32\SETUPAPI.dll
0x00007fffdd310000 - 0x00007fffdd43b000 	C:\Windows\System32\ole32.dll
0x00007fffd8480000 - 0x00007fffd8494000 	C:\Windows\SYSTEM32\WTSAPI32.dll
0x00007fffdc310000 - 0x00007fffdc322000 	C:\Windows\SYSTEM32\msasn1.dll
0x00007fffd3960000 - 0x00007fffd3991000 	C:\Windows\SYSTEM32\cryptnet.dll
0x00007fffdcff0000 - 0x00007fffdd14d000 	C:\Windows\System32\CRYPT32.dll
0x00007fffd36d0000 - 0x00007fffd3818000 	C:\Windows\SYSTEM32\drvstore.dll
0x00007fffdcb00000 - 0x00007fffdcb67000 	C:\Windows\System32\WINTRUST.dll
0x00007fffded30000 - 0x00007fffded4d000 	C:\Windows\System32\imagehlp.dll
0x00007fffccb70000 - 0x00007fffd0622000 	C:\Windows\System32\DriverStore\FileRepository\nv_dispi.inf_amd64_2c61c4d89b199ea8\nvgpucomp64.dll
0x00007fffd2320000 - 0x00007fffd235b000 	C:\Windows\SYSTEM32\dxcore.dll
0x00007fffdb410000 - 0x00007fffdb46b000 	C:\Windows\SYSTEM32\WINSTA.dll
0x00007fffd7630000 - 0x00007fffd772a000 	C:\Windows\SYSTEM32\textinputframework.dll
0x00007fff3c370000 - 0x00007fff3c3ce000 	C:\Games\Minecraft\Install\versions\neoforge-21.1.216\neoforge-21.1.216-natives-48291342766300\lwjgl_opengl.dll
0x00007fff35f30000 - 0x00007fff35fb2000 	C:\Games\Minecraft\Install\versions\neoforge-21.1.216\neoforge-21.1.216-natives-48291342766300\lwjgl_stb.dll
0x00007fff79960000 - 0x00007fff799a5000 	C:\Games\Minecraft\Install\versions\neoforge-21.1.216\neoforge-21.1.216-natives-48291342766300\jna11561827602338187147.dll
0x00007fff35e90000 - 0x00007fff35f2c000 	C:\Users\Max\AppData\Local\Temp\discord-rpc\discord-rpc.dll
0x00007fffb83f0000 - 0x00007fffb83fe000 	C:\Games\Minecraft\Install\runtime\java-runtime-delta\windows-x64\java-runtime-delta\bin\sunmscapi.dll
0x00007fffdc1f0000 - 0x00007fffdc217000 	C:\Windows\SYSTEM32\ncrypt.dll
0x00007fffdc1b0000 - 0x00007fffdc1eb000 	C:\Windows\SYSTEM32\NTASN1.dll
0x00007fffb4730000 - 0x00007fffb4739000 	C:\Games\Minecraft\Install\runtime\java-runtime-delta\windows-x64\java-runtime-delta\bin\extnet.dll
0x00007fff784d0000 - 0x00007fff78515000 	C:\Games\Minecraft\Install\versions\neoforge-21.1.216\neoforge-21.1.216-natives-48291342766300\jna327202230595280144.dll
0x00007fffc3920000 - 0x00007fffc393f000 	C:\Windows\SYSTEM32\amsi.dll
0x00007fffbdf90000 - 0x00007fffbdfd9000 	C:\Windows\SYSTEM32\Pdh.dll
0x00007fffd4710000 - 0x00007fffd47be000 	C:\Windows\SYSTEM32\mscms.dll
0x00007fffd4b20000 - 0x00007fffd4b31000 	C:\Windows\SYSTEM32\ColorAdapterClient.dll
0x00007fff79700000 - 0x00007fff79743000 	C:\Windows\SYSTEM32\icm32.dll
0x00007fff358a0000 - 0x00007fff35a2e000 	C:\Games\Minecraft\Install\runtime\java-runtime-delta\windows-x64\java-runtime-delta\bin\awt.dll
0x00007fffdc4d0000 - 0x00007fffdc560000 	C:\Windows\SYSTEM32\apphelp.dll
0x00007fff9faa0000 - 0x00007fff9fad4000 	C:\Users\Max\AppData\Local\Temp\watermedia\videolan\libvlc.dll
0x00007fff30400000 - 0x00007fff306b5000 	C:\Users\Max\AppData\Local\Temp\watermedia\videolan\libvlccore.dll
0x00007fffc2430000 - 0x00007fffc24cc000 	C:\Windows\SYSTEM32\DSOUND.dll
0x00007fffb7df0000 - 0x00007fffb7e16000 	C:\Windows\SYSTEM32\winmmbase.dll
0x00007fff18900000 - 0x00007fff18a0e000 	C:\Users\Max\AppData\Local\Temp\watermedia\videolan\plugins\misc\libxml_plugin.dll
0x00007fff1db10000 - 0x00007fff1dea0000 	C:\Users\Max\AppData\Local\Temp\watermedia\videolan\plugins\access\libaccess_srt_plugin.dll
0x00007fffbfb80000 - 0x00007fffbfb89000 	C:\Windows\SYSTEM32\WSOCK32.dll
0x00007fff1d870000 - 0x00007fff1db06000 	C:\Users\Max\AppData\Local\Temp\watermedia\videolan\plugins\access\libdcp_plugin.dll
0x00007fff9fb80000 - 0x00007fff9fb98000 	C:\Users\Max\AppData\Local\Temp\watermedia\videolan\plugins\access\libfilesystem_plugin.dll
0x00007fff7eee0000 - 0x00007fff7ef06000 	C:\Users\Max\AppData\Local\Temp\watermedia\videolan\plugins\access\libftp_plugin.dll

dbghelp: loaded successfully - version: 4.0.5 - missing functions: none
symbol engine: initialized successfully - sym options: 0x614 - pdb path: .;C:\Games\Minecraft\Install\runtime\minecraft-java-exe\windows-x64\minecraft-java-exe;C:\Windows\SYSTEM32;C:\Games\Minecraft\Install\runtime\java-runtime-delta\windows-x64\java-runtime-delta\bin;C:\Windows\WinSxS\amd64_microsoft.windows.common-controls_6595b64144ccf1df_5.82.19041.3570_none_793094a72440f60b;C:\Games\Minecraft\Install\runtime\java-runtime-delta\windows-x64\java-runtime-delta\bin\server;C:\Games\Minecraft\Install\versions\neoforge-21.1.216\neoforge-21.1.216-natives-48291342766300;C:\Windows\System32\DriverStore\FileRepository\nv_dispi.inf_amd64_2c61c4d89b199ea8;C:\Users\Max\AppData\Local\Temp\discord-rpc;C:\Users\Max\AppData\Local\Temp\watermedia\videolan;C:\Users\Max\AppData\Local\Temp\watermedia\videolan\plugins\misc;C:\Users\Max\AppData\Local\Temp\watermedia\videolan\plugins\access;C:\Users\Max\AppData\Local\Temp\watermedia\videolan\plugins\audio_filter;C:\Users\Max\AppData\Local\Temp\watermedia\videolan\plugins\audio_mixer;C:\Users\Max\AppData\Local\Temp\watermedia\videolan\plugins\audio_output;C:\Users\Max\AppData\Local\Temp\watermedia\videolan\plugins\codec;C:\Users\Max\AppData\Local\Temp\watermedia\videolan\plugins\d3d11;C:\Users\Max\AppData\Local\Temp\watermedia\videolan\plugins\d3d9;C:\Users\Max\AppData\Local\Temp\watermedia\videolan\plugins\demux;C:\Users\Max\AppData\Local\Temp\watermedia\videolan\plugins\logger;C:\Users\Max\AppData\Local\Temp\watermedia\videolan\plugins\lua;C:\Users\Max\AppData\Local\Temp\watermedia\videolan\plugins\mux;C:\Users\Max\AppData\Local\Temp\watermedia\videolan\plugins\packetizer;C:\Users\Max\AppData\Local\Temp\watermedia\videolan\plugins\spu;C:\Users\Max\AppData\Local\Temp\watermedia\videolan\plugins\stream_filter;C:\Users\Max\AppData\Local\Temp\watermedia\videolan\plugins\video_chroma;C:\Users\Max\AppData\Local\Temp\watermedia\videolan\plugins\video_filter;C:\Users\Max\AppData\Local\Temp\watermedia\videolan\plugins\video_output;C:\Windows\System32\Speech\Common;C:\Games\Minecraft\Instances\Stonebound Eternal\mods\mcef-libraries\windows_amd64;C:\Users\Max\AppData\Local\Temp\libopus4j-9783d0e001158567d1e08f6bb3b2c5b5;C:\Users\Max\AppData\Local\Temp\librnnoise4j-40cc1fdd40ca1100a850ddee14466799;C:\Users\Max\AppData\Local\Temp\libspeex4j-e39751f08962f3611e66c90baf107894;C:\Users\Max\AppData\Local\Temp\liblame4j-290c3436fe9f7c2b8e165ddcb5ad66ce;C:\Users\Max\AppData\Local\Temp

VM Arguments:
jvm_args: -Xmx8224m -Xms256m -Dminecraft.applet.TargetDirectory=C:\Games\Minecraft\Instances\Stonebound Eternal -Dfml.ignorePatchDiscrepancies=true -Dfml.ignoreInvalidMinecraftCertificates=true -Duser.language=en -Duser.country=US -DCFInstanceId=436d1a4b-4610-43de-92dd-87d69206f010 -DlibraryDirectory=C:\Games\Minecraft\Install\libraries -javaagent:C:\Games\Minecraft\Install\sklauncher-fx.jar -DMcEmu=net.minecraft.client.main.Main -Dlog4j2.formatMsgNoLookups=true -Djava.rmi.server.useCodebaseOnly=true -Dcom.sun.jndi.rmi.object.trustURLCodebase=false -Dcom.sun.jndi.cosnaming.object.trustURLCodebase=false -Dsklauncher.discordrpc=true -Dsklauncher.gametype=neoforge -Dsklauncher.minecraft=1.21.1 -Dsklauncher.dns=true -XX:HeapDumpPath=MojangTricksIntelDriversForPerformance_javaw.exe_minecraft.exe.heapdump -Djava.library.path=C:\Games\Minecraft\Install\versions\neoforge-21.1.216\neoforge-21.1.216-natives-48291342766300 -Djna.tmpdir=C:\Games\Minecraft\Install\versions\neoforge-21.1.216\neoforge-21.1.216-natives-48291342766300 -Dorg.lwjgl.system.SharedLibraryExtractPath=C:\Games\Minecraft\Install\versions\neoforge-21.1.216\neoforge-21.1.216-natives-48291342766300 -Dio.netty.native.workdir=C:\Games\Minecraft\Install\versions\neoforge-21.1.216\neoforge-21.1.216-natives-48291342766300 -Dminecraft.launcher.brand=java-minecraft-launcher -Dminecraft.launcher.version=1.6.93 -Djava.net.preferIPv6Addresses=system -DignoreList=client-extra,neoforge-21.1.216.jar -DlibraryDirectory=C:\Games\Minecraft\Install\libraries --module-path=C:\Games\Minecraft\Install\libraries/cpw/mods/bootstraplauncher/2.0.2/bootstraplauncher-2.0.2.jar;C:\Games\Minecraft\Install\libraries/cpw/mods/securejarhandler/3.0.8/securejarhandler-3.0.8.jar;C:\Games\Minecraft\Install\libraries/org/ow2/asm/asm-commons/9.8/asm-commons-9.8.jar;C:\Games\Minecraft\Install\libraries/org/ow2/asm/asm-util/9.8/asm-util-9.8.jar;C:\Games\Minecraft\Install\libraries/org/ow2/asm/asm-analysis/9.8/asm-analysis-9.8.jar;C:\Games\Minecraft\Install\libraries/org/ow2/asm/asm-tree/9.8/asm-tree-9.8.jar;C:\Games\Minecraft\Install\libraries/org/ow2/asm/asm/9.8/asm-9.8.jar;C:\Games\Minecraft\Install\libraries/net/neoforged/JarJarFileSystems/0.4.1/JarJarFileSystems-0.4.1.jar --add-modules=ALL-MODULE-PATH --add-opens=java.base/java.util.jar=cpw.mods.securejarhandler --add-opens=java.base/java.lang.invoke=cpw.mods.securejarhandler --add-exports=java.base/sun.security.util=cpw.mods.securejarhandler --add-exports=jdk.naming.dns/com.sun.jndi.dns=java.naming 
java_command: cpw.mods.bootstraplauncher.BootstrapLauncher --username DedMaxim99 --version neoforge-21.1.216 --gameDir C:\Games\Minecraft\Instances\Stonebound Eternal --assetsDir C:\Games\Minecraft\Install\assets --assetIndex 17 --uuid fd7cca6a716d46b68ea6ecf8dbf25f08 --accessToken eyJraWQiOiIwNDkxODEiLCJhbGciOiJSUzI1NiJ9.eyJ4dWlkIjoiMjUzNTQ3MzYwMDI5NTY5MSIsImFnZyI6IkFkdWx0Iiwic3ViIjoiZDBkYmM1NWUtNDg1ZS00ZDg1LWIwMmMtZjA3YWE3ZjU0NTQ1IiwiYXV0aCI6IlhCT1giLCJucyI6ImRlZmF1bHQiLCJyb2xlcyI6W10sImlzcyI6ImF1dGhlbnRpY2F0aW9uIiwiZmxhZ3MiOlsibXNhbWlncmF0aW9uX3N0YWdlNCIsInR3b2ZhY3RvcmF1dGgiLCJtdWx0aXBsYXllciIsIm9yZGVyc18yMDIyIl0sInByb2ZpbGVzIjp7Im1jIjoiZmQ3Y2NhNmEtNzE2ZC00NmI2LThlYTYtZWNmOGRiZjI1ZjA4In0sInBsYXRmb3JtIjoiUENfTEFVTkNIRVIiLCJwZmQiOlt7InR5cGUiOiJtYyIsImlkIjoiZmQ3Y2NhNmEtNzE2ZC00NmI2LThlYTYtZWNmOGRiZjI1ZjA4IiwibmFtZSI6IkRlZE1heGltOTkifV0sIm5iZiI6MTc2NjQyNzk4MSwiZXhwIjoxNzY2NTE0MzgxLCJpYXQiOjE3NjY0Mjc5ODEsImFpZCI6IjkwN2EyNDhkLTNlYjUtNGQwMS05OWQyLWZmNzJkNzljNWViMSJ9.3Ce0CyOXMrX0ZZC6NBk5MxvE4irxydRWwE4hN18BX1UmFaXg294OFHh96NgWcM9-BSSqnG-BtLIiUqapJP7iRQhDFs1-QXTM4lXhfGPMoO46q8A6EYFWr4BAzfdks8rRm_8p50lSNbROY-NG99nI2rLaY3lIck63Bjc1CQr2xa8grc7XUxCgrPqIPHdpsaTiKXsQN9E5SFrsgX6iE1Z3g8zFQQmmlWab7_AOsupdJPV6inIvSI0SmOK0RQav9jScQ_GlJmMJgshVKv3MPGOh2i7U9ZPxjL6cUEH5ui0Tdm_VjJq0du9WPk6Ciw-0GCUlVK5rMAQLIbX5O9wdGNg0Ew --clientId 0 --xuid 0 --userType msa --versionType release --width 1024 --height 768 --fml.neoForgeVersion 21.1.216 --fml.fmlVersion 4.0.42 --fml.mcVersion 1.21.1 --fml.neoFormVersion 20240808.144430 --launchTarget forgeclient
java_class_path (initial): C:\Games\Minecraft\Install\libraries\net\neoforged\fancymodloader\earlydisplay\4.0.42\earlydisplay-4.0.42.jar;C:\Games\Minecraft\Install\libraries\net\neoforged\fancymodloader\loader\4.0.42\loader-4.0.42.jar;C:\Games\Minecraft\Install\libraries\net\neoforged\accesstransformers\at-modlauncher\10.0.1\at-modlauncher-10.0.1.jar;C:\Games\Minecraft\Install\libraries\net\neoforged\accesstransformers\10.0.1\accesstransformers-10.0.1.jar;C:\Games\Minecraft\Install\libraries\net\neoforged\bus\8.0.5\bus-8.0.5.jar;C:\Games\Minecraft\Install\libraries\net\neoforged\coremods\7.0.3\coremods-7.0.3.jar;C:\Games\Minecraft\Install\libraries\cpw\mods\modlauncher\11.0.5\modlauncher-11.0.5.jar;C:\Games\Minecraft\Install\libraries\net\neoforged\mergetool\2.0.0\mergetool-2.0.0-api.jar;C:\Games\Minecraft\Install\libraries\com\electronwill\night-config\toml\3.8.3\toml-3.8.3.jar;C:\Games\Minecraft\Install\libraries\com\electronwill\night-config\core\3.8.3\core-3.8.3.jar;C:\Games\Minecraft\Install\libraries\net\neoforged\JarJarSelector\0.4.1\JarJarSelector-0.4.1.jar;C:\Games\Minecraft\Install\libraries\net\neoforged\JarJarMetadata\0.4.1\JarJarMetadata-0.4.1.jar;C:\Games\Minecraft\Install\libraries\org\apache\maven\maven-artifact\3.8.5\maven-artifact-3.8.5.jar;C:\Games\Minecraft\Install\libraries\net\jodah\typetools\0.6.3\typetools-0.6.3.jar;C:\Games\Minecraft\Install\libraries\net\minecrell\terminalconsoleappender\1.3.0\terminalconsoleappender-1.3.0.jar;C:\Games\Minecraft\Install\libraries\net\fabricmc\sponge-mixin\0.15.2+mixin.0.8.7\sponge-mixin-0.15.2+mixin.0.8.7.jar;C:\Games\Minecraft\Install\libraries\org\openjdk\nashorn\nashorn-core\15.4\nashorn-core-15.4.jar;C:\Games\Minecraft\Install\libraries\org\apache\commons\commons-lang3\3.14.0\commons-lang3-3.14.0.jar;C:\Games\Minecraft\Install\libraries\cpw\mods\bootstraplauncher\2.0.2\bootstraplauncher-2.0.2.jar;C:\Games\Minecraft\Install\libraries\cpw\mods\securejarhandler\3.0.8\securejarhandler-3.0.8.jar;C:\Games\Minecraft\Install\libraries\org\ow2\asm\asm-commons\9.8\asm-commons-9.8.jar;C:\Games\Minecraft\Install\libraries\org\ow2\asm\asm-util\9.8\asm-util-9.8.jar;C:\Games\Minecraft\Install\libraries\org\ow2\asm\asm-analysis\9.8\asm-analysis-9.8.jar;C:\Games\Minecraft\Install\libraries\org\ow2\asm\asm-tree\9.8\asm-tree-9.8.jar;C:\Games\Minecraft\Install\libraries\org\ow2\asm\asm\9.8\asm-9.8.jar;C:\Games\Minecraft\Install\libraries\net\neoforged\JarJarFileSystems\0.4.1\JarJarFileSystems-0.4.1.jar;C:\Games\Minecraft\Install\libraries\net\sf\jopt-simple\jopt-simple\5.0.4\jopt-simple-5.0.4.jar;C:\Games\Minecraft\Install\libraries\org\slf4j\slf4j-api\2.0.9\slf4j-api-2.0.9.jar;C:\Games\Minecraft\Install\libraries\org\antlr\antlr4-runtime\4.13.1\antlr4-runtime-4.13.1.jar;C:\Games\Minecraft\Install\libraries\com\mojang\logging\1.2.7\logging-1.2.7.jar;C:\Games\Minecraft\Install\libraries\org\apache\logging\log4j\log4j-slf4j2-impl\2.22.1\log4j-slf4j2-impl-2.22.1.jar;C:\Games\Minecraft\Install\libraries\org\apache\logging\log4j\log4j-core\2.22.1\log4j-core-2.22.1.jar;C:\Games\Minecraft\Install\libraries\org\apache\logging\log4j\log4j-api\2.22.1\log4j-api-2.22.1.jar;C:\Games\Minecraft\Install\libraries\org\jline\jline-reader\3.20.0\jline-reader-3.20.0.jar;C:\Games\Minecraft\Install\libraries\org\jline\jline-terminal\3.20.0\jline-terminal-3.20.0.jar;C:\Games\Minecraft\Install\libraries\commons-io\commons-io\2.15.1\commons-io-2.15.1.jar;C:\Games\Minecraft\Install\libraries\net\minecraftforge\srgutils\0.4.15\srgutils-0.4.15.jar;C:\Games\Minecraft\Install\libraries\com\google\guava\guava\32.1.2-jre\guava-32.1.2-jre.jar;C:\Games\Minecraft\Install\libraries\com\google\guava\failureaccess\1.0.1\failureaccess-1.0.1.jar;C:\Games\Minecraft\Install\libraries\com\google\guava\listenablefuture\9999.0-empty-to-avoid-conflict-with-guava\listenablefuture-9999.0-empty-to-avoid-conflict-with-guava.jar;C:\Games\Minecraft\Install\libraries\com\google\code\findbugs\jsr305\3.0.2\jsr305-3.0.2.jar;C:\Games\Minecraft\Install\libraries\org\checkerframework\checker-qual\3.33.0\checker-qual-3.33.0.jar;C:\Games\Minecraft\Install\libraries\com\google\errorprone\error_prone_annotations\2.18.0\error_prone_annotations-2.18.0.jar;C:\Games\Minecraft\Install\libraries\com\google\j2objc\j2objc-annotations\2.8\j2objc-annotations-2.8.jar;C:\Games\Minecraft\Install\libraries\com\google\code\gson\gson\2.10.1\gson-2.10.1.jar;C:\Games\Minecraft\Install\libraries\org\codehaus\plexus\plexus-utils\3.3.0\plexus-utils-3.3.0.jar;C:\Games\Minecraft\Install\libraries\com\machinezoo\noexception\noexception\1.7.1\noexception-1.7.1.jar;C:\Games\Minecraft\Install\libraries\com\github\oshi\oshi-core\6.4.10\oshi-core-6.4.10.jar;C:\Games\Minecraft\Install\libraries\com\ibm\icu\icu4j\73.2\icu4j-73.2.jar;C:\Games\Minecraft\Install\libraries\com\mojang\authlib\6.0.54\authlib-6.0.54.jar;C:\Games\Minecraft\Install\libraries\com\mojang\blocklist\1.0.10\blocklist-1.0.10.jar;C:\Games\Minecraft\Install\libraries\com\mojang\brigadier\1.3.10\brigadier-1.3.10.jar;C:\Games\Minecraft\Install\libraries\com\mojang\datafixerupper\8.0.16\datafixerupper-8.0.16.jar;C:\Games\Minecraft\Install\libraries\com\mojang\patchy\2.2.10\patchy-2.2.10.jar;C:\Games\Minecraft\Install\libraries\com\mojang\text2speech\1.17.9\text2speech-1.17.9.jar;C:\Games\Minecraft\Install\libraries\commons-codec\commons-codec\1.16.0\commons-codec-1.16.0.jar;C:\Games\Minecraft\Install\libraries\commons-logging\commons-logging\1.2\commons-logging-1.2.jar;C:\Games\Minecraft\Install\libraries\io\netty\netty-buffer\4.1.97.Final\netty-buffer-4.1.97.Final.jar;C:\Games\Minecraft\Install\libraries\io\netty\netty-codec\4.1.97.Final\netty-codec-4.1.97.Final.jar;C:\Games\Minecraft\Install\libraries\io\netty\netty-common\4.1.97.Final\netty-common-4.1.97.Final.jar;C:\Games\Minecraft\Install\libraries\io\netty\netty-handler\4.1.97.Final\netty-handler-4.1.97.Final.jar;C:\Games\Minecraft\Install\libraries\io\netty\netty-resolver\4.1.97.Final\netty-resolver-4.1.97.Final.jar;C:\Games\Minecraft\Install\libraries\io\netty\netty-transport-classes-epoll\4.1.97.Final\netty-transport-classes-epoll-4.1.97.Final.jar;C:\Games\Minecraft\Install\libraries\io\netty\netty-transport-native-unix-common\4.1.97.Final\netty-transport-native-unix-common-4.1.97.Final.jar;C:\Games\Minecraft\Install\libraries\io\netty\netty-transport\4.1.97.Final\netty-transport-4.1.97.Final.jar;C:\Games\Minecraft\Install\libraries\it\unimi\dsi\fastutil\8.5.12\fastutil-8.5.12.jar;C:\Games\Minecraft\Install\libraries\net\java\dev\jna\jna-platform\5.14.0\jna-platform-5.14.0.jar;C:\Games\Minecraft\Install\libraries\net\java\dev\jna\jna\5.14.0\jna-5.14.0.jar;C:\Games\Minecraft\Install\libraries\org\apache\commons\commons-compress\1.26.0\commons-compress-1.26.0.jar;C:\Games\Minecraft\Install\libraries\org\apache\httpcomponents\httpclient\4.5.13\httpclient-4.5.13.jar;C:\Games\Minecraft\Install\libraries\org\apache\httpcomponents\httpcore\4.4.16\httpcore-4.4.16.jar;C:\Games\Minecraft\Install\libraries\org\jcraft\jorbis\0.0.17\jorbis-0.0.17.jar;C:\Games\Minecraft\Install\libraries\org\joml\joml\1.10.5\joml-1.10.5.jar;C:\Games\Minecraft\Install\libraries\org\lwjgl\lwjgl-freetype\3.3.3\lwjgl-freetype-3.3.3.jar;C:\Games\Minecraft\Install\libraries\org\lwjgl\lwjgl-freetype\3.3.3\lwjgl-freetype-3.3.3-natives-windows.jar;C:\Games\Minecraft\Install\libraries\org\lwjgl\lwjgl-freetype\3.3.3\lwjgl-freetype-3.3.3-natives-windows-arm64.jar;C:\Games\Minecraft\Install\libraries\org\lwjgl\lwjgl-freetype\3.3.3\lwjgl-freetype-3.3.3-natives-windows-x86.jar;C:\Games\Minecraft\Install\libraries\org\lwjgl\lwjgl-glfw\3.3.3\lwjgl-glfw-3.3.3.jar;C:\Games\Minecraft\Install\libraries\org\lwjgl\lwjgl-glfw\3.3.3\lwjgl-glfw-3.3.3-natives-windows.jar;C:\Games\Minecraft\Install\libraries\org\lwjgl\lwjgl-glfw\3.3.3\lwjgl-glfw-3.3.3-natives-windows-arm64.jar;C:\Games\Minecraft\Install\libraries\org\lwjgl\lwjgl-glfw\3.3.3\lwjgl-glfw-3.3.3-natives-windows-x86.jar;C:\Games\Minecraft\Install\libraries\org\lwjgl\lwjgl-jemalloc\3.3.3\lwjgl-jemalloc-3.3.3.jar;C:\Games\Minecraft\Install\libraries\org\lwjgl\lwjgl-jemalloc\3.3.3\lwjgl-jemalloc-3.3.3-natives-windows.jar;C:\Games\Minecraft\Install\libraries\org\lwjgl\lwjgl-jemalloc\3.3.3\lwjgl-jemalloc-3.3.3-natives-windows-arm64.jar;C:\Games\Minecraft\Install\libraries\org\lwjgl\lwjgl-jemalloc\3.3.3\lwjgl-jemalloc-3.3.3-natives-windows-x86.jar;C:\Games\Minecraft\Install\libraries\org\lwjgl\lwjgl-openal\3.3.3\lwjgl-openal-3.3.3.jar;C:\Games\Minecraft\Install\libraries\org\lwjgl\lwjgl-openal\3.3.3\lwjgl-openal-3.3.3-natives-windows.jar;C:\Games\Minecraft\Install\libraries\org\lwjgl\lwjgl-openal\3.3.3\lwjgl-openal-3.3.3-natives-windows-arm64.jar;C:\Games\Minecraft\Install\libraries\org\lwjgl\lwjgl-openal\3.3.3\lwjgl-openal-3.3.3-natives-windows-x86.jar;C:\Games\Minecraft\Install\libraries\org\lwjgl\lwjgl-opengl\3.3.3\lwjgl-opengl-3.3.3.jar;C:\Games\Minecraft\Install\libraries\org\lwjgl\lwjgl-opengl\3.3.3\lwjgl-opengl-3.3.3-natives-windows.jar;C:\Games\Minecraft\Install\libraries\org\lwjgl\lwjgl-opengl\3.3.3\lwjgl-opengl-3.3.3-natives-windows-arm64.jar;C:\Games\Minecraft\Install\libraries\org\lwjgl\lwjgl-opengl\3.3.3\lwjgl-opengl-3.3.3-natives-windows-x86.jar;C:\Games\Minecraft\Install\libraries\org\lwjgl\lwjgl-stb\3.3.3\lwjgl-stb-3.3.3.jar;C:\Games\Minecraft\Install\libraries\org\lwjgl\lwjgl-stb\3.3.3\lwjgl-stb-3.3.3-natives-windows.jar;C:\Games\Minecraft\Install\libraries\org\lwjgl\lwjgl-stb\3.3.3\lwjgl-stb-3.3.3-natives-windows-arm64.jar;C:\Games\Minecraft\Install\libraries\org\lwjgl\lwjgl-stb\3.3.3\lwjgl-stb-3.3.3-natives-windows-x86.jar;C:\Games\Minecraft\Install\libraries\org\lwjgl\lwjgl-tinyfd\3.3.3\lwjgl-tinyfd-3.3.3.jar;C:\Games\Minecraft\Install\libraries\org\lwjgl\lwjgl-tinyfd\3.3.3\lwjgl-tinyfd-3.3.3-natives-windows.jar;C:\Games\Minecraft\Install\libraries\org\lwjgl\lwjgl-tinyfd\3.3.3\lwjgl-tinyfd-3.3.3-natives-windows-arm64.jar;C:\Games\Minecraft\Install\libraries\org\lwjgl\lwjgl-tinyfd\3.3.3\lwjgl-tinyfd-3.3.3-natives-windows-x86.jar;C:\Games\Minecraft\Install\libraries\org\lwjgl\lwjgl\3.3.3\lwjgl-3.3.3.jar;C:\Games\Minecraft\Install\libraries\org\lwjgl\lwjgl\3.3.3\lwjgl-3.3.3-natives-windows.jar;C:\Games\Minecraft\Install\libraries\org\lwjgl\lwjgl\3.3.3\lwjgl-3.3.3-natives-windows-arm64.jar;C:\Games\Minecraft\Install\libraries\org\lwjgl\lwjgl\3.3.3\lwjgl-3.3.3-natives-windows-x86.jar;C:\Games\Minecraft\Install\libraries\org\lz4\lz4-java\1.8.0\lz4-java-1.8.0.jar;C:\Games\Minecraft\Install\versions\neoforge-21.1.216\neoforge-21.1.216.jar
Launcher Type: SUN_STANDARD

[Global flags]
     intx CICompilerCount                          = 12                                        {product} {ergonomic}
     uint ConcGCThreads                            = 4                                         {product} {ergonomic}
     uint G1ConcRefinementThreads                  = 15                                        {product} {ergonomic}
   size_t G1HeapRegionSize                         = 8388608                                   {product} {ergonomic}
    uintx GCDrainStackTargetSize                   = 64                                        {product} {ergonomic}
    ccstr HeapDumpPath                             = MojangTricksIntelDriversForPerformance_javaw.exe_minecraft.exe.heapdump         {manageable} {command line}
   size_t InitialHeapSize                          = 268435456                                 {product} {command line}
   size_t MarkStackSize                            = 4194304                                   {product} {ergonomic}
   size_t MaxHeapSize                              = 8623489024                                {product} {command line}
   size_t MaxNewSize                               = 5167382528                                {product} {ergonomic}
   size_t MinHeapDeltaBytes                        = 8388608                                   {product} {ergonomic}
   size_t MinHeapSize                              = 268435456                                 {product} {command line}
    uintx NonNMethodCodeHeapSize                   = 7602480                                {pd product} {ergonomic}
    uintx NonProfiledCodeHeapSize                  = 122027880                              {pd product} {ergonomic}
    uintx ProfiledCodeHeapSize                     = 122027880                              {pd product} {ergonomic}
    uintx ReservedCodeCacheSize                    = 251658240                              {pd product} {ergonomic}
     bool SegmentedCodeCache                       = true                                      {product} {ergonomic}
   size_t SoftMaxHeapSize                          = 8623489024                             {manageable} {ergonomic}
     bool UseCompressedOops                        = true                           {product lp64_product} {ergonomic}
     bool UseG1GC                                  = true                                      {product} {ergonomic}
     bool UseLargePagesIndividualAllocation        = false                                  {pd product} {ergonomic}

Logging:
Log output configuration:
 #0: stdout all=warning uptime,level,tags foldmultilines=false
 #1: stderr all=off uptime,level,tags foldmultilines=false

Environment Variables:
PATH=c:\program files\java\jdk-21\bin;C:\Program Files (x86)\VMware\VMware Workstation\bin\;C:\Program Files\Common Files\Oracle\Java\javapath;C:\Windows\system32;C:\Windows;C:\Windows\System32\Wbem;C:\Windows\System32\WindowsPowerShell\v1.0\;C:\Windows\System32\OpenSSH\;C:\Program Files (x86)\NVIDIA Corporation\PhysX\Common;C:\Users\Max\AppData\Local\Microsoft\WindowsApps;C:\Windows\AtlasModules;C:\Windows\AtlasModules\Apps;C:\Windows\AtlasModules\Other;C:\Windows\AtlasModules\Tools;C:\Windows\AtlasModules\Scripts;C:\ProgramData\chocolatey\bin;E:\Program Files\PHP;C:\ProgramData\ComposerSetup\bin;C:\Program Files\Git\cmd;C:\ffmpeg\bin;C:\Program Files\dotnet\;C:\Program Files\Cloudflare\Cloudflare WARP\;C:\Program Files (x86)\ZeroTier\One\;C:\Users\Max\AppData\Local\Programs\Python\Python313\Scripts\;C:\Users\Max\AppData\Local\Programs\Python\Python313\;C:\Users\Max\AppData\Local\Programs\Python\Python310\Scripts\;C:\Users\Max\AppData\Local\Programs\Python\Python310\;C:\Users\Max\AppData\Local\Microsoft\WindowsApps;C:\Users\Max\AppData\Local\GitHubDesktop\bin;F:\Program Files\JetBrains\PhpStorm 2022.2\bin;;C:\Users\Max\AppData\Roaming\Composer\vendor\bin;C:\ffmpeg\bin;C:\Users\Max\AppData\Local\Programs\cursor\resources\app\bin
USERNAME=Max
OS=Windows_NT
PROCESSOR_IDENTIFIER=Intel64 Family 6 Model 62 Stepping 4, GenuineIntel
TMP=C:\Users\Max\AppData\Local\Temp
TEMP=C:\Users\Max\AppData\Local\Temp




Periodic native trim disabled

---------------  S Y S T E M  ---------------

OS:
 Windows 10 , 64 bit Build 19041 (10.0.19041.3570)
OS uptime: 0 days 14:25 hours

CPU: total 20 (initial active 20) (10 cores per cpu, 2 threads per core) family 6 model 62 stepping 4 microcode 0x42e, cx8, cmov, fxsr, ht, mmx, sse, sse2, sse3, ssse3, sse4.1, sse4.2, popcnt, tsc, tscinvbit, avx, aes, erms, clmul, vzeroupper, clflush, rdtscp, f16c
Processor Information for the first 20 processors :
  Max Mhz: 2801, Current Mhz: 2801, Mhz Limit: 2801

Memory: 4k page, system-wide physical 32687M (8551M free)
TotalPageFile size 54191M (AvailPageFile size 14819M)
current process WorkingSet (physical memory assigned to process): 4194M, peak: 5828M
current process commit charge ("private bytes"): 5437M, peak: 8087M

vm_info: OpenJDK 64-Bit Server VM (21.0.7+6-LTS) for windows-amd64 JRE (21.0.7+6-LTS), built on 2025-04-09T22:17:25Z by "MicrosoftCorporation" with unknown MS VC++:1939

END.
