#
# A fatal error has been detected by the Java Runtime Environment:
#
#  EXCEPTION_ACCESS_VIOLATION (0xc0000005) at pc=0x00007ffd649e8bc3, pid=30576, tid=28244
#
# JRE version: OpenJDK Runtime Environment Microsoft-11369940 (21.0.7+6) (build 21.0.7+6-LTS)
# Java VM: OpenJDK 64-Bit Server VM Microsoft-11369940 (21.0.7+6-LTS, mixed mode, tiered, compressed class ptrs, z gc, windows-amd64)
# Problematic frame:
# C  [nvoglv64.dll+0x15b8bc3]
#
# No core dump will be written. Minidumps are not enabled by default on client versions of Windows
#
# If you would like to submit a bug report, please visit:
#   https://aka.ms/minecraftjavacrashes
# The crash happened outside the Java Virtual Machine in native code.
# See problematic frame for where to report the bug.
#

---------------  S U M M A R Y ------------

Command Line: -Xmx16384m -Xms256m -Dminecraft.applet.TargetDirectory=C:\Games\Minecraft\Instances\Stonebound Eternal -Dfml.ignorePatchDiscrepancies=true -Dfml.ignoreInvalidMinecraftCertificates=true -Duser.language=en -Duser.country=US -DCFInstanceId=436d1a4b-4610-43de-92dd-87d69206f010 -DlibraryDirectory=C:\Games\Minecraft\Install\libraries -XX:+UseZGC -XX:+ZGenerational -XX:+AlwaysPreTouch -XX:+DisableExplicitGC -XX:+ParallelRefProcEnabled -javaagent:C:\Games\Minecraft\Install\sklauncher-fx.jar -DMcEmu=net.minecraft.client.main.Main -Dlog4j2.formatMsgNoLookups=true -Djava.rmi.server.useCodebaseOnly=true -Dcom.sun.jndi.rmi.object.trustURLCodebase=false -Dcom.sun.jndi.cosnaming.object.trustURLCodebase=false -Dsklauncher.discordrpc=true -Dsklauncher.gametype=neoforge -Dsklauncher.minecraft=1.21.1 -Dsklauncher.dns=true -XX:HeapDumpPath=MojangTricksIntelDriversForPerformance_javaw.exe_minecraft.exe.heapdump -Djava.library.path=C:\Games\Minecraft\Install\versions\neoforge-21.1.233\neoforge-21.1.233-natives-29438877515800 -Djna.tmpdir=C:\Games\Minecraft\Install\versions\neoforge-21.1.233\neoforge-21.1.233-natives-29438877515800 -Dorg.lwjgl.system.SharedLibraryExtractPath=C:\Games\Minecraft\Install\versions\neoforge-21.1.233\neoforge-21.1.233-natives-29438877515800 -Dio.netty.native.workdir=C:\Games\Minecraft\Install\versions\neoforge-21.1.233\neoforge-21.1.233-natives-29438877515800 -Dminecraft.launcher.brand=java-minecraft-launcher -Dminecraft.launcher.version=1.6.93 -Djava.net.preferIPv6Addresses=system -DignoreList=client-extra,neoforge-21.1.233.jar -DlibraryDirectory=C:\Games\Minecraft\Install\libraries --module-path=C:\Games\Minecraft\Install\libraries/cpw/mods/bootstraplauncher/2.0.2/bootstraplauncher-2.0.2.jar;C:\Games\Minecraft\Install\libraries/cpw/mods/securejarhandler/3.0.8/securejarhandler-3.0.8.jar;C:\Games\Minecraft\Install\libraries/org/ow2/asm/asm-commons/9.8/asm-commons-9.8.jar;C:\Games\Minecraft\Install\libraries/org/ow2/asm/asm-util/9.8/asm-util-9.8.jar;C:\Games\Minecraft\Install\libraries/org/ow2/asm/asm-analysis/9.8/asm-analysis-9.8.jar;C:\Games\Minecraft\Install\libraries/org/ow2/asm/asm-tree/9.8/asm-tree-9.8.jar;C:\Games\Minecraft\Install\libraries/org/ow2/asm/asm/9.8/asm-9.8.jar;C:\Games\Minecraft\Install\libraries/net/neoforged/JarJarFileSystems/0.4.1/JarJarFileSystems-0.4.1.jar --add-modules=ALL-MODULE-PATH --add-opens=java.base/java.util.jar=cpw.mods.securejarhandler --add-opens=java.base/java.lang.invoke=cpw.mods.securejarhandler --add-exports=java.base/sun.security.util=cpw.mods.securejarhandler --add-exports=jdk.naming.dns/com.sun.jndi.dns=java.naming cpw.mods.bootstraplauncher.BootstrapLauncher --username DedMaxim99 --version neoforge-21.1.233 --gameDir C:\Games\Minecraft\Instances\Stonebound Eternal --assetsDir C:\Games\Minecraft\Install\assets --assetIndex 17 --uuid fd7cca6a716d46b68ea6ecf8dbf25f08 --accessToken eyJraWQiOiIwNDkxODEiLCJhbGciOiJSUzI1NiJ9.eyJ4dWlkIjoiMjUzNTQ3MzYwMDI5NTY5MSIsImFnZyI6IkFkdWx0Iiwic3ViIjoiZDBkYmM1NWUtNDg1ZS00ZDg1LWIwMmMtZjA3YWE3ZjU0NTQ1IiwiYXV0aCI6IlhCT1giLCJucyI6ImRlZmF1bHQiLCJyb2xlcyI6W10sImlzcyI6ImF1dGhlbnRpY2F0aW9uIiwiZmxhZ3MiOlsibXVsdGlwbGF5ZXIiXSwicHJvZmlsZXMiOnsibWMiOiJmZDdjY2E2YS03MTZkLTQ2YjYtOGVhNi1lY2Y4ZGJmMjVmMDgifSwicG1pZCI6ImJjOGFjNjcwLTNmZTMtNTg1YS04MDU2LTZlNzdiZGZiZjViMiIsInBsYXRmb3JtIjoiUENfTEFVTkNIRVIiLCJ0aWQiOiJFOTlCMCIsInBmZCI6W3sidHlwZSI6Im1jIiwiaWQiOiJmZDdjY2E2YS03MTZkLTQ2YjYtOGVhNi1lY2Y4ZGJmMjVmMDgiLCJuYW1lIjoiRGVkTWF4aW05OSJ9XSwieGlkIjoiMjUzNTQ3MzYwMDI5NTY5MSIsIm5iZiI6MTc4MzAxNzU5NCwiZXhwIjoxNzgzMTAzOTk0LCJpYXQiOjE3ODMwMTc1OTQsImFpZCI6IjkwN2EyNDhkLTNlYjUtNGQwMS05OWQyLWZmNzJkNzljNWViMSJ9.iNwdTQRHBHd1x7a5svod0OpiyT1ZabCE3qyqomQZPbwZ1284Kqn4D_x5eDBQ1NFUHINLkOm_rztzjgIw-j_CW3bL1oqTJcafBPucg1xuotNk1FxAE8pWzUwlFsEf01rF5ou7A--LC35cbb5sZfsAddQV5tAdhM5shYe3r7khh_EzPtsij6M5PWodHx79vDBBH0hDV-h6cVtcREOOY7XfKXAnnmHkN_2t_UqCBF1X3MQR_xMJtzoT20qjZUAvtfY-5O1tQ8rbD1je9fehViPyhGfkJfDEAvOUlqTAQKczFvZ7rcYKMY4ghCgrmBisEVl5BDpNtXh4UkzBTr_E86VwKg --clientId 0 --xuid 0 --userType msa --versionType release --width 1024 --height 768 --fml.neoForgeVersion 21.1.233 --fml.fmlVersion 4.0.42 --fml.mcVersion 1.21.1 --fml.neoFormVersion 20240808.144430 --launchTarget forgeclient

Host: AMD Ryzen 7 7800X3D 8-Core Processor           , 16 cores, 31G,  Windows 10 , 64 bit Build 19041 (10.0.19041.3570)
Time: Thu Jul  2 23:55:31 2026 West Asia Standard Time elapsed time: 859.586293 seconds (0d 0h 14m 19s)

---------------  T H R E A D  ---------------

Current thread (0x0000027b8ba4f3a0):  JavaThread "Render thread"        [_thread_in_native, id=28244, stack(0x000000ccfb200000,0x000000ccfb300000) (1024K)]

Stack: [0x000000ccfb200000,0x000000ccfb300000],  sp=0x000000ccfb2fdc78,  free space=1015k
Native frames: (J=compiled Java code, j=interpreted, Vv=VM code, C=native code)
C  [nvoglv64.dll+0x15b8bc3]

Java frames: (J=compiled Java code, j=interpreted, Vv=VM code)
J 29814  org.lwjgl.opengl.GL11C.nglDrawElements(IIIJ)V org.lwjgl.opengl@3.3.3+5 (0 bytes) @ 0x0000027b98bd2c1e [0x0000027b98bd2bc0+0x000000000000005e]
J 37866 c2 net.minecraft.client.renderer.MultiBufferSource$BufferSource.endBatch(Lnet/minecraft/client/renderer/RenderType;Lcom/mojang/blaze3d/vertex/BufferBuilder;)V minecraft@1.21.1 (81 bytes) @ 0x0000027b9848d2f8 [0x0000027b9848cc00+0x00000000000006f8]
J 30062 c2 net.minecraft.client.renderer.MultiBufferSource$BufferSource.endBatch(Lnet/minecraft/client/renderer/RenderType;)V minecraft@1.21.1 (25 bytes) @ 0x0000027b98c31ce8 [0x0000027b98c31a20+0x00000000000002c8]
J 30526 c2 net.minecraft.client.renderer.MultiBufferSource$BufferSource.endBatch()V minecraft@1.21.1 (47 bytes) @ 0x0000027b98c6ee84 [0x0000027b98c6ee20+0x0000000000000064]
J 38681 c2 net.minecraft.client.gui.GuiGraphics.fill(Lnet/minecraft/client/renderer/RenderType;IIIIII)V minecraft@1.21.1 (167 bytes) @ 0x0000027b986bbf54 [0x0000027b986bb6e0+0x0000000000000874]
J 33447 c2 net.minecraft.client.gui.GuiGraphics.fill(IIIII)V minecraft@1.21.1 (13 bytes) @ 0x0000027b97823978 [0x0000027b97823920+0x0000000000000058]
J 41256 c1 de.keksuccino.fancymenu.customization.layout.editor.LayoutEditorScreen.renderBackground(Lnet/minecraft/client/gui/GuiGraphics;IIF)V fancymenu@3.9.6 (142 bytes) @ 0x0000027b90702ea4 [0x0000027b90702c60+0x0000000000000244]
J 41255 c1 de.keksuccino.fancymenu.customization.layout.editor.LayoutEditorScreen.render(Lnet/minecraft/client/gui/GuiGraphics;IIF)V fancymenu@3.9.6 (91 bytes) @ 0x0000027b91e4a8ac [0x0000027b91e4a6a0+0x000000000000020c]
J 41132 c2 net.minecraft.client.renderer.GameRenderer.wrapOperation$hoc000$fancymenu$wrapRenderScreenFancyMenu(Lnet/minecraft/client/gui/screens/Screen;Lnet/minecraft/client/gui/GuiGraphics;IIFLcom/llamalad7/mixinextras/injector/wrapoperation/Operation;)V minecraft@1.21.1 (94 bytes) @ 0x0000027b98a23470 [0x0000027b98a22300+0x0000000000001170]
J 42172 c2 net.minecraft.client.renderer.GameRenderer.render(Lnet/minecraft/client/DeltaTracker;Z)V minecraft@1.21.1 (1158 bytes) @ 0x0000027b98d4cb58 [0x0000027b98d4b5a0+0x00000000000015b8]
J 39284 c2 net.minecraft.client.Minecraft.runTick(Z)V minecraft@1.21.1 (1195 bytes) @ 0x0000027b98443c8c [0x0000027b98442420+0x000000000000186c]
j  net.minecraft.client.Minecraft.run()V+112 minecraft@1.21.1
j  net.minecraft.client.main.Main.main([Ljava/lang/String;)V+1619 minecraft@1.21.1
j  java.lang.invoke.LambdaForm$DMH+0x000000008021a400.invokeStatic(Ljava/lang/Object;Ljava/lang/Object;)V+10 java.base@21.0.7
j  java.lang.invoke.LambdaForm$MH+0x00000000805fb800.invoke(Ljava/lang/Object;Ljava/lang/Object;Ljava/lang/Object;)Ljava/lang/Object;+33 java.base@21.0.7
J 1068 c1 jdk.internal.reflect.DirectMethodHandleAccessor.invoke(Ljava/lang/Object;[Ljava/lang/Object;)Ljava/lang/Object; java.base@21.0.7 (92 bytes) @ 0x0000027b8f73e75c [0x0000027b8f73d480+0x00000000000012dc]
J 1067 c1 java.lang.reflect.Method.invoke(Ljava/lang/Object;[Ljava/lang/Object;)Ljava/lang/Object; java.base@21.0.7 (108 bytes) @ 0x0000027b8f7370d4 [0x0000027b8f736bc0+0x0000000000000514]
j  net.neoforged.fml.loading.targets.CommonLaunchHandler.runTarget(Ljava/lang/String;[Ljava/lang/String;Ljava/lang/ModuleLayer;)V+42 fml_loader@4.0.42
j  net.neoforged.fml.loading.targets.CommonLaunchHandler.clientService([Ljava/lang/String;Ljava/lang/ModuleLayer;)V+6 fml_loader@4.0.42
j  net.neoforged.fml.loading.targets.CommonClientLaunchHandler.runService([Ljava/lang/String;Ljava/lang/ModuleLayer;)V+3 fml_loader@4.0.42
j  net.neoforged.fml.loading.targets.CommonLaunchHandler.lambda$launchService$4([Ljava/lang/String;Ljava/lang/ModuleLayer;)V+3 fml_loader@4.0.42
j  net.neoforged.fml.loading.targets.CommonLaunchHandler$$Lambda+0x00000000805fcfe0.run()V+12 fml_loader@4.0.42
j  cpw.mods.modlauncher.LaunchServiceHandlerDecorator.launch([Ljava/lang/String;Ljava/lang/ModuleLayer;)V+11 cpw.mods.modlauncher@11.0.5
j  cpw.mods.modlauncher.LaunchServiceHandler.launch(Ljava/lang/String;[Ljava/lang/String;Ljava/lang/ModuleLayer;Lcpw/mods/modlauncher/TransformingClassLoader;Lcpw/mods/modlauncher/LaunchPluginHandler;)V+58 cpw.mods.modlauncher@11.0.5
j  cpw.mods.modlauncher.LaunchServiceHandler.launch(Lcpw/mods/modlauncher/ArgumentHandler;Ljava/lang/ModuleLayer;Lcpw/mods/modlauncher/TransformingClassLoader;Lcpw/mods/modlauncher/LaunchPluginHandler;)V+21 cpw.mods.modlauncher@11.0.5
j  cpw.mods.modlauncher.Launcher.run([Ljava/lang/String;)V+288 cpw.mods.modlauncher@11.0.5
j  cpw.mods.modlauncher.Launcher.main([Ljava/lang/String;)V+123 cpw.mods.modlauncher@11.0.5
j  cpw.mods.modlauncher.BootstrapLaunchConsumer.accept([Ljava/lang/String;)V+1 cpw.mods.modlauncher@11.0.5
j  cpw.mods.modlauncher.BootstrapLaunchConsumer.accept(Ljava/lang/Object;)V+5 cpw.mods.modlauncher@11.0.5
j  cpw.mods.bootstraplauncher.BootstrapLauncher.run(Z[Ljava/lang/String;)V+703 cpw.mods.bootstraplauncher@2.0.2
j  cpw.mods.bootstraplauncher.BootstrapLauncher.main([Ljava/lang/String;)V+2 cpw.mods.bootstraplauncher@2.0.2
v  ~StubRoutines::call_stub 0x0000027b969c10d9

siginfo: EXCEPTION_ACCESS_VIOLATION (0xc0000005), reading address 0x0000000000000000


Registers:
RAX=0x0000027fb1ebf6c4, RBX=0x0000027fb1ebf6a8, RCX=0x0000027fb1ebf6c4, RDX=0x0000000000000000
RSP=0x000000ccfb2fdc78, RBP=0x0000000000000038, RSI=0x0000000000000006, RDI=0x0000027fae7500c0
R8 =0x000000000000000c, R9 =0x00007ffd649e8bc3, R10=0x00007ffd63430000, R11=0x0000000000000006
R12=0x0000000000000004, R13=0x0000000000001403, R14=0x000000000000000c, R15=0x0000000000000000
RIP=0x00007ffd649e8bc3, EFLAGS=0x0000000000010206

XMM[0]=0x0000000000000000 0x000000003b4ccccd
XMM[1]=0x3f8000003f800000 0x3f8000003f800000
XMM[2]=0x3f8000003f800000 0x3f8000003f800000
XMM[3]=0xff21212100000000 0x43aa800000000000
XMM[4]=0x0000000000000000 0x0000000000000000
XMM[5]=0x00000000b8d1b717 0x0000000000000000
XMM[6]=0x0000000000000000 0x0000000000000000
XMM[7]=0x0000000000000000 0x0000040158c00de8
XMM[8]=0x0000000000000000 0x0000040329816ad0
XMM[9]=0x0000000000000000 0x0000000000000000
XMM[10]=0x0000000000000000 0x0000000000000000
XMM[11]=0x0000000000000000 0x0000000000000000
XMM[12]=0x0000000000000000 0x0000000000000000
XMM[13]=0x0000000000000000 0x0000000000000000
XMM[14]=0x0000000000000000 0x0000000000000000
XMM[15]=0x0000000000000000 0x0000000000000000
  MXCSR=0x00001fa4


Register to memory mapping:

RAX=0x0000027fb1ebf6c4 points into unknown readable memory: b7 41 01 00
RBX=0x0000027fb1ebf6a8 points into unknown readable memory: 0x000000040001c006 | 06 c0 01 00 04 00 00 00
RCX=0x0000027fb1ebf6c4 points into unknown readable memory: b7 41 01 00
RDX=0x0 is null
RSP=0x000000ccfb2fdc78 is pointing into the stack for thread: 0x0000027b8ba4f3a0
RBP=0x0000000000000038 is an unknown value
RSI=0x0000000000000006 is an unknown value
RDI=0x0000027fae7500c0 points into unknown readable memory: 0x0000000000000000 | 00 00 00 00 00 00 00 00
R8 =0x000000000000000c is an unknown value
R9 =0x00007ffd649e8bc3 nvoglv64.dll
R10=0x00007ffd63430000 nvoglv64.dll
R11=0x0000000000000006 is an unknown value
R12=0x0000000000000004 is an unknown value
R13=0x0000000000001403 is an unknown value
R14=0x000000000000000c is an unknown value
R15=0x0 is null

Top of Stack: (sp=0x000000ccfb2fdc78)
0x000000ccfb2fdc78:   00007ffd639d64dd 0000000000000002
0x000000ccfb2fdc88:   0000027b98bd28b4 00000401232d5bc8
0x000000ccfb2fdc98:   0000000000000000 000000ccfb2fdd00
0x000000ccfb2fdca8:   0000040045604390 0000028074ec00c0
0x000000ccfb2fdcb8:   0000028074eb0580 0000000000000000
0x000000ccfb2fdcc8:   0000027b98904b09 0000027b8ba4f3a0
0x000000ccfb2fdcd8:   0000040045604390 0000000000000006
0x000000ccfb2fdce8:   0000000000000000 00000000811bedd0
0x000000ccfb2fdcf8:   0000027b98bd2cb9 000000ccfb2fdd70
0x000000ccfb2fdd08:   0000027b98646300 000000ccfb2fdd60
0x000000ccfb2fdd18:   0000000000000000 0000000000001403
0x000000ccfb2fdd28:   0000000000000000 00000401232d5820
0x000000ccfb2fdd38:   0000040329825b80 0000040329826038
0x000000ccfb2fdd48:   0000000000000000 0000040004e05af0
0x000000ccfb2fdd58:   0000000000000000 000004032a603dd8
0x000000ccfb2fdd68:   00007ffcd59870c2 0000000000000000
0x000000ccfb2fdd78:   0000027b9848d2f8 0000040329816a18
0x000000ccfb2fdd88:   00000402ae292238 00000401c2999f30
0x000000ccfb2fdd98:   0000040045604390 0000040329825b30
0x000000ccfb2fdda8:   00000401232d5730 0000000000000000
0x000000ccfb2fddb8:   0000027b8ba4f3a0 0000040045604390
0x000000ccfb2fddc8:   0000040300000000 0000000000000000
0x000000ccfb2fddd8:   0000027b8ba4f700 0000027b8ba4f3a0
0x000000ccfb2fdde8:   00007ffdd1d09c48 0000040329818570
0x000000ccfb2fddf8:   0000027b98c31ce8 0000040158c00de8
0x000000ccfb2fde08:   00000401c2999f30 0000040329818470
0x000000ccfb2fde18:   00007ffdd1d01412 000000ccfb2fdf50
0x000000ccfb2fde28:   0000040329819af8 00000401c2999f30
0x000000ccfb2fde38:   0000040329816a18 0000000000000000
0x000000ccfb2fde48:   0000000000000010 0000040329816a18
0x000000ccfb2fde58:   0000027b98c6ee84 000000ccfb2fdec0
0x000000ccfb2fde68:   0000027b97148428 0000000000000020 

Instructions: (pc=0x00007ffd649e8bc3)
0x00007ffd649e8ac3:   cc cc cc 66 66 0f 1f 84 00 00 00 00 00 57 56 48
0x00007ffd649e8ad3:   8b f9 48 8b f2 49 8b c8 f3 a4 5e 5f c3 48 8b c1
0x00007ffd649e8ae3:   4c 8d 15 16 75 a4 fe 49 83 f8 0f 0f 87 0c 01 00
0x00007ffd649e8af3:   00 66 66 66 66 0f 1f 84 00 00 00 00 00 47 8b 8c
0x00007ffd649e8b03:   82 30 1c a4 02 4d 03 ca 41 ff e1 c3 90 4c 8b 02
0x00007ffd649e8b13:   8b 4a 08 44 0f b7 4a 0c 44 0f b6 52 0e 4c 89 00
0x00007ffd649e8b23:   89 48 08 66 44 89 48 0c 44 88 50 0e c3 4c 8b 02
0x00007ffd649e8b33:   0f b7 4a 08 44 0f b6 4a 0a 4c 89 00 66 89 48 08
0x00007ffd649e8b43:   44 88 48 0a c3 0f b7 0a 66 89 08 c3 90 8b 0a 44
0x00007ffd649e8b53:   0f b7 42 04 44 0f b6 4a 06 89 08 66 44 89 40 04
0x00007ffd649e8b63:   44 88 48 06 c3 4c 8b 02 8b 4a 08 44 0f b7 4a 0c
0x00007ffd649e8b73:   4c 89 00 89 48 08 66 44 89 48 0c c3 0f b7 0a 44
0x00007ffd649e8b83:   0f b6 42 02 66 89 08 44 88 40 02 c3 90 4c 8b 02
0x00007ffd649e8b93:   8b 4a 08 44 0f b6 4a 0c 4c 89 00 89 48 08 44 88
0x00007ffd649e8ba3:   48 0c c3 4c 8b 02 0f b7 4a 08 4c 89 00 66 89 48
0x00007ffd649e8bb3:   08 c3 4c 8b 02 0f b6 4a 08 4c 89 00 88 48 08 c3
0x00007ffd649e8bc3:   4c 8b 02 8b 4a 08 4c 89 00 89 48 08 c3 8b 0a 44
0x00007ffd649e8bd3:   0f b7 42 04 89 08 66 44 89 40 04 c3 8b 0a 44 0f
0x00007ffd649e8be3:   b6 42 04 89 08 44 88 40 04 c3 48 8b 0a 48 89 08
0x00007ffd649e8bf3:   c3 0f b6 0a 88 08 c3 8b 0a 89 08 c3 90 49 83 f8
0x00007ffd649e8c03:   20 77 17 f3 0f 6f 0a f3 42 0f 6f 54 02 f0 f3 0f
0x00007ffd649e8c13:   7f 09 f3 42 0f 7f 54 01 f0 c3 4e 8d 0c 02 48 3b
0x00007ffd649e8c23:   ca 4c 0f 46 c9 49 3b c9 0f 82 3f 04 00 00 83 3d
0x00007ffd649e8c33:   d8 19 6c 01 03 0f 82 e2 02 00 00 49 81 f8 00 20
0x00007ffd649e8c43:   00 00 76 16 49 81 f8 00 00 18 00 77 0d f6 05 91
0x00007ffd649e8c53:   72 77 01 02 0f 85 73 fe ff ff c5 fe 6f 02 c4 a1
0x00007ffd649e8c63:   7e 6f 6c 02 e0 49 81 f8 00 01 00 00 0f 86 c3 00
0x00007ffd649e8c73:   00 00 4c 8b c9 49 83 e1 1f 49 83 e9 20 49 2b c9
0x00007ffd649e8c83:   49 2b d1 4d 03 c1 49 81 f8 00 01 00 00 0f 86 a2
0x00007ffd649e8c93:   00 00 00 49 81 f8 00 00 18 00 0f 87 3d 01 00 00
0x00007ffd649e8ca3:   66 66 66 66 66 0f 1f 84 00 00 00 00 00 c5 fe 6f
0x00007ffd649e8cb3:   0a c5 fe 6f 52 20 c5 fe 6f 5a 40 c5 fe 6f 62 60 


Stack slot to memory mapping:

stack at sp + 0 slots: 0x00007ffd639d64dd nvoglv64.dll
stack at sp + 1 slots: 0x0000000000000002 is an unknown value
stack at sp + 2 slots: 0x0000027b98bd28b4 is at entry_point+244 in (nmethod*)0x0000027b98bd2610
Compiled method (n/a) 859622 29812     n 0       org.lwjgl.opengl.GL20C::nglUniform4fv (native)
 total in heap  [0x0000027b98bd2610,0x0000027b98bd29e0] = 976
 relocation     [0x0000027b98bd2770,0x0000027b98bd27a8] = 56
 main code      [0x0000027b98bd27c0,0x0000027b98bd29d2] = 530
 stub code      [0x0000027b98bd29d2,0x0000027b98bd29d8] = 6
 oops           [0x0000027b98bd29d8,0x0000027b98bd29e0] = 8
stack at sp + 3 slots: 0x00000401232d5bc8 is a zaddress: com.mojang.blaze3d.shaders.Uniform 
{0x00000401232d5bc8} - klass: 'com/mojang/blaze3d/shaders/Uniform'
 - ---- fields (total size 8 words):
 - private 'location' 'I' @12  0 (0x00000000)
 - private final 'count' 'I' @16  4 (0x00000004)
 - private final 'type' 'I' @20  7 (0x00000007)
 - private 'dirty' 'Z' @24  false (0x00)
 - private final 'intValues' 'Ljava/nio/IntBuffer;' @32  null (0x0000000000001530)
 - private final 'floatValues' 'Ljava/nio/FloatBuffer;' @40  a 'java/nio/DirectFloatBufferU'{0x00000401232d5c08} (0x00802465ab811530)
 - private final 'name' 'Ljava/lang/String;' @48  "ColorModulator"{0x00000401232d5a18} (0x00802465ab431530)
 - private final 'parent' 'Lcom/mojang/blaze3d/shaders/Shader;' @56  a 'net/minecraft/client/renderer/ShaderInstance'{0x00000401232d5730} (0x00802465aae61530)
stack at sp + 4 slots: 0x0 is null
stack at sp + 5 slots: 0x000000ccfb2fdd00 is pointing into the stack for thread: 0x0000027b8ba4f3a0
stack at sp + 6 slots: 0x0000040045604390 is a zaddress: java.lang.Thread 
{0x0000040045604390} - klass: 'java/lang/Thread'
 - ---- fields (total size 22 words):
 - 'threadLocalRandomProbe' 'I' @12  -1640531527 (0x9e3779b9)
 - private volatile 'eetop' 'J' @16  2729647076256 (0x0000027b8ba4f3a0)
 - private final 'tid' 'J' @24  1 (0x0000000000000001)
 - 'threadLocalRandomSeed' 'J' @32  8299385750895118900 (0x732d575e500aca34)
 - injected 'jvmti_thread_state' 'J' @40  2747281946816 (0x0000027fa6c3b8c0)
 - 'threadLocalRandomSecondarySeed' 'I' @48  1253760865 (0x4abadf61)
 - injected 'jvmti_VTMS_transition_disable_count' 'I' @52  0 (0x00000000)
 - injected 'jfr_epoch' 'S' @56  0 (0x0000)
 - volatile 'interrupted' 'Z' @58  false (0x00)
 - injected 'jvmti_is_in_VTMS_transition' 'Z' @59  false (0x00)
 - private volatile 'name' 'Ljava/lang/String;' @64  "Render thread"{0x00000400e395f7a0} (0x00801c72bef41530)
 - private volatile 'contextClassLoader' 'Ljava/lang/ClassLoader;' @72  a 'cpw/mods/modlauncher/TransformingClassLoader'{0x000004032ca00120} (0x0080659400241530)
 - private 'inheritedAccessControlContext' 'Ljava/security/AccessControlContext;' @80  a 'java/security/AccessControlContext'{0x00000400049dbc40} (0x00800093b7881530)
 - private final 'holder' 'Ljava/lang/Thread$FieldHolder;' @88  a 'java/lang/Thread$FieldHolder'{0x00000400049dbb48} (0x00800093b7691530)
 - 'threadLocals' 'Ljava/lang/ThreadLocal$ThreadLocalMap;' @96  a 'java/lang/ThreadLocal$ThreadLocalMap'{0x0000040004e84f70} (0x0080009d09ee1530)
 - 'inheritableThreadLocals' 'Ljava/lang/ThreadLocal$ThreadLocalMap;' @104  null (0x0000000000001530)
 - private 'scopedValueBindings' 'Ljava/lang/Object;' @112  a 'java/lang/Class'{0x0000040114000f18} = 'java/lang/Thread' (0x0080228001e31530)
 - final 'interruptLock' 'Ljava/lang/Object;' @120  a 'java/lang/Object'{0x00000400049dbb38} (0x00800093b7671530)
 - private volatile 'parkBlocker' 'Ljava/lang/Object;' @128  null (0x0000000000001510)
 - volatile 'nioBlocker' 'Lsun/nio/ch/Interruptible;' @136  null (0x0000000000001510)
 - private 'cont' 'Ljdk/internal/vm/Continuation;' @144  null (0x0000000000001530)
 - private volatile 'uncaughtExceptionHandler' 'Ljava/lang/Thread$UncaughtExceptionHandler;' @152  null (0x0000000000001530)
 - private 'container' 'Ljdk/internal/vm/ThreadContainer;' @160  null (0x0000000000001530)
 - private volatile 'headStackableScopes' 'Ljdk/internal/vm/StackableScope;' @168  null (0x0000000000001530)
stack at sp + 7 slots: 0x0000028074ec00c0 points into unknown readable memory: 0x3f8000003f800000 | 00 00 80 3f 00 00 80 3f


Compiled method (n/a) 859626 29814     n 0       org.lwjgl.opengl.GL11C::nglDrawElements (native)
 total in heap  [0x0000027b98bd2a10,0x0000027b98bd2de0] = 976
 relocation     [0x0000027b98bd2b70,0x0000027b98bd2ba8] = 56
 main code      [0x0000027b98bd2bc0,0x0000027b98bd2dd7] = 535
 stub code      [0x0000027b98bd2dd7,0x0000027b98bd2dd8] = 1
 oops           [0x0000027b98bd2dd8,0x0000027b98bd2de0] = 8

[Constant Pool (empty)]

[MachCode]
[Entry Point]
  # {method} {0x0000027fa404ac78} 'nglDrawElements' '(IIIJ)V' in 'org/lwjgl/opengl/GL11C'
  # parm0:    rdx       = int
  # parm1:    r8        = int
  # parm2:    r9        = int
  # parm3:    rdi:rdi   = long
  #           [sp+0x80]  (sp of caller)
  0x0000027b98bd2bc0: 448b 5208 | 493b c20f | 840b 0000 

  0x0000027b98bd2bcc: ;   {runtime_call ic_miss_stub}
  0x0000027b98bd2bcc: 00e9 aeba | e3fd 660f | 1f44 0000 
[Verified Entry Point]
  0x0000027b98bd2bd8: 8984 2400 | 80ff ff55 | 488b ec48 | 83ec 7090 | 4181 7f58 | 1015 0000 

  0x0000027b98bd2bf0: ;   {runtime_call StubRoutines (final stubs)}
  0x0000027b98bd2bf0: 7405 e8a9 | c7e2 fd48 | 897c 2428 | 4c89 4c24 | 204d 8bc8 

  0x0000027b98bd2c04: ;   {oop(a 'java/lang/Class'{0x000004032a603dd8} = 'org/lwjgl/opengl/GL11C')}
  0x0000027b98bd2c04: 4c8b c249 | bed8 3d60 | 2a03 0400 | 004c 8974 | 2460 4c8d | 7424 6049 | 8bd6 c5f8 

  0x0000027b98bd2c20: ;   {internal_word}
  0x0000027b98bd2c20: 7749 ba1e | 2cbd 987b | 0200 004d | 8997 a003 | 0000 4989 | a798 0300 

  0x0000027b98bd2c38: ;   {external_word}
  0x0000027b98bd2c38: 0049 ba2f | dc1a d6fc | 7f00 0041 | 803a 000f | 844e 0000 | 0052 4150 

  0x0000027b98bd2c50: ;   {metadata({method} {0x0000027fa404ac78} 'nglDrawElements' '(IIIJ)V' in 'org/lwjgl/opengl/GL11C')}
  0x0000027b98bd2c50: 4151 48ba | 70ac 04a4 | 7f02 0000 | 498b cf48 | 83ec 2040 | f6c4 0f0f | 8419 0000 | 0048 83ec 
  0x0000027b98bd2c70: ;   {runtime_call}
  0x0000027b98bd2c70: 0848 b830 | bbc4 d5fc | 7f00 00ff | d048 83c4 | 08e9 0c00 

  0x0000027b98bd2c84: ;   {runtime_call}
  0x0000027b98bd2c84: 0000 48b8 | 30bb c4d5 | fc7f 0000 | ffd0 4883 | c420 4159 | 4158 5a49 | 8d8f b803 | 0000 41c7 
  0x0000027b98bd2ca4: 8744 0400 | 0004 0000 

  0x0000027b98bd2cac: ;   {runtime_call}
  0x0000027b98bd2cac: 0048 b8e0 | c6f3 6bfd | 7f00 00ff | d0c5 f877 | 41c7 8744 | 0400 0005 | 0000 00f0 | 8344 24c0 
  0x0000027b98bd2ccc: 0049 3baf | 4804 0000 | 0f87 0e00 | 0000 4183 | bf40 0400 | 0000 0f84 | 2000 0000 | c5f8 7749 
  0x0000027b98bd2cec: 8bcf 4c8b | e448 83ec | 2048 83e4 

  0x0000027b98bd2cf8: ;   {runtime_call}
  0x0000027b98bd2cf8: f048 b8f0 | 2790 d5fc | 7f00 00ff | d049 8be4 | 41c7 8744 | 0400 0008 | 0000 0041 | 83bf c004 
  0x0000027b98bd2d18: 0000 020f | 8494 0000 

  0x0000027b98bd2d20: ;   {external_word}
  0x0000027b98bd2d20: 0049 ba2f | dc1a d6fc | 7f00 0041 | 803a 000f | 8444 0000 

  0x0000027b98bd2d34: ;   {metadata({method} {0x0000027fa404ac78} 'nglDrawElements' '(IIIJ)V' in 'org/lwjgl/opengl/GL11C')}
  0x0000027b98bd2d34: 0048 ba70 | ac04 a47f | 0200 0049 | 8bcf 4883 | ec20 40f6 | c40f 0f84 | 1900 0000 | 4883 ec08 
  0x0000027b98bd2d54: ;   {runtime_call}
  0x0000027b98bd2d54: 48b8 30bb | c4d5 fc7f | 0000 ffd0 | 4883 c408 | e90c 0000 

  0x0000027b98bd2d68: ;   {runtime_call}
  0x0000027b98bd2d68: 0048 b830 | bbc4 d5fc | 7f00 00ff | d048 83c4 | 2049 c787 | 9803 0000 | 0000 0000 | 49c7 87a0 
  0x0000027b98bd2d88: 0300 0000 | 0000 00c5 | f877 498b | 8f28 0400 | 00c7 8100 | 0100 0000 | 0000 00c9 | 4983 7f08 
  0x0000027b98bd2da8: 000f 8501 | 0000 00c3 

  0x0000027b98bd2db0: ;   {runtime_call StubRoutines (initial stubs)}
  0x0000027b98bd2db0: e94b e1de | fdc5 f877 | 4c8b e448 | 83ec 2048 

  0x0000027b98bd2dc0: ;   {runtime_call}
  0x0000027b98bd2dc0: 83e4 f048 | b800 f3c4 | d5fc 7f00 | 00ff d049 | 8be4 e94a | ffff fff4 
[/MachCode]


Compiled method (c2) 859632 37866       4       net.minecraft.client.renderer.MultiBufferSource$BufferSource::endBatch (81 bytes)
 total in heap  [0x0000027b9848c810,0x0000027b9848f838] = 12328
 relocation     [0x0000027b9848c970,0x0000027b9848cc00] = 656
 main code      [0x0000027b9848cc00,0x0000027b9848e758] = 7000
 stub code      [0x0000027b9848e758,0x0000027b9848e820] = 200
 oops           [0x0000027b9848e820,0x0000027b9848e848] = 40
 metadata       [0x0000027b9848e848,0x0000027b9848ead0] = 648
 scopes data    [0x0000027b9848ead0,0x0000027b9848f170] = 1696
 scopes pcs     [0x0000027b9848f170,0x0000027b9848f550] = 992
 dependencies   [0x0000027b9848f550,0x0000027b9848f620] = 208
 handler table  [0x0000027b9848f620,0x0000027b9848f7e8] = 456
 nul chk table  [0x0000027b9848f7e8,0x0000027b9848f838] = 80

[Constant Pool (empty)]

[MachCode]
[Entry Point]
  # {method} {0x0000028017f51bc0} 'endBatch' '(Lnet/minecraft/client/renderer/RenderType;Lcom/mojang/blaze3d/vertex/BufferBuilder;)V' in 'net/minecraft/client/renderer/MultiBufferSource$BufferSource'
  # this:     rdx:rdx   = 'net/minecraft/client/renderer/MultiBufferSource$BufferSource'
  # parm0:    r8:r8     = 'net/minecraft/client/renderer/RenderType'
  # parm1:    r9:r9     = 'com/mojang/blaze3d/vertex/BufferBuilder'
  #           [sp+0x80]  (sp of caller)
  0x0000027b9848cc00: 448b 5208 

  0x0000027b9848cc04: ;   {runtime_call ic_miss_stub}
  0x0000027b9848cc04: 493b c20f | 8573 1a58 | fe66 6690 
[Verified Entry Point]
  0x0000027b9848cc10: 8984 2400 | 80ff ff55 | 4883 ec70 | 4181 7f58 | 1015 0000 | 0f85 1d1b | 0000 4c89 | 4424 1048 
  0x0000027b9848cc30: 8914 244c | 894c 2408 

  0x0000027b9848cc38: ; implicit exception: dispatches to 0x0000027b9848db3c
  0x0000027b9848cc38: 450f b659 | 3a45 85db | 0f84 7a0b | 0000 450f | b651 4245 | 8b59 0c45 | 0fb6 4943 | 4585 db0f 
  0x0000027b9848cc58: 846c 0700 | 004c 8b5c | 2408 410f | b66b 3c85 | ed0f 8571 | 0b00 0041 | 8b6b 2085 | ed0f 8591 
  0x0000027b9848cc78: ;   {oop(a 'com/mojang/blaze3d/vertex/VertexFormat$Mode'{0x0000040158c00ae0})}
  0x0000027b9848cc78: 0c00 0049 | bbe0 0ac0 | 5801 0400 | 004c 8b44 | 2408 498b 

  0x0000027b9848cc8c: ;   {other}
  0x0000027b9848cc8c: 6858 48c1 | ed0d 0f87 | be0f 0000 | 493b eb0f | 847f 0c00 

  0x0000027b9848cca0: ;   {oop(a 'com/mojang/blaze3d/vertex/VertexFormat$Mode'{0x0000040158c00b48})}
  0x0000027b9848cca0: 0049 bb48 | 0bc0 5801 | 0400 0049 | 3beb 0f84 | 800c 0000 | 4585 c90f | 858b 0c00 | 0045 85d2 
  0x0000027b9848ccc0: 0f85 a60c | 0000 4d8b 

  0x0000027b9848ccc8: ;   {other}
  0x0000027b9848ccc8: 5848 49c1 | eb0d 0f87 | d40f 0000 

  0x0000027b9848ccd4: ; implicit exception: dispatches to 0x0000027b9848db50
  0x0000027b9848ccd4: 4d8b 5310 | 4d85 d20f | 84af 0c00 | 0045 8b63 | 1841 8b4b | 1c45 8bc4 | 442b c144 | 3be1 0f84 
  0x0000027b9848ccf4: c40c 0000 | 4589 631c | 41ff 4320 | 4d8b a7b8 | 0100 004d | 8b97 8003 | 0000 4d8b | cc49 83c1 
  0x0000027b9848cd14: 2849 8b1a 

  0x0000027b9848cd18: ;   {other}
  0x0000027b9848cd18: 48c1 eb0d | 0f87 ba0f | 0000 4889 | 5c24 404d | 3b8f c801 | 0000 0f83 | 9007 0000 | 4d89 8fb8 
  0x0000027b9848cd38: 0100 0041 | 0f18 8100 | 0100 0049 | c704 2401 | 0000 004d | 8bd4 4983 

  0x0000027b9848cd50: ;   {metadata('com/mojang/blaze3d/vertex/ByteBufferBuilder$Result')}
  0x0000027b9848cd50: c218 41c7 | 4424 08c0 | 690b 84c5 | fdef c0c4 | c179 d602 | 4189 4c24 | 0c45 8944 | 2410 458b 
  0x0000027b9848cd70: 4324 4589 | 4424 144d 

  0x0000027b9848cd78: ;   {other}
  0x0000027b9848cd78: 8bd3 49c1 | e20d 4981 | ca10 1500 

  0x0000027b9848cd84: ;   {other}
  0x0000027b9848cd84: 004d 8954 | 2420 4c8b | 5424 0849 

  0x0000027b9848cd90: ;   {other}
  0x0000027b9848cd90: 8b4a 5848 | c1e9 0d0f | 8799 0f00 | 0041 8b5a | 0c8b 690c | 83fd 070f | 85d7 0900 | 0044 8bdb 
  0x0000027b9848cdb0: 41c1 fb1f | 448b cb41 | 81e1 0000 | ffff 41c1 | eb1e 4403 | db45 8bc3 | 41d1 f841 | 83e3 fc41 
  0x0000027b9848cdd0: 83e0 fe45 | 03d8 4585 | c90f 8501 | 0c00 0049 | 8b87 b801 | 0000 4c8b | d049 83c2 | 284d 3b97 
  0x0000027b9848cdf0: c801 0000 | 0f83 8707 | 0000 4d89 | 97b8 0100 | 0041 0f18 | 8200 0100 | 0048 c700 | 0100 0000 
  0x0000027b9848ce10: 4c8b d049 

  0x0000027b9848ce14: ;   {metadata('com/mojang/blaze3d/vertex/MeshData')}
  0x0000027b9848ce14: 83c2 10c7 | 4008 583b | 5882 c740 | 0c00 0000 | 00c5 fdef | c041 b807 | 0000 00c4 | c178 92f8 
  0x0000027b9848ce34: 62d1 fe2f | 7f02 4889 | 4424 2049 | 8b87 b801 | 0000 4c8b | d049 83c2 | 304d 3b97 | c801 0000 
  0x0000027b9848ce54: 0f83 b106 | 0000 4d89 | 97b8 0100 | 0041 0f18 | 8200 0100 | 0048 c700 | 0100 0000 

  0x0000027b9848ce70: ;   {metadata('com/mojang/blaze3d/vertex/MeshData$DrawState')}
  0x0000027b9848ce70: c740 08e8 | 6b0b 84c7 | 4014 0000 | 0000 8958 | 0c44 8958 

  0x0000027b9848ce84: ;   {oop(a 'com/mojang/blaze3d/vertex/VertexFormat$IndexType'{0x00000401246cbd98})}
  0x0000027b9848ce84: 1049 ba98 | bd6c 2401 | 0400 0048 | 8b7c 2408 | 488b 5f50 

  0x0000027b9848ce98: ;   {other}
  0x0000027b9848ce98: 48c1 eb0d | 0f87 c50e | 0000 4c8b 

  0x0000027b9848cea4: ;   {other}
  0x0000027b9848cea4: c349 c1e0 | 0d49 81c8 | 1015 0000 

  0x0000027b9848ceb0: ;   {other}
  0x0000027b9848ceb0: 4c89 4018 

  0x0000027b9848ceb4: ;   {other}
  0x0000027b9848ceb4: 4c8b c949 | c1e1 0d49 | 81c9 1015 

  0x0000027b9848cec0: ;   {other}
  0x0000027b9848cec0: 0000 4c89 | 4820 4d8b 

  0x0000027b9848cec8: ;   {other}
  0x0000027b9848cec8: c249 c1e0 | 0d49 81c8 | 1015 0000 

  0x0000027b9848ced4: ;   {other}
  0x0000027b9848ced4: 4c89 4028 | 4c8b 5424 | 2041 f742 | 20e0 ea00 

  0x0000027b9848cee4: ;   {other}
  0x0000027b9848cee4: 000f 85ec | 0e00 004c 

  0x0000027b9848ceec: ;   {other}
  0x0000027b9848ceec: 8bd8 49c1 | e30d 4981 | cb10 1500 

  0x0000027b9848cef8: ;   {other}
  0x0000027b9848cef8: 004d 895a | 204c 8b5c | 2420 41f7 | 4310 e0ea 

  0x0000027b9848cf08: ;   {other}
  0x0000027b9848cf08: 0000 0f85 | 4b0f 0000 

  0x0000027b9848cf10: ;   {other}
  0x0000027b9848cf10: 4d8b d449 | c1e2 0d49 | 81ca 1015 

  0x0000027b9848cf1c: ;   {other}
  0x0000027b9848cf1c: 0000 4d89 | 5310 c647 | 3a00 48c7 | 4710 ffff | ffff 4c8b | 5424 1045 | 0fb6 522d | 4585 d20f 
  0x0000027b9848cf3c: 85bf 0400 

  0x0000027b9848cf40: ;   {oop(a 'java/lang/Class'{0x000004001b7c9e98} = 'net/irisshaders/iris/vertices/ImmediateState')}
  0x0000027b9848cf40: 0049 ba98 | 9e7c 1b00 | 0400 0041 | 0fb6 aac0 | 0000 0085 | ed0f 8599 | 0800 0041 | c682 c200 
  0x0000027b9848cf60: 0000 0041 | 0fb6 aac4 | 0000 0085 | ed0f 8595 | 0800 004c | 8b54 2410 | 498b 5218 

  0x0000027b9848cf7c: ;   {other}
  0x0000027b9848cf7c: 48c1 ea0d | 0f87 4f0f | 0000 498b | ea48 b810 | a165 1280 

  0x0000027b9848cf90: ;   {virtual_call}
  0x0000027b9848cf90: 0200 00e8 

  0x0000027b9848cf94: ; ImmutableOopMap {rbp=Oop [0]=Oop [8]=Oop [16]=Oop [32]=Oop [64]=Oop }
                      ;*invokeinterface run {reexecute=0 rethrow=0 return_oop=0}
                      ; - net.minecraft.client.renderer.RenderStateShard::setupRenderState@4 (line 37)
                      ; - net.minecraft.client.renderer.RenderType::redirect$zhk000$iris$redirectSetupRenderState@7 (line 2033)
                      ; - net.minecraft.client.renderer.RenderType::draw@4 (line 1144)
                      ; - net.minecraft.client.renderer.MultiBufferSource$BufferSource::endBatch@54 (line 96)
  0x0000027b9848cf94: e806 6efe 

  0x0000027b9848cf98: ;   {other}
  0x0000027b9848cf98: 0f1f 8400 | 8807 0000 

  0x0000027b9848cfa0: ;   {oop(a 'java/lang/Class'{0x000004001b7ffdb8} = 'com/mojang/blaze3d/systems/RenderSystem')}
  0x0000027b9848cfa0: 49ba b8fd | 7f1b 0004 | 0000 450f | b68a a401 | 0000 4585 | c90f 8561 | 0800 0049 | 8b9a d000 
  0x0000027b9848cfc0: ;   {other}
  0x0000027b9848cfc0: 0000 48c1 | eb0d 0f87 | 3d0f 0000 | 4c8b 6424 | 404c 3be3 | 0f85 6a08 

  0x0000027b9848cfd8: ;   {oop(a 'java/lang/Class'{0x0000040329818760} = 'net/raphimc/immediatelyfast/feature/batching/BatchingBuffers')}
  0x0000027b9848cfd8: 0000 49ba | 6087 8129 | 0304 0000 | 410f b6aa | c800 0000 | 85ed 0f85 | 1c0a 0000 | 4c8b 4424 
  0x0000027b9848cff8: 204d 8b50 

  0x0000027b9848cffc: ;   {other}
  0x0000027b9848cffc: 2049 c1ea | 0d0f 8746 | 0f00 004d | 85d2 0f84 | 3707 0000 | 498b 4a18 

  0x0000027b9848d014: ;   {other}
  0x0000027b9848d014: 48c1 e90d | 0f87 6d0f | 0000 4885 | c90f 8435 | 0700 004c 

  0x0000027b9848d028: ;   {other}
  0x0000027b9848d028: 8b51 3049 | c1ea 0d0f | 879b 0f00 | 004d 85d2 | 0f84 a505 

  0x0000027b9848d03c: ;   {oop(a 'java/lang/Class'{0x0000040112514b58} = 'com/mojang/blaze3d/vertex/BufferUploader')}
  0x0000027b9848d03c: 0000 48bd | 584b 5112 | 0104 0000 | 4c8b 9db8 

  0x0000027b9848d04c: ;   {other}
  0x0000027b9848d04c: 0000 0049 | c1eb 0d0f | 87bf 0f00 | 004d 3bd3 | 0f84 c900 | 0000 458b 

  0x0000027b9848d064: ;   {oop(a 'java/lang/Class'{0x00000401125120a8} = 'com/mojang/blaze3d/vertex/VertexBuffer')}
  0x0000027b9848d064: 5a14 48b9 | a820 5112 | 0104 0000 | f781 b800 | 0000 e0ea 

  0x0000027b9848d078: ;   {other}
  0x0000027b9848d078: 0000 0f85 | e60f 0000 

  0x0000027b9848d080: ;   {other}
  0x0000027b9848d080: 498b fa48 | c1e7 0d48 | 81cf 1015 

  0x0000027b9848d08c: ;   {other}
  0x0000027b9848d08c: 0000 4889 | b9b8 0000 | 00f7 85b8 | 0000 00e0 

  0x0000027b9848d09c: ;   {other}
  0x0000027b9848d09c: ea00 000f | 855f 1000 | 0048 c785 | b800 0000 

  0x0000027b9848d0ac: ;   {other}
  0x0000027b9848d0ac: 1015 0000 | 4585 c975 | 094c 3be3 | 0f85 8e09 | 0000 4489 | 5c24 304c | 8954 2428 | 4c89 4424 
  0x0000027b9848d0cc: 204c 8964 | 2418 418b 

  0x0000027b9848d0d4: ;   {static_call}
  0x0000027b9848d0d4: d366 90e8 

  0x0000027b9848d0d8: ; ImmutableOopMap {rbp=Oop [0]=Oop [8]=Oop [16]=Oop [24]=Oop [32]=Oop [40]=Oop }
                      ;*invokestatic glBindVertexArray {reexecute=0 rethrow=0 return_oop=0}
                      ; - org.lwjgl.opengl.GL30::glBindVertexArray@1 (line 2283)
                      ; - com.mojang.blaze3d.platform.GlStateManager::_glBindVertexArray@4 (line 289)
                      ; - com.mojang.blaze3d.vertex.VertexBuffer::bind@12 (line 109)
                      ; - com.mojang.blaze3d.vertex.BufferUploader::bindImmediateBuffer@8 (line 55)
                      ; - com.mojang.blaze3d.vertex.BufferUploader::bindImmediateBuffer@6 (line 49)
                      ; - com.mojang.blaze3d.vertex.BufferUploader::upload@10 (line 42)
                      ; - com.mojang.blaze3d.vertex.BufferUploader::_drawWithShader@5 (line 31)
                      ; - com.mojang.blaze3d.vertex.BufferUploader::drawWithShader@19 (line 26)
                      ; - net.minecraft.client.renderer.RenderType::draw@8 (line 1145)
                      ; - net.minecraft.client.renderer.MultiBufferSource$BufferSource::endBatch@54 (line 96)
  0x0000027b9848d0d8: fc40 7c00 

  0x0000027b9848d0dc: ;   {other}
  0x0000027b9848d0dc: 0f1f 8400 | cc08 0001 

  0x0000027b9848d0e4: ;   {oop(a 'java/lang/Class'{0x0000040112514e08} = 'dev/engine_room/flywheel/backend/gl/GlStateTracker')}
  0x0000027b9848d0e4: 49ba 084e | 5112 0104 | 0000 448b | 5c24 3045 | 899a c000 | 0000 4c8b | 5424 28f7 | 85b8 0000 
  0x0000027b9848d104: 00e0 ea00 

  0x0000027b9848d108: ;   {other}
  0x0000027b9848d108: 000f 8589 | 1000 004d 

  0x0000027b9848d110: ;   {other}
  0x0000027b9848d110: 8bda 49c1 | e30d 4981 | cb10 1500 

  0x0000027b9848d11c: ;   {other}
  0x0000027b9848d11c: 004c 899d | b800 0000 | 4c8b 4424 | 20eb 054c | 8964 2418 | 4c89 5424 | 2049 8bd2 

  0x0000027b9848d138: ;   {optimized virtual_call}
  0x0000027b9848d138: 6666 90e8 

  0x0000027b9848d13c: ; ImmutableOopMap {[0]=Oop [8]=Oop [16]=Oop [24]=Oop [32]=Oop }
                      ;*invokevirtual upload {reexecute=0 rethrow=0 return_oop=0}
                      ; - com.mojang.blaze3d.vertex.BufferUploader::upload@16 (line 43)
                      ; - com.mojang.blaze3d.vertex.BufferUploader::_drawWithShader@5 (line 31)
                      ; - com.mojang.blaze3d.vertex.BufferUploader::drawWithShader@19 (line 26)
                      ; - net.minecraft.client.renderer.RenderType::draw@8 (line 1145)
                      ; - net.minecraft.client.renderer.MultiBufferSource$BufferSource::endBatch@54 (line 96)
  0x0000027b9848d13c: 7023 99ff 

  0x0000027b9848d140: ;   {other}
  0x0000027b9848d140: 0f1f 8400 | 3009 0002 

  0x0000027b9848d148: ;   {oop(a 'java/lang/Class'{0x000004001b7ffdb8} = 'com/mojang/blaze3d/systems/RenderSystem')}
  0x0000027b9848d148: 49ba b8fd | 7f1b 0004 | 0000 498b | aad0 0000 

  0x0000027b9848d158: ;   {other}
  0x0000027b9848d158: 0048 c1ed | 0d0f 87ab | 1000 004c | 8b5c 2418 | 4c3b dd0f | 85fb 0600 

  0x0000027b9848d170: ;   {oop(a 'java/lang/Class'{0x00000400695a1120} = 'net/minecraft/client/Minecraft')}
  0x0000027b9848d170: 0049 ba20 | 115a 6900 | 0400 004d | 8b82 b800 

  0x0000027b9848d180: ;   {other}
  0x0000027b9848d180: 0000 49c1 | e80d 0f87 | bc10 0000 | 4d85 c00f | 84db 0500 | 004d 8ba0 | d000 0000 

  0x0000027b9848d19c: ;   {other}
  0x0000027b9848d19c: 49c1 ec0d | 0f87 dc10 

  0x0000027b9848d1a4: ;   {oop(a 'java/lang/Class'{0x000004001b7ffdb8} = 'com/mojang/blaze3d/systems/RenderSystem')}
  0x0000027b9848d1a4: 0000 49b8 | b8fd 7f1b | 0004 0000 | 4d8b 9058 

  0x0000027b9848d1b4: ;   {other}
  0x0000027b9848d1b4: 0100 0049 | c1ea 0d0f | 87fb 1000 | 004c 8b44 | 2420 498b 

  0x0000027b9848d1c8: ;   {other}
  0x0000027b9848d1c8: 4848 48c1 | e90d 0f87 | 2211 0000 

  0x0000027b9848d1d4: ;   {oop(a 'java/lang/Class'{0x000004001b7ffdb8} = 'com/mojang/blaze3d/systems/RenderSystem')}
  0x0000027b9848d1d4: 49b9 b8fd | 7f1b 0004 | 0000 498b | b9f0 0000 

  0x0000027b9848d1e4: ;   {other}
  0x0000027b9848d1e4: 0048 c1ef | 0d0f 8742 

  0x0000027b9848d1ec: ;   {oop(a 'java/lang/Class'{0x000004001b7ffdb8} = 'com/mojang/blaze3d/systems/RenderSystem')}
  0x0000027b9848d1ec: 1100 0048 | bbb8 fd7f | 1b00 0400 | 004c 8b8b | 1801 0000 

  0x0000027b9848d200: ;   {other}
  0x0000027b9848d200: 49c1 e90d | 0f87 7511 | 0000 418b | 6a08 4c89 | 5424 2848 | 8b54 2428 | 4c8b c149 

  0x0000027b9848d21c: ;   {optimized virtual_call}
  0x0000027b9848d21c: 8bf4 90e8 

  0x0000027b9848d220: ; ImmutableOopMap {[0]=Oop [8]=Oop [16]=Oop [24]=Oop [32]=Oop [40]=Oop }
                      ;*invokevirtual setDefaultUniforms {reexecute=0 rethrow=0 return_oop=0}
                      ; - com.mojang.blaze3d.vertex.VertexBuffer::_drawWithShader@13 (line 137)
                      ; - com.mojang.blaze3d.vertex.VertexBuffer::drawWithShader@25 (line 132)
                      ; - com.mojang.blaze3d.vertex.BufferUploader::_drawWithShader@19 (line 32)
                      ; - com.mojang.blaze3d.vertex.BufferUploader::drawWithShader@19 (line 26)
                      ; - net.minecraft.client.renderer.RenderType::draw@8 (line 1145)
                      ; - net.minecraft.client.renderer.MultiBufferSource$BufferSource::endBatch@54 (line 96)
  0x0000027b9848d220: ac6f 4700 

  0x0000027b9848d224: ;   {other}
  0x0000027b9848d224: 0f1f 8400 | 140a 0003 

  0x0000027b9848d22c: ;   {metadata('net/minecraft/client/renderer/ShaderInstance')}
  0x0000027b9848d22c: 81fd 9815 | 6d81 0f85 | 6805 0000 | 4c8b 5424 | 284c 8954 | 2428 498b 

  0x0000027b9848d244: ;   {optimized virtual_call}
  0x0000027b9848d244: d266 90e8 

  0x0000027b9848d248: ; ImmutableOopMap {[0]=Oop [8]=Oop [16]=Oop [24]=Oop [32]=Oop [40]=Oop }
                      ;*invokevirtual apply {reexecute=0 rethrow=0 return_oop=0}
                      ; - com.mojang.blaze3d.vertex.VertexBuffer::_drawWithShader@17 (line 138)
                      ; - com.mojang.blaze3d.vertex.VertexBuffer::drawWithShader@25 (line 132)
                      ; - com.mojang.blaze3d.vertex.BufferUploader::_drawWithShader@19 (line 32)
                      ; - com.mojang.blaze3d.vertex.BufferUploader::drawWithShader@19 (line 26)
                      ; - net.minecraft.client.renderer.RenderType::draw@8 (line 1145)
                      ; - net.minecraft.client.renderer.MultiBufferSource$BufferSource::endBatch@54 (line 96)
  0x0000027b9848d248: a486 1b00 

  0x0000027b9848d24c: ;   {other}
  0x0000027b9848d24c: 0f1f 8400 | 3c0a 0004 | 4c8b 4c24 | 204d 8b51 

  0x0000027b9848d25c: ;   {other}
  0x0000027b9848d25c: 4849 c1ea | 0d0f 8766 | 1100 0045 | 8b42 144d 

  0x0000027b9848d26c: ;   {other}
  0x0000027b9848d26c: 8b51 3849 | c1ea 0d0f | 8788 1100 | 004d 85d2 | 0f84 2c02 | 0000 4d8b 

  0x0000027b9848d284: ;   {other}
  0x0000027b9848d284: 5a28 49c1 | eb0d 0f87 | af11 0000 

  0x0000027b9848d290: ; implicit exception: dispatches to 0x0000027b9848dbc4
  0x0000027b9848d290: 458b 5b14 | 458b 6118 

  0x0000027b9848d298: ;   {oop(a 'java/lang/Class'{0x000004001b7ffdb8} = 'com/mojang/blaze3d/systems/RenderSystem')}
  0x0000027b9848d298: 49ba b8fd | 7f1b 0004 | 0000 498b | aad0 0000 

  0x0000027b9848d2a8: ;   {other}
  0x0000027b9848d2a8: 0048 c1ed | 0d0f 87d4 | 1100 004c | 8b54 2418 | 4c3b d50f | 85c3 0500 | 0041 83f8 | 040f 85e9 
  0x0000027b9848d2c8: ;   {oop(a 'java/lang/Class'{0x000004001b7c9e98} = 'net/irisshaders/iris/vertices/ImmediateState')}
  0x0000027b9848d2c8: 0500 0049 | ba98 9e7c | 1b00 0400 | 0041 0fb6 | aac1 0000 | 0085 ed0f | 853f 0700 | 00ba 0400 
  0x0000027b9848d2e8: 0000 458b | c445 8bcb 

  0x0000027b9848d2f0: ;   {static_call}
  0x0000027b9848d2f0: 33ff 90e8 

  0x0000027b9848d2f4: ; ImmutableOopMap {[0]=Oop [8]=Oop [16]=Oop [40]=Oop }
                      ;*invokestatic nglDrawElements {reexecute=0 rethrow=0 return_oop=0}
                      ; - org.lwjgl.opengl.GL11C::glDrawElements@4 (line 543)
                      ; - com.mojang.blaze3d.platform.GlStateManager::redirect$zgg000$iris$modify@18 (line 2583)
                      ; - com.mojang.blaze3d.platform.GlStateManager::_drawElements@23 (line 713)
                      ; - com.mojang.blaze3d.systems.RenderSystem::drawElements@7 (line 440)
                      ; - com.mojang.blaze3d.vertex.VertexBuffer::draw@18 (line 118)
                      ; - com.mojang.blaze3d.vertex.VertexBuffer::_drawWithShader@21 (line 139)
                      ; - com.mojang.blaze3d.vertex.VertexBuffer::drawWithShader@25 (line 132)
                      ; - com.mojang.blaze3d.vertex.BufferUploader::_drawWithShader@19 (line 32)
                      ; - com.mojang.blaze3d.vertex.BufferUploader::drawWithShader@19 (line 26)
                      ; - net.minecraft.client.renderer.RenderType::draw@8 (line 1145)
                      ; - net.minecraft.client.renderer.MultiBufferSource$BufferSource::endBatch@54 (line 96)
  0x0000027b9848d2f4: e058 7400 

  0x0000027b9848d2f8: ;   {other}
  0x0000027b9848d2f8: 0f1f 8400 | e80a 0005 | 488b 5424 

  0x0000027b9848d304: ;   {optimized virtual_call}
  0x0000027b9848d304: 2866 90e8 

  0x0000027b9848d308: ; ImmutableOopMap {[0]=Oop [8]=Oop [16]=Oop }
                      ;*invokevirtual clear {reexecute=0 rethrow=0 return_oop=0}
                      ; - com.mojang.blaze3d.vertex.VertexBuffer::_drawWithShader@25 (line 140)
                      ; - com.mojang.blaze3d.vertex.VertexBuffer::drawWithShader@25 (line 132)
                      ; - com.mojang.blaze3d.vertex.BufferUploader::_drawWithShader@19 (line 32)
                      ; - com.mojang.blaze3d.vertex.BufferUploader::drawWithShader@19 (line 26)
                      ; - net.minecraft.client.renderer.RenderType::draw@8 (line 1145)
                      ; - net.minecraft.client.renderer.MultiBufferSource$BufferSource::endBatch@54 (line 96)
  0x0000027b9848d308: c4c7 15ff 

  0x0000027b9848d30c: ;   {other}
  0x0000027b9848d30c: 0f1f 8400 | fc0a 0006 

  0x0000027b9848d314: ;   {oop(a 'java/lang/Class'{0x000004001b7c9e98} = 'net/irisshaders/iris/vertices/ImmediateState')}
  0x0000027b9848d314: 49ba 989e | 7c1b 0004 | 0000 410f | b6aa c400 | 0000 85ed | 0f85 b605 | 0000 4c8b | 5424 1049 
  0x0000027b9848d334: ;   {other}
  0x0000027b9848d334: 8b52 2048 | c1ea 0d0f | 8794 1100 | 0048 b800 | a265 1280 

  0x0000027b9848d348: ;   {virtual_call}
  0x0000027b9848d348: 0200 00e8 

  0x0000027b9848d34c: ; ImmutableOopMap {[0]=Oop [8]=Oop [16]=Oop }
                      ;*invokeinterface run {reexecute=0 rethrow=0 return_oop=0}
                      ; - net.minecraft.client.renderer.RenderStateShard::clearRenderState@4 (line 41)
                      ; - net.minecraft.client.renderer.RenderType::redirect$zhk000$iris$redirectClearRenderState@7 (line 2039)
                      ; - net.minecraft.client.renderer.RenderType::draw@15 (line 1146)
                      ; - net.minecraft.client.renderer.MultiBufferSource$BufferSource::endBatch@54 (line 96)
  0x0000027b9848d34c: 3003 6efe 

  0x0000027b9848d350: ;   {other}
  0x0000027b9848d350: 0f1f 8400 | 400b 0007 

  0x0000027b9848d358: ;   {oop(a 'java/lang/Class'{0x000004001b7c9e98} = 'net/irisshaders/iris/vertices/ImmediateState')}
  0x0000027b9848d358: 49ba 989e | 7c1b 0004 | 0000 410f | b6aa c000 | 0000 85ed | 0f85 8605 | 0000 4c8b | 1c24 4d8b 
  0x0000027b9848d378: ;   {other}
  0x0000027b9848d378: 5328 49c1 | ea0d 0f87 | 8511 0000 | 4c8b 4424 | 104d 3bc2 | 7516 41f7 | 4328 e0ea 

  0x0000027b9848d394: ;   {other}
  0x0000027b9848d394: 0000 0f85 | a111 0000 | 49c7 4328 

  0x0000027b9848d3a0: ;   {other}
  0x0000027b9848d3a0: 1015 0000 

  0x0000027b9848d3a4: ;   {oop(a 'java/lang/Class'{0x000004001b7c9e98} = 'net/irisshaders/iris/vertices/ImmediateState')}
  0x0000027b9848d3a4: 49ba 989e | 7c1b 0004 | 0000 41c6 | 82c2 0000 | 0001 4883 

  0x0000027b9848d3b8: ;   {poll_return}
  0x0000027b9848d3b8: c470 5d49 | 3ba7 4804 | 0000 0f87 | 6913 0000 | c345 85c9 | 0f85 ce06 | 0000 4585 | d20f 85a1 
  0x0000027b9848d3d8: 0600 00ba | 45ff ffff | 488b 2c24 | 4c8b 5424 | 104c 8914 | 2444 895c 

  0x0000027b9848d3f0: ;   {runtime_call UncommonTrapBlob}
  0x0000027b9848d3f0: 2418 90e8 

  0x0000027b9848d3f4: ; ImmutableOopMap {rbp=Oop [0]=Oop [8]=Oop }
                      ;*ifne {reexecute=1 rethrow=0 return_oop=0}
                      ; - (reexecute) com.mojang.blaze3d.vertex.BufferBuilder::storeMesh@4 (line 82)
                      ; - com.mojang.blaze3d.vertex.BufferBuilder::build@9 (line 60)
                      ; - net.minecraft.client.renderer.MultiBufferSource$BufferSource::endBatch@1 (line 90)
  0x0000027b9848d3f4: 089f 58fe 

  0x0000027b9848d3f8: ;   {other}
  0x0000027b9848d3f8: 0f1f 8400 | e80b 0008 | 48ff 3424 | 488f 4424 | 284c 8b14 | 244d 8b4a 

  0x0000027b9848d410: ;   {other}
  0x0000027b9848d410: 1049 c1e9 | 0d0f 8792 | 1100 004d 

  0x0000027b9848d41c: ;   {other}
  0x0000027b9848d41c: 8b5a 1849 | c1eb 0d0f | 87b8 1100 | 0045 8b53 

  0x0000027b9848d42c: ;   {metadata('it/unimi/dsi/fastutil/objects/Object2ObjectLinkedOpenHashMap')}
  0x0000027b9848d42c: 0841 81fa | 78ed cb81 | 0f85 b706 | 0000 498b | d34c 8b44 | 2410 488b 

  0x0000027b9848d444: ;   {optimized virtual_call}
  0x0000027b9848d444: 2c24 90e8 

  0x0000027b9848d448: ; ImmutableOopMap {rbp=Oop [8]=Oop [16]=Oop [32]=Oop [40]=Oop [64]=Oop }
                      ;*invokeinterface getOrDefault {reexecute=0 rethrow=0 return_oop=1}
                      ; - net.minecraft.client.renderer.MultiBufferSource$BufferSource::endBatch@25 (line 93)
  0x0000027b9848d448: a494 28ff 

  0x0000027b9848d44c: ;   {other}
  0x0000027b9848d44c: 0f1f 8400 | 3c0c 0009 

  0x0000027b9848d454: ; implicit exception: dispatches to 0x0000027b9848dbf4
  0x0000027b9848d454: 448b 5008 

  0x0000027b9848d458: ;   {metadata('com/mojang/blaze3d/vertex/ByteBufferBuilder')}
  0x0000027b9848d458: 4181 faf8 | 0d14 810f | 85b7 0600 | 0048 8be8 

  0x0000027b9848d468: ;   {static_call}
  0x0000027b9848d468: 6666 90e8 

  0x0000027b9848d46c: ; ImmutableOopMap {rbp=Oop [8]=Oop [16]=Oop [32]=Oop [40]=Oop [64]=Oop }
                      ;*invokestatic getVertexSorting {reexecute=0 rethrow=0 return_oop=1}
                      ; - net.minecraft.client.renderer.MultiBufferSource$BufferSource::endBatch@38 (line 94)
  0x0000027b9848d46c: 30d4 08ff 

  0x0000027b9848d470: ;   {other}
  0x0000027b9848d470: 0f1f 8400 | 600c 000a | 4c8b dd48 | ff74 2428 | 488f 0424 | 488b 6c24 | 0848 8b54 | 2420 4d8b 
  0x0000027b9848d490: c34c 8bc8 

  0x0000027b9848d494: ;   {optimized virtual_call}
  0x0000027b9848d494: 6666 90e8 

  0x0000027b9848d498: ; ImmutableOopMap {rbp=Oop [0]=Oop [16]=Oop [32]=Oop [64]=Oop }
                      ;*invokevirtual sortQuads {reexecute=0 rethrow=0 return_oop=1}
                      ; - net.minecraft.client.renderer.MultiBufferSource$BufferSource::endBatch@41 (line 94)
  0x0000027b9848d498: b408 f8ff 

  0x0000027b9848d49c: ;   {other}
  0x0000027b9848d49c: 0f1f 8400 | 8c0c 000b | 4889 6c24 | 08e9 93fa | ffff 4d8b 

  0x0000027b9848d4b0: ;   {other}
  0x0000027b9848d4b0: 5140 49c1 | ea0d 0f87 | 6311 0000 | 4d8b dae9 | ccfd ffff | 4489 4424 | 2489 4c24 | 204c 895c 
  0x0000027b9848d4d0: 2418 488b 

  0x0000027b9848d4d4: ;   {metadata('com/mojang/blaze3d/vertex/ByteBufferBuilder$Result')}
  0x0000027b9848d4d4: 6c24 0848 | bac0 690b | 8400 0000 

  0x0000027b9848d4e0: ;   {runtime_call _new_instance_Java}
  0x0000027b9848d4e0: 0066 90e8 

  0x0000027b9848d4e4: ; ImmutableOopMap {rbp=Oop [0]=Oop [16]=Oop [24]=Oop [64]=Oop }
                      ;*new {reexecute=0 rethrow=0 return_oop=1}
                      ; - com.mojang.blaze3d.vertex.ByteBufferBuilder::build@40 (line 70)
                      ; - com.mojang.blaze3d.vertex.BufferBuilder::storeMesh@13 (line 85)
                      ; - com.mojang.blaze3d.vertex.BufferBuilder::build@9 (line 60)
                      ; - net.minecraft.client.renderer.MultiBufferSource$BufferSource::endBatch@1 (line 90)
  0x0000027b9848d4e4: 986b 64fe 

  0x0000027b9848d4e8: ;   {other}
  0x0000027b9848d4e8: 0f1f 8400 | d80c 000c | 4889 6c24 | 084c 8b5c | 2418 8b4c | 2420 448b | 4424 244c | 8be0 e959 
  0x0000027b9848d508: f8ff ff48 | ff74 2420 | 488f 4424 | 3844 895c | 2434 895c | 2430 4889 | 4c24 2848 | ff74 2440 
  0x0000027b9848d528: 488f 4424 | 204c 8964 | 2418 488b 

  0x0000027b9848d534: ;   {metadata('com/mojang/blaze3d/vertex/MeshData$DrawState')}
  0x0000027b9848d534: 6c24 0848 | bae8 6b0b | 8400 0000 

  0x0000027b9848d540: ;   {runtime_call _new_instance_Java}
  0x0000027b9848d540: 0066 90e8 

  0x0000027b9848d544: ; ImmutableOopMap {rbp=Oop [0]=Oop [16]=Oop [24]=Oop [32]=Oop [40]=Oop [56]=Oop }
                      ;*new {reexecute=0 rethrow=0 return_oop=1}
                      ; - com.mojang.blaze3d.vertex.BufferBuilder::storeMesh@48 (line 91)
                      ; - com.mojang.blaze3d.vertex.BufferBuilder::build@9 (line 60)
                      ; - net.minecraft.client.renderer.MultiBufferSource$BufferSource::endBatch@1 (line 90)
  0x0000027b9848d544: 386b 64fe 

  0x0000027b9848d548: ;   {other}
  0x0000027b9848d548: 0f1f 8400 | 380d 000d | 4889 6c24 | 084c 8b64 | 2418 48ff | 7424 2048 | 8f44 2440 | 488b 4c24 
  0x0000027b9848d568: 288b 5c24 | 3044 8b5c | 2434 48ff | 7424 3848 | 8f44 2420 | e9fd f8ff | ff44 895c | 2434 895c 
  0x0000027b9848d588: 2430 4889 | 4c24 2848 | ff74 2440 | 488f 4424 | 204c 8964 | 2418 488b 

  0x0000027b9848d5a0: ;   {metadata('com/mojang/blaze3d/vertex/MeshData')}
  0x0000027b9848d5a0: 6c24 0848 | ba58 3b58 | 8200 0000 

  0x0000027b9848d5ac: ;   {runtime_call _new_instance_Java}
  0x0000027b9848d5ac: 0066 90e8 

  0x0000027b9848d5b0: ; ImmutableOopMap {rbp=Oop [0]=Oop [16]=Oop [24]=Oop [32]=Oop [40]=Oop }
                      ;*new {reexecute=0 rethrow=0 return_oop=1}
                      ; - com.mojang.blaze3d.vertex.BufferBuilder::storeMesh@43 (line 91)
                      ; - com.mojang.blaze3d.vertex.BufferBuilder::build@9 (line 60)
                      ; - net.minecraft.client.renderer.MultiBufferSource$BufferSource::endBatch@1 (line 90)
  0x0000027b9848d5b0: cc6a 64fe 

  0x0000027b9848d5b4: ;   {other}
  0x0000027b9848d5b4: 0f1f 8400 | a40d 000e | 4889 6c24 | 084c 8b64 | 2418 48ff | 7424 2048 | 8f44 2440 | 488b 4c24 
  0x0000027b9848d5d4: 288b 5c24 | 3044 8b5c | 2434 e957 | f8ff ff49 | 8b87 b801 | 0000 4c8b | d049 83c2 | 504d 3b97 
  0x0000027b9848d5f4: c801 0000 | 0f83 c604 | 0000 4d89 | 97b8 0100 | 0041 0f18 | 8200 0100 | 0048 c700 | 0100 0000 
  0x0000027b9848d614: 4c8b d049 

  0x0000027b9848d618: ;   {metadata('com/mojang/blaze3d/vertex/VertexBuffer')}
  0x0000027b9848d618: 83c2 10c7 | 4008 b03d | 0b84 4c8b | d849 83c3 | 30c7 400c | 0000 0000 | c5fd efc0 | bb07 0000 
  0x0000027b9848d638: 00c5 f892 | f362 d1fe | 2e7f 02c5 | fdef c062 | d1fe 287f | 0348 8b6c | 2440 48ff | 7424 2048 
  0x0000027b9848d658: 8f44 2418 | 4889 4c24 

  0x0000027b9848d660: ;   {oop(a 'com/mojang/blaze3d/vertex/VertexBuffer$Usage'{0x0000040112512618})}
  0x0000027b9848d660: 2049 ba18 | 2651 1201 | 0400 004d 

  0x0000027b9848d66c: ;   {other}
  0x0000027b9848d66c: 8bda 49c1 | e30d 4981 | cb10 1500 

  0x0000027b9848d678: ;   {other}
  0x0000027b9848d678: 004c 8958 | 284c 8bd0 | 4c89 5424 

  0x0000027b9848d684: ;   {static_call}
  0x0000027b9848d684: 2866 90e8 

  0x0000027b9848d688: ; ImmutableOopMap {rbp=Oop [0]=Oop [8]=Oop [16]=Oop [24]=Oop [32]=Oop [40]=Oop }
                      ;*invokestatic assertOnRenderThread {reexecute=0 rethrow=0 return_oop=0}
                      ; - com.mojang.blaze3d.vertex.VertexBuffer::<init>@9 (line 30)
                      ; - com.mojang.blaze3d.vertex.VertexFormat::getImmediateDrawVertexBuffer@17 (line 156)
                      ; - com.mojang.blaze3d.vertex.BufferUploader::bindImmediateBuffer@1 (line 48)
                      ; - com.mojang.blaze3d.vertex.BufferUploader::upload@10 (line 42)
                      ; - com.mojang.blaze3d.vertex.BufferUploader::_drawWithShader@5 (line 31)
                      ; - com.mojang.blaze3d.vertex.BufferUploader::drawWithShader@19 (line 26)
                      ; - net.minecraft.client.renderer.RenderType::draw@8 (line 1145)
                      ; - net.minecraft.client.renderer.MultiBufferSource$BufferSource::endBatch@54 (line 96)
  0x0000027b9848d688: f41e 58fe 

  0x0000027b9848d68c: ;   {other}
  0x0000027b9848d68c: 0f1f 8400 | 7c0e 000f 

  0x0000027b9848d694: ;   {static_call}
  0x0000027b9848d694: 6666 90e8 

  0x0000027b9848d698: ; ImmutableOopMap {rbp=Oop [0]=Oop [8]=Oop [16]=Oop [24]=Oop [32]=Oop [40]=Oop }
                      ;*invokestatic _glGenBuffers {reexecute=0 rethrow=0 return_oop=0}
                      ; - com.mojang.blaze3d.vertex.VertexBuffer::<init>@13 (line 31)
                      ; - com.mojang.blaze3d.vertex.VertexFormat::getImmediateDrawVertexBuffer@17 (line 156)
                      ; - com.mojang.blaze3d.vertex.BufferUploader::bindImmediateBuffer@1 (line 48)
                      ; - com.mojang.blaze3d.vertex.BufferUploader::upload@10 (line 42)
                      ; - com.mojang.blaze3d.vertex.BufferUploader::_drawWithShader@5 (line 31)
                      ; - com.mojang.blaze3d.vertex.BufferUploader::drawWithShader@19 (line 26)
                      ; - net.minecraft.client.renderer.RenderType::draw@8 (line 1145)
                      ; - net.minecraft.client.renderer.MultiBufferSource$BufferSource::endBatch@54 (line 96)
  0x0000027b9848d698: e41e 58fe 

  0x0000027b9848d69c: ;   {other}
  0x0000027b9848d69c: 0f1f 8400 | 8c0e 0010 | 4c8b 5424 | 2841 8942 

  0x0000027b9848d6ac: ;   {static_call}
  0x0000027b9848d6ac: 0c66 90e8 

  0x0000027b9848d6b0: ; ImmutableOopMap {rbp=Oop [0]=Oop [8]=Oop [16]=Oop [24]=Oop [32]=Oop [40]=Oop }
                      ;*invokestatic _glGenBuffers {reexecute=0 rethrow=0 return_oop=0}
                      ; - com.mojang.blaze3d.vertex.VertexBuffer::<init>@20 (line 32)
                      ; - com.mojang.blaze3d.vertex.VertexFormat::getImmediateDrawVertexBuffer@17 (line 156)
                      ; - com.mojang.blaze3d.vertex.BufferUploader::bindImmediateBuffer@1 (line 48)
                      ; - com.mojang.blaze3d.vertex.BufferUploader::upload@10 (line 42)
                      ; - com.mojang.blaze3d.vertex.BufferUploader::_drawWithShader@5 (line 31)
                      ; - com.mojang.blaze3d.vertex.BufferUploader::drawWithShader@19 (line 26)
                      ; - net.minecraft.client.renderer.RenderType::draw@8 (line 1145)
                      ; - net.minecraft.client.renderer.MultiBufferSource$BufferSource::endBatch@54 (line 96)
  0x0000027b9848d6b0: cc1e 58fe 

  0x0000027b9848d6b4: ;   {other}
  0x0000027b9848d6b4: 0f1f 8400 | a40e 0011 | 4c8b 5424 | 2841 8942 

  0x0000027b9848d6c4: ;   {static_call}
  0x0000027b9848d6c4: 1066 90e8 

  0x0000027b9848d6c8: ; ImmutableOopMap {rbp=Oop [0]=Oop [8]=Oop [16]=Oop [24]=Oop [32]=Oop [40]=Oop }
                      ;*invokestatic _glGenVertexArrays {reexecute=0 rethrow=0 return_oop=0}
                      ; - com.mojang.blaze3d.vertex.VertexBuffer::<init>@27 (line 33)
                      ; - com.mojang.blaze3d.vertex.VertexFormat::getImmediateDrawVertexBuffer@17 (line 156)
                      ; - com.mojang.blaze3d.vertex.BufferUploader::bindImmediateBuffer@1 (line 48)
                      ; - com.mojang.blaze3d.vertex.BufferUploader::upload@10 (line 42)
                      ; - com.mojang.blaze3d.vertex.BufferUploader::_drawWithShader@5 (line 31)
                      ; - com.mojang.blaze3d.vertex.BufferUploader::drawWithShader@19 (line 26)
                      ; - net.minecraft.client.renderer.RenderType::draw@8 (line 1145)
                      ; - net.minecraft.client.renderer.MultiBufferSource$BufferSource::endBatch@54 (line 96)
  0x0000027b9848d6c8: b41e 58fe 

  0x0000027b9848d6cc: ;   {other}
  0x0000027b9848d6cc: 0f1f 8400 | bc0e 0012 | 4c8b 4424 | 2841 8940 

  0x0000027b9848d6dc: ;   {oop(a 'java/lang/Class'{0x000004001b7ffdb8} = 'com/mojang/blaze3d/systems/RenderSystem')}
  0x0000027b9848d6dc: 1449 bab8 | fd7f 1b00 | 0400 0045 | 0fb6 8aa4 

  0x0000027b9848d6ec: ;   {oop(a 'java/lang/Class'{0x000004001b7ffdb8} = 'com/mojang/blaze3d/systems/RenderSystem')}
  0x0000027b9848d6ec: 0100 0049 | bbb8 fd7f | 1b00 0400 | 004d 8b93 | d000 0000 

  0x0000027b9848d700: ;   {other}
  0x0000027b9848d700: 49c1 ea0d | 0f87 530f | 0000 4c8b | 6424 2041 | f744 2430 | e0ea 0000 

  0x0000027b9848d718: ;   {other}
  0x0000027b9848d718: 0f85 8d0f | 0000 4d8b 

  0x0000027b9848d720: ;   {other}
  0x0000027b9848d720: d849 c1e3 | 0d49 81cb | 1015 0000 

  0x0000027b9848d72c: ;   {other}
  0x0000027b9848d72c: 4d89 5c24 | 304d 8bda | 4d8b d04c | 8be5 4c8b | 4424 1849 | 8bdb e9f7 | f8ff ffba | f6ff ffff 
  0x0000027b9848d74c: ;   {runtime_call UncommonTrapBlob}
  0x0000027b9848d74c: 6666 90e8 

  0x0000027b9848d750: ; ImmutableOopMap {}
                      ;*invokevirtual format {reexecute=0 rethrow=0 return_oop=0}
                      ; - com.mojang.blaze3d.vertex.BufferUploader::upload@7 (line 42)
                      ; - com.mojang.blaze3d.vertex.BufferUploader::_drawWithShader@5 (line 31)
                      ; - com.mojang.blaze3d.vertex.BufferUploader::drawWithShader@19 (line 26)
                      ; - net.minecraft.client.renderer.RenderType::draw@8 (line 1145)
                      ; - net.minecraft.client.renderer.MultiBufferSource$BufferSource::endBatch@54 (line 96)
  0x0000027b9848d750: ac9b 58fe 

  0x0000027b9848d754: ;   {other}
  0x0000027b9848d754: 0f1f 8400 | 440f 0013 | baf6 ffff 

  0x0000027b9848d760: ;   {runtime_call UncommonTrapBlob}
  0x0000027b9848d760: ff66 90e8 

  0x0000027b9848d764: ; ImmutableOopMap {}
                      ;*invokevirtual getImmediateDrawVertexBuffer {reexecute=0 rethrow=0 return_oop=0}
                      ; - com.mojang.blaze3d.vertex.BufferUploader::bindImmediateBuffer@1 (line 48)
                      ; - com.mojang.blaze3d.vertex.BufferUploader::upload@10 (line 42)
                      ; - com.mojang.blaze3d.vertex.BufferUploader::_drawWithShader@5 (line 31)
                      ; - com.mojang.blaze3d.vertex.BufferUploader::drawWithShader@19 (line 26)
                      ; - net.minecraft.client.renderer.RenderType::draw@8 (line 1145)
                      ; - net.minecraft.client.renderer.MultiBufferSource$BufferSource::endBatch@54 (line 96)
  0x0000027b9848d764: 989b 58fe 

  0x0000027b9848d768: ;   {other}
  0x0000027b9848d768: 0f1f 8400 | 580f 0014 | baf6 ffff 

  0x0000027b9848d774: ;   {runtime_call UncommonTrapBlob}
  0x0000027b9848d774: ff66 90e8 

  0x0000027b9848d778: ; ImmutableOopMap {}
                      ;*invokevirtual getWindow {reexecute=0 rethrow=0 return_oop=0}
                      ; - com.mojang.blaze3d.vertex.VertexBuffer::_drawWithShader@10 (line 137)
                      ; - com.mojang.blaze3d.vertex.VertexBuffer::drawWithShader@25 (line 132)
                      ; - com.mojang.blaze3d.vertex.BufferUploader::_drawWithShader@19 (line 32)
                      ; - com.mojang.blaze3d.vertex.BufferUploader::drawWithShader@19 (line 26)
                      ; - net.minecraft.client.renderer.RenderType::draw@8 (line 1145)
                      ; - net.minecraft.client.renderer.MultiBufferSource$BufferSource::endBatch@54 (line 96)
  0x0000027b9848d778: 849b 58fe 

  0x0000027b9848d77c: ;   {other}
  0x0000027b9848d77c: 0f1f 8400 | 6c0f 0015 | ba45 ffff | ff4c 8964 | 2428 895c 

  0x0000027b9848d790: ;   {runtime_call UncommonTrapBlob}
  0x0000027b9848d790: 2430 90e8 

  0x0000027b9848d794: ; ImmutableOopMap {[0]=Oop [8]=Oop [16]=Oop [40]=Oop }
                      ;*tableswitch {reexecute=1 rethrow=0 return_oop=0}
                      ; - (reexecute) com.mojang.blaze3d.vertex.VertexFormat$Mode::indexCount@4 (line 233)
                      ; - com.mojang.blaze3d.vertex.BufferBuilder::storeMesh@31 (line 89)
                      ; - com.mojang.blaze3d.vertex.BufferBuilder::build@9 (line 60)
                      ; - net.minecraft.client.renderer.MultiBufferSource$BufferSource::endBatch@1 (line 90)
  0x0000027b9848d794: 689b 58fe 

  0x0000027b9848d798: ;   {other}
  0x0000027b9848d798: 0f1f 8400 | 880f 0016 | ba66 ffff | ff48 8b2c | 244c 8b54 | 2420 4c89 

  0x0000027b9848d7b0: ;   {runtime_call UncommonTrapBlob}
  0x0000027b9848d7b0: 5424 18e8 

  0x0000027b9848d7b4: ; ImmutableOopMap {rbp=Oop [8]=Oop [16]=Oop [24]=Oop [40]=Oop }
                      ;*invokevirtual apply {reexecute=0 rethrow=0 return_oop=0}
                      ; - com.mojang.blaze3d.vertex.VertexBuffer::_drawWithShader@17 (line 138)
                      ; - com.mojang.blaze3d.vertex.VertexBuffer::drawWithShader@25 (line 132)
                      ; - com.mojang.blaze3d.vertex.BufferUploader::_drawWithShader@19 (line 32)
                      ; - com.mojang.blaze3d.vertex.BufferUploader::drawWithShader@19 (line 26)
                      ; - net.minecraft.client.renderer.RenderType::draw@8 (line 1145)
                      ; - net.minecraft.client.renderer.MultiBufferSource$BufferSource::endBatch@54 (line 96)
  0x0000027b9848d7b4: 489b 58fe 

  0x0000027b9848d7b8: ;   {other}
  0x0000027b9848d7b8: 0f1f 8400 | a80f 0017 | ba45 ffff | ff48 8b2c | 244c 8904 | 2444 895c 

  0x0000027b9848d7d0: ;   {runtime_call UncommonTrapBlob}
  0x0000027b9848d7d0: 2418 90e8 

  0x0000027b9848d7d4: ; ImmutableOopMap {rbp=Oop [0]=Oop [8]=Oop }
                      ;*ifne {reexecute=1 rethrow=0 return_oop=0}
                      ; - (reexecute) com.mojang.blaze3d.vertex.BufferBuilder::ensureBuilding@4 (line 75)
                      ; - com.mojang.blaze3d.vertex.BufferBuilder::build@1 (line 58)
                      ; - net.minecraft.client.renderer.MultiBufferSource$BufferSource::endBatch@1 (line 90)
  0x0000027b9848d7d4: 289b 58fe 

  0x0000027b9848d7d8: ;   {other}
  0x0000027b9848d7d8: 0f1f 8400 | c80f 0018 | ba45 ffff 

  0x0000027b9848d7e4: ;   {runtime_call UncommonTrapBlob}
  0x0000027b9848d7e4: ff66 90e8 

  0x0000027b9848d7e8: ; ImmutableOopMap {[0]=Oop [8]=Oop [16]=Oop }
                      ;*ifne {reexecute=1 rethrow=0 return_oop=0}
                      ; - (reexecute) com.mojang.blaze3d.vertex.BufferBuilder::handler$zkc000$iris$beforeNext@11 (line 1157)
                      ; - com.mojang.blaze3d.vertex.BufferBuilder::endLastVertex@2
                      ; - com.mojang.blaze3d.vertex.BufferBuilder::build@5 (line 59)
                      ; - net.minecraft.client.renderer.MultiBufferSource$BufferSource::endBatch@1 (line 90)
  0x0000027b9848d7e8: 149b 58fe 

  0x0000027b9848d7ec: ;   {other}
  0x0000027b9848d7ec: 0f1f 8400 | dc0f 0019 | ba45 ffff 

  0x0000027b9848d7f8: ;   {runtime_call UncommonTrapBlob}
  0x0000027b9848d7f8: ff66 90e8 

  0x0000027b9848d7fc: ; ImmutableOopMap {[0]=Oop [8]=Oop [16]=Oop [32]=Oop }
                      ;*ifne {reexecute=1 rethrow=0 return_oop=0}
                      ; - (reexecute) net.minecraft.client.renderer.MultiBufferSource$BufferSource::iris$notRenderingLevel@3 (line 1055)
                      ; - net.minecraft.client.renderer.MultiBufferSource$BufferSource::handler$zkg000$iris$beforeFlushBuffer@1 (line 1038)
                      ; - net.minecraft.client.renderer.MultiBufferSource$BufferSource::endBatch@51 (line 96)
  0x0000027b9848d7fc: 009b 58fe 

  0x0000027b9848d800: ;   {other}
  0x0000027b9848d800: 0f1f 8400 | f00f 001a | ba45 ffff 

  0x0000027b9848d80c: ;   {runtime_call UncommonTrapBlob}
  0x0000027b9848d80c: ff66 90e8 

  0x0000027b9848d810: ; ImmutableOopMap {[0]=Oop [8]=Oop [16]=Oop [32]=Oop }
                      ;*ifne {reexecute=1 rethrow=0 return_oop=0}
                      ; - (reexecute) net.minecraft.client.renderer.RenderType::redirect$zhk000$iris$redirectSetupRenderState@3 (line 2032)
                      ; - net.minecraft.client.renderer.RenderType::draw@4 (line 1144)
                      ; - net.minecraft.client.renderer.MultiBufferSource$BufferSource::endBatch@54 (line 96)
  0x0000027b9848d810: ec9a 58fe 

  0x0000027b9848d814: ;   {other}
  0x0000027b9848d814: 0f1f 8400 | 0410 001b | ba45 ffff | ff48 8b2c | 244c 8b54 | 2420 4c89 | 5424 1844 | 894c 2420 
  0x0000027b9848d834: ;   {runtime_call UncommonTrapBlob}
  0x0000027b9848d834: 6666 90e8 

  0x0000027b9848d838: ; ImmutableOopMap {rbp=Oop [8]=Oop [16]=Oop [24]=Oop }
                      ;*ifne {reexecute=1 rethrow=0 return_oop=0}
                      ; - (reexecute) com.mojang.blaze3d.systems.RenderSystem::isOnRenderThreadOrInit@3 (line 108)
                      ; - com.mojang.blaze3d.vertex.BufferUploader::drawWithShader@0 (line 23)
                      ; - net.minecraft.client.renderer.RenderType::draw@8 (line 1145)
                      ; - net.minecraft.client.renderer.MultiBufferSource$BufferSource::endBatch@54 (line 96)
  0x0000027b9848d838: c49a 58fe 

  0x0000027b9848d83c: ;   {other}
  0x0000027b9848d83c: 0f1f 8400 | 2c10 001c | ba45 ffff | ff48 8b2c | 244c 8b54 | 2420 4c89 | 5424 1848 | 895c 2428 
  0x0000027b9848d85c: ;   {runtime_call UncommonTrapBlob}
  0x0000027b9848d85c: 6666 90e8 

  0x0000027b9848d860: ; ImmutableOopMap {rbp=Oop [8]=Oop [16]=Oop [24]=Oop [40]=Oop [64]=Oop }
                      ;*if_acmpne {reexecute=1 rethrow=0 return_oop=0}
                      ; - (reexecute) com.mojang.blaze3d.systems.RenderSystem::isOnRenderThread@6 (line 104)
                      ; - com.mojang.blaze3d.systems.RenderSystem::isOnRenderThreadOrInit@6 (line 108)
                      ; - com.mojang.blaze3d.vertex.BufferUploader::drawWithShader@0 (line 23)
                      ; - net.minecraft.client.renderer.RenderType::draw@8 (line 1145)
                      ; - net.minecraft.client.renderer.MultiBufferSource$BufferSource::endBatch@54 (line 96)
  0x0000027b9848d860: 9c9a 58fe 

  0x0000027b9848d864: ;   {other}
  0x0000027b9848d864: 0f1f 8400 | 5410 001d | ba45 ffff | ff4c 895c 

  0x0000027b9848d874: ;   {runtime_call UncommonTrapBlob}
  0x0000027b9848d874: 2428 90e8 

  0x0000027b9848d878: ; ImmutableOopMap {rbp=Oop [0]=Oop [8]=Oop [16]=Oop [32]=Oop [40]=Oop }
                      ;*if_acmpne {reexecute=1 rethrow=0 return_oop=0}
                      ; - (reexecute) com.mojang.blaze3d.systems.RenderSystem::isOnRenderThread@6 (line 104)
                      ; - com.mojang.blaze3d.systems.RenderSystem::assertOnRenderThread@0 (line 118)
                      ; - com.mojang.blaze3d.systems.RenderSystem::getModelViewMatrix@0 (line 820)
                      ; - com.mojang.blaze3d.vertex.BufferUploader::_drawWithShader@10 (line 32)
                      ; - com.mojang.blaze3d.vertex.BufferUploader::drawWithShader@19 (line 26)
                      ; - net.minecraft.client.renderer.RenderType::draw@8 (line 1145)
                      ; - net.minecraft.client.renderer.MultiBufferSource$BufferSource::endBatch@54 (line 96)
  0x0000027b9848d878: 849a 58fe 

  0x0000027b9848d87c: ;   {other}
  0x0000027b9848d87c: 0f1f 8400 | 6c10 001e | ba45 ffff | ff4c 8b4c | 2428 4c89 | 4c24 2044 | 8944 2428 | 4489 6424 
  0x0000027b9848d89c: 2c44 895c | 2430 4c89 

  0x0000027b9848d8a4: ;   {runtime_call UncommonTrapBlob}
  0x0000027b9848d8a4: 5424 38e8 

  0x0000027b9848d8a8: ; ImmutableOopMap {rbp=Oop [0]=Oop [8]=Oop [16]=Oop [32]=Oop [56]=Oop }
                      ;*if_acmpne {reexecute=1 rethrow=0 return_oop=0}
                      ; - (reexecute) com.mojang.blaze3d.systems.RenderSystem::isOnRenderThread@6 (line 104)
                      ; - com.mojang.blaze3d.systems.RenderSystem::assertOnRenderThread@0 (line 118)
                      ; - com.mojang.blaze3d.systems.RenderSystem::drawElements@0 (line 439)
                      ; - com.mojang.blaze3d.vertex.VertexBuffer::draw@18 (line 118)
                      ; - com.mojang.blaze3d.vertex.VertexBuffer::_drawWithShader@21 (line 139)
                      ; - com.mojang.blaze3d.vertex.VertexBuffer::drawWithShader@25 (line 132)
                      ; - com.mojang.blaze3d.vertex.BufferUploader::_drawWithShader@19 (line 32)
                      ; - com.mojang.blaze3d.vertex.BufferUploader::drawWithShader@19 (line 26)
                      ; - net.minecraft.client.renderer.RenderType::draw@8 (line 1145)
                      ; - net.minecraft.client.renderer.MultiBufferSource$BufferSource::endBatch@54 (line 96)
  0x0000027b9848d8a8: 549a 58fe 

  0x0000027b9848d8ac: ;   {other}
  0x0000027b9848d8ac: 0f1f 8400 | 9c10 001f | ba45 ffff | ff48 8b2c | 244c 8b54 | 2428 4c89 | 5424 1844 | 8964 2424 
  0x0000027b9848d8cc: 4489 5c24 | 2844 8944 

  0x0000027b9848d8d4: ;   {runtime_call UncommonTrapBlob}
  0x0000027b9848d8d4: 242c 90e8 

  0x0000027b9848d8d8: ; ImmutableOopMap {rbp=Oop [8]=Oop [16]=Oop [24]=Oop }
                      ;*if_icmpne {reexecute=1 rethrow=0 return_oop=0}
                      ; - (reexecute) com.mojang.blaze3d.platform.GlStateManager::redirect$zgg000$iris$modify@2 (line 2579)
                      ; - com.mojang.blaze3d.platform.GlStateManager::_drawElements@23 (line 713)
                      ; - com.mojang.blaze3d.systems.RenderSystem::drawElements@7 (line 440)
                      ; - com.mojang.blaze3d.vertex.VertexBuffer::draw@18 (line 118)
                      ; - com.mojang.blaze3d.vertex.VertexBuffer::_drawWithShader@21 (line 139)
                      ; - com.mojang.blaze3d.vertex.VertexBuffer::drawWithShader@25 (line 132)
                      ; - com.mojang.blaze3d.vertex.BufferUploader::_drawWithShader@19 (line 32)
                      ; - com.mojang.blaze3d.vertex.BufferUploader::drawWithShader@19 (line 26)
                      ; - net.minecraft.client.renderer.RenderType::draw@8 (line 1145)
                      ; - net.minecraft.client.renderer.MultiBufferSource$BufferSource::endBatch@54 (line 96)
  0x0000027b9848d8d8: 249a 58fe 

  0x0000027b9848d8dc: ;   {other}
  0x0000027b9848d8dc: 0f1f 8400 | cc10 0020 | ba45 ffff 

  0x0000027b9848d8e8: ;   {runtime_call UncommonTrapBlob}
  0x0000027b9848d8e8: ff66 90e8 

  0x0000027b9848d8ec: ; ImmutableOopMap {[0]=Oop [8]=Oop [16]=Oop }
                      ;*ifne {reexecute=1 rethrow=0 return_oop=0}
                      ; - (reexecute) net.minecraft.client.renderer.RenderType::redirect$zhk000$iris$redirectClearRenderState@3 (line 2038)
                      ; - net.minecraft.client.renderer.RenderType::draw@15 (line 1146)
                      ; - net.minecraft.client.renderer.MultiBufferSource$BufferSource::endBatch@54 (line 96)
  0x0000027b9848d8ec: 109a 58fe 

  0x0000027b9848d8f0: ;   {other}
  0x0000027b9848d8f0: 0f1f 8400 | e010 0021 | ba45 ffff 

  0x0000027b9848d8fc: ;   {runtime_call UncommonTrapBlob}
  0x0000027b9848d8fc: ff66 90e8 

  0x0000027b9848d900: ; ImmutableOopMap {[0]=Oop [16]=Oop }
                      ;*ifne {reexecute=1 rethrow=0 return_oop=0}
                      ; - (reexecute) net.minecraft.client.renderer.MultiBufferSource$BufferSource::iris$notRenderingLevel@3 (line 1055)
                      ; - net.minecraft.client.renderer.MultiBufferSource$BufferSource::handler$zkg000$iris$afterFlushBuffer@1 (line 1048)
                      ; - net.minecraft.client.renderer.MultiBufferSource$BufferSource::endBatch@61 (line 96)
  0x0000027b9848d900: fc99 58fe 

  0x0000027b9848d904: ;   {other}
  0x0000027b9848d904: 0f1f 8400 | f410 0022 | ba45 ffff 

  0x0000027b9848d910: ;   {runtime_call UncommonTrapBlob}
  0x0000027b9848d910: ff66 90e8 

  0x0000027b9848d914: ; ImmutableOopMap {[0]=Oop [8]=Oop [16]=Oop }
                      ;*ifeq {reexecute=1 rethrow=0 return_oop=0}
                      ; - (reexecute) com.mojang.blaze3d.vertex.BufferBuilder::endLastVertex@22 (line 123)
                      ; - com.mojang.blaze3d.vertex.BufferBuilder::build@5 (line 59)
                      ; - net.minecraft.client.renderer.MultiBufferSource$BufferSource::endBatch@1 (line 90)
  0x0000027b9848d914: e899 58fe 

  0x0000027b9848d918: ;   {other}
  0x0000027b9848d918: 0f1f 8400 | 0811 0023 | ba45 ffff 

  0x0000027b9848d924: ;   {runtime_call UncommonTrapBlob}
  0x0000027b9848d924: ff66 90e8 

  0x0000027b9848d928: ; ImmutableOopMap {rbp=Oop [0]=Oop [8]=Oop [16]=Oop }
                      ;*if_acmpeq {reexecute=1 rethrow=0 return_oop=0}
                      ; - (reexecute) com.mojang.blaze3d.vertex.BufferBuilder::endLastVertex@87 (line 132)
                      ; - com.mojang.blaze3d.vertex.BufferBuilder::build@5 (line 59)
                      ; - net.minecraft.client.renderer.MultiBufferSource$BufferSource::endBatch@1 (line 90)
  0x0000027b9848d928: d499 58fe 

  0x0000027b9848d92c: ;   {other}
  0x0000027b9848d92c: 0f1f 8400 | 1c11 0024 | ba45 ffff 

  0x0000027b9848d938: ;   {runtime_call UncommonTrapBlob}
  0x0000027b9848d938: ff66 90e8 

  0x0000027b9848d93c: ; ImmutableOopMap {rbp=Oop [0]=Oop [8]=Oop [16]=Oop }
                      ;*if_acmpne {reexecute=1 rethrow=0 return_oop=0}
                      ; - (reexecute) com.mojang.blaze3d.vertex.BufferBuilder::endLastVertex@97 (line 132)
                      ; - com.mojang.blaze3d.vertex.BufferBuilder::build@5 (line 59)
                      ; - net.minecraft.client.renderer.MultiBufferSource$BufferSource::endBatch@1 (line 90)
  0x0000027b9848d93c: c099 58fe 

  0x0000027b9848d940: ;   {other}
  0x0000027b9848d940: 0f1f 8400 | 3011 0025 | ba45 ffff | ff48 8b2c | 244c 8b54 | 2410 4c89 | 1424 4489 

  0x0000027b9848d95c: ;   {runtime_call UncommonTrapBlob}
  0x0000027b9848d95c: 4c24 20e8 

  0x0000027b9848d960: ; ImmutableOopMap {rbp=Oop [0]=Oop [8]=Oop }
                      ;*ifeq {reexecute=1 rethrow=0 return_oop=0}
                      ; - (reexecute) com.mojang.blaze3d.vertex.BufferBuilder::handler$zkj000$iris$batchedentityrendering$onNext@4 (line 4558)
                      ; - com.mojang.blaze3d.vertex.BufferBuilder::endLastVertex@140 (line 137)
                      ; - com.mojang.blaze3d.vertex.BufferBuilder::build@5 (line 59)
                      ; - net.minecraft.client.renderer.MultiBufferSource$BufferSource::endBatch@1 (line 90)
  0x0000027b9848d960: 9c99 58fe 

  0x0000027b9848d964: ;   {other}
  0x0000027b9848d964: 0f1f 8400 | 5411 0026 | ba45 ffff | ff48 8b2c | 244c 8b5c | 2410 4c89 | 1c24 4489 

  0x0000027b9848d980: ;   {runtime_call UncommonTrapBlob}
  0x0000027b9848d980: 5424 20e8 

  0x0000027b9848d984: ; ImmutableOopMap {rbp=Oop [0]=Oop [8]=Oop }
                      ;*ifeq {reexecute=1 rethrow=0 return_oop=0}
                      ; - (reexecute) com.mojang.blaze3d.vertex.BufferBuilder::handler$zkj000$iris$batchedentityrendering$onNext@22 (line 4564)
                      ; - com.mojang.blaze3d.vertex.BufferBuilder::endLastVertex@140 (line 137)
                      ; - com.mojang.blaze3d.vertex.BufferBuilder::build@5 (line 59)
                      ; - net.minecraft.client.renderer.MultiBufferSource$BufferSource::endBatch@1 (line 90)
  0x0000027b9848d984: 7899 58fe 

  0x0000027b9848d988: ;   {other}
  0x0000027b9848d988: 0f1f 8400 | 7811 0027 | 4533 c04d | 3bd0 bdff | ffff ff7c | 0840 0f95 | c540 0fb6 | edba 45ff 
  0x0000027b9848d9a8: ffff 4c89 

  0x0000027b9848d9ac: ;   {runtime_call UncommonTrapBlob}
  0x0000027b9848d9ac: 5c24 28e8 

  0x0000027b9848d9b0: ; ImmutableOopMap {[0]=Oop [8]=Oop [16]=Oop [40]=Oop }
                      ;*ifne {reexecute=1 rethrow=0 return_oop=0}
                      ; - (reexecute) com.mojang.blaze3d.vertex.ByteBufferBuilder::checkOpen@6 (line 119)
                      ; - com.mojang.blaze3d.vertex.ByteBufferBuilder::build@1 (line 62)
                      ; - com.mojang.blaze3d.vertex.BufferBuilder::storeMesh@13 (line 85)
                      ; - com.mojang.blaze3d.vertex.BufferBuilder::build@9 (line 60)
                      ; - net.minecraft.client.renderer.MultiBufferSource$BufferSource::endBatch@1 (line 90)
  0x0000027b9848d9b0: 4c99 58fe 

  0x0000027b9848d9b4: ;   {other}
  0x0000027b9848d9b4: 0f1f 8400 | a411 0028 | ba45 ffff | ff48 8b2c | 244c 8b54 | 2410 4c89 | 1424 4489 

  0x0000027b9848d9d0: ;   {runtime_call UncommonTrapBlob}
  0x0000027b9848d9d0: 4424 20e8 

  0x0000027b9848d9d4: ; ImmutableOopMap {rbp=Oop [0]=Oop [8]=Oop }
                      ;*ifne {reexecute=1 rethrow=0 return_oop=0}
                      ; - (reexecute) com.mojang.blaze3d.vertex.ByteBufferBuilder::build@17 (line 65)
                      ; - com.mojang.blaze3d.vertex.BufferBuilder::storeMesh@13 (line 85)
                      ; - com.mojang.blaze3d.vertex.BufferBuilder::build@9 (line 60)
                      ; - net.minecraft.client.renderer.MultiBufferSource$BufferSource::endBatch@1 (line 90)
  0x0000027b9848d9d4: 2899 58fe 

  0x0000027b9848d9d8: ;   {other}
  0x0000027b9848d9d8: 0f1f 8400 | c811 0029 | ba45 ffff | ff48 8b2c | 244c 8b54 | 2410 4c89 | 1424 4c89 | 6424 2044 
  0x0000027b9848d9f8: 895c 2428 | 4489 4c24 

  0x0000027b9848da00: ;   {runtime_call UncommonTrapBlob}
  0x0000027b9848da00: 2c66 90e8 

  0x0000027b9848da04: ; ImmutableOopMap {rbp=Oop [0]=Oop [8]=Oop [32]=Oop }
                      ;*ifeq {reexecute=1 rethrow=0 return_oop=0}
                      ; - (reexecute) com.mojang.blaze3d.vertex.VertexFormat$IndexType::least@4 (line 205)
                      ; - com.mojang.blaze3d.vertex.BufferBuilder::storeMesh@39 (line 90)
                      ; - com.mojang.blaze3d.vertex.BufferBuilder::build@9 (line 60)
                      ; - net.minecraft.client.renderer.MultiBufferSource$BufferSource::endBatch@1 (line 90)
  0x0000027b9848da04: f898 58fe 

  0x0000027b9848da08: ;   {other}
  0x0000027b9848da08: 0f1f 8400 | f811 002a | ba45 ffff 

  0x0000027b9848da14: ;   {runtime_call UncommonTrapBlob}
  0x0000027b9848da14: ff66 90e8 

  0x0000027b9848da18: ; ImmutableOopMap {[0]=Oop [8]=Oop [16]=Oop [32]=Oop }
                      ;*ifeq {reexecute=1 rethrow=0 return_oop=0}
                      ; - (reexecute) com.mojang.blaze3d.vertex.BufferUploader::handler$dnc000$immediatelyfast$checkForDrawCallWhileBatching@3 (line 532)
                      ; - com.mojang.blaze3d.vertex.BufferUploader::_drawWithShader@1
                      ; - com.mojang.blaze3d.vertex.BufferUploader::drawWithShader@19 (line 26)
                      ; - net.minecraft.client.renderer.RenderType::draw@8 (line 1145)
                      ; - net.minecraft.client.renderer.MultiBufferSource$BufferSource::endBatch@54 (line 96)
  0x0000027b9848da18: e498 58fe 

  0x0000027b9848da1c: ;   {other}
  0x0000027b9848da1c: 0f1f 8400 | 0c12 002b | ba45 ffff | ff4c 8b54 | 2428 4c89 | 5424 2044 | 8964 2428 | 4489 5c24 
  0x0000027b9848da3c: ;   {runtime_call UncommonTrapBlob}
  0x0000027b9848da3c: 2c66 90e8 

  0x0000027b9848da40: ; ImmutableOopMap {[0]=Oop [8]=Oop [16]=Oop [32]=Oop }
                      ;*ifeq {reexecute=1 rethrow=0 return_oop=0}
                      ; - (reexecute) com.mojang.blaze3d.platform.GlStateManager::redirect$zgg000$iris$modify@8 (line 2579)
                      ; - com.mojang.blaze3d.platform.GlStateManager::_drawElements@23 (line 713)
                      ; - com.mojang.blaze3d.systems.RenderSystem::drawElements@7 (line 440)
                      ; - com.mojang.blaze3d.vertex.VertexBuffer::draw@18 (line 118)
                      ; - com.mojang.blaze3d.vertex.VertexBuffer::_drawWithShader@21 (line 139)
                      ; - com.mojang.blaze3d.vertex.VertexBuffer::drawWithShader@25 (line 132)
                      ; - com.mojang.blaze3d.vertex.BufferUploader::_drawWithShader@19 (line 32)
                      ; - com.mojang.blaze3d.vertex.BufferUploader::drawWithShader@19 (line 26)
                      ; - net.minecraft.client.renderer.RenderType::draw@8 (line 1145)
                      ; - net.minecraft.client.renderer.MultiBufferSource$BufferSource::endBatch@54 (line 96)
  0x0000027b9848da40: bc98 58fe 

  0x0000027b9848da44: ;   {other}
  0x0000027b9848da44: 0f1f 8400 | 3412 002c | ba45 ffff | ff48 8b2c | 244c 8944 | 2418 4c89 | 5424 2844 | 895c 2430 
  0x0000027b9848da64: 4c89 6424 | 3848 895c 

  0x0000027b9848da6c: ;   {runtime_call UncommonTrapBlob}
  0x0000027b9848da6c: 2440 90e8 

  0x0000027b9848da70: ; ImmutableOopMap {rbp=Oop [8]=Oop [16]=Oop [24]=Oop [40]=Oop [56]=Oop [64]=Oop }
                      ;*if_acmpne {reexecute=1 rethrow=0 return_oop=0}
                      ; - (reexecute) com.mojang.blaze3d.systems.RenderSystem::isOnRenderThread@6 (line 104)
                      ; - com.mojang.blaze3d.systems.RenderSystem::assertOnRenderThreadOrInit@6 (line 112)
                      ; - com.mojang.blaze3d.platform.GlStateManager::_glBindVertexArray@0 (line 288)
                      ; - com.mojang.blaze3d.vertex.VertexBuffer::bind@12 (line 109)
                      ; - com.mojang.blaze3d.vertex.BufferUploader::bindImmediateBuffer@8 (line 55)
                      ; - com.mojang.blaze3d.vertex.BufferUploader::bindImmediateBuffer@6 (line 49)
                      ; - com.mojang.blaze3d.vertex.BufferUploader::upload@10 (line 42)
                      ; - com.mojang.blaze3d.vertex.BufferUploader::_drawWithShader@5 (line 31)
                      ; - com.mojang.blaze3d.vertex.BufferUploader::drawWithShader@19 (line 26)
                      ; - net.minecraft.client.renderer.RenderType::draw@8 (line 1145)
                      ; - net.minecraft.client.renderer.MultiBufferSource$BufferSource::endBatch@54 (line 96)
  0x0000027b9848da70: 8c98 58fe 

  0x0000027b9848da74: ;   {other}
  0x0000027b9848da74: 0f1f 8400 | 6412 002d | ba45 ffff | ff48 8b2c | 244c 8b5c | 2410 4c89 | 1c24 4489 

  0x0000027b9848da90: ;   {runtime_call UncommonTrapBlob}
  0x0000027b9848da90: 5424 20e8 

  0x0000027b9848da94: ; ImmutableOopMap {rbp=Oop [0]=Oop [8]=Oop }
                      ;*ifeq {reexecute=1 rethrow=0 return_oop=0}
                      ; - (reexecute) com.mojang.blaze3d.vertex.BufferBuilder::handler$zkj000$iris$batchedentityrendering$onNext@22 (line 4564)
                      ; - com.mojang.blaze3d.vertex.BufferBuilder::endLastVertex@14 (line 120)
                      ; - com.mojang.blaze3d.vertex.BufferBuilder::build@5 (line 59)
                      ; - net.minecraft.client.renderer.MultiBufferSource$BufferSource::endBatch@1 (line 90)
  0x0000027b9848da94: 6898 58fe 

  0x0000027b9848da98: ;   {other}
  0x0000027b9848da98: 0f1f 8400 | 8812 002e | ba45 ffff | ff48 8b2c | 244c 8b54 | 2410 4c89 | 1424 4489 

  0x0000027b9848dab4: ;   {runtime_call UncommonTrapBlob}
  0x0000027b9848dab4: 4c24 20e8 

  0x0000027b9848dab8: ; ImmutableOopMap {rbp=Oop [0]=Oop [8]=Oop }
                      ;*ifeq {reexecute=1 rethrow=0 return_oop=0}
                      ; - (reexecute) com.mojang.blaze3d.vertex.BufferBuilder::handler$zkj000$iris$batchedentityrendering$onNext@4 (line 4558)
                      ; - com.mojang.blaze3d.vertex.BufferBuilder::endLastVertex@14 (line 120)
                      ; - com.mojang.blaze3d.vertex.BufferBuilder::build@5 (line 59)
                      ; - net.minecraft.client.renderer.MultiBufferSource$BufferSource::endBatch@1 (line 90)
  0x0000027b9848dab8: 4498 58fe 

  0x0000027b9848dabc: ;   {other}
  0x0000027b9848dabc: 0f1f 8400 | ac12 002f | 4889 4c24 | 204c 8944 | 2418 488b 

  0x0000027b9848dad0: ;   {metadata('com/mojang/blaze3d/vertex/VertexBuffer')}
  0x0000027b9848dad0: 6c24 4048 | bab0 3d0b | 8400 0000 

  0x0000027b9848dadc: ;   {runtime_call _new_instance_Java}
  0x0000027b9848dadc: 0066 90e8 

  0x0000027b9848dae0: ; ImmutableOopMap {rbp=Oop [0]=Oop [8]=Oop [16]=Oop [24]=Oop [32]=Oop }
                      ;*new {reexecute=0 rethrow=0 return_oop=1}
                      ; - com.mojang.blaze3d.vertex.VertexFormat::getImmediateDrawVertexBuffer@10 (line 156)
                      ; - com.mojang.blaze3d.vertex.BufferUploader::bindImmediateBuffer@1 (line 48)
                      ; - com.mojang.blaze3d.vertex.BufferUploader::upload@10 (line 42)
                      ; - com.mojang.blaze3d.vertex.BufferUploader::_drawWithShader@5 (line 31)
                      ; - com.mojang.blaze3d.vertex.BufferUploader::drawWithShader@19 (line 26)
                      ; - net.minecraft.client.renderer.RenderType::draw@8 (line 1145)
                      ; - net.minecraft.client.renderer.MultiBufferSource$BufferSource::endBatch@54 (line 96)
  0x0000027b9848dae0: 9c65 64fe 

  0x0000027b9848dae4: ;   {other}
  0x0000027b9848dae4: 0f1f 8400 | d412 0030 | e970 fbff | ffba deff | ffff 488b | 2c24 48ff | 7424 2048 | 8f44 2418 
  0x0000027b9848db04: 4c89 5c24 | 204c 894c 

  0x0000027b9848db0c: ;   {runtime_call UncommonTrapBlob}
  0x0000027b9848db0c: 2428 90e8 

  0x0000027b9848db10: ; ImmutableOopMap {rbp=Oop [8]=Oop [16]=Oop [24]=Oop [32]=Oop [40]=Oop }
                      ;*invokeinterface getOrDefault {reexecute=0 rethrow=0 return_oop=0}
                      ; - net.minecraft.client.renderer.MultiBufferSource$BufferSource::endBatch@25 (line 93)
  0x0000027b9848db10: ec97 58fe 

  0x0000027b9848db14: ;   {other}
  0x0000027b9848db14: 0f1f 8400 | 0413 0031 | bade ffff | ff48 ff74 | 2410 488f | 0424 4889 

  0x0000027b9848db2c: ;   {runtime_call UncommonTrapBlob}
  0x0000027b9848db2c: 4424 18e8 

  0x0000027b9848db30: ; ImmutableOopMap {rbp=Oop [0]=Oop [8]=Oop [24]=Oop [32]=Oop }
                      ;*checkcast {reexecute=0 rethrow=0 return_oop=0}
                      ; - net.minecraft.client.renderer.MultiBufferSource$BufferSource::endBatch@30 (line 93)
  0x0000027b9848db30: cc97 58fe 

  0x0000027b9848db34: ;   {other}
  0x0000027b9848db34: 0f1f 8400 | 2413 0032 | baf6 ffff 

  0x0000027b9848db40: ;   {runtime_call UncommonTrapBlob}
  0x0000027b9848db40: ff66 90e8 

  0x0000027b9848db44: ; ImmutableOopMap {}
                      ;*invokevirtual build {reexecute=0 rethrow=0 return_oop=0}
                      ; - net.minecraft.client.renderer.MultiBufferSource$BufferSource::endBatch@1 (line 90)
  0x0000027b9848db44: b897 58fe 

  0x0000027b9848db48: ;   {other}
  0x0000027b9848db48: 0f1f 8400 | 3813 0033 | baf6 ffff 

  0x0000027b9848db54: ;   {runtime_call UncommonTrapBlob}
  0x0000027b9848db54: ff66 90e8 

  0x0000027b9848db58: ; ImmutableOopMap {}
                      ;*invokevirtual build {reexecute=0 rethrow=0 return_oop=0}
                      ; - com.mojang.blaze3d.vertex.BufferBuilder::storeMesh@13 (line 85)
                      ; - com.mojang.blaze3d.vertex.BufferBuilder::build@9 (line 60)
                      ; - net.minecraft.client.renderer.MultiBufferSource$BufferSource::endBatch@1 (line 90)
  0x0000027b9848db58: a497 58fe 

  0x0000027b9848db5c: ;   {other}
  0x0000027b9848db5c: 0f1f 8400 | 4c13 0034 | baf6 ffff 

  0x0000027b9848db68: ;   {runtime_call UncommonTrapBlob}
  0x0000027b9848db68: ff8b ebe8 

  0x0000027b9848db6c: ; ImmutableOopMap {}
                      ;*invokevirtual indexCount {reexecute=0 rethrow=0 return_oop=0}
                      ; - com.mojang.blaze3d.vertex.BufferBuilder::storeMesh@31 (line 89)
                      ; - com.mojang.blaze3d.vertex.BufferBuilder::build@9 (line 60)
                      ; - net.minecraft.client.renderer.MultiBufferSource$BufferSource::endBatch@1 (line 90)
  0x0000027b9848db6c: 9097 58fe 

  0x0000027b9848db70: ;   {other}
  0x0000027b9848db70: 0f1f 8400 | 6013 0035 | baf6 ffff 

  0x0000027b9848db7c: ;   {runtime_call UncommonTrapBlob}
  0x0000027b9848db7c: ff66 90e8 

  0x0000027b9848db80: ; ImmutableOopMap {}
                      ;*invokevirtual sortOnUpload {reexecute=0 rethrow=0 return_oop=0}
                      ; - net.minecraft.client.renderer.MultiBufferSource$BufferSource::endBatch@10 (line 92)
  0x0000027b9848db80: 7c97 58fe 

  0x0000027b9848db84: ;   {other}
  0x0000027b9848db84: 0f1f 8400 | 7413 0036 | baf6 ffff | ff48 8be9 | 4c89 0c24 | 4889 7c24 | 084c 8964 

  0x0000027b9848dba0: ;   {runtime_call UncommonTrapBlob}
  0x0000027b9848dba0: 2410 90e8 

  0x0000027b9848dba4: ; ImmutableOopMap {rbp=Oop [0]=Oop [8]=Oop [16]=Oop }
                      ;*invokevirtual setDefaultUniforms {reexecute=0 rethrow=0 return_oop=0}
                      ; - com.mojang.blaze3d.vertex.VertexBuffer::_drawWithShader@13 (line 137)
                      ; - com.mojang.blaze3d.vertex.VertexBuffer::drawWithShader@25 (line 132)
                      ; - com.mojang.blaze3d.vertex.BufferUploader::_drawWithShader@19 (line 32)
                      ; - com.mojang.blaze3d.vertex.BufferUploader::drawWithShader@19 (line 26)
                      ; - net.minecraft.client.renderer.RenderType::draw@8 (line 1145)
                      ; - net.minecraft.client.renderer.MultiBufferSource$BufferSource::endBatch@54 (line 96)
  0x0000027b9848dba4: 5897 58fe 

  0x0000027b9848dba8: ;   {other}
  0x0000027b9848dba8: 0f1f 8400 | 9813 0037 | baf6 ffff 

  0x0000027b9848dbb4: ;   {runtime_call UncommonTrapBlob}
  0x0000027b9848dbb4: ff66 90e8 

  0x0000027b9848dbb8: ; ImmutableOopMap {}
                      ;*getfield asGLMode {reexecute=1 rethrow=0 return_oop=0}
                      ; - (reexecute) com.mojang.blaze3d.vertex.VertexBuffer::draw@4 (line 118)
                      ; - com.mojang.blaze3d.vertex.VertexBuffer::_drawWithShader@21 (line 139)
                      ; - com.mojang.blaze3d.vertex.VertexBuffer::drawWithShader@25 (line 132)
                      ; - com.mojang.blaze3d.vertex.BufferUploader::_drawWithShader@19 (line 32)
                      ; - com.mojang.blaze3d.vertex.BufferUploader::drawWithShader@19 (line 26)
                      ; - net.minecraft.client.renderer.RenderType::draw@8 (line 1145)
                      ; - net.minecraft.client.renderer.MultiBufferSource$BufferSource::endBatch@54 (line 96)
  0x0000027b9848dbb8: 4497 58fe 

  0x0000027b9848dbbc: ;   {other}
  0x0000027b9848dbbc: 0f1f 8400 | ac13 0038 | baf6 ffff 

  0x0000027b9848dbc8: ;   {runtime_call UncommonTrapBlob}
  0x0000027b9848dbc8: ff66 90e8 

  0x0000027b9848dbcc: ; ImmutableOopMap {}
                      ;*getfield asGLType {reexecute=1 rethrow=0 return_oop=0}
                      ; - (reexecute) com.mojang.blaze3d.vertex.VertexBuffer::draw@15 (line 118)
                      ; - com.mojang.blaze3d.vertex.VertexBuffer::_drawWithShader@21 (line 139)
                      ; - com.mojang.blaze3d.vertex.VertexBuffer::drawWithShader@25 (line 132)
                      ; - com.mojang.blaze3d.vertex.BufferUploader::_drawWithShader@19 (line 32)
                      ; - com.mojang.blaze3d.vertex.BufferUploader::drawWithShader@19 (line 26)
                      ; - net.minecraft.client.renderer.RenderType::draw@8 (line 1145)
                      ; - net.minecraft.client.renderer.MultiBufferSource$BufferSource::endBatch@54 (line 96)
  0x0000027b9848dbcc: 3097 58fe 

  0x0000027b9848dbd0: ;   {other}
  0x0000027b9848dbd0: 0f1f 8400 | c013 0039 | baf6 ffff | ff48 8b6c | 2410 4c89 

  0x0000027b9848dbe4: ;   {runtime_call UncommonTrapBlob}
  0x0000027b9848dbe4: 0c24 90e8 

  0x0000027b9848dbe8: ; ImmutableOopMap {rbp=Oop [0]=Oop }
                      ;*invokeinterface getOrDefault {reexecute=0 rethrow=0 return_oop=0}
                      ; - net.minecraft.client.renderer.MultiBufferSource$BufferSource::endBatch@25 (line 93)
  0x0000027b9848dbe8: 1497 58fe 

  0x0000027b9848dbec: ;   {other}
  0x0000027b9848dbec: 0f1f 8400 | dc13 003a | baf4 ffff | ff48 ff74 | 2410 488f 

  0x0000027b9848dc00: ;   {runtime_call UncommonTrapBlob}
  0x0000027b9848dc00: 0424 90e8 

  0x0000027b9848dc04: ; ImmutableOopMap {rbp=Oop [0]=Oop [8]=Oop [32]=Oop }
                      ;*checkcast {reexecute=0 rethrow=0 return_oop=0}
                      ; - net.minecraft.client.renderer.MultiBufferSource$BufferSource::endBatch@30 (line 93)
  0x0000027b9848dc04: f896 58fe 

  0x0000027b9848dc08: ;   {other}
  0x0000027b9848dc08: 0f1f 8400 | f813 003b | eb2c eb2a | eb28 eb26 | eb24 eb02 | eb00 488b | d0eb 2948 | 8bd0 eb24 
  0x0000027b9848dc28: 488b d0eb | 1f48 8bd0 | eb1a 488b | d0eb 1548 | 8bd0 eb10 | eb00 488b | d0eb 09eb | 04eb 02eb 
  0x0000027b9848dc48: 0048 8bd0 | 4883 c470 

  0x0000027b9848dc50: ;   {runtime_call _rethrow_Java}
  0x0000027b9848dc50: 5de9 aaf8 | 64fe 498b | 6858 4883 | ec40 4c89 | 5424 384c | 895c 2430 | 4c89 4424 | 284c 894c 
  0x0000027b9848dc70: 2420 498d | 5058 488b 

  0x0000027b9848dc78: ;   {runtime_call}
  0x0000027b9848dc78: cd48 b8b0 | 80e2 d5fc | 7f00 00ff | d048 8be8 | 4c8b 4c24 | 204c 8b44 | 2428 4c8b | 5c24 304c 
  0x0000027b9848dc98: 8b54 2438 | c5f8 7748 | 83c4 40e9 | f0ef ffff | 4d8b 5848 | 4883 ec30 | 4c89 4424 | 2849 8d50 
  0x0000027b9848dcb8: 4849 8bcb 

  0x0000027b9848dcbc: ;   {runtime_call}
  0x0000027b9848dcbc: 48b8 b080 | e2d5 fc7f | 0000 ffd0 | 4c8b d84c | 8b44 2428 | c5f8 7748 | 83c4 30e9 | f8ef ffff 
  0x0000027b9848dcdc: 498b 1a48 | 83ec 504c | 8954 2448 | 4c89 5c24 | 404c 8944 | 2438 4c89 | 4c24 3048 | 894c 2428 
  0x0000027b9848dcfc: 498d 1248 

  0x0000027b9848dd00: ;   {runtime_call}
  0x0000027b9848dd00: 8bcb 48b8 | b080 e2d5 | fc7f 0000 | ffd0 488b | d848 8b4c | 2428 4c8b | 4c24 304c | 8b44 2438 
  0x0000027b9848dd20: 4c8b 5c24 | 404c 8b54 | 2448 c5f8 | 7748 83c4 | 50e9 ecef | ffff 498b | 4a58 4883 | ec30 4c89 
  0x0000027b9848dd40: 5424 2849 

  0x0000027b9848dd44: ;   {runtime_call}
  0x0000027b9848dd44: 8d52 5848 | b8b0 80e2 | d5fc 7f00 | 00ff d048 | 8bc8 4c8b | 5424 28c5 | f877 4883 | c430 e936 
  0x0000027b9848dd64: f0ff ff48 | 8b5f 5048 | 83ec 604c | 8954 2458 | 4c89 5c24 | 504c 8944 | 2448 4c89 | 4c24 4048 
  0x0000027b9848dd84: 894c 2438 | 4889 7c24 | 3048 8944 | 2428 488d | 5750 488b 

  0x0000027b9848dd98: ;   {runtime_call}
  0x0000027b9848dd98: cb48 b8b0 | 80e2 d5fc | 7f00 00ff | d048 8bd8 | 488b 4424 | 2848 8b7c | 2430 488b | 4c24 384c 
  0x0000027b9848ddb8: 8b4c 2440 | 4c8b 4424 | 484c 8b5c | 2450 4c8b | 5424 58c5 | f877 4883 | c460 e9cb | f0ff ff4d 
  0x0000027b9848ddd8: 8b5f 6049 | 83bb 3803 | 0000 000f | 842d 0000 | 0041 574d | 8bbb 3803 | 0000 4983 | ef10 4d89 
  0x0000027b9848ddf8: bb38 0300 | 004f 8d3c | 3b4d 8d5a | 204d 891f | 4d8b 1b4d | 895f 0841 | 5fe9 d5f0 | ffff 4883 
  0x0000027b9848de18: ec40 4c89 | 5424 384c | 895c 2430 | 4889 7c24 | 2848 8944 | 2420 498d 

  0x0000027b9848de30: ;   {runtime_call}
  0x0000027b9848de30: 4a20 48b8 | 1082 e2d5 | fc7f 0000 | ffd0 488b | 4424 2048 | 8b7c 2428 | 4c8b 5c24 | 304c 8b54 
  0x0000027b9848de50: 2438 c5f8 | 7748 83c4 | 40eb b64d | 8b57 6049 | 83ba 3803 | 0000 000f | 842d 0000 | 0041 574d 
  0x0000027b9848de70: 8bba 3803 | 0000 4983 | ef10 4d89 | ba38 0300 | 004f 8d3c | 3a4d 8d53 | 104d 8917 | 4d8b 124d 
  0x0000027b9848de90: 8957 0841 | 5fe9 76f0 | ffff 4883 | ec40 4c89 | 5424 384c | 895c 2430 | 4889 7c24 | 2849 8d4b 
  0x0000027b9848deb0: ;   {runtime_call}
  0x0000027b9848deb0: 1048 b810 | 82e2 d5fc | 7f00 00ff | d048 8b7c | 2428 4c8b | 5c24 304c | 8b54 2438 | c5f8 7748 
  0x0000027b9848ded0: 83c4 40eb | c049 8b52 | 1848 83ec | 304c 8954 | 2428 488b | ca49 8d52 

  0x0000027b9848dee8: ;   {runtime_call}
  0x0000027b9848dee8: 1848 b8b0 | 80e2 d5fc | 7f00 00ff | d048 8bd0 | 4c8b 5424 | 28c5 f877 | 4883 c430 | e97d f0ff 
  0x0000027b9848df08: ff49 8b9a | d000 0000 | 4883 ec30 | 4c89 5424 | 284c 894c | 2420 498d | 92d0 0000 | 0048 8bcb 
  0x0000027b9848df28: ;   {runtime_call}
  0x0000027b9848df28: 48b8 b080 | e2d5 fc7f | 0000 ffd0 | 488b d84c | 8b4c 2420 | 4c8b 5424 | 28c5 f877 | 4883 c430 
  0x0000027b9848df48: e97f f0ff | ff4d 8b50 | 2048 83ec | 304c 8944 | 2428 4c89 | 4c24 2049 | 8d50 2049 

  0x0000027b9848df64: ;   {runtime_call}
  0x0000027b9848df64: 8bca 48b8 | b080 e2d5 | fc7f 0000 | ffd0 4c8b | d04c 8b4c | 2420 4c8b | 4424 28c5 | f877 4883 
  0x0000027b9848df84: c430 e97c | f0ff ff49 | 8b4a 1848 | 83ec 404c | 8954 2438 | 4c89 4424 | 304c 894c | 2428 498d 
  0x0000027b9848dfa4: ;   {runtime_call}
  0x0000027b9848dfa4: 5218 48b8 | b080 e2d5 | fc7f 0000 | ffd0 488b | c84c 8b4c | 2428 4c8b | 4424 304c | 8b54 2438 
  0x0000027b9848dfc4: c5f8 7748 | 83c4 40e9 | 4ef0 ffff | 4c8b 5130 | 4883 ec40 | 4c89 4424 | 384c 894c | 2430 4889 
  0x0000027b9848dfe4: 4c24 2848 | 8d51 3049 

  0x0000027b9848dfec: ;   {runtime_call}
  0x0000027b9848dfec: 8bca 48b8 | b080 e2d5 | fc7f 0000 | ffd0 4c8b | d048 8b4c | 2428 4c8b | 4c24 304c | 8b44 2438 
  0x0000027b9848e00c: c5f8 7748 | 83c4 40e9 | 1df0 ffff | 4c8b 9db8 | 0000 0048 | 83ec 404c | 8954 2438 | 4c89 4424 
  0x0000027b9848e02c: 304c 894c | 2428 488d | 95b8 0000 | 0049 8bcb 

  0x0000027b9848e03c: ;   {runtime_call}
  0x0000027b9848e03c: 48b8 b080 | e2d5 fc7f | 0000 ffd0 | 4c8b d84c | 8b4c 2428 | 4c8b 4424 | 304c 8b54 | 2438 c5f8 
  0x0000027b9848e05c: 7748 83c4 | 40e9 f3ef | ffff 498b | 7f60 4883 | bf38 0300 | 0000 0f84 | 3000 0000 | 4157 4c8b 
  0x0000027b9848e07c: bf38 0300 | 0049 83ef | 104c 89bf | 3803 0000 | 4e8d 3c3f | 488d b9b8 | 0000 0049 | 893f 488b 
  0x0000027b9848e09c: 3f49 897f | 0841 5fe9 | d8ef ffff | 4883 ec50 | 4c89 5424 | 484c 895c | 2440 4c89 | 4424 384c 
  0x0000027b9848e0bc: 894c 2430 | 4889 4c24 | 2848 897c | 2420 488d | 89b8 0000 

  0x0000027b9848e0d0: ;   {runtime_call}
  0x0000027b9848e0d0: 0048 b810 | 82e2 d5fc | 7f00 00ff | d048 8b7c | 2420 488b | 4c24 284c | 8b4c 2430 | 4c8b 4424 
  0x0000027b9848e0f0: 384c 8b5c | 2440 4c8b | 5424 48c5 | f877 4883 | c450 eb9f | 498b 4f60 | 4883 b938 | 0300 0000 
  0x0000027b9848e110: 0f84 3000 | 0000 4157 | 4c8b b938 | 0300 0049 | 83ef 104c | 89b9 3803 | 0000 4e8d | 3c39 488d 
  0x0000027b9848e130: 8db8 0000 | 0049 890f | 488b 0949 | 894f 0841 | 5fe9 5fef | ffff 4883 | ec50 4c89 | 5424 484c 
  0x0000027b9848e150: 895c 2440 | 4c89 4424 | 384c 894c | 2430 4889 | 4c24 2848 | 8d8d b800 

  0x0000027b9848e168: ;   {runtime_call}
  0x0000027b9848e168: 0000 48b8 | 1082 e2d5 | fc7f 0000 | ffd0 488b | 4c24 284c | 8b4c 2430 | 4c8b 4424 | 384c 8b5c 
  0x0000027b9848e188: 2440 4c8b | 5424 48c5 | f877 4883 | c450 eba9 | 4d8b 5f60 | 4983 bb38 | 0300 0000 | 0f84 3000 
  0x0000027b9848e1a8: 0000 4157 | 4d8b bb38 | 0300 0049 | 83ef 104d | 89bb 3803 | 0000 4f8d | 3c3b 4c8d | 9db8 0000 
  0x0000027b9848e1c8: 004d 891f | 4d8b 1b4d | 895f 0841 | 5fe9 35ef | ffff 4883 | ec30 4c89 | 5424 284c | 895c 2420 
  0x0000027b9848e1e8: 488d 8db8 

  0x0000027b9848e1ec: ;   {runtime_call}
  0x0000027b9848e1ec: 0000 0048 | b810 82e2 | d5fc 7f00 | 00ff d04c | 8b5c 2420 | 4c8b 5424 | 28c5 f877 | 4883 c430 
  0x0000027b9848e20c: ebc7 498b | aad0 0000 | 0048 83ec | 304c 8954 | 2428 498d | 92d0 0000 | 0048 8bcd 

  0x0000027b9848e228: ;   {runtime_call}
  0x0000027b9848e228: 48b8 b080 | e2d5 fc7f | 0000 ffd0 | 488b e84c | 8b54 2428 | c5f8 7748 | 83c4 30e9 | 1bef ffff 
  0x0000027b9848e248: 4d8b 82b8 | 0000 0048 | 83ec 304c | 8954 2428 | 498d 92b8 | 0000 0049 

  0x0000027b9848e260: ;   {runtime_call}
  0x0000027b9848e260: 8bc8 48b8 | b080 e2d5 | fc7f 0000 | ffd0 4c8b | c04c 8b54 | 2428 c5f8 | 7748 83c4 | 30e9 0aef 
  0x0000027b9848e280: ffff 4d8b | a0d0 0000 | 0048 83ec | 304c 8944 | 2428 498d | 90d0 0000 | 0049 8bcc 

  0x0000027b9848e29c: ;   {runtime_call}
  0x0000027b9848e29c: 48b8 b080 | e2d5 fc7f | 0000 ffd0 | 4c8b e04c | 8b44 2428 | c5f8 7748 | 83c4 30e9 | eaee ffff 
  0x0000027b9848e2bc: 4d8b 9058 | 0100 0048 | 83ec 304c | 8944 2428 | 498d 9058 | 0100 0049 

  0x0000027b9848e2d4: ;   {runtime_call}
  0x0000027b9848e2d4: 8bca 48b8 | b080 e2d5 | fc7f 0000 | ffd0 4c8b | d04c 8b44 | 2428 c5f8 | 7748 83c4 | 30e9 cbee 
  0x0000027b9848e2f4: ffff 498b | 4848 4883 | ec30 4c89 | 5424 284c | 8944 2420 | 498d 5048 

  0x0000027b9848e30c: ;   {runtime_call}
  0x0000027b9848e30c: 48b8 b080 | e2d5 fc7f | 0000 ffd0 | 488b c84c | 8b44 2420 | 4c8b 5424 | 28c5 f877 | 4883 c430 
  0x0000027b9848e32c: e9a3 eeff | ff49 8bb9 | f000 0000 | 4883 ec40 | 4c89 5424 | 384c 894c | 2430 4889 | 4c24 2849 
  0x0000027b9848e34c: 8d91 f000 | 0000 488b 

  0x0000027b9848e354: ;   {runtime_call}
  0x0000027b9848e354: cf48 b8b0 | 80e2 d5fc | 7f00 00ff | d048 8bf8 | 488b 4c24 | 284c 8b4c | 2430 4c8b | 5424 38c5 
  0x0000027b9848e374: f877 4883 | c440 e970 | eeff ff4c | 8b8b 1801 | 0000 4883 | ec40 4c89 | 5424 3848 | 894c 2430 
  0x0000027b9848e394: 4889 7c24 | 2848 8d93 | 1801 0000 

  0x0000027b9848e3a0: ;   {runtime_call}
  0x0000027b9848e3a0: 498b c948 | b8b0 80e2 | d5fc 7f00 | 00ff d04c | 8bc8 488b | 7c24 2848 | 8b4c 2430 | 4c8b 5424 
  0x0000027b9848e3c0: 38c5 f877 | 4883 c440 | e93d eeff | ff4d 8b51 | 4848 83ec | 304c 894c | 2428 498d | 5148 498b 
  0x0000027b9848e3e0: ;   {runtime_call}
  0x0000027b9848e3e0: ca48 b8b0 | 80e2 d5fc | 7f00 00ff | d04c 8bd0 | 4c8b 4c24 | 28c5 f877 | 4883 c430 | e966 eeff 
  0x0000027b9848e400: ff4d 8b51 | 3848 83ec | 304c 8944 | 2428 4c89 | 4c24 2049 | 8d51 3849 

  0x0000027b9848e418: ;   {runtime_call}
  0x0000027b9848e418: 8bca 48b8 | b080 e2d5 | fc7f 0000 | ffd0 4c8b | d04c 8b4c | 2420 4c8b | 4424 28c5 | f877 4883 
  0x0000027b9848e438: c430 e93a | eeff ff4d | 8b5a 2848 | 83ec 404c | 8954 2438 | 4c89 4424 | 304c 894c | 2428 498d 
  0x0000027b9848e458: 5228 498b 

  0x0000027b9848e45c: ;   {runtime_call}
  0x0000027b9848e45c: cb48 b8b0 | 80e2 d5fc | 7f00 00ff | d04c 8bd8 | 4c8b 4c24 | 284c 8b44 | 2430 4c8b | 5424 38c5 
  0x0000027b9848e47c: f877 4883 | c440 e909 | eeff ff49 | 8baa d000 | 0000 4883 | ec40 4c89 | 5424 384c | 895c 2430 
  0x0000027b9848e49c: 4c89 4424 | 2849 8d92 | d000 0000 

  0x0000027b9848e4a8: ;   {runtime_call}
  0x0000027b9848e4a8: 488b cd48 | b8b0 80e2 | d5fc 7f00 | 00ff d048 | 8be8 4c8b | 4424 284c | 8b5c 2430 | 4c8b 5424 
  0x0000027b9848e4c8: 38c5 f877 | 4883 c440 | e9de edff | ff49 8b52 | 2048 83ec | 304c 8954 | 2428 488b | ca49 8d52 
  0x0000027b9848e4e8: ;   {runtime_call}
  0x0000027b9848e4e8: 2048 b8b0 | 80e2 d5fc | 7f00 00ff | d048 8bd0 | 4c8b 5424 | 28c5 f877 | 4883 c430 | e938 eeff 
  0x0000027b9848e508: ff4d 8b53 | 2848 83ec | 304c 895c | 2428 498d | 5328 498b 

  0x0000027b9848e51c: ;   {runtime_call}
  0x0000027b9848e51c: ca48 b8b0 | 80e2 d5fc | 7f00 00ff | d04c 8bd0 | 4c8b 5c24 | 28c5 f877 | 4883 c430 | e947 eeff 
  0x0000027b9848e53c: ff4d 8b57 | 6049 83ba | 3803 0000 | 000f 842d | 0000 0041 | 574d 8bba | 3803 0000 | 4983 ef10 
  0x0000027b9848e55c: 4d89 ba38 | 0300 004f | 8d3c 3a4d | 8d53 284d | 8917 4d8b | 124d 8957 | 0841 5fe9 | 20ee ffff 
  0x0000027b9848e57c: 4883 ec30 | 4c89 5424 | 284c 895c | 2420 498d 

  0x0000027b9848e58c: ;   {runtime_call}
  0x0000027b9848e58c: 4b28 48b8 | 1082 e2d5 | fc7f 0000 | ffd0 4c8b | 5c24 204c | 8b54 2428 | c5f8 7748 | 83c4 30eb 
  0x0000027b9848e5ac: ca4d 8b4a | 1048 83ec | 304c 8954 | 2428 498d | 5210 498b 

  0x0000027b9848e5c0: ;   {runtime_call}
  0x0000027b9848e5c0: c948 b8b0 | 80e2 d5fc | 7f00 00ff | d04c 8bc8 | 4c8b 5424 | 28c5 f877 | 4883 c430 | e93a eeff 
  0x0000027b9848e5e0: ff4d 8b5a | 1848 83ec | 304c 8954 | 2428 4c89 | 4c24 2049 | 8d52 1849 

  0x0000027b9848e5f8: ;   {runtime_call}
  0x0000027b9848e5f8: 8bcb 48b8 | b080 e2d5 | fc7f 0000 | ffd0 4c8b | d84c 8b4c | 2420 4c8b | 5424 28c5 | f877 4883 
  0x0000027b9848e618: c430 e90a | eeff ff4d | 8b51 4048 | 83ec 304c | 8944 2428 | 4c89 4c24 | 2049 8d51 | 4049 8bca 
  0x0000027b9848e638: ;   {runtime_call}
  0x0000027b9848e638: 48b8 b080 | e2d5 fc7f | 0000 ffd0 | 4c8b d04c | 8b4c 2420 | 4c8b 4424 | 28c5 f877 | 4883 c430 
  0x0000027b9848e658: e95f eeff | ff4d 8b93 | d000 0000 | 4883 ec40 | 4c89 5c24 | 384c 8944 | 2430 4c89 | 4c24 2849 
  0x0000027b9848e678: 8d93 d000 | 0000 498b 

  0x0000027b9848e680: ;   {runtime_call}
  0x0000027b9848e680: ca48 b8b0 | 80e2 d5fc | 7f00 00ff | d04c 8bd0 | 4c8b 4c24 | 284c 8b44 | 2430 4c8b | 5c24 38c5 
  0x0000027b9848e6a0: f877 4883 | c440 e95f | f0ff ff4d | 8b5f 6049 | 83bb 3803 | 0000 000f | 842e 0000 | 0041 574d 
  0x0000027b9848e6c0: 8bbb 3803 | 0000 4983 | ef10 4d89 | bb38 0300 | 004f 8d3c | 3b4d 8d5c | 2430 4d89 | 1f4d 8b1b 
  0x0000027b9848e6e0: 4d89 5f08 | 415f e933 | f0ff ff48 | 83ec 404c | 8954 2438 | 4c89 5c24 | 304c 8944 | 2428 4c89 
  0x0000027b9848e700: 4c24 2049 | 8d4c 2430 

  0x0000027b9848e708: ;   {runtime_call}
  0x0000027b9848e708: 48b8 1082 | e2d5 fc7f | 0000 ffd0 | 4c8b 4c24 | 204c 8b44 | 2428 4c8b | 5c24 304c | 8b54 2438 
  0x0000027b9848e728: c5f8 7748 | 83c4 40eb 

  0x0000027b9848e730: ;   {internal_word}
  0x0000027b9848e730: b549 babb | d348 987b | 0200 004d | 8997 6004 

  0x0000027b9848e740: ;   {runtime_call SafepointBlob}
  0x0000027b9848e740: 0000 e939 

  0x0000027b9848e744: ;   {runtime_call StubRoutines (final stubs)}
  0x0000027b9848e744: 7a58 fee8 | 540c 57fe | e9d9 e4ff | fff4 f4f4 | f4f4 f4f4 
[Stub Code]
  0x0000027b9848e758: ;   {no_reloc}
  0x0000027b9848e758: 48bb 0000 | 0000 0000 

  0x0000027b9848e760: ;   {runtime_call nmethod}
  0x0000027b9848e760: 0000 e9fb 

  0x0000027b9848e764: ;   {static_stub}
  0x0000027b9848e764: ffff ff48 | bb00 0000 | 0000 0000 

  0x0000027b9848e770: ;   {runtime_call nmethod}
  0x0000027b9848e770: 00e9 fbff 

  0x0000027b9848e774: ;   {static_stub}
  0x0000027b9848e774: ffff 48bb | 0000 0000 | 0000 0000 

  0x0000027b9848e780: ;   {runtime_call nmethod}
  0x0000027b9848e780: e9fb ffff 

  0x0000027b9848e784: ;   {static_stub}
  0x0000027b9848e784: ff48 bb00 | 0000 0000 

  0x0000027b9848e78c: ;   {runtime_call nmethod}
  0x0000027b9848e78c: 0000 00e9 | fbff ffff 

  0x0000027b9848e794: ;   {static_stub}
  0x0000027b9848e794: 48bb b006 | db06 8002 

  0x0000027b9848e79c: ;   {runtime_call I2C/C2I adapters}
  0x0000027b9848e79c: 0000 e9db 

  0x0000027b9848e7a0: ;   {static_stub}
  0x0000027b9848e7a0: 8358 fe48 | bbd0 8cbf | 0880 0200 

  0x0000027b9848e7ac: ;   {runtime_call I2C/C2I adapters}
  0x0000027b9848e7ac: 00e9 cc83 

  0x0000027b9848e7b0: ;   {static_stub}
  0x0000027b9848e7b0: 58fe 48bb | 38aa f801 | 8002 0000 

  0x0000027b9848e7bc: ;   {runtime_call I2C/C2I adapters}
  0x0000027b9848e7bc: e931 f457 

  0x0000027b9848e7c0: ;   {static_stub}
  0x0000027b9848e7c0: fe48 bb00 | 0000 0000 

  0x0000027b9848e7c8: ;   {runtime_call nmethod}
  0x0000027b9848e7c8: 0000 00e9 | fbff ffff 

  0x0000027b9848e7d0: ;   {static_stub}
  0x0000027b9848e7d0: 48bb 0000 | 0000 0000 

  0x0000027b9848e7d8: ;   {runtime_call nmethod}
  0x0000027b9848e7d8: 0000 e9fb 

  0x0000027b9848e7dc: ;   {static_stub}
  0x0000027b9848e7dc: ffff ff48 | bb00 0000 | 0000 0000 

  0x0000027b9848e7e8: ;   {runtime_call nmethod}
  0x0000027b9848e7e8: 00e9 fbff 

  0x0000027b9848e7ec: ;   {static_stub}
  0x0000027b9848e7ec: ffff 48bb | 0000 0000 | 0000 0000 

  0x0000027b9848e7f8: ;   {runtime_call nmethod}
  0x0000027b9848e7f8: e9fb ffff 

  0x0000027b9848e7fc: ;   {static_stub}
  0x0000027b9848e7fc: ff48 bb00 | 0000 0000 

  0x0000027b9848e804: ;   {runtime_call nmethod}
  0x0000027b9848e804: 0000 00e9 | fbff ffff 
[Exception Handler]
  0x0000027b9848e80c: ;   {runtime_call ExceptionBlob}
  0x0000027b9848e80c: e96f 5b64 | fee8 0000 | 0000 4883 

  0x0000027b9848e818: ;   {runtime_call DeoptimizationBlob}
  0x0000027b9848e818: 2c24 05e9 | 008e 58fe 
[/MachCode]


Compiled method (c2) 859670 30062       4       net.minecraft.client.renderer.MultiBufferSource$BufferSource::endBatch (25 bytes)
 total in heap  [0x0000027b98c31810,0x0000027b98c32648] = 3640
 relocation     [0x0000027b98c31970,0x0000027b98c31a20] = 176
 main code      [0x0000027b98c31a20,0x0000027b98c32280] = 2144
 stub code      [0x0000027b98c32280,0x0000027b98c322c8] = 72
 oops           [0x0000027b98c322c8,0x0000027b98c322d0] = 8
 metadata       [0x0000027b98c322d0,0x0000027b98c32348] = 120
 scopes data    [0x0000027b98c32348,0x0000027b98c324f0] = 424
 scopes pcs     [0x0000027b98c324f0,0x0000027b98c325d0] = 224
 dependencies   [0x0000027b98c325d0,0x0000027b98c325f0] = 32
 handler table  [0x0000027b98c325f0,0x0000027b98c32638] = 72
 nul chk table  [0x0000027b98c32638,0x0000027b98c32648] = 16

[Constant Pool (empty)]

[MachCode]
[Entry Point]
  # {method} {0x0000028017f51a80} 'endBatch' '(Lnet/minecraft/client/renderer/RenderType;)V' in 'net/minecraft/client/renderer/MultiBufferSource$BufferSource'
  # this:     rdx:rdx   = 'net/minecraft/client/renderer/MultiBufferSource$BufferSource'
  # parm0:    r8:r8     = 'net/minecraft/client/renderer/RenderType'
  #           [sp+0x60]  (sp of caller)
  0x0000027b98c31a20: 448b 5208 

  0x0000027b98c31a24: ;   {runtime_call ic_miss_stub}
  0x0000027b98c31a24: 493b c20f | 8553 ccdd | fd66 6690 
[Verified Entry Point]
  0x0000027b98c31a30: 8984 2400 | 80ff ff55 | 4883 ec50 | 4181 7f58 | 1015 0000 | 0f85 2a08 | 0000 4c89 | 4424 0848 
  0x0000027b98c31a50: 8954 2438 | 488b 6a20 

  0x0000027b98c31a58: ;   {other}
  0x0000027b98c31a58: 48c1 ed0d | 0f87 3e04 | 0000 448b 

  0x0000027b98c31a64: ;   {metadata('java/util/HashMap')}
  0x0000027b98c31a64: 5508 4181 | fa78 9006 | 800f 850e | 0300 004d | 85c0 0f84 | fd02 0000 | 4d8b 104d | 8bda 4983 
  0x0000027b98c31a84: e303 4983 | fb01 0f85 | 9d02 0000 | 49c1 ea08 | 418b c225 | ffff ff7f | 85c0 0f84 | 8902 0000 
  0x0000027b98c31aa4: 448b d041 | c1ea 1044 | 33d0 4c8b 

  0x0000027b98c31ab0: ;   {other}
  0x0000027b98c31ab0: 4d30 49c1 | e90d 0f87 | 2204 0000 | 4d85 c90f | 842b 0200 | 0045 8b59 | 0c45 85db | 0f86 c202 
  0x0000027b98c31ad0: 0000 41ff | cb45 23da | 4f8b 64d9 

  0x0000027b98c31adc: ;   {other}
  0x0000027b98c31adc: 1049 c1ec | 0d0f 872b | 0400 004d | 85e4 0f84 | 0002 0000 | 458b 4424 | 0841 8b7c | 240c 498b 
  0x0000027b98c31afc: ;   {other}
  0x0000027b98c31afc: 4c24 2048 | c1e9 0d0f | 8753 0400 | 0041 3bfa | 752f 498b 

  0x0000027b98c31b10: ;   {other}
  0x0000027b98c31b10: 5c24 1048 | c1eb 0d0f | 879a 0400 | 0048 8b7c | 2408 483b | df0f 8434 | 0100 0048 | 85ff 0f84 
  0x0000027b98c31b30: f802 0000 | 483b fb0f | 8422 0100 | 0048 85c9 | 0f84 aa01 

  0x0000027b98c31b44: ;   {metadata('java/util/HashMap$TreeNode')}
  0x0000027b98c31b44: 0000 48bb | 989e 0680 | 0000 0000 | 418b f84c | 8b47 484c | 3bc3 0f84 | a402 0000 | 8b59 0c41 
  0x0000027b98c31b64: 3bda 7430 | 4c8b 6424 | 0849 8bb7 | 5004 0000 | 488b 4120 

  0x0000027b98c31b78: ;   {other}
  0x0000027b98c31b78: 48c1 e80d | 0f87 9304 

  0x0000027b98c31b80: ; ImmutableOopMap {r9=Oop r12=Oop rcx=Oop rax=Oop rbp=Oop [8]=Oop [56]=Oop }
                      ;*ifnonnull {reexecute=1 rethrow=0 return_oop=0}
                      ; - (reexecute) java.util.HashMap::removeNode@168 (line 840)
                      ; - java.util.HashMap::remove@9 (line 805)
                      ; - net.minecraft.client.renderer.MultiBufferSource$BufferSource::endBatch@5 (line 83)
                      ;   {poll}
  0x0000027b98c31b80: 0000 8506 | 4885 c00f | 8463 0100 | 004c 8bc1 | 488b c84d | 8be0 ebc8 | 4c8b 4110 

  0x0000027b98c31b9c: ;   {other}
  0x0000027b98c31b9c: 49c1 e80d | 0f87 c804 | 0000 488b | 5c24 084c | 3bc3 7477 | 4885 db0f | 848c 0100 | 0048 894c 
  0x0000027b98c31bbc: 2430 4c89 | 6424 2844 | 895c 241c | 4c89 4c24 | 2044 8954 | 2418 4889 | 6c24 1048 | ff74 2408 
  0x0000027b98c31bdc: 488f 0424 | 488b 6c24 | 3848 8b54 

  0x0000027b98c31be8: ;   {optimized virtual_call}
  0x0000027b98c31be8: 2408 90e8 

  0x0000027b98c31bec: ; ImmutableOopMap {rbp=Oop [0]=Oop [16]=Oop [32]=Oop [40]=Oop [48]=Oop }
                      ;*invokevirtual equals {reexecute=0 rethrow=0 return_oop=0}
                      ; - java.util.HashMap::removeNode@143 (line 835)
                      ; - java.util.HashMap::remove@9 (line 805)
                      ; - net.minecraft.client.renderer.MultiBufferSource$BufferSource::endBatch@5 (line 83)
  0x0000027b98c31bec: 90cf ddfd 

  0x0000027b98c31bf0: ;   {other}
  0x0000027b98c31bf0: 0f1f 8400 | e003 0001 | 85c0 0f84 | 4d01 0000 | 4889 6c24 | 3848 ff34 | 2448 8f44 | 2408 488b 
  0x0000027b98c31c10: 6c24 104c | 8b4c 2420 | 448b 5c24 | 1c4c 8b64 | 2428 488b | 4c24 3044 

  0x0000027b98c31c28: ;   {metadata('java/util/HashMap$TreeNode')}
  0x0000027b98c31c28: 8b41 0841 | 81f8 989e | 0680 0f84 | ac01 0000 | 448b 550c | 448b 4520 | 488b 5920 

  0x0000027b98c31c44: ;   {other}
  0x0000027b98c31c44: 48c1 eb0d | 0f87 7204 | 0000 493b | cc0f 85ac | 0000 004c | 8be1 488b 

  0x0000027b98c31c5c: ;   {metadata('java/util/HashMap$TreeNode')}
  0x0000027b98c31c5c: cbeb 1541 | 81f8 989e | 0680 0f84 | 7b01 0000 | 448b 550c | 448b 4520 | 418b 5908 

  0x0000027b98c31c78: ;   {metadata('java/util/HashMap$Node'[])}
  0x0000027b98c31c78: 81fb 789a | 0680 0f85 | 3801 0000 | 43f7 44d9 | 10e0 ea00 

  0x0000027b98c31c8c: ;   {other}
  0x0000027b98c31c8c: 000f 8589 | 0400 0048 

  0x0000027b98c31c94: ;   {other}
  0x0000027b98c31c94: 8bd9 48c1 | e30d 4881 | cb10 1500 

  0x0000027b98c31ca0: ;   {other}
  0x0000027b98c31ca0: 004b 895c | d910 41ff | ca44 8955 | 0c41 ffc0 | 4489 4520 | 4d8b 4c24 

  0x0000027b98c31cb8: ;   {other}
  0x0000027b98c31cb8: 1849 c1e9 | 0d0f 87e9 | 0400 004d | 85c9 7428 | 458b 5108 

  0x0000027b98c31ccc: ;   {metadata('com/mojang/blaze3d/vertex/BufferBuilder')}
  0x0000027b98c31ccc: 4181 fa18 | 580b 840f | 857b 0100 | 0048 8b54 | 2438 4c8b 

  0x0000027b98c31ce0: ;   {optimized virtual_call}
  0x0000027b98c31ce0: 4424 08e8 

  0x0000027b98c31ce4: ; ImmutableOopMap {}
                      ;*invokevirtual endBatch {reexecute=0 rethrow=0 return_oop=0}
                      ; - net.minecraft.client.renderer.MultiBufferSource$BufferSource::endBatch@21 (line 85)
  0x0000027b98c31ce4: 28af 85ff 

  0x0000027b98c31ce8: ;   {other}
  0x0000027b98c31ce8: 0f1f 8400 | d804 0002 | 4883 c450 

  0x0000027b98c31cf4: ;   {poll_return}
  0x0000027b98c31cf4: 5d49 3ba7 | 4804 0000 | 0f87 5c05 | 0000 c341 | f744 2420 | e0ea 0000 

  0x0000027b98c31d0c: ;   {other}
  0x0000027b98c31d0c: 0f85 c604 | 0000 4c8b 

  0x0000027b98c31d14: ;   {other}
  0x0000027b98c31d14: db49 c1e3 | 0d49 81cb | 1015 0000 

  0x0000027b98c31d20: ;   {other}
  0x0000027b98c31d20: 4d89 5c24 | 204c 8be1 | e979 ffff | ff49 8bd0 

  0x0000027b98c31d30: ;   {optimized virtual_call}
  0x0000027b98c31d30: 6666 90e8 

  0x0000027b98c31d34: ; ImmutableOopMap {rbp=Oop [8]=Oop [56]=Oop }
                      ;*invokevirtual hashCode {reexecute=0 rethrow=0 return_oop=0}
                      ; - java.util.HashMap::hash@9 (line 338)
                      ; - java.util.HashMap::remove@2 (line 805)
                      ; - net.minecraft.client.renderer.MultiBufferSource$BufferSource::endBatch@5 (line 83)
  0x0000027b98c31d34: 48ce ddfd 

  0x0000027b98c31d38: ;   {other}
  0x0000027b98c31d38: 0f1f 8400 | 2805 0003 | e95f fdff | ff45 33e4 | e920 feff | ff4c 8b24 | 2448 896c | 2438 4c89 
  0x0000027b98c31d58: 6424 0848 | 8b6c 2410 | 448b 5424 | 184c 8b4c | 2420 448b | 5c24 1c48 | 8b4c 2430 | e9f4 fdff 
  0x0000027b98c31d78: ff45 33d2 | e92d fdff | ffba deff 

  0x0000027b98c31d84: ;   {runtime_call UncommonTrapBlob}
  0x0000027b98c31d84: ffff 90e8 

  0x0000027b98c31d88: ; ImmutableOopMap {rbp=Oop [8]=Oop [56]=Oop }
                      ;*invokeinterface remove {reexecute=0 rethrow=0 return_oop=0}
                      ; - net.minecraft.client.renderer.MultiBufferSource$BufferSource::endBatch@5 (line 83)
  0x0000027b98c31d88: 7455 defd 

  0x0000027b98c31d8c: ;   {other}
  0x0000027b98c31d8c: 0f1f 8400 | 7c05 0004 | ba45 ffff | ff48 8b6c | 2438 48ff | 7424 0848 | 8f04 2444 | 895c 2408 
  0x0000027b98c31dac: ;   {runtime_call UncommonTrapBlob}
  0x0000027b98c31dac: 6666 90e8 

  0x0000027b98c31db0: ; ImmutableOopMap {rbp=Oop [0]=Oop }
                      ;*ifle {reexecute=1 rethrow=0 return_oop=0}
                      ; - (reexecute) java.util.HashMap::removeNode@16 (line 822)
                      ; - java.util.HashMap::remove@9 (line 805)
                      ; - net.minecraft.client.renderer.MultiBufferSource$BufferSource::endBatch@5 (line 83)
  0x0000027b98c31db0: 4c55 defd 

  0x0000027b98c31db4: ;   {other}
  0x0000027b98c31db4: 0f1f 8400 | a405 0005 | bad6 ffff | ff4c 8964 | 2410 4c89 | 4c24 1844 | 895c 2420 | 4889 4c24 
  0x0000027b98c31dd4: ;   {runtime_call UncommonTrapBlob}
  0x0000027b98c31dd4: 2866 90e8 

  0x0000027b98c31dd8: ; ImmutableOopMap {rbp=Oop [8]=Oop [16]=Oop [24]=Oop [40]=Oop [56]=Oop }
                      ;*aastore {reexecute=1 rethrow=0 return_oop=0}
                      ; - (reexecute) java.util.HashMap::removeNode@246 (line 848)
                      ; - java.util.HashMap::remove@9 (line 805)
                      ; - net.minecraft.client.renderer.MultiBufferSource$BufferSource::endBatch@5 (line 83)
  0x0000027b98c31dd8: 2455 defd 

  0x0000027b98c31ddc: ;   {other}
  0x0000027b98c31ddc: 0f1f 8400 | cc05 0006 | 4c8b e1ba | 45ff ffff | 4c89 4c24 | 104c 8964 

  0x0000027b98c31df4: ;   {runtime_call UncommonTrapBlob}
  0x0000027b98c31df4: 2418 90e8 

  0x0000027b98c31df8: ; ImmutableOopMap {rbp=Oop [8]=Oop [16]=Oop [24]=Oop [56]=Oop }
                      ;*ifeq {reexecute=1 rethrow=0 return_oop=0}
                      ; - (reexecute) java.util.HashMap::removeNode@211 (line 845)
                      ; - java.util.HashMap::remove@9 (line 805)
                      ; - net.minecraft.client.renderer.MultiBufferSource$BufferSource::endBatch@5 (line 83)
  0x0000027b98c31df8: 0455 defd 

  0x0000027b98c31dfc: ;   {other}
  0x0000027b98c31dfc: 0f1f 8400 | ec05 0007 | ba45 ffff | ff44 8954 | 2410 4c89 | 4c24 204c | 8964 2428 | 4489 5c24 
  0x0000027b98c31e1c: ;   {runtime_call UncommonTrapBlob}
  0x0000027b98c31e1c: 1466 90e8 

  0x0000027b98c31e20: ; ImmutableOopMap {rbp=Oop [8]=Oop [32]=Oop [40]=Oop [56]=Oop }
                      ;*ifeq {reexecute=1 rethrow=0 return_oop=0}
                      ; - (reexecute) java.util.HashMap::removeNode@97 (line 829)
                      ; - java.util.HashMap::remove@9 (line 805)
                      ; - net.minecraft.client.renderer.MultiBufferSource$BufferSource::endBatch@5 (line 83)
  0x0000027b98c31e20: dc54 defd 

  0x0000027b98c31e24: ;   {other}
  0x0000027b98c31e24: 0f1f 8400 | 1406 0008 | ba45 ffff | ff44 8954 | 2410 4c89 | 4c24 204c | 8964 2428 | 4489 5c24 
  0x0000027b98c31e44: ;   {runtime_call UncommonTrapBlob}
  0x0000027b98c31e44: 1466 90e8 

  0x0000027b98c31e48: ; ImmutableOopMap {rbp=Oop [8]=Oop [32]=Oop [40]=Oop [56]=Oop }
                      ;*ifnull {reexecute=1 rethrow=0 return_oop=0}
                      ; - (reexecute) java.util.HashMap::removeNode@62 (line 825)
                      ; - java.util.HashMap::remove@9 (line 805)
                      ; - net.minecraft.client.renderer.MultiBufferSource$BufferSource::endBatch@5 (line 83)
  0x0000027b98c31e48: b454 defd 

  0x0000027b98c31e4c: ;   {other}
  0x0000027b98c31e4c: 0f1f 8400 | 3c06 0009 | bade ffff | ff48 ff74 | 2408 488f | 0424 4c89 

  0x0000027b98c31e64: ;   {runtime_call UncommonTrapBlob}
  0x0000027b98c31e64: 4c24 08e8 

  0x0000027b98c31e68: ; ImmutableOopMap {[0]=Oop [8]=Oop [56]=Oop }
                      ;*checkcast {reexecute=0 rethrow=0 return_oop=0}
                      ; - net.minecraft.client.renderer.MultiBufferSource$BufferSource::endBatch@10 (line 83)
  0x0000027b98c31e68: 9454 defd 

  0x0000027b98c31e6c: ;   {other}
  0x0000027b98c31e6c: 0f1f 8400 | 5c06 000a | baf6 ffff | ff49 8be8 

  0x0000027b98c31e7c: ;   {runtime_call UncommonTrapBlob}
  0x0000027b98c31e7c: 6666 90e8 

  0x0000027b98c31e80: ; ImmutableOopMap {rbp=Oop }
                      ;*invokeinterface remove {reexecute=0 rethrow=0 return_oop=0}
                      ; - net.minecraft.client.renderer.MultiBufferSource$BufferSource::endBatch@5 (line 83)
  0x0000027b98c31e80: 7c54 defd 

  0x0000027b98c31e84: ;   {other}
  0x0000027b98c31e84: 0f1f 8400 | 7406 000b | eb00 488b | d0eb 0348 | 8bd0 4883 

  0x0000027b98c31e98: ;   {runtime_call _rethrow_Java}
  0x0000027b98c31e98: c450 5de9 | 60b6 eafd | 488b 6a20 | 4883 ec30 | 4c89 4424 | 2848 8954 | 2420 488d | 5220 488b 
  0x0000027b98c31eb8: ;   {runtime_call}
  0x0000027b98c31eb8: cd48 b8b0 | 80e2 d5fc | 7f00 00ff | d048 8be8 | 488b 5424 | 204c 8b44 | 2428 c5f8 | 7748 83c4 
  0x0000027b98c31ed8: 30e9 84fb | ffff 4c8b | 4d30 4883 | ec30 4c89 | 5424 2848 | 8d55 3049 

  0x0000027b98c31ef0: ;   {runtime_call}
  0x0000027b98c31ef0: 8bc9 48b8 | b080 e2d5 | fc7f 0000 | ffd0 4c8b | c84c 8b54 | 2428 c5f8 | 7748 83c4 | 30e9 aafb 
  0x0000027b98c31f10: ffff 4f8b | 64d9 1048 | 83ec 404c | 8954 2438 | 4c89 5c24 | 304c 894c | 2428 4b8d | 54d9 1049 
  0x0000027b98c31f30: ;   {runtime_call}
  0x0000027b98c31f30: 8bcc 48b8 | b080 e2d5 | fc7f 0000 | ffd0 4c8b | e04c 8b4c | 2428 4c8b | 5c24 304c | 8b54 2438 
  0x0000027b98c31f50: c5f8 7748 | 83c4 40e9 | 8bfb ffff | 498b 4c24 | 2048 83ec | 504c 8954 | 2448 4c89 | 5c24 404c 
  0x0000027b98c31f70: 8944 2438 | 4c89 4c24 | 3048 897c | 2428 498d 

  0x0000027b98c31f80: ;   {runtime_call}
  0x0000027b98c31f80: 5424 2048 | b8b0 80e2 | d5fc 7f00 | 00ff d048 | 8bc8 488b | 7c24 284c | 8b4c 2430 | 4c8b 4424 
  0x0000027b98c31fa0: 384c 8b5c | 2440 4c8b | 5424 48c5 | f877 4883 | c450 e952 | fbff ff49 | 8b5c 2410 | 4883 ec50 
  0x0000027b98c31fc0: 4c89 5424 | 484c 895c | 2440 4c89 | 4424 384c | 894c 2430 | 4889 4c24 | 2849 8d54 | 2410 488b 
  0x0000027b98c31fe0: ;   {runtime_call}
  0x0000027b98c31fe0: cb48 b8b0 | 80e2 d5fc | 7f00 00ff | d048 8bd8 | 488b 4c24 | 284c 8b4c | 2430 4c8b | 4424 384c 
  0x0000027b98c32000: 8b5c 2440 | 4c8b 5424 | 48c5 f877 | 4883 c450 | e908 fbff | ff48 8b41 | 2048 83ec | 504c 8954 
  0x0000027b98c32020: 2448 4c89 | 5c24 404c | 894c 2438 | 4889 4c24 | 3048 8974 | 2428 488d | 5120 488b 

  0x0000027b98c3203c: ;   {runtime_call}
  0x0000027b98c3203c: c848 b8b0 | 80e2 d5fc | 7f00 00ff | d048 8b74 | 2428 488b | 4c24 304c | 8b4c 2438 | 4c8b 5c24 
  0x0000027b98c3205c: 404c 8b54 | 2448 c5f8 | 7748 83c4 | 50e9 14fb | ffff 4c8b | 4110 4883 | ec40 4c89 | 5424 384c 
  0x0000027b98c3207c: 895c 2430 | 4c89 4c24 | 2848 894c | 2420 488d | 5110 498b 

  0x0000027b98c32090: ;   {runtime_call}
  0x0000027b98c32090: c848 b8b0 | 80e2 d5fc | 7f00 00ff | d04c 8bc0 | 488b 4c24 | 204c 8b4c | 2428 4c8b | 5c24 304c 
  0x0000027b98c320b0: 8b54 2438 | c5f8 7748 | 83c4 40e9 | e6fa ffff | 488b 5920 | 4883 ec50 | 4c89 5424 | 484c 895c 
  0x0000027b98c320d0: 2440 4c89 | 4424 384c | 894c 2430 | 4889 4c24 | 2848 8d51 | 2048 8bcb 

  0x0000027b98c320e8: ;   {runtime_call}
  0x0000027b98c320e8: 48b8 b080 | e2d5 fc7f | 0000 ffd0 | 488b d848 | 8b4c 2428 | 4c8b 4c24 | 304c 8b44 | 2438 4c8b 
  0x0000027b98c32108: 5c24 404c | 8b54 2448 | c5f8 7748 | 83c4 50e9 | 32fb ffff | 498b 5f60 | 4883 bb38 | 0300 0000 
  0x0000027b98c32128: 0f84 2e00 | 0000 4157 | 4c8b bb38 | 0300 0049 | 83ef 104c | 89bb 3803 | 0000 4e8d | 3c3b 4b8d 
  0x0000027b98c32148: 5cd9 1049 | 891f 488b | 1b49 895f | 0841 5fe9 | 37fb ffff | 4883 ec50 | 4c89 5424 | 484c 895c 
  0x0000027b98c32168: 2440 4c89 | 4424 384c | 894c 2430 | 4889 4c24 | 284b 8d4c 

  0x0000027b98c3217c: ;   {runtime_call}
  0x0000027b98c3217c: d910 48b8 | 1082 e2d5 | fc7f 0000 | ffd0 488b | 4c24 284c | 8b4c 2430 | 4c8b 4424 | 384c 8b5c 
  0x0000027b98c3219c: 2440 4c8b | 5424 48c5 | f877 4883 | c450 ebab | 4d8b 4c24 | 1848 83ec | 2049 8d54 | 2418 498b 
  0x0000027b98c321bc: ;   {runtime_call}
  0x0000027b98c321bc: c948 b8b0 | 80e2 d5fc | 7f00 00ff | d04c 8bc8 | c5f8 7748 | 83c4 20e9 | ebfa ffff | 4d8b 5f60 
  0x0000027b98c321dc: 4983 bb38 | 0300 0000 | 0f84 2e00 | 0000 4157 | 4d8b bb38 | 0300 0049 | 83ef 104d | 89bb 3803 
  0x0000027b98c321fc: 0000 4f8d | 3c3b 4d8d | 5c24 204d | 891f 4d8b | 1b4d 895f | 0841 5fe9 | fafa ffff | 4883 ec40 
  0x0000027b98c3221c: 4c89 5424 | 384c 895c | 2430 4c89 | 4424 2848 | 894c 2420 | 498d 4c24 

  0x0000027b98c32234: ;   {runtime_call}
  0x0000027b98c32234: 2048 b810 | 82e2 d5fc | 7f00 00ff | d048 8b4c | 2420 4c8b | 4424 284c | 8b5c 2430 | 4c8b 5424 
  0x0000027b98c32254: 38c5 f877 | 4883 c440 

  0x0000027b98c3225c: ;   {internal_word}
  0x0000027b98c3225c: ebb5 49ba | f51c c398 | 7b02 0000 | 4d89 9760 

  0x0000027b98c3226c: ;   {runtime_call SafepointBlob}
  0x0000027b98c3226c: 0400 00e9 | 0c3f defd 

  0x0000027b98c32274: ;   {runtime_call StubRoutines (final stubs)}
  0x0000027b98c32274: e827 d1dc | fde9 ccf7 | ffff f4f4 
[Stub Code]
  0x0000027b98c32280: ;   {no_reloc}
  0x0000027b98c32280: 48bb 0000 | 0000 0000 

  0x0000027b98c32288: ;   {runtime_call nmethod}
  0x0000027b98c32288: 0000 e9fb 

  0x0000027b98c3228c: ;   {static_stub}
  0x0000027b98c3228c: ffff ff48 | bbb8 1bf5 | 1780 0200 

  0x0000027b98c32298: ;   {runtime_call I2C/C2I adapters}
  0x0000027b98c32298: 00e9 e048 

  0x0000027b98c3229c: ;   {static_stub}
  0x0000027b98c3229c: defd 48bb | 0000 0000 | 0000 0000 

  0x0000027b98c322a8: ;   {runtime_call nmethod}
  0x0000027b98c322a8: e9fb ffff 

  0x0000027b98c322ac: ;   {runtime_call ExceptionBlob}
  0x0000027b98c322ac: ffe9 ce20 | eafd e800 | 0000 0048 | 832c 2405 

  0x0000027b98c322bc: ;   {runtime_call DeoptimizationBlob}
  0x0000027b98c322bc: e95f 53de | fdf4 f4f4 | f4f4 f4f4 
[/MachCode]


---------------  P R O C E S S  ---------------

Threads class SMR info:
_java_thread_list=0x0000027ffe293d40, length=95, elements={
0x0000027b8ba4f3a0, 0x0000027b8b6c3750, 0x0000027b8b6c5dc0, 0x0000027b8b6e1a60,
0x0000027b8b6c6420, 0x0000027b8b6c6a80, 0x0000027b8b6c80f0, 0x0000027b8b6c9760,
0x0000027b8b6cbe10, 0x0000027b8b93c260, 0x0000027fa6881bd0, 0x0000027fa8f6da80,
0x0000027fab5ad690, 0x0000027ff4332bd0, 0x0000027ff4334ca0, 0x0000027ff4333260,
0x0000027ff4332540, 0x0000027ff4335330, 0x0000027ff4331eb0, 0x0000027ff43359c0,
0x0000027ff4333f80, 0x0000027ff432f750, 0x0000027ff432ea30, 0x0000027ff432fde0,
0x0000027ff4330470, 0x0000027ff4330b00, 0x0000027faa2c6bd0, 0x0000027faa2c78f0,
0x0000027ff4336050, 0x0000027ff955e810, 0x0000027ff955ba20, 0x0000027ff955daf0,
0x0000027ff955eea0, 0x0000027ff95585a0, 0x0000027fa9346420, 0x0000027fa934a5c0,
0x0000027fa9348b80, 0x0000027fa934ac50, 0x0000027fa93498a0, 0x0000027fa934cd20,
0x0000027fa934c690, 0x0000028005cb3f80, 0x0000028005cb4610, 0x0000028005cb0b00,
0x0000028005caf0c0, 0x0000028005cb59c0, 0x0000028005cb1820, 0x000002800a6e28d0,
0x000002800a6e3c80, 0x000002800a6e0800, 0x000002800a6e0e90, 0x0000027fa934d3b0,
0x0000027faa2c1d10, 0x0000027ff4334610, 0x0000028005cb0470, 0x0000028012b0a010,
0x0000028012b07f40, 0x0000028012b05150, 0x0000028012b04430, 0x0000028012b0a6a0,
0x0000028012b07220, 0x0000028012b06500, 0x0000027fa93477d0, 0x0000028013a8c5f0,
0x0000028013a92860, 0x0000028013a8bf60, 0x0000028013a93580, 0x0000027b82fa4d30,
0x0000027b82fa81b0, 0x0000027b82fa8840, 0x0000027b82fa3980, 0x0000027b82fa46a0,
0x0000027b82fa7b20, 0x0000027b82fa53c0, 0x0000027b82fa60e0, 0x0000027b82fa5a50,
0x000002800cfc07d0, 0x000002800cfc4970, 0x000002800cfc63b0, 0x000002800cfc5d20,
0x000002800cfc28a0, 0x000002800cfc2f30, 0x000002800cfc3c50, 0x000002800cfc7760,
0x000002800cfc70d0, 0x000002800cfc0140, 0x0000027b82fa6770, 0x0000027b82fa6e00,
0x0000027faa2c0ff0, 0x000002800cfc0e60, 0x000002800cfcb270, 0x000002800cfcbf90,
0x000002800cfc9830, 0x0000028013a91b40, 0x0000028013a90e20
}

Java Threads: ( => current thread )
=>0x0000027b8ba4f3a0 JavaThread "Render thread"                     [_thread_in_native, id=28244, stack(0x000000ccfb200000,0x000000ccfb300000) (1024K)]
  0x0000027b8b6c3750 JavaThread "Reference Handler"          daemon [_thread_blocked, id=9328, stack(0x000000ccfcd00000,0x000000ccfce00000) (1024K)]
  0x0000027b8b6c5dc0 JavaThread "Finalizer"                  daemon [_thread_blocked, id=11508, stack(0x000000ccfce00000,0x000000ccfcf00000) (1024K)]
  0x0000027b8b6e1a60 JavaThread "Signal Dispatcher"          daemon [_thread_blocked, id=31028, stack(0x000000ccfcf00000,0x000000ccfd000000) (1024K)]
  0x0000027b8b6c6420 JavaThread "Attach Listener"            daemon [_thread_blocked, id=30844, stack(0x000000ccfd000000,0x000000ccfd100000) (1024K)]
  0x0000027b8b6c6a80 JavaThread "Service Thread"             daemon [_thread_blocked, id=9384, stack(0x000000ccfd100000,0x000000ccfd200000) (1024K)]
  0x0000027b8b6c80f0 JavaThread "Monitor Deflation Thread"   daemon [_thread_blocked, id=24928, stack(0x000000ccfd200000,0x000000ccfd300000) (1024K)]
  0x0000027b8b6c9760 JavaThread "C2 CompilerThread0"         daemon [_thread_blocked, id=30404, stack(0x000000ccfd300000,0x000000ccfd400000) (1024K)]
  0x0000027b8b6cbe10 JavaThread "C1 CompilerThread0"         daemon [_thread_blocked, id=22080, stack(0x000000ccfd400000,0x000000ccfd500000) (1024K)]
  0x0000027b8b93c260 JavaThread "Common-Cleaner"             daemon [_thread_blocked, id=30836, stack(0x000000ccfd600000,0x000000ccfd700000) (1024K)]
  0x0000027fa6881bd0 JavaThread "Notification Thread"        daemon [_thread_blocked, id=30572, stack(0x000000ccfdc00000,0x000000ccfdd00000) (1024K)]
  0x0000027fa8f6da80 JavaThread "ForkJoinPool.commonPool-worker-1" daemon [_thread_blocked, id=24340, stack(0x000000ccfe200000,0x000000ccfe300000) (1024K)]
  0x0000027fab5ad690 JavaThread "ForkJoinPool.commonPool-worker-9" daemon [_thread_blocked, id=20196, stack(0x000000ccfec00000,0x000000ccfed00000) (1024K)]
  0x0000027ff4332bd0 JavaThread "c2me-worker-0"              daemon [_thread_blocked, id=19972, stack(0x000000cc80f00000,0x000000cc81000000) (1024K)]
  0x0000027ff4334ca0 JavaThread "c2me-worker-1"              daemon [_thread_blocked, id=20004, stack(0x000000cc81000000,0x000000cc81100000) (1024K)]
  0x0000027ff4333260 JavaThread "c2me-worker-2"              daemon [_thread_blocked, id=27416, stack(0x000000cc81100000,0x000000cc81200000) (1024K)]
  0x0000027ff4332540 JavaThread "c2me-worker-3"              daemon [_thread_blocked, id=23668, stack(0x000000cc81200000,0x000000cc81300000) (1024K)]
  0x0000027ff4335330 JavaThread "c2me-worker-4"              daemon [_thread_blocked, id=20088, stack(0x000000cc81300000,0x000000cc81400000) (1024K)]
  0x0000027ff4331eb0 JavaThread "c2me-worker-5"              daemon [_thread_blocked, id=25136, stack(0x000000cc81400000,0x000000cc81500000) (1024K)]
  0x0000027ff43359c0 JavaThread "c2me-worker-6"              daemon [_thread_blocked, id=16488, stack(0x000000cc81500000,0x000000cc81600000) (1024K)]
  0x0000027ff4333f80 JavaThread "c2me-worker-7"              daemon [_thread_blocked, id=25048, stack(0x000000cc81600000,0x000000cc81700000) (1024K)]
  0x0000027ff432f750 JavaThread "c2me-worker-8"              daemon [_thread_blocked, id=28144, stack(0x000000cc81700000,0x000000cc81800000) (1024K)]
  0x0000027ff432ea30 JavaThread "c2me-sched"                 daemon [_thread_blocked, id=24224, stack(0x000000cc81800000,0x000000cc81900000) (1024K)]
  0x0000027ff432fde0 JavaThread "JNA Cleaner"                daemon [_thread_blocked, id=22604, stack(0x000000cc81c00000,0x000000cc81d00000) (1024K)]
  0x0000027ff4330470 JavaThread "pool-19-thread-1"                  [_thread_blocked, id=29116, stack(0x000000cc81e00000,0x000000cc81f00000) (1024K)]
  0x0000027ff4330b00 JavaThread "EuphoriaConfigWatcher"      daemon [_thread_blocked, id=26900, stack(0x000000cc81f00000,0x000000cc82000000) (1024K)]
  0x0000027faa2c6bd0 JavaThread "EuphoriaPatcher-FileWriter" daemon [_thread_blocked, id=22052, stack(0x000000cc82100000,0x000000cc82200000) (1024K)]
  0x0000027faa2c78f0 JavaThread "JNA Cleaner"                daemon [_thread_blocked, id=3152, stack(0x000000cc82300000,0x000000cc82400000) (1024K)]
  0x0000027ff4336050 JavaThread "Timer hack thread"          daemon [_thread_blocked, id=30396, stack(0x000000cc80e00000,0x000000cc80f00000) (1024K)]
  0x0000027ff955e810 JavaThread "Yggdrasil Key Fetcher"      daemon [_thread_blocked, id=6960, stack(0x000000cc81900000,0x000000cc81a00000) (1024K)]
  0x0000027ff955ba20 JavaThread "Cleaner-0"                  daemon [_thread_blocked, id=3948, stack(0x000000cc82900000,0x000000cc82a00000) (1024K)]
  0x0000027ff955daf0 JavaThread "modloading-worker-0"        daemon [_thread_blocked, id=11556, stack(0x000000cc80500000,0x000000cc80600000) (1024K)]
  0x0000027ff955eea0 JavaThread "modloading-worker-0"        daemon [_thread_blocked, id=27148, stack(0x000000cc82b00000,0x000000cc82c00000) (1024K)]
  0x0000027ff95585a0 JavaThread "modloading-worker-0"        daemon [_thread_blocked, id=27292, stack(0x000000cc82d00000,0x000000cc82e00000) (1024K)]
  0x0000027fa9346420 JavaThread "FileSystemWatchService"     daemon [_thread_in_native, id=26092, stack(0x000000cc83300000,0x000000cc83400000) (1024K)]
  0x0000027fa934a5c0 JavaThread "config-file-watcher-0-0"    daemon [_thread_blocked, id=10716, stack(0x000000cc83400000,0x000000cc83500000) (1024K)]
  0x0000027fa9348b80 JavaThread "WaterConfig-Worker"         daemon [_thread_blocked, id=10916, stack(0x000000cc83500000,0x000000cc83600000) (1024K)]
  0x0000027fa934ac50 JavaThread "WaterConfig-IO"             daemon [_thread_blocked, id=17920, stack(0x000000cc83600000,0x000000cc83700000) (1024K)]
  0x0000027fa93498a0 JavaThread "DH-Log Ticker Thread[0]"    daemon [_thread_blocked, id=30980, stack(0x000000cc83200000,0x000000cc83300000) (1024K)]
  0x0000027fa934cd20 JavaThread "Java2D Disposer"            daemon [_thread_blocked, id=28464, stack(0x000000cc83700000,0x000000cc83800000) (1024K)]
  0x0000027fa934c690 JavaThread "AWT-Windows"                daemon [_thread_in_native, id=27984, stack(0x000000cc83900000,0x000000cc83a00000) (1024K)]
  0x0000028005cb3f80 JavaThread "FileSystemWatchService"     daemon [_thread_in_native, id=20300, stack(0x000000cc83b00000,0x000000cc83c00000) (1024K)]
  0x0000028005cb4610 JavaThread "JEI Config File Watcher"    daemon [_thread_blocked, id=9480, stack(0x000000cc84100000,0x000000cc84200000) (1024K)]
  0x0000028005cb0b00 JavaThread "HttpClient-2-SelectorManager" daemon [_thread_in_native, id=29264, stack(0x000000cc84300000,0x000000cc84400000) (1024K)]
  0x0000028005caf0c0 JavaThread "kubejs-background-thread"   daemon [_thread_blocked, id=26308, stack(0x000000cc84500000,0x000000cc84600000) (1024K)]
  0x0000028005cb59c0 JavaThread "ForkJoinPool-4-worker-1"    daemon [_thread_blocked, id=25312, stack(0x000000cc84600000,0x000000cc84700000) (1024K)]
  0x0000028005cb1820 JavaThread "ForkJoinPool-4-worker-2"    daemon [_thread_blocked, id=244, stack(0x000000cc84700000,0x000000cc84800000) (1024K)]
  0x000002800a6e28d0 JavaThread "FileSystemWatchService"     daemon [_thread_in_native, id=24904, stack(0x000000cc84a00000,0x000000cc84b00000) (1024K)]
  0x000002800a6e3c80 JavaThread "SentryHostnameCache-0"      daemon [_thread_blocked, id=7012, stack(0x000000cc84400000,0x000000cc84500000) (1024K)]
  0x000002800a6e0800 JavaThread "FTB Backups Config Watcher 0" daemon [_thread_blocked, id=24464, stack(0x000000cc84b00000,0x000000cc84c00000) (1024K)]
  0x000002800a6e0e90 JavaThread "FileSystemWatchService"     daemon [_thread_in_native, id=18712, stack(0x000000cc84c00000,0x000000cc84d00000) (1024K)]
  0x0000027fa934d3b0 JavaThread "FTB Backups scheduled executor 0" daemon [_thread_blocked, id=29500, stack(0x000000cc84d00000,0x000000cc84e00000) (1024K)]
  0x0000027faa2c1d10 JavaThread "ftbbackups2_Worker-1"       daemon [_thread_blocked, id=30392, stack(0x000000cc84e00000,0x000000cc84f00000) (1024K)]
  0x0000027ff4334610 JavaThread "ftbbackups2_QuartzSchedulerThread" daemon [_thread_blocked, id=5716, stack(0x000000cc84f00000,0x000000cc85000000) (1024K)]
  0x0000028005cb0470 JavaThread "Timer-0"                    daemon [_thread_blocked, id=14868, stack(0x000000cc85000000,0x000000cc85100000) (1024K)]
  0x0000028012b0a010 JavaThread "ForkJoinPool-4-worker-4"    daemon [_thread_blocked, id=29232, stack(0x000000cc80800000,0x000000cc80900000) (1024K)]
  0x0000028012b07f40 JavaThread "ForkJoinPool-4-worker-3"    daemon [_thread_blocked, id=24812, stack(0x000000cc80900000,0x000000cc80a00000) (1024K)]
  0x0000028012b05150 JavaThread "ForkJoinPool-4-worker-5"    daemon [_thread_blocked, id=30064, stack(0x000000cc80c00000,0x000000cc80d00000) (1024K)]
  0x0000028012b04430 JavaThread "ForkJoinPool-4-worker-6"    daemon [_thread_blocked, id=23460, stack(0x000000cc80d00000,0x000000cc80e00000) (1024K)]
  0x0000028012b0a6a0 JavaThread "JavaCPP Deallocator"        daemon [_thread_blocked, id=26444, stack(0x000000cc80b00000,0x000000cc80c00000) (1024K)]
  0x0000028012b07220 JavaThread "modloading-sync-worker"     daemon [_thread_blocked, id=5948, stack(0x000000cc81b00000,0x000000cc81c00000) (1024K)]
  0x0000028012b06500 JavaThread "Sound engine"               daemon [_thread_blocked, id=2512, stack(0x000000cc84200000,0x000000cc84300000) (1024K)]
  0x0000027fa93477d0 JavaThread "Worker-Main-1"              daemon [_thread_blocked, id=22348, stack(0x000000cc83f00000,0x000000cc84000000) (1024K)]
  0x0000028013a8c5f0 JavaThread "Worker-Main-12"             daemon [_thread_blocked, id=27664, stack(0x000000cc85a00000,0x000000cc85b00000) (1024K)]
  0x0000028013a92860 JavaThread "FancyMenu-JsonPlaceholder-Cleanup" daemon [_thread_blocked, id=9456, stack(0x000000cc86400000,0x000000cc86500000) (1024K)]
  0x0000028013a8bf60 JavaThread "pool-33-thread-1"                  [_thread_blocked, id=25588, stack(0x000000cc81a00000,0x000000cc81b00000) (1024K)]
  0x0000028013a93580 JavaThread "pool-34-thread-1"                  [_thread_blocked, id=9380, stack(0x000000cc85f00000,0x000000cc86000000) (1024K)]
  0x0000027b82fa4d30 JavaThread "Thread-23"                         [_thread_blocked, id=9860, stack(0x000000cc86600000,0x000000cc86700000) (1024K)]
  0x0000027b82fa81b0 JavaThread "Thread-24"                         [_thread_blocked, id=28312, stack(0x000000cc86700000,0x000000cc86800000) (1024K)]
  0x0000027b82fa8840 JavaThread "ConfigSaver"                daemon [_thread_blocked, id=6096, stack(0x000000cc86d00000,0x000000cc86e00000) (1024K)]
  0x0000027b82fa3980 JavaThread "ConfigSaver"                daemon [_thread_blocked, id=28768, stack(0x000000cc87000000,0x000000cc87100000) (1024K)]
  0x0000027b82fa46a0 JavaThread "Thread-27"                         [_thread_blocked, id=8376, stack(0x000000cc87100000,0x000000cc87200000) (1024K)]
  0x0000027b82fa7b20 JavaThread "IO-Worker-1"                       [_thread_blocked, id=25496, stack(0x000000cc87200000,0x000000cc87300000) (1024K)]
  0x0000027b82fa53c0 JavaThread "Cleaner-1"                  daemon [_thread_blocked, id=19364, stack(0x000000cc87600000,0x000000cc87700000) (1024K)]
  0x0000027b82fa60e0 JavaThread "Cleaner-2"                  daemon [_thread_blocked, id=27748, stack(0x000000cc87700000,0x000000cc87800000) (1024K)]
  0x0000027b82fa5a50 JavaThread "Cleaner-3"                  daemon [_thread_blocked, id=29400, stack(0x000000cc87800000,0x000000cc87900000) (1024K)]
  0x000002800cfc07d0 JavaThread "Cleaner-4"                  daemon [_thread_blocked, id=14816, stack(0x000000cc87900000,0x000000cc87a00000) (1024K)]
  0x000002800cfc4970 JavaThread "spark-monitoring-thread"    daemon [_thread_blocked, id=3216, stack(0x000000cc87300000,0x000000cc87400000) (1024K)]
  0x000002800cfc63b0 JavaThread "spark-worker-pool-1-thread-1" daemon [_thread_blocked, id=18484, stack(0x000000cc87a00000,0x000000cc87b00000) (1024K)]
  0x000002800cfc5d20 JavaThread "CullThread"                 daemon [_thread_blocked, id=6968, stack(0x000000cc87400000,0x000000cc87500000) (1024K)]
  0x000002800cfc28a0 JavaThread "DH-ApplyConfigPresetTimer"  daemon [_thread_blocked, id=8060, stack(0x000000cc87500000,0x000000cc87600000) (1024K)]
  0x000002800cfc2f30 JavaThread "DH-ApplyConfigPresetTimer"  daemon [_thread_blocked, id=26944, stack(0x000000cc87c00000,0x000000cc87d00000) (1024K)]
  0x000002800cfc3c50 JavaThread "KubeJS 2101.7.2-build.368"  daemon [_thread_in_native, id=10944, stack(0x000000cc86c00000,0x000000cc86d00000) (1024K)]
  0x000002800cfc7760 JavaThread "WSKeepAliveThread-/api/updates" daemon [_thread_blocked, id=4896, stack(0x000000cc87d00000,0x000000cc87e00000) (1024K)]
  0x000002800cfc70d0 JavaThread "DH-AbstractDelayedConfigTimer" daemon [_thread_blocked, id=21680, stack(0x000000cc83a00000,0x000000cc83b00000) (1024K)]
  0x000002800cfc0140 JavaThread "Java Sound Sequencer"              [_thread_blocked, id=8064, stack(0x000000cc83d00000,0x000000cc83e00000) (1024K)]
  0x0000027b82fa6770 JavaThread "Cleaner-5"                  daemon [_thread_blocked, id=25444, stack(0x000000cc88600000,0x000000cc88700000) (1024K)]
  0x0000027b82fa6e00 JavaThread "VirtualThread-unparker"     daemon [_thread_blocked, id=26820, stack(0x000000cc88700000,0x000000cc88800000) (1024K)]
  0x0000027faa2c0ff0 JavaThread "pool-39-thread-1"                  [_thread_blocked, id=8912, stack(0x000000cc88800000,0x000000cc88900000) (1024K)]
  0x000002800cfc0e60 JavaThread "pool-38-thread-1"                  [_thread_blocked, id=25252, stack(0x000000cc80400000,0x000000cc80500000) (1024K)]
  0x000002800cfcb270 JavaThread "MRL-Loader-0"               daemon [_thread_blocked, id=7084, stack(0x000000cc82500000,0x000000cc82600000) (1024K)]
  0x000002800cfcbf90 JavaThread "FFThread-1-lifecycle"       daemon [_thread_blocked, id=28292, stack(0x000000cc80000000,0x000000cc80100000) (1024K)]
  0x000002800cfc9830 JavaThread "FFThread-1-demux"           daemon [_thread_blocked, id=30880, stack(0x000000cc80600000,0x000000cc80700000) (1024K)]
  0x0000028013a91b40 JavaThread "FFThread-1-video"           daemon [_thread_blocked, id=26808, stack(0x000000cc80200000,0x000000cc80300000) (1024K)]
  0x0000028013a90e20 JavaThread "FFThread-1-audio"           daemon [_thread_blocked, id=18768, stack(0x000000cc80300000,0x000000cc80400000) (1024K)]
Total: 95

Other Threads:
  0x0000027b8b298f90 VMThread "VM Thread"                           [id=2744, stack(0x000000ccfcc00000,0x000000ccfcd00000) (1024K)]
  0x0000027b8b5c1920 WatcherThread "VM Periodic Task Thread"        [id=24704, stack(0x000000ccfcb00000,0x000000ccfcc00000) (1024K)]
  0x0000027b8b284510 ConcurrentGCThread "ZDirector"                 [id=29192, stack(0x000000ccfbf00000,0x000000ccfc000000) (1024K)]
  0x0000027b8b280e00 ConcurrentGCThread "ZDriverMajor"              [id=10372, stack(0x000000ccfbe00000,0x000000ccfbf00000) (1024K)]
  0x0000027b8b27fd50 ConcurrentGCThread "ZDriverMinor"              [id=31564, stack(0x000000ccfbd00000,0x000000ccfbe00000) (1024K)]
  0x0000027b8b28a8c0 ConcurrentGCThread "ZStat"                     [id=20656, stack(0x000000ccfc000000,0x000000ccfc100000) (1024K)]
  0x0000027b89547510 ConcurrentGCThread "ZUnmapper"                 [id=21160, stack(0x000000ccfb300000,0x000000ccfb400000) (1024K)]
  0x0000027b8ba5e370 ConcurrentGCThread "ZUncommitter"              [id=22676, stack(0x000000ccfb400000,0x000000ccfb500000) (1024K)]
  0x0000027b8b1fa2f0 WorkerThread "ZWorkerYoung#0"                  [id=26364, stack(0x000000ccfb900000,0x000000ccfba00000) (1024K)]
  0x0000027b8b1fb030 WorkerThread "ZWorkerYoung#1"                  [id=9808, stack(0x000000ccfba00000,0x000000ccfbb00000) (1024K)]
  0x0000027b8b1fc6c0 WorkerThread "ZWorkerYoung#2"                  [id=28552, stack(0x000000ccfbb00000,0x000000ccfbc00000) (1024K)]
  0x0000027b8b1fdd50 WorkerThread "ZWorkerYoung#3"                  [id=4628, stack(0x000000ccfbc00000,0x000000ccfbd00000) (1024K)]
  0x0000027b8b1f48b0 WorkerThread "ZWorkerOld#0"                    [id=26688, stack(0x000000ccfb500000,0x000000ccfb600000) (1024K)]
  0x0000027b8b1f55f0 WorkerThread "ZWorkerOld#1"                    [id=26024, stack(0x000000ccfb600000,0x000000ccfb700000) (1024K)]
  0x0000027b8b1f6c80 WorkerThread "ZWorkerOld#2"                    [id=7408, stack(0x000000ccfb700000,0x000000ccfb800000) (1024K)]
  0x0000027b8b1f8310 WorkerThread "ZWorkerOld#3"                    [id=29544, stack(0x000000ccfb800000,0x000000ccfb900000) (1024K)]
  0x0000027b8b28b850 WorkerThread "RuntimeWorker#0"                 [id=29112, stack(0x000000ccfc100000,0x000000ccfc200000) (1024K)]
  0x0000027b8b28c780 WorkerThread "RuntimeWorker#1"                 [id=25860, stack(0x000000ccfc200000,0x000000ccfc300000) (1024K)]
  0x0000027b8b28f6c0 WorkerThread "RuntimeWorker#2"                 [id=19180, stack(0x000000ccfc300000,0x000000ccfc400000) (1024K)]
  0x0000027b8b295a80 WorkerThread "RuntimeWorker#3"                 [id=26252, stack(0x000000ccfc400000,0x000000ccfc500000) (1024K)]
  0x0000027b8b297240 WorkerThread "RuntimeWorker#4"                 [id=31528, stack(0x000000ccfc500000,0x000000ccfc600000) (1024K)]
  0x0000027b8b2975e0 WorkerThread "RuntimeWorker#5"                 [id=6048, stack(0x000000ccfc600000,0x000000ccfc700000) (1024K)]
  0x0000027b8b298bf0 WorkerThread "RuntimeWorker#6"                 [id=24992, stack(0x000000ccfc700000,0x000000ccfc800000) (1024K)]
  0x0000027b8b299330 WorkerThread "RuntimeWorker#7"                 [id=24868, stack(0x000000ccfc800000,0x000000ccfc900000) (1024K)]
  0x0000027b8b298110 WorkerThread "RuntimeWorker#8"                 [id=13156, stack(0x000000ccfc900000,0x000000ccfca00000) (1024K)]
  0x0000027b8b2984b0 WorkerThread "RuntimeWorker#9"                 [id=29664, stack(0x000000ccfca00000,0x000000ccfcb00000) (1024K)]
Total: 26

Threads with active compile tasks:
Total: 0

VM state: not at safepoint (normal execution)

VM Mutex/Monitor currently owned by a thread: None

CDS archive(s) not mapped
Compressed class space mapped at: 0x0000000080000000-0x00000000c0000000, reserved size: 1073741824
Narrow klass base: 0x0000000000000000, Narrow klass shift: 0, Narrow klass range: 0xc0000000

GC Precious Log:
 NUMA Support: Disabled
 CPUs: 16 total, 16 available
 Memory: 31962M
 Large Page Support: Disabled
 Address Space Type: Contiguous/Unrestricted/Complete
 Address Space Size: 262144M
 Min Capacity: 256M
 Initial Capacity: 256M
 Max Capacity: 16384M
 Soft Max Capacity: 16384M
 Medium Page Size: 32M
 Pre-touch: Enabled
 Uncommit: Enabled
 Uncommit Delay: 300s
 GC Workers for Old Generation: 4 (dynamic)
 GC Workers for Young Generation: 4 (dynamic)
 GC Workers Max: 4 (dynamic)
 Runtime Workers: 10

ZGC Globals:
 Young Collection:   Relocate/35
 Old Collection:     Relocate/13
 Offset Max:         4096G (0x0000040000000000)
 Page Size Small:    2M
 Page Size Medium:   32M

ZGC Metadata Bits:
 LoadGood:           0x0000000000001000
 LoadBad:            0x000000000000e000
 MarkGood:           0x0000000000001500
 MarkBad:            0x000000000000eac0
 StoreGood:          0x0000000000001510
 StoreBad:           0x000000000000eae0
 ------------------- 
 Remapped:           0x0000000000001000
 RemappedYoung:      0x0000000000005000
 RemappedOld:        0x0000000000003000
 MarkedYoung:        0x0000000000000100
 MarkedOld:          0x0000000000000400
 Remembered:         0x0000000000000010

Heap:
 ZHeap           used 8894M, capacity 15602M, max capacity 16384M
 Metaspace       used 411345K, committed 415744K, reserved 1441792K
  class space    used 78310K, committed 80384K, reserved 1048576K

ZGC Page Table:
 Small   0x0000000000000000 0x0000000000040000 0x0000000000200000 Y/35    Allocating 
 Small   0x0000000000200000 0x00000000003ffff8 0x0000000000400000 O/9     Relocatable
 Small   0x0000000000400000 0x0000000000600000 0x0000000000600000 O/5     Relocatable
 Small   0x0000000000600000 0x00000000007fffc0 0x0000000000800000 O/5     Relocatable
 Small   0x0000000000800000 0x0000000000840000 0x0000000000a00000 Y/35    Allocating 
 Small   0x0000000000a00000 0x0000000000c00000 0x0000000000c00000 Y/35    Allocating 
 Medium  0x0000000000c00000 0x000000000297e000 0x0000000002c00000 O/6     Relocatable
 Small   0x0000000002c00000 0x0000000002e00000 0x0000000002e00000 Y/35    Allocating 
 Small   0x0000000002e00000 0x0000000002fffff0 0x0000000003000000 O/9     Relocatable
 Small   0x0000000003000000 0x00000000031fffe0 0x0000000003200000 O/5     Relocatable
 Small   0x0000000003200000 0x0000000003400000 0x0000000003400000 Y/35    Allocating 
 Small   0x0000000003400000 0x0000000003600000 0x0000000003600000 Y/35    Allocating 
 Small   0x0000000003600000 0x00000000037fffa8 0x0000000003800000 O/5     Relocatable
 Small   0x0000000003800000 0x00000000039f90f8 0x0000000003a00000 O/5     Relocatable
 Small   0x0000000003a00000 0x0000000003c00000 0x0000000003c00000 Y/35    Allocating 
 Small   0x0000000003c00000 0x0000000003e00000 0x0000000003e00000 Y/35    Allocating 
 Small   0x0000000003e00000 0x0000000003ff93f0 0x0000000004000000 O/5     Relocatable
 Small   0x0000000004000000 0x0000000004200000 0x0000000004200000 Y/35    Allocating 
 Small   0x0000000004200000 0x0000000004400000 0x0000000004400000 O/8     Relocatable
 Small   0x0000000004400000 0x00000000045fffe8 0x0000000004600000 O/7     Relocatable
 Small   0x0000000004600000 0x0000000004800000 0x0000000004800000 Y/35    Allocating 
 Small   0x0000000004800000 0x00000000049ff5b8 0x0000000004a00000 O/5     Relocatable
 Small   0x0000000004e00000 0x0000000004fedd30 0x0000000005000000 O/5     Relocatable
 Small   0x0000000005000000 0x00000000051fffe8 0x0000000005200000 O/7     Relocatable
 Small   0x0000000005200000 0x00000000053fffb8 0x0000000005400000 O/5     Relocatable
 Small   0x0000000005400000 0x00000000055fffe8 0x0000000005600000 O/9     Relocatable
 Small   0x0000000005600000 0x00000000057fffe8 0x0000000005800000 O/9     Relocatable
 Small   0x0000000005800000 0x00000000059fffe0 0x0000000005a00000 O/10    Relocatable
 Small   0x0000000005c00000 0x0000000005e00000 0x0000000005e00000 Y/35    Allocating 
 Small   0x0000000005e00000 0x0000000006000000 0x0000000006000000 O/5     Relocatable
 Small   0x0000000006200000 0x00000000063fffd0 0x0000000006400000 O/8     Relocatable
 Small   0x0000000006400000 0x00000000065fdee0 0x0000000006600000 O/5     Relocatable
 Large   0x0000000006600000 0x0000000007800000 0x0000000007800000 O/11    Relocatable
 Small   0x0000000007c00000 0x0000000007e00000 0x0000000007e00000 Y/35    Allocating 
 Small   0x0000000007e00000 0x0000000007e02dc8 0x0000000008000000 Y/35    Allocating 
 Small   0x0000000008000000 0x0000000008200000 0x0000000008200000 Y/35    Allocating 
 Small   0x0000000008600000 0x00000000087fffe8 0x0000000008800000 O/10    Relocatable
 Small   0x0000000008a00000 0x0000000008c00000 0x0000000008c00000 Y/35    Allocating 
 Small   0x0000000008c00000 0x0000000008dd4ed8 0x0000000008e00000 O/5     Relocatable
 Small   0x0000000008e00000 0x0000000008ffffd8 0x0000000009000000 O/7     Relocatable
 Small   0x0000000009000000 0x00000000091fffd0 0x0000000009200000 O/8     Relocatable
 Small   0x0000000009400000 0x00000000095fffe8 0x0000000009600000 O/5     Relocatable
 Small   0x0000000009600000 0x00000000097fffe8 0x0000000009800000 O/7     Relocatable
 Small   0x0000000009800000 0x00000000099fffe8 0x0000000009a00000 O/5     Relocatable
 Small   0x0000000009a00000 0x0000000009c00000 0x0000000009c00000 O/10    Relocatable
 Small   0x0000000009e00000 0x0000000009fffff0 0x000000000a000000 O/9     Relocatable
 Small   0x000000000a000000 0x000000000a200000 0x000000000a200000 Y/35    Allocating 
 Small   0x000000000a200000 0x000000000a3fffc0 0x000000000a400000 O/6     Relocatable
 Small   0x000000000a400000 0x000000000a5ffff8 0x000000000a600000 O/10    Relocatable
 Small   0x000000000aa00000 0x000000000abfe828 0x000000000ac00000 O/8     Relocatable
 Small   0x000000000ac00000 0x000000000adf29d8 0x000000000ae00000 O/5     Relocatable
 Small   0x000000000ae00000 0x000000000b000000 0x000000000b000000 Y/35    Allocating 
 Small   0x000000000b200000 0x000000000b3fffb0 0x000000000b400000 O/5     Relocatable
 Small   0x000000000b800000 0x000000000b9fffe8 0x000000000ba00000 O/13    Allocating 
 Small   0x000000000c200000 0x000000000c400000 0x000000000c400000 Y/35    Allocating 
 Small   0x000000000c600000 0x000000000c7f4418 0x000000000c800000 O/5     Relocatable
 Small   0x000000000cc00000 0x000000000ce00000 0x000000000ce00000 Y/35    Allocating 
 Small   0x000000000ce00000 0x000000000d000000 0x000000000d000000 O/10    Relocatable
 Small   0x000000000d000000 0x000000000d1fffd8 0x000000000d200000 O/8     Relocatable
 Small   0x000000000d400000 0x000000000d5e47c8 0x000000000d600000 O/5     Relocatable
 Small   0x000000000da00000 0x000000000dbfffd0 0x000000000dc00000 O/5     Relocatable
 Small   0x000000000dc00000 0x000000000ddffff0 0x000000000de00000 O/10    Relocatable
 Small   0x000000000de00000 0x000000000dfed8a8 0x000000000e000000 O/5     Relocatable
 Small   0x000000000e200000 0x000000000e3ffff0 0x000000000e400000 O/9     Relocatable
 Small   0x000000000e400000 0x000000000e5ffff8 0x000000000e600000 O/9     Relocatable
 Small   0x000000000ec00000 0x000000000ee00000 0x000000000ee00000 Y/35    Allocating 
 Small   0x000000000f200000 0x000000000f400000 0x000000000f400000 Y/35    Allocating 
 Small   0x000000000fe00000 0x0000000010000000 0x0000000010000000 Y/35    Allocating 
 Small   0x0000000010400000 0x00000000105ffff8 0x0000000010600000 O/6     Relocatable
 Small   0x0000000010800000 0x00000000109fffd8 0x0000000010a00000 O/8     Relocatable
 Small   0x0000000010a00000 0x0000000010bffff0 0x0000000010c00000 O/11    Relocatable
 Small   0x0000000010e00000 0x0000000010ff4330 0x0000000011000000 O/5     Relocatable
 Small   0x0000000011000000 0x00000000111fb628 0x0000000011200000 O/5     Relocatable
 Small   0x0000000011200000 0x0000000011400000 0x0000000011400000 Y/35    Allocating 
 Small   0x0000000011600000 0x00000000117f6e00 0x0000000011800000 O/6     Relocatable
 Small   0x0000000011a00000 0x0000000011c00000 0x0000000011c00000 Y/35    Allocating 
 Small   0x0000000012000000 0x00000000121fffd8 0x0000000012200000 O/8     Relocatable
 Small   0x0000000012800000 0x0000000012a00000 0x0000000012a00000 Y/35    Allocating 
 Small   0x0000000012a00000 0x0000000012bffff8 0x0000000012c00000 O/8     Relocatable
 Small   0x0000000012e00000 0x0000000012ffffd0 0x0000000013000000 O/11    Relocatable
 Small   0x0000000013400000 0x0000000013600000 0x0000000013600000 Y/35    Allocating 
 Small   0x0000000013a00000 0x0000000013bffff8 0x0000000013c00000 O/5     Relocatable
 Small   0x0000000013e00000 0x0000000013ffffd0 0x0000000014000000 O/7     Relocatable
 Small   0x0000000014200000 0x0000000014400000 0x0000000014400000 O/5     Relocatable
 Small   0x0000000014600000 0x0000000014800000 0x0000000014800000 Y/35    Allocating 
 Small   0x0000000014800000 0x00000000149fffe0 0x0000000014a00000 O/9     Relocatable
 Small   0x0000000014e00000 0x0000000014fffff0 0x0000000015000000 O/5     Relocatable
 Small   0x0000000015000000 0x0000000015200000 0x0000000015200000 Y/35    Allocating 
 Small   0x0000000016000000 0x0000000016200000 0x0000000016200000 Y/35    Allocating 
 Small   0x0000000016200000 0x00000000163f0858 0x0000000016400000 O/5     Relocatable
 Small   0x0000000016400000 0x0000000016600000 0x0000000016600000 O/8     Relocatable
 Small   0x0000000016800000 0x00000000169fffd0 0x0000000016a00000 O/7     Relocatable
 Small   0x0000000016e00000 0x0000000017000000 0x0000000017000000 Y/35    Allocating 
 Small   0x0000000017600000 0x0000000017800000 0x0000000017800000 Y/35    Allocating 
 Small   0x0000000017c00000 0x0000000017dffff8 0x0000000017e00000 O/9     Relocatable
 Small   0x0000000018600000 0x0000000018800000 0x0000000018800000 O/10    Relocatable
 Small   0x0000000018800000 0x0000000018a00000 0x0000000018a00000 Y/35    Allocating 
 Small   0x0000000018a00000 0x0000000018c00000 0x0000000018c00000 O/9     Relocatable
 Small   0x0000000019000000 0x0000000019200000 0x0000000019200000 Y/35    Allocating 
 Small   0x0000000019800000 0x00000000199fffd8 0x0000000019a00000 O/5     Relocatable
 Small   0x0000000019a00000 0x0000000019bfffc8 0x0000000019c00000 O/11    Relocatable
 Small   0x0000000019e00000 0x000000001a000000 0x000000001a000000 O/5     Relocatable
 Small   0x000000001a000000 0x000000001a1b6fa8 0x000000001a200000 O/5     Relocatable
 Small   0x000000001a600000 0x000000001a800000 0x000000001a800000 Y/35    Allocating 
 Small   0x000000001ae00000 0x000000001b000000 0x000000001b000000 O/5     Relocatable
 Small   0x000000001b000000 0x000000001b1fffe0 0x000000001b200000 O/8     Relocatable
 Small   0x000000001b200000 0x000000001b400000 0x000000001b400000 Y/35    Allocating 
 Small   0x000000001b400000 0x000000001b5fffa8 0x000000001b600000 O/10    Relocatable
 Small   0x000000001b600000 0x000000001b7fff60 0x000000001b800000 O/8     Relocatable
 Small   0x000000001bc00000 0x000000001bdcd400 0x000000001be00000 O/7     Relocatable
 Small   0x000000001c400000 0x000000001c600000 0x000000001c600000 Y/35    Allocating 
 Small   0x000000001c800000 0x000000001c9ffff8 0x000000001ca00000 O/11    Relocatable
 Small   0x000000001ca00000 0x000000001cbfffe8 0x000000001cc00000 O/5     Relocatable
 Small   0x000000001cc00000 0x000000001ce00000 0x000000001ce00000 Y/35    Allocating 
 Small   0x000000001ce00000 0x000000001d000000 0x000000001d000000 O/9     Relocatable
 Small   0x000000001d200000 0x000000001d400000 0x000000001d400000 Y/35    Allocating 
 Small   0x000000001d800000 0x000000001d9e2510 0x000000001da00000 O/5     Relocatable
 Small   0x000000001da00000 0x000000001dbfffd0 0x000000001dc00000 O/6     Relocatable
 Small   0x000000001dc00000 0x000000001ddfffe0 0x000000001de00000 O/10    Relocatable
 Small   0x000000001de00000 0x000000001e000000 0x000000001e000000 Y/35    Allocating 
 Small   0x000000001e200000 0x000000001e3fffe8 0x000000001e400000 O/10    Relocatable
 Small   0x000000001e400000 0x000000001e600000 0x000000001e600000 Y/35    Allocating 
 Small   0x000000001e600000 0x000000001e7fffb0 0x000000001e800000 O/10    Relocatable
 Small   0x000000001e800000 0x000000001ea00000 0x000000001ea00000 Y/35    Allocating 
 Small   0x000000001ea00000 0x000000001ebffff0 0x000000001ec00000 O/5     Relocatable
 Small   0x000000001ec00000 0x000000001ee00000 0x000000001ee00000 Y/35    Allocating 
 Small   0x000000001ee00000 0x000000001efffff8 0x000000001f000000 O/5     Relocatable
 Small   0x000000001f000000 0x000000001f1fffe8 0x000000001f200000 O/5     Relocatable
 Small   0x000000001f200000 0x000000001f400000 0x000000001f400000 O/5     Relocatable
 Small   0x000000001f600000 0x000000001f7fffc8 0x000000001f800000 O/5     Relocatable
 Small   0x000000001f800000 0x000000001fa00000 0x000000001fa00000 Y/35    Allocating 
 Small   0x000000001fa00000 0x000000001fbfffa0 0x000000001fc00000 O/10    Relocatable
 Small   0x000000001fc00000 0x000000001fdfffc0 0x000000001fe00000 O/6     Relocatable
 Small   0x000000001fe00000 0x000000001ffffff0 0x0000000020000000 O/5     Relocatable
 Small   0x0000000020200000 0x00000000203fff00 0x0000000020400000 O/10    Relocatable
 Small   0x0000000020600000 0x00000000207fffe8 0x0000000020800000 O/10    Relocatable
 Small   0x0000000020800000 0x00000000209fffc8 0x0000000020a00000 O/11    Relocatable
 Small   0x0000000020c00000 0x0000000020e00000 0x0000000020e00000 Y/35    Allocating 
 Small   0x0000000020e00000 0x0000000020ffffe8 0x0000000021000000 O/5     Relocatable
 Small   0x0000000021200000 0x00000000213ffff0 0x0000000021400000 O/7     Relocatable
 Small   0x0000000021600000 0x0000000021800000 0x0000000021800000 O/5     Relocatable
 Small   0x0000000021a00000 0x0000000021bfffe0 0x0000000021c00000 O/9     Relocatable
 Small   0x0000000021c00000 0x0000000021dfffd0 0x0000000021e00000 O/10    Relocatable
 Small   0x0000000021e00000 0x0000000022000000 0x0000000022000000 Y/35    Allocating 
 Small   0x0000000022000000 0x00000000221f5868 0x0000000022200000 O/5     Relocatable
 Small   0x0000000022600000 0x0000000022800000 0x0000000022800000 O/10    Relocatable
 Small   0x0000000022800000 0x0000000022a00000 0x0000000022a00000 Y/35    Allocating 
 Small   0x0000000023800000 0x00000000239fffc0 0x0000000023a00000 O/10    Relocatable
 Small   0x0000000023c00000 0x0000000023e00000 0x0000000023e00000 Y/35    Allocating 
 Small   0x0000000024400000 0x00000000245ff9e8 0x0000000024600000 O/5     Relocatable
 Small   0x0000000024600000 0x0000000024800000 0x0000000024800000 Y/35    Allocating 
 Small   0x0000000024800000 0x00000000249ffff0 0x0000000024a00000 O/9     Relocatable
 Small   0x0000000024c00000 0x0000000024e00000 0x0000000024e00000 O/10    Relocatable
 Small   0x0000000025200000 0x0000000025400000 0x0000000025400000 Y/35    Allocating 
 Small   0x0000000025e00000 0x0000000025ffff88 0x0000000026000000 O/10    Relocatable
 Small   0x0000000026000000 0x00000000261ffff8 0x0000000026200000 O/10    Relocatable
 Small   0x0000000026400000 0x0000000026600000 0x0000000026600000 Y/35    Allocating 
 Small   0x0000000026800000 0x00000000269fffe8 0x0000000026a00000 O/10    Relocatable
 Small   0x0000000026e00000 0x0000000027000000 0x0000000027000000 Y/35    Allocating 
 Small   0x0000000027200000 0x00000000273fff90 0x0000000027400000 O/5     Relocatable
 Small   0x0000000027800000 0x0000000027a00000 0x0000000027a00000 O/9     Relocatable
 Small   0x0000000027a00000 0x0000000027bfffc8 0x0000000027c00000 O/5     Relocatable
 Small   0x0000000027c00000 0x0000000027e00000 0x0000000027e00000 Y/35    Allocating 
 Small   0x0000000028000000 0x00000000281fffe8 0x0000000028200000 O/10    Relocatable
 Small   0x0000000028a00000 0x0000000028c00000 0x0000000028c00000 Y/35    Allocating 
 Small   0x0000000029200000 0x0000000029400000 0x0000000029400000 Y/35    Allocating 
 Small   0x0000000029600000 0x0000000029800000 0x0000000029800000 O/12    Relocatable
 Small   0x0000000029800000 0x00000000299ffff8 0x0000000029a00000 O/9     Relocatable
 Small   0x000000002a000000 0x000000002a1fffd0 0x000000002a200000 O/8     Relocatable
 Small   0x000000002a200000 0x000000002a3fc848 0x000000002a400000 O/5     Relocatable
 Small   0x000000002a800000 0x000000002aa00000 0x000000002aa00000 Y/35    Allocating 
 Small   0x000000002aa00000 0x000000002ac00000 0x000000002ac00000 O/12    Relocatable
 Small   0x000000002ac00000 0x000000002adfffd0 0x000000002ae00000 O/10    Relocatable
 Small   0x000000002b200000 0x000000002b400000 0x000000002b400000 Y/35    Allocating 
 Small   0x000000002be00000 0x000000002c000000 0x000000002c000000 Y/35    Allocating 
 Small   0x000000002c200000 0x000000002c3fffc8 0x000000002c400000 O/9     Relocatable
 Small   0x000000002ca00000 0x000000002cbfffb8 0x000000002cc00000 O/10    Relocatable
 Small   0x000000002ce00000 0x000000002cfff680 0x000000002d000000 O/6     Relocatable
 Small   0x000000002d200000 0x000000002d400000 0x000000002d400000 Y/35    Allocating 
 Small   0x000000002da00000 0x000000002dbfff90 0x000000002dc00000 O/11    Relocatable
 Small   0x000000002dc00000 0x000000002de00000 0x000000002de00000 Y/35    Allocating 
 Small   0x000000002e400000 0x000000002e600000 0x000000002e600000 Y/35    Allocating 
 Small   0x000000002ec00000 0x000000002edfffd0 0x000000002ee00000 O/9     Relocatable
 Small   0x000000002ee00000 0x000000002efeccd8 0x000000002f000000 O/11    Relocatable
 Small   0x000000002f400000 0x000000002f600000 0x000000002f600000 Y/35    Allocating 
 Small   0x000000002fc00000 0x000000002fdffff0 0x000000002fe00000 O/9     Relocatable
 Small   0x000000002fe00000 0x0000000030000000 0x0000000030000000 Y/35    Allocating 
 Small   0x0000000030200000 0x0000000030400000 0x0000000030400000 Y/35    Allocating 
 Small   0x0000000030400000 0x00000000305fffa0 0x0000000030600000 O/12    Relocatable
 Small   0x0000000030800000 0x0000000030a00000 0x0000000030a00000 Y/35    Allocating 
 Small   0x0000000031400000 0x0000000031600000 0x0000000031600000 Y/35    Allocating 
 Small   0x0000000031800000 0x00000000319fffe8 0x0000000031a00000 O/8     Relocatable
 Small   0x0000000031a00000 0x0000000031be80d8 0x0000000031c00000 O/10    Relocatable
 Small   0x0000000031e00000 0x0000000031fffff0 0x0000000032000000 O/10    Relocatable
 Small   0x0000000032000000 0x0000000032200000 0x0000000032200000 Y/35    Allocating 
 Small   0x0000000032800000 0x00000000329fffe0 0x0000000032a00000 O/10    Relocatable
 Small   0x0000000032a00000 0x0000000032c00000 0x0000000032c00000 Y/35    Allocating 
 Small   0x0000000032e00000 0x0000000032ffffc0 0x0000000033000000 O/9     Relocatable
 Small   0x0000000033600000 0x00000000337fffd8 0x0000000033800000 O/10    Relocatable
 Small   0x0000000033800000 0x0000000033a00000 0x0000000033a00000 Y/35    Allocating 
 Small   0x0000000033a00000 0x0000000033c00000 0x0000000033c00000 O/11    Relocatable
 Small   0x0000000033e00000 0x0000000033ffffe0 0x0000000034000000 O/9     Relocatable
 Small   0x0000000034200000 0x0000000034400000 0x0000000034400000 Y/35    Allocating 
 Small   0x0000000034400000 0x00000000345ffff0 0x0000000034600000 O/9     Relocatable
 Small   0x0000000034800000 0x00000000349fffe8 0x0000000034a00000 O/10    Relocatable
 Small   0x0000000034c00000 0x0000000034e00000 0x0000000034e00000 Y/35    Allocating 
 Small   0x0000000035c00000 0x0000000035dfffe8 0x0000000035e00000 O/10    Relocatable
 Small   0x0000000035e00000 0x0000000036000000 0x0000000036000000 Y/35    Allocating 
 Small   0x0000000036200000 0x00000000363fffe8 0x0000000036400000 O/8     Relocatable
 Small   0x0000000036400000 0x00000000365fffe8 0x0000000036600000 O/12    Relocatable
 Small   0x0000000036600000 0x00000000367fff98 0x0000000036800000 O/9     Relocatable
 Small   0x0000000036a00000 0x0000000036c00000 0x0000000036c00000 Y/35    Allocating 
 Small   0x0000000036e00000 0x0000000036ffffd8 0x0000000037000000 O/9     Relocatable
 Small   0x0000000037200000 0x0000000037400000 0x0000000037400000 Y/35    Allocating 
 Small   0x0000000037600000 0x0000000037800000 0x0000000037800000 O/9     Relocatable
 Small   0x0000000037a00000 0x0000000037c00000 0x0000000037c00000 Y/35    Allocating 
 Small   0x0000000038c00000 0x0000000038dfffd0 0x0000000038e00000 O/8     Relocatable
 Small   0x0000000039000000 0x00000000391f4068 0x0000000039200000 O/9     Relocatable
 Small   0x0000000039200000 0x0000000039400000 0x0000000039400000 Y/35    Allocating 
 Small   0x0000000039a00000 0x0000000039c00000 0x0000000039c00000 Y/35    Allocating 
 Small   0x000000003a000000 0x000000003a1fffd0 0x000000003a200000 O/9     Relocatable
 Small   0x000000003a800000 0x000000003a9fffd0 0x000000003aa00000 O/10    Relocatable
 Small   0x000000003aa00000 0x000000003ac00000 0x000000003ac00000 Y/35    Allocating 
 Small   0x000000003b000000 0x000000003b200000 0x000000003b200000 O/9     Relocatable
 Small   0x000000003b200000 0x000000003b400000 0x000000003b400000 Y/35    Allocating 
 Small   0x000000003b400000 0x000000003b600000 0x000000003b600000 Y/35    Allocating 
 Small   0x000000003b800000 0x000000003ba00000 0x000000003ba00000 Y/35    Allocating 
 Small   0x000000003bc00000 0x000000003bc16ec0 0x000000003be00000 Y/35    Allocating 
 Small   0x000000003c200000 0x000000003c400000 0x000000003c400000 Y/35    Allocating 
 Small   0x000000003cc00000 0x000000003cdfffe8 0x000000003ce00000 O/10    Relocatable
 Small   0x000000003d000000 0x000000003d200000 0x000000003d200000 Y/35    Allocating 
 Small   0x000000003d400000 0x000000003d5fffb0 0x000000003d600000 O/10    Relocatable
 Small   0x000000003da00000 0x000000003dbffe40 0x000000003dc00000 O/5     Relocatable
 Small   0x000000003e000000 0x000000003e200000 0x000000003e200000 Y/35    Allocating 
 Small   0x000000003e800000 0x000000003ea00000 0x000000003ea00000 Y/35    Allocating 
 Small   0x000000003f000000 0x000000003f200000 0x000000003f200000 Y/35    Allocating 
 Small   0x000000003f600000 0x000000003f800000 0x000000003f800000 Y/35    Allocating 
 Small   0x000000003fc00000 0x000000003fe00000 0x000000003fe00000 Y/35    Allocating 
 Small   0x000000003fe00000 0x0000000040000000 0x0000000040000000 Y/35    Allocating 
 Small   0x0000000040600000 0x0000000040800000 0x0000000040800000 Y/35    Allocating 
 Small   0x0000000040800000 0x00000000409fffe8 0x0000000040a00000 O/9     Relocatable
 Small   0x0000000041000000 0x0000000041200000 0x0000000041200000 Y/35    Allocating 
 Small   0x0000000041a00000 0x0000000041c00000 0x0000000041c00000 Y/35    Allocating 
 Small   0x0000000042000000 0x00000000421ffff8 0x0000000042200000 O/8     Relocatable
 Small   0x0000000042200000 0x00000000423ffe78 0x0000000042400000 O/8     Relocatable
 Small   0x0000000042400000 0x0000000042600000 0x0000000042600000 Y/35    Allocating 
 Small   0x0000000042800000 0x00000000429ffe88 0x0000000042a00000 O/10    Relocatable
 Small   0x0000000042a00000 0x0000000042bffff0 0x0000000042c00000 O/9     Relocatable
 Small   0x0000000043000000 0x0000000043200000 0x0000000043200000 Y/35    Allocating 
 Small   0x0000000043600000 0x00000000437fff80 0x0000000043800000 O/5     Relocatable
 Small   0x0000000043800000 0x0000000043a00000 0x0000000043a00000 Y/35    Allocating 
 Small   0x0000000043c00000 0x0000000043e00000 0x0000000043e00000 Y/35    Allocating 
 Small   0x0000000043e00000 0x0000000044000000 0x0000000044000000 O/9     Relocatable
 Small   0x0000000044000000 0x00000000441fffd8 0x0000000044200000 O/8     Relocatable
 Small   0x0000000044600000 0x0000000044800000 0x0000000044800000 Y/35    Allocating 
 Small   0x0000000044e00000 0x0000000045000000 0x0000000045000000 Y/35    Allocating 
 Small   0x0000000045000000 0x00000000451ffff0 0x0000000045200000 O/5     Relocatable
 Small   0x0000000045600000 0x00000000457fffc8 0x0000000045800000 O/5     Relocatable
 Small   0x0000000045c00000 0x0000000045c02c98 0x0000000045e00000 Y/35    Allocating 
 Small   0x0000000045e00000 0x0000000046000000 0x0000000046000000 Y/35    Allocating 
 Small   0x0000000046000000 0x00000000461ffff0 0x0000000046200000 O/9     Relocatable
 Small   0x0000000046200000 0x0000000046400000 0x0000000046400000 Y/35    Allocating 
 Small   0x0000000046a00000 0x0000000046c00000 0x0000000046c00000 Y/35    Allocating 
 Small   0x0000000046c00000 0x0000000046e00000 0x0000000046e00000 Y/35    Allocating 
 Small   0x0000000046e00000 0x0000000047000000 0x0000000047000000 Y/35    Allocating 
 Small   0x0000000047200000 0x00000000473fffd8 0x0000000047400000 O/10    Relocatable
 Small   0x0000000047a00000 0x0000000047bfff08 0x0000000047c00000 O/8     Relocatable
 Small   0x0000000048000000 0x00000000481fffa8 0x0000000048200000 O/10    Relocatable
 Small   0x0000000048400000 0x0000000048600000 0x0000000048600000 Y/35    Allocating 
 Small   0x0000000048a00000 0x0000000048bfffd8 0x0000000048c00000 O/9     Relocatable
 Small   0x0000000048c00000 0x0000000048dfffe8 0x0000000048e00000 O/9     Relocatable
 Small   0x0000000049000000 0x0000000049200000 0x0000000049200000 Y/35    Allocating 
 Small   0x0000000049400000 0x00000000495ffff0 0x0000000049600000 O/8     Relocatable
 Small   0x0000000049800000 0x0000000049a00000 0x0000000049a00000 Y/35    Allocating 
 Small   0x0000000049c00000 0x0000000049dfff98 0x0000000049e00000 O/10    Relocatable
 Small   0x000000004a200000 0x000000004a400000 0x000000004a400000 Y/35    Allocating 
 Small   0x000000004ac00000 0x000000004adfffd8 0x000000004ae00000 O/5     Relocatable
 Small   0x000000004b000000 0x000000004b200000 0x000000004b200000 Y/35    Allocating 
 Small   0x000000004b400000 0x000000004b5ffff8 0x000000004b600000 O/8     Relocatable
 Small   0x000000004b600000 0x000000004b7fffd0 0x000000004b800000 O/10    Relocatable
 Small   0x000000004ba00000 0x000000004bbffff0 0x000000004bc00000 O/9     Relocatable
 Small   0x000000004be00000 0x000000004bffffd8 0x000000004c000000 O/8     Relocatable
 Small   0x000000004c000000 0x000000004c200000 0x000000004c200000 Y/35    Allocating 
 Small   0x000000004c800000 0x000000004c9fffe0 0x000000004ca00000 O/10    Relocatable
 Small   0x000000004ce00000 0x000000004d000000 0x000000004d000000 Y/35    Allocating 
 Small   0x000000004d800000 0x000000004d9fffb8 0x000000004da00000 O/8     Relocatable
 Small   0x000000004e200000 0x000000004e400000 0x000000004e400000 Y/35    Allocating 
 Small   0x000000004e400000 0x000000004e5fffd0 0x000000004e600000 O/9     Relocatable
 Small   0x000000004f000000 0x000000004f1fffd8 0x000000004f200000 O/8     Relocatable
 Small   0x000000004f200000 0x000000004f3ffff8 0x000000004f400000 O/8     Relocatable
 Small   0x000000004f400000 0x000000004f600000 0x000000004f600000 Y/35    Allocating 
 Small   0x000000004fc00000 0x000000004fe00000 0x000000004fe00000 Y/35    Allocating 
 Small   0x0000000050800000 0x0000000050807028 0x0000000050a00000 Y/35    Allocating 
 Small   0x0000000050a00000 0x0000000050a2d590 0x0000000050c00000 Y/35    Allocating 
 Small   0x0000000050c00000 0x0000000050dff840 0x0000000050e00000 O/8     Relocatable
 Small   0x0000000051200000 0x0000000051400000 0x0000000051400000 Y/35    Allocating 
 Small   0x0000000051c00000 0x0000000051e00000 0x0000000051e00000 Y/35    Allocating 
 Small   0x0000000051e00000 0x0000000051ffffe8 0x0000000052000000 O/10    Relocatable
 Small   0x0000000052400000 0x00000000525fffe8 0x0000000052600000 O/10    Relocatable
 Small   0x0000000052e00000 0x0000000053000000 0x0000000053000000 Y/35    Allocating 
 Small   0x0000000053000000 0x0000000053200000 0x0000000053200000 O/9     Relocatable
 Small   0x0000000053a00000 0x0000000053bffff0 0x0000000053c00000 O/5     Relocatable
 Small   0x0000000054000000 0x0000000054200000 0x0000000054200000 Y/35    Allocating 
 Small   0x0000000054800000 0x00000000549fffe0 0x0000000054a00000 O/8     Relocatable
 Small   0x0000000055200000 0x0000000055400000 0x0000000055400000 O/8     Relocatable
 Small   0x0000000055400000 0x0000000055600000 0x0000000055600000 Y/35    Allocating 
 Small   0x0000000056000000 0x00000000561fffd0 0x0000000056200000 O/11    Relocatable
 Small   0x0000000056600000 0x0000000056800000 0x0000000056800000 Y/35    Allocating 
 Small   0x0000000056c00000 0x0000000056dfff78 0x0000000056e00000 O/11    Relocatable
 Small   0x0000000057600000 0x00000000577eb3e8 0x0000000057800000 O/5     Relocatable
 Small   0x0000000057800000 0x0000000057a00000 0x0000000057a00000 Y/35    Allocating 
 Small   0x0000000057c00000 0x0000000057dffff0 0x0000000057e00000 O/9     Relocatable
 Small   0x0000000059000000 0x00000000591c3328 0x0000000059200000 O/10    Relocatable
 Small   0x0000000059400000 0x0000000059600000 0x0000000059600000 Y/35    Allocating 
 Small   0x000000005a400000 0x000000005a600000 0x000000005a600000 O/8     Relocatable
 Small   0x000000005a600000 0x000000005a7ffff0 0x000000005a800000 O/5     Relocatable
 Small   0x000000005a800000 0x000000005aa00000 0x000000005aa00000 Y/35    Allocating 
 Small   0x000000005ac00000 0x000000005adffff0 0x000000005ae00000 O/9     Relocatable
 Small   0x000000005b800000 0x000000005ba00000 0x000000005ba00000 Y/35    Allocating 
 Small   0x000000005c800000 0x000000005ca00000 0x000000005ca00000 Y/35    Allocating 
 Small   0x000000005d000000 0x000000005d200000 0x000000005d200000 Y/35    Allocating 
 Small   0x000000005dc00000 0x000000005de00000 0x000000005de00000 Y/35    Allocating 
 Small   0x000000005ec00000 0x000000005ee00000 0x000000005ee00000 Y/35    Allocating 
 Small   0x000000005f000000 0x000000005f200000 0x000000005f200000 O/9     Relocatable
 Small   0x0000000060600000 0x00000000607fffd8 0x0000000060800000 O/8     Relocatable
 Small   0x0000000060800000 0x0000000060a00000 0x0000000060a00000 Y/35    Allocating 
 Small   0x0000000060c00000 0x0000000060dfffd0 0x0000000060e00000 O/8     Relocatable
 Small   0x0000000060e00000 0x0000000060ffffd0 0x0000000061000000 O/11    Relocatable
 Small   0x0000000061200000 0x00000000613fffa0 0x0000000061400000 O/11    Relocatable
 Small   0x0000000061c00000 0x0000000061e00000 0x0000000061e00000 Y/35    Allocating 
 Small   0x0000000062800000 0x00000000629ffff0 0x0000000062a00000 O/9     Relocatable
 Small   0x0000000062a00000 0x0000000062bffff0 0x0000000062c00000 O/10    Relocatable
 Small   0x0000000062c00000 0x0000000062e00000 0x0000000062e00000 Y/35    Allocating 
 Small   0x0000000063200000 0x00000000633fffe0 0x0000000063400000 O/8     Relocatable
 Small   0x0000000063a00000 0x0000000063c00000 0x0000000063c00000 Y/35    Allocating 
 Small   0x0000000063e00000 0x0000000063ffffd0 0x0000000064000000 O/9     Relocatable
 Small   0x0000000064600000 0x0000000064800000 0x0000000064800000 Y/35    Allocating 
 Small   0x0000000065600000 0x0000000065800000 0x0000000065800000 Y/35    Allocating 
 Small   0x0000000065800000 0x00000000659fffb8 0x0000000065a00000 O/9     Relocatable
 Small   0x0000000066200000 0x00000000663fff78 0x0000000066400000 O/8     Relocatable
 Small   0x0000000066600000 0x0000000066800000 0x0000000066800000 Y/35    Allocating 
 Small   0x0000000066e00000 0x0000000066ffffe0 0x0000000067000000 O/10    Relocatable
 Small   0x0000000067200000 0x00000000673fffe8 0x0000000067400000 O/9     Relocatable
 Small   0x0000000067a00000 0x0000000067bfffe8 0x0000000067c00000 O/8     Relocatable
 Small   0x0000000067c00000 0x0000000067e00000 0x0000000067e00000 Y/35    Allocating 
 Small   0x0000000068a00000 0x0000000068bfffd8 0x0000000068c00000 O/12    Relocatable
 Small   0x0000000068e00000 0x0000000068ffffd8 0x0000000069000000 O/8     Relocatable
 Small   0x0000000069000000 0x0000000069200000 0x0000000069200000 Y/35    Allocating 
 Small   0x0000000069200000 0x00000000693fffb8 0x0000000069400000 O/8     Relocatable
 Small   0x0000000069400000 0x00000000695fff80 0x0000000069600000 O/8     Relocatable
 Small   0x0000000069a00000 0x0000000069c00000 0x0000000069c00000 Y/35    Allocating 
 Small   0x0000000069c00000 0x0000000069dffff8 0x0000000069e00000 O/8     Relocatable
 Small   0x000000006a400000 0x000000006a600000 0x000000006a600000 Y/35    Allocating 
 Small   0x000000006a800000 0x000000006a9ffff8 0x000000006aa00000 O/8     Relocatable
 Small   0x000000006ac00000 0x000000006ac02d68 0x000000006ae00000 Y/35    Allocating 
 Small   0x000000006ae00000 0x000000006affffe0 0x000000006b000000 O/9     Relocatable
 Small   0x000000006bc00000 0x000000006be00000 0x000000006be00000 Y/35    Allocating 
 Small   0x000000006be00000 0x000000006c000000 0x000000006c000000 O/10    Relocatable
 Small   0x000000006c600000 0x000000006c7ffff8 0x000000006c800000 O/8     Relocatable
 Small   0x000000006ca00000 0x000000006cbfffc8 0x000000006cc00000 O/9     Relocatable
 Small   0x000000006cc00000 0x000000006cdfffa8 0x000000006ce00000 O/8     Relocatable
 Small   0x000000006d200000 0x000000006d3fffe8 0x000000006d400000 O/10    Relocatable
 Small   0x000000006d600000 0x000000006d800000 0x000000006d800000 Y/35    Allocating 
 Small   0x000000006de00000 0x000000006e000000 0x000000006e000000 O/9     Relocatable
 Small   0x000000006e400000 0x000000006e5fffe0 0x000000006e600000 O/8     Relocatable
 Small   0x000000006e800000 0x000000006ea00000 0x000000006ea00000 O/10    Relocatable
 Small   0x000000006ea00000 0x000000006ec00000 0x000000006ec00000 Y/35    Allocating 
 Small   0x000000006f200000 0x000000006f3fffd0 0x000000006f400000 O/8     Relocatable
 Small   0x000000006f600000 0x000000006f7e8050 0x000000006f800000 O/8     Relocatable
 Small   0x000000006f800000 0x000000006fa00000 0x000000006fa00000 O/9     Relocatable
 Small   0x000000006fa00000 0x000000006fbfeba8 0x000000006fc00000 O/8     Relocatable
 Small   0x000000006fc00000 0x000000006fdfffe8 0x000000006fe00000 O/8     Relocatable
 Small   0x0000000070000000 0x0000000070200000 0x0000000070200000 O/8     Relocatable
 Small   0x0000000070200000 0x0000000070400000 0x0000000070400000 O/9     Relocatable
 Small   0x0000000070400000 0x00000000705fff28 0x0000000070600000 O/9     Relocatable
 Small   0x0000000070800000 0x00000000709ffff8 0x0000000070a00000 O/8     Relocatable
 Small   0x0000000070c00000 0x0000000070e00000 0x0000000070e00000 Y/35    Allocating 
 Small   0x0000000070e00000 0x0000000070ffffb8 0x0000000071000000 O/9     Relocatable
 Small   0x0000000071000000 0x00000000711fffa8 0x0000000071200000 O/8     Relocatable
 Small   0x0000000071200000 0x00000000713fffe0 0x0000000071400000 O/8     Relocatable
 Small   0x0000000071800000 0x00000000719fffd8 0x0000000071a00000 O/8     Relocatable
 Small   0x0000000072200000 0x0000000072400000 0x0000000072400000 Y/35    Allocating 
 Small   0x0000000072800000 0x0000000072a00000 0x0000000072a00000 Y/35    Allocating 
 Small   0x0000000073000000 0x0000000073200000 0x0000000073200000 Y/35    Allocating 
 Small   0x0000000073400000 0x0000000073600000 0x0000000073600000 Y/35    Allocating 
 Small   0x0000000074800000 0x0000000074a00000 0x0000000074a00000 Y/35    Allocating 
 Small   0x0000000074a00000 0x0000000074c00000 0x0000000074c00000 O/8     Relocatable
 Small   0x0000000075200000 0x00000000753ffff8 0x0000000075400000 O/9     Relocatable
 Small   0x0000000075c00000 0x0000000075e00000 0x0000000075e00000 O/8     Relocatable
 Small   0x0000000075e00000 0x0000000076000000 0x0000000076000000 Y/35    Allocating 
 Small   0x0000000076a00000 0x0000000076bfffd8 0x0000000076c00000 O/8     Relocatable
 Small   0x0000000077000000 0x00000000771ffff8 0x0000000077200000 O/10    Relocatable
 Small   0x0000000077200000 0x0000000077400000 0x0000000077400000 Y/35    Allocating 
 Small   0x0000000078200000 0x0000000078400000 0x0000000078400000 Y/35    Allocating 
 Small   0x0000000078800000 0x00000000789fff88 0x0000000078a00000 O/8     Relocatable
 Small   0x0000000078a00000 0x0000000078c00000 0x0000000078c00000 O/9     Relocatable
 Small   0x0000000079000000 0x00000000791ffff8 0x0000000079200000 O/10    Relocatable
 Small   0x0000000079200000 0x00000000793fffe0 0x0000000079400000 O/8     Relocatable
 Small   0x0000000079800000 0x00000000799ffff0 0x0000000079a00000 O/8     Relocatable
 Small   0x0000000079e00000 0x000000007a000000 0x000000007a000000 Y/35    Allocating 
 Small   0x000000007aa00000 0x000000007ac00000 0x000000007ac00000 Y/35    Allocating 
 Small   0x000000007ac00000 0x000000007ae00000 0x000000007ae00000 Y/35    Allocating 
 Small   0x000000007b400000 0x000000007b600000 0x000000007b600000 O/8     Relocatable
 Small   0x000000007c200000 0x000000007c400000 0x000000007c400000 Y/35    Allocating 
 Small   0x000000007d000000 0x000000007d200000 0x000000007d200000 Y/35    Allocating 
 Small   0x000000007d200000 0x000000007d3fffe8 0x000000007d400000 O/9     Relocatable
 Small   0x000000007e200000 0x000000007e400000 0x000000007e400000 Y/35    Allocating 
 Small   0x000000007f200000 0x000000007f3fffd0 0x000000007f400000 O/10    Relocatable
 Small   0x000000007f800000 0x000000007fa00000 0x000000007fa00000 Y/35    Allocating 
 Small   0x0000000080a00000 0x0000000080c00000 0x0000000080c00000 Y/35    Allocating 
 Small   0x0000000081600000 0x0000000081800000 0x0000000081800000 Y/35    Allocating 
 Small   0x0000000081800000 0x00000000819ffff0 0x0000000081a00000 O/10    Relocatable
 Small   0x0000000082c00000 0x0000000082e00000 0x0000000082e00000 Y/35    Allocating 
 Small   0x0000000083600000 0x0000000083800000 0x0000000083800000 O/9     Relocatable
 Small   0x0000000083c00000 0x0000000083e00000 0x0000000083e00000 Y/35    Allocating 
 Small   0x0000000084200000 0x00000000843ffff8 0x0000000084400000 O/8     Relocatable
 Small   0x0000000084600000 0x0000000084800000 0x0000000084800000 O/8     Relocatable
 Small   0x0000000084800000 0x0000000084a00000 0x0000000084a00000 Y/35    Allocating 
 Small   0x0000000084a00000 0x0000000084bfff78 0x0000000084c00000 O/9     Relocatable
 Small   0x0000000085200000 0x0000000085400000 0x0000000085400000 Y/35    Allocating 
 Small   0x0000000085800000 0x0000000085a00000 0x0000000085a00000 O/8     Relocatable
 Small   0x0000000086200000 0x0000000086400000 0x0000000086400000 Y/35    Allocating 
 Small   0x0000000087600000 0x00000000877ffff8 0x0000000087800000 O/8     Relocatable
 Small   0x0000000087a00000 0x0000000087c00000 0x0000000087c00000 Y/35    Allocating 
 Small   0x0000000087c00000 0x0000000087e00000 0x0000000087e00000 O/8     Relocatable
 Small   0x0000000088600000 0x0000000088800000 0x0000000088800000 O/11    Relocatable
 Small   0x0000000088e00000 0x0000000089000000 0x0000000089000000 Y/35    Allocating 
 Small   0x0000000089c00000 0x0000000089e00000 0x0000000089e00000 Y/35    Allocating 
 Small   0x000000008b200000 0x000000008b400000 0x000000008b400000 Y/35    Allocating 
 Small   0x000000008b400000 0x000000008b5fffe8 0x000000008b600000 O/9     Relocatable
 Small   0x000000008c400000 0x000000008c600000 0x000000008c600000 Y/35    Allocating 
 Small   0x000000008c800000 0x000000008c9ffff8 0x000000008ca00000 O/13    Allocating 
 Small   0x000000008d000000 0x000000008d1ffff0 0x000000008d200000 O/10    Relocatable
 Small   0x000000008d600000 0x000000008d800000 0x000000008d800000 Y/35    Allocating 
 Small   0x000000008d800000 0x000000008d9ffff8 0x000000008da00000 O/6     Relocatable
 Small   0x000000008dc00000 0x000000008de00000 0x000000008de00000 Y/35    Allocating 
 Small   0x000000008e400000 0x000000008e5fffd8 0x000000008e600000 O/9     Relocatable
 Small   0x000000008f200000 0x000000008f400000 0x000000008f400000 Y/35    Allocating 
 Small   0x0000000090000000 0x0000000090200000 0x0000000090200000 Y/35    Allocating 
 Small   0x0000000091000000 0x0000000091200000 0x0000000091200000 Y/35    Allocating 
 Small   0x0000000091e00000 0x0000000092000000 0x0000000092000000 Y/35    Allocating 
 Small   0x0000000092800000 0x0000000092a00000 0x0000000092a00000 O/9     Relocatable
 Small   0x0000000092c00000 0x0000000092dffec8 0x0000000092e00000 O/8     Relocatable
 Small   0x0000000093600000 0x0000000093800000 0x0000000093800000 Y/35    Allocating 
 Small   0x0000000093a00000 0x0000000093c00000 0x0000000093c00000 Y/35    Allocating 
 Small   0x0000000094a00000 0x0000000094bfff90 0x0000000094c00000 O/8     Relocatable
 Small   0x0000000094c00000 0x0000000094dfffe8 0x0000000094e00000 O/8     Relocatable
 Small   0x0000000094e00000 0x0000000094ff1e60 0x0000000095000000 O/5     Relocatable
 Small   0x0000000095000000 0x0000000095200000 0x0000000095200000 O/10    Relocatable
 Small   0x0000000095400000 0x00000000955fffa0 0x0000000095600000 O/8     Relocatable
 Small   0x0000000095800000 0x0000000095a00000 0x0000000095a00000 Y/35    Allocating 
 Small   0x0000000095a00000 0x0000000095bfffe0 0x0000000095c00000 O/9     Relocatable
 Small   0x0000000096800000 0x0000000096a00000 0x0000000096a00000 Y/35    Allocating 
 Small   0x0000000096c00000 0x0000000096dfffb8 0x0000000096e00000 O/8     Relocatable
 Small   0x0000000097600000 0x00000000977fff78 0x0000000097800000 O/10    Relocatable
 Small   0x0000000098000000 0x0000000098200000 0x0000000098200000 Y/35    Allocating 
 Small   0x0000000098200000 0x0000000098400000 0x0000000098400000 Y/35    Allocating 
 Small   0x0000000098800000 0x00000000989ffff8 0x0000000098a00000 O/10    Relocatable
 Small   0x0000000099000000 0x0000000099200000 0x0000000099200000 Y/35    Allocating 
 Small   0x0000000099a00000 0x0000000099bffff8 0x0000000099c00000 O/10    Relocatable
 Small   0x0000000099e00000 0x0000000099ffffe0 0x000000009a000000 O/8     Relocatable
 Small   0x000000009a000000 0x000000009a1fffe8 0x000000009a200000 O/10    Relocatable
 Small   0x000000009a600000 0x000000009a800000 0x000000009a800000 Y/35    Allocating 
 Small   0x000000009b400000 0x000000009b600000 0x000000009b600000 Y/35    Allocating 
 Small   0x000000009b800000 0x000000009ba00000 0x000000009ba00000 O/8     Relocatable
 Small   0x000000009c800000 0x000000009ca00000 0x000000009ca00000 Y/35    Allocating 
 Small   0x000000009d800000 0x000000009da00000 0x000000009da00000 Y/35    Allocating 
 Small   0x000000009da00000 0x000000009dbfffe0 0x000000009dc00000 O/10    Relocatable
 Small   0x000000009e600000 0x000000009e7fffd8 0x000000009e800000 O/8     Relocatable
 Small   0x000000009ea00000 0x000000009ec00000 0x000000009ec00000 Y/35    Allocating 
 Small   0x000000009f000000 0x000000009f1fffd0 0x000000009f200000 O/9     Relocatable
 Small   0x000000009f400000 0x000000009f600000 0x000000009f600000 O/10    Relocatable
 Small   0x000000009fa00000 0x000000009fbfffc8 0x000000009fc00000 O/10    Relocatable
 Small   0x00000000a0000000 0x00000000a0200000 0x00000000a0200000 Y/35    Allocating 
 Small   0x00000000a0600000 0x00000000a07ffff0 0x00000000a0800000 O/8     Relocatable
 Small   0x00000000a0800000 0x00000000a09fffc8 0x00000000a0a00000 O/10    Relocatable
 Small   0x00000000a1a00000 0x00000000a1bfffe0 0x00000000a1c00000 O/10    Relocatable
 Small   0x00000000a1c00000 0x00000000a1e00000 0x00000000a1e00000 Y/35    Allocating 
 Small   0x00000000a2800000 0x00000000a2a00000 0x00000000a2a00000 Y/35    Allocating 
 Small   0x00000000a2a00000 0x00000000a2c00000 0x00000000a2c00000 Y/35    Allocating 
 Small   0x00000000a2e00000 0x00000000a2ffffd8 0x00000000a3000000 O/10    Relocatable
 Small   0x00000000a3200000 0x00000000a33fffe8 0x00000000a3400000 O/10    Relocatable
 Small   0x00000000a3a00000 0x00000000a3bffff8 0x00000000a3c00000 O/10    Relocatable
 Small   0x00000000a4200000 0x00000000a4400000 0x00000000a4400000 Y/35    Allocating 
 Small   0x00000000a5200000 0x00000000a5400000 0x00000000a5400000 Y/35    Allocating 
 Small   0x00000000a6000000 0x00000000a61ffff8 0x00000000a6200000 O/8     Relocatable
 Small   0x00000000a6200000 0x00000000a63ffff0 0x00000000a6400000 O/10    Relocatable
 Small   0x00000000a6400000 0x00000000a6600000 0x00000000a6600000 Y/35    Allocating 
 Small   0x00000000a6a00000 0x00000000a6bffff0 0x00000000a6c00000 O/10    Relocatable
 Small   0x00000000a7000000 0x00000000a71ffff0 0x00000000a7200000 O/9     Relocatable
 Small   0x00000000a7600000 0x00000000a7800000 0x00000000a7800000 Y/35    Allocating 
 Small   0x00000000a7e00000 0x00000000a7fffff0 0x00000000a8000000 O/10    Relocatable
 Small   0x00000000a8000000 0x00000000a81fffc8 0x00000000a8200000 O/9     Relocatable
 Small   0x00000000a8400000 0x00000000a8600000 0x00000000a8600000 O/8     Relocatable
 Small   0x00000000a9400000 0x00000000a9600000 0x00000000a9600000 Y/35    Allocating 
 Small   0x00000000a9600000 0x00000000a97fff60 0x00000000a9800000 O/10    Relocatable
 Small   0x00000000aaa00000 0x00000000aac00000 0x00000000aac00000 Y/35    Allocating 
 Small   0x00000000ab800000 0x00000000ab9fffc8 0x00000000aba00000 O/6     Relocatable
 Small   0x00000000abc00000 0x00000000abe00000 0x00000000abe00000 Y/35    Allocating 
 Small   0x00000000ac000000 0x00000000ac1ffff0 0x00000000ac200000 O/8     Relocatable
 Small   0x00000000ac600000 0x00000000ac800000 0x00000000ac800000 Y/35    Allocating 
 Small   0x00000000ace00000 0x00000000ad000000 0x00000000ad000000 Y/35    Allocating 
 Small   0x00000000ad800000 0x00000000ad9ffff0 0x00000000ada00000 O/8     Relocatable
 Small   0x00000000ade00000 0x00000000adffffc8 0x00000000ae000000 O/10    Relocatable
 Small   0x00000000ae200000 0x00000000ae3ffff8 0x00000000ae400000 O/8     Relocatable
 Small   0x00000000ae400000 0x00000000ae600000 0x00000000ae600000 Y/35    Allocating 
 Small   0x00000000ae600000 0x00000000ae800000 0x00000000ae800000 O/10    Relocatable
 Small   0x00000000aec00000 0x00000000aedfff98 0x00000000aee00000 O/8     Relocatable
 Small   0x00000000af000000 0x00000000af1fffb8 0x00000000af200000 O/8     Relocatable
 Small   0x00000000af200000 0x00000000af3fff90 0x00000000af400000 O/8     Relocatable
 Small   0x00000000afa00000 0x00000000afc00000 0x00000000afc00000 Y/35    Allocating 
 Small   0x00000000b0200000 0x00000000b03fffe0 0x00000000b0400000 O/8     Relocatable
 Small   0x00000000b0600000 0x00000000b07ffff8 0x00000000b0800000 O/8     Relocatable
 Small   0x00000000b0800000 0x00000000b0a00000 0x00000000b0a00000 O/11    Relocatable
 Small   0x00000000b1000000 0x00000000b1200000 0x00000000b1200000 Y/35    Allocating 
 Small   0x00000000b1600000 0x00000000b17fff60 0x00000000b1800000 O/8     Relocatable
 Small   0x00000000b1800000 0x00000000b19ffff8 0x00000000b1a00000 O/8     Relocatable
 Small   0x00000000b2200000 0x00000000b23fff80 0x00000000b2400000 O/9     Relocatable
 Small   0x00000000b3000000 0x00000000b31ffee8 0x00000000b3200000 O/8     Relocatable
 Small   0x00000000b3600000 0x00000000b37fffd0 0x00000000b3800000 O/8     Relocatable
 Small   0x00000000b3a00000 0x00000000b3c00000 0x00000000b3c00000 Y/35    Allocating 
 Small   0x00000000b4a00000 0x00000000b4c00000 0x00000000b4c00000 Y/35    Allocating 
 Small   0x00000000b5800000 0x00000000b5a00000 0x00000000b5a00000 Y/35    Allocating 
 Small   0x00000000b6a00000 0x00000000b6c00000 0x00000000b6c00000 Y/35    Allocating 
 Small   0x00000000b6c00000 0x00000000b6e00000 0x00000000b6e00000 Y/35    Allocating 
 Small   0x00000000b7400000 0x00000000b7600000 0x00000000b7600000 O/10    Relocatable
 Small   0x00000000b7a00000 0x00000000b7c00000 0x00000000b7c00000 Y/35    Allocating 
 Small   0x00000000b8400000 0x00000000b85ffff8 0x00000000b8600000 O/8     Relocatable
 Small   0x00000000b8800000 0x00000000b89fffd0 0x00000000b8a00000 O/8     Relocatable
 Small   0x00000000b9400000 0x00000000b9600000 0x00000000b9600000 O/8     Relocatable
 Small   0x00000000b9600000 0x00000000b9800000 0x00000000b9800000 Y/35    Allocating 
 Small   0x00000000b9e00000 0x00000000b9fffff0 0x00000000ba000000 O/8     Relocatable
 Small   0x00000000ba800000 0x00000000baa00000 0x00000000baa00000 Y/35    Allocating 
 Small   0x00000000bae00000 0x00000000bafffff0 0x00000000bb000000 O/9     Relocatable
 Small   0x00000000bb600000 0x00000000bb7ffff0 0x00000000bb800000 O/11    Relocatable
 Small   0x00000000bba00000 0x00000000bbc00000 0x00000000bbc00000 Y/35    Allocating 
 Small   0x00000000bc600000 0x00000000bc7fffe0 0x00000000bc800000 O/8     Relocatable
 Small   0x00000000bce00000 0x00000000bd000000 0x00000000bd000000 Y/35    Allocating 
 Small   0x00000000bd200000 0x00000000bd3ffff0 0x00000000bd400000 O/9     Relocatable
 Small   0x00000000bd600000 0x00000000bd800000 0x00000000bd800000 O/8     Relocatable
 Small   0x00000000be800000 0x00000000bea00000 0x00000000bea00000 Y/35    Allocating 
 Small   0x00000000bf200000 0x00000000bf3ffff0 0x00000000bf400000 O/8     Relocatable
 Small   0x00000000bf800000 0x00000000bfa00000 0x00000000bfa00000 Y/35    Allocating 
 Small   0x00000000bfc00000 0x00000000bfdffff8 0x00000000bfe00000 O/8     Relocatable
 Small   0x00000000c0a00000 0x00000000c0c00000 0x00000000c0c00000 Y/35    Allocating 
 Small   0x00000000c1000000 0x00000000c1200000 0x00000000c1200000 O/9     Relocatable
 Small   0x00000000c1400000 0x00000000c15fffd8 0x00000000c1600000 O/10    Relocatable
 Small   0x00000000c2000000 0x00000000c2200000 0x00000000c2200000 Y/35    Allocating 
 Small   0x00000000c2a00000 0x00000000c2bffff0 0x00000000c2c00000 O/9     Relocatable
 Small   0x00000000c2c00000 0x00000000c2e00000 0x00000000c2e00000 O/8     Relocatable
 Small   0x00000000c2e00000 0x00000000c2fffff0 0x00000000c3000000 O/11    Relocatable
 Small   0x00000000c3000000 0x00000000c3200000 0x00000000c3200000 Y/35    Allocating 
 Small   0x00000000c3800000 0x00000000c3a00000 0x00000000c3a00000 Y/35    Allocating 
 Small   0x00000000c4800000 0x00000000c4a00000 0x00000000c4a00000 Y/35    Allocating 
 Small   0x00000000c6000000 0x00000000c6200000 0x00000000c6200000 Y/35    Allocating 
 Small   0x00000000c6c00000 0x00000000c6e00000 0x00000000c6e00000 Y/35    Allocating 
 Small   0x00000000c7c00000 0x00000000c7e00000 0x00000000c7e00000 Y/35    Allocating 
 Small   0x00000000c8000000 0x00000000c8200000 0x00000000c8200000 Y/35    Allocating 
 Small   0x00000000c8a00000 0x00000000c8bffff8 0x00000000c8c00000 O/9     Relocatable
 Small   0x00000000c9400000 0x00000000c9600000 0x00000000c9600000 Y/35    Allocating 
 Small   0x00000000c9e00000 0x00000000c9ffffc8 0x00000000ca000000 O/10    Relocatable
 Small   0x00000000ca400000 0x00000000ca600000 0x00000000ca600000 Y/35    Allocating 
 Small   0x00000000ca600000 0x00000000ca7fffd0 0x00000000ca800000 O/9     Relocatable
 Small   0x00000000cac00000 0x00000000cadffff0 0x00000000cae00000 O/8     Relocatable
 Small   0x00000000cb200000 0x00000000cb3ffff0 0x00000000cb400000 O/8     Relocatable
 Small   0x00000000cba00000 0x00000000cbc00000 0x00000000cbc00000 Y/35    Allocating 
 Small   0x00000000cbc00000 0x00000000cbe00000 0x00000000cbe00000 Y/35    Allocating 
 Small   0x00000000ccc00000 0x00000000cce00000 0x00000000cce00000 Y/35    Allocating 
 Small   0x00000000cdc00000 0x00000000cde00000 0x00000000cde00000 Y/35    Allocating 
 Small   0x00000000ce800000 0x00000000ce9fffe8 0x00000000cea00000 O/9     Relocatable
 Small   0x00000000cea00000 0x00000000cebfffc8 0x00000000cec00000 O/8     Relocatable
 Small   0x00000000cec00000 0x00000000cedfffc8 0x00000000cee00000 O/10    Relocatable
 Small   0x00000000cf200000 0x00000000cf400000 0x00000000cf400000 Y/35    Allocating 
 Small   0x00000000cf600000 0x00000000cf7ffff8 0x00000000cf800000 O/9     Relocatable
 Small   0x00000000d0c00000 0x00000000d0e00000 0x00000000d0e00000 Y/35    Allocating 
 Small   0x00000000d0e00000 0x00000000d0ffffe0 0x00000000d1000000 O/8     Relocatable
 Small   0x00000000d1000000 0x00000000d11ffff8 0x00000000d1200000 O/7     Relocatable
 Small   0x00000000d1c00000 0x00000000d1dffff0 0x00000000d1e00000 O/8     Relocatable
 Small   0x00000000d2000000 0x00000000d2200000 0x00000000d2200000 Y/35    Allocating 
 Small   0x00000000d2e00000 0x00000000d3000000 0x00000000d3000000 Y/35    Allocating 
 Small   0x00000000d3600000 0x00000000d37ffff0 0x00000000d3800000 O/8     Relocatable
 Small   0x00000000d3e00000 0x00000000d3ffff88 0x00000000d4000000 O/10    Relocatable
 Small   0x00000000d4600000 0x00000000d4800000 0x00000000d4800000 Y/35    Allocating 
 Small   0x00000000d5800000 0x00000000d59fffe8 0x00000000d5a00000 O/10    Relocatable
 Small   0x00000000d5c00000 0x00000000d5e00000 0x00000000d5e00000 Y/35    Allocating 
 Small   0x00000000d5e00000 0x00000000d6000000 0x00000000d6000000 Y/35    Allocating 
 Small   0x00000000d6000000 0x00000000d61fffe0 0x00000000d6200000 O/10    Relocatable
 Small   0x00000000d6600000 0x00000000d6800000 0x00000000d6800000 O/10    Relocatable
 Small   0x00000000d7000000 0x00000000d7200000 0x00000000d7200000 Y/35    Allocating 
 Small   0x00000000d7400000 0x00000000d75fffe8 0x00000000d7600000 O/8     Relocatable
 Small   0x00000000d8000000 0x00000000d8200000 0x00000000d8200000 O/8     Relocatable
 Small   0x00000000d8600000 0x00000000d8800000 0x00000000d8800000 Y/35    Allocating 
 Small   0x00000000d8800000 0x00000000d89fffe0 0x00000000d8a00000 O/9     Relocatable
 Small   0x00000000d9400000 0x00000000d95ffff0 0x00000000d9600000 O/8     Relocatable
 Small   0x00000000d9c00000 0x00000000d9e00000 0x00000000d9e00000 Y/35    Allocating 
 Small   0x00000000da200000 0x00000000da3fff80 0x00000000da400000 O/8     Relocatable
 Small   0x00000000daa00000 0x00000000dabfffe8 0x00000000dac00000 O/8     Relocatable
 Small   0x00000000db000000 0x00000000db200000 0x00000000db200000 Y/35    Allocating 
 Small   0x00000000dc000000 0x00000000dc200000 0x00000000dc200000 Y/35    Allocating 
 Small   0x00000000dca00000 0x00000000dcc00000 0x00000000dcc00000 O/8     Relocatable
 Small   0x00000000dd800000 0x00000000dd9ffff0 0x00000000dda00000 O/10    Relocatable
 Small   0x00000000dda00000 0x00000000ddc00000 0x00000000ddc00000 Y/35    Allocating 
 Small   0x00000000de800000 0x00000000dea00000 0x00000000dea00000 Y/35    Allocating 
 Small   0x00000000df800000 0x00000000df9fffe8 0x00000000dfa00000 O/10    Relocatable
 Small   0x00000000e0000000 0x00000000e0200000 0x00000000e0200000 Y/35    Allocating 
 Small   0x00000000e1200000 0x00000000e1400000 0x00000000e1400000 Y/35    Allocating 
 Small   0x00000000e1800000 0x00000000e19fffc8 0x00000000e1a00000 O/8     Relocatable
 Small   0x00000000e1c00000 0x00000000e1e00000 0x00000000e1e00000 Y/35    Allocating 
 Small   0x00000000e2600000 0x00000000e2800000 0x00000000e2800000 Y/35    Allocating 
 Small   0x00000000e2a00000 0x00000000e2bfffe8 0x00000000e2c00000 O/9     Relocatable
 Small   0x00000000e2c00000 0x00000000e2dfffd8 0x00000000e2e00000 O/8     Relocatable
 Small   0x00000000e3800000 0x00000000e3a00000 0x00000000e3a00000 O/8     Relocatable
 Small   0x00000000e3a00000 0x00000000e3c00000 0x00000000e3c00000 O/8     Relocatable
 Small   0x00000000e3c00000 0x00000000e3dfffb0 0x00000000e3e00000 O/10    Relocatable
 Small   0x00000000e4800000 0x00000000e4a00000 0x00000000e4a00000 Y/35    Allocating 
 Small   0x00000000e4a00000 0x00000000e4bffff0 0x00000000e4c00000 O/8     Relocatable
 Small   0x00000000e5400000 0x00000000e55fff60 0x00000000e5600000 O/8     Relocatable
 Small   0x00000000e6200000 0x00000000e6400000 0x00000000e6400000 Y/35    Allocating 
 Small   0x00000000e7000000 0x00000000e7200000 0x00000000e7200000 Y/35    Allocating 
 Small   0x00000000e7400000 0x00000000e75fffe8 0x00000000e7600000 O/8     Relocatable
 Small   0x00000000e7800000 0x00000000e79fff58 0x00000000e7a00000 O/8     Relocatable
 Small   0x00000000e7a00000 0x00000000e7c00000 0x00000000e7c00000 Y/35    Allocating 
 Small   0x00000000e7e00000 0x00000000e8000000 0x00000000e8000000 Y/35    Allocating 
 Small   0x00000000e8200000 0x00000000e83ffe58 0x00000000e8400000 O/8     Relocatable
 Small   0x00000000e8800000 0x00000000e8a00000 0x00000000e8a00000 Y/35    Allocating 
 Small   0x00000000e9a00000 0x00000000e9c00000 0x00000000e9c00000 Y/35    Allocating 
 Small   0x00000000eac00000 0x00000000eae00000 0x00000000eae00000 Y/35    Allocating 
 Small   0x00000000eba00000 0x00000000ebbffff8 0x00000000ebc00000 O/8     Relocatable
 Small   0x00000000ec000000 0x00000000ec200000 0x00000000ec200000 Y/35    Allocating 
 Small   0x00000000ec200000 0x00000000ec400000 0x00000000ec400000 Y/35    Allocating 
 Small   0x00000000ec600000 0x00000000ec7fffd0 0x00000000ec800000 O/9     Relocatable
 Small   0x00000000ecc00000 0x00000000ece00000 0x00000000ece00000 O/8     Relocatable
 Small   0x00000000ed600000 0x00000000ed7fffe8 0x00000000ed800000 O/10    Relocatable
 Small   0x00000000ed800000 0x00000000ed9ffff8 0x00000000eda00000 O/8     Relocatable
 Small   0x00000000edc00000 0x00000000ede00000 0x00000000ede00000 Y/35    Allocating 
 Small   0x00000000eea00000 0x00000000eebfffc8 0x00000000eec00000 O/8     Relocatable
 Small   0x00000000eee00000 0x00000000ef000000 0x00000000ef000000 Y/35    Allocating 
 Small   0x00000000ef400000 0x00000000ef600000 0x00000000ef600000 Y/35    Allocating 
 Small   0x00000000f0000000 0x00000000f0200000 0x00000000f0200000 Y/35    Allocating 
 Small   0x00000000f0200000 0x00000000f0400000 0x00000000f0400000 Y/35    Allocating 
 Small   0x00000000f0a00000 0x00000000f0c00000 0x00000000f0c00000 O/8     Relocatable
 Small   0x00000000f1200000 0x00000000f1400000 0x00000000f1400000 Y/35    Allocating 
 Small   0x00000000f1a00000 0x00000000f1c00000 0x00000000f1c00000 Y/35    Allocating 
 Small   0x00000000f1e00000 0x00000000f2000000 0x00000000f2000000 Y/35    Allocating 
 Small   0x00000000f2200000 0x00000000f23ffff0 0x00000000f2400000 O/8     Relocatable
 Small   0x00000000f2400000 0x00000000f25ff718 0x00000000f2600000 O/8     Relocatable
 Small   0x00000000f2600000 0x00000000f27fffd0 0x00000000f2800000 O/8     Relocatable
 Small   0x00000000f2a00000 0x00000000f2c00000 0x00000000f2c00000 Y/35    Allocating 
 Small   0x00000000f2c00000 0x00000000f2e00000 0x00000000f2e00000 O/8     Relocatable
 Small   0x00000000f3200000 0x00000000f33ffff8 0x00000000f3400000 O/8     Relocatable
 Small   0x00000000f3800000 0x00000000f3a00000 0x00000000f3a00000 O/10    Relocatable
 Small   0x00000000f3c00000 0x00000000f3e00000 0x00000000f3e00000 Y/35    Allocating 
 Small   0x00000000f4200000 0x00000000f43fffb0 0x00000000f4400000 O/9     Relocatable
 Small   0x00000000f4a00000 0x00000000f4bfffd8 0x00000000f4c00000 O/9     Relocatable
 Small   0x00000000f5000000 0x00000000f5200000 0x00000000f5200000 O/10    Relocatable
 Small   0x00000000f5600000 0x00000000f5800000 0x00000000f5800000 Y/35    Allocating 
 Small   0x00000000f5c00000 0x00000000f5dfffc8 0x00000000f5e00000 O/8     Relocatable
 Small   0x00000000f6400000 0x00000000f6600000 0x00000000f6600000 Y/35    Allocating 
 Small   0x00000000f6800000 0x00000000f6a00000 0x00000000f6a00000 Y/35    Allocating 
 Small   0x00000000f7200000 0x00000000f73ffff8 0x00000000f7400000 O/9     Relocatable
 Small   0x00000000f8400000 0x00000000f85ffff8 0x00000000f8600000 O/10    Relocatable
 Small   0x00000000f8800000 0x00000000f8a00000 0x00000000f8a00000 Y/35    Allocating 
 Small   0x00000000f9a00000 0x00000000f9c00000 0x00000000f9c00000 Y/35    Allocating 
 Small   0x00000000f9c00000 0x00000000f9e00000 0x00000000f9e00000 O/8     Relocatable
 Small   0x00000000fb000000 0x00000000fb200000 0x00000000fb200000 Y/35    Allocating 
 Small   0x00000000fbe00000 0x00000000fbfffe18 0x00000000fc000000 O/10    Relocatable
 Small   0x00000000fc400000 0x00000000fc600000 0x00000000fc600000 Y/35    Allocating 
 Small   0x00000000fd800000 0x00000000fda00000 0x00000000fda00000 Y/35    Allocating 
 Small   0x00000000fda00000 0x00000000fdc00000 0x00000000fdc00000 O/8     Relocatable
 Small   0x00000000fea00000 0x00000000fec00000 0x00000000fec00000 Y/35    Allocating 
 Small   0x00000000fee00000 0x00000000feffffd0 0x00000000ff000000 O/8     Relocatable
 Small   0x00000000ff000000 0x00000000ff200000 0x00000000ff200000 Y/35    Allocating 
 Small   0x00000000ff400000 0x00000000ff600000 0x00000000ff600000 Y/35    Allocating 
 Small   0x00000000ff800000 0x00000000ffa00000 0x00000000ffa00000 Y/35    Allocating 
 Small   0x0000000100000000 0x0000000100200000 0x0000000100200000 Y/35    Allocating 
 Small   0x0000000100800000 0x00000001009ffff0 0x0000000100a00000 O/8     Relocatable
 Small   0x0000000100a00000 0x0000000100c00000 0x0000000100c00000 Y/35    Allocating 
 Small   0x0000000101000000 0x0000000101200000 0x0000000101200000 O/8     Relocatable
 Small   0x0000000101600000 0x00000001017ffff8 0x0000000101800000 O/10    Relocatable
 Small   0x0000000101800000 0x0000000101a00000 0x0000000101a00000 Y/35    Allocating 
 Small   0x0000000102c00000 0x0000000102dfffb8 0x0000000102e00000 O/9     Relocatable
 Small   0x0000000102e00000 0x0000000102fffee0 0x0000000103000000 O/8     Relocatable
 Small   0x0000000103400000 0x0000000103600000 0x0000000103600000 Y/35    Allocating 
 Small   0x0000000104200000 0x0000000104400000 0x0000000104400000 Y/35    Allocating 
 Small   0x0000000104c00000 0x0000000104e00000 0x0000000104e00000 Y/35    Allocating 
 Small   0x0000000104e00000 0x0000000104ffffd8 0x0000000105000000 O/12    Relocatable
 Small   0x0000000105800000 0x0000000105a00000 0x0000000105a00000 Y/35    Allocating 
 Small   0x0000000105e00000 0x0000000105ffffe8 0x0000000106000000 O/9     Relocatable
 Small   0x0000000106600000 0x00000001067fffd0 0x0000000106800000 O/8     Relocatable
 Small   0x0000000106800000 0x0000000106a00000 0x0000000106a00000 Y/35    Allocating 
 Small   0x0000000106c00000 0x0000000106dffff8 0x0000000106e00000 O/8     Relocatable
 Small   0x0000000107400000 0x0000000107600000 0x0000000107600000 Y/35    Allocating 
 Small   0x0000000108000000 0x0000000108200000 0x0000000108200000 Y/35    Allocating 
 Small   0x0000000108c00000 0x0000000108e00000 0x0000000108e00000 Y/35    Allocating 
 Small   0x0000000109400000 0x0000000109600000 0x0000000109600000 Y/35    Allocating 
 Small   0x0000000109e00000 0x000000010a000000 0x000000010a000000 Y/35    Allocating 
 Small   0x000000010a000000 0x000000010a200000 0x000000010a200000 Y/35    Allocating 
 Small   0x000000010aa00000 0x000000010ac00000 0x000000010ac00000 O/8     Relocatable
 Small   0x000000010b200000 0x000000010b3ffff0 0x000000010b400000 O/8     Relocatable
 Small   0x000000010bc00000 0x000000010be00000 0x000000010be00000 Y/35    Allocating 
 Small   0x000000010c800000 0x000000010ca00000 0x000000010ca00000 Y/35    Allocating 
 Small   0x000000010d200000 0x000000010d400000 0x000000010d400000 Y/35    Allocating 
 Small   0x000000010d800000 0x000000010d9fffd8 0x000000010da00000 O/8     Relocatable
 Small   0x000000010da00000 0x000000010dbffff0 0x000000010dc00000 O/8     Relocatable
 Small   0x000000010e000000 0x000000010e200000 0x000000010e200000 Y/35    Allocating 
 Small   0x000000010e600000 0x000000010e7fffa0 0x000000010e800000 O/8     Relocatable
 Small   0x000000010ea00000 0x000000010ebf6a20 0x000000010ec00000 O/9     Relocatable
 Small   0x000000010ec00000 0x000000010edfffa8 0x000000010ee00000 O/8     Relocatable
 Small   0x000000010f000000 0x000000010f200000 0x000000010f200000 Y/35    Allocating 
 Small   0x000000010f800000 0x000000010fa00000 0x000000010fa00000 Y/35    Allocating 
 Small   0x0000000110400000 0x0000000110600000 0x0000000110600000 Y/35    Allocating 
 Small   0x0000000110800000 0x00000001109ffff0 0x0000000110a00000 O/9     Relocatable
 Small   0x0000000110a00000 0x0000000110bffff0 0x0000000110c00000 O/10    Relocatable
 Small   0x0000000111000000 0x00000001111fffa0 0x0000000111200000 O/10    Relocatable
 Small   0x0000000111200000 0x00000001113ffff8 0x0000000111400000 O/8     Relocatable
 Small   0x0000000111400000 0x00000001115fffe0 0x0000000111600000 O/8     Relocatable
 Small   0x0000000111800000 0x0000000111a00000 0x0000000111a00000 Y/35    Allocating 
 Small   0x0000000112400000 0x00000001125fffb0 0x0000000112600000 O/9     Relocatable
 Small   0x0000000112800000 0x00000001129fffa8 0x0000000112a00000 O/8     Relocatable
 Small   0x0000000112a00000 0x0000000112bffff8 0x0000000112c00000 O/13    Allocating 
 Small   0x0000000112e00000 0x0000000113000000 0x0000000113000000 Y/35    Allocating 
 Small   0x0000000113400000 0x0000000113600000 0x0000000113600000 Y/35    Allocating 
 Small   0x0000000113a00000 0x0000000113bfffd0 0x0000000113c00000 O/6     Relocatable
 Small   0x0000000113e00000 0x0000000114000000 0x0000000114000000 O/8     Relocatable
 Small   0x0000000114000000 0x00000001141fffe8 0x0000000114200000 O/5     Relocatable
 Small   0x0000000114200000 0x00000001143fff48 0x0000000114400000 O/8     Relocatable
 Small   0x0000000114a00000 0x0000000114c00000 0x0000000114c00000 Y/35    Allocating 
 Small   0x0000000115200000 0x0000000115400000 0x0000000115400000 Y/35    Allocating 
 Small   0x0000000115400000 0x00000001155ea0b0 0x0000000115600000 O/6     Relocatable
 Small   0x0000000115600000 0x00000001157fffc0 0x0000000115800000 O/8     Relocatable
 Small   0x0000000115800000 0x00000001159fffe8 0x0000000115a00000 O/8     Relocatable
 Small   0x0000000115a00000 0x0000000115c00000 0x0000000115c00000 Y/35    Allocating 
 Small   0x0000000116200000 0x00000001163ffff0 0x0000000116400000 O/9     Relocatable
 Small   0x0000000116600000 0x0000000116800000 0x0000000116800000 Y/35    Allocating 
 Small   0x0000000116a00000 0x0000000116bfffe8 0x0000000116c00000 O/10    Relocatable
 Small   0x0000000116e00000 0x0000000116ffffa0 0x0000000117000000 O/8     Relocatable
 Small   0x0000000117000000 0x00000001171ffff0 0x0000000117200000 O/8     Relocatable
 Small   0x0000000117200000 0x00000001173fffe8 0x0000000117400000 O/8     Relocatable
 Small   0x0000000118000000 0x0000000118200000 0x0000000118200000 Y/35    Allocating 
 Small   0x0000000118200000 0x00000001183fffe8 0x0000000118400000 O/10    Relocatable
 Small   0x0000000118a00000 0x0000000118c00000 0x0000000118c00000 O/8     Relocatable
 Small   0x0000000118c00000 0x0000000118e00000 0x0000000118e00000 Y/35    Allocating 
 Small   0x0000000119600000 0x0000000119800000 0x0000000119800000 Y/35    Allocating 
 Small   0x0000000119800000 0x00000001199fffe8 0x0000000119a00000 O/8     Relocatable
 Small   0x0000000119a00000 0x0000000119c00000 0x0000000119c00000 O/10    Relocatable
 Small   0x0000000119c00000 0x0000000119dfffe0 0x0000000119e00000 O/8     Relocatable
 Small   0x0000000119e00000 0x0000000119fffff8 0x000000011a000000 O/9     Relocatable
 Small   0x000000011a800000 0x000000011aa00000 0x000000011aa00000 Y/35    Allocating 
 Small   0x000000011b000000 0x000000011b200000 0x000000011b200000 Y/35    Allocating 
 Small   0x000000011ba00000 0x000000011bc00000 0x000000011bc00000 Y/35    Allocating 
 Small   0x000000011c000000 0x000000011c1ffff0 0x000000011c200000 O/9     Relocatable
 Small   0x000000011cc00000 0x000000011ce00000 0x000000011ce00000 Y/35    Allocating 
 Small   0x000000011d800000 0x000000011da00000 0x000000011da00000 Y/35    Allocating 
 Small   0x000000011e200000 0x000000011e400000 0x000000011e400000 Y/35    Allocating 
 Small   0x000000011ea00000 0x000000011ec00000 0x000000011ec00000 Y/35    Allocating 
 Small   0x000000011ec00000 0x000000011edfff98 0x000000011ee00000 O/10    Relocatable
 Small   0x000000011f400000 0x000000011f600000 0x000000011f600000 Y/35    Allocating 
 Small   0x000000011fa00000 0x000000011fbffff8 0x000000011fc00000 O/9     Relocatable
 Small   0x000000011fe00000 0x000000011fffff50 0x0000000120000000 O/8     Relocatable
 Small   0x0000000120000000 0x0000000120200000 0x0000000120200000 O/8     Relocatable
 Small   0x0000000120200000 0x0000000120400000 0x0000000120400000 Y/35    Allocating 
 Small   0x0000000120400000 0x0000000120600000 0x0000000120600000 Y/35    Allocating 
 Small   0x0000000120c00000 0x0000000120dffff8 0x0000000120e00000 O/8     Relocatable
 Small   0x0000000121400000 0x00000001215fffe8 0x0000000121600000 O/11    Relocatable
 Small   0x0000000121800000 0x00000001219fffc0 0x0000000121a00000 O/8     Relocatable
 Small   0x0000000121a00000 0x0000000121bfffd8 0x0000000121c00000 O/8     Relocatable
 Small   0x0000000121c00000 0x0000000121dffff8 0x0000000121e00000 O/8     Relocatable
 Small   0x0000000121e00000 0x0000000121fffff0 0x0000000122000000 O/9     Relocatable
 Small   0x0000000122000000 0x0000000122200000 0x0000000122200000 Y/35    Allocating 
 Small   0x0000000122a00000 0x0000000122bfffe0 0x0000000122c00000 O/9     Relocatable
 Small   0x0000000122e00000 0x0000000123000000 0x0000000123000000 Y/35    Allocating 
 Small   0x0000000123200000 0x00000001233ffff0 0x0000000123400000 O/11    Relocatable
 Small   0x0000000124200000 0x0000000124400000 0x0000000124400000 Y/35    Allocating 
 Small   0x0000000124600000 0x0000000124800000 0x0000000124800000 O/8     Relocatable
 Small   0x0000000124800000 0x0000000124a00000 0x0000000124a00000 O/10    Relocatable
 Small   0x0000000125200000 0x0000000125400000 0x0000000125400000 Y/35    Allocating 
 Small   0x0000000125600000 0x00000001257ffff8 0x0000000125800000 O/9     Relocatable
 Small   0x0000000125a00000 0x0000000125c00000 0x0000000125c00000 Y/35    Allocating 
 Small   0x0000000125e00000 0x0000000126000000 0x0000000126000000 O/8     Relocatable
 Small   0x0000000126000000 0x00000001261ffff0 0x0000000126200000 O/9     Relocatable
 Small   0x0000000126800000 0x0000000126a00000 0x0000000126a00000 Y/35    Allocating 
 Small   0x0000000126a00000 0x0000000126bffff0 0x0000000126c00000 O/8     Relocatable
 Small   0x0000000126c00000 0x0000000126e00000 0x0000000126e00000 O/10    Relocatable
 Small   0x0000000127400000 0x0000000127600000 0x0000000127600000 Y/35    Allocating 
 Small   0x0000000127a00000 0x0000000127bfffc8 0x0000000127c00000 O/8     Relocatable
 Small   0x0000000127e00000 0x0000000127ffffc0 0x0000000128000000 O/8     Relocatable
 Small   0x0000000128000000 0x00000001281fffb8 0x0000000128200000 Y/35    Allocating 
 Small   0x0000000128800000 0x0000000128a00000 0x0000000128a00000 O/10    Relocatable
 Small   0x0000000128c00000 0x0000000128e00000 0x0000000128e00000 Y/35    Allocating 
 Small   0x0000000128e00000 0x0000000128ffffb0 0x0000000129000000 O/8     Relocatable
 Small   0x0000000129200000 0x00000001293ff750 0x0000000129400000 O/8     Relocatable
 Small   0x0000000129800000 0x0000000129a00000 0x0000000129a00000 Y/35    Allocating 
 Small   0x0000000129a00000 0x0000000129bffff0 0x0000000129c00000 O/9     Relocatable
 Small   0x000000012aa00000 0x000000012ac00000 0x000000012ac00000 Y/35    Allocating 
 Small   0x000000012b400000 0x000000012b5ffff8 0x000000012b600000 O/8     Relocatable
 Small   0x000000012b800000 0x000000012ba00000 0x000000012ba00000 Y/35    Allocating 
 Small   0x000000012bc00000 0x000000012be00000 0x000000012be00000 Y/35    Allocating 
 Small   0x000000012c200000 0x000000012c400000 0x000000012c400000 Y/35    Allocating 
 Small   0x000000012c400000 0x000000012c5ffff0 0x000000012c600000 O/10    Relocatable
 Small   0x000000012c600000 0x000000012c7ffff8 0x000000012c800000 O/8     Relocatable
 Small   0x000000012ca00000 0x000000012cbffff8 0x000000012cc00000 O/8     Relocatable
 Small   0x000000012d600000 0x000000012d800000 0x000000012d800000 Y/35    Allocating 
 Small   0x000000012da00000 0x000000012dc00000 0x000000012dc00000 O/10    Relocatable
 Small   0x000000012de00000 0x000000012e000000 0x000000012e000000 Y/35    Allocating 
 Small   0x000000012e600000 0x000000012e7ffff0 0x000000012e800000 O/11    Relocatable
 Small   0x000000012ea00000 0x000000012ec00000 0x000000012ec00000 Y/35    Allocating 
 Small   0x000000012ee00000 0x000000012effffc8 0x000000012f000000 O/8     Relocatable
 Small   0x000000012f000000 0x000000012f1fffd8 0x000000012f200000 O/8     Relocatable
 Small   0x000000012f800000 0x000000012fa00000 0x000000012fa00000 Y/35    Allocating 
 Small   0x000000012fc00000 0x000000012fdfffe0 0x000000012fe00000 O/10    Relocatable
 Small   0x0000000130e00000 0x0000000131000000 0x0000000131000000 Y/35    Allocating 
 Small   0x0000000131400000 0x00000001315ffff0 0x0000000131600000 O/8     Relocatable
 Small   0x0000000131a00000 0x0000000131bfffa0 0x0000000131c00000 O/8     Relocatable
 Small   0x0000000131c00000 0x0000000131e00000 0x0000000131e00000 Y/35    Allocating 
 Small   0x0000000132a00000 0x0000000132c00000 0x0000000132c00000 Y/35    Allocating 
 Small   0x0000000133400000 0x0000000133600000 0x0000000133600000 Y/35    Allocating 
 Small   0x0000000134000000 0x0000000134200000 0x0000000134200000 Y/35    Allocating 
 Small   0x0000000134c00000 0x0000000134dfffd0 0x0000000134e00000 O/10    Relocatable
 Small   0x0000000135000000 0x0000000135200000 0x0000000135200000 Y/35    Allocating 
 Small   0x0000000136000000 0x0000000136200000 0x0000000136200000 Y/35    Allocating 
 Small   0x0000000136200000 0x00000001363fffd8 0x0000000136400000 O/8     Relocatable
 Small   0x0000000137400000 0x0000000137600000 0x0000000137600000 Y/35    Allocating 
 Small   0x0000000137600000 0x00000001377fffd8 0x0000000137800000 O/8     Relocatable
 Small   0x0000000137a00000 0x0000000137bfff70 0x0000000137c00000 O/8     Relocatable
 Small   0x0000000137c00000 0x0000000137e00000 0x0000000137e00000 Y/35    Allocating 
 Small   0x0000000137e00000 0x0000000137ffffe8 0x0000000138000000 O/8     Relocatable
 Small   0x0000000138800000 0x0000000138a00000 0x0000000138a00000 Y/35    Allocating 
 Small   0x0000000139800000 0x0000000139a00000 0x0000000139a00000 Y/35    Allocating 
 Small   0x000000013a000000 0x000000013a200000 0x000000013a200000 O/8     Relocatable
 Small   0x000000013a200000 0x000000013a400000 0x000000013a400000 Y/35    Allocating 
 Small   0x000000013b000000 0x000000013b1ffff8 0x000000013b200000 O/10    Relocatable
 Small   0x000000013b400000 0x000000013b600000 0x000000013b600000 Y/35    Allocating 
 Small   0x000000013ba00000 0x000000013bbfffe8 0x000000013bc00000 O/8     Relocatable
 Small   0x000000013c000000 0x000000013c200000 0x000000013c200000 Y/35    Allocating 
 Small   0x000000013cc00000 0x000000013cdfffc8 0x000000013ce00000 O/10    Relocatable
 Small   0x000000013ce00000 0x000000013d000000 0x000000013d000000 Y/35    Allocating 
 Small   0x000000013d800000 0x000000013d9ffff8 0x000000013da00000 O/8     Relocatable
 Small   0x000000013dc00000 0x000000013de00000 0x000000013de00000 Y/35    Allocating 
 Small   0x000000013de00000 0x000000013dffffa8 0x000000013e000000 O/8     Relocatable
 Small   0x000000013e400000 0x000000013e5fffb0 0x000000013e600000 O/8     Relocatable
 Small   0x000000013e600000 0x000000013e7fffe8 0x000000013e800000 O/13    Allocating 
 Small   0x000000013ea00000 0x000000013ebfffc0 0x000000013ec00000 O/8     Relocatable
 Small   0x000000013f200000 0x000000013f400000 0x000000013f400000 Y/35    Allocating 
 Small   0x000000013fc00000 0x000000013fe00000 0x000000013fe00000 Y/35    Allocating 
 Small   0x0000000140600000 0x0000000140800000 0x0000000140800000 Y/35    Allocating 
 Small   0x0000000141200000 0x0000000141400000 0x0000000141400000 Y/35    Allocating 
 Small   0x0000000142400000 0x0000000142600000 0x0000000142600000 Y/35    Allocating 
 Small   0x0000000142a00000 0x0000000142c00000 0x0000000142c00000 Y/35    Allocating 
 Small   0x0000000143200000 0x0000000143400000 0x0000000143400000 Y/35    Allocating 
 Small   0x0000000143e00000 0x0000000144000000 0x0000000144000000 Y/35    Allocating 
 Small   0x0000000144600000 0x0000000144800000 0x0000000144800000 Y/35    Allocating 
 Small   0x0000000144e00000 0x0000000145000000 0x0000000145000000 Y/35    Allocating 
 Small   0x0000000145000000 0x0000000145200000 0x0000000145200000 O/8     Relocatable
 Small   0x0000000145200000 0x0000000145400000 0x0000000145400000 O/8     Relocatable
 Small   0x0000000145e00000 0x0000000146000000 0x0000000146000000 Y/35    Allocating 
 Small   0x0000000146800000 0x0000000146a00000 0x0000000146a00000 Y/35    Allocating 
 Small   0x0000000147400000 0x00000001475fffc8 0x0000000147600000 O/8     Relocatable
 Small   0x0000000147800000 0x00000001479fffe0 0x0000000147a00000 O/8     Relocatable
 Small   0x0000000147e00000 0x0000000148000000 0x0000000148000000 Y/35    Allocating 
 Small   0x0000000148a00000 0x0000000148c00000 0x0000000148c00000 Y/35    Allocating 
 Small   0x0000000148c00000 0x0000000148dffd38 0x0000000148e00000 O/8     Relocatable
 Small   0x0000000148e00000 0x0000000148ffff90 0x0000000149000000 O/8     Relocatable
 Small   0x0000000149600000 0x0000000149800000 0x0000000149800000 Y/35    Allocating 
 Small   0x0000000149c00000 0x0000000149dfffa8 0x0000000149e00000 O/10    Relocatable
 Small   0x000000014a200000 0x000000014a400000 0x000000014a400000 Y/35    Allocating 
 Small   0x000000014a800000 0x000000014a9fffe0 0x000000014aa00000 O/10    Relocatable
 Small   0x000000014ac00000 0x000000014adfffb8 0x000000014ae00000 O/8     Relocatable
 Small   0x000000014ae00000 0x000000014b000000 0x000000014b000000 Y/35    Allocating 
 Small   0x000000014ba00000 0x000000014bc00000 0x000000014bc00000 Y/35    Allocating 
 Small   0x000000014c000000 0x000000014c200000 0x000000014c200000 Y/35    Allocating 
 Small   0x000000014c600000 0x000000014c800000 0x000000014c800000 Y/35    Allocating 
 Small   0x000000014ca00000 0x000000014cbfffd8 0x000000014cc00000 O/8     Relocatable
 Small   0x000000014dc00000 0x000000014ddfff60 0x000000014de00000 O/8     Relocatable
 Small   0x000000014e200000 0x000000014e400000 0x000000014e400000 Y/35    Allocating 
 Small   0x000000014e400000 0x000000014e5ffff8 0x000000014e600000 O/10    Relocatable
 Small   0x000000014ea00000 0x000000014ebfffc0 0x000000014ec00000 O/9     Relocatable
 Small   0x000000014f000000 0x000000014f1fffc8 0x000000014f200000 O/10    Relocatable
 Small   0x000000014f200000 0x000000014f400000 0x000000014f400000 Y/35    Allocating 
 Small   0x000000014fc00000 0x000000014fe00000 0x000000014fe00000 Y/35    Allocating 
 Small   0x0000000150200000 0x0000000150400000 0x0000000150400000 Y/35    Allocating 
 Small   0x0000000150a00000 0x0000000150bfffb0 0x0000000150c00000 O/8     Relocatable
 Small   0x0000000151200000 0x0000000151400000 0x0000000151400000 Y/35    Allocating 
 Small   0x0000000151800000 0x00000001519fff98 0x0000000151a00000 O/8     Relocatable
 Small   0x0000000152200000 0x0000000152400000 0x0000000152400000 Y/35    Allocating 
 Small   0x0000000152a00000 0x0000000152c00000 0x0000000152c00000 Y/35    Allocating 
 Small   0x0000000153800000 0x0000000153a00000 0x0000000153a00000 Y/35    Allocating 
 Small   0x0000000154200000 0x0000000154400000 0x0000000154400000 Y/35    Allocating 
 Small   0x0000000155000000 0x0000000155200000 0x0000000155200000 Y/35    Allocating 
 Small   0x0000000155800000 0x00000001559fff98 0x0000000155a00000 O/10    Relocatable
 Small   0x0000000155c00000 0x0000000155dffff0 0x0000000155e00000 O/9     Relocatable
 Small   0x0000000155e00000 0x0000000155ffffc0 0x0000000156000000 O/10    Relocatable
 Small   0x0000000156200000 0x0000000156400000 0x0000000156400000 Y/35    Allocating 
 Small   0x0000000156400000 0x0000000156600000 0x0000000156600000 Y/35    Allocating 
 Small   0x0000000156c00000 0x0000000156dfffe8 0x0000000156e00000 O/10    Relocatable
 Small   0x0000000157200000 0x00000001573fffc8 0x0000000157400000 O/10    Relocatable
 Small   0x0000000157400000 0x0000000157600000 0x0000000157600000 Y/35    Allocating 
 Small   0x0000000157e00000 0x0000000158000000 0x0000000158000000 Y/35    Allocating 
 Small   0x0000000158c00000 0x0000000158dffff0 0x0000000158e00000 O/8     Relocatable
 Small   0x0000000159000000 0x0000000159200000 0x0000000159200000 Y/35    Allocating 
 Small   0x0000000159800000 0x00000001599fffe8 0x0000000159a00000 O/9     Relocatable
 Small   0x0000000159c00000 0x0000000159e00000 0x0000000159e00000 Y/35    Allocating 
 Small   0x000000015aa00000 0x000000015abfff70 0x000000015ac00000 O/8     Relocatable
 Small   0x000000015ac00000 0x000000015ae00000 0x000000015ae00000 Y/35    Allocating 
 Small   0x000000015ae00000 0x000000015affffd0 0x000000015b000000 O/8     Relocatable
 Small   0x000000015b000000 0x000000015b1fff58 0x000000015b200000 O/8     Relocatable
 Small   0x000000015b400000 0x000000015b5fffd8 0x000000015b600000 O/9     Relocatable
 Small   0x000000015b800000 0x000000015b9fff90 0x000000015ba00000 O/8     Relocatable
 Small   0x000000015bc00000 0x000000015be00000 0x000000015be00000 Y/35    Allocating 
 Small   0x000000015c400000 0x000000015c5ffff8 0x000000015c600000 O/8     Relocatable
 Small   0x000000015c600000 0x000000015c800000 0x000000015c800000 Y/35    Allocating 
 Small   0x000000015d000000 0x000000015d200000 0x000000015d200000 Y/35    Allocating 
 Small   0x000000015da00000 0x000000015dbbc4f0 0x000000015dc00000 O/10    Relocatable
 Small   0x000000015dc00000 0x000000015de00000 0x000000015de00000 Y/35    Allocating 
 Small   0x000000015de00000 0x000000015e000000 0x000000015e000000 O/11    Relocatable
 Small   0x000000015e800000 0x000000015e9fffe0 0x000000015ea00000 O/8     Relocatable
 Small   0x000000015ec00000 0x000000015ee00000 0x000000015ee00000 Y/35    Allocating 
 Small   0x000000015f400000 0x000000015f600000 0x000000015f600000 Y/35    Allocating 
 Small   0x000000015fe00000 0x0000000160000000 0x0000000160000000 Y/35    Allocating 
 Small   0x0000000160600000 0x0000000160800000 0x0000000160800000 Y/35    Allocating 
 Small   0x0000000161000000 0x0000000161200000 0x0000000161200000 Y/35    Allocating 
 Small   0x0000000161600000 0x0000000161800000 0x0000000161800000 Y/35    Allocating 
 Small   0x0000000161a00000 0x0000000161c00000 0x0000000161c00000 Y/35    Allocating 
 Small   0x0000000162600000 0x00000001627ffff0 0x0000000162800000 O/8     Relocatable
 Small   0x0000000162e00000 0x0000000163000000 0x0000000163000000 Y/35    Allocating 
 Small   0x0000000163400000 0x00000001635fffe8 0x0000000163600000 O/8     Relocatable
 Small   0x0000000163800000 0x00000001639fffe8 0x0000000163a00000 O/8     Relocatable
 Small   0x0000000163e00000 0x0000000164000000 0x0000000164000000 Y/35    Allocating 
 Small   0x0000000164400000 0x0000000164600000 0x0000000164600000 O/10    Relocatable
 Small   0x0000000164800000 0x0000000164a00000 0x0000000164a00000 O/8     Relocatable
 Small   0x0000000165000000 0x0000000165200000 0x0000000165200000 Y/35    Allocating 
 Small   0x0000000165800000 0x0000000165a00000 0x0000000165a00000 O/8     Relocatable
 Small   0x0000000165a00000 0x0000000165c00000 0x0000000165c00000 Y/35    Allocating 
 Small   0x0000000166200000 0x0000000166400000 0x0000000166400000 Y/35    Allocating 
 Small   0x0000000166a00000 0x0000000166bfffe8 0x0000000166c00000 O/9     Relocatable
 Small   0x0000000166e00000 0x0000000167000000 0x0000000167000000 Y/35    Allocating 
 Small   0x0000000167000000 0x00000001671fffe0 0x0000000167200000 O/10    Relocatable
 Small   0x0000000168200000 0x0000000168400000 0x0000000168400000 Y/35    Allocating 
 Small   0x0000000168400000 0x00000001685ffff0 0x0000000168600000 O/10    Relocatable
 Small   0x0000000168c00000 0x0000000168e00000 0x0000000168e00000 Y/35    Allocating 
 Small   0x0000000169400000 0x00000001695ffff0 0x0000000169600000 O/10    Relocatable
 Small   0x0000000169800000 0x0000000169a00000 0x0000000169a00000 Y/35    Allocating 
 Small   0x0000000169e00000 0x000000016a000000 0x000000016a000000 Y/35    Allocating 
 Small   0x000000016a000000 0x000000016a1fff88 0x000000016a200000 O/8     Relocatable
 Small   0x000000016a800000 0x000000016a9fffd8 0x000000016aa00000 O/8     Relocatable
 Small   0x000000016ac00000 0x000000016ae00000 0x000000016ae00000 Y/35    Allocating 
 Small   0x000000016b200000 0x000000016b400000 0x000000016b400000 Y/35    Allocating 
 Small   0x000000016b800000 0x000000016ba00000 0x000000016ba00000 Y/35    Allocating 
 Small   0x000000016c400000 0x000000016c600000 0x000000016c600000 Y/35    Allocating 
 Small   0x000000016d600000 0x000000016d800000 0x000000016d800000 Y/35    Allocating 
 Small   0x000000016dc00000 0x000000016ddfffe8 0x000000016de00000 O/10    Relocatable
 Small   0x000000016e200000 0x000000016e400000 0x000000016e400000 Y/35    Allocating 
 Small   0x000000016ec00000 0x000000016edfffe0 0x000000016ee00000 O/10    Relocatable
 Small   0x000000016ee00000 0x000000016f000000 0x000000016f000000 Y/35    Allocating 
 Small   0x000000016fa00000 0x000000016fc00000 0x000000016fc00000 Y/35    Allocating 
 Small   0x000000016fe00000 0x000000016fffffd8 0x0000000170000000 O/8     Relocatable
 Small   0x0000000170400000 0x0000000170600000 0x0000000170600000 Y/35    Allocating 
 Small   0x0000000170c00000 0x0000000170dfffe8 0x0000000170e00000 O/10    Relocatable
 Small   0x0000000171000000 0x0000000171200000 0x0000000171200000 Y/35    Allocating 
 Small   0x0000000171c00000 0x0000000171e00000 0x0000000171e00000 Y/35    Allocating 
 Small   0x0000000172800000 0x0000000172a00000 0x0000000172a00000 Y/35    Allocating 
 Small   0x0000000173200000 0x0000000173400000 0x0000000173400000 Y/35    Allocating 
 Small   0x0000000173600000 0x00000001737fff80 0x0000000173800000 O/8     Relocatable
 Small   0x0000000173a00000 0x0000000173c00000 0x0000000173c00000 Y/35    Allocating 
 Small   0x0000000173e00000 0x0000000174000000 0x0000000174000000 Y/35    Allocating 
 Small   0x0000000174600000 0x0000000174800000 0x0000000174800000 Y/35    Allocating 
 Small   0x0000000174800000 0x00000001749fff68 0x0000000174a00000 O/8     Relocatable
 Small   0x0000000174a00000 0x0000000174bfff68 0x0000000174c00000 O/8     Relocatable
 Small   0x0000000175600000 0x0000000175800000 0x0000000175800000 Y/35    Allocating 
 Small   0x0000000176000000 0x0000000176200000 0x0000000176200000 Y/35    Allocating 
 Small   0x0000000176a00000 0x0000000176c00000 0x0000000176c00000 Y/35    Allocating 
 Small   0x0000000177800000 0x00000001779ffff8 0x0000000177a00000 O/8     Relocatable
 Small   0x0000000177e00000 0x0000000177ffffe8 0x0000000178000000 O/8     Relocatable
 Small   0x0000000178000000 0x0000000178200000 0x0000000178200000 Y/35    Allocating 
 Small   0x0000000178400000 0x00000001785fffd8 0x0000000178600000 O/8     Relocatable
 Small   0x0000000178e00000 0x0000000179000000 0x0000000179000000 Y/35    Allocating 
 Small   0x0000000179400000 0x00000001795ffff8 0x0000000179600000 O/8     Relocatable
 Small   0x0000000179600000 0x00000001797fffe8 0x0000000179800000 O/9     Relocatable
 Small   0x000000017a000000 0x000000017a200000 0x000000017a200000 Y/35    Allocating 
 Small   0x000000017aa00000 0x000000017ac00000 0x000000017ac00000 Y/35    Allocating 
 Small   0x000000017b000000 0x000000017b200000 0x000000017b200000 Y/35    Allocating 
 Small   0x000000017bc00000 0x000000017be00000 0x000000017be00000 Y/35    Allocating 
 Small   0x000000017c600000 0x000000017c800000 0x000000017c800000 Y/35    Allocating 
 Small   0x000000017ce00000 0x000000017d000000 0x000000017d000000 Y/35    Allocating 
 Small   0x000000017d200000 0x000000017d400000 0x000000017d400000 Y/35    Allocating 
 Small   0x000000017d600000 0x000000017d7fffd8 0x000000017d800000 O/9     Relocatable
 Small   0x000000017da00000 0x000000017dc00000 0x000000017dc00000 Y/35    Allocating 
 Small   0x000000017de00000 0x000000017dffffe8 0x000000017e000000 O/9     Relocatable
 Small   0x000000017e000000 0x000000017e1ffff0 0x000000017e200000 O/9     Relocatable
 Small   0x000000017e400000 0x000000017e600000 0x000000017e600000 O/10    Relocatable
 Small   0x000000017e600000 0x000000017e7fffc8 0x000000017e800000 O/10    Relocatable
 Small   0x000000017ee00000 0x000000017f000000 0x000000017f000000 Y/35    Allocating 
 Small   0x000000017fa00000 0x000000017fc00000 0x000000017fc00000 Y/35    Allocating 
 Small   0x0000000180200000 0x0000000180400000 0x0000000180400000 Y/35    Allocating 
 Small   0x0000000180c00000 0x0000000180e00000 0x0000000180e00000 Y/35    Allocating 
 Small   0x0000000181c00000 0x0000000181dffff8 0x0000000181e00000 O/9     Relocatable
 Small   0x0000000182200000 0x0000000182400000 0x0000000182400000 Y/35    Allocating 
 Small   0x0000000182c00000 0x0000000182dffff0 0x0000000182e00000 O/8     Relocatable
 Small   0x0000000183000000 0x0000000183200000 0x0000000183200000 Y/35    Allocating 
 Small   0x0000000183400000 0x00000001835fffd0 0x0000000183600000 O/8     Relocatable
 Small   0x0000000183e00000 0x0000000184000000 0x0000000184000000 Y/35    Allocating 
 Small   0x0000000184a00000 0x0000000184c00000 0x0000000184c00000 O/10    Relocatable
 Small   0x0000000184c00000 0x0000000184e00000 0x0000000184e00000 Y/35    Allocating 
 Small   0x0000000185000000 0x00000001851fff68 0x0000000185200000 O/8     Relocatable
 Small   0x0000000185200000 0x00000001853ffff0 0x0000000185400000 O/10    Relocatable
 Small   0x0000000185a00000 0x0000000185c00000 0x0000000185c00000 Y/35    Allocating 
 Small   0x0000000186800000 0x0000000186a00000 0x0000000186a00000 Y/35    Allocating 
 Small   0x0000000186e00000 0x0000000186ffff98 0x0000000187000000 O/10    Relocatable
 Small   0x0000000187200000 0x0000000187400000 0x0000000187400000 Y/35    Allocating 
 Small   0x0000000187e00000 0x0000000188000000 0x0000000188000000 Y/35    Allocating 
 Small   0x0000000188200000 0x0000000188400000 0x0000000188400000 Y/35    Allocating 
 Small   0x0000000188800000 0x0000000188a00000 0x0000000188a00000 Y/35    Allocating 
 Small   0x0000000188e00000 0x0000000189000000 0x0000000189000000 Y/35    Allocating 
 Small   0x0000000189800000 0x0000000189a00000 0x0000000189a00000 Y/35    Allocating 
 Small   0x000000018a400000 0x000000018a600000 0x000000018a600000 Y/35    Allocating 
 Small   0x000000018ac00000 0x000000018ae00000 0x000000018ae00000 Y/35    Allocating 
 Small   0x000000018b400000 0x000000018b5fff58 0x000000018b600000 O/8     Relocatable
 Small   0x000000018c200000 0x000000018c3fffe8 0x000000018c400000 O/11    Relocatable
 Small   0x000000018c400000 0x000000018c600000 0x000000018c600000 Y/35    Allocating 
 Small   0x000000018ce00000 0x000000018d000000 0x000000018d000000 Y/35    Allocating 
 Small   0x000000018d600000 0x000000018d800000 0x000000018d800000 Y/35    Allocating 
 Small   0x000000018e000000 0x000000018e200000 0x000000018e200000 Y/35    Allocating 
 Small   0x000000018e800000 0x000000018ea00000 0x000000018ea00000 Y/35    Allocating 
 Small   0x000000018f000000 0x000000018f200000 0x000000018f200000 Y/35    Allocating 
 Small   0x000000018fe00000 0x0000000190000000 0x0000000190000000 Y/35    Allocating 
 Small   0x0000000190200000 0x0000000190400000 0x0000000190400000 Y/35    Allocating 
 Small   0x0000000190a00000 0x0000000190bffff0 0x0000000190c00000 O/10    Relocatable
 Small   0x0000000190e00000 0x0000000191000000 0x0000000191000000 Y/35    Allocating 
 Small   0x0000000191600000 0x0000000191800000 0x0000000191800000 Y/35    Allocating 
 Small   0x0000000191a00000 0x0000000191bfffb8 0x0000000191c00000 O/8     Relocatable
 Small   0x0000000192000000 0x0000000192200000 0x0000000192200000 Y/35    Allocating 
 Small   0x0000000192e00000 0x0000000193000000 0x0000000193000000 Y/35    Allocating 
 Small   0x0000000193a00000 0x0000000193c00000 0x0000000193c00000 Y/35    Allocating 
 Small   0x0000000194200000 0x0000000194400000 0x0000000194400000 Y/35    Allocating 
 Small   0x0000000194600000 0x00000001947fff90 0x0000000194800000 O/10    Relocatable
 Small   0x0000000194e00000 0x0000000194ffffb0 0x0000000195000000 O/10    Relocatable
 Small   0x0000000195000000 0x00000001951fff90 0x0000000195200000 O/8     Relocatable
 Small   0x0000000195200000 0x0000000195400000 0x0000000195400000 Y/35    Allocating 
 Small   0x0000000195a00000 0x0000000195bfff60 0x0000000195c00000 O/8     Relocatable
 Small   0x0000000195e00000 0x0000000195ffffe0 0x0000000196000000 O/8     Relocatable
 Small   0x0000000196400000 0x00000001965ffff8 0x0000000196600000 O/8     Relocatable
 Small   0x0000000196a00000 0x0000000196c00000 0x0000000196c00000 Y/35    Allocating 
 Small   0x0000000196c00000 0x0000000196dffff0 0x0000000196e00000 O/8     Relocatable
 Small   0x0000000197000000 0x00000001971ffff0 0x0000000197200000 O/8     Relocatable
 Small   0x0000000197800000 0x0000000197a00000 0x0000000197a00000 Y/35    Allocating 
 Small   0x0000000198600000 0x00000001987ffff0 0x0000000198800000 O/10    Relocatable
 Small   0x0000000198800000 0x00000001989fffe0 0x0000000198a00000 O/8     Relocatable
 Small   0x0000000198a00000 0x0000000198c00000 0x0000000198c00000 Y/35    Allocating 
 Small   0x0000000199000000 0x00000001991ffd60 0x0000000199200000 O/8     Relocatable
 Small   0x0000000199200000 0x00000001993fff50 0x0000000199400000 O/8     Relocatable
 Small   0x0000000199600000 0x0000000199800000 0x0000000199800000 Y/35    Allocating 
 Small   0x0000000199e00000 0x0000000199ffffe8 0x000000019a000000 O/8     Relocatable
 Small   0x000000019a000000 0x000000019a200000 0x000000019a200000 Y/35    Allocating 
 Small   0x000000019a200000 0x000000019a400000 0x000000019a400000 Y/35    Allocating 
 Small   0x000000019a800000 0x000000019a9ffff0 0x000000019aa00000 O/8     Relocatable
 Small   0x000000019ac00000 0x000000019adfffd0 0x000000019ae00000 O/8     Relocatable
 Small   0x000000019ae00000 0x000000019afffff0 0x000000019b000000 O/8     Relocatable
 Small   0x000000019b000000 0x000000019b200000 0x000000019b200000 Y/35    Allocating 
 Small   0x000000019b200000 0x000000019b3fffc8 0x000000019b400000 O/8     Relocatable
 Small   0x000000019b800000 0x000000019b9fff60 0x000000019ba00000 O/8     Relocatable
 Small   0x000000019be00000 0x000000019c000000 0x000000019c000000 Y/35    Allocating 
 Small   0x000000019c600000 0x000000019c7ffff0 0x000000019c800000 O/8     Relocatable
 Small   0x000000019c800000 0x000000019ca00000 0x000000019ca00000 Y/35    Allocating 
 Small   0x000000019d200000 0x000000019d400000 0x000000019d400000 Y/35    Allocating 
 Small   0x000000019d400000 0x000000019d5fffd8 0x000000019d600000 O/8     Relocatable
 Small   0x000000019e000000 0x000000019e200000 0x000000019e200000 Y/35    Allocating 
 Small   0x000000019e600000 0x000000019e7ffef0 0x000000019e800000 O/8     Relocatable
 Small   0x000000019ee00000 0x000000019f000000 0x000000019f000000 Y/35    Allocating 
 Small   0x000000019f800000 0x000000019fa00000 0x000000019fa00000 Y/35    Allocating 
 Small   0x000000019fa00000 0x000000019fbffff8 0x000000019fc00000 O/10    Relocatable
 Small   0x000000019fc00000 0x000000019fdff888 0x000000019fe00000 O/9     Relocatable
 Small   0x00000001a0200000 0x00000001a03ffff8 0x00000001a0400000 O/8     Relocatable
 Small   0x00000001a0400000 0x00000001a05fffd0 0x00000001a0600000 O/11    Relocatable
 Small   0x00000001a0c00000 0x00000001a0dfff60 0x00000001a0e00000 O/8     Relocatable
 Small   0x00000001a0e00000 0x00000001a1000000 0x00000001a1000000 Y/35    Allocating 
 Small   0x00000001a1800000 0x00000001a19fffe0 0x00000001a1a00000 O/10    Relocatable
 Small   0x00000001a2000000 0x00000001a2200000 0x00000001a2200000 Y/35    Allocating 
 Small   0x00000001a2400000 0x00000001a25ffff8 0x00000001a2600000 O/8     Relocatable
 Small   0x00000001a2a00000 0x00000001a2bfe4b8 0x00000001a2c00000 O/9     Relocatable
 Small   0x00000001a3000000 0x00000001a3200000 0x00000001a3200000 Y/35    Allocating 
 Small   0x00000001a3600000 0x00000001a37fffd8 0x00000001a3800000 O/8     Relocatable
 Small   0x00000001a3800000 0x00000001a39fffb0 0x00000001a3a00000 O/10    Relocatable
 Small   0x00000001a3e00000 0x00000001a4000000 0x00000001a4000000 Y/35    Allocating 
 Small   0x00000001a4800000 0x00000001a49fffc0 0x00000001a4a00000 O/8     Relocatable
 Small   0x00000001a4a00000 0x00000001a4c00000 0x00000001a4c00000 Y/35    Allocating 
 Small   0x00000001a5000000 0x00000001a5200000 0x00000001a5200000 Y/35    Allocating 
 Small   0x00000001a5400000 0x00000001a5600000 0x00000001a5600000 Y/35    Allocating 
 Small   0x00000001a5a00000 0x00000001a5bffd58 0x00000001a5c00000 O/8     Relocatable
 Small   0x00000001a5c00000 0x00000001a5e00000 0x00000001a5e00000 Y/35    Allocating 
 Small   0x00000001a6400000 0x00000001a65ffff0 0x00000001a6600000 O/9     Relocatable
 Small   0x00000001a6600000 0x00000001a6800000 0x00000001a6800000 Y/35    Allocating 
 Small   0x00000001a7400000 0x00000001a7600000 0x00000001a7600000 Y/35    Allocating 
 Small   0x00000001a7c00000 0x00000001a7e00000 0x00000001a7e00000 Y/35    Allocating 
 Small   0x00000001a8200000 0x00000001a83fffe8 0x00000001a8400000 O/10    Relocatable
 Small   0x00000001a8800000 0x00000001a8a00000 0x00000001a8a00000 O/9     Relocatable
 Small   0x00000001a8a00000 0x00000001a8c00000 0x00000001a8c00000 Y/35    Allocating 
 Small   0x00000001a8e00000 0x00000001a8fffff0 0x00000001a9000000 O/9     Relocatable
 Small   0x00000001a9200000 0x00000001a93fff98 0x00000001a9400000 O/10    Relocatable
 Small   0x00000001a9800000 0x00000001a99ffff0 0x00000001a9a00000 O/10    Relocatable
 Small   0x00000001a9a00000 0x00000001a9c00000 0x00000001a9c00000 Y/35    Allocating 
 Small   0x00000001aa600000 0x00000001aa800000 0x00000001aa800000 Y/35    Allocating 
 Small   0x00000001ab200000 0x00000001ab400000 0x00000001ab400000 O/8     Relocatable
 Small   0x00000001ab600000 0x00000001ab800000 0x00000001ab800000 Y/35    Allocating 
 Small   0x00000001aba00000 0x00000001abbffff0 0x00000001abc00000 O/10    Relocatable
 Small   0x00000001ac200000 0x00000001ac400000 0x00000001ac400000 Y/35    Allocating 
 Small   0x00000001adc00000 0x00000001addffff0 0x00000001ade00000 O/10    Relocatable
 Small   0x00000001ae000000 0x00000001ae200000 0x00000001ae200000 Y/35    Allocating 
 Small   0x00000001ae600000 0x00000001ae7ffff0 0x00000001ae800000 O/11    Relocatable
 Small   0x00000001afc00000 0x00000001afe00000 0x00000001afe00000 Y/35    Allocating 
 Small   0x00000001b0800000 0x00000001b09fff98 0x00000001b0a00000 O/9     Relocatable
 Small   0x00000001b0c00000 0x00000001b0e00000 0x00000001b0e00000 Y/35    Allocating 
 Small   0x00000001b0e00000 0x00000001b0fffff0 0x00000001b1000000 O/9     Relocatable
 Small   0x00000001b1e00000 0x00000001b1ffffe0 0x00000001b2000000 O/8     Relocatable
 Small   0x00000001b2400000 0x00000001b2600000 0x00000001b2600000 Y/35    Allocating 
 Small   0x00000001b2800000 0x00000001b2a00000 0x00000001b2a00000 Y/35    Allocating 
 Small   0x00000001b3600000 0x00000001b37ffff8 0x00000001b3800000 O/8     Relocatable
 Small   0x00000001b3c00000 0x00000001b3e00000 0x00000001b3e00000 Y/35    Allocating 
 Small   0x00000001b4200000 0x00000001b43fffe8 0x00000001b4400000 O/12    Relocatable
 Small   0x00000001b4800000 0x00000001b4a00000 0x00000001b4a00000 Y/35    Allocating 
 Small   0x00000001b5400000 0x00000001b5600000 0x00000001b5600000 Y/35    Allocating 
 Small   0x00000001b5e00000 0x00000001b6000000 0x00000001b6000000 Y/35    Allocating 
 Small   0x00000001b6200000 0x00000001b63fff90 0x00000001b6400000 O/10    Relocatable
 Small   0x00000001b6400000 0x00000001b65fffe0 0x00000001b6600000 O/8     Relocatable
 Small   0x00000001b6c00000 0x00000001b6e00000 0x00000001b6e00000 Y/35    Allocating 
 Small   0x00000001b6e00000 0x00000001b6ffffa0 0x00000001b7000000 O/8     Relocatable
 Small   0x00000001b7a00000 0x00000001b7c00000 0x00000001b7c00000 Y/35    Allocating 
 Small   0x00000001b8200000 0x00000001b83ffff0 0x00000001b8400000 O/10    Relocatable
 Small   0x00000001b8c00000 0x00000001b8e00000 0x00000001b8e00000 Y/35    Allocating 
 Small   0x00000001b9400000 0x00000001b9600000 0x00000001b9600000 Y/35    Allocating 
 Small   0x00000001b9c00000 0x00000001b9e00000 0x00000001b9e00000 O/9     Relocatable
 Small   0x00000001ba200000 0x00000001ba400000 0x00000001ba400000 Y/35    Allocating 
 Small   0x00000001bae00000 0x00000001baffffb8 0x00000001bb000000 O/8     Relocatable
 Small   0x00000001bb000000 0x00000001bb200000 0x00000001bb200000 Y/35    Allocating 
 Small   0x00000001bb400000 0x00000001bb600000 0x00000001bb600000 O/8     Relocatable
 Small   0x00000001bb800000 0x00000001bb9fffe0 0x00000001bba00000 O/8     Relocatable
 Small   0x00000001bba00000 0x00000001bbbffff0 0x00000001bbc00000 O/8     Relocatable
 Small   0x00000001bbe00000 0x00000001bc000000 0x00000001bc000000 Y/35    Allocating 
 Small   0x00000001bc200000 0x00000001bc400000 0x00000001bc400000 Y/35    Allocating 
 Small   0x00000001bc600000 0x00000001bc7ffff0 0x00000001bc800000 O/9     Relocatable
 Small   0x00000001bcc00000 0x00000001bce00000 0x00000001bce00000 Y/35    Allocating 
 Small   0x00000001be600000 0x00000001be800000 0x00000001be800000 Y/35    Allocating 
 Small   0x00000001bf200000 0x00000001bf400000 0x00000001bf400000 Y/35    Allocating 
 Small   0x00000001bfa00000 0x00000001bfc00000 0x00000001bfc00000 Y/35    Allocating 
 Small   0x00000001c0200000 0x00000001c0400000 0x00000001c0400000 O/8     Relocatable
 Small   0x00000001c0400000 0x00000001c0600000 0x00000001c0600000 Y/35    Allocating 
 Small   0x00000001c0c00000 0x00000001c0e00000 0x00000001c0e00000 Y/35    Allocating 
 Small   0x00000001c0e00000 0x00000001c0ffff70 0x00000001c1000000 O/8     Relocatable
 Small   0x00000001c1a00000 0x00000001c1bffff0 0x00000001c1c00000 O/9     Relocatable
 Small   0x00000001c1c00000 0x00000001c1e00000 0x00000001c1e00000 Y/35    Allocating 
 Small   0x00000001c2600000 0x00000001c2800000 0x00000001c2800000 Y/35    Allocating 
 Small   0x00000001c2800000 0x00000001c29ffff8 0x00000001c2a00000 O/8     Relocatable
 Small   0x00000001c2c00000 0x00000001c2e00000 0x00000001c2e00000 O/9     Relocatable
 Small   0x00000001c3600000 0x00000001c3800000 0x00000001c3800000 Y/35    Allocating 
 Small   0x00000001c3e00000 0x00000001c4000000 0x00000001c4000000 Y/35    Allocating 
 Small   0x00000001c4200000 0x00000001c4400000 0x00000001c4400000 O/8     Relocatable
 Small   0x00000001c4c00000 0x00000001c4e00000 0x00000001c4e00000 Y/35    Allocating 
 Small   0x00000001c5c00000 0x00000001c5e00000 0x00000001c5e00000 Y/35    Allocating 
 Small   0x00000001c5e00000 0x00000001c6000000 0x00000001c6000000 Y/35    Allocating 
 Small   0x00000001c6600000 0x00000001c6800000 0x00000001c6800000 Y/35    Allocating 
 Small   0x00000001c7000000 0x00000001c7200000 0x00000001c7200000 Y/35    Allocating 
 Small   0x00000001c7a00000 0x00000001c7c00000 0x00000001c7c00000 Y/35    Allocating 
 Small   0x00000001c8000000 0x00000001c81fff88 0x00000001c8200000 O/9     Relocatable
 Small   0x00000001c8200000 0x00000001c8400000 0x00000001c8400000 Y/35    Allocating 
 Small   0x00000001c8c00000 0x00000001c8e00000 0x00000001c8e00000 O/10    Relocatable
 Small   0x00000001c9200000 0x00000001c9400000 0x00000001c9400000 Y/35    Allocating 
 Small   0x00000001ca400000 0x00000001ca600000 0x00000001ca600000 Y/35    Allocating 
 Small   0x00000001ca800000 0x00000001ca9fea68 0x00000001caa00000 O/9     Relocatable
 Small   0x00000001cb600000 0x00000001cb7ffff0 0x00000001cb800000 O/9     Relocatable
 Small   0x00000001cb800000 0x00000001cba00000 0x00000001cba00000 Y/35    Allocating 
 Small   0x00000001cc200000 0x00000001cc400000 0x00000001cc400000 Y/35    Allocating 
 Small   0x00000001cca00000 0x00000001ccbffff0 0x00000001ccc00000 O/9     Relocatable
 Small   0x00000001cce00000 0x00000001cd000000 0x00000001cd000000 Y/35    Allocating 
 Small   0x00000001cd000000 0x00000001cd1ffff8 0x00000001cd200000 O/10    Relocatable
 Small   0x00000001cd800000 0x00000001cd8c09d0 0x00000001cda00000 Y/35    Allocating 
 Small   0x00000001ce000000 0x00000001ce200000 0x00000001ce200000 O/11    Relocatable
 Small   0x00000001ce400000 0x00000001ce5fffd0 0x00000001ce600000 O/9     Relocatable
 Small   0x00000001ce600000 0x00000001ce7fffe0 0x00000001ce800000 O/10    Relocatable
 Small   0x00000001cf200000 0x00000001cf400000 0x00000001cf400000 O/10    Relocatable
 Small   0x00000001cf600000 0x00000001cf7ffff8 0x00000001cf800000 O/9     Relocatable
 Small   0x00000001cf800000 0x00000001cfa00000 0x00000001cfa00000 Y/35    Allocating 
 Small   0x00000001d0000000 0x00000001d01fffc8 0x00000001d0200000 O/11    Relocatable
 Small   0x00000001d0200000 0x00000001d03fffe0 0x00000001d0400000 O/10    Relocatable
 Small   0x00000001d0800000 0x00000001d0a00000 0x00000001d0a00000 Y/35    Allocating 
 Small   0x00000001d0a00000 0x00000001d0bffff0 0x00000001d0c00000 O/11    Relocatable
 Small   0x00000001d0e00000 0x00000001d0ff1070 0x00000001d1000000 O/9     Relocatable
 Small   0x00000001d1000000 0x00000001d11ffff8 0x00000001d1200000 O/10    Relocatable
 Small   0x00000001d1200000 0x00000001d1400000 0x00000001d1400000 Y/35    Allocating 
 Small   0x00000001d2200000 0x00000001d23fffe0 0x00000001d2400000 O/9     Relocatable
 Small   0x00000001d2400000 0x00000001d2600000 0x00000001d2600000 Y/35    Allocating 
 Small   0x00000001d2c00000 0x00000001d2dffff8 0x00000001d2e00000 O/10    Relocatable
 Small   0x00000001d3800000 0x00000001d3a00000 0x00000001d3a00000 Y/35    Allocating 
 Small   0x00000001d3a00000 0x00000001d3bffff0 0x00000001d3c00000 O/10    Relocatable
 Small   0x00000001d4600000 0x00000001d4800000 0x00000001d4800000 O/10    Relocatable
 Small   0x00000001d4a00000 0x00000001d4c00000 0x00000001d4c00000 Y/35    Allocating 
 Small   0x00000001d5800000 0x00000001d5a00000 0x00000001d5a00000 Y/35    Allocating 
 Small   0x00000001d6e00000 0x00000001d7000000 0x00000001d7000000 Y/35    Allocating 
 Small   0x00000001d7800000 0x00000001d7a00000 0x00000001d7a00000 O/9     Relocatable
 Small   0x00000001d8400000 0x00000001d8600000 0x00000001d8600000 Y/35    Allocating 
 Small   0x00000001d8e00000 0x00000001d8fffff8 0x00000001d9000000 O/9     Relocatable
 Small   0x00000001d9600000 0x00000001d9800000 0x00000001d9800000 Y/35    Allocating 
 Small   0x00000001db400000 0x00000001db600000 0x00000001db600000 Y/35    Allocating 
 Small   0x00000001db600000 0x00000001db800000 0x00000001db800000 Y/35    Allocating 
 Small   0x00000001dbc00000 0x00000001dbdffff0 0x00000001dbe00000 O/10    Relocatable
 Small   0x00000001dc600000 0x00000001dc800000 0x00000001dc800000 Y/35    Allocating 
 Small   0x00000001ddc00000 0x00000001dde00000 0x00000001dde00000 Y/35    Allocating 
 Small   0x00000001de200000 0x00000001de3fffb0 0x00000001de400000 O/10    Relocatable
 Small   0x00000001df800000 0x00000001df9fffd8 0x00000001dfa00000 O/10    Relocatable
 Small   0x00000001dfc00000 0x00000001dfe00000 0x00000001dfe00000 Y/35    Allocating 
 Small   0x00000001e0a00000 0x00000001e0c00000 0x00000001e0c00000 Y/35    Allocating 
 Small   0x00000001e1000000 0x00000001e11fffe8 0x00000001e1200000 O/8     Relocatable
 Small   0x00000001e2a00000 0x00000001e2c00000 0x00000001e2c00000 Y/35    Allocating 
 Small   0x00000001e3c00000 0x00000001e3dfffe8 0x00000001e3e00000 O/10    Relocatable
 Small   0x00000001e3e00000 0x00000001e3fffff0 0x00000001e4000000 O/10    Relocatable
 Small   0x00000001e4000000 0x00000001e41ffff8 0x00000001e4200000 O/11    Relocatable
 Small   0x00000001e4c00000 0x00000001e4e00000 0x00000001e4e00000 Y/35    Allocating 
 Small   0x00000001e4e00000 0x00000001e4ffffd8 0x00000001e5000000 O/11    Relocatable
 Small   0x00000001e6c00000 0x00000001e6e00000 0x00000001e6e00000 Y/35    Allocating 
 Small   0x00000001e7400000 0x00000001e7600000 0x00000001e7600000 O/10    Relocatable
 Small   0x00000001e7600000 0x00000001e7800000 0x00000001e7800000 O/10    Relocatable
 Small   0x00000001e8000000 0x00000001e8200000 0x00000001e8200000 Y/35    Allocating 
 Small   0x00000001e9200000 0x00000001e9400000 0x00000001e9400000 Y/35    Allocating 
 Small   0x00000001e9800000 0x00000001e9a00000 0x00000001e9a00000 Y/35    Allocating 
 Small   0x00000001ea800000 0x00000001eaa00000 0x00000001eaa00000 Y/35    Allocating 
 Small   0x00000001ec000000 0x00000001ec200000 0x00000001ec200000 Y/35    Allocating 
 Small   0x00000001eda00000 0x00000001edc00000 0x00000001edc00000 Y/35    Allocating 
 Small   0x00000001edc00000 0x00000001eddffff8 0x00000001ede00000 O/8     Relocatable
 Small   0x00000001ede00000 0x00000001edfddbd8 0x00000001ee000000 O/8     Relocatable
 Small   0x00000001ee200000 0x00000001ee400000 0x00000001ee400000 Y/35    Allocating 
 Small   0x00000001ee600000 0x00000001ee7ffff8 0x00000001ee800000 O/8     Relocatable
 Small   0x00000001eea00000 0x00000001eec00000 0x00000001eec00000 Y/35    Allocating 
 Small   0x00000001eec00000 0x00000001eee00000 0x00000001eee00000 Y/35    Allocating 
 Small   0x00000001ef000000 0x00000001ef200000 0x00000001ef200000 Y/35    Allocating 
 Small   0x00000001ef800000 0x00000001efa00000 0x00000001efa00000 Y/35    Allocating 
 Small   0x00000001f0000000 0x00000001f01fffe8 0x00000001f0200000 O/9     Relocatable
 Small   0x00000001f0c00000 0x00000001f0e00000 0x00000001f0e00000 Y/35    Allocating 
 Small   0x00000001f1800000 0x00000001f19ffe98 0x00000001f1a00000 O/8     Relocatable
 Small   0x00000001f1a00000 0x00000001f1bffff8 0x00000001f1c00000 O/8     Relocatable
 Small   0x00000001f2200000 0x00000001f23fff88 0x00000001f2400000 O/8     Relocatable
 Small   0x00000001f2800000 0x00000001f2a00000 0x00000001f2a00000 Y/35    Allocating 
 Small   0x00000001f2c00000 0x00000001f2dfff50 0x00000001f2e00000 O/8     Relocatable
 Small   0x00000001f3400000 0x00000001f3600000 0x00000001f3600000 Y/35    Allocating 
 Small   0x00000001f3c00000 0x00000001f3dfffa0 0x00000001f3e00000 O/8     Relocatable
 Small   0x00000001f4000000 0x00000001f4200000 0x00000001f4200000 Y/35    Allocating 
 Small   0x00000001f4200000 0x00000001f43fffe8 0x00000001f4400000 O/8     Relocatable
 Small   0x00000001f5400000 0x00000001f5600000 0x00000001f5600000 Y/35    Allocating 
 Small   0x00000001f5600000 0x00000001f5800000 0x00000001f5800000 O/8     Relocatable
 Small   0x00000001f5800000 0x00000001f5a00000 0x00000001f5a00000 O/8     Relocatable
 Small   0x00000001f6600000 0x00000001f67fffa0 0x00000001f6800000 O/8     Relocatable
 Small   0x00000001f6a00000 0x00000001f6c00000 0x00000001f6c00000 O/8     Relocatable
 Small   0x00000001f6e00000 0x00000001f6ffffe8 0x00000001f7000000 O/8     Relocatable
 Small   0x00000001f7800000 0x00000001f79ffff8 0x00000001f7a00000 O/9     Relocatable
 Small   0x00000001f7a00000 0x00000001f7bfffc0 0x00000001f7c00000 O/8     Relocatable
 Small   0x00000001f7c00000 0x00000001f7e00000 0x00000001f7e00000 Y/35    Allocating 
 Small   0x00000001f9000000 0x00000001f9200000 0x00000001f9200000 Y/35    Allocating 
 Small   0x00000001fa400000 0x00000001fa600000 0x00000001fa600000 Y/35    Allocating 
 Small   0x00000001fbe00000 0x00000001fc000000 0x00000001fc000000 Y/35    Allocating 
 Small   0x00000001fc800000 0x00000001fca00000 0x00000001fca00000 Y/35    Allocating 
 Small   0x00000001fd000000 0x00000001fd1fffe8 0x00000001fd200000 O/8     Relocatable
 Small   0x00000001fd200000 0x00000001fd400000 0x00000001fd400000 Y/35    Allocating 
 Small   0x00000001fe800000 0x00000001fe9fffe0 0x00000001fea00000 O/9     Relocatable
 Small   0x00000001fee00000 0x00000001fefffff8 0x00000001ff000000 O/9     Relocatable
 Small   0x00000001ff400000 0x00000001ff600000 0x00000001ff600000 Y/35    Allocating 
 Small   0x00000001ffc00000 0x00000001ffdffff8 0x00000001ffe00000 O/10    Relocatable
 Small   0x0000000200800000 0x0000000200a00000 0x0000000200a00000 Y/35    Allocating 
 Small   0x0000000201c00000 0x0000000201dffff0 0x0000000201e00000 O/11    Relocatable
 Small   0x0000000202200000 0x00000002023fffe0 0x0000000202400000 O/8     Relocatable
 Small   0x0000000202400000 0x00000002025fffb0 0x0000000202600000 O/8     Relocatable
 Small   0x0000000202600000 0x0000000202800000 0x0000000202800000 Y/35    Allocating 
 Small   0x0000000202800000 0x0000000202a00000 0x0000000202a00000 O/8     Relocatable
 Small   0x0000000202e00000 0x0000000202ffff78 0x0000000203000000 O/8     Relocatable
 Small   0x0000000203e00000 0x0000000204000000 0x0000000204000000 Y/35    Allocating 
 Small   0x0000000204a00000 0x0000000204bffff0 0x0000000204c00000 O/8     Relocatable
 Small   0x0000000205000000 0x00000002051ffff0 0x0000000205200000 O/8     Relocatable
 Small   0x0000000205200000 0x00000002053fffe0 0x0000000205400000 O/8     Relocatable
 Small   0x0000000205e00000 0x0000000205ffffe0 0x0000000206000000 O/8     Relocatable
 Small   0x0000000206200000 0x0000000206400000 0x0000000206400000 Y/35    Allocating 
 Small   0x0000000206a00000 0x0000000206bfff50 0x0000000206c00000 O/8     Relocatable
 Small   0x0000000207400000 0x00000002075fffe8 0x0000000207600000 O/9     Relocatable
 Small   0x0000000207a00000 0x0000000207c00000 0x0000000207c00000 Y/35    Allocating 
 Small   0x0000000208600000 0x0000000208800000 0x0000000208800000 Y/35    Allocating 
 Small   0x0000000209000000 0x00000002091ffff8 0x0000000209200000 O/8     Relocatable
 Small   0x0000000209600000 0x0000000209800000 0x0000000209800000 Y/35    Allocating 
 Small   0x000000020a800000 0x000000020aa00000 0x000000020aa00000 Y/35    Allocating 
 Small   0x000000020ba00000 0x000000020bc00000 0x000000020bc00000 Y/35    Allocating 
 Small   0x000000020ca00000 0x000000020cbfffb8 0x000000020cc00000 O/8     Relocatable
 Small   0x000000020d200000 0x000000020d400000 0x000000020d400000 Y/35    Allocating 
 Small   0x000000020e800000 0x000000020ea00000 0x000000020ea00000 Y/35    Allocating 
 Small   0x000000020fc00000 0x000000020fe00000 0x000000020fe00000 Y/35    Allocating 
 Small   0x0000000211000000 0x0000000211200000 0x0000000211200000 Y/35    Allocating 
 Small   0x0000000211800000 0x0000000211a00000 0x0000000211a00000 Y/35    Allocating 
 Small   0x0000000211c00000 0x0000000211dfff58 0x0000000211e00000 O/9     Relocatable
 Small   0x0000000212600000 0x0000000212800000 0x0000000212800000 O/12    Relocatable
 Small   0x0000000212c00000 0x0000000212e00000 0x0000000212e00000 Y/35    Allocating 
 Small   0x0000000213800000 0x00000002139ffff0 0x0000000213a00000 O/8     Relocatable
 Small   0x0000000214200000 0x0000000214400000 0x0000000214400000 Y/35    Allocating 
 Small   0x0000000214a00000 0x0000000214bfffe8 0x0000000214c00000 O/10    Relocatable
 Small   0x0000000215800000 0x0000000215a00000 0x0000000215a00000 Y/35    Allocating 
 Small   0x0000000216e00000 0x0000000217000000 0x0000000217000000 Y/35    Allocating 
 Small   0x0000000217800000 0x00000002179fffe8 0x0000000217a00000 O/8     Relocatable
 Small   0x0000000218e00000 0x0000000219000000 0x0000000219000000 Y/35    Allocating 
 Small   0x000000021a000000 0x000000021a200000 0x000000021a200000 Y/35    Allocating 
 Small   0x000000021a600000 0x000000021a800000 0x000000021a800000 Y/35    Allocating 
 Small   0x000000021aa00000 0x000000021abffff8 0x000000021ac00000 O/8     Relocatable
 Small   0x000000021ba00000 0x000000021bc00000 0x000000021bc00000 Y/35    Allocating 
 Small   0x000000021be00000 0x000000021c000000 0x000000021c000000 Y/35    Allocating 
 Small   0x000000021c200000 0x000000021c3fffe8 0x000000021c400000 O/8     Relocatable
 Small   0x000000021ce00000 0x000000021d000000 0x000000021d000000 Y/35    Allocating 
 Small   0x000000021d800000 0x000000021da00000 0x000000021da00000 Y/35    Allocating 
 Small   0x000000021de00000 0x000000021e000000 0x000000021e000000 Y/35    Allocating 
 Small   0x000000021f000000 0x000000021f1ffff8 0x000000021f200000 O/8     Relocatable
 Small   0x000000021fa00000 0x000000021fc00000 0x000000021fc00000 Y/35    Allocating 
 Small   0x0000000221000000 0x0000000221200000 0x0000000221200000 Y/35    Allocating 
 Small   0x0000000222400000 0x0000000222600000 0x0000000222600000 Y/35    Allocating 
 Small   0x0000000222a00000 0x0000000222bfffb0 0x0000000222c00000 O/12    Relocatable
 Small   0x0000000223000000 0x0000000223200000 0x0000000223200000 Y/35    Allocating 
 Small   0x0000000223a00000 0x0000000223c00000 0x0000000223c00000 Y/35    Allocating 
 Small   0x0000000225200000 0x0000000225400000 0x0000000225400000 Y/35    Allocating 
 Small   0x0000000226800000 0x0000000226a00000 0x0000000226a00000 Y/35    Allocating 
 Small   0x0000000227400000 0x0000000227600000 0x0000000227600000 O/10    Relocatable
 Small   0x0000000227c00000 0x0000000227dfffe0 0x0000000227e00000 O/11    Relocatable
 Small   0x0000000228800000 0x0000000228a00000 0x0000000228a00000 Y/35    Allocating 
 Small   0x0000000228e00000 0x0000000228ffff60 0x0000000229000000 O/8     Relocatable
 Small   0x0000000229000000 0x00000002291ffff8 0x0000000229200000 O/8     Relocatable
 Small   0x0000000229400000 0x00000002295ffff8 0x0000000229600000 O/8     Relocatable
 Small   0x0000000229600000 0x00000002297fffd0 0x0000000229800000 O/8     Relocatable
 Small   0x0000000229800000 0x00000002299e5f98 0x0000000229a00000 O/8     Relocatable
 Small   0x000000022a400000 0x000000022a5ffff0 0x000000022a600000 O/11    Relocatable
 Small   0x000000022a600000 0x000000022a800000 0x000000022a800000 Y/35    Allocating 
 Small   0x000000022b600000 0x000000022b7ffff8 0x000000022b800000 O/9     Relocatable
 Small   0x000000022be00000 0x000000022c000000 0x000000022c000000 Y/35    Allocating 
 Small   0x000000022c800000 0x000000022ca00000 0x000000022ca00000 Y/35    Allocating 
 Small   0x000000022ce00000 0x000000022d000000 0x000000022d000000 Y/35    Allocating 
 Small   0x000000022d200000 0x000000022d400000 0x000000022d400000 Y/35    Allocating 
 Small   0x000000022dc00000 0x000000022ddfffe8 0x000000022de00000 O/10    Relocatable
 Small   0x000000022e200000 0x000000022e400000 0x000000022e400000 Y/35    Allocating 
 Small   0x000000022f400000 0x000000022f600000 0x000000022f600000 O/10    Relocatable
 Small   0x000000022f600000 0x000000022f800000 0x000000022f800000 Y/35    Allocating 
 Small   0x000000022f800000 0x000000022f9fff90 0x000000022fa00000 O/10    Relocatable
 Small   0x000000022fe00000 0x000000022fffffb0 0x0000000230000000 O/10    Relocatable
 Small   0x0000000230400000 0x0000000230600000 0x0000000230600000 Y/35    Allocating 
 Small   0x0000000230a00000 0x0000000230bfffc8 0x0000000230c00000 O/9     Relocatable
 Small   0x0000000230e00000 0x0000000230ffffd8 0x0000000231000000 O/10    Relocatable
 Small   0x0000000231600000 0x00000002317fffc8 0x0000000231800000 O/10    Relocatable
 Small   0x0000000231a00000 0x0000000231c00000 0x0000000231c00000 Y/35    Allocating 
 Small   0x0000000231e00000 0x0000000231fffff0 0x0000000232000000 O/10    Relocatable
 Small   0x0000000232a00000 0x0000000232c00000 0x0000000232c00000 Y/35    Allocating 
 Small   0x0000000232c00000 0x0000000232dfffd8 0x0000000232e00000 O/9     Relocatable
 Small   0x0000000233600000 0x0000000233800000 0x0000000233800000 Y/35    Allocating 
 Small   0x0000000233800000 0x00000002339fffc0 0x0000000233a00000 O/10    Relocatable
 Small   0x0000000233e00000 0x0000000233fffff8 0x0000000234000000 O/9     Relocatable
 Small   0x0000000234800000 0x0000000234a00000 0x0000000234a00000 Y/35    Allocating 
 Small   0x0000000235600000 0x0000000235800000 0x0000000235800000 Y/35    Allocating 
 Small   0x0000000235a00000 0x0000000235c00000 0x0000000235c00000 Y/35    Allocating 
 Small   0x0000000236400000 0x0000000236600000 0x0000000236600000 Y/35    Allocating 
 Small   0x0000000236600000 0x0000000236800000 0x0000000236800000 O/9     Relocatable
 Small   0x0000000237000000 0x00000002371ffff0 0x0000000237200000 O/12    Relocatable
 Small   0x0000000237400000 0x00000002375fffd0 0x0000000237600000 O/10    Relocatable
 Small   0x0000000237800000 0x0000000237a00000 0x0000000237a00000 Y/35    Allocating 
 Small   0x0000000237a00000 0x0000000237bfffe0 0x0000000237c00000 O/9     Relocatable
 Small   0x0000000238000000 0x00000002381ffff8 0x0000000238200000 O/9     Relocatable
 Small   0x0000000238800000 0x0000000238a00000 0x0000000238a00000 Y/35    Allocating 
 Small   0x0000000238c00000 0x0000000238dfffc0 0x0000000238e00000 O/10    Relocatable
 Small   0x0000000238e00000 0x0000000239000000 0x0000000239000000 O/9     Relocatable
 Small   0x0000000239800000 0x0000000239a00000 0x0000000239a00000 Y/35    Allocating 
 Small   0x0000000239e00000 0x0000000239ffffe0 0x000000023a000000 O/10    Relocatable
 Small   0x000000023a000000 0x000000023a1ffff0 0x000000023a200000 O/11    Relocatable
 Small   0x000000023a400000 0x000000023a600000 0x000000023a600000 O/9     Relocatable
 Small   0x000000023a600000 0x000000023a7ffff0 0x000000023a800000 O/9     Relocatable
 Small   0x000000023b000000 0x000000023b200000 0x000000023b200000 O/9     Relocatable
 Small   0x000000023b200000 0x000000023b3fff80 0x000000023b400000 O/10    Relocatable
 Small   0x000000023b400000 0x000000023b600000 0x000000023b600000 Y/35    Allocating 
 Small   0x000000023c200000 0x000000023c3fff78 0x000000023c400000 O/11    Relocatable
 Small   0x000000023c400000 0x000000023c600000 0x000000023c600000 Y/35    Allocating 
 Small   0x000000023cc00000 0x000000023cdffff8 0x000000023ce00000 O/12    Relocatable
 Small   0x000000023ce00000 0x000000023cffffe0 0x000000023d000000 O/9     Relocatable
 Small   0x000000023d200000 0x000000023d3ffff8 0x000000023d400000 O/10    Relocatable
 Small   0x000000023d400000 0x000000023d600000 0x000000023d600000 O/11    Relocatable
 Small   0x000000023d800000 0x000000023da00000 0x000000023da00000 Y/35    Allocating 
 Small   0x000000023de00000 0x000000023dfffff8 0x000000023e000000 O/11    Relocatable
 Small   0x000000023e800000 0x000000023e9ffff8 0x000000023ea00000 O/12    Relocatable
 Small   0x000000023ea00000 0x000000023ec00000 0x000000023ec00000 Y/35    Allocating 
 Small   0x000000023ee00000 0x000000023efffff8 0x000000023f000000 O/9     Relocatable
 Small   0x000000023f600000 0x000000023f7ffff8 0x000000023f800000 O/11    Relocatable
 Small   0x000000023fe00000 0x000000023fffffa8 0x0000000240000000 O/9     Relocatable
 Small   0x0000000240000000 0x0000000240200000 0x0000000240200000 Y/35    Allocating 
 Small   0x0000000240200000 0x0000000240400000 0x0000000240400000 Y/35    Allocating 
 Small   0x0000000240c00000 0x0000000240dfff78 0x0000000240e00000 O/10    Relocatable
 Small   0x0000000241200000 0x0000000241400000 0x0000000241400000 O/9     Relocatable
 Small   0x0000000241600000 0x00000002417ffff8 0x0000000241800000 O/9     Relocatable
 Small   0x0000000241800000 0x00000002419fffe0 0x0000000241a00000 O/9     Relocatable
 Small   0x0000000241a00000 0x0000000241c00000 0x0000000241c00000 Y/35    Allocating 
 Small   0x0000000241c00000 0x0000000241e00000 0x0000000241e00000 O/12    Relocatable
 Small   0x0000000242200000 0x00000002423fffe8 0x0000000242400000 O/9     Relocatable
 Small   0x0000000242600000 0x00000002427ffff8 0x0000000242800000 O/12    Relocatable
 Small   0x0000000242800000 0x0000000242a00000 0x0000000242a00000 Y/35    Allocating 
 Small   0x0000000242a00000 0x0000000242bffff0 0x0000000242c00000 O/9     Relocatable
 Small   0x0000000243000000 0x00000002431ffff8 0x0000000243200000 O/9     Relocatable
 Small   0x0000000243200000 0x00000002433ffff0 0x0000000243400000 O/10    Relocatable
 Small   0x0000000243c00000 0x0000000243e00000 0x0000000243e00000 Y/35    Allocating 
 Small   0x0000000244200000 0x00000002443fffb0 0x0000000244400000 O/10    Relocatable
 Small   0x0000000244400000 0x0000000244600000 0x0000000244600000 O/9     Relocatable
 Small   0x0000000244e00000 0x0000000244fffff0 0x0000000245000000 O/9     Relocatable
 Small   0x0000000245400000 0x0000000245600000 0x0000000245600000 Y/35    Allocating 
 Small   0x0000000245800000 0x00000002459ffff0 0x0000000245a00000 O/9     Relocatable
 Small   0x0000000245c00000 0x0000000245dfffe8 0x0000000245e00000 O/9     Relocatable
 Small   0x0000000246400000 0x0000000246600000 0x0000000246600000 Y/35    Allocating 
 Small   0x0000000247200000 0x0000000247400000 0x0000000247400000 Y/35    Allocating 
 Small   0x0000000248000000 0x0000000248200000 0x0000000248200000 Y/35    Allocating 
 Small   0x0000000248200000 0x00000002483fffe0 0x0000000248400000 O/9     Relocatable
 Small   0x0000000249000000 0x0000000249200000 0x0000000249200000 Y/35    Allocating 
 Small   0x0000000249800000 0x00000002499fffe8 0x0000000249a00000 O/10    Relocatable
 Small   0x0000000249c00000 0x0000000249dfffd8 0x0000000249e00000 O/9     Relocatable
 Small   0x000000024a200000 0x000000024a3fffc0 0x000000024a400000 O/10    Relocatable
 Small   0x000000024a400000 0x000000024a5ffff8 0x000000024a600000 O/10    Relocatable
 Small   0x000000024a600000 0x000000024a800000 0x000000024a800000 Y/35    Allocating 
 Small   0x000000024b200000 0x000000024b3f8920 0x000000024b400000 O/9     Relocatable
 Small   0x000000024b600000 0x000000024b800000 0x000000024b800000 Y/35    Allocating 
 Small   0x000000024bc00000 0x000000024be00000 0x000000024be00000 Y/35    Allocating 
 Small   0x000000024c400000 0x000000024c600000 0x000000024c600000 Y/35    Allocating 
 Small   0x000000024d600000 0x000000024d800000 0x000000024d800000 Y/35    Allocating 
 Small   0x000000024e000000 0x000000024e200000 0x000000024e200000 Y/35    Allocating 
 Small   0x000000024e400000 0x000000024e5fffe0 0x000000024e600000 O/9     Relocatable
 Small   0x000000024e600000 0x000000024e7ffff8 0x000000024e800000 O/10    Relocatable
 Small   0x000000024f200000 0x000000024f400000 0x000000024f400000 Y/35    Allocating 
 Small   0x000000024f400000 0x000000024f5fffc8 0x000000024f600000 O/10    Relocatable
 Small   0x000000024fa00000 0x000000024fc00000 0x000000024fc00000 Y/35    Allocating 
 Small   0x0000000250200000 0x00000002503ffff8 0x0000000250400000 O/10    Relocatable
 Small   0x0000000250400000 0x00000002505ffff0 0x0000000250600000 O/10    Relocatable
 Small   0x0000000250600000 0x0000000250800000 0x0000000250800000 Y/35    Allocating 
 Small   0x0000000250c00000 0x0000000250dffff0 0x0000000250e00000 O/11    Relocatable
 Small   0x0000000250e00000 0x0000000250fffff8 0x0000000251000000 O/9     Relocatable
 Small   0x0000000251400000 0x0000000251600000 0x0000000251600000 Y/35    Allocating 
 Small   0x0000000252400000 0x0000000252600000 0x0000000252600000 Y/35    Allocating 
 Small   0x0000000252e00000 0x0000000252ffffe0 0x0000000253000000 O/10    Relocatable
 Small   0x0000000253200000 0x0000000253400000 0x0000000253400000 Y/35    Allocating 
 Small   0x0000000253800000 0x00000002539fffd8 0x0000000253a00000 O/9     Relocatable
 Small   0x0000000253c00000 0x0000000253e00000 0x0000000253e00000 Y/35    Allocating 
 Small   0x0000000254400000 0x0000000254480000 0x0000000254600000 Y/35    Allocating 
 Small   0x0000000254800000 0x0000000254a00000 0x0000000254a00000 Y/35    Allocating 
 Small   0x0000000254a00000 0x0000000254c00000 0x0000000254c00000 Y/35    Allocating 
 Small   0x0000000255200000 0x00000002553ffff8 0x0000000255400000 O/10    Relocatable
 Small   0x0000000255400000 0x0000000255600000 0x0000000255600000 Y/35    Allocating 
 Small   0x0000000256200000 0x0000000256400000 0x0000000256400000 Y/35    Allocating 
 Small   0x0000000256400000 0x00000002565fffd8 0x0000000256600000 O/9     Relocatable
 Small   0x0000000256800000 0x00000002569fffd8 0x0000000256a00000 O/10    Relocatable
 Small   0x0000000256a00000 0x0000000256bfffd0 0x0000000256c00000 O/9     Relocatable
 Small   0x0000000257200000 0x0000000257400000 0x0000000257400000 Y/35    Allocating 
 Small   0x0000000257600000 0x00000002577ffff8 0x0000000257800000 O/9     Relocatable
 Small   0x0000000257e00000 0x0000000258000000 0x0000000258000000 Y/35    Allocating 
 Small   0x0000000258600000 0x0000000258800000 0x0000000258800000 Y/35    Allocating 
 Small   0x0000000258e00000 0x0000000258ffffb0 0x0000000259000000 O/9     Relocatable
 Small   0x0000000259000000 0x00000002591ffff8 0x0000000259200000 O/9     Relocatable
 Small   0x0000000259400000 0x0000000259600000 0x0000000259600000 Y/35    Allocating 
 Small   0x0000000259a00000 0x0000000259bfffd8 0x0000000259c00000 O/12    Relocatable
 Small   0x0000000259c00000 0x0000000259dffff8 0x0000000259e00000 O/9     Relocatable
 Small   0x000000025a200000 0x000000025a400000 0x000000025a400000 Y/35    Allocating 
 Small   0x000000025a600000 0x000000025a800000 0x000000025a800000 O/9     Relocatable
 Small   0x000000025aa00000 0x000000025abfffc0 0x000000025ac00000 O/9     Relocatable
 Small   0x000000025ac00000 0x000000025ae00000 0x000000025ae00000 O/10    Relocatable
 Small   0x000000025ae00000 0x000000025affff78 0x000000025b000000 O/10    Relocatable
 Small   0x000000025b600000 0x000000025b800000 0x000000025b800000 Y/35    Allocating 
 Small   0x000000025c000000 0x000000025c200000 0x000000025c200000 Y/35    Allocating 
 Small   0x000000025c400000 0x000000025c5fffb8 0x000000025c600000 O/10    Relocatable
 Small   0x000000025cc00000 0x000000025ce00000 0x000000025ce00000 Y/35    Allocating 
 Small   0x000000025ce00000 0x000000025d000000 0x000000025d000000 O/10    Relocatable
 Small   0x000000025d200000 0x000000025d3fffe8 0x000000025d400000 O/9     Relocatable
 Small   0x000000025da00000 0x000000025dc00000 0x000000025dc00000 Y/35    Allocating 
 Small   0x000000025e200000 0x000000025e3fffd8 0x000000025e400000 O/9     Relocatable
 Small   0x000000025e400000 0x000000025e600000 0x000000025e600000 Y/35    Allocating 
 Small   0x000000025e600000 0x000000025e800000 0x000000025e800000 Y/35    Allocating 
 Small   0x000000025f200000 0x000000025f400000 0x000000025f400000 Y/35    Allocating 
 Small   0x000000025f600000 0x000000025f7ffff0 0x000000025f800000 O/9     Relocatable
 Small   0x000000025fe00000 0x000000025fffffe8 0x0000000260000000 O/10    Relocatable
 Small   0x0000000260000000 0x00000002601fff78 0x0000000260200000 O/10    Relocatable
 Small   0x0000000260200000 0x0000000260400000 0x0000000260400000 O/9     Relocatable
 Small   0x0000000260400000 0x0000000260600000 0x0000000260600000 Y/35    Allocating 
 Small   0x0000000260e00000 0x0000000261000000 0x0000000261000000 Y/35    Allocating 
 Small   0x0000000261600000 0x00000002617ffff8 0x0000000261800000 O/9     Relocatable
 Small   0x0000000261a00000 0x0000000261c00000 0x0000000261c00000 Y/35    Allocating 
 Small   0x0000000262200000 0x0000000262400000 0x0000000262400000 Y/35    Allocating 
 Small   0x0000000262600000 0x0000000262800000 0x0000000262800000 Y/35    Allocating 
 Small   0x0000000262800000 0x00000002629fffa0 0x0000000262a00000 O/10    Relocatable
 Small   0x0000000263000000 0x0000000263200000 0x0000000263200000 Y/35    Allocating 
 Small   0x0000000263200000 0x0000000263400000 0x0000000263400000 Y/35    Allocating 
 Small   0x0000000263600000 0x0000000263800000 0x0000000263800000 Y/35    Allocating 
 Small   0x0000000263800000 0x00000002639ffff8 0x0000000263a00000 O/9     Relocatable
 Small   0x0000000263a00000 0x0000000263bfffe8 0x0000000263c00000 O/11    Relocatable
 Small   0x0000000263c00000 0x0000000263e00000 0x0000000263e00000 Y/35    Allocating 
 Small   0x0000000263e00000 0x0000000263e000c0 0x0000000264000000 Y/35    Allocating 
 Small   0x0000000264000000 0x0000000264000060 0x0000000264200000 Y/35    Allocating 
 Small   0x0000000264200000 0x0000000264400000 0x0000000264400000 Y/35    Allocating 
 Small   0x0000000264600000 0x0000000264800000 0x0000000264800000 Y/35    Allocating 
 Small   0x0000000264a00000 0x0000000264bfffa8 0x0000000264c00000 Y/35    Allocating 
 Small   0x0000000264c00000 0x0000000264e00000 0x0000000264e00000 Y/35    Allocating 
 Small   0x0000000265000000 0x00000002651fffc0 0x0000000265200000 O/10    Relocatable
 Small   0x0000000265200000 0x00000002653ffff8 0x0000000265400000 O/11    Relocatable
 Small   0x0000000265800000 0x00000002659ffff8 0x0000000265a00000 O/9     Relocatable
 Small   0x0000000265e00000 0x0000000265fffff8 0x0000000266000000 O/9     Relocatable
 Small   0x0000000266000000 0x0000000266200000 0x0000000266200000 Y/35    Allocating 
 Small   0x0000000266200000 0x0000000266400000 0x0000000266400000 Y/35    Allocating 
 Small   0x0000000266400000 0x0000000266600000 0x0000000266600000 Y/35    Allocating 
 Small   0x0000000266600000 0x0000000266800000 0x0000000266800000 Y/35    Allocating 
 Small   0x0000000266a00000 0x0000000266c00000 0x0000000266c00000 Y/35    Allocating 
 Small   0x0000000266e00000 0x0000000266ffffc8 0x0000000267000000 Y/35    Allocating 
 Small   0x0000000267000000 0x0000000267200000 0x0000000267200000 Y/35    Allocating 
 Small   0x0000000267400000 0x0000000267600000 0x0000000267600000 Y/35    Allocating 
 Small   0x0000000267a00000 0x0000000267c00000 0x0000000267c00000 O/9     Relocatable
 Small   0x0000000267c00000 0x0000000267c02f68 0x0000000267e00000 Y/35    Allocating 
 Small   0x0000000267e00000 0x0000000267fffff8 0x0000000268000000 O/9     Relocatable
 Small   0x0000000268200000 0x0000000268400000 0x0000000268400000 Y/35    Allocating 
 Small   0x0000000268400000 0x0000000268600000 0x0000000268600000 Y/35    Allocating 
 Small   0x0000000268600000 0x00000002687fffd8 0x0000000268800000 O/9     Relocatable
 Small   0x0000000268800000 0x0000000268a00000 0x0000000268a00000 Y/35    Allocating 
 Small   0x0000000268c00000 0x0000000268e00000 0x0000000268e00000 Y/35    Allocating 
 Small   0x0000000269200000 0x0000000269400000 0x0000000269400000 Y/35    Allocating 
 Small   0x0000000269600000 0x0000000269800000 0x0000000269800000 Y/35    Allocating 
 Small   0x0000000269800000 0x00000002699fffd0 0x0000000269a00000 O/9     Relocatable
 Small   0x0000000269c00000 0x0000000269e00000 0x0000000269e00000 Y/35    Allocating 
 Small   0x000000026a000000 0x000000026a200000 0x000000026a200000 Y/35    Allocating 
 Small   0x000000026a400000 0x000000026a5ffff0 0x000000026a600000 O/11    Relocatable
 Small   0x000000026a600000 0x000000026a800000 0x000000026a800000 Y/35    Allocating 
 Small   0x000000026aa00000 0x000000026abfffd8 0x000000026ac00000 O/9     Relocatable
 Small   0x000000026ae00000 0x000000026b000000 0x000000026b000000 Y/35    Allocating 
 Small   0x000000026b200000 0x000000026b400000 0x000000026b400000 Y/35    Allocating 
 Small   0x000000026b400000 0x000000026b5fffe8 0x000000026b600000 O/9     Relocatable
 Small   0x000000026b600000 0x000000026b800000 0x000000026b800000 Y/35    Allocating 
 Small   0x000000026bc00000 0x000000026be00000 0x000000026be00000 O/10    Relocatable
 Small   0x000000026be00000 0x000000026c000000 0x000000026c000000 Y/35    Allocating 
 Small   0x000000026c000000 0x000000026c200000 0x000000026c200000 Y/35    Allocating 
 Small   0x000000026c400000 0x000000026c600000 0x000000026c600000 Y/35    Allocating 
 Small   0x000000026c800000 0x000000026ca00000 0x000000026ca00000 Y/35    Allocating 
 Small   0x000000026ca00000 0x000000026cc00000 0x000000026cc00000 Y/35    Allocating 
 Small   0x000000026d000000 0x000000026d200000 0x000000026d200000 Y/35    Allocating 
 Small   0x000000026d400000 0x000000026d600000 0x000000026d600000 Y/35    Allocating 
 Small   0x000000026d800000 0x000000026da00000 0x000000026da00000 Y/35    Allocating 
 Small   0x000000026da00000 0x000000026dbfffe0 0x000000026dc00000 O/9     Relocatable
 Small   0x000000026de00000 0x000000026dffffe0 0x000000026e000000 O/9     Relocatable
 Small   0x000000026e000000 0x000000026e200000 0x000000026e200000 Y/35    Allocating 
 Small   0x000000026e400000 0x000000026e600000 0x000000026e600000 Y/35    Allocating 
 Small   0x000000026e800000 0x000000026ea00000 0x000000026ea00000 Y/35    Allocating 
 Small   0x000000026ea00000 0x000000026ebfffe0 0x000000026ec00000 O/10    Relocatable
 Small   0x000000026ec00000 0x000000026ecab758 0x000000026ee00000 Y/35    Allocating 
 Small   0x000000026ee00000 0x000000026f000000 0x000000026f000000 Y/35    Allocating 
 Small   0x000000026f200000 0x000000026f400000 0x000000026f400000 Y/35    Allocating 
 Small   0x000000026f800000 0x000000026f9e8488 0x000000026fa00000 O/11    Relocatable
 Small   0x000000026fa00000 0x000000026fc00000 0x000000026fc00000 Y/35    Allocating 
 Small   0x000000026fc00000 0x000000026fdfff78 0x000000026fe00000 O/10    Relocatable
 Small   0x0000000270e00000 0x0000000271000000 0x0000000271000000 O/9     Relocatable
 Small   0x0000000271200000 0x00000002713fffb8 0x0000000271400000 O/9     Relocatable
 Small   0x0000000271600000 0x0000000271800000 0x0000000271800000 Y/35    Allocating 
 Small   0x0000000271800000 0x0000000271a00000 0x0000000271a00000 Y/35    Allocating 
 Small   0x0000000272400000 0x0000000272417548 0x0000000272600000 O/13    Allocating 
 Small   0x0000000272800000 0x0000000272a00000 0x0000000272a00000 Y/35    Allocating 
 Small   0x0000000272e00000 0x0000000272ffffb0 0x0000000273000000 O/9     Relocatable
 Small   0x0000000273400000 0x0000000273600000 0x0000000273600000 O/9     Relocatable
 Small   0x0000000274400000 0x00000002745fffb0 0x0000000274600000 O/10    Relocatable
 Small   0x0000000274c00000 0x0000000274dffff0 0x0000000274e00000 O/9     Relocatable
 Small   0x0000000274e00000 0x0000000274fffff0 0x0000000275000000 O/9     Relocatable
 Small   0x0000000275000000 0x00000002751ffef8 0x0000000275200000 O/11    Relocatable
 Small   0x0000000275600000 0x0000000275800000 0x0000000275800000 Y/35    Allocating 
 Small   0x0000000276800000 0x00000002769fffd0 0x0000000276a00000 O/9     Relocatable
 Small   0x0000000276a00000 0x0000000276bfff80 0x0000000276c00000 O/10    Relocatable
 Small   0x0000000277400000 0x00000002775fffb8 0x0000000277600000 O/10    Relocatable
 Small   0x0000000277600000 0x0000000277800000 0x0000000277800000 Y/35    Allocating 
 Small   0x0000000277a00000 0x0000000277c00000 0x0000000277c00000 Y/35    Allocating 
 Small   0x0000000278000000 0x0000000278200000 0x0000000278200000 Y/35    Allocating 
 Small   0x0000000278200000 0x0000000278200020 0x0000000278400000 Y/35    Allocating 
 Small   0x0000000278a00000 0x0000000278c00000 0x0000000278c00000 Y/35    Allocating 
 Small   0x0000000278e00000 0x0000000278ffffd8 0x0000000279000000 O/10    Relocatable
 Small   0x0000000279200000 0x00000002793fffd0 0x0000000279400000 O/9     Relocatable
 Small   0x0000000279800000 0x0000000279a00000 0x0000000279a00000 O/11    Relocatable
 Small   0x0000000279a00000 0x0000000279c00000 0x0000000279c00000 Y/35    Allocating 
 Small   0x000000027a200000 0x000000027a3fffb8 0x000000027a400000 O/9     Relocatable
 Small   0x000000027a800000 0x000000027aa00000 0x000000027aa00000 Y/35    Allocating 
 Small   0x000000027ae00000 0x000000027b000000 0x000000027b000000 Y/35    Allocating 
 Small   0x000000027b000000 0x000000027b200000 0x000000027b200000 O/10    Relocatable
 Small   0x000000027bc00000 0x000000027be00000 0x000000027be00000 Y/35    Allocating 
 Small   0x000000027c200000 0x000000027c3fffb8 0x000000027c400000 O/10    Relocatable
 Small   0x000000027c400000 0x000000027c5fffd0 0x000000027c600000 O/12    Relocatable
 Small   0x000000027ca00000 0x000000027cbfffe0 0x000000027cc00000 O/10    Relocatable
 Small   0x000000027cc00000 0x000000027cdfffe8 0x000000027ce00000 O/10    Relocatable
 Small   0x000000027d000000 0x000000027d200000 0x000000027d200000 Y/35    Allocating 
 Small   0x000000027d200000 0x000000027d3ff520 0x000000027d400000 O/9     Relocatable
 Small   0x000000027d400000 0x000000027d5ffff8 0x000000027d600000 O/10    Relocatable
 Small   0x000000027da00000 0x000000027dc00000 0x000000027dc00000 Y/35    Allocating 
 Small   0x000000027e600000 0x000000027e800000 0x000000027e800000 Y/35    Allocating 
 Small   0x000000027ee00000 0x000000027effffe8 0x000000027f000000 O/9     Relocatable
 Small   0x000000027f000000 0x000000027f1fffb8 0x000000027f200000 O/10    Relocatable
 Small   0x000000027f800000 0x000000027fa00000 0x000000027fa00000 Y/35    Allocating 
 Small   0x000000027fc00000 0x000000027fdfffd0 0x000000027fe00000 O/9     Relocatable
 Small   0x000000027fe00000 0x000000027ffffff8 0x0000000280000000 O/10    Relocatable
 Small   0x0000000280800000 0x0000000280a00000 0x0000000280a00000 Y/35    Allocating 
 Small   0x0000000281200000 0x0000000281400000 0x0000000281400000 O/10    Relocatable
 Small   0x0000000281600000 0x00000002817ffff8 0x0000000281800000 O/9     Relocatable
 Small   0x0000000281800000 0x00000002819fffc8 0x0000000281a00000 O/10    Relocatable
 Small   0x0000000281c00000 0x0000000281e00000 0x0000000281e00000 Y/35    Allocating 
 Small   0x0000000281e00000 0x0000000282000000 0x0000000282000000 O/9     Relocatable
 Small   0x0000000282c00000 0x0000000282e00000 0x0000000282e00000 Y/35    Allocating 
 Small   0x0000000282e00000 0x0000000282ffffc0 0x0000000283000000 O/9     Relocatable
 Small   0x0000000283000000 0x0000000283200000 0x0000000283200000 O/9     Relocatable
 Small   0x0000000283200000 0x0000000283400000 0x0000000283400000 O/9     Relocatable
 Small   0x0000000283400000 0x00000002835fffe0 0x0000000283600000 O/9     Relocatable
 Small   0x0000000284000000 0x0000000284200000 0x0000000284200000 Y/35    Allocating 
 Small   0x0000000284800000 0x0000000284a00000 0x0000000284a00000 Y/35    Allocating 
 Small   0x0000000284a00000 0x0000000284bffff8 0x0000000284c00000 O/9     Relocatable
 Small   0x0000000284c00000 0x0000000284dfff98 0x0000000284e00000 O/11    Relocatable
 Small   0x0000000285200000 0x0000000285400000 0x0000000285400000 Y/35    Allocating 
 Small   0x0000000285400000 0x0000000285600000 0x0000000285600000 O/10    Relocatable
 Small   0x0000000285a00000 0x0000000285c00000 0x0000000285c00000 Y/35    Allocating 
 Small   0x0000000285c00000 0x0000000285dfffc8 0x0000000285e00000 O/10    Relocatable
 Small   0x0000000285e00000 0x0000000285ffffc0 0x0000000286000000 O/11    Relocatable
 Small   0x0000000286200000 0x0000000286400000 0x0000000286400000 Y/35    Allocating 
 Small   0x0000000286400000 0x00000002865fffe0 0x0000000286600000 O/11    Relocatable
 Small   0x0000000286c00000 0x0000000286e00000 0x0000000286e00000 Y/35    Allocating 
 Small   0x0000000287800000 0x0000000287a00000 0x0000000287a00000 O/9     Relocatable
 Small   0x0000000287c00000 0x0000000287e00000 0x0000000287e00000 Y/35    Allocating 
 Small   0x0000000287e00000 0x0000000287ffffc8 0x0000000288000000 O/10    Relocatable
 Small   0x0000000288a00000 0x0000000288bffff0 0x0000000288c00000 O/10    Relocatable
 Small   0x0000000288c00000 0x0000000288e00000 0x0000000288e00000 Y/35    Allocating 
 Small   0x0000000289000000 0x00000002891ffff0 0x0000000289200000 O/9     Relocatable
 Small   0x0000000289400000 0x00000002895ffff0 0x0000000289600000 O/9     Relocatable
 Small   0x0000000289c00000 0x0000000289dfffb8 0x0000000289e00000 O/9     Relocatable
 Small   0x000000028a200000 0x000000028a400000 0x000000028a400000 Y/35    Allocating 
 Small   0x000000028a600000 0x000000028a800000 0x000000028a800000 O/11    Relocatable
 Small   0x000000028ac00000 0x000000028ae00000 0x000000028ae00000 Y/35    Allocating 
 Small   0x000000028b800000 0x000000028b9ffff8 0x000000028ba00000 O/9     Relocatable
 Small   0x000000028ba00000 0x000000028bc00000 0x000000028bc00000 Y/35    Allocating 
 Small   0x000000028bc00000 0x000000028bdfff78 0x000000028be00000 O/10    Relocatable
 Small   0x000000028c000000 0x000000028c1fffe0 0x000000028c200000 O/10    Relocatable
 Small   0x000000028c200000 0x000000028c400000 0x000000028c400000 O/9     Relocatable
 Small   0x000000028ca00000 0x000000028cbfff78 0x000000028cc00000 O/10    Relocatable
 Small   0x000000028ce00000 0x000000028d000000 0x000000028d000000 Y/35    Allocating 
 Small   0x000000028d600000 0x000000028d7ffff0 0x000000028d800000 O/13    Allocating 
 Small   0x000000028dc00000 0x000000028de00000 0x000000028de00000 Y/35    Allocating 
 Small   0x000000028ec00000 0x000000028edfffe0 0x000000028ee00000 O/10    Relocatable
 Small   0x000000028ee00000 0x000000028f000000 0x000000028f000000 Y/35    Allocating 
 Small   0x000000028f400000 0x000000028f600000 0x000000028f600000 Y/35    Allocating 
 Small   0x000000028fc00000 0x000000028fe00000 0x000000028fe00000 Y/35    Allocating 
 Small   0x0000000290200000 0x0000000290400000 0x0000000290400000 Y/35    Allocating 
 Small   0x0000000290e00000 0x0000000291000000 0x0000000291000000 Y/35    Allocating 
 Small   0x0000000291c00000 0x0000000291e00000 0x0000000291e00000 Y/35    Allocating 
 Small   0x0000000291e00000 0x0000000291fffff8 0x0000000292000000 O/10    Relocatable
 Small   0x0000000292600000 0x00000002927fffc8 0x0000000292800000 O/10    Relocatable
 Small   0x0000000292c00000 0x0000000292e00000 0x0000000292e00000 Y/35    Allocating 
 Small   0x0000000293a00000 0x0000000293c00000 0x0000000293c00000 Y/35    Allocating 
 Small   0x0000000294000000 0x0000000294200000 0x0000000294200000 Y/35    Allocating 
 Small   0x0000000294600000 0x0000000294800000 0x0000000294800000 Y/35    Allocating 
 Small   0x0000000295200000 0x0000000295400000 0x0000000295400000 Y/35    Allocating 
 Small   0x0000000295a00000 0x0000000295c00000 0x0000000295c00000 Y/35    Allocating 
 Small   0x0000000296a00000 0x0000000296c00000 0x0000000296c00000 Y/35    Allocating 
 Small   0x0000000297400000 0x0000000297600000 0x0000000297600000 Y/35    Allocating 
 Small   0x0000000297600000 0x00000002977fffe0 0x0000000297800000 O/10    Relocatable
 Small   0x0000000297800000 0x0000000297a00000 0x0000000297a00000 Y/35    Allocating 
 Small   0x0000000297c00000 0x0000000297dffff8 0x0000000297e00000 O/10    Relocatable
 Small   0x0000000298000000 0x00000002981fffc8 0x0000000298200000 O/10    Relocatable
 Small   0x0000000298a00000 0x0000000298c00000 0x0000000298c00000 Y/35    Allocating 
 Small   0x0000000298c00000 0x0000000298dffff0 0x0000000298e00000 O/9     Relocatable
 Small   0x0000000299800000 0x0000000299a00000 0x0000000299a00000 Y/35    Allocating 
 Small   0x0000000299c00000 0x0000000299dfff98 0x0000000299e00000 O/10    Relocatable
 Small   0x000000029a200000 0x000000029a400000 0x000000029a400000 Y/35    Allocating 
 Small   0x000000029a600000 0x000000029a7fff98 0x000000029a800000 O/10    Relocatable
 Small   0x000000029ac00000 0x000000029adfffc8 0x000000029ae00000 O/12    Relocatable
 Small   0x000000029b200000 0x000000029b400000 0x000000029b400000 Y/35    Allocating 
 Small   0x000000029be00000 0x000000029c000000 0x000000029c000000 Y/35    Allocating 
 Small   0x000000029ca00000 0x000000029cc00000 0x000000029cc00000 Y/35    Allocating 
 Small   0x000000029ce00000 0x000000029cfffce8 0x000000029d000000 O/10    Relocatable
 Small   0x000000029d200000 0x000000029d3fffb0 0x000000029d400000 O/10    Relocatable
 Small   0x000000029d400000 0x000000029d5fffb8 0x000000029d600000 O/9     Relocatable
 Small   0x000000029de00000 0x000000029e000000 0x000000029e000000 Y/35    Allocating 
 Small   0x000000029e000000 0x000000029e1fffd0 0x000000029e200000 O/10    Relocatable
 Small   0x000000029ea00000 0x000000029ebffe78 0x000000029ec00000 O/9     Relocatable
 Small   0x000000029f000000 0x000000029f200000 0x000000029f200000 Y/35    Allocating 
 Small   0x000000029f600000 0x000000029f800000 0x000000029f800000 Y/35    Allocating 
 Small   0x00000002a0200000 0x00000002a0400000 0x00000002a0400000 Y/35    Allocating 
 Small   0x00000002a0e00000 0x00000002a1000000 0x00000002a1000000 Y/35    Allocating 
 Small   0x00000002a1400000 0x00000002a1600000 0x00000002a1600000 Y/35    Allocating 
 Small   0x00000002a1c00000 0x00000002a1e00000 0x00000002a1e00000 Y/35    Allocating 
 Small   0x00000002a1e00000 0x00000002a1ffffe0 0x00000002a2000000 O/10    Relocatable
 Small   0x00000002a2a00000 0x00000002a2bffff8 0x00000002a2c00000 O/12    Relocatable
 Small   0x00000002a2e00000 0x00000002a3000000 0x00000002a3000000 Y/35    Allocating 
 Small   0x00000002a3000000 0x00000002a31ffff0 0x00000002a3200000 O/9     Relocatable
 Small   0x00000002a3600000 0x00000002a37fffe8 0x00000002a3800000 O/9     Relocatable
 Small   0x00000002a3e00000 0x00000002a3ffffe8 0x00000002a4000000 O/10    Relocatable
 Small   0x00000002a4200000 0x00000002a4400000 0x00000002a4400000 Y/35    Allocating 
 Small   0x00000002a4a00000 0x00000002a4c00000 0x00000002a4c00000 Y/35    Allocating 
 Small   0x00000002a5000000 0x00000002a51fffe8 0x00000002a5200000 O/9     Relocatable
 Small   0x00000002a5200000 0x00000002a53fff80 0x00000002a5400000 O/10    Relocatable
 Small   0x00000002a5400000 0x00000002a55ffff8 0x00000002a5600000 O/9     Relocatable
 Small   0x00000002a5c00000 0x00000002a5e00000 0x00000002a5e00000 Y/35    Allocating 
 Small   0x00000002a6800000 0x00000002a6a00000 0x00000002a6a00000 Y/35    Allocating 
 Small   0x00000002a6e00000 0x00000002a6ffff20 0x00000002a7000000 O/10    Relocatable
 Small   0x00000002a7a00000 0x00000002a7bffff8 0x00000002a7c00000 O/10    Relocatable
 Small   0x00000002a7e00000 0x00000002a8000000 0x00000002a8000000 Y/35    Allocating 
 Small   0x00000002a8200000 0x00000002a83fffd0 0x00000002a8400000 O/9     Relocatable
 Small   0x00000002a8c00000 0x00000002a8e00000 0x00000002a8e00000 Y/35    Allocating 
 Small   0x00000002a9200000 0x00000002a93ffff8 0x00000002a9400000 O/10    Relocatable
 Small   0x00000002a9400000 0x00000002a9600000 0x00000002a9600000 Y/35    Allocating 
 Small   0x00000002a9800000 0x00000002a99fffd0 0x00000002a9a00000 O/10    Relocatable
 Small   0x00000002a9a00000 0x00000002a9bfffd0 0x00000002a9c00000 O/10    Relocatable
 Small   0x00000002a9c00000 0x00000002a9dfffc8 0x00000002a9e00000 O/10    Relocatable
 Small   0x00000002a9e00000 0x00000002aa000000 0x00000002aa000000 Y/35    Allocating 
 Small   0x00000002aa000000 0x00000002aa200000 0x00000002aa200000 Y/35    Allocating 
 Small   0x00000002aa600000 0x00000002aa800000 0x00000002aa800000 Y/35    Allocating 
 Small   0x00000002aac00000 0x00000002aae00000 0x00000002aae00000 O/9     Relocatable
 Small   0x00000002ab400000 0x00000002ab600000 0x00000002ab600000 Y/35    Allocating 
 Small   0x00000002ac200000 0x00000002ac400000 0x00000002ac400000 Y/35    Allocating 
 Small   0x00000002ac800000 0x00000002ac9fffe8 0x00000002aca00000 O/10    Relocatable
 Small   0x00000002aca00000 0x00000002aca80000 0x00000002acc00000 Y/35    Allocating 
 Small   0x00000002acc00000 0x00000002acdffff0 0x00000002ace00000 O/10    Relocatable
 Small   0x00000002ace00000 0x00000002acffffa8 0x00000002ad000000 O/11    Relocatable
 Small   0x00000002ad000000 0x00000002ad200000 0x00000002ad200000 Y/35    Allocating 
 Small   0x00000002ad200000 0x00000002ad3ffff8 0x00000002ad400000 O/10    Relocatable
 Small   0x00000002ad400000 0x00000002ad600000 0x00000002ad600000 Y/35    Allocating 
 Small   0x00000002ad600000 0x00000002ad800000 0x00000002ad800000 Y/35    Allocating 
 Small   0x00000002ad800000 0x00000002ada00000 0x00000002ada00000 Y/35    Allocating 
 Small   0x00000002ada00000 0x00000002adc00000 0x00000002adc00000 Y/35    Allocating 
 Small   0x00000002adc00000 0x00000002ade00000 0x00000002ade00000 Y/35    Allocating 
 Small   0x00000002ade00000 0x00000002ae000000 0x00000002ae000000 Y/35    Allocating 
 Small   0x00000002ae000000 0x00000002ae200000 0x00000002ae200000 O/9     Relocatable
 Small   0x00000002ae200000 0x00000002ae2c0000 0x00000002ae400000 Y/35    Allocating 
 Small   0x00000002ae400000 0x00000002ae600000 0x00000002ae600000 Y/35    Allocating 
 Small   0x00000002ae600000 0x00000002ae800000 0x00000002ae800000 Y/35    Allocating 
 Small   0x00000002ae800000 0x00000002aea00000 0x00000002aea00000 Y/35    Allocating 
 Small   0x00000002aea00000 0x00000002aec00000 0x00000002aec00000 Y/35    Allocating 
 Small   0x00000002aec00000 0x00000002aee00000 0x00000002aee00000 Y/35    Allocating 
 Small   0x00000002aee00000 0x00000002af000000 0x00000002af000000 Y/35    Allocating 
 Small   0x00000002af000000 0x00000002af200000 0x00000002af200000 Y/35    Allocating 
 Small   0x00000002af200000 0x00000002af400000 0x00000002af400000 Y/35    Allocating 
 Small   0x00000002af400000 0x00000002af600000 0x00000002af600000 Y/35    Allocating 
 Small   0x00000002af600000 0x00000002af640000 0x00000002af800000 Y/35    Allocating 
 Small   0x00000002af800000 0x00000002af880000 0x00000002afa00000 Y/35    Allocating 
 Small   0x00000002afa00000 0x00000002afc00000 0x00000002afc00000 Y/35    Allocating 
 Small   0x00000002afc00000 0x00000002afe00000 0x00000002afe00000 Y/35    Allocating 
 Small   0x00000002afe00000 0x00000002afffff90 0x00000002b0000000 O/10    Relocatable
 Small   0x00000002b0000000 0x00000002b0200000 0x00000002b0200000 Y/35    Allocating 
 Small   0x00000002b0200000 0x00000002b03fffb8 0x00000002b0400000 O/10    Relocatable
 Small   0x00000002b0400000 0x00000002b0600000 0x00000002b0600000 Y/35    Allocating 
 Small   0x00000002b0600000 0x00000002b0800000 0x00000002b0800000 Y/35    Allocating 
 Small   0x00000002b0800000 0x00000002b0a00000 0x00000002b0a00000 Y/35    Allocating 
 Small   0x00000002b0a00000 0x00000002b0c00000 0x00000002b0c00000 Y/35    Allocating 
 Small   0x00000002b0c00000 0x00000002b0dffff0 0x00000002b0e00000 O/9     Relocatable
 Small   0x00000002b0e00000 0x00000002b1000000 0x00000002b1000000 Y/35    Allocating 
 Small   0x00000002b1000000 0x00000002b1200000 0x00000002b1200000 Y/35    Allocating 
 Small   0x00000002b1200000 0x00000002b1400000 0x00000002b1400000 Y/35    Allocating 
 Small   0x00000002b1400000 0x00000002b1600000 0x00000002b1600000 Y/35    Allocating 
 Small   0x00000002b1600000 0x00000002b1800000 0x00000002b1800000 Y/35    Allocating 
 Small   0x00000002b1800000 0x00000002b1a00000 0x00000002b1a00000 Y/35    Allocating 
 Small   0x00000002b1a00000 0x00000002b1c00000 0x00000002b1c00000 Y/35    Allocating 
 Small   0x00000002b1c00000 0x00000002b1e00000 0x00000002b1e00000 Y/35    Allocating 
 Small   0x00000002b1e00000 0x00000002b2000000 0x00000002b2000000 Y/35    Allocating 
 Small   0x00000002b2000000 0x00000002b2200000 0x00000002b2200000 Y/35    Allocating 
 Small   0x00000002b2200000 0x00000002b2400000 0x00000002b2400000 Y/35    Allocating 
 Small   0x00000002b2400000 0x00000002b2600000 0x00000002b2600000 Y/35    Allocating 
 Small   0x00000002b2600000 0x00000002b2800000 0x00000002b2800000 Y/35    Allocating 
 Small   0x00000002b2800000 0x00000002b2a00000 0x00000002b2a00000 Y/35    Allocating 
 Small   0x00000002b2a00000 0x00000002b2c00000 0x00000002b2c00000 Y/35    Allocating 
 Small   0x00000002b2c00000 0x00000002b2dfffe8 0x00000002b2e00000 O/10    Relocatable
 Small   0x00000002b2e00000 0x00000002b3000000 0x00000002b3000000 Y/35    Allocating 
 Small   0x00000002b3000000 0x00000002b3200000 0x00000002b3200000 O/10    Relocatable
 Small   0x00000002b3200000 0x00000002b3400000 0x00000002b3400000 Y/35    Allocating 
 Small   0x00000002b3400000 0x00000002b3600000 0x00000002b3600000 Y/35    Allocating 
 Small   0x00000002b3600000 0x00000002b37fff98 0x00000002b3800000 O/9     Relocatable
 Small   0x00000002b3800000 0x00000002b3a00000 0x00000002b3a00000 Y/35    Allocating 
 Small   0x00000002b3a00000 0x00000002b3bfffd8 0x00000002b3c00000 O/10    Relocatable
 Small   0x00000002b3c00000 0x00000002b3e00000 0x00000002b3e00000 Y/35    Allocating 
 Small   0x00000002b3e00000 0x00000002b4000000 0x00000002b4000000 Y/35    Allocating 
 Small   0x00000002b4000000 0x00000002b4200000 0x00000002b4200000 Y/35    Allocating 
 Small   0x00000002b4200000 0x00000002b4400000 0x00000002b4400000 Y/35    Allocating 
 Small   0x00000002b4400000 0x00000002b4600000 0x00000002b4600000 Y/35    Allocating 
 Small   0x00000002b4600000 0x00000002b4800000 0x00000002b4800000 Y/35    Allocating 
 Small   0x00000002b4800000 0x00000002b4a00000 0x00000002b4a00000 Y/35    Allocating 
 Small   0x00000002b4a00000 0x00000002b4c00000 0x00000002b4c00000 Y/35    Allocating 
 Small   0x00000002b4c00000 0x00000002b4e00000 0x00000002b4e00000 Y/35    Allocating 
 Small   0x00000002b4e00000 0x00000002b5000000 0x00000002b5000000 Y/35    Allocating 
 Small   0x00000002b5000000 0x00000002b5200000 0x00000002b5200000 Y/35    Allocating 
 Small   0x00000002b5200000 0x00000002b5400000 0x00000002b5400000 Y/35    Allocating 
 Small   0x00000002b5400000 0x00000002b5600000 0x00000002b5600000 Y/35    Allocating 
 Small   0x00000002b5600000 0x00000002b5800000 0x00000002b5800000 Y/35    Allocating 
 Small   0x00000002b5800000 0x00000002b5a00000 0x00000002b5a00000 Y/35    Allocating 
 Small   0x00000002b5a00000 0x00000002b5c00000 0x00000002b5c00000 Y/35    Allocating 
 Small   0x00000002b5c00000 0x00000002b5dfffe8 0x00000002b5e00000 O/9     Relocatable
 Small   0x00000002b5e00000 0x00000002b6000000 0x00000002b6000000 Y/35    Allocating 
 Small   0x00000002b6000000 0x00000002b6200000 0x00000002b6200000 Y/35    Allocating 
 Small   0x00000002b6200000 0x00000002b6400000 0x00000002b6400000 Y/35    Allocating 
 Small   0x00000002b6400000 0x00000002b6600000 0x00000002b6600000 Y/35    Allocating 
 Small   0x00000002b6600000 0x00000002b6800000 0x00000002b6800000 Y/35    Allocating 
 Small   0x00000002b6800000 0x00000002b6a00000 0x00000002b6a00000 Y/35    Allocating 
 Small   0x00000002b6a00000 0x00000002b6c00000 0x00000002b6c00000 Y/35    Allocating 
 Small   0x00000002b6c00000 0x00000002b6e00000 0x00000002b6e00000 Y/35    Allocating 
 Small   0x00000002b6e00000 0x00000002b7000000 0x00000002b7000000 Y/35    Allocating 
 Small   0x00000002b7000000 0x00000002b7200000 0x00000002b7200000 Y/35    Allocating 
 Small   0x00000002b7200000 0x00000002b7400000 0x00000002b7400000 Y/35    Allocating 
 Small   0x00000002b7400000 0x00000002b75ffff8 0x00000002b7600000 O/9     Relocatable
 Small   0x00000002b7600000 0x00000002b7800000 0x00000002b7800000 Y/35    Allocating 
 Small   0x00000002b7800000 0x00000002b7a00000 0x00000002b7a00000 O/10    Relocatable
 Small   0x00000002b7a00000 0x00000002b7c00000 0x00000002b7c00000 Y/35    Allocating 
 Small   0x00000002b7c00000 0x00000002b7dfffc8 0x00000002b7e00000 O/10    Relocatable
 Small   0x00000002b7e00000 0x00000002b8000000 0x00000002b8000000 Y/35    Allocating 
 Small   0x00000002b8000000 0x00000002b8200000 0x00000002b8200000 Y/35    Allocating 
 Small   0x00000002b8200000 0x00000002b8400000 0x00000002b8400000 Y/35    Allocating 
 Small   0x00000002b8400000 0x00000002b8600000 0x00000002b8600000 Y/35    Allocating 
 Small   0x00000002b8600000 0x00000002b8800000 0x00000002b8800000 Y/35    Allocating 
 Small   0x00000002b8800000 0x00000002b8a00000 0x00000002b8a00000 Y/35    Allocating 
 Small   0x00000002b8a00000 0x00000002b8c00000 0x00000002b8c00000 O/10    Relocatable
 Small   0x00000002b8c00000 0x00000002b8e00000 0x00000002b8e00000 Y/35    Allocating 
 Small   0x00000002b8e00000 0x00000002b9000000 0x00000002b9000000 Y/35    Allocating 
 Small   0x00000002b9000000 0x00000002b9200000 0x00000002b9200000 Y/35    Allocating 
 Small   0x00000002b9200000 0x00000002b9400000 0x00000002b9400000 Y/35    Allocating 
 Small   0x00000002b9400000 0x00000002b9600000 0x00000002b9600000 Y/35    Allocating 
 Small   0x00000002b9600000 0x00000002b9800000 0x00000002b9800000 Y/35    Allocating 
 Small   0x00000002b9800000 0x00000002b99ffff8 0x00000002b9a00000 O/9     Relocatable
 Small   0x00000002b9a00000 0x00000002b9bfffe0 0x00000002b9c00000 O/9     Relocatable
 Small   0x00000002b9c00000 0x00000002b9e00000 0x00000002b9e00000 Y/35    Allocating 
 Small   0x00000002b9e00000 0x00000002ba000000 0x00000002ba000000 Y/35    Allocating 
 Small   0x00000002ba000000 0x00000002ba200000 0x00000002ba200000 Y/35    Allocating 
 Small   0x00000002ba200000 0x00000002ba400000 0x00000002ba400000 Y/35    Allocating 
 Small   0x00000002ba400000 0x00000002ba5ffff8 0x00000002ba600000 O/9     Relocatable
 Small   0x00000002ba600000 0x00000002ba7ffff8 0x00000002ba800000 O/9     Relocatable
 Small   0x00000002ba800000 0x00000002baa00000 0x00000002baa00000 Y/35    Allocating 
 Small   0x00000002baa00000 0x00000002babfffc8 0x00000002bac00000 O/10    Relocatable
 Small   0x00000002bac00000 0x00000002bae00000 0x00000002bae00000 Y/35    Allocating 
 Small   0x00000002bae00000 0x00000002bb000000 0x00000002bb000000 O/11    Relocatable
 Small   0x00000002bb000000 0x00000002bb200000 0x00000002bb200000 Y/35    Allocating 
 Small   0x00000002bb200000 0x00000002bb400000 0x00000002bb400000 O/9     Relocatable
 Small   0x00000002bb400000 0x00000002bb600000 0x00000002bb600000 Y/35    Allocating 
 Small   0x00000002bb600000 0x00000002bb800000 0x00000002bb800000 Y/35    Allocating 
 Small   0x00000002bb800000 0x00000002bba00000 0x00000002bba00000 O/12    Relocatable
 Small   0x00000002bba00000 0x00000002bbc00000 0x00000002bbc00000 Y/35    Allocating 
 Small   0x00000002bbc00000 0x00000002bbe00000 0x00000002bbe00000 Y/35    Allocating 
 Small   0x00000002bbe00000 0x00000002bc000000 0x00000002bc000000 Y/35    Allocating 
 Small   0x00000002bc000000 0x00000002bc200000 0x00000002bc200000 Y/35    Allocating 
 Small   0x00000002bc200000 0x00000002bc400000 0x00000002bc400000 Y/35    Allocating 
 Small   0x00000002bc400000 0x00000002bc600000 0x00000002bc600000 Y/35    Allocating 
 Small   0x00000002bc600000 0x00000002bc800000 0x00000002bc800000 Y/35    Allocating 
 Small   0x00000002bc800000 0x00000002bca00000 0x00000002bca00000 Y/35    Allocating 
 Small   0x00000002bca00000 0x00000002bcc00000 0x00000002bcc00000 Y/35    Allocating 
 Small   0x00000002bcc00000 0x00000002bce00000 0x00000002bce00000 Y/35    Allocating 
 Small   0x00000002bce00000 0x00000002bd000000 0x00000002bd000000 Y/35    Allocating 
 Small   0x00000002bd000000 0x00000002bd1fffe8 0x00000002bd200000 O/11    Relocatable
 Small   0x00000002bd200000 0x00000002bd3fff88 0x00000002bd400000 O/10    Relocatable
 Small   0x00000002bd400000 0x00000002bd5ffff0 0x00000002bd600000 O/10    Relocatable
 Small   0x00000002bd600000 0x00000002bd800000 0x00000002bd800000 Y/35    Allocating 
 Small   0x00000002bd800000 0x00000002bda00000 0x00000002bda00000 Y/35    Allocating 
 Small   0x00000002bda00000 0x00000002bdc00000 0x00000002bdc00000 Y/35    Allocating 
 Small   0x00000002bdc00000 0x00000002bddffff8 0x00000002bde00000 O/10    Relocatable
 Small   0x00000002bde00000 0x00000002be000000 0x00000002be000000 Y/35    Allocating 
 Small   0x00000002be000000 0x00000002be200000 0x00000002be200000 Y/35    Allocating 
 Small   0x00000002be200000 0x00000002be400000 0x00000002be400000 Y/35    Allocating 
 Small   0x00000002be400000 0x00000002be600000 0x00000002be600000 Y/35    Allocating 
 Small   0x00000002be600000 0x00000002be800000 0x00000002be800000 Y/35    Allocating 
 Small   0x00000002be800000 0x00000002bea00000 0x00000002bea00000 Y/35    Allocating 
 Small   0x00000002bea00000 0x00000002bec00000 0x00000002bec00000 Y/35    Allocating 
 Small   0x00000002bec00000 0x00000002bee00000 0x00000002bee00000 Y/35    Allocating 
 Small   0x00000002bee00000 0x00000002bf000000 0x00000002bf000000 Y/35    Allocating 
 Small   0x00000002bf000000 0x00000002bf200000 0x00000002bf200000 Y/35    Allocating 
 Small   0x00000002bf200000 0x00000002bf400000 0x00000002bf400000 Y/35    Allocating 
 Small   0x00000002bf400000 0x00000002bf600000 0x00000002bf600000 Y/35    Allocating 
 Small   0x00000002bf600000 0x00000002bf800000 0x00000002bf800000 Y/35    Allocating 
 Small   0x00000002bf800000 0x00000002bfa00000 0x00000002bfa00000 Y/35    Allocating 
 Small   0x00000002bfa00000 0x00000002bfc00000 0x00000002bfc00000 Y/35    Allocating 
 Small   0x00000002bfc00000 0x00000002bfe00000 0x00000002bfe00000 Y/35    Allocating 
 Small   0x00000002bfe00000 0x00000002c0000000 0x00000002c0000000 Y/35    Allocating 
 Small   0x00000002c0000000 0x00000002c0200000 0x00000002c0200000 Y/35    Allocating 
 Small   0x00000002c0200000 0x00000002c0400000 0x00000002c0400000 Y/35    Allocating 
 Small   0x00000002c0400000 0x00000002c0600000 0x00000002c0600000 Y/35    Allocating 
 Small   0x00000002c0600000 0x00000002c0800000 0x00000002c0800000 Y/35    Allocating 
 Small   0x00000002c0800000 0x00000002c0a00000 0x00000002c0a00000 Y/35    Allocating 
 Small   0x00000002c0a00000 0x00000002c0c00000 0x00000002c0c00000 Y/35    Allocating 
 Small   0x00000002c0c00000 0x00000002c0e00000 0x00000002c0e00000 Y/35    Allocating 
 Small   0x00000002c0e00000 0x00000002c1000000 0x00000002c1000000 Y/35    Allocating 
 Small   0x00000002c1000000 0x00000002c1200000 0x00000002c1200000 Y/35    Allocating 
 Small   0x00000002c1200000 0x00000002c13ffff8 0x00000002c1400000 O/9     Relocatable
 Small   0x00000002c1400000 0x00000002c1600000 0x00000002c1600000 Y/35    Allocating 
 Small   0x00000002c1600000 0x00000002c1800000 0x00000002c1800000 Y/35    Allocating 
 Small   0x00000002c1800000 0x00000002c1a00000 0x00000002c1a00000 Y/35    Allocating 
 Small   0x00000002c1a00000 0x00000002c1c00000 0x00000002c1c00000 Y/35    Allocating 
 Small   0x00000002c1c00000 0x00000002c1e00000 0x00000002c1e00000 Y/35    Allocating 
 Small   0x00000002c1e00000 0x00000002c2000000 0x00000002c2000000 Y/35    Allocating 
 Small   0x00000002c2000000 0x00000002c2200000 0x00000002c2200000 Y/35    Allocating 
 Small   0x00000002c2200000 0x00000002c2400000 0x00000002c2400000 Y/35    Allocating 
 Small   0x00000002c2400000 0x00000002c25fff90 0x00000002c2600000 O/10    Relocatable
 Small   0x00000002c2600000 0x00000002c2800000 0x00000002c2800000 O/10    Relocatable
 Small   0x00000002c2800000 0x00000002c2a00000 0x00000002c2a00000 Y/35    Allocating 
 Small   0x00000002c2a00000 0x00000002c2c00000 0x00000002c2c00000 Y/35    Allocating 
 Small   0x00000002c2c00000 0x00000002c2e00000 0x00000002c2e00000 Y/35    Allocating 
 Small   0x00000002c2e00000 0x00000002c3000000 0x00000002c3000000 Y/35    Allocating 
 Small   0x00000002c3000000 0x00000002c3200000 0x00000002c3200000 Y/35    Allocating 
 Small   0x00000002c3200000 0x00000002c3400000 0x00000002c3400000 Y/35    Allocating 
 Small   0x00000002c3400000 0x00000002c3600000 0x00000002c3600000 Y/35    Allocating 
 Small   0x00000002c3600000 0x00000002c3800000 0x00000002c3800000 Y/35    Allocating 
 Small   0x00000002c3800000 0x00000002c3a00000 0x00000002c3a00000 Y/35    Allocating 
 Small   0x00000002c3a00000 0x00000002c3c00000 0x00000002c3c00000 Y/35    Allocating 
 Small   0x00000002c3c00000 0x00000002c3e00000 0x00000002c3e00000 Y/35    Allocating 
 Small   0x00000002c3e00000 0x00000002c4000000 0x00000002c4000000 Y/35    Allocating 
 Small   0x00000002c4000000 0x00000002c4200000 0x00000002c4200000 Y/35    Allocating 
 Small   0x00000002c4200000 0x00000002c43ffff8 0x00000002c4400000 O/12    Relocatable
 Small   0x00000002c4400000 0x00000002c4600000 0x00000002c4600000 Y/35    Allocating 
 Small   0x00000002c4600000 0x00000002c4800000 0x00000002c4800000 Y/35    Allocating 
 Small   0x00000002c4800000 0x00000002c4a00000 0x00000002c4a00000 Y/35    Allocating 
 Small   0x00000002c4a00000 0x00000002c4bffff0 0x00000002c4c00000 O/9     Relocatable
 Small   0x00000002c4c00000 0x00000002c4e00000 0x00000002c4e00000 Y/35    Allocating 
 Small   0x00000002c4e00000 0x00000002c5000000 0x00000002c5000000 Y/35    Allocating 
 Small   0x00000002c5000000 0x00000002c5200000 0x00000002c5200000 Y/35    Allocating 
 Small   0x00000002c5200000 0x00000002c5400000 0x00000002c5400000 Y/35    Allocating 
 Small   0x00000002c5400000 0x00000002c5600000 0x00000002c5600000 Y/35    Allocating 
 Small   0x00000002c5600000 0x00000002c57ffff0 0x00000002c5800000 O/10    Relocatable
 Small   0x00000002c5800000 0x00000002c5a00000 0x00000002c5a00000 Y/35    Allocating 
 Small   0x00000002c5a00000 0x00000002c5c00000 0x00000002c5c00000 Y/35    Allocating 
 Small   0x00000002c5c00000 0x00000002c5dffeb0 0x00000002c5e00000 Y/35    Allocating 
 Small   0x00000002c5e00000 0x00000002c6000000 0x00000002c6000000 Y/35    Allocating 
 Small   0x00000002c6000000 0x00000002c6200000 0x00000002c6200000 Y/35    Allocating 
 Small   0x00000002c6200000 0x00000002c6400000 0x00000002c6400000 Y/35    Allocating 
 Small   0x00000002c6400000 0x00000002c6600000 0x00000002c6600000 Y/35    Allocating 
 Small   0x00000002c6600000 0x00000002c6800000 0x00000002c6800000 Y/35    Allocating 
 Small   0x00000002c6800000 0x00000002c6a00000 0x00000002c6a00000 Y/35    Allocating 
 Small   0x00000002c6a00000 0x00000002c6c00000 0x00000002c6c00000 Y/35    Allocating 
 Small   0x00000002c6c00000 0x00000002c6e00000 0x00000002c6e00000 Y/35    Allocating 
 Small   0x00000002c6e00000 0x00000002c7000000 0x00000002c7000000 Y/35    Allocating 
 Small   0x00000002c7000000 0x00000002c71fffb8 0x00000002c7200000 O/10    Relocatable
 Small   0x00000002c7200000 0x00000002c7400000 0x00000002c7400000 Y/35    Allocating 
 Small   0x00000002c7400000 0x00000002c7600000 0x00000002c7600000 Y/35    Allocating 
 Small   0x00000002c7600000 0x00000002c77ffff8 0x00000002c7800000 O/10    Relocatable
 Small   0x00000002c7800000 0x00000002c7a00000 0x00000002c7a00000 Y/35    Allocating 
 Small   0x00000002c7a00000 0x00000002c7bfffc0 0x00000002c7c00000 O/11    Relocatable
 Small   0x00000002c7c00000 0x00000002c7e00000 0x00000002c7e00000 Y/35    Allocating 
 Small   0x00000002c7e00000 0x00000002c8000000 0x00000002c8000000 Y/35    Allocating 
 Small   0x00000002c8000000 0x00000002c8200000 0x00000002c8200000 Y/35    Allocating 
 Small   0x00000002c8200000 0x00000002c8400000 0x00000002c8400000 Y/35    Allocating 
 Small   0x00000002c8400000 0x00000002c8600000 0x00000002c8600000 Y/35    Allocating 
 Small   0x00000002c8600000 0x00000002c8800000 0x00000002c8800000 Y/35    Allocating 
 Small   0x00000002c8800000 0x00000002c8a00000 0x00000002c8a00000 Y/35    Allocating 
 Small   0x00000002c8a00000 0x00000002c8c00000 0x00000002c8c00000 Y/35    Allocating 
 Small   0x00000002c8c00000 0x00000002c8e00000 0x00000002c8e00000 Y/35    Allocating 
 Small   0x00000002c8e00000 0x00000002c9000000 0x00000002c9000000 Y/35    Allocating 
 Small   0x00000002c9000000 0x00000002c9200000 0x00000002c9200000 Y/35    Allocating 
 Small   0x00000002c9200000 0x00000002c9400000 0x00000002c9400000 Y/35    Allocating 
 Small   0x00000002c9400000 0x00000002c9600000 0x00000002c9600000 Y/35    Allocating 
 Small   0x00000002c9600000 0x00000002c9800000 0x00000002c9800000 Y/35    Allocating 
 Small   0x00000002c9800000 0x00000002c9a00000 0x00000002c9a00000 Y/35    Allocating 
 Small   0x00000002c9a00000 0x00000002c9bfffc8 0x00000002c9c00000 O/10    Relocatable
 Small   0x00000002c9c00000 0x00000002c9e00000 0x00000002c9e00000 Y/35    Allocating 
 Small   0x00000002c9e00000 0x00000002ca000000 0x00000002ca000000 Y/35    Allocating 
 Small   0x00000002ca000000 0x00000002ca200000 0x00000002ca200000 Y/35    Allocating 
 Small   0x00000002ca200000 0x00000002ca400000 0x00000002ca400000 Y/35    Allocating 
 Small   0x00000002ca400000 0x00000002ca600000 0x00000002ca600000 Y/35    Allocating 
 Small   0x00000002ca600000 0x00000002ca800000 0x00000002ca800000 Y/35    Allocating 
 Small   0x00000002ca800000 0x00000002caa00000 0x00000002caa00000 Y/35    Allocating 
 Small   0x00000002caa00000 0x00000002cac00000 0x00000002cac00000 Y/35    Allocating 
 Small   0x00000002cac00000 0x00000002cae00000 0x00000002cae00000 Y/35    Allocating 
 Small   0x00000002cae00000 0x00000002cb000000 0x00000002cb000000 Y/35    Allocating 
 Small   0x00000002cb000000 0x00000002cb200000 0x00000002cb200000 Y/35    Allocating 
 Small   0x00000002cb200000 0x00000002cb400000 0x00000002cb400000 Y/35    Allocating 
 Small   0x00000002cb400000 0x00000002cb600000 0x00000002cb600000 Y/35    Allocating 
 Small   0x00000002cb600000 0x00000002cb800000 0x00000002cb800000 Y/35    Allocating 
 Small   0x00000002cb800000 0x00000002cba00000 0x00000002cba00000 Y/35    Allocating 
 Small   0x00000002cba00000 0x00000002cbc00000 0x00000002cbc00000 Y/35    Allocating 
 Small   0x00000002cbc00000 0x00000002cbe00000 0x00000002cbe00000 Y/35    Allocating 
 Small   0x00000002cbe00000 0x00000002cc000000 0x00000002cc000000 Y/35    Allocating 
 Small   0x00000002cc000000 0x00000002cc1ffff8 0x00000002cc200000 O/10    Relocatable
 Small   0x00000002cc200000 0x00000002cc400000 0x00000002cc400000 Y/35    Allocating 
 Small   0x00000002cc400000 0x00000002cc5ffff0 0x00000002cc600000 O/9     Relocatable
 Small   0x00000002cc600000 0x00000002cc800000 0x00000002cc800000 Y/35    Allocating 
 Small   0x00000002cc800000 0x00000002cca00000 0x00000002cca00000 Y/35    Allocating 
 Small   0x00000002cca00000 0x00000002ccc00000 0x00000002ccc00000 Y/35    Allocating 
 Small   0x00000002ccc00000 0x00000002cce00000 0x00000002cce00000 Y/35    Allocating 
 Small   0x00000002cce00000 0x00000002cd000000 0x00000002cd000000 Y/35    Allocating 
 Small   0x00000002cd000000 0x00000002cd200000 0x00000002cd200000 Y/35    Allocating 
 Small   0x00000002cd200000 0x00000002cd400000 0x00000002cd400000 Y/35    Allocating 
 Small   0x00000002cd400000 0x00000002cd5ffff0 0x00000002cd600000 O/11    Relocatable
 Small   0x00000002cd600000 0x00000002cd800000 0x00000002cd800000 Y/35    Allocating 
 Small   0x00000002cd800000 0x00000002cda00000 0x00000002cda00000 Y/35    Allocating 
 Small   0x00000002cda00000 0x00000002cdc00000 0x00000002cdc00000 Y/35    Allocating 
 Small   0x00000002cdc00000 0x00000002cde00000 0x00000002cde00000 Y/35    Allocating 
 Small   0x00000002cde00000 0x00000002ce000000 0x00000002ce000000 Y/35    Allocating 
 Small   0x00000002ce000000 0x00000002ce200000 0x00000002ce200000 Y/35    Allocating 
 Small   0x00000002ce200000 0x00000002ce400000 0x00000002ce400000 Y/35    Allocating 
 Small   0x00000002ce400000 0x00000002ce600000 0x00000002ce600000 Y/35    Allocating 
 Small   0x00000002ce600000 0x00000002ce800000 0x00000002ce800000 Y/35    Allocating 
 Small   0x00000002ce800000 0x00000002cea00000 0x00000002cea00000 Y/35    Allocating 
 Small   0x00000002cea00000 0x00000002cec00000 0x00000002cec00000 Y/35    Allocating 
 Small   0x00000002cec00000 0x00000002cee00000 0x00000002cee00000 Y/35    Allocating 
 Small   0x00000002cee00000 0x00000002cefffff8 0x00000002cf000000 O/10    Relocatable
 Small   0x00000002cf000000 0x00000002cf1ffff0 0x00000002cf200000 O/10    Relocatable
 Small   0x00000002cf200000 0x00000002cf400000 0x00000002cf400000 Y/35    Allocating 
 Small   0x00000002cf400000 0x00000002cf600000 0x00000002cf600000 Y/35    Allocating 
 Small   0x00000002cf600000 0x00000002cf800000 0x00000002cf800000 Y/35    Allocating 
 Small   0x00000002cf800000 0x00000002cfa00000 0x00000002cfa00000 Y/35    Allocating 
 Small   0x00000002cfa00000 0x00000002cfc00000 0x00000002cfc00000 Y/35    Allocating 
 Small   0x00000002cfc00000 0x00000002cfe00000 0x00000002cfe00000 Y/35    Allocating 
 Small   0x00000002cfe00000 0x00000002d0000000 0x00000002d0000000 Y/35    Allocating 
 Small   0x00000002d0000000 0x00000002d0200000 0x00000002d0200000 Y/35    Allocating 
 Small   0x00000002d0200000 0x00000002d0400000 0x00000002d0400000 Y/35    Allocating 
 Small   0x00000002d0400000 0x00000002d0600000 0x00000002d0600000 Y/35    Allocating 
 Small   0x00000002d0600000 0x00000002d0800000 0x00000002d0800000 Y/35    Allocating 
 Small   0x00000002d0800000 0x00000002d0a00000 0x00000002d0a00000 Y/35    Allocating 
 Small   0x00000002d0a00000 0x00000002d0c00000 0x00000002d0c00000 Y/35    Allocating 
 Small   0x00000002d0c00000 0x00000002d0dfffa0 0x00000002d0e00000 O/10    Relocatable
 Small   0x00000002d0e00000 0x00000002d1000000 0x00000002d1000000 Y/35    Allocating 
 Small   0x00000002d1000000 0x00000002d1200000 0x00000002d1200000 Y/35    Allocating 
 Small   0x00000002d1200000 0x00000002d1400000 0x00000002d1400000 Y/35    Allocating 
 Small   0x00000002d1400000 0x00000002d1600000 0x00000002d1600000 Y/35    Allocating 
 Small   0x00000002d1600000 0x00000002d1800000 0x00000002d1800000 Y/35    Allocating 
 Small   0x00000002d1800000 0x00000002d19fffc0 0x00000002d1a00000 O/10    Relocatable
 Small   0x00000002d1a00000 0x00000002d1c00000 0x00000002d1c00000 Y/35    Allocating 
 Small   0x00000002d1c00000 0x00000002d1dfffd8 0x00000002d1e00000 O/9     Relocatable
 Small   0x00000002d1e00000 0x00000002d2000000 0x00000002d2000000 Y/35    Allocating 
 Small   0x00000002d2000000 0x00000002d2200000 0x00000002d2200000 Y/35    Allocating 
 Small   0x00000002d2200000 0x00000002d2400000 0x00000002d2400000 Y/35    Allocating 
 Small   0x00000002d2400000 0x00000002d2600000 0x00000002d2600000 Y/35    Allocating 
 Small   0x00000002d2600000 0x00000002d2800000 0x00000002d2800000 Y/35    Allocating 
 Small   0x00000002d2800000 0x00000002d2a00000 0x00000002d2a00000 Y/35    Allocating 
 Small   0x00000002d2a00000 0x00000002d2c00000 0x00000002d2c00000 Y/35    Allocating 
 Small   0x00000002d2c00000 0x00000002d2dfffc8 0x00000002d2e00000 O/10    Relocatable
 Small   0x00000002d2e00000 0x00000002d3000000 0x00000002d3000000 Y/35    Allocating 
 Small   0x00000002d3000000 0x00000002d3200000 0x00000002d3200000 Y/35    Allocating 
 Small   0x00000002d3200000 0x00000002d3400000 0x00000002d3400000 Y/35    Allocating 
 Small   0x00000002d3400000 0x00000002d3600000 0x00000002d3600000 Y/35    Allocating 
 Small   0x00000002d3600000 0x00000002d3800000 0x00000002d3800000 Y/35    Allocating 
 Small   0x00000002d3800000 0x00000002d3a00000 0x00000002d3a00000 Y/35    Allocating 
 Small   0x00000002d3a00000 0x00000002d3c00000 0x00000002d3c00000 Y/35    Allocating 
 Small   0x00000002d3c00000 0x00000002d3c059a0 0x00000002d3e00000 Y/35    Allocating 
 Small   0x00000002d3e00000 0x00000002d4000000 0x00000002d4000000 Y/35    Allocating 
 Small   0x00000002d4000000 0x00000002d4200000 0x00000002d4200000 Y/35    Allocating 
 Small   0x00000002d4200000 0x00000002d4400000 0x00000002d4400000 Y/35    Allocating 
 Small   0x00000002d4400000 0x00000002d4600000 0x00000002d4600000 Y/35    Allocating 
 Small   0x00000002d4600000 0x00000002d47fff88 0x00000002d4800000 O/11    Relocatable
 Small   0x00000002d4800000 0x00000002d4a00000 0x00000002d4a00000 Y/35    Allocating 
 Small   0x00000002d4a00000 0x00000002d4c00000 0x00000002d4c00000 Y/35    Allocating 
 Small   0x00000002d4c00000 0x00000002d4e00000 0x00000002d4e00000 Y/35    Allocating 
 Small   0x00000002d4e00000 0x00000002d4ffffe8 0x00000002d5000000 O/10    Relocatable
 Small   0x00000002d5000000 0x00000002d5200000 0x00000002d5200000 Y/35    Allocating 
 Small   0x00000002d5200000 0x00000002d53fffe8 0x00000002d5400000 O/10    Relocatable
 Small   0x00000002d5400000 0x00000002d5600000 0x00000002d5600000 Y/35    Allocating 
 Small   0x00000002d5600000 0x00000002d5800000 0x00000002d5800000 Y/35    Allocating 
 Small   0x00000002d5800000 0x00000002d59fffd8 0x00000002d5a00000 O/10    Relocatable
 Small   0x00000002d5a00000 0x00000002d5c00000 0x00000002d5c00000 Y/35    Allocating 
 Small   0x00000002d5c00000 0x00000002d5e00000 0x00000002d5e00000 Y/35    Allocating 
 Small   0x00000002d5e00000 0x00000002d6000000 0x00000002d6000000 Y/35    Allocating 
 Small   0x00000002d6000000 0x00000002d6200000 0x00000002d6200000 Y/35    Allocating 
 Small   0x00000002d6200000 0x00000002d6400000 0x00000002d6400000 Y/35    Allocating 
 Small   0x00000002d6400000 0x00000002d65fff80 0x00000002d6600000 O/10    Relocatable
 Small   0x00000002d6600000 0x00000002d6800000 0x00000002d6800000 Y/35    Allocating 
 Small   0x00000002d6800000 0x00000002d6a00000 0x00000002d6a00000 Y/35    Allocating 
 Small   0x00000002d6a00000 0x00000002d6c00000 0x00000002d6c00000 Y/35    Allocating 
 Small   0x00000002d6c00000 0x00000002d6e00000 0x00000002d6e00000 Y/35    Allocating 
 Small   0x00000002d6e00000 0x00000002d7000000 0x00000002d7000000 Y/35    Allocating 
 Small   0x00000002d7000000 0x00000002d7200000 0x00000002d7200000 Y/35    Allocating 
 Small   0x00000002d7200000 0x00000002d73ffff0 0x00000002d7400000 O/11    Relocatable
 Small   0x00000002d7400000 0x00000002d7600000 0x00000002d7600000 Y/35    Allocating 
 Small   0x00000002d7600000 0x00000002d7800000 0x00000002d7800000 Y/35    Allocating 
 Small   0x00000002d7800000 0x00000002d7a00000 0x00000002d7a00000 Y/35    Allocating 
 Small   0x00000002d7a00000 0x00000002d7c00000 0x00000002d7c00000 Y/35    Allocating 
 Small   0x00000002d7c00000 0x00000002d7e00000 0x00000002d7e00000 Y/35    Allocating 
 Small   0x00000002d7e00000 0x00000002d8000000 0x00000002d8000000 Y/35    Allocating 
 Small   0x00000002d8000000 0x00000002d8200000 0x00000002d8200000 Y/35    Allocating 
 Small   0x00000002d8200000 0x00000002d8400000 0x00000002d8400000 Y/35    Allocating 
 Small   0x00000002d8400000 0x00000002d8600000 0x00000002d8600000 Y/35    Allocating 
 Small   0x00000002d8600000 0x00000002d8800000 0x00000002d8800000 Y/35    Allocating 
 Small   0x00000002d8800000 0x00000002d89fffd8 0x00000002d8a00000 O/11    Relocatable
 Small   0x00000002d8a00000 0x00000002d8c00000 0x00000002d8c00000 Y/35    Allocating 
 Small   0x00000002d8c00000 0x00000002d8e00000 0x00000002d8e00000 Y/35    Allocating 
 Small   0x00000002d8e00000 0x00000002d9000000 0x00000002d9000000 Y/35    Allocating 
 Small   0x00000002d9000000 0x00000002d9200000 0x00000002d9200000 Y/35    Allocating 
 Small   0x00000002d9200000 0x00000002d9400000 0x00000002d9400000 Y/35    Allocating 
 Small   0x00000002d9400000 0x00000002d9600000 0x00000002d9600000 Y/35    Allocating 
 Small   0x00000002d9600000 0x00000002d9800000 0x00000002d9800000 Y/35    Allocating 
 Small   0x00000002d9800000 0x00000002d9a00000 0x00000002d9a00000 Y/35    Allocating 
 Small   0x00000002d9a00000 0x00000002d9c00000 0x00000002d9c00000 Y/35    Allocating 
 Small   0x00000002d9c00000 0x00000002d9e00000 0x00000002d9e00000 O/10    Relocatable
 Small   0x00000002d9e00000 0x00000002da000000 0x00000002da000000 Y/35    Allocating 
 Small   0x00000002da000000 0x00000002da200000 0x00000002da200000 Y/35    Allocating 
 Small   0x00000002da200000 0x00000002da400000 0x00000002da400000 Y/35    Allocating 
 Small   0x00000002da400000 0x00000002da600000 0x00000002da600000 Y/35    Allocating 
 Small   0x00000002da600000 0x00000002da800000 0x00000002da800000 Y/35    Allocating 
 Small   0x00000002da800000 0x00000002daa00000 0x00000002daa00000 Y/35    Allocating 
 Small   0x00000002daa00000 0x00000002dac00000 0x00000002dac00000 Y/35    Allocating 
 Small   0x00000002dac00000 0x00000002dae00000 0x00000002dae00000 Y/35    Allocating 
 Small   0x00000002dae00000 0x00000002db000000 0x00000002db000000 Y/35    Allocating 
 Small   0x00000002db000000 0x00000002db200000 0x00000002db200000 Y/35    Allocating 
 Small   0x00000002db200000 0x00000002db400000 0x00000002db400000 Y/35    Allocating 
 Small   0x00000002db400000 0x00000002db600000 0x00000002db600000 Y/35    Allocating 
 Small   0x00000002db600000 0x00000002db800000 0x00000002db800000 Y/35    Allocating 
 Small   0x00000002db800000 0x00000002dba00000 0x00000002dba00000 Y/35    Allocating 
 Small   0x00000002dba00000 0x00000002dbc00000 0x00000002dbc00000 Y/35    Allocating 
 Small   0x00000002dbc00000 0x00000002dbe00000 0x00000002dbe00000 Y/35    Allocating 
 Small   0x00000002dbe00000 0x00000002dc000000 0x00000002dc000000 Y/35    Allocating 
 Small   0x00000002dc000000 0x00000002dc200000 0x00000002dc200000 Y/35    Allocating 
 Small   0x00000002dc200000 0x00000002dc400000 0x00000002dc400000 Y/35    Allocating 
 Small   0x00000002dc400000 0x00000002dc600000 0x00000002dc600000 Y/35    Allocating 
 Small   0x00000002dc600000 0x00000002dc800000 0x00000002dc800000 Y/35    Allocating 
 Small   0x00000002dc800000 0x00000002dca00000 0x00000002dca00000 Y/35    Allocating 
 Small   0x00000002dca00000 0x00000002dcbfff40 0x00000002dcc00000 O/11    Relocatable
 Small   0x00000002dcc00000 0x00000002dce00000 0x00000002dce00000 Y/35    Allocating 
 Small   0x00000002dce00000 0x00000002dd000000 0x00000002dd000000 Y/35    Allocating 
 Small   0x00000002dd000000 0x00000002dd200000 0x00000002dd200000 Y/35    Allocating 
 Small   0x00000002dd200000 0x00000002dd400000 0x00000002dd400000 Y/35    Allocating 
 Small   0x00000002dd400000 0x00000002dd5fffb0 0x00000002dd600000 O/9     Relocatable
 Small   0x00000002dd600000 0x00000002dd800000 0x00000002dd800000 Y/35    Allocating 
 Small   0x00000002dd800000 0x00000002dda00000 0x00000002dda00000 Y/35    Allocating 
 Small   0x00000002dda00000 0x00000002ddc00000 0x00000002ddc00000 Y/35    Allocating 
 Small   0x00000002ddc00000 0x00000002dde00000 0x00000002dde00000 Y/35    Allocating 
 Small   0x00000002dde00000 0x00000002de000000 0x00000002de000000 Y/35    Allocating 
 Small   0x00000002de000000 0x00000002de200000 0x00000002de200000 Y/35    Allocating 
 Small   0x00000002de200000 0x00000002de400000 0x00000002de400000 Y/35    Allocating 
 Small   0x00000002de400000 0x00000002de600000 0x00000002de600000 Y/35    Allocating 
 Small   0x00000002de600000 0x00000002de800000 0x00000002de800000 Y/35    Allocating 
 Small   0x00000002de800000 0x00000002dea00000 0x00000002dea00000 Y/35    Allocating 
 Small   0x00000002dea00000 0x00000002dec00000 0x00000002dec00000 Y/35    Allocating 
 Small   0x00000002dec00000 0x00000002dee00000 0x00000002dee00000 Y/35    Allocating 
 Small   0x00000002dee00000 0x00000002df000000 0x00000002df000000 Y/35    Allocating 
 Small   0x00000002df000000 0x00000002df200000 0x00000002df200000 Y/35    Allocating 
 Small   0x00000002df200000 0x00000002df400000 0x00000002df400000 Y/35    Allocating 
 Small   0x00000002df400000 0x00000002df600000 0x00000002df600000 Y/35    Allocating 
 Small   0x00000002df600000 0x00000002df800000 0x00000002df800000 Y/35    Allocating 
 Small   0x00000002df800000 0x00000002df9ffff0 0x00000002dfa00000 O/11    Relocatable
 Small   0x00000002dfa00000 0x00000002dfc00000 0x00000002dfc00000 Y/35    Allocating 
 Small   0x00000002dfc00000 0x00000002dfdfffd0 0x00000002dfe00000 O/12    Relocatable
 Small   0x00000002dfe00000 0x00000002e0000000 0x00000002e0000000 Y/35    Allocating 
 Small   0x00000002e0000000 0x00000002e0200000 0x00000002e0200000 Y/35    Allocating 
 Small   0x00000002e0200000 0x00000002e0400000 0x00000002e0400000 Y/35    Allocating 
 Small   0x00000002e0400000 0x00000002e0600000 0x00000002e0600000 Y/35    Allocating 
 Small   0x00000002e0600000 0x00000002e0800000 0x00000002e0800000 Y/35    Allocating 
 Small   0x00000002e0800000 0x00000002e0a00000 0x00000002e0a00000 Y/35    Allocating 
 Small   0x00000002e0a00000 0x00000002e0c00000 0x00000002e0c00000 Y/35    Allocating 
 Small   0x00000002e0c00000 0x00000002e0e00000 0x00000002e0e00000 Y/35    Allocating 
 Small   0x00000002e0e00000 0x00000002e1000000 0x00000002e1000000 Y/35    Allocating 
 Small   0x00000002e1000000 0x00000002e1200000 0x00000002e1200000 Y/35    Allocating 
 Small   0x00000002e1200000 0x00000002e1400000 0x00000002e1400000 Y/35    Allocating 
 Small   0x00000002e1400000 0x00000002e1600000 0x00000002e1600000 Y/35    Allocating 
 Small   0x00000002e1600000 0x00000002e1800000 0x00000002e1800000 Y/35    Allocating 
 Small   0x00000002e1800000 0x00000002e1a00000 0x00000002e1a00000 Y/35    Allocating 
 Small   0x00000002e1a00000 0x00000002e1c00000 0x00000002e1c00000 Y/35    Allocating 
 Small   0x00000002e1c00000 0x00000002e1e00000 0x00000002e1e00000 Y/35    Allocating 
 Small   0x00000002e1e00000 0x00000002e2000000 0x00000002e2000000 Y/35    Allocating 
 Small   0x00000002e2000000 0x00000002e2200000 0x00000002e2200000 Y/35    Allocating 
 Small   0x00000002e2200000 0x00000002e2400000 0x00000002e2400000 Y/35    Allocating 
 Small   0x00000002e2400000 0x00000002e25fffe0 0x00000002e2600000 O/9     Relocatable
 Small   0x00000002e2600000 0x00000002e2800000 0x00000002e2800000 Y/35    Allocating 
 Small   0x00000002e2800000 0x00000002e2a00000 0x00000002e2a00000 Y/35    Allocating 
 Small   0x00000002e2a00000 0x00000002e2c00000 0x00000002e2c00000 Y/35    Allocating 
 Small   0x00000002e2c00000 0x00000002e2e00000 0x00000002e2e00000 Y/35    Allocating 
 Small   0x00000002e2e00000 0x00000002e3000000 0x00000002e3000000 Y/35    Allocating 
 Small   0x00000002e3000000 0x00000002e3200000 0x00000002e3200000 Y/35    Allocating 
 Small   0x00000002e3200000 0x00000002e33ffff0 0x00000002e3400000 O/9     Relocatable
 Small   0x00000002e3400000 0x00000002e3600000 0x00000002e3600000 O/11    Relocatable
 Small   0x00000002e3600000 0x00000002e3800000 0x00000002e3800000 Y/35    Allocating 
 Small   0x00000002e3800000 0x00000002e3a00000 0x00000002e3a00000 Y/35    Allocating 
 Small   0x00000002e3a00000 0x00000002e3c00000 0x00000002e3c00000 Y/35    Allocating 
 Small   0x00000002e3c00000 0x00000002e3e00000 0x00000002e3e00000 O/10    Relocatable
 Small   0x00000002e3e00000 0x00000002e4000000 0x00000002e4000000 Y/35    Allocating 
 Small   0x00000002e4000000 0x00000002e4200000 0x00000002e4200000 Y/35    Allocating 
 Small   0x00000002e4200000 0x00000002e43ffff8 0x00000002e4400000 O/10    Relocatable
 Small   0x00000002e4400000 0x00000002e45ffff8 0x00000002e4600000 O/9     Relocatable
 Small   0x00000002e4600000 0x00000002e4800000 0x00000002e4800000 Y/35    Allocating 
 Small   0x00000002e4800000 0x00000002e4a00000 0x00000002e4a00000 Y/35    Allocating 
 Small   0x00000002e4a00000 0x00000002e4c00000 0x00000002e4c00000 Y/35    Allocating 
 Small   0x00000002e4c00000 0x00000002e4e00000 0x00000002e4e00000 Y/35    Allocating 
 Small   0x00000002e4e00000 0x00000002e4fffff8 0x00000002e5000000 O/10    Relocatable
 Small   0x00000002e5000000 0x00000002e5200000 0x00000002e5200000 Y/35    Allocating 
 Small   0x00000002e5200000 0x00000002e5400000 0x00000002e5400000 Y/35    Allocating 
 Small   0x00000002e5400000 0x00000002e5600000 0x00000002e5600000 Y/35    Allocating 
 Small   0x00000002e5600000 0x00000002e5800000 0x00000002e5800000 Y/35    Allocating 
 Small   0x00000002e5800000 0x00000002e5a00000 0x00000002e5a00000 Y/35    Allocating 
 Small   0x00000002e5a00000 0x00000002e5c00000 0x00000002e5c00000 Y/35    Allocating 
 Small   0x00000002e5c00000 0x00000002e5e00000 0x00000002e5e00000 Y/35    Allocating 
 Small   0x00000002e5e00000 0x00000002e6000000 0x00000002e6000000 Y/35    Allocating 
 Small   0x00000002e6000000 0x00000002e6200000 0x00000002e6200000 Y/35    Allocating 
 Small   0x00000002e6200000 0x00000002e6400000 0x00000002e6400000 Y/35    Allocating 
 Small   0x00000002e6400000 0x00000002e6600000 0x00000002e6600000 Y/35    Allocating 
 Small   0x00000002e6600000 0x00000002e6800000 0x00000002e6800000 Y/35    Allocating 
 Small   0x00000002e6800000 0x00000002e69fffd0 0x00000002e6a00000 O/9     Relocatable
 Small   0x00000002e6a00000 0x00000002e6c00000 0x00000002e6c00000 Y/35    Allocating 
 Small   0x00000002e6c00000 0x00000002e6e00000 0x00000002e6e00000 Y/35    Allocating 
 Small   0x00000002e6e00000 0x00000002e7000000 0x00000002e7000000 Y/35    Allocating 
 Small   0x00000002e7000000 0x00000002e7200000 0x00000002e7200000 Y/35    Allocating 
 Small   0x00000002e7200000 0x00000002e7400000 0x00000002e7400000 Y/35    Allocating 
 Small   0x00000002e7400000 0x00000002e7600000 0x00000002e7600000 Y/35    Allocating 
 Small   0x00000002e7600000 0x00000002e7800000 0x00000002e7800000 Y/35    Allocating 
 Small   0x00000002e7800000 0x00000002e7a00000 0x00000002e7a00000 Y/35    Allocating 
 Small   0x00000002e7a00000 0x00000002e7bffff0 0x00000002e7c00000 O/10    Relocatable
 Small   0x00000002e7c00000 0x00000002e7e00000 0x00000002e7e00000 Y/35    Allocating 
 Small   0x00000002e7e00000 0x00000002e8000000 0x00000002e8000000 Y/35    Allocating 
 Small   0x00000002e8000000 0x00000002e8200000 0x00000002e8200000 Y/35    Allocating 
 Small   0x00000002e8200000 0x00000002e8400000 0x00000002e8400000 Y/35    Allocating 
 Small   0x00000002e8400000 0x00000002e8600000 0x00000002e8600000 Y/35    Allocating 
 Small   0x00000002e8600000 0x00000002e8800000 0x00000002e8800000 Y/35    Allocating 
 Small   0x00000002e8800000 0x00000002e8a00000 0x00000002e8a00000 Y/35    Allocating 
 Small   0x00000002e8a00000 0x00000002e8c00000 0x00000002e8c00000 Y/35    Allocating 
 Small   0x00000002e8c00000 0x00000002e8e00000 0x00000002e8e00000 Y/35    Allocating 
 Small   0x00000002e8e00000 0x00000002e9000000 0x00000002e9000000 Y/35    Allocating 
 Small   0x00000002e9000000 0x00000002e9200000 0x00000002e9200000 Y/35    Allocating 
 Small   0x00000002e9200000 0x00000002e9400000 0x00000002e9400000 O/10    Relocatable
 Small   0x00000002e9400000 0x00000002e9600000 0x00000002e9600000 Y/35    Allocating 
 Small   0x00000002e9600000 0x00000002e97ffff8 0x00000002e9800000 O/10    Relocatable
 Small   0x00000002e9800000 0x00000002e9a00000 0x00000002e9a00000 Y/35    Allocating 
 Small   0x00000002e9a00000 0x00000002e9c00000 0x00000002e9c00000 Y/35    Allocating 
 Small   0x00000002e9c00000 0x00000002e9e00000 0x00000002e9e00000 Y/35    Allocating 
 Small   0x00000002e9e00000 0x00000002ea000000 0x00000002ea000000 Y/35    Allocating 
 Small   0x00000002ea000000 0x00000002ea200000 0x00000002ea200000 Y/35    Allocating 
 Small   0x00000002ea200000 0x00000002ea400000 0x00000002ea400000 Y/35    Allocating 
 Small   0x00000002ea400000 0x00000002ea5ffff8 0x00000002ea600000 O/9     Relocatable
 Small   0x00000002ea600000 0x00000002ea800000 0x00000002ea800000 Y/35    Allocating 
 Small   0x00000002ea800000 0x00000002eaa00000 0x00000002eaa00000 Y/35    Allocating 
 Small   0x00000002eaa00000 0x00000002eac00000 0x00000002eac00000 Y/35    Allocating 
 Small   0x00000002eac00000 0x00000002eae00000 0x00000002eae00000 Y/35    Allocating 
 Small   0x00000002eae00000 0x00000002eb000000 0x00000002eb000000 Y/35    Allocating 
 Small   0x00000002eb000000 0x00000002eb200000 0x00000002eb200000 Y/35    Allocating 
 Small   0x00000002eb200000 0x00000002eb400000 0x00000002eb400000 Y/35    Allocating 
 Small   0x00000002eb400000 0x00000002eb600000 0x00000002eb600000 Y/35    Allocating 
 Small   0x00000002eb600000 0x00000002eb800000 0x00000002eb800000 Y/35    Allocating 
 Small   0x00000002eb800000 0x00000002eba00000 0x00000002eba00000 Y/35    Allocating 
 Small   0x00000002eba00000 0x00000002ebc00000 0x00000002ebc00000 Y/35    Allocating 
 Small   0x00000002ebc00000 0x00000002ebe00000 0x00000002ebe00000 Y/35    Allocating 
 Small   0x00000002ebe00000 0x00000002ec000000 0x00000002ec000000 Y/35    Allocating 
 Small   0x00000002ec000000 0x00000002ec1fff78 0x00000002ec200000 O/11    Relocatable
 Small   0x00000002ec200000 0x00000002ec400000 0x00000002ec400000 Y/35    Allocating 
 Small   0x00000002ec400000 0x00000002ec600000 0x00000002ec600000 Y/35    Allocating 
 Small   0x00000002ec600000 0x00000002ec800000 0x00000002ec800000 Y/35    Allocating 
 Small   0x00000002ec800000 0x00000002eca00000 0x00000002eca00000 Y/35    Allocating 
 Small   0x00000002eca00000 0x00000002ecbfffe8 0x00000002ecc00000 O/12    Relocatable
 Small   0x00000002ecc00000 0x00000002ece00000 0x00000002ece00000 Y/35    Allocating 
 Small   0x00000002ece00000 0x00000002ed000000 0x00000002ed000000 Y/35    Allocating 
 Small   0x00000002ed000000 0x00000002ed200000 0x00000002ed200000 Y/35    Allocating 
 Small   0x00000002ed200000 0x00000002ed400000 0x00000002ed400000 Y/35    Allocating 
 Small   0x00000002ed400000 0x00000002ed600000 0x00000002ed600000 Y/35    Allocating 
 Small   0x00000002ed600000 0x00000002ed7fffd0 0x00000002ed800000 O/10    Relocatable
 Small   0x00000002ed800000 0x00000002eda00000 0x00000002eda00000 Y/35    Allocating 
 Small   0x00000002eda00000 0x00000002edc00000 0x00000002edc00000 Y/35    Allocating 
 Small   0x00000002edc00000 0x00000002ede00000 0x00000002ede00000 Y/35    Allocating 
 Small   0x00000002ede00000 0x00000002ee000000 0x00000002ee000000 Y/35    Allocating 
 Small   0x00000002ee000000 0x00000002ee200000 0x00000002ee200000 Y/35    Allocating 
 Small   0x00000002ee200000 0x00000002ee400000 0x00000002ee400000 Y/35    Allocating 
 Small   0x00000002ee400000 0x00000002ee600000 0x00000002ee600000 Y/35    Allocating 
 Small   0x00000002ee600000 0x00000002ee800000 0x00000002ee800000 Y/35    Allocating 
 Small   0x00000002ee800000 0x00000002ee9ffff0 0x00000002eea00000 O/10    Relocatable
 Small   0x00000002eea00000 0x00000002eebfffe0 0x00000002eec00000 O/11    Relocatable
 Small   0x00000002eec00000 0x00000002eee00000 0x00000002eee00000 Y/35    Allocating 
 Small   0x00000002eee00000 0x00000002ef000000 0x00000002ef000000 Y/35    Allocating 
 Small   0x00000002ef000000 0x00000002ef200000 0x00000002ef200000 Y/35    Allocating 
 Small   0x00000002ef200000 0x00000002ef400000 0x00000002ef400000 Y/35    Allocating 
 Small   0x00000002ef400000 0x00000002ef600000 0x00000002ef600000 Y/35    Allocating 
 Small   0x00000002ef600000 0x00000002ef800000 0x00000002ef800000 Y/35    Allocating 
 Small   0x00000002ef800000 0x00000002efa00000 0x00000002efa00000 Y/35    Allocating 
 Small   0x00000002efa00000 0x00000002efc00000 0x00000002efc00000 Y/35    Allocating 
 Small   0x00000002efc00000 0x00000002efe00000 0x00000002efe00000 Y/35    Allocating 
 Small   0x00000002efe00000 0x00000002efffff98 0x00000002f0000000 O/10    Relocatable
 Small   0x00000002f0000000 0x00000002f01fffe0 0x00000002f0200000 O/11    Relocatable
 Small   0x00000002f0200000 0x00000002f0400000 0x00000002f0400000 Y/35    Allocating 
 Small   0x00000002f0400000 0x00000002f0600000 0x00000002f0600000 Y/35    Allocating 
 Small   0x00000002f0600000 0x00000002f07fffe8 0x00000002f0800000 O/9     Relocatable
 Small   0x00000002f0800000 0x00000002f0a00000 0x00000002f0a00000 Y/35    Allocating 
 Small   0x00000002f0a00000 0x00000002f0c00000 0x00000002f0c00000 Y/35    Allocating 
 Small   0x00000002f0c00000 0x00000002f0e00000 0x00000002f0e00000 Y/35    Allocating 
 Small   0x00000002f0e00000 0x00000002f1000000 0x00000002f1000000 Y/35    Allocating 
 Small   0x00000002f1000000 0x00000002f1200000 0x00000002f1200000 Y/35    Allocating 
 Small   0x00000002f1200000 0x00000002f1400000 0x00000002f1400000 Y/35    Allocating 
 Small   0x00000002f1400000 0x00000002f1600000 0x00000002f1600000 Y/35    Allocating 
 Small   0x00000002f1600000 0x00000002f1800000 0x00000002f1800000 Y/35    Allocating 
 Small   0x00000002f1800000 0x00000002f1a00000 0x00000002f1a00000 Y/35    Allocating 
 Small   0x00000002f1a00000 0x00000002f1be2a10 0x00000002f1c00000 O/11    Relocatable
 Small   0x00000002f1c00000 0x00000002f1e00000 0x00000002f1e00000 Y/35    Allocating 
 Small   0x00000002f1e00000 0x00000002f2000000 0x00000002f2000000 Y/35    Allocating 
 Small   0x00000002f2000000 0x00000002f2200000 0x00000002f2200000 Y/35    Allocating 
 Small   0x00000002f2200000 0x00000002f2400000 0x00000002f2400000 Y/35    Allocating 
 Small   0x00000002f2400000 0x00000002f2600000 0x00000002f2600000 Y/35    Allocating 
 Small   0x00000002f2600000 0x00000002f2800000 0x00000002f2800000 Y/35    Allocating 
 Small   0x00000002f2800000 0x00000002f2a00000 0x00000002f2a00000 Y/35    Allocating 
 Small   0x00000002f2a00000 0x00000002f2c00000 0x00000002f2c00000 Y/35    Allocating 
 Small   0x00000002f2c00000 0x00000002f2e00000 0x00000002f2e00000 Y/35    Allocating 
 Small   0x00000002f2e00000 0x00000002f3000000 0x00000002f3000000 Y/35    Allocating 
 Small   0x00000002f3000000 0x00000002f31fffb0 0x00000002f3200000 O/10    Relocatable
 Small   0x00000002f3200000 0x00000002f3400000 0x00000002f3400000 Y/35    Allocating 
 Small   0x00000002f3400000 0x00000002f35fb200 0x00000002f3600000 O/9     Relocatable
 Small   0x00000002f3600000 0x00000002f3800000 0x00000002f3800000 Y/35    Allocating 
 Small   0x00000002f3800000 0x00000002f3a00000 0x00000002f3a00000 Y/35    Allocating 
 Small   0x00000002f3a00000 0x00000002f3c00000 0x00000002f3c00000 Y/35    Allocating 
 Small   0x00000002f3c00000 0x00000002f3e00000 0x00000002f3e00000 Y/35    Allocating 
 Small   0x00000002f3e00000 0x00000002f4000000 0x00000002f4000000 Y/35    Allocating 
 Small   0x00000002f4000000 0x00000002f4200000 0x00000002f4200000 Y/35    Allocating 
 Small   0x00000002f4200000 0x00000002f4400000 0x00000002f4400000 Y/35    Allocating 
 Small   0x00000002f4400000 0x00000002f45fffd8 0x00000002f4600000 O/10    Relocatable
 Small   0x00000002f4600000 0x00000002f4800000 0x00000002f4800000 Y/35    Allocating 
 Small   0x00000002f4800000 0x00000002f49ffff8 0x00000002f4a00000 O/10    Relocatable
 Small   0x00000002f4a00000 0x00000002f4c00000 0x00000002f4c00000 Y/35    Allocating 
 Small   0x00000002f4c00000 0x00000002f4e00000 0x00000002f4e00000 Y/35    Allocating 
 Small   0x00000002f4e00000 0x00000002f5000000 0x00000002f5000000 Y/35    Allocating 
 Small   0x00000002f5000000 0x00000002f51ffff0 0x00000002f5200000 O/11    Relocatable
 Small   0x00000002f5200000 0x00000002f53fffe0 0x00000002f5400000 O/10    Relocatable
 Small   0x00000002f5400000 0x00000002f5600000 0x00000002f5600000 Y/35    Allocating 
 Small   0x00000002f5600000 0x00000002f5800000 0x00000002f5800000 Y/35    Allocating 
 Small   0x00000002f5800000 0x00000002f5a00000 0x00000002f5a00000 Y/35    Allocating 
 Small   0x00000002f5a00000 0x00000002f5c00000 0x00000002f5c00000 Y/35    Allocating 
 Small   0x00000002f5c00000 0x00000002f5dfffd8 0x00000002f5e00000 O/10    Relocatable
 Small   0x00000002f5e00000 0x00000002f6000000 0x00000002f6000000 Y/35    Allocating 
 Small   0x00000002f6000000 0x00000002f6200000 0x00000002f6200000 Y/35    Allocating 
 Small   0x00000002f6200000 0x00000002f63ff170 0x00000002f6400000 O/10    Relocatable
 Small   0x00000002f6400000 0x00000002f6600000 0x00000002f6600000 Y/35    Allocating 
 Small   0x00000002f6600000 0x00000002f6800000 0x00000002f6800000 Y/35    Allocating 
 Small   0x00000002f6800000 0x00000002f69fffd0 0x00000002f6a00000 O/10    Relocatable
 Small   0x00000002f6a00000 0x00000002f6c00000 0x00000002f6c00000 Y/35    Allocating 
 Small   0x00000002f6c00000 0x00000002f6e00000 0x00000002f6e00000 Y/35    Allocating 
 Small   0x00000002f6e00000 0x00000002f7000000 0x00000002f7000000 Y/35    Allocating 
 Small   0x00000002f7000000 0x00000002f7200000 0x00000002f7200000 Y/35    Allocating 
 Small   0x00000002f7200000 0x00000002f7400000 0x00000002f7400000 Y/35    Allocating 
 Small   0x00000002f7400000 0x00000002f7600000 0x00000002f7600000 Y/35    Allocating 
 Small   0x00000002f7600000 0x00000002f7800000 0x00000002f7800000 Y/35    Allocating 
 Small   0x00000002f7800000 0x00000002f7a00000 0x00000002f7a00000 Y/35    Allocating 
 Small   0x00000002f7a00000 0x00000002f7c00000 0x00000002f7c00000 Y/35    Allocating 
 Small   0x00000002f7c00000 0x00000002f7e00000 0x00000002f7e00000 Y/35    Allocating 
 Small   0x00000002f7e00000 0x00000002f7ffff78 0x00000002f8000000 O/10    Relocatable
 Small   0x00000002f8000000 0x00000002f81ffff0 0x00000002f8200000 O/10    Relocatable
 Small   0x00000002f8200000 0x00000002f8400000 0x00000002f8400000 Y/35    Allocating 
 Small   0x00000002f8400000 0x00000002f8600000 0x00000002f8600000 Y/35    Allocating 
 Small   0x00000002f8600000 0x00000002f8800000 0x00000002f8800000 Y/35    Allocating 
 Small   0x00000002f8800000 0x00000002f8a00000 0x00000002f8a00000 Y/35    Allocating 
 Small   0x00000002f8a00000 0x00000002f8c00000 0x00000002f8c00000 Y/35    Allocating 
 Small   0x00000002f8c00000 0x00000002f8e00000 0x00000002f8e00000 Y/35    Allocating 
 Small   0x00000002f8e00000 0x00000002f8ffffd0 0x00000002f9000000 O/10    Relocatable
 Small   0x00000002f9000000 0x00000002f9200000 0x00000002f9200000 Y/35    Allocating 
 Small   0x00000002f9200000 0x00000002f93fffd0 0x00000002f9400000 O/10    Relocatable
 Small   0x00000002f9400000 0x00000002f9600000 0x00000002f9600000 Y/35    Allocating 
 Small   0x00000002f9600000 0x00000002f9800000 0x00000002f9800000 Y/35    Allocating 
 Small   0x00000002f9800000 0x00000002f9a00000 0x00000002f9a00000 Y/35    Allocating 
 Small   0x00000002f9a00000 0x00000002f9c00000 0x00000002f9c00000 Y/35    Allocating 
 Small   0x00000002f9c00000 0x00000002f9e00000 0x00000002f9e00000 Y/35    Allocating 
 Small   0x00000002f9e00000 0x00000002fa000000 0x00000002fa000000 Y/35    Allocating 
 Small   0x00000002fa000000 0x00000002fa200000 0x00000002fa200000 Y/35    Allocating 
 Small   0x00000002fa200000 0x00000002fa400000 0x00000002fa400000 Y/35    Allocating 
 Small   0x00000002fa400000 0x00000002fa600000 0x00000002fa600000 Y/35    Allocating 
 Small   0x00000002fa600000 0x00000002fa800000 0x00000002fa800000 Y/35    Allocating 
 Small   0x00000002fa800000 0x00000002faa00000 0x00000002faa00000 Y/35    Allocating 
 Small   0x00000002faa00000 0x00000002fac00000 0x00000002fac00000 Y/35    Allocating 
 Small   0x00000002fac00000 0x00000002fae00000 0x00000002fae00000 Y/35    Allocating 
 Small   0x00000002fae00000 0x00000002fb000000 0x00000002fb000000 Y/35    Allocating 
 Small   0x00000002fb000000 0x00000002fb200000 0x00000002fb200000 Y/35    Allocating 
 Small   0x00000002fb200000 0x00000002fb400000 0x00000002fb400000 Y/35    Allocating 
 Small   0x00000002fb400000 0x00000002fb600000 0x00000002fb600000 Y/35    Allocating 
 Small   0x00000002fb600000 0x00000002fb800000 0x00000002fb800000 Y/35    Allocating 
 Small   0x00000002fb800000 0x00000002fba00000 0x00000002fba00000 Y/35    Allocating 
 Small   0x00000002fba00000 0x00000002fbbfffc0 0x00000002fbc00000 O/10    Relocatable
 Small   0x00000002fbc00000 0x00000002fbe00000 0x00000002fbe00000 Y/35    Allocating 
 Small   0x00000002fbe00000 0x00000002fc000000 0x00000002fc000000 Y/35    Allocating 
 Small   0x00000002fc000000 0x00000002fc200000 0x00000002fc200000 Y/35    Allocating 
 Small   0x00000002fc200000 0x00000002fc400000 0x00000002fc400000 Y/35    Allocating 
 Small   0x00000002fc400000 0x00000002fc600000 0x00000002fc600000 Y/35    Allocating 
 Small   0x00000002fc600000 0x00000002fc800000 0x00000002fc800000 Y/35    Allocating 
 Small   0x00000002fc800000 0x00000002fca00000 0x00000002fca00000 Y/35    Allocating 
 Small   0x00000002fca00000 0x00000002fcc00000 0x00000002fcc00000 Y/35    Allocating 
 Small   0x00000002fcc00000 0x00000002fce00000 0x00000002fce00000 Y/35    Allocating 
 Small   0x00000002fce00000 0x00000002fd000000 0x00000002fd000000 Y/35    Allocating 
 Small   0x00000002fd000000 0x00000002fd200000 0x00000002fd200000 Y/35    Allocating 
 Small   0x00000002fd200000 0x00000002fd400000 0x00000002fd400000 Y/35    Allocating 
 Small   0x00000002fd400000 0x00000002fd5fff98 0x00000002fd600000 O/11    Relocatable
 Small   0x00000002fd600000 0x00000002fd800000 0x00000002fd800000 Y/35    Allocating 
 Small   0x00000002fd800000 0x00000002fda00000 0x00000002fda00000 Y/35    Allocating 
 Small   0x00000002fda00000 0x00000002fdc00000 0x00000002fdc00000 Y/35    Allocating 
 Small   0x00000002fdc00000 0x00000002fde00000 0x00000002fde00000 Y/35    Allocating 
 Small   0x00000002fde00000 0x00000002fde80000 0x00000002fe000000 Y/35    Allocating 
 Small   0x00000002fe000000 0x00000002fe1fffd8 0x00000002fe200000 O/10    Relocatable
 Small   0x00000002fe200000 0x00000002fe400000 0x00000002fe400000 Y/35    Allocating 
 Small   0x00000002fe400000 0x00000002fe600000 0x00000002fe600000 Y/35    Allocating 
 Small   0x00000002fe600000 0x00000002fe800000 0x00000002fe800000 Y/35    Allocating 
 Small   0x00000002fe800000 0x00000002fea00000 0x00000002fea00000 Y/35    Allocating 
 Small   0x00000002fea00000 0x00000002fec00000 0x00000002fec00000 Y/35    Allocating 
 Small   0x00000002fec00000 0x00000002fee00000 0x00000002fee00000 Y/35    Allocating 
 Small   0x00000002fee00000 0x00000002ff000000 0x00000002ff000000 Y/35    Allocating 
 Small   0x00000002ff000000 0x00000002ff200000 0x00000002ff200000 Y/35    Allocating 
 Small   0x00000002ff200000 0x00000002ff400000 0x00000002ff400000 Y/35    Allocating 
 Small   0x00000002ff400000 0x00000002ff600000 0x00000002ff600000 Y/35    Allocating 
 Small   0x00000002ff600000 0x00000002ff800000 0x00000002ff800000 Y/35    Allocating 
 Small   0x00000002ff800000 0x00000002ffa00000 0x00000002ffa00000 Y/35    Allocating 
 Small   0x00000002ffa00000 0x00000002ffbfffd0 0x00000002ffc00000 O/9     Relocatable
 Small   0x00000002ffc00000 0x00000002ffe00000 0x00000002ffe00000 Y/35    Allocating 
 Small   0x00000002ffe00000 0x0000000300000000 0x0000000300000000 Y/35    Allocating 
 Small   0x0000000300000000 0x0000000300200000 0x0000000300200000 Y/35    Allocating 
 Small   0x0000000300200000 0x0000000300400000 0x0000000300400000 Y/35    Allocating 
 Small   0x0000000300400000 0x0000000300600000 0x0000000300600000 Y/35    Allocating 
 Small   0x0000000300600000 0x0000000300800000 0x0000000300800000 Y/35    Allocating 
 Small   0x0000000300800000 0x0000000300a00000 0x0000000300a00000 Y/35    Allocating 
 Small   0x0000000300a00000 0x0000000300c00000 0x0000000300c00000 Y/35    Allocating 
 Small   0x0000000300c00000 0x0000000300e00000 0x0000000300e00000 Y/35    Allocating 
 Small   0x0000000300e00000 0x0000000301000000 0x0000000301000000 Y/35    Allocating 
 Small   0x0000000301000000 0x0000000301100000 0x0000000301200000 Y/35    Allocating 
 Small   0x0000000301200000 0x0000000301400000 0x0000000301400000 Y/35    Allocating 
 Small   0x0000000301400000 0x0000000301600000 0x0000000301600000 Y/35    Allocating 
 Small   0x0000000301600000 0x0000000301800000 0x0000000301800000 Y/35    Allocating 
 Small   0x0000000301800000 0x0000000301a00000 0x0000000301a00000 Y/35    Allocating 
 Small   0x0000000301a00000 0x0000000301c00000 0x0000000301c00000 Y/35    Allocating 
 Small   0x0000000301c00000 0x0000000301e00000 0x0000000301e00000 Y/35    Allocating 
 Small   0x0000000301e00000 0x0000000302000000 0x0000000302000000 Y/35    Allocating 
 Small   0x0000000302000000 0x0000000302200000 0x0000000302200000 Y/35    Allocating 
 Small   0x0000000302200000 0x00000003023fffa0 0x0000000302400000 O/10    Relocatable
 Small   0x0000000302400000 0x00000003025fffd8 0x0000000302600000 O/11    Relocatable
 Small   0x0000000302600000 0x0000000302800000 0x0000000302800000 Y/35    Allocating 
 Small   0x0000000302800000 0x0000000302a00000 0x0000000302a00000 Y/35    Allocating 
 Small   0x0000000302a00000 0x0000000302c00000 0x0000000302c00000 Y/35    Allocating 
 Small   0x0000000302c00000 0x0000000302e00000 0x0000000302e00000 Y/35    Allocating 
 Small   0x0000000302e00000 0x0000000303000000 0x0000000303000000 Y/35    Allocating 
 Small   0x0000000303000000 0x0000000303200000 0x0000000303200000 Y/35    Allocating 
 Small   0x0000000303200000 0x0000000303400000 0x0000000303400000 Y/35    Allocating 
 Small   0x0000000303400000 0x0000000303600000 0x0000000303600000 Y/35    Allocating 
 Small   0x0000000303600000 0x0000000303800000 0x0000000303800000 Y/35    Allocating 
 Small   0x0000000303800000 0x0000000303a00000 0x0000000303a00000 Y/35    Allocating 
 Small   0x0000000303a00000 0x0000000303c00000 0x0000000303c00000 Y/35    Allocating 
 Small   0x0000000303c00000 0x0000000303e00000 0x0000000303e00000 Y/35    Allocating 
 Small   0x0000000303e00000 0x0000000304000000 0x0000000304000000 Y/35    Allocating 
 Small   0x0000000304000000 0x00000003041fffe8 0x0000000304200000 O/9     Relocatable
 Small   0x0000000304200000 0x0000000304400000 0x0000000304400000 Y/35    Allocating 
 Small   0x0000000304400000 0x00000003045fffd0 0x0000000304600000 O/10    Relocatable
 Small   0x0000000304600000 0x00000003047ffff0 0x0000000304800000 O/9     Relocatable
 Small   0x0000000304800000 0x0000000304a00000 0x0000000304a00000 Y/35    Allocating 
 Small   0x0000000304a00000 0x0000000304c00000 0x0000000304c00000 Y/35    Allocating 
 Small   0x0000000304c00000 0x0000000304e00000 0x0000000304e00000 Y/35    Allocating 
 Small   0x0000000304e00000 0x0000000305000000 0x0000000305000000 Y/35    Allocating 
 Small   0x0000000305000000 0x00000003051ffff0 0x0000000305200000 O/10    Relocatable
 Small   0x0000000305200000 0x00000003053ffff0 0x0000000305400000 O/9     Relocatable
 Small   0x0000000305400000 0x0000000305600000 0x0000000305600000 Y/35    Allocating 
 Small   0x0000000305600000 0x0000000305800000 0x0000000305800000 Y/35    Allocating 
 Small   0x0000000305800000 0x0000000305a00000 0x0000000305a00000 Y/35    Allocating 
 Small   0x0000000305a00000 0x0000000305c00000 0x0000000305c00000 Y/35    Allocating 
 Small   0x0000000305c00000 0x0000000305e00000 0x0000000305e00000 Y/35    Allocating 
 Small   0x0000000305e00000 0x0000000306000000 0x0000000306000000 Y/35    Allocating 
 Small   0x0000000306000000 0x0000000306200000 0x0000000306200000 Y/35    Allocating 
 Small   0x0000000306200000 0x00000003063ffff0 0x0000000306400000 O/9     Relocatable
 Small   0x0000000306400000 0x0000000306600000 0x0000000306600000 Y/35    Allocating 
 Small   0x0000000306600000 0x0000000306800000 0x0000000306800000 Y/35    Allocating 
 Small   0x0000000306800000 0x0000000306a00000 0x0000000306a00000 Y/35    Allocating 
 Small   0x0000000306a00000 0x0000000306c00000 0x0000000306c00000 Y/35    Allocating 
 Small   0x0000000306c00000 0x0000000306e00000 0x0000000306e00000 Y/35    Allocating 
 Small   0x0000000306e00000 0x0000000307000000 0x0000000307000000 Y/35    Allocating 
 Small   0x0000000307000000 0x0000000307200000 0x0000000307200000 Y/35    Allocating 
 Small   0x0000000307200000 0x0000000307400000 0x0000000307400000 Y/35    Allocating 
 Small   0x0000000307400000 0x00000003075fffe8 0x0000000307600000 O/10    Relocatable
 Small   0x0000000307600000 0x0000000307800000 0x0000000307800000 Y/35    Allocating 
 Small   0x0000000307800000 0x0000000307a00000 0x0000000307a00000 Y/35    Allocating 
 Small   0x0000000307a00000 0x0000000307c00000 0x0000000307c00000 Y/35    Allocating 
 Small   0x0000000307c00000 0x0000000307e00000 0x0000000307e00000 Y/35    Allocating 
 Small   0x0000000307e00000 0x0000000308000000 0x0000000308000000 O/9     Relocatable
 Small   0x0000000308000000 0x0000000308200000 0x0000000308200000 Y/35    Allocating 
 Small   0x0000000308200000 0x0000000308400000 0x0000000308400000 Y/35    Allocating 
 Small   0x0000000308400000 0x0000000308600000 0x0000000308600000 Y/35    Allocating 
 Small   0x0000000308600000 0x00000003087fff88 0x0000000308800000 O/12    Relocatable
 Small   0x0000000308800000 0x0000000308a00000 0x0000000308a00000 Y/35    Allocating 
 Small   0x0000000308a00000 0x0000000308c00000 0x0000000308c00000 Y/35    Allocating 
 Small   0x0000000308c00000 0x0000000308e00000 0x0000000308e00000 Y/35    Allocating 
 Small   0x0000000308e00000 0x0000000309000000 0x0000000309000000 Y/35    Allocating 
 Small   0x0000000309000000 0x0000000309200000 0x0000000309200000 Y/35    Allocating 
 Small   0x0000000309200000 0x0000000309400000 0x0000000309400000 Y/35    Allocating 
 Small   0x0000000309400000 0x0000000309600000 0x0000000309600000 Y/35    Allocating 
 Small   0x0000000309600000 0x0000000309800000 0x0000000309800000 Y/35    Allocating 
 Small   0x0000000309800000 0x0000000309a00000 0x0000000309a00000 Y/35    Allocating 
 Small   0x0000000309a00000 0x0000000309c00000 0x0000000309c00000 Y/35    Allocating 
 Small   0x0000000309c00000 0x0000000309e00000 0x0000000309e00000 Y/35    Allocating 
 Small   0x0000000309e00000 0x000000030a000000 0x000000030a000000 Y/35    Allocating 
 Small   0x000000030a000000 0x000000030a200000 0x000000030a200000 Y/35    Allocating 
 Small   0x000000030a200000 0x000000030a400000 0x000000030a400000 Y/35    Allocating 
 Small   0x000000030a400000 0x000000030a5ff208 0x000000030a600000 O/12    Relocatable
 Small   0x000000030a600000 0x000000030a7fffa0 0x000000030a800000 O/12    Relocatable
 Small   0x000000030a800000 0x000000030aa00000 0x000000030aa00000 Y/35    Allocating 
 Small   0x000000030aa00000 0x000000030ac00000 0x000000030ac00000 Y/35    Allocating 
 Small   0x000000030ac00000 0x000000030ae00000 0x000000030ae00000 Y/35    Allocating 
 Small   0x000000030ae00000 0x000000030b000000 0x000000030b000000 Y/35    Allocating 
 Small   0x000000030b000000 0x000000030b200000 0x000000030b200000 Y/35    Allocating 
 Small   0x000000030b200000 0x000000030b400000 0x000000030b400000 Y/35    Allocating 
 Small   0x000000030b400000 0x000000030b5fffd0 0x000000030b600000 O/11    Relocatable
 Small   0x000000030b600000 0x000000030b800000 0x000000030b800000 Y/35    Allocating 
 Small   0x000000030b800000 0x000000030ba00000 0x000000030ba00000 O/11    Relocatable
 Small   0x000000030ba00000 0x000000030bbfff20 0x000000030bc00000 O/11    Relocatable
 Small   0x000000030bc00000 0x000000030be00000 0x000000030be00000 Y/35    Allocating 
 Small   0x000000030be00000 0x000000030c000000 0x000000030c000000 Y/35    Allocating 
 Small   0x000000030c000000 0x000000030c200000 0x000000030c200000 Y/35    Allocating 
 Small   0x000000030c200000 0x000000030c400000 0x000000030c400000 Y/35    Allocating 
 Small   0x000000030c400000 0x000000030c600000 0x000000030c600000 Y/35    Allocating 
 Small   0x000000030c600000 0x000000030c800000 0x000000030c800000 Y/35    Allocating 
 Small   0x000000030c800000 0x000000030ca00000 0x000000030ca00000 Y/35    Allocating 
 Small   0x000000030ca00000 0x000000030cc00000 0x000000030cc00000 Y/35    Allocating 
 Small   0x000000030cc00000 0x000000030cdfffe0 0x000000030ce00000 O/11    Relocatable
 Small   0x000000030ce00000 0x000000030d000000 0x000000030d000000 Y/35    Allocating 
 Small   0x000000030d000000 0x000000030d200000 0x000000030d200000 Y/35    Allocating 
 Small   0x000000030d200000 0x000000030d400000 0x000000030d400000 Y/35    Allocating 
 Small   0x000000030d400000 0x000000030d600000 0x000000030d600000 Y/35    Allocating 
 Small   0x000000030d600000 0x000000030d800000 0x000000030d800000 Y/35    Allocating 
 Small   0x000000030d800000 0x000000030da00000 0x000000030da00000 Y/35    Allocating 
 Small   0x000000030da00000 0x000000030dc00000 0x000000030dc00000 Y/35    Allocating 
 Small   0x000000030dc00000 0x000000030de00000 0x000000030de00000 Y/35    Allocating 
 Small   0x000000030de00000 0x000000030e000000 0x000000030e000000 Y/35    Allocating 
 Small   0x000000030e000000 0x000000030e200000 0x000000030e200000 Y/35    Allocating 
 Small   0x000000030e200000 0x000000030e400000 0x000000030e400000 Y/35    Allocating 
 Small   0x000000030e400000 0x000000030e600000 0x000000030e600000 Y/35    Allocating 
 Small   0x000000030e600000 0x000000030e800000 0x000000030e800000 Y/35    Allocating 
 Small   0x000000030e800000 0x000000030ea00000 0x000000030ea00000 Y/35    Allocating 
 Small   0x000000030ea00000 0x000000030ec00000 0x000000030ec00000 Y/35    Allocating 
 Small   0x000000030ec00000 0x000000030ee00000 0x000000030ee00000 Y/35    Allocating 
 Small   0x000000030ee00000 0x000000030f000000 0x000000030f000000 Y/35    Allocating 
 Small   0x000000030f000000 0x000000030f1fffe0 0x000000030f200000 O/10    Relocatable
 Small   0x000000030f200000 0x000000030f400000 0x000000030f400000 Y/35    Allocating 
 Small   0x000000030f400000 0x000000030f600000 0x000000030f600000 Y/35    Allocating 
 Small   0x000000030f600000 0x000000030f800000 0x000000030f800000 Y/35    Allocating 
 Small   0x000000030f800000 0x000000030fa00000 0x000000030fa00000 Y/35    Allocating 
 Small   0x000000030fa00000 0x000000030fc00000 0x000000030fc00000 Y/35    Allocating 
 Small   0x000000030fc00000 0x000000030fdfffe0 0x000000030fe00000 O/12    Relocatable
 Small   0x000000030fe00000 0x000000030fffffe0 0x0000000310000000 O/11    Relocatable
 Small   0x0000000310000000 0x00000003101fffc8 0x0000000310200000 O/10    Relocatable
 Small   0x0000000310200000 0x00000003103fffe0 0x0000000310400000 O/11    Relocatable
 Small   0x0000000310400000 0x0000000310600000 0x0000000310600000 Y/35    Allocating 
 Small   0x0000000310600000 0x0000000310800000 0x0000000310800000 Y/35    Allocating 
 Small   0x0000000310800000 0x0000000310a00000 0x0000000310a00000 Y/35    Allocating 
 Small   0x0000000310a00000 0x0000000310c00000 0x0000000310c00000 Y/35    Allocating 
 Small   0x0000000310c00000 0x0000000310e00000 0x0000000310e00000 Y/35    Allocating 
 Small   0x0000000310e00000 0x0000000311000000 0x0000000311000000 Y/35    Allocating 
 Small   0x0000000311000000 0x0000000311200000 0x0000000311200000 Y/35    Allocating 
 Small   0x0000000311200000 0x0000000311400000 0x0000000311400000 Y/35    Allocating 
 Small   0x0000000311400000 0x0000000311600000 0x0000000311600000 Y/35    Allocating 
 Small   0x0000000311600000 0x0000000311800000 0x0000000311800000 Y/35    Allocating 
 Small   0x0000000311800000 0x0000000311a00000 0x0000000311a00000 Y/35    Allocating 
 Small   0x0000000311a00000 0x0000000311c00000 0x0000000311c00000 Y/35    Allocating 
 Small   0x0000000311c00000 0x0000000311e00000 0x0000000311e00000 O/10    Relocatable
 Small   0x0000000311e00000 0x0000000312000000 0x0000000312000000 Y/35    Allocating 
 Small   0x0000000312000000 0x0000000312200000 0x0000000312200000 Y/35    Allocating 
 Small   0x0000000312200000 0x0000000312400000 0x0000000312400000 Y/35    Allocating 
 Small   0x0000000312400000 0x0000000312600000 0x0000000312600000 Y/35    Allocating 
 Small   0x0000000312600000 0x0000000312800000 0x0000000312800000 O/9     Relocatable
 Small   0x0000000312800000 0x0000000312a00000 0x0000000312a00000 Y/35    Allocating 
 Small   0x0000000312a00000 0x0000000312c00000 0x0000000312c00000 Y/35    Allocating 
 Small   0x0000000312c00000 0x0000000312e00000 0x0000000312e00000 Y/35    Allocating 
 Small   0x0000000312e00000 0x0000000313000000 0x0000000313000000 O/10    Relocatable
 Small   0x0000000313000000 0x00000003131fff90 0x0000000313200000 O/10    Relocatable
 Small   0x0000000313200000 0x0000000313400000 0x0000000313400000 Y/35    Allocating 
 Small   0x0000000313400000 0x0000000313600000 0x0000000313600000 Y/35    Allocating 
 Small   0x0000000313600000 0x0000000313800000 0x0000000313800000 Y/35    Allocating 
 Small   0x0000000313800000 0x0000000313a00000 0x0000000313a00000 Y/35    Allocating 
 Small   0x0000000313a00000 0x0000000313bfffc8 0x0000000313c00000 O/10    Relocatable
 Small   0x0000000313c00000 0x0000000313dfffe0 0x0000000313e00000 O/10    Relocatable
 Small   0x0000000313e00000 0x0000000314000000 0x0000000314000000 Y/35    Allocating 
 Small   0x0000000314000000 0x0000000314200000 0x0000000314200000 Y/35    Allocating 
 Small   0x0000000314200000 0x0000000314400000 0x0000000314400000 Y/35    Allocating 
 Small   0x0000000314400000 0x00000003145fff90 0x0000000314600000 O/10    Relocatable
 Small   0x0000000314600000 0x00000003147fffd8 0x0000000314800000 O/10    Relocatable
 Small   0x0000000314800000 0x0000000314a00000 0x0000000314a00000 Y/35    Allocating 
 Small   0x0000000314a00000 0x0000000314bfffe8 0x0000000314c00000 O/9     Relocatable
 Small   0x0000000314c00000 0x0000000314dfffd0 0x0000000314e00000 O/10    Relocatable
 Small   0x0000000314e00000 0x0000000315000000 0x0000000315000000 Y/35    Allocating 
 Small   0x0000000315000000 0x0000000315200000 0x0000000315200000 Y/35    Allocating 
 Small   0x0000000315200000 0x0000000315400000 0x0000000315400000 Y/35    Allocating 
 Small   0x0000000315400000 0x0000000315600000 0x0000000315600000 Y/35    Allocating 
 Small   0x0000000315600000 0x0000000315800000 0x0000000315800000 Y/35    Allocating 
 Small   0x0000000315800000 0x0000000315a00000 0x0000000315a00000 Y/35    Allocating 
 Small   0x0000000315a00000 0x0000000315c00000 0x0000000315c00000 Y/35    Allocating 
 Small   0x0000000315c00000 0x0000000315e00000 0x0000000315e00000 Y/35    Allocating 
 Small   0x0000000315e00000 0x0000000316000000 0x0000000316000000 Y/35    Allocating 
 Small   0x0000000316000000 0x00000003161ffff0 0x0000000316200000 O/11    Relocatable
 Small   0x0000000316200000 0x0000000316400000 0x0000000316400000 Y/35    Allocating 
 Small   0x0000000316400000 0x00000003165ffff0 0x0000000316600000 O/11    Relocatable
 Small   0x0000000316600000 0x0000000316800000 0x0000000316800000 Y/35    Allocating 
 Small   0x0000000316800000 0x0000000316a00000 0x0000000316a00000 Y/35    Allocating 
 Small   0x0000000316a00000 0x0000000316c00000 0x0000000316c00000 Y/35    Allocating 
 Small   0x0000000316c00000 0x0000000316e00000 0x0000000316e00000 Y/35    Allocating 
 Small   0x0000000316e00000 0x0000000316ffff80 0x0000000317000000 O/10    Relocatable
 Small   0x0000000317000000 0x0000000317200000 0x0000000317200000 Y/35    Allocating 
 Small   0x0000000317200000 0x0000000317400000 0x0000000317400000 Y/35    Allocating 
 Small   0x0000000317400000 0x0000000317600000 0x0000000317600000 Y/35    Allocating 
 Small   0x0000000317600000 0x0000000317800000 0x0000000317800000 Y/35    Allocating 
 Small   0x0000000317800000 0x0000000317a00000 0x0000000317a00000 Y/35    Allocating 
 Small   0x0000000317a00000 0x0000000317c00000 0x0000000317c00000 Y/35    Allocating 
 Small   0x0000000317c00000 0x0000000317dfffc8 0x0000000317e00000 O/10    Relocatable
 Small   0x0000000317e00000 0x0000000318000000 0x0000000318000000 Y/35    Allocating 
 Small   0x0000000318000000 0x00000003181fffd8 0x0000000318200000 O/10    Relocatable
 Small   0x0000000318200000 0x0000000318400000 0x0000000318400000 Y/35    Allocating 
 Small   0x0000000318400000 0x0000000318600000 0x0000000318600000 Y/35    Allocating 
 Small   0x0000000318600000 0x0000000318800000 0x0000000318800000 Y/35    Allocating 
 Small   0x0000000318800000 0x0000000318a00000 0x0000000318a00000 Y/35    Allocating 
 Small   0x0000000318a00000 0x0000000318c00000 0x0000000318c00000 Y/35    Allocating 
 Small   0x0000000318c00000 0x0000000318e00000 0x0000000318e00000 Y/35    Allocating 
 Small   0x0000000318e00000 0x0000000319000000 0x0000000319000000 Y/35    Allocating 
 Small   0x0000000319000000 0x00000003191ffff8 0x0000000319200000 O/10    Relocatable
 Small   0x0000000319200000 0x0000000319400000 0x0000000319400000 Y/35    Allocating 
 Small   0x0000000319400000 0x0000000319600000 0x0000000319600000 Y/35    Allocating 
 Small   0x0000000319600000 0x0000000319800000 0x0000000319800000 Y/35    Allocating 
 Small   0x0000000319800000 0x0000000319a00000 0x0000000319a00000 Y/35    Allocating 
 Small   0x0000000319a00000 0x0000000319c00000 0x0000000319c00000 Y/35    Allocating 
 Small   0x0000000319c00000 0x0000000319e00000 0x0000000319e00000 Y/35    Allocating 
 Small   0x0000000319e00000 0x000000031a000000 0x000000031a000000 Y/35    Allocating 
 Small   0x000000031a000000 0x000000031a200000 0x000000031a200000 Y/35    Allocating 
 Small   0x000000031a200000 0x000000031a400000 0x000000031a400000 Y/35    Allocating 
 Small   0x000000031a400000 0x000000031a5fffb8 0x000000031a600000 O/10    Relocatable
 Small   0x000000031a600000 0x000000031a800000 0x000000031a800000 Y/35    Allocating 
 Small   0x000000031a800000 0x000000031a8c0000 0x000000031aa00000 Y/35    Allocating 
 Small   0x000000031aa00000 0x000000031abfffe8 0x000000031ac00000 O/10    Relocatable
 Small   0x000000031ac00000 0x000000031ae00000 0x000000031ae00000 Y/35    Allocating 
 Small   0x000000031ae00000 0x000000031b000000 0x000000031b000000 O/10    Relocatable
 Small   0x000000031b000000 0x000000031b200000 0x000000031b200000 Y/35    Allocating 
 Small   0x000000031b200000 0x000000031b400000 0x000000031b400000 Y/35    Allocating 
 Small   0x000000031b400000 0x000000031b5fffc8 0x000000031b600000 O/10    Relocatable
 Small   0x000000031b600000 0x000000031b800000 0x000000031b800000 Y/35    Allocating 
 Small   0x000000031b800000 0x000000031b9fffa8 0x000000031ba00000 O/10    Relocatable
 Small   0x000000031ba00000 0x000000031bc00000 0x000000031bc00000 Y/35    Allocating 
 Small   0x000000031bc00000 0x000000031be00000 0x000000031be00000 Y/35    Allocating 
 Small   0x000000031be00000 0x000000031bffff88 0x000000031c000000 O/10    Relocatable
 Small   0x000000031c000000 0x000000031c200000 0x000000031c200000 Y/35    Allocating 
 Small   0x000000031c200000 0x000000031c400000 0x000000031c400000 Y/35    Allocating 
 Small   0x000000031c400000 0x000000031c600000 0x000000031c600000 Y/35    Allocating 
 Small   0x000000031c600000 0x000000031c800000 0x000000031c800000 Y/35    Allocating 
 Small   0x000000031c800000 0x000000031ca00000 0x000000031ca00000 Y/35    Allocating 
 Small   0x000000031ca00000 0x000000031cbffff0 0x000000031cc00000 O/11    Relocatable
 Small   0x000000031cc00000 0x000000031ce00000 0x000000031ce00000 Y/35    Allocating 
 Small   0x000000031ce00000 0x000000031d000000 0x000000031d000000 Y/35    Allocating 
 Small   0x000000031d000000 0x000000031d200000 0x000000031d200000 Y/35    Allocating 
 Small   0x000000031d200000 0x000000031d400000 0x000000031d400000 Y/35    Allocating 
 Small   0x000000031d400000 0x000000031d600000 0x000000031d600000 Y/35    Allocating 
 Small   0x000000031d600000 0x000000031d800000 0x000000031d800000 Y/35    Allocating 
 Small   0x000000031d800000 0x000000031da00000 0x000000031da00000 Y/35    Allocating 
 Small   0x000000031da00000 0x000000031dc00000 0x000000031dc00000 Y/35    Allocating 
 Small   0x000000031dc00000 0x000000031de00000 0x000000031de00000 Y/35    Allocating 
 Small   0x000000031de00000 0x000000031e000000 0x000000031e000000 Y/35    Allocating 
 Small   0x000000031e000000 0x000000031e200000 0x000000031e200000 Y/35    Allocating 
 Small   0x000000031e200000 0x000000031e400000 0x000000031e400000 Y/35    Allocating 
 Small   0x000000031e400000 0x000000031e600000 0x000000031e600000 Y/35    Allocating 
 Small   0x000000031e600000 0x000000031e7fff78 0x000000031e800000 O/10    Relocatable
 Small   0x000000031e800000 0x000000031ea00000 0x000000031ea00000 Y/35    Allocating 
 Small   0x000000031ea00000 0x000000031ec00000 0x000000031ec00000 Y/35    Allocating 
 Small   0x000000031ec00000 0x000000031ee00000 0x000000031ee00000 Y/35    Allocating 
 Small   0x000000031ee00000 0x000000031f000000 0x000000031f000000 Y/35    Allocating 
 Small   0x000000031f000000 0x000000031f200000 0x000000031f200000 Y/35    Allocating 
 Small   0x000000031f200000 0x000000031f400000 0x000000031f400000 Y/35    Allocating 
 Small   0x000000031f400000 0x000000031f600000 0x000000031f600000 Y/35    Allocating 
 Small   0x000000031f600000 0x000000031f800000 0x000000031f800000 Y/35    Allocating 
 Small   0x000000031f800000 0x000000031fa00000 0x000000031fa00000 Y/35    Allocating 
 Small   0x000000031fa00000 0x000000031fc00000 0x000000031fc00000 Y/35    Allocating 
 Small   0x000000031fc00000 0x000000031fe00000 0x000000031fe00000 Y/35    Allocating 
 Small   0x000000031fe00000 0x000000031fffffe0 0x0000000320000000 O/9     Relocatable
 Small   0x0000000320000000 0x0000000320200000 0x0000000320200000 Y/35    Allocating 
 Small   0x0000000320200000 0x0000000320400000 0x0000000320400000 Y/35    Allocating 
 Small   0x0000000320400000 0x0000000320600000 0x0000000320600000 Y/35    Allocating 
 Small   0x0000000320600000 0x0000000320800000 0x0000000320800000 Y/35    Allocating 
 Small   0x0000000320800000 0x0000000320a00000 0x0000000320a00000 O/10    Relocatable
 Small   0x0000000320a00000 0x0000000320c00000 0x0000000320c00000 Y/35    Allocating 
 Small   0x0000000320c00000 0x0000000320e00000 0x0000000320e00000 Y/35    Allocating 
 Small   0x0000000320e00000 0x0000000321000000 0x0000000321000000 Y/35    Allocating 
 Small   0x0000000321000000 0x0000000321200000 0x0000000321200000 Y/35    Allocating 
 Small   0x0000000321200000 0x0000000321400000 0x0000000321400000 Y/35    Allocating 
 Small   0x0000000321400000 0x0000000321600000 0x0000000321600000 Y/35    Allocating 
 Small   0x0000000321600000 0x0000000321800000 0x0000000321800000 Y/35    Allocating 
 Small   0x0000000321800000 0x0000000321a00000 0x0000000321a00000 Y/35    Allocating 
 Small   0x0000000321a00000 0x0000000321c00000 0x0000000321c00000 Y/35    Allocating 
 Small   0x0000000321c00000 0x0000000321e00000 0x0000000321e00000 Y/35    Allocating 
 Small   0x0000000321e00000 0x0000000322000000 0x0000000322000000 Y/35    Allocating 
 Small   0x0000000322000000 0x0000000322200000 0x0000000322200000 Y/35    Allocating 
 Small   0x0000000322200000 0x00000003223fff88 0x0000000322400000 O/10    Relocatable
 Small   0x0000000322400000 0x00000003225fffb0 0x0000000322600000 O/10    Relocatable
 Small   0x0000000322600000 0x0000000322800000 0x0000000322800000 Y/35    Allocating 
 Small   0x0000000322800000 0x0000000322a00000 0x0000000322a00000 Y/35    Allocating 
 Small   0x0000000322a00000 0x0000000322c00000 0x0000000322c00000 Y/35    Allocating 
 Small   0x0000000322c00000 0x0000000322dffff0 0x0000000322e00000 O/10    Relocatable
 Small   0x0000000322e00000 0x0000000322fffff0 0x0000000323000000 O/9     Relocatable
 Small   0x0000000323000000 0x0000000323200000 0x0000000323200000 Y/35    Allocating 
 Small   0x0000000323200000 0x0000000323400000 0x0000000323400000 O/10    Relocatable
 Small   0x0000000323400000 0x0000000323600000 0x0000000323600000 O/10    Relocatable
 Small   0x0000000323600000 0x0000000323800000 0x0000000323800000 Y/35    Allocating 
 Small   0x0000000323800000 0x0000000323a00000 0x0000000323a00000 Y/35    Allocating 
 Small   0x0000000323a00000 0x0000000323c00000 0x0000000323c00000 Y/35    Allocating 
 Small   0x0000000323c00000 0x0000000323dfffd8 0x0000000323e00000 O/10    Relocatable
 Small   0x0000000323e00000 0x0000000324000000 0x0000000324000000 Y/35    Allocating 
 Small   0x0000000324000000 0x0000000324200000 0x0000000324200000 Y/35    Allocating 
 Small   0x0000000324200000 0x0000000324400000 0x0000000324400000 Y/35    Allocating 
 Small   0x0000000324400000 0x0000000324600000 0x0000000324600000 Y/35    Allocating 
 Small   0x0000000324600000 0x0000000324800000 0x0000000324800000 Y/35    Allocating 
 Small   0x0000000324800000 0x00000003249fffb0 0x0000000324a00000 O/10    Relocatable
 Small   0x0000000324a00000 0x0000000324c00000 0x0000000324c00000 Y/35    Allocating 
 Small   0x0000000324c00000 0x0000000324e00000 0x0000000324e00000 Y/35    Allocating 
 Small   0x0000000324e00000 0x0000000325000000 0x0000000325000000 Y/35    Allocating 
 Small   0x0000000325000000 0x0000000325200000 0x0000000325200000 Y/35    Allocating 
 Small   0x0000000325200000 0x00000003253fffe8 0x0000000325400000 O/10    Relocatable
 Small   0x0000000325400000 0x0000000325600000 0x0000000325600000 Y/35    Allocating 
 Small   0x0000000325600000 0x0000000325800000 0x0000000325800000 Y/35    Allocating 
 Small   0x0000000325800000 0x0000000325a00000 0x0000000325a00000 Y/35    Allocating 
 Small   0x0000000325a00000 0x0000000325c00000 0x0000000325c00000 Y/35    Allocating 
 Small   0x0000000325c00000 0x0000000325e00000 0x0000000325e00000 Y/35    Allocating 
 Small   0x0000000325e00000 0x0000000326000000 0x0000000326000000 Y/35    Allocating 
 Small   0x0000000326000000 0x0000000326200000 0x0000000326200000 Y/35    Allocating 
 Small   0x0000000326200000 0x0000000326400000 0x0000000326400000 Y/35    Allocating 
 Small   0x0000000326400000 0x0000000326600000 0x0000000326600000 Y/35    Allocating 
 Small   0x0000000326600000 0x00000003267fffd8 0x0000000326800000 O/10    Relocatable
 Small   0x0000000326800000 0x0000000326a00000 0x0000000326a00000 Y/35    Allocating 
 Small   0x0000000326a00000 0x0000000326bfffd8 0x0000000326c00000 O/10    Relocatable
 Small   0x0000000326c00000 0x0000000326e00000 0x0000000326e00000 Y/35    Allocating 
 Small   0x0000000326e00000 0x0000000327000000 0x0000000327000000 Y/35    Allocating 
 Small   0x0000000327000000 0x0000000327200000 0x0000000327200000 Y/35    Allocating 
 Small   0x0000000327200000 0x00000003273ffff0 0x0000000327400000 O/10    Relocatable
 Small   0x0000000327400000 0x0000000327600000 0x0000000327600000 Y/35    Allocating 
 Small   0x0000000327600000 0x00000003277fffa0 0x0000000327800000 O/10    Relocatable
 Small   0x0000000327800000 0x0000000327a00000 0x0000000327a00000 Y/35    Allocating 
 Small   0x0000000327a00000 0x0000000327c00000 0x0000000327c00000 Y/35    Allocating 
 Small   0x0000000327c00000 0x0000000327e00000 0x0000000327e00000 Y/35    Allocating 
 Small   0x0000000327e00000 0x0000000328000000 0x0000000328000000 Y/35    Allocating 
 Small   0x0000000328000000 0x0000000328200000 0x0000000328200000 Y/35    Allocating 
 Small   0x0000000328200000 0x0000000328400000 0x0000000328400000 Y/35    Allocating 
 Small   0x0000000328400000 0x0000000328600000 0x0000000328600000 Y/35    Allocating 
 Small   0x0000000328600000 0x0000000328800000 0x0000000328800000 Y/35    Allocating 
 Small   0x0000000328800000 0x00000003289ffff8 0x0000000328a00000 O/9     Relocatable
 Small   0x0000000328a00000 0x0000000328bfffa8 0x0000000328c00000 O/10    Relocatable
 Small   0x0000000328c00000 0x0000000328e00000 0x0000000328e00000 Y/35    Allocating 
 Small   0x0000000328e00000 0x0000000328fffff0 0x0000000329000000 O/10    Relocatable
 Small   0x0000000329000000 0x0000000329200000 0x0000000329200000 Y/35    Allocating 
 Small   0x0000000329200000 0x0000000329400000 0x0000000329400000 Y/35    Allocating 
 Small   0x0000000329400000 0x0000000329600000 0x0000000329600000 Y/35    Allocating 
 Small   0x0000000329600000 0x0000000329800000 0x0000000329800000 Y/35    Allocating 
 Small   0x0000000329800000 0x00000003299fffd0 0x0000000329a00000 O/13    Allocating 
 Small   0x0000000329a00000 0x0000000329c00000 0x0000000329c00000 Y/35    Allocating 
 Small   0x0000000329c00000 0x0000000329dfffb8 0x0000000329e00000 O/11    Relocatable
 Small   0x0000000329e00000 0x000000032a000000 0x000000032a000000 Y/35    Allocating 
 Small   0x000000032a000000 0x000000032a200000 0x000000032a200000 Y/35    Allocating 
 Small   0x000000032a200000 0x000000032a400000 0x000000032a400000 Y/35    Allocating 
 Small   0x000000032a400000 0x000000032a600000 0x000000032a600000 Y/35    Allocating 
 Small   0x000000032a600000 0x000000032a6240e0 0x000000032a800000 O/13    Allocating 
 Small   0x000000032a800000 0x000000032aa00000 0x000000032aa00000 Y/35    Allocating 
 Small   0x000000032aa00000 0x000000032ac00000 0x000000032ac00000 Y/35    Allocating 
 Small   0x000000032ac00000 0x000000032adfffd8 0x000000032ae00000 O/12    Relocatable
 Small   0x000000032ae00000 0x000000032b000000 0x000000032b000000 Y/35    Allocating 
 Small   0x000000032b000000 0x000000032b1ffff8 0x000000032b200000 O/10    Relocatable
 Small   0x000000032b200000 0x000000032b400000 0x000000032b400000 Y/35    Allocating 
 Small   0x000000032b400000 0x000000032b5ffff0 0x000000032b600000 O/9     Relocatable
 Small   0x000000032b600000 0x000000032b800000 0x000000032b800000 Y/35    Allocating 
 Small   0x000000032b800000 0x000000032ba00000 0x000000032ba00000 Y/35    Allocating 
 Small   0x000000032ba00000 0x000000032bc00000 0x000000032bc00000 Y/35    Allocating 
 Small   0x000000032bc00000 0x000000032be00000 0x000000032be00000 Y/35    Allocating 
 Small   0x000000032be00000 0x000000032bffffe8 0x000000032c000000 O/9     Relocatable
 Small   0x000000032c000000 0x000000032c200000 0x000000032c200000 Y/35    Allocating 
 Small   0x000000032c200000 0x000000032c400000 0x000000032c400000 Y/35    Allocating 
 Small   0x000000032c400000 0x000000032c600000 0x000000032c600000 Y/35    Allocating 
 Small   0x000000032c600000 0x000000032c800000 0x000000032c800000 O/10    Relocatable
 Small   0x000000032c800000 0x000000032ca00000 0x000000032ca00000 Y/35    Allocating 
 Small   0x000000032ca00000 0x000000032ca002d0 0x000000032cc00000 O/13    Allocating 
 Small   0x000000032cc00000 0x000000032ce00000 0x000000032ce00000 Y/35    Allocating 
 Small   0x000000032ce00000 0x000000032d000000 0x000000032d000000 Y/35    Allocating 
 Small   0x000000032d000000 0x000000032d200000 0x000000032d200000 Y/35    Allocating 
 Small   0x000000032d200000 0x000000032d200788 0x000000032d400000 O/13    Allocating 
 Small   0x000000032d400000 0x000000032d600000 0x000000032d600000 Y/35    Allocating 
 Small   0x000000032d600000 0x000000032d800000 0x000000032d800000 Y/35    Allocating 
 Small   0x000000032d800000 0x000000032da00000 0x000000032da00000 Y/35    Allocating 
 Small   0x000000032da00000 0x000000032dc00000 0x000000032dc00000 Y/35    Allocating 
 Small   0x000000032dc00000 0x000000032de00000 0x000000032de00000 Y/35    Allocating 
 Small   0x000000032de00000 0x000000032e000000 0x000000032e000000 Y/35    Allocating 
 Small   0x000000032e000000 0x000000032e200000 0x000000032e200000 Y/35    Allocating 
 Small   0x000000032e200000 0x000000032e400000 0x000000032e400000 Y/35    Allocating 
 Small   0x000000032e400000 0x000000032e5ffff0 0x000000032e600000 O/11    Relocatable
 Small   0x000000032e600000 0x000000032e800000 0x000000032e800000 Y/35    Allocating 
 Small   0x000000032e800000 0x000000032e9fffa0 0x000000032ea00000 O/11    Relocatable
 Small   0x000000032ea00000 0x000000032ec00000 0x000000032ec00000 Y/35    Allocating 
 Small   0x000000032ec00000 0x000000032ee00000 0x000000032ee00000 O/9     Relocatable
 Small   0x000000032ee00000 0x000000032f000000 0x000000032f000000 Y/35    Allocating 
 Small   0x000000032f000000 0x000000032f200000 0x000000032f200000 Y/35    Allocating 
 Small   0x000000032f200000 0x000000032f400000 0x000000032f400000 Y/35    Allocating 
 Small   0x000000032f400000 0x000000032f600000 0x000000032f600000 Y/35    Allocating 
 Small   0x000000032f600000 0x000000032f800000 0x000000032f800000 Y/35    Allocating 
 Small   0x000000032f800000 0x000000032fa00000 0x000000032fa00000 Y/35    Allocating 
 Small   0x000000032fa00000 0x000000032fc00000 0x000000032fc00000 Y/35    Allocating 
 Small   0x000000032fc00000 0x000000032fe00000 0x000000032fe00000 Y/35    Allocating 
 Small   0x000000032fe00000 0x0000000330000000 0x0000000330000000 Y/35    Allocating 
 Small   0x0000000330000000 0x0000000330200000 0x0000000330200000 Y/35    Allocating 
 Small   0x0000000330200000 0x0000000330400000 0x0000000330400000 Y/35    Allocating 
 Small   0x0000000330400000 0x0000000330600000 0x0000000330600000 Y/35    Allocating 
 Small   0x0000000330600000 0x0000000330800000 0x0000000330800000 Y/35    Allocating 
 Small   0x0000000330800000 0x0000000330a00000 0x0000000330a00000 Y/35    Allocating 
 Small   0x0000000330a00000 0x0000000330c00000 0x0000000330c00000 Y/35    Allocating 
 Small   0x0000000330c00000 0x0000000330dfffe8 0x0000000330e00000 O/11    Relocatable
 Small   0x0000000330e00000 0x0000000331000000 0x0000000331000000 Y/35    Allocating 
 Small   0x0000000331000000 0x0000000331200000 0x0000000331200000 Y/35    Allocating 
 Small   0x0000000331200000 0x0000000331400000 0x0000000331400000 Y/35    Allocating 
 Small   0x0000000331400000 0x0000000331600000 0x0000000331600000 O/10    Relocatable
 Small   0x0000000331600000 0x0000000331800000 0x0000000331800000 Y/35    Allocating 
 Small   0x0000000331800000 0x0000000331a00000 0x0000000331a00000 Y/35    Allocating 
 Small   0x0000000331a00000 0x0000000331c00000 0x0000000331c00000 Y/35    Allocating 
 Small   0x0000000331c00000 0x0000000331e00000 0x0000000331e00000 Y/35    Allocating 
 Small   0x0000000331e00000 0x0000000331fffff8 0x0000000332000000 O/11    Relocatable
 Small   0x0000000332000000 0x0000000332200000 0x0000000332200000 Y/35    Allocating 
 Small   0x0000000332200000 0x0000000332400000 0x0000000332400000 Y/35    Allocating 
 Small   0x0000000332400000 0x0000000332600000 0x0000000332600000 Y/35    Allocating 
 Small   0x0000000332600000 0x0000000332800000 0x0000000332800000 Y/35    Allocating 
 Small   0x0000000332800000 0x00000003329fffd0 0x0000000332a00000 O/10    Relocatable
 Small   0x0000000332a00000 0x0000000332c00000 0x0000000332c00000 Y/35    Allocating 
 Small   0x0000000332c00000 0x0000000332e00000 0x0000000332e00000 Y/35    Allocating 
 Small   0x0000000332e00000 0x0000000333000000 0x0000000333000000 Y/35    Allocating 
 Small   0x0000000333000000 0x0000000333200000 0x0000000333200000 Y/35    Allocating 
 Small   0x0000000333200000 0x0000000333400000 0x0000000333400000 Y/35    Allocating 
 Small   0x0000000333400000 0x0000000333600000 0x0000000333600000 Y/35    Allocating 
 Small   0x0000000333600000 0x0000000333800000 0x0000000333800000 Y/35    Allocating 
 Small   0x0000000333800000 0x0000000333a00000 0x0000000333a00000 Y/35    Allocating 
 Small   0x0000000333a00000 0x0000000333bffff0 0x0000000333c00000 O/10    Relocatable
 Small   0x0000000333c00000 0x0000000333e00000 0x0000000333e00000 Y/35    Allocating 
 Small   0x0000000333e00000 0x0000000334000000 0x0000000334000000 Y/35    Allocating 
 Small   0x0000000334000000 0x0000000334200000 0x0000000334200000 Y/35    Allocating 
 Small   0x0000000334200000 0x0000000334400000 0x0000000334400000 Y/35    Allocating 
 Small   0x0000000334400000 0x0000000334600000 0x0000000334600000 Y/35    Allocating 
 Small   0x0000000334600000 0x00000003347ffff8 0x0000000334800000 O/10    Relocatable
 Small   0x0000000334800000 0x0000000334a00000 0x0000000334a00000 Y/35    Allocating 
 Small   0x0000000334a00000 0x0000000334c00000 0x0000000334c00000 Y/35    Allocating 
 Small   0x0000000334c00000 0x0000000334dfffd8 0x0000000334e00000 O/11    Relocatable
 Small   0x0000000334e00000 0x0000000335000000 0x0000000335000000 Y/35    Allocating 
 Small   0x0000000335000000 0x0000000335200000 0x0000000335200000 Y/35    Allocating 
 Small   0x0000000335200000 0x0000000335400000 0x0000000335400000 Y/35    Allocating 
 Small   0x0000000335400000 0x0000000335600000 0x0000000335600000 O/11    Relocatable
 Small   0x0000000335600000 0x0000000335800000 0x0000000335800000 Y/35    Allocating 
 Small   0x0000000335800000 0x0000000335a00000 0x0000000335a00000 Y/35    Allocating 
 Small   0x0000000335a00000 0x0000000335c00000 0x0000000335c00000 Y/35    Allocating 
 Small   0x0000000335c00000 0x0000000335dfffd0 0x0000000335e00000 O/10    Relocatable
 Small   0x0000000335e00000 0x0000000335ffffd8 0x0000000336000000 O/10    Relocatable
 Small   0x0000000336000000 0x0000000336200000 0x0000000336200000 Y/35    Allocating 
 Small   0x0000000336200000 0x00000003363fff90 0x0000000336400000 O/10    Relocatable
 Small   0x0000000336400000 0x0000000336600000 0x0000000336600000 Y/35    Allocating 
 Small   0x0000000336600000 0x0000000336800000 0x0000000336800000 Y/35    Allocating 
 Small   0x0000000336800000 0x0000000336a00000 0x0000000336a00000 Y/35    Allocating 
 Small   0x0000000336a00000 0x0000000336c00000 0x0000000336c00000 Y/35    Allocating 
 Small   0x0000000336c00000 0x0000000336e00000 0x0000000336e00000 Y/35    Allocating 
 Small   0x0000000336e00000 0x0000000337000000 0x0000000337000000 Y/35    Allocating 
 Small   0x0000000337000000 0x0000000337200000 0x0000000337200000 Y/35    Allocating 
 Small   0x0000000337200000 0x0000000337400000 0x0000000337400000 Y/35    Allocating 
 Small   0x0000000337400000 0x0000000337600000 0x0000000337600000 Y/35    Allocating 
 Small   0x0000000337600000 0x0000000337800000 0x0000000337800000 Y/35    Allocating 
 Small   0x0000000337800000 0x00000003379fffb8 0x0000000337a00000 O/10    Relocatable
 Small   0x0000000337a00000 0x0000000337c00000 0x0000000337c00000 Y/35    Allocating 
 Small   0x0000000337c00000 0x0000000337e00000 0x0000000337e00000 Y/35    Allocating 
 Small   0x0000000337e00000 0x0000000338000000 0x0000000338000000 Y/35    Allocating 
 Small   0x0000000338000000 0x0000000338200000 0x0000000338200000 Y/35    Allocating 
 Small   0x0000000338200000 0x0000000338400000 0x0000000338400000 Y/35    Allocating 
 Small   0x0000000338400000 0x0000000338600000 0x0000000338600000 Y/35    Allocating 
 Small   0x0000000338600000 0x0000000338800000 0x0000000338800000 Y/35    Allocating 
 Small   0x0000000338800000 0x0000000338a00000 0x0000000338a00000 Y/35    Allocating 
 Small   0x0000000338a00000 0x0000000338c00000 0x0000000338c00000 Y/35    Allocating 
 Small   0x0000000338c00000 0x0000000338e00000 0x0000000338e00000 Y/35    Allocating 
 Small   0x0000000338e00000 0x0000000339000000 0x0000000339000000 Y/35    Allocating 
 Small   0x0000000339000000 0x0000000339200000 0x0000000339200000 Y/35    Allocating 
 Small   0x0000000339200000 0x00000003393fffc8 0x0000000339400000 O/11    Relocatable
 Small   0x0000000339400000 0x0000000339600000 0x0000000339600000 Y/35    Allocating 
 Small   0x0000000339600000 0x0000000339800000 0x0000000339800000 Y/35    Allocating 
 Small   0x0000000339800000 0x0000000339a00000 0x0000000339a00000 Y/35    Allocating 
 Small   0x0000000339a00000 0x0000000339c00000 0x0000000339c00000 Y/35    Allocating 
 Small   0x0000000339c00000 0x0000000339e00000 0x0000000339e00000 Y/35    Allocating 
 Small   0x0000000339e00000 0x000000033a000000 0x000000033a000000 Y/35    Allocating 
 Small   0x000000033a000000 0x000000033a200000 0x000000033a200000 Y/35    Allocating 
 Small   0x000000033a200000 0x000000033a400000 0x000000033a400000 Y/35    Allocating 
 Small   0x000000033a400000 0x000000033a407dd8 0x000000033a600000 Y/35    Allocating 
 Small   0x000000033a600000 0x000000033a800000 0x000000033a800000 Y/35    Allocating 
 Small   0x000000033a800000 0x000000033aa00000 0x000000033aa00000 Y/35    Allocating 
 Small   0x000000033aa00000 0x000000033ac00000 0x000000033ac00000 Y/35    Allocating 
 Small   0x000000033ac00000 0x000000033ae00000 0x000000033ae00000 Y/35    Allocating 
 Small   0x000000033ae00000 0x000000033aff94d8 0x000000033b000000 O/12    Relocatable
 Small   0x000000033b000000 0x000000033b200000 0x000000033b200000 Y/35    Allocating 
 Small   0x000000033b200000 0x000000033b400000 0x000000033b400000 Y/35    Allocating 
 Small   0x000000033b400000 0x000000033b600000 0x000000033b600000 Y/35    Allocating 
 Small   0x000000033b600000 0x000000033b800000 0x000000033b800000 Y/35    Allocating 
 Small   0x000000033b800000 0x000000033ba00000 0x000000033ba00000 Y/35    Allocating 
 Small   0x000000033ba00000 0x000000033bc00000 0x000000033bc00000 Y/35    Allocating 
 Small   0x000000033bc00000 0x000000033bdfffb8 0x000000033be00000 O/11    Relocatable
 Small   0x000000033be00000 0x000000033bffffd0 0x000000033c000000 O/9     Relocatable
 Small   0x000000033c000000 0x000000033c200000 0x000000033c200000 O/11    Relocatable
 Small   0x000000033c200000 0x000000033c3fffd0 0x000000033c400000 O/12    Relocatable
 Small   0x000000033c400000 0x000000033c600000 0x000000033c600000 Y/35    Allocating 
 Small   0x000000033c600000 0x000000033c800000 0x000000033c800000 Y/35    Allocating 
 Small   0x000000033c800000 0x000000033c9fffd8 0x000000033ca00000 O/10    Relocatable
 Small   0x000000033ca00000 0x000000033cbfff78 0x000000033cc00000 O/10    Relocatable
 Small   0x000000033cc00000 0x000000033cdfffd8 0x000000033ce00000 O/11    Relocatable
 Small   0x000000033ce00000 0x000000033d000000 0x000000033d000000 Y/35    Allocating 
 Small   0x000000033d000000 0x000000033d200000 0x000000033d200000 Y/35    Allocating 
 Small   0x000000033d200000 0x000000033d400000 0x000000033d400000 Y/35    Allocating 
 Small   0x000000033d400000 0x000000033d600000 0x000000033d600000 Y/35    Allocating 
 Small   0x000000033d600000 0x000000033d800000 0x000000033d800000 Y/35    Allocating 
 Small   0x000000033d800000 0x000000033da00000 0x000000033da00000 Y/35    Allocating 
 Small   0x000000033da00000 0x000000033dc00000 0x000000033dc00000 Y/35    Allocating 
 Small   0x000000033dc00000 0x000000033de00000 0x000000033de00000 Y/35    Allocating 
 Small   0x000000033de00000 0x000000033e000000 0x000000033e000000 Y/35    Allocating 
 Small   0x000000033e000000 0x000000033e200000 0x000000033e200000 Y/35    Allocating 
 Small   0x000000033e200000 0x000000033e400000 0x000000033e400000 Y/35    Allocating 
 Small   0x000000033e400000 0x000000033e600000 0x000000033e600000 Y/35    Allocating 
 Small   0x000000033e600000 0x000000033e800000 0x000000033e800000 Y/35    Allocating 
 Small   0x000000033e800000 0x000000033e9ffff8 0x000000033ea00000 O/9     Relocatable
 Small   0x000000033ea00000 0x000000033ec00000 0x000000033ec00000 Y/35    Allocating 
 Small   0x000000033ec00000 0x000000033ee00000 0x000000033ee00000 Y/35    Allocating 
 Small   0x000000033ee00000 0x000000033f000000 0x000000033f000000 Y/35    Allocating 
 Small   0x000000033f000000 0x000000033f200000 0x000000033f200000 Y/35    Allocating 
 Small   0x000000033f200000 0x000000033f400000 0x000000033f400000 Y/35    Allocating 
 Small   0x000000033f400000 0x000000033f600000 0x000000033f600000 Y/35    Allocating 
 Small   0x000000033f600000 0x000000033f800000 0x000000033f800000 Y/35    Allocating 
 Small   0x000000033f800000 0x000000033fa00000 0x000000033fa00000 Y/35    Allocating 
 Small   0x000000033fa00000 0x000000033fc00000 0x000000033fc00000 Y/35    Allocating 
 Small   0x000000033fc00000 0x000000033fe00000 0x000000033fe00000 Y/35    Allocating 
 Small   0x000000033fe00000 0x0000000340000000 0x0000000340000000 Y/35    Allocating 
 Small   0x0000000340000000 0x00000003401fff80 0x0000000340200000 O/10    Relocatable
 Small   0x0000000340200000 0x0000000340400000 0x0000000340400000 Y/35    Allocating 
 Small   0x0000000340400000 0x0000000340600000 0x0000000340600000 Y/35    Allocating 
 Small   0x0000000340600000 0x0000000340800000 0x0000000340800000 Y/35    Allocating 
 Small   0x0000000340800000 0x0000000340a00000 0x0000000340a00000 Y/35    Allocating 
 Small   0x0000000340a00000 0x0000000340c00000 0x0000000340c00000 Y/35    Allocating 
 Small   0x0000000340c00000 0x0000000340e00000 0x0000000340e00000 Y/35    Allocating 
 Small   0x0000000340e00000 0x0000000341000000 0x0000000341000000 Y/35    Allocating 
 Small   0x0000000341000000 0x0000000341200000 0x0000000341200000 Y/35    Allocating 
 Small   0x0000000341200000 0x0000000341400000 0x0000000341400000 Y/35    Allocating 
 Small   0x0000000341400000 0x0000000341600000 0x0000000341600000 Y/35    Allocating 
 Small   0x0000000341600000 0x0000000341800000 0x0000000341800000 Y/35    Allocating 
 Small   0x0000000341800000 0x0000000341a00000 0x0000000341a00000 Y/35    Allocating 
 Small   0x0000000341a00000 0x0000000341bffff8 0x0000000341c00000 O/11    Relocatable
 Small   0x0000000341c00000 0x0000000341e00000 0x0000000341e00000 Y/35    Allocating 
 Small   0x0000000341e00000 0x0000000342000000 0x0000000342000000 Y/35    Allocating 
 Small   0x0000000342000000 0x0000000342200000 0x0000000342200000 Y/35    Allocating 
 Small   0x0000000342200000 0x00000003423ffff8 0x0000000342400000 O/11    Relocatable
 Small   0x0000000342400000 0x0000000342600000 0x0000000342600000 Y/35    Allocating 
 Small   0x0000000342600000 0x0000000342800000 0x0000000342800000 Y/35    Allocating 
 Small   0x0000000342800000 0x0000000342a00000 0x0000000342a00000 Y/35    Allocating 
 Small   0x0000000342a00000 0x0000000342c00000 0x0000000342c00000 Y/35    Allocating 
 Small   0x0000000342c00000 0x0000000342e00000 0x0000000342e00000 Y/35    Allocating 
 Small   0x0000000342e00000 0x0000000343000000 0x0000000343000000 Y/35    Allocating 
 Small   0x0000000343000000 0x00000003431fffe0 0x0000000343200000 O/12    Relocatable
 Small   0x0000000343200000 0x00000003433fffe8 0x0000000343400000 O/9     Relocatable
 Small   0x0000000343400000 0x00000003435ffff8 0x0000000343600000 O/10    Relocatable
 Small   0x0000000343600000 0x0000000343800000 0x0000000343800000 Y/35    Allocating 
 Small   0x0000000343800000 0x0000000343a00000 0x0000000343a00000 Y/35    Allocating 
 Small   0x0000000343a00000 0x0000000343c00000 0x0000000343c00000 Y/35    Allocating 
 Small   0x0000000343c00000 0x0000000343e00000 0x0000000343e00000 Y/35    Allocating 
 Small   0x0000000343e00000 0x0000000343ffffa0 0x0000000344000000 O/10    Relocatable
 Small   0x0000000344000000 0x0000000344200000 0x0000000344200000 Y/35    Allocating 
 Small   0x0000000344200000 0x0000000344400000 0x0000000344400000 O/9     Relocatable
 Small   0x0000000344400000 0x0000000344600000 0x0000000344600000 Y/35    Allocating 
 Small   0x0000000344600000 0x0000000344800000 0x0000000344800000 Y/35    Allocating 
 Small   0x0000000344800000 0x0000000344a00000 0x0000000344a00000 Y/35    Allocating 
 Small   0x0000000344a00000 0x0000000344c00000 0x0000000344c00000 O/11    Relocatable
 Small   0x0000000344c00000 0x0000000344e00000 0x0000000344e00000 Y/35    Allocating 
 Small   0x0000000344e00000 0x0000000345000000 0x0000000345000000 Y/35    Allocating 
 Small   0x0000000345000000 0x0000000345200000 0x0000000345200000 Y/35    Allocating 
 Small   0x0000000345200000 0x00000003453fffc8 0x0000000345400000 O/10    Relocatable
 Small   0x0000000345400000 0x0000000345600000 0x0000000345600000 Y/35    Allocating 
 Small   0x0000000345600000 0x0000000345800000 0x0000000345800000 Y/35    Allocating 
 Small   0x0000000345800000 0x0000000345a00000 0x0000000345a00000 Y/35    Allocating 
 Small   0x0000000345a00000 0x0000000345c00000 0x0000000345c00000 Y/35    Allocating 
 Small   0x0000000345c00000 0x0000000345dfffe0 0x0000000345e00000 O/10    Relocatable
 Small   0x0000000345e00000 0x0000000346000000 0x0000000346000000 Y/35    Allocating 
 Small   0x0000000346000000 0x0000000346200000 0x0000000346200000 Y/35    Allocating 
 Small   0x0000000346200000 0x0000000346400000 0x0000000346400000 Y/35    Allocating 
 Small   0x0000000346400000 0x0000000346600000 0x0000000346600000 Y/35    Allocating 
 Small   0x0000000346600000 0x0000000346800000 0x0000000346800000 Y/35    Allocating 
 Small   0x0000000346800000 0x0000000346a00000 0x0000000346a00000 Y/35    Allocating 
 Small   0x0000000346a00000 0x0000000346c00000 0x0000000346c00000 Y/35    Allocating 
 Small   0x0000000346c00000 0x0000000346dffff0 0x0000000346e00000 O/10    Relocatable
 Small   0x0000000346e00000 0x0000000346ffffc8 0x0000000347000000 O/11    Relocatable
 Small   0x0000000347000000 0x0000000347200000 0x0000000347200000 Y/35    Allocating 
 Small   0x0000000347200000 0x0000000347400000 0x0000000347400000 Y/35    Allocating 
 Small   0x0000000347400000 0x0000000347600000 0x0000000347600000 Y/35    Allocating 
 Small   0x0000000347600000 0x0000000347800000 0x0000000347800000 Y/35    Allocating 
 Small   0x0000000347800000 0x0000000347a00000 0x0000000347a00000 Y/35    Allocating 
 Small   0x0000000347a00000 0x0000000347c00000 0x0000000347c00000 Y/35    Allocating 
 Small   0x0000000347c00000 0x0000000347e00000 0x0000000347e00000 Y/35    Allocating 
 Small   0x0000000347e00000 0x0000000348000000 0x0000000348000000 Y/35    Allocating 
 Small   0x0000000348000000 0x0000000348200000 0x0000000348200000 Y/35    Allocating 
 Small   0x0000000348200000 0x0000000348400000 0x0000000348400000 Y/35    Allocating 
 Small   0x0000000348400000 0x0000000348600000 0x0000000348600000 Y/35    Allocating 
 Small   0x0000000348600000 0x0000000348800000 0x0000000348800000 Y/35    Allocating 
 Small   0x0000000348800000 0x0000000348a00000 0x0000000348a00000 Y/35    Allocating 
 Small   0x0000000348a00000 0x0000000348c00000 0x0000000348c00000 Y/35    Allocating 
 Small   0x0000000348c00000 0x0000000348e00000 0x0000000348e00000 Y/35    Allocating 
 Small   0x0000000348e00000 0x0000000349000000 0x0000000349000000 Y/35    Allocating 
 Small   0x0000000349000000 0x0000000349200000 0x0000000349200000 Y/35    Allocating 
 Small   0x0000000349200000 0x0000000349400000 0x0000000349400000 Y/35    Allocating 
 Small   0x0000000349400000 0x0000000349600000 0x0000000349600000 Y/35    Allocating 
 Small   0x0000000349600000 0x0000000349800000 0x0000000349800000 Y/35    Allocating 
 Small   0x0000000349800000 0x0000000349a00000 0x0000000349a00000 Y/35    Allocating 
 Small   0x0000000349a00000 0x0000000349c00000 0x0000000349c00000 Y/35    Allocating 
 Small   0x0000000349c00000 0x0000000349dfffe0 0x0000000349e00000 O/9     Relocatable
 Small   0x0000000349e00000 0x000000034a000000 0x000000034a000000 Y/35    Allocating 
 Small   0x000000034a000000 0x000000034a200000 0x000000034a200000 Y/35    Allocating 
 Small   0x000000034a200000 0x000000034a400000 0x000000034a400000 Y/35    Allocating 
 Small   0x000000034a400000 0x000000034a600000 0x000000034a600000 Y/35    Allocating 
 Small   0x000000034a600000 0x000000034a800000 0x000000034a800000 Y/35    Allocating 
 Small   0x000000034a800000 0x000000034a9fff78 0x000000034aa00000 O/10    Relocatable
 Small   0x000000034aa00000 0x000000034ac00000 0x000000034ac00000 Y/35    Allocating 
 Small   0x000000034ac00000 0x000000034ae00000 0x000000034ae00000 Y/35    Allocating 
 Small   0x000000034ae00000 0x000000034b000000 0x000000034b000000 Y/35    Allocating 
 Small   0x000000034b000000 0x000000034b200000 0x000000034b200000 Y/35    Allocating 
 Small   0x000000034b200000 0x000000034b400000 0x000000034b400000 Y/35    Allocating 
 Small   0x000000034b400000 0x000000034b600000 0x000000034b600000 Y/35    Allocating 
 Small   0x000000034b600000 0x000000034b800000 0x000000034b800000 Y/35    Allocating 
 Small   0x000000034b800000 0x000000034ba00000 0x000000034ba00000 Y/35    Allocating 
 Small   0x000000034ba00000 0x000000034bc00000 0x000000034bc00000 Y/35    Allocating 
 Small   0x000000034bc00000 0x000000034be00000 0x000000034be00000 Y/35    Allocating 
 Small   0x000000034be00000 0x000000034c000000 0x000000034c000000 Y/35    Allocating 
 Small   0x000000034c000000 0x000000034c200000 0x000000034c200000 Y/35    Allocating 
 Small   0x000000034c200000 0x000000034c400000 0x000000034c400000 Y/35    Allocating 
 Small   0x000000034c400000 0x000000034c600000 0x000000034c600000 Y/35    Allocating 
 Small   0x000000034c600000 0x000000034c800000 0x000000034c800000 Y/35    Allocating 
 Small   0x000000034c800000 0x000000034ca00000 0x000000034ca00000 Y/35    Allocating 
 Small   0x000000034ca00000 0x000000034cc00000 0x000000034cc00000 Y/35    Allocating 
 Small   0x000000034cc00000 0x000000034ce00000 0x000000034ce00000 Y/35    Allocating 
 Small   0x000000034ce00000 0x000000034d000000 0x000000034d000000 Y/35    Allocating 
 Small   0x000000034d000000 0x000000034d200000 0x000000034d200000 Y/35    Allocating 
 Small   0x000000034d200000 0x000000034d400000 0x000000034d400000 Y/35    Allocating 
 Small   0x000000034d400000 0x000000034d600000 0x000000034d600000 Y/35    Allocating 
 Small   0x000000034d600000 0x000000034d800000 0x000000034d800000 Y/35    Allocating 
 Small   0x000000034d800000 0x000000034da00000 0x000000034da00000 Y/35    Allocating 
 Small   0x000000034da00000 0x000000034dc00000 0x000000034dc00000 Y/35    Allocating 
 Small   0x000000034dc00000 0x000000034de00000 0x000000034de00000 Y/35    Allocating 
 Small   0x000000034de00000 0x000000034e000000 0x000000034e000000 Y/35    Allocating 
 Small   0x000000034e000000 0x000000034e200000 0x000000034e200000 Y/35    Allocating 
 Small   0x000000034e200000 0x000000034e400000 0x000000034e400000 Y/35    Allocating 
 Small   0x000000034e400000 0x000000034e600000 0x000000034e600000 Y/35    Allocating 
 Small   0x000000034e600000 0x000000034e800000 0x000000034e800000 Y/35    Allocating 
 Small   0x000000034e800000 0x000000034ea00000 0x000000034ea00000 Y/35    Allocating 
 Small   0x000000034ea00000 0x000000034ec00000 0x000000034ec00000 Y/35    Allocating 
 Small   0x000000034ec00000 0x000000034ee00000 0x000000034ee00000 Y/35    Allocating 
 Small   0x000000034ee00000 0x000000034f000000 0x000000034f000000 Y/35    Allocating 
 Small   0x000000034f000000 0x000000034f200000 0x000000034f200000 Y/35    Allocating 
 Small   0x000000034f200000 0x000000034f400000 0x000000034f400000 Y/35    Allocating 
 Small   0x000000034f400000 0x000000034f600000 0x000000034f600000 Y/35    Allocating 
 Small   0x000000034f600000 0x000000034f800000 0x000000034f800000 Y/35    Allocating 
 Small   0x000000034f800000 0x000000034f9fffd8 0x000000034fa00000 O/10    Relocatable
 Small   0x000000034fa00000 0x000000034fc00000 0x000000034fc00000 Y/35    Allocating 
 Small   0x000000034fc00000 0x000000034fe00000 0x000000034fe00000 Y/35    Allocating 
 Small   0x000000034fe00000 0x0000000350000000 0x0000000350000000 Y/35    Allocating 
 Small   0x0000000350000000 0x0000000350200000 0x0000000350200000 Y/35    Allocating 
 Small   0x0000000350200000 0x0000000350400000 0x0000000350400000 Y/35    Allocating 
 Small   0x0000000350400000 0x0000000350600000 0x0000000350600000 Y/35    Allocating 
 Small   0x0000000350600000 0x00000003507fffc8 0x0000000350800000 O/10    Relocatable
 Small   0x0000000350800000 0x0000000350a00000 0x0000000350a00000 Y/35    Allocating 
 Small   0x0000000350a00000 0x0000000350c00000 0x0000000350c00000 Y/35    Allocating 
 Small   0x0000000350c00000 0x0000000350e00000 0x0000000350e00000 Y/35    Allocating 
 Small   0x0000000350e00000 0x0000000351000000 0x0000000351000000 Y/35    Allocating 
 Small   0x0000000351000000 0x0000000351200000 0x0000000351200000 Y/35    Allocating 
 Small   0x0000000351200000 0x0000000351400000 0x0000000351400000 Y/35    Allocating 
 Small   0x0000000351400000 0x0000000351600000 0x0000000351600000 Y/35    Allocating 
 Small   0x0000000351600000 0x0000000351800000 0x0000000351800000 Y/35    Allocating 
 Small   0x0000000351800000 0x0000000351a00000 0x0000000351a00000 Y/35    Allocating 
 Small   0x0000000351a00000 0x0000000351c00000 0x0000000351c00000 Y/35    Allocating 
 Small   0x0000000351c00000 0x0000000351e00000 0x0000000351e00000 Y/35    Allocating 
 Small   0x0000000351e00000 0x0000000352000000 0x0000000352000000 Y/35    Allocating 
 Small   0x0000000352000000 0x0000000352200000 0x0000000352200000 Y/35    Allocating 
 Small   0x0000000352200000 0x0000000352400000 0x0000000352400000 Y/35    Allocating 
 Small   0x0000000352400000 0x0000000352600000 0x0000000352600000 Y/35    Allocating 
 Small   0x0000000352600000 0x0000000352800000 0x0000000352800000 Y/35    Allocating 
 Small   0x0000000352800000 0x0000000352a00000 0x0000000352a00000 Y/35    Allocating 
 Small   0x0000000352a00000 0x0000000352c00000 0x0000000352c00000 Y/35    Allocating 
 Small   0x0000000352c00000 0x0000000352e00000 0x0000000352e00000 Y/35    Allocating 
 Small   0x0000000352e00000 0x0000000353000000 0x0000000353000000 Y/35    Allocating 
 Small   0x0000000353000000 0x0000000353200000 0x0000000353200000 Y/35    Allocating 
 Small   0x0000000353200000 0x0000000353400000 0x0000000353400000 Y/35    Allocating 
 Small   0x0000000353400000 0x0000000353600000 0x0000000353600000 Y/35    Allocating 
 Small   0x0000000353600000 0x0000000353800000 0x0000000353800000 Y/35    Allocating 
 Small   0x0000000353800000 0x0000000353a00000 0x0000000353a00000 Y/35    Allocating 
 Small   0x0000000353a00000 0x0000000353c00000 0x0000000353c00000 Y/35    Allocating 
 Small   0x0000000353c00000 0x0000000353e00000 0x0000000353e00000 Y/35    Allocating 
 Small   0x0000000353e00000 0x0000000354000000 0x0000000354000000 Y/35    Allocating 
 Small   0x0000000354000000 0x0000000354200000 0x0000000354200000 Y/35    Allocating 
 Small   0x0000000354200000 0x0000000354400000 0x0000000354400000 Y/35    Allocating 
 Small   0x0000000354400000 0x0000000354600000 0x0000000354600000 Y/35    Allocating 
 Small   0x0000000354600000 0x0000000354800000 0x0000000354800000 Y/35    Allocating 
 Small   0x0000000354800000 0x0000000354a00000 0x0000000354a00000 Y/35    Allocating 
 Small   0x0000000354a00000 0x0000000354c00000 0x0000000354c00000 Y/35    Allocating 
 Small   0x0000000354c00000 0x0000000354e00000 0x0000000354e00000 Y/35    Allocating 
 Small   0x0000000354e00000 0x0000000355000000 0x0000000355000000 Y/35    Allocating 
 Small   0x0000000355000000 0x0000000355200000 0x0000000355200000 Y/35    Allocating 
 Small   0x0000000355200000 0x0000000355400000 0x0000000355400000 Y/35    Allocating 
 Small   0x0000000355400000 0x0000000355600000 0x0000000355600000 Y/35    Allocating 
 Small   0x0000000355600000 0x0000000355800000 0x0000000355800000 Y/35    Allocating 
 Small   0x0000000355800000 0x0000000355a00000 0x0000000355a00000 Y/35    Allocating 
 Small   0x0000000355a00000 0x0000000355c00000 0x0000000355c00000 Y/35    Allocating 
 Small   0x0000000355c00000 0x0000000355dfffa8 0x0000000355e00000 O/10    Relocatable
 Small   0x0000000355e00000 0x0000000356000000 0x0000000356000000 O/10    Relocatable
 Small   0x0000000356000000 0x0000000356200000 0x0000000356200000 Y/35    Allocating 
 Small   0x0000000356200000 0x0000000356400000 0x0000000356400000 Y/35    Allocating 
 Small   0x0000000356400000 0x0000000356600000 0x0000000356600000 Y/35    Allocating 
 Small   0x0000000356600000 0x0000000356800000 0x0000000356800000 Y/35    Allocating 
 Small   0x0000000356800000 0x0000000356a00000 0x0000000356a00000 Y/35    Allocating 
 Small   0x0000000356a00000 0x0000000356c00000 0x0000000356c00000 Y/35    Allocating 
 Small   0x0000000356c00000 0x0000000356dfffe0 0x0000000356e00000 O/10    Relocatable
 Small   0x0000000356e00000 0x0000000357000000 0x0000000357000000 Y/35    Allocating 
 Small   0x0000000357000000 0x0000000357200000 0x0000000357200000 Y/35    Allocating 
 Small   0x0000000357200000 0x0000000357400000 0x0000000357400000 Y/35    Allocating 
 Small   0x0000000357400000 0x0000000357600000 0x0000000357600000 Y/35    Allocating 
 Small   0x0000000357600000 0x0000000357800000 0x0000000357800000 Y/35    Allocating 
 Small   0x0000000357800000 0x0000000357a00000 0x0000000357a00000 Y/35    Allocating 
 Small   0x0000000357a00000 0x0000000357c00000 0x0000000357c00000 Y/35    Allocating 
 Small   0x0000000357c00000 0x0000000357dfff88 0x0000000357e00000 O/10    Relocatable
 Small   0x0000000357e00000 0x0000000358000000 0x0000000358000000 Y/35    Allocating 
 Small   0x0000000358000000 0x0000000358200000 0x0000000358200000 Y/35    Allocating 
 Small   0x0000000358200000 0x0000000358400000 0x0000000358400000 Y/35    Allocating 
 Small   0x0000000358400000 0x00000003585fffe8 0x0000000358600000 O/10    Relocatable
 Small   0x0000000358600000 0x0000000358800000 0x0000000358800000 Y/35    Allocating 
 Small   0x0000000358800000 0x0000000358a00000 0x0000000358a00000 Y/35    Allocating 
 Small   0x0000000358a00000 0x0000000358c00000 0x0000000358c00000 Y/35    Allocating 
 Small   0x0000000358c00000 0x0000000358e00000 0x0000000358e00000 Y/35    Allocating 
 Small   0x0000000358e00000 0x0000000359000000 0x0000000359000000 Y/35    Allocating 
 Small   0x0000000359000000 0x0000000359200000 0x0000000359200000 Y/35    Allocating 
 Small   0x0000000359200000 0x0000000359400000 0x0000000359400000 Y/35    Allocating 
 Small   0x0000000359400000 0x0000000359600000 0x0000000359600000 Y/35    Allocating 
 Small   0x0000000359600000 0x0000000359800000 0x0000000359800000 Y/35    Allocating 
 Small   0x0000000359800000 0x0000000359a00000 0x0000000359a00000 Y/35    Allocating 
 Small   0x0000000359a00000 0x0000000359c00000 0x0000000359c00000 Y/35    Allocating 
 Small   0x0000000359c00000 0x0000000359e00000 0x0000000359e00000 Y/35    Allocating 
 Small   0x0000000359e00000 0x000000035a000000 0x000000035a000000 Y/35    Allocating 
 Small   0x000000035a000000 0x000000035a200000 0x000000035a200000 Y/35    Allocating 
 Small   0x000000035a200000 0x000000035a400000 0x000000035a400000 Y/35    Allocating 
 Small   0x000000035a400000 0x000000035a600000 0x000000035a600000 Y/35    Allocating 
 Small   0x000000035a600000 0x000000035a800000 0x000000035a800000 Y/35    Allocating 
 Small   0x000000035a800000 0x000000035aa00000 0x000000035aa00000 Y/35    Allocating 
 Small   0x000000035aa00000 0x000000035ac00000 0x000000035ac00000 Y/35    Allocating 
 Small   0x000000035ac00000 0x000000035ae00000 0x000000035ae00000 Y/35    Allocating 
 Small   0x000000035ae00000 0x000000035b000000 0x000000035b000000 Y/35    Allocating 
 Small   0x000000035b000000 0x000000035b200000 0x000000035b200000 Y/35    Allocating 
 Small   0x000000035b200000 0x000000035b400000 0x000000035b400000 Y/35    Allocating 
 Small   0x000000035b400000 0x000000035b600000 0x000000035b600000 Y/35    Allocating 
 Small   0x000000035b600000 0x000000035b800000 0x000000035b800000 Y/35    Allocating 
 Small   0x000000035b800000 0x000000035ba00000 0x000000035ba00000 Y/35    Allocating 
 Small   0x000000035ba00000 0x000000035bc00000 0x000000035bc00000 Y/35    Allocating 
 Small   0x000000035bc00000 0x000000035be00000 0x000000035be00000 Y/35    Allocating 
 Small   0x000000035be00000 0x000000035c000000 0x000000035c000000 Y/35    Allocating 
 Small   0x000000035c000000 0x000000035c200000 0x000000035c200000 Y/35    Allocating 
 Small   0x000000035c200000 0x000000035c400000 0x000000035c400000 Y/35    Allocating 
 Small   0x000000035c400000 0x000000035c600000 0x000000035c600000 Y/35    Allocating 
 Small   0x000000035c600000 0x000000035c800000 0x000000035c800000 Y/35    Allocating 
 Small   0x000000035c800000 0x000000035c9fffb0 0x000000035ca00000 O/10    Relocatable
 Small   0x000000035ca00000 0x000000035cc00000 0x000000035cc00000 Y/35    Allocating 
 Small   0x000000035cc00000 0x000000035ce00000 0x000000035ce00000 Y/35    Allocating 
 Small   0x000000035ce00000 0x000000035d000000 0x000000035d000000 Y/35    Allocating 
 Small   0x000000035d000000 0x000000035d200000 0x000000035d200000 Y/35    Allocating 
 Small   0x000000035d200000 0x000000035d400000 0x000000035d400000 Y/35    Allocating 
 Small   0x000000035d400000 0x000000035d600000 0x000000035d600000 Y/35    Allocating 
 Small   0x000000035d600000 0x000000035d800000 0x000000035d800000 Y/35    Allocating 
 Small   0x000000035d800000 0x000000035da00000 0x000000035da00000 Y/35    Allocating 
 Small   0x000000035da00000 0x000000035dc00000 0x000000035dc00000 Y/35    Allocating 
 Small   0x000000035dc00000 0x000000035de00000 0x000000035de00000 Y/35    Allocating 
 Small   0x000000035de00000 0x000000035e000000 0x000000035e000000 Y/35    Allocating 
 Small   0x000000035e000000 0x000000035e200000 0x000000035e200000 Y/35    Allocating 
 Small   0x000000035e200000 0x000000035e400000 0x000000035e400000 Y/35    Allocating 
 Small   0x000000035e400000 0x000000035e600000 0x000000035e600000 Y/35    Allocating 
 Small   0x000000035e600000 0x000000035e800000 0x000000035e800000 Y/35    Allocating 
 Small   0x000000035e800000 0x000000035ea00000 0x000000035ea00000 Y/35    Allocating 
 Small   0x000000035ea00000 0x000000035ec00000 0x000000035ec00000 O/10    Relocatable
 Small   0x000000035ec00000 0x000000035ee00000 0x000000035ee00000 Y/35    Allocating 
 Small   0x000000035ee00000 0x000000035f000000 0x000000035f000000 Y/35    Allocating 
 Small   0x000000035f000000 0x000000035f200000 0x000000035f200000 Y/35    Allocating 
 Small   0x000000035f200000 0x000000035f3fffa0 0x000000035f400000 O/10    Relocatable
 Small   0x000000035f400000 0x000000035f600000 0x000000035f600000 Y/35    Allocating 
 Small   0x000000035f600000 0x000000035f7ffff8 0x000000035f800000 O/10    Relocatable
 Small   0x000000035f800000 0x000000035f9fffd0 0x000000035fa00000 O/10    Relocatable
 Small   0x000000035fa00000 0x000000035fc00000 0x000000035fc00000 Y/35    Allocating 
 Small   0x000000035fc00000 0x000000035fdfffe0 0x000000035fe00000 O/10    Relocatable
 Small   0x000000035fe00000 0x0000000360000000 0x0000000360000000 Y/35    Allocating 
 Small   0x0000000360000000 0x0000000360200000 0x0000000360200000 Y/35    Allocating 
 Small   0x0000000360200000 0x0000000360400000 0x0000000360400000 Y/35    Allocating 
 Small   0x0000000360400000 0x0000000360440000 0x0000000360600000 Y/35    Allocating 
 Small   0x0000000360600000 0x0000000360800000 0x0000000360800000 Y/35    Allocating 
 Small   0x0000000360800000 0x0000000360a00000 0x0000000360a00000 Y/35    Allocating 
 Small   0x0000000360a00000 0x0000000360c00000 0x0000000360c00000 Y/35    Allocating 
 Small   0x0000000360c00000 0x0000000360e00000 0x0000000360e00000 Y/35    Allocating 
 Small   0x0000000360e00000 0x0000000361000000 0x0000000361000000 Y/35    Allocating 
 Small   0x0000000361000000 0x0000000361200000 0x0000000361200000 Y/35    Allocating 
 Small   0x0000000361200000 0x0000000361400000 0x0000000361400000 Y/35    Allocating 
 Small   0x0000000361400000 0x0000000361600000 0x0000000361600000 Y/35    Allocating 
 Small   0x0000000361600000 0x0000000361800000 0x0000000361800000 Y/35    Allocating 
 Small   0x0000000361800000 0x0000000361a00000 0x0000000361a00000 Y/35    Allocating 
 Small   0x0000000361a00000 0x0000000361c00000 0x0000000361c00000 Y/35    Allocating 
 Small   0x0000000361c00000 0x0000000361e00000 0x0000000361e00000 Y/35    Allocating 
 Small   0x0000000361e00000 0x0000000362000000 0x0000000362000000 Y/35    Allocating 
 Small   0x0000000362000000 0x0000000362200000 0x0000000362200000 Y/35    Allocating 
 Small   0x0000000362200000 0x0000000362400000 0x0000000362400000 Y/35    Allocating 
 Small   0x0000000362400000 0x0000000362600000 0x0000000362600000 O/10    Relocatable
 Small   0x0000000362600000 0x0000000362800000 0x0000000362800000 Y/35    Allocating 
 Small   0x0000000362800000 0x0000000362a00000 0x0000000362a00000 Y/35    Allocating 
 Small   0x0000000362a00000 0x0000000362c00000 0x0000000362c00000 Y/35    Allocating 
 Small   0x0000000362c00000 0x0000000362e00000 0x0000000362e00000 Y/35    Allocating 
 Small   0x0000000362e00000 0x0000000363000000 0x0000000363000000 Y/35    Allocating 
 Small   0x0000000363000000 0x00000003631ffff8 0x0000000363200000 O/10    Relocatable
 Small   0x0000000363200000 0x0000000363400000 0x0000000363400000 Y/35    Allocating 
 Small   0x0000000363400000 0x0000000363600000 0x0000000363600000 Y/35    Allocating 
 Small   0x0000000363600000 0x0000000363800000 0x0000000363800000 Y/35    Allocating 
 Small   0x0000000363800000 0x0000000363a00000 0x0000000363a00000 Y/35    Allocating 
 Small   0x0000000363a00000 0x0000000363c00000 0x0000000363c00000 Y/35    Allocating 
 Small   0x0000000363c00000 0x0000000363e00000 0x0000000363e00000 Y/35    Allocating 
 Small   0x0000000363e00000 0x0000000364000000 0x0000000364000000 Y/35    Allocating 
 Small   0x0000000364000000 0x0000000364200000 0x0000000364200000 Y/35    Allocating 
 Small   0x0000000364200000 0x0000000364400000 0x0000000364400000 Y/35    Allocating 
 Small   0x0000000364400000 0x0000000364600000 0x0000000364600000 Y/35    Allocating 
 Small   0x0000000364600000 0x0000000364800000 0x0000000364800000 Y/35    Allocating 
 Small   0x0000000364800000 0x0000000364a00000 0x0000000364a00000 Y/35    Allocating 
 Small   0x0000000364a00000 0x0000000364c00000 0x0000000364c00000 Y/35    Allocating 
 Small   0x0000000364c00000 0x0000000364e00000 0x0000000364e00000 Y/35    Allocating 
 Small   0x0000000364e00000 0x0000000365000000 0x0000000365000000 Y/35    Allocating 
 Small   0x0000000365000000 0x0000000365200000 0x0000000365200000 Y/35    Allocating 
 Small   0x0000000365200000 0x0000000365400000 0x0000000365400000 Y/35    Allocating 
 Small   0x0000000365400000 0x0000000365600000 0x0000000365600000 Y/35    Allocating 
 Small   0x0000000365600000 0x0000000365800000 0x0000000365800000 Y/35    Allocating 
 Small   0x0000000365800000 0x0000000365a00000 0x0000000365a00000 Y/35    Allocating 
 Small   0x0000000365a00000 0x0000000365c00000 0x0000000365c00000 Y/35    Allocating 
 Small   0x0000000365c00000 0x0000000365dfffe0 0x0000000365e00000 O/10    Relocatable
 Small   0x0000000365e00000 0x0000000366000000 0x0000000366000000 Y/35    Allocating 
 Small   0x0000000366000000 0x0000000366200000 0x0000000366200000 Y/35    Allocating 
 Small   0x0000000366200000 0x0000000366400000 0x0000000366400000 Y/35    Allocating 
 Small   0x0000000366400000 0x0000000366600000 0x0000000366600000 Y/35    Allocating 
 Small   0x0000000366600000 0x0000000366800000 0x0000000366800000 Y/35    Allocating 
 Small   0x0000000366800000 0x0000000366a00000 0x0000000366a00000 Y/35    Allocating 
 Small   0x0000000366a00000 0x0000000366c00000 0x0000000366c00000 Y/35    Allocating 
 Small   0x0000000366c00000 0x0000000366e00000 0x0000000366e00000 Y/35    Allocating 
 Small   0x0000000366e00000 0x0000000367000000 0x0000000367000000 Y/35    Allocating 
 Small   0x0000000367000000 0x0000000367200000 0x0000000367200000 Y/35    Allocating 
 Small   0x0000000367200000 0x0000000367400000 0x0000000367400000 Y/35    Allocating 
 Small   0x0000000367400000 0x0000000367600000 0x0000000367600000 Y/35    Allocating 
 Small   0x0000000367600000 0x0000000367800000 0x0000000367800000 Y/35    Allocating 
 Small   0x0000000367800000 0x0000000367a00000 0x0000000367a00000 Y/35    Allocating 
 Small   0x0000000367a00000 0x0000000367c00000 0x0000000367c00000 Y/35    Allocating 
 Small   0x0000000367c00000 0x0000000367e00000 0x0000000367e00000 Y/35    Allocating 
 Small   0x0000000367e00000 0x0000000368000000 0x0000000368000000 Y/35    Allocating 
 Small   0x0000000368000000 0x0000000368200000 0x0000000368200000 Y/35    Allocating 
 Small   0x0000000368200000 0x0000000368400000 0x0000000368400000 Y/35    Allocating 
 Small   0x0000000368400000 0x0000000368600000 0x0000000368600000 Y/35    Allocating 
 Small   0x0000000368600000 0x00000003687fffe0 0x0000000368800000 O/9     Relocatable
 Small   0x0000000368800000 0x0000000368a00000 0x0000000368a00000 Y/35    Allocating 
 Small   0x0000000368a00000 0x0000000368c00000 0x0000000368c00000 Y/35    Allocating 
 Small   0x0000000368c00000 0x0000000368e00000 0x0000000368e00000 Y/35    Allocating 
 Small   0x0000000368e00000 0x0000000369000000 0x0000000369000000 Y/35    Allocating 
 Small   0x0000000369000000 0x0000000369200000 0x0000000369200000 Y/35    Allocating 
 Small   0x0000000369200000 0x0000000369400000 0x0000000369400000 Y/35    Allocating 
 Small   0x0000000369400000 0x00000003695ffff0 0x0000000369600000 O/12    Relocatable
 Small   0x0000000369600000 0x0000000369800000 0x0000000369800000 Y/35    Allocating 
 Small   0x0000000369800000 0x0000000369a00000 0x0000000369a00000 Y/35    Allocating 
 Small   0x0000000369a00000 0x0000000369c00000 0x0000000369c00000 Y/35    Allocating 
 Small   0x0000000369c00000 0x0000000369e00000 0x0000000369e00000 Y/35    Allocating 
 Small   0x0000000369e00000 0x000000036a000000 0x000000036a000000 Y/35    Allocating 
 Small   0x000000036a000000 0x000000036a1fff98 0x000000036a200000 O/10    Relocatable
 Small   0x000000036a200000 0x000000036a3fffa0 0x000000036a400000 O/11    Relocatable
 Small   0x000000036a400000 0x000000036a600000 0x000000036a600000 Y/35    Allocating 
 Small   0x000000036a600000 0x000000036a800000 0x000000036a800000 Y/35    Allocating 
 Small   0x000000036a800000 0x000000036aa00000 0x000000036aa00000 Y/35    Allocating 
 Small   0x000000036aa00000 0x000000036ac00000 0x000000036ac00000 Y/35    Allocating 
 Small   0x000000036ac00000 0x000000036ae00000 0x000000036ae00000 Y/35    Allocating 
 Small   0x000000036ae00000 0x000000036b000000 0x000000036b000000 Y/35    Allocating 
 Small   0x000000036b000000 0x000000036b200000 0x000000036b200000 Y/35    Allocating 
 Small   0x000000036b200000 0x000000036b400000 0x000000036b400000 Y/35    Allocating 
 Small   0x000000036b400000 0x000000036b5fffe0 0x000000036b600000 O/10    Relocatable
 Small   0x000000036b600000 0x000000036b800000 0x000000036b800000 Y/35    Allocating 
 Small   0x000000036b800000 0x000000036ba00000 0x000000036ba00000 Y/35    Allocating 
 Small   0x000000036ba00000 0x000000036bbfffe0 0x000000036bc00000 O/10    Relocatable
 Small   0x000000036bc00000 0x000000036be00000 0x000000036be00000 Y/35    Allocating 
 Small   0x000000036be00000 0x000000036c000000 0x000000036c000000 Y/35    Allocating 
 Small   0x000000036c000000 0x000000036c200000 0x000000036c200000 Y/35    Allocating 
 Small   0x000000036c200000 0x000000036c400000 0x000000036c400000 Y/35    Allocating 
 Small   0x000000036c400000 0x000000036c600000 0x000000036c600000 Y/35    Allocating 
 Small   0x000000036c600000 0x000000036c800000 0x000000036c800000 Y/35    Allocating 
 Small   0x000000036c800000 0x000000036ca00000 0x000000036ca00000 Y/35    Allocating 
 Small   0x000000036ca00000 0x000000036cc00000 0x000000036cc00000 Y/35    Allocating 
 Small   0x000000036cc00000 0x000000036ce00000 0x000000036ce00000 Y/35    Allocating 
 Small   0x000000036ce00000 0x000000036d000000 0x000000036d000000 Y/35    Allocating 
 Small   0x000000036d000000 0x000000036d200000 0x000000036d200000 Y/35    Allocating 
 Small   0x000000036d200000 0x000000036d400000 0x000000036d400000 Y/35    Allocating 
 Small   0x000000036d400000 0x000000036d600000 0x000000036d600000 O/9     Relocatable
 Small   0x000000036d600000 0x000000036d800000 0x000000036d800000 Y/35    Allocating 
 Small   0x000000036d800000 0x000000036da00000 0x000000036da00000 Y/35    Allocating 
 Small   0x000000036da00000 0x000000036dbffff0 0x000000036dc00000 O/10    Relocatable
 Small   0x000000036dc00000 0x000000036de00000 0x000000036de00000 Y/35    Allocating 
 Small   0x000000036de00000 0x000000036e000000 0x000000036e000000 Y/35    Allocating 
 Small   0x000000036e000000 0x000000036e200000 0x000000036e200000 Y/35    Allocating 
 Small   0x000000036e200000 0x000000036e3fffd0 0x000000036e400000 O/9     Relocatable
 Small   0x000000036e400000 0x000000036e600000 0x000000036e600000 Y/35    Allocating 
 Small   0x000000036e600000 0x000000036e800000 0x000000036e800000 Y/35    Allocating 
 Small   0x000000036e800000 0x000000036ea00000 0x000000036ea00000 Y/35    Allocating 
 Small   0x000000036ea00000 0x000000036ec00000 0x000000036ec00000 Y/35    Allocating 
 Small   0x000000036ec00000 0x000000036ee00000 0x000000036ee00000 Y/35    Allocating 
 Small   0x000000036ee00000 0x000000036f000000 0x000000036f000000 Y/35    Allocating 
 Small   0x000000036f000000 0x000000036f200000 0x000000036f200000 Y/35    Allocating 
 Small   0x000000036f200000 0x000000036f400000 0x000000036f400000 Y/35    Allocating 
 Small   0x000000036f400000 0x000000036f600000 0x000000036f600000 Y/35    Allocating 
 Small   0x000000036f600000 0x000000036f800000 0x000000036f800000 Y/35    Allocating 
 Small   0x000000036f800000 0x000000036fa00000 0x000000036fa00000 Y/35    Allocating 
 Small   0x000000036fa00000 0x000000036fc00000 0x000000036fc00000 Y/35    Allocating 
 Small   0x000000036fc00000 0x000000036fe00000 0x000000036fe00000 Y/35    Allocating 
 Small   0x000000036fe00000 0x0000000370000000 0x0000000370000000 Y/35    Allocating 
 Small   0x0000000370000000 0x0000000370200000 0x0000000370200000 Y/35    Allocating 
 Small   0x0000000370200000 0x0000000370400000 0x0000000370400000 Y/35    Allocating 
 Small   0x0000000370400000 0x0000000370600000 0x0000000370600000 Y/35    Allocating 
 Small   0x0000000370600000 0x0000000370800000 0x0000000370800000 Y/35    Allocating 
 Small   0x0000000370800000 0x0000000370a00000 0x0000000370a00000 Y/35    Allocating 
 Small   0x0000000370a00000 0x0000000370c00000 0x0000000370c00000 Y/35    Allocating 
 Small   0x0000000370c00000 0x0000000370e00000 0x0000000370e00000 Y/35    Allocating 
 Small   0x0000000370e00000 0x0000000371000000 0x0000000371000000 Y/35    Allocating 
 Small   0x0000000371000000 0x0000000371200000 0x0000000371200000 O/9     Relocatable
 Small   0x0000000371200000 0x0000000371400000 0x0000000371400000 Y/35    Allocating 
 Small   0x0000000371400000 0x0000000371600000 0x0000000371600000 Y/35    Allocating 
 Small   0x0000000371600000 0x0000000371800000 0x0000000371800000 Y/35    Allocating 
 Small   0x0000000371800000 0x0000000371a00000 0x0000000371a00000 Y/35    Allocating 
 Small   0x0000000371a00000 0x0000000371c00000 0x0000000371c00000 Y/35    Allocating 
 Small   0x0000000371c00000 0x0000000371e00000 0x0000000371e00000 Y/35    Allocating 
 Small   0x0000000371e00000 0x0000000372000000 0x0000000372000000 Y/35    Allocating 
 Small   0x0000000372000000 0x0000000372200000 0x0000000372200000 Y/35    Allocating 
 Small   0x0000000372200000 0x0000000372400000 0x0000000372400000 Y/35    Allocating 
 Small   0x0000000372400000 0x0000000372600000 0x0000000372600000 Y/35    Allocating 
 Small   0x0000000372600000 0x0000000372800000 0x0000000372800000 Y/35    Allocating 
 Small   0x0000000372800000 0x0000000372a00000 0x0000000372a00000 Y/35    Allocating 
 Small   0x0000000372a00000 0x0000000372c00000 0x0000000372c00000 Y/35    Allocating 
 Small   0x0000000372c00000 0x0000000372e00000 0x0000000372e00000 Y/35    Allocating 
 Small   0x0000000372e00000 0x0000000373000000 0x0000000373000000 Y/35    Allocating 
 Small   0x0000000373000000 0x0000000373200000 0x0000000373200000 Y/35    Allocating 
 Small   0x0000000373200000 0x0000000373400000 0x0000000373400000 Y/35    Allocating 
 Small   0x0000000373400000 0x0000000373600000 0x0000000373600000 Y/35    Allocating 
 Small   0x0000000373600000 0x00000003737ffff8 0x0000000373800000 O/10    Relocatable
 Small   0x0000000373800000 0x0000000373a00000 0x0000000373a00000 Y/35    Allocating 
 Small   0x0000000373a00000 0x0000000373c00000 0x0000000373c00000 Y/35    Allocating 
 Small   0x0000000373c00000 0x0000000373e00000 0x0000000373e00000 Y/35    Allocating 
 Small   0x0000000373e00000 0x0000000374000000 0x0000000374000000 Y/35    Allocating 
 Small   0x0000000374000000 0x00000003741fffe0 0x0000000374200000 O/10    Relocatable
 Small   0x0000000374200000 0x0000000374400000 0x0000000374400000 Y/35    Allocating 
 Small   0x0000000374400000 0x0000000374600000 0x0000000374600000 Y/35    Allocating 
 Small   0x0000000374600000 0x0000000374800000 0x0000000374800000 Y/35    Allocating 
 Small   0x0000000374800000 0x0000000374a00000 0x0000000374a00000 Y/35    Allocating 
 Small   0x0000000374a00000 0x0000000374bfffd0 0x0000000374c00000 O/10    Relocatable
 Small   0x0000000374c00000 0x0000000374e00000 0x0000000374e00000 Y/35    Allocating 
 Small   0x0000000374e00000 0x0000000375000000 0x0000000375000000 Y/35    Allocating 
 Small   0x0000000375000000 0x0000000375200000 0x0000000375200000 Y/35    Allocating 
 Small   0x0000000375200000 0x0000000375400000 0x0000000375400000 Y/35    Allocating 
 Small   0x0000000375400000 0x00000003755ffff0 0x0000000375600000 O/11    Relocatable
 Small   0x0000000375600000 0x0000000375800000 0x0000000375800000 Y/35    Allocating 
 Small   0x0000000375800000 0x0000000375a00000 0x0000000375a00000 Y/35    Allocating 
 Small   0x0000000375a00000 0x0000000375c00000 0x0000000375c00000 Y/35    Allocating 
 Small   0x0000000375c00000 0x0000000375e00000 0x0000000375e00000 Y/35    Allocating 
 Small   0x0000000375e00000 0x0000000376000000 0x0000000376000000 Y/35    Allocating 
 Small   0x0000000376000000 0x0000000376200000 0x0000000376200000 Y/35    Allocating 
 Small   0x0000000376200000 0x0000000376400000 0x0000000376400000 Y/35    Allocating 
 Small   0x0000000376400000 0x0000000376600000 0x0000000376600000 Y/35    Allocating 
 Small   0x0000000376600000 0x00000003767ffff8 0x0000000376800000 O/10    Relocatable
 Small   0x0000000376800000 0x0000000376a00000 0x0000000376a00000 Y/35    Allocating 
 Small   0x0000000376a00000 0x0000000376bfff88 0x0000000376c00000 O/10    Relocatable
 Small   0x0000000376c00000 0x0000000376e00000 0x0000000376e00000 Y/35    Allocating 
 Small   0x0000000376e00000 0x0000000376ffff90 0x0000000377000000 O/10    Relocatable
 Small   0x0000000377000000 0x0000000377200000 0x0000000377200000 Y/35    Allocating 
 Small   0x0000000377200000 0x0000000377400000 0x0000000377400000 Y/35    Allocating 
 Small   0x0000000377400000 0x0000000377600000 0x0000000377600000 Y/35    Allocating 
 Small   0x0000000377600000 0x0000000377800000 0x0000000377800000 Y/35    Allocating 
 Small   0x0000000377800000 0x0000000377a00000 0x0000000377a00000 Y/35    Allocating 
 Small   0x0000000377a00000 0x0000000377bffff0 0x0000000377c00000 O/10    Relocatable
 Small   0x0000000377c00000 0x0000000377e00000 0x0000000377e00000 Y/35    Allocating 
 Small   0x0000000377e00000 0x0000000378000000 0x0000000378000000 Y/35    Allocating 
 Small   0x0000000378000000 0x0000000378200000 0x0000000378200000 Y/35    Allocating 
 Small   0x0000000378200000 0x0000000378400000 0x0000000378400000 Y/35    Allocating 
 Small   0x0000000378400000 0x0000000378600000 0x0000000378600000 Y/35    Allocating 
 Small   0x0000000378600000 0x0000000378800000 0x0000000378800000 Y/35    Allocating 
 Small   0x0000000378800000 0x0000000378a00000 0x0000000378a00000 Y/35    Allocating 
 Small   0x0000000378a00000 0x0000000378c00000 0x0000000378c00000 Y/35    Allocating 
 Small   0x0000000378c00000 0x0000000378e00000 0x0000000378e00000 Y/35    Allocating 
 Small   0x0000000378e00000 0x0000000379000000 0x0000000379000000 Y/35    Allocating 
 Small   0x0000000379000000 0x00000003791fffb0 0x0000000379200000 O/10    Relocatable
 Small   0x0000000379200000 0x0000000379400000 0x0000000379400000 Y/35    Allocating 
 Small   0x0000000379400000 0x00000003795ffff8 0x0000000379600000 O/10    Relocatable
 Small   0x0000000379600000 0x0000000379800000 0x0000000379800000 Y/35    Allocating 
 Small   0x0000000379800000 0x0000000379a00000 0x0000000379a00000 Y/35    Allocating 
 Small   0x0000000379a00000 0x0000000379c00000 0x0000000379c00000 Y/35    Allocating 
 Small   0x0000000379c00000 0x0000000379e00000 0x0000000379e00000 Y/35    Allocating 
 Small   0x0000000379e00000 0x0000000379fffff0 0x000000037a000000 O/10    Relocatable
 Small   0x000000037a000000 0x000000037a200000 0x000000037a200000 Y/35    Allocating 
 Small   0x000000037a200000 0x000000037a3fffd8 0x000000037a400000 O/10    Relocatable
 Small   0x000000037a400000 0x000000037a5fffd0 0x000000037a600000 O/9     Relocatable
 Small   0x000000037a600000 0x000000037a800000 0x000000037a800000 Y/35    Allocating 
 Small   0x000000037a800000 0x000000037aa00000 0x000000037aa00000 Y/35    Allocating 
 Small   0x000000037aa00000 0x000000037ac00000 0x000000037ac00000 Y/35    Allocating 
 Small   0x000000037ac00000 0x000000037adffde8 0x000000037ae00000 O/9     Relocatable
 Small   0x000000037ae00000 0x000000037b000000 0x000000037b000000 Y/35    Allocating 
 Small   0x000000037b000000 0x000000037b200000 0x000000037b200000 Y/35    Allocating 
 Small   0x000000037b200000 0x000000037b400000 0x000000037b400000 Y/35    Allocating 
 Small   0x000000037b400000 0x000000037b5fffc8 0x000000037b600000 O/10    Relocatable
 Small   0x000000037b600000 0x000000037b800000 0x000000037b800000 Y/35    Allocating 
 Small   0x000000037b800000 0x000000037ba00000 0x000000037ba00000 Y/35    Allocating 
 Small   0x000000037ba00000 0x000000037bc00000 0x000000037bc00000 Y/35    Allocating 
 Small   0x000000037bc00000 0x000000037be00000 0x000000037be00000 Y/35    Allocating 
 Small   0x000000037be00000 0x000000037c000000 0x000000037c000000 Y/35    Allocating 
 Small   0x000000037c000000 0x000000037c200000 0x000000037c200000 Y/35    Allocating 
 Small   0x000000037c200000 0x000000037c400000 0x000000037c400000 Y/35    Allocating 
 Small   0x000000037c400000 0x000000037c600000 0x000000037c600000 Y/35    Allocating 
 Small   0x000000037c600000 0x000000037c800000 0x000000037c800000 Y/35    Allocating 
 Small   0x000000037c800000 0x000000037c9ffff8 0x000000037ca00000 O/10    Relocatable
 Small   0x000000037ca00000 0x000000037cc00000 0x000000037cc00000 Y/35    Allocating 
 Small   0x000000037cc00000 0x000000037cdffff8 0x000000037ce00000 O/10    Relocatable
 Small   0x000000037ce00000 0x000000037d000000 0x000000037d000000 Y/35    Allocating 
 Small   0x000000037d000000 0x000000037d200000 0x000000037d200000 Y/35    Allocating 
 Small   0x000000037d200000 0x000000037d3fffc8 0x000000037d400000 O/10    Relocatable
 Small   0x000000037d400000 0x000000037d600000 0x000000037d600000 Y/35    Allocating 
 Small   0x000000037d600000 0x000000037d800000 0x000000037d800000 Y/35    Allocating 
 Small   0x000000037d800000 0x000000037da00000 0x000000037da00000 Y/35    Allocating 
 Small   0x000000037da00000 0x000000037dc00000 0x000000037dc00000 Y/35    Allocating 
 Small   0x000000037dc00000 0x000000037de00000 0x000000037de00000 O/12    Relocatable
 Small   0x000000037de00000 0x000000037e000000 0x000000037e000000 Y/35    Allocating 
 Small   0x000000037e000000 0x000000037e200000 0x000000037e200000 Y/35    Allocating 
 Small   0x000000037e200000 0x000000037e400000 0x000000037e400000 Y/35    Allocating 
 Small   0x000000037e400000 0x000000037e600000 0x000000037e600000 Y/35    Allocating 
 Small   0x000000037e600000 0x000000037e800000 0x000000037e800000 Y/35    Allocating 
 Small   0x000000037e800000 0x000000037ea00000 0x000000037ea00000 Y/35    Allocating 
 Small   0x000000037ea00000 0x000000037ec00000 0x000000037ec00000 Y/35    Allocating 
 Small   0x000000037ec00000 0x000000037ee00000 0x000000037ee00000 Y/35    Allocating 
 Small   0x000000037ee00000 0x000000037effffe8 0x000000037f000000 O/9     Relocatable
 Small   0x000000037f000000 0x000000037f1fffa0 0x000000037f200000 O/10    Relocatable
 Small   0x000000037f200000 0x000000037f400000 0x000000037f400000 Y/35    Allocating 
 Small   0x000000037f400000 0x000000037f600000 0x000000037f600000 Y/35    Allocating 
 Small   0x000000037f600000 0x000000037f800000 0x000000037f800000 Y/35    Allocating 
 Small   0x000000037f800000 0x000000037fa00000 0x000000037fa00000 Y/35    Allocating 
 Small   0x000000037fa00000 0x000000037fc00000 0x000000037fc00000 Y/35    Allocating 
 Small   0x000000037fc00000 0x000000037fe00000 0x000000037fe00000 Y/35    Allocating 
 Small   0x000000037fe00000 0x0000000380000000 0x0000000380000000 Y/35    Allocating 
 Small   0x0000000380000000 0x0000000380200000 0x0000000380200000 Y/35    Allocating 
 Small   0x0000000380200000 0x0000000380400000 0x0000000380400000 Y/35    Allocating 
 Small   0x0000000380400000 0x0000000380600000 0x0000000380600000 Y/35    Allocating 
 Small   0x0000000380600000 0x0000000380800000 0x0000000380800000 Y/35    Allocating 
 Small   0x0000000380800000 0x0000000380a00000 0x0000000380a00000 Y/35    Allocating 
 Small   0x0000000380a00000 0x0000000380c00000 0x0000000380c00000 Y/35    Allocating 
 Small   0x0000000380c00000 0x0000000380e00000 0x0000000380e00000 Y/35    Allocating 
 Small   0x0000000380e00000 0x0000000381000000 0x0000000381000000 Y/35    Allocating 
 Small   0x0000000381000000 0x0000000381200000 0x0000000381200000 Y/35    Allocating 
 Small   0x0000000381200000 0x0000000381400000 0x0000000381400000 Y/35    Allocating 
 Small   0x0000000381400000 0x0000000381600000 0x0000000381600000 Y/35    Allocating 
 Small   0x0000000381600000 0x0000000381800000 0x0000000381800000 Y/35    Allocating 
 Small   0x0000000381800000 0x0000000381a00000 0x0000000381a00000 Y/35    Allocating 
 Small   0x0000000381a00000 0x0000000381bffe50 0x0000000381c00000 O/10    Relocatable
 Small   0x0000000381c00000 0x0000000381e00000 0x0000000381e00000 Y/35    Allocating 
 Small   0x0000000381e00000 0x0000000382000000 0x0000000382000000 Y/35    Allocating 
 Small   0x0000000382000000 0x0000000382200000 0x0000000382200000 Y/35    Allocating 
 Small   0x0000000382200000 0x0000000382400000 0x0000000382400000 Y/35    Allocating 
 Small   0x0000000382400000 0x0000000382600000 0x0000000382600000 Y/35    Allocating 
 Small   0x0000000382600000 0x0000000382800000 0x0000000382800000 O/10    Relocatable
 Small   0x0000000382800000 0x0000000382a00000 0x0000000382a00000 Y/35    Allocating 
 Small   0x0000000382a00000 0x0000000382bfffd8 0x0000000382c00000 O/10    Relocatable
 Small   0x0000000382c00000 0x0000000382dfffc0 0x0000000382e00000 O/10    Relocatable
 Small   0x0000000382e00000 0x0000000383000000 0x0000000383000000 Y/35    Allocating 
 Small   0x0000000383000000 0x0000000383200000 0x0000000383200000 Y/35    Allocating 
 Small   0x0000000383200000 0x0000000383400000 0x0000000383400000 Y/35    Allocating 
 Small   0x0000000383400000 0x0000000383600000 0x0000000383600000 Y/35    Allocating 
 Small   0x0000000383600000 0x0000000383800000 0x0000000383800000 Y/35    Allocating 
 Small   0x0000000383800000 0x0000000383a00000 0x0000000383a00000 Y/35    Allocating 
 Small   0x0000000383a00000 0x0000000383c00000 0x0000000383c00000 Y/35    Allocating 
 Small   0x0000000383c00000 0x0000000383e00000 0x0000000383e00000 Y/35    Allocating 
 Small   0x0000000383e00000 0x0000000384000000 0x0000000384000000 Y/35    Allocating 
 Small   0x0000000384000000 0x0000000384200000 0x0000000384200000 Y/35    Allocating 
 Small   0x0000000384200000 0x00000003843fffd8 0x0000000384400000 O/10    Relocatable
 Small   0x0000000384400000 0x0000000384600000 0x0000000384600000 Y/35    Allocating 
 Small   0x0000000384600000 0x0000000384800000 0x0000000384800000 Y/35    Allocating 
 Small   0x0000000384800000 0x0000000384a00000 0x0000000384a00000 Y/35    Allocating 
 Small   0x0000000384a00000 0x0000000384c00000 0x0000000384c00000 Y/35    Allocating 
 Small   0x0000000384c00000 0x0000000384e00000 0x0000000384e00000 Y/35    Allocating 
 Small   0x0000000384e00000 0x0000000385000000 0x0000000385000000 Y/35    Allocating 
 Small   0x0000000385000000 0x0000000385200000 0x0000000385200000 Y/35    Allocating 
 Small   0x0000000385200000 0x0000000385400000 0x0000000385400000 Y/35    Allocating 
 Small   0x0000000385400000 0x0000000385600000 0x0000000385600000 Y/35    Allocating 
 Small   0x0000000385600000 0x0000000385800000 0x0000000385800000 Y/35    Allocating 
 Small   0x0000000385800000 0x0000000385a00000 0x0000000385a00000 Y/35    Allocating 
 Small   0x0000000385a00000 0x0000000385c00000 0x0000000385c00000 Y/35    Allocating 
 Small   0x0000000385c00000 0x0000000385e00000 0x0000000385e00000 Y/35    Allocating 
 Small   0x0000000385e00000 0x0000000385fffff0 0x0000000386000000 O/10    Relocatable
 Small   0x0000000386000000 0x00000003861fffe0 0x0000000386200000 O/10    Relocatable
 Small   0x0000000386200000 0x0000000386400000 0x0000000386400000 Y/35    Allocating 
 Small   0x0000000386400000 0x0000000386600000 0x0000000386600000 Y/35    Allocating 
 Small   0x0000000386600000 0x0000000386800000 0x0000000386800000 Y/35    Allocating 
 Small   0x0000000386800000 0x0000000386a00000 0x0000000386a00000 Y/35    Allocating 
 Small   0x0000000386a00000 0x0000000386bfffc0 0x0000000386c00000 O/9     Relocatable
 Small   0x0000000386c00000 0x0000000386e00000 0x0000000386e00000 Y/35    Allocating 
 Small   0x0000000386e00000 0x0000000387000000 0x0000000387000000 Y/35    Allocating 
 Small   0x0000000387000000 0x00000003871fffe0 0x0000000387200000 O/10    Relocatable
 Small   0x0000000387200000 0x00000003873ffff0 0x0000000387400000 O/9     Relocatable
 Small   0x0000000387400000 0x00000003875fffd8 0x0000000387600000 O/10    Relocatable
 Small   0x0000000387600000 0x0000000387800000 0x0000000387800000 Y/35    Allocating 
 Small   0x0000000387800000 0x0000000387a00000 0x0000000387a00000 Y/35    Allocating 
 Small   0x0000000387a00000 0x0000000387c00000 0x0000000387c00000 Y/35    Allocating 
 Small   0x0000000387c00000 0x0000000387e00000 0x0000000387e00000 Y/35    Allocating 
 Small   0x0000000387e00000 0x0000000388000000 0x0000000388000000 Y/35    Allocating 
 Small   0x0000000388000000 0x0000000388200000 0x0000000388200000 Y/35    Allocating 
 Small   0x0000000388200000 0x0000000388400000 0x0000000388400000 Y/35    Allocating 
 Small   0x0000000388400000 0x0000000388600000 0x0000000388600000 Y/35    Allocating 
 Small   0x0000000388600000 0x0000000388800000 0x0000000388800000 Y/35    Allocating 
 Small   0x0000000388800000 0x00000003889fffc8 0x0000000388a00000 O/11    Relocatable
 Small   0x0000000388a00000 0x0000000388c00000 0x0000000388c00000 Y/35    Allocating 
 Small   0x0000000388c00000 0x0000000388e00000 0x0000000388e00000 Y/35    Allocating 
 Small   0x0000000388e00000 0x0000000389000000 0x0000000389000000 Y/35    Allocating 
 Small   0x0000000389000000 0x0000000389200000 0x0000000389200000 Y/35    Allocating 
 Small   0x0000000389200000 0x00000003893fffc8 0x0000000389400000 O/9     Relocatable
 Small   0x0000000389400000 0x0000000389600000 0x0000000389600000 Y/35    Allocating 
 Small   0x0000000389600000 0x0000000389800000 0x0000000389800000 Y/35    Allocating 
 Small   0x0000000389800000 0x0000000389a00000 0x0000000389a00000 Y/35    Allocating 
 Small   0x0000000389a00000 0x0000000389c00000 0x0000000389c00000 Y/35    Allocating 
 Small   0x0000000389c00000 0x0000000389dfffc0 0x0000000389e00000 O/10    Relocatable
 Small   0x0000000389e00000 0x000000038a000000 0x000000038a000000 Y/35    Allocating 
 Small   0x000000038a000000 0x000000038a200000 0x000000038a200000 Y/35    Allocating 
 Small   0x000000038a200000 0x000000038a400000 0x000000038a400000 Y/35    Allocating 
 Small   0x000000038a400000 0x000000038a600000 0x000000038a600000 Y/35    Allocating 
 Small   0x000000038a600000 0x000000038a800000 0x000000038a800000 Y/35    Allocating 
 Small   0x000000038a800000 0x000000038a9fffe8 0x000000038aa00000 O/10    Relocatable
 Small   0x000000038aa00000 0x000000038ac00000 0x000000038ac00000 Y/35    Allocating 
 Small   0x000000038ac00000 0x000000038ae00000 0x000000038ae00000 Y/35    Allocating 
 Small   0x000000038ae00000 0x000000038affffd8 0x000000038b000000 O/10    Relocatable
 Small   0x000000038b000000 0x000000038b200000 0x000000038b200000 Y/35    Allocating 
 Small   0x000000038b200000 0x000000038b400000 0x000000038b400000 Y/35    Allocating 
 Small   0x000000038b400000 0x000000038b600000 0x000000038b600000 Y/35    Allocating 
 Small   0x000000038b600000 0x000000038b800000 0x000000038b800000 Y/35    Allocating 
 Small   0x000000038b800000 0x000000038ba00000 0x000000038ba00000 Y/35    Allocating 
 Small   0x000000038ba00000 0x000000038bc00000 0x000000038bc00000 Y/35    Allocating 
 Small   0x000000038bc00000 0x000000038be00000 0x000000038be00000 Y/35    Allocating 
 Small   0x000000038be00000 0x000000038c000000 0x000000038c000000 Y/35    Allocating 
 Small   0x000000038c000000 0x000000038c200000 0x000000038c200000 Y/35    Allocating 
 Small   0x000000038c200000 0x000000038c400000 0x000000038c400000 Y/35    Allocating 
 Small   0x000000038c400000 0x000000038c600000 0x000000038c600000 Y/35    Allocating 
 Small   0x000000038c600000 0x000000038c7fffe8 0x000000038c800000 O/10    Relocatable
 Small   0x000000038c800000 0x000000038ca00000 0x000000038ca00000 Y/35    Allocating 
 Small   0x000000038ca00000 0x000000038cc00000 0x000000038cc00000 Y/35    Allocating 
 Small   0x000000038cc00000 0x000000038ce00000 0x000000038ce00000 O/10    Relocatable
 Small   0x000000038ce00000 0x000000038cfffff0 0x000000038d000000 O/10    Relocatable
 Small   0x000000038d000000 0x000000038d200000 0x000000038d200000 Y/35    Allocating 
 Small   0x000000038d200000 0x000000038d3fffe0 0x000000038d400000 O/10    Relocatable
 Small   0x000000038d400000 0x000000038d600000 0x000000038d600000 Y/35    Allocating 
 Small   0x000000038d600000 0x000000038d800000 0x000000038d800000 Y/35    Allocating 
 Small   0x000000038d800000 0x000000038da00000 0x000000038da00000 Y/35    Allocating 
 Small   0x000000038da00000 0x000000038dc00000 0x000000038dc00000 Y/35    Allocating 
 Small   0x000000038dc00000 0x000000038de00000 0x000000038de00000 Y/35    Allocating 
 Small   0x000000038de00000 0x000000038dffffa8 0x000000038e000000 O/10    Relocatable
 Small   0x000000038e000000 0x000000038e1fffc8 0x000000038e200000 O/10    Relocatable
 Small   0x000000038e200000 0x000000038e400000 0x000000038e400000 Y/35    Allocating 
 Small   0x000000038e400000 0x000000038e5fffa8 0x000000038e600000 O/12    Relocatable
 Small   0x000000038e600000 0x000000038e800000 0x000000038e800000 Y/35    Allocating 
 Small   0x000000038e800000 0x000000038ea00000 0x000000038ea00000 Y/35    Allocating 
 Small   0x000000038ea00000 0x000000038ebffff8 0x000000038ec00000 O/10    Relocatable
 Small   0x000000038ec00000 0x000000038ee00000 0x000000038ee00000 Y/35    Allocating 
 Small   0x000000038ee00000 0x000000038f000000 0x000000038f000000 Y/35    Allocating 
 Small   0x000000038f000000 0x000000038f200000 0x000000038f200000 Y/35    Allocating 
 Small   0x000000038f200000 0x000000038f400000 0x000000038f400000 Y/35    Allocating 
 Small   0x000000038f400000 0x000000038f600000 0x000000038f600000 Y/35    Allocating 
 Small   0x000000038f600000 0x000000038f7fffb8 0x000000038f800000 O/10    Relocatable
 Small   0x000000038f800000 0x000000038fa00000 0x000000038fa00000 Y/35    Allocating 
 Small   0x000000038fa00000 0x000000038fc00000 0x000000038fc00000 Y/35    Allocating 
 Small   0x000000038fc00000 0x000000038fe00000 0x000000038fe00000 Y/35    Allocating 
 Small   0x000000038fe00000 0x000000038fffffd0 0x0000000390000000 O/10    Relocatable
 Small   0x0000000390000000 0x0000000390200000 0x0000000390200000 Y/35    Allocating 
 Small   0x0000000390200000 0x0000000390400000 0x0000000390400000 Y/35    Allocating 
 Small   0x0000000390400000 0x0000000390600000 0x0000000390600000 Y/35    Allocating 
 Small   0x0000000390600000 0x0000000390800000 0x0000000390800000 Y/35    Allocating 
 Small   0x0000000390800000 0x0000000390a00000 0x0000000390a00000 Y/35    Allocating 
 Small   0x0000000390a00000 0x0000000390c00000 0x0000000390c00000 Y/35    Allocating 
 Small   0x0000000390c00000 0x0000000390e00000 0x0000000390e00000 Y/35    Allocating 
 Small   0x0000000390e00000 0x0000000391000000 0x0000000391000000 Y/35    Allocating 
 Small   0x0000000391000000 0x0000000391200000 0x0000000391200000 Y/35    Allocating 
 Small   0x0000000391200000 0x0000000391400000 0x0000000391400000 Y/35    Allocating 
 Small   0x0000000391400000 0x0000000391600000 0x0000000391600000 Y/35    Allocating 
 Small   0x0000000391600000 0x0000000391800000 0x0000000391800000 Y/35    Allocating 
 Small   0x0000000391800000 0x0000000391a00000 0x0000000391a00000 Y/35    Allocating 
 Small   0x0000000391a00000 0x0000000391c00000 0x0000000391c00000 Y/35    Allocating 
 Small   0x0000000391c00000 0x0000000391e00000 0x0000000391e00000 Y/35    Allocating 
 Small   0x0000000391e00000 0x0000000391fffff0 0x0000000392000000 O/10    Relocatable
 Small   0x0000000392000000 0x0000000392200000 0x0000000392200000 Y/35    Allocating 
 Small   0x0000000392200000 0x0000000392400000 0x0000000392400000 Y/35    Allocating 
 Small   0x0000000392400000 0x0000000392600000 0x0000000392600000 O/10    Relocatable
 Small   0x0000000392600000 0x0000000392800000 0x0000000392800000 Y/35    Allocating 
 Small   0x0000000392800000 0x0000000392a00000 0x0000000392a00000 Y/35    Allocating 
 Small   0x0000000392a00000 0x0000000392c00000 0x0000000392c00000 Y/35    Allocating 
 Small   0x0000000392c00000 0x0000000392e00000 0x0000000392e00000 Y/35    Allocating 
 Small   0x0000000392e00000 0x0000000393000000 0x0000000393000000 Y/35    Allocating 
 Small   0x0000000393000000 0x0000000393200000 0x0000000393200000 Y/35    Allocating 
 Small   0x0000000393200000 0x00000003933fffd8 0x0000000393400000 O/10    Relocatable
 Small   0x0000000393400000 0x0000000393600000 0x0000000393600000 Y/35    Allocating 
 Small   0x0000000393600000 0x00000003937fffc0 0x0000000393800000 O/11    Relocatable
 Small   0x0000000393800000 0x0000000393a00000 0x0000000393a00000 Y/35    Allocating 
 Small   0x0000000393a00000 0x0000000393c00000 0x0000000393c00000 Y/35    Allocating 
 Small   0x0000000393c00000 0x0000000393e00000 0x0000000393e00000 Y/35    Allocating 
 Small   0x0000000393e00000 0x0000000394000000 0x0000000394000000 Y/35    Allocating 
 Small   0x0000000394000000 0x0000000394200000 0x0000000394200000 Y/35    Allocating 
 Small   0x0000000394200000 0x0000000394400000 0x0000000394400000 Y/35    Allocating 
 Small   0x0000000394400000 0x0000000394600000 0x0000000394600000 Y/35    Allocating 
 Small   0x0000000394600000 0x0000000394800000 0x0000000394800000 Y/35    Allocating 
 Small   0x0000000394800000 0x0000000394a00000 0x0000000394a00000 Y/35    Allocating 
 Small   0x0000000394a00000 0x0000000394c00000 0x0000000394c00000 Y/35    Allocating 
 Small   0x0000000394c00000 0x0000000394e00000 0x0000000394e00000 Y/35    Allocating 
 Small   0x0000000394e00000 0x0000000395000000 0x0000000395000000 Y/35    Allocating 
 Small   0x0000000395000000 0x0000000395200000 0x0000000395200000 Y/35    Allocating 
 Small   0x0000000395200000 0x0000000395400000 0x0000000395400000 Y/35    Allocating 
 Small   0x0000000395400000 0x0000000395600000 0x0000000395600000 Y/35    Allocating 
 Small   0x0000000395600000 0x0000000395800000 0x0000000395800000 Y/35    Allocating 
 Small   0x0000000395800000 0x0000000395a00000 0x0000000395a00000 Y/35    Allocating 
 Small   0x0000000395a00000 0x0000000395c00000 0x0000000395c00000 Y/35    Allocating 
 Small   0x0000000395c00000 0x0000000395e00000 0x0000000395e00000 Y/35    Allocating 
 Small   0x0000000395e00000 0x0000000396000000 0x0000000396000000 Y/35    Allocating 
 Small   0x0000000396000000 0x0000000396200000 0x0000000396200000 Y/35    Allocating 
 Small   0x0000000396200000 0x0000000396400000 0x0000000396400000 Y/35    Allocating 
 Small   0x0000000396400000 0x0000000396600000 0x0000000396600000 Y/35    Allocating 
 Small   0x0000000396600000 0x0000000396800000 0x0000000396800000 Y/35    Allocating 
 Small   0x0000000396800000 0x0000000396a00000 0x0000000396a00000 Y/35    Allocating 
 Small   0x0000000396a00000 0x0000000396c00000 0x0000000396c00000 Y/35    Allocating 
 Small   0x0000000396c00000 0x0000000396e00000 0x0000000396e00000 Y/35    Allocating 
 Small   0x0000000396e00000 0x0000000397000000 0x0000000397000000 Y/35    Allocating 
 Small   0x0000000397000000 0x0000000397200000 0x0000000397200000 Y/35    Allocating 
 Small   0x0000000397200000 0x00000003973fffe8 0x0000000397400000 O/9     Relocatable
 Small   0x0000000397400000 0x0000000397600000 0x0000000397600000 Y/35    Allocating 
 Small   0x0000000397600000 0x0000000397800000 0x0000000397800000 Y/35    Allocating 
 Small   0x0000000397800000 0x0000000397a00000 0x0000000397a00000 Y/35    Allocating 
 Small   0x0000000397a00000 0x0000000397c00000 0x0000000397c00000 Y/35    Allocating 
 Small   0x0000000397c00000 0x0000000397e00000 0x0000000397e00000 Y/35    Allocating 
 Small   0x0000000397e00000 0x0000000398000000 0x0000000398000000 Y/35    Allocating 
 Small   0x0000000398000000 0x0000000398200000 0x0000000398200000 Y/35    Allocating 
 Small   0x0000000398200000 0x0000000398400000 0x0000000398400000 Y/35    Allocating 
 Small   0x0000000398400000 0x0000000398600000 0x0000000398600000 Y/35    Allocating 
 Small   0x0000000398600000 0x0000000398800000 0x0000000398800000 Y/35    Allocating 
 Small   0x0000000398800000 0x0000000398a00000 0x0000000398a00000 Y/35    Allocating 
 Small   0x0000000398a00000 0x0000000398c00000 0x0000000398c00000 Y/35    Allocating 
 Small   0x0000000398c00000 0x0000000398e00000 0x0000000398e00000 Y/35    Allocating 
 Small   0x0000000398e00000 0x0000000399000000 0x0000000399000000 Y/35    Allocating 
 Small   0x0000000399000000 0x0000000399200000 0x0000000399200000 Y/35    Allocating 
 Small   0x0000000399200000 0x0000000399400000 0x0000000399400000 Y/35    Allocating 
 Small   0x0000000399400000 0x0000000399600000 0x0000000399600000 Y/35    Allocating 
 Small   0x0000000399600000 0x0000000399800000 0x0000000399800000 Y/35    Allocating 
 Small   0x0000000399800000 0x0000000399a00000 0x0000000399a00000 Y/35    Allocating 
 Small   0x0000000399a00000 0x0000000399c00000 0x0000000399c00000 Y/35    Allocating 
 Small   0x0000000399c00000 0x0000000399e00000 0x0000000399e00000 Y/35    Allocating 
 Small   0x0000000399e00000 0x000000039a000000 0x000000039a000000 Y/35    Allocating 
 Small   0x000000039a000000 0x000000039a1ffff8 0x000000039a200000 O/11    Relocatable
 Small   0x000000039a200000 0x000000039a400000 0x000000039a400000 Y/35    Allocating 
 Small   0x000000039a400000 0x000000039a5fffc8 0x000000039a600000 O/10    Relocatable
 Small   0x000000039a600000 0x000000039a800000 0x000000039a800000 Y/35    Allocating 
 Small   0x000000039a800000 0x000000039aa00000 0x000000039aa00000 Y/35    Allocating 
 Small   0x000000039aa00000 0x000000039abfffe8 0x000000039ac00000 O/10    Relocatable
 Small   0x000000039ac00000 0x000000039ae00000 0x000000039ae00000 Y/35    Allocating 
 Small   0x000000039ae00000 0x000000039b000000 0x000000039b000000 Y/35    Allocating 
 Small   0x000000039b000000 0x000000039b200000 0x000000039b200000 Y/35    Allocating 
 Small   0x000000039b200000 0x000000039b400000 0x000000039b400000 Y/35    Allocating 
 Small   0x000000039b400000 0x000000039b600000 0x000000039b600000 Y/35    Allocating 
 Small   0x000000039b600000 0x000000039b800000 0x000000039b800000 Y/35    Allocating 
 Small   0x000000039b800000 0x000000039ba00000 0x000000039ba00000 Y/35    Allocating 
 Small   0x000000039ba00000 0x000000039bc00000 0x000000039bc00000 Y/35    Allocating 
 Small   0x000000039bc00000 0x000000039be00000 0x000000039be00000 Y/35    Allocating 
 Small   0x000000039be00000 0x000000039c000000 0x000000039c000000 Y/35    Allocating 
 Small   0x000000039c000000 0x000000039c200000 0x000000039c200000 Y/35    Allocating 
 Small   0x000000039c200000 0x000000039c400000 0x000000039c400000 Y/35    Allocating 
 Small   0x000000039c400000 0x000000039c600000 0x000000039c600000 Y/35    Allocating 
 Small   0x000000039c600000 0x000000039c800000 0x000000039c800000 Y/35    Allocating 
 Small   0x000000039c800000 0x000000039ca00000 0x000000039ca00000 Y/35    Allocating 
 Small   0x000000039ca00000 0x000000039cc00000 0x000000039cc00000 Y/35    Allocating 
 Small   0x000000039cc00000 0x000000039ce00000 0x000000039ce00000 Y/35    Allocating 
 Small   0x000000039ce00000 0x000000039d000000 0x000000039d000000 Y/35    Allocating 
 Small   0x000000039d000000 0x000000039d200000 0x000000039d200000 Y/35    Allocating 
 Small   0x000000039d200000 0x000000039d400000 0x000000039d400000 Y/35    Allocating 
 Small   0x000000039d400000 0x000000039d600000 0x000000039d600000 O/9     Relocatable
 Small   0x000000039d600000 0x000000039d800000 0x000000039d800000 Y/35    Allocating 
 Small   0x000000039d800000 0x000000039da00000 0x000000039da00000 Y/35    Allocating 
 Small   0x000000039da00000 0x000000039dc00000 0x000000039dc00000 Y/35    Allocating 
 Small   0x000000039dc00000 0x000000039de00000 0x000000039de00000 Y/35    Allocating 
 Small   0x000000039de00000 0x000000039e000000 0x000000039e000000 Y/35    Allocating 
 Small   0x000000039e000000 0x000000039e200000 0x000000039e200000 Y/35    Allocating 
 Small   0x000000039e200000 0x000000039e400000 0x000000039e400000 Y/35    Allocating 
 Small   0x000000039e400000 0x000000039e600000 0x000000039e600000 Y/35    Allocating 
 Small   0x000000039e600000 0x000000039e7ffff8 0x000000039e800000 O/9     Relocatable
 Small   0x000000039e800000 0x000000039e9fff98 0x000000039ea00000 O/10    Relocatable
 Small   0x000000039ea00000 0x000000039ec00000 0x000000039ec00000 Y/35    Allocating 
 Small   0x000000039ec00000 0x000000039edfffe8 0x000000039ee00000 O/11    Relocatable
 Small   0x000000039ee00000 0x000000039f000000 0x000000039f000000 Y/35    Allocating 
 Small   0x000000039f000000 0x000000039f200000 0x000000039f200000 Y/35    Allocating 
 Small   0x000000039f200000 0x000000039f400000 0x000000039f400000 Y/35    Allocating 
 Small   0x000000039f400000 0x000000039f5fffa8 0x000000039f600000 O/11    Relocatable
 Small   0x000000039f600000 0x000000039f800000 0x000000039f800000 Y/35    Allocating 
 Small   0x000000039f800000 0x000000039fa00000 0x000000039fa00000 Y/35    Allocating 
 Small   0x000000039fa00000 0x000000039fc00000 0x000000039fc00000 Y/35    Allocating 
 Small   0x000000039fc00000 0x000000039fdffff8 0x000000039fe00000 O/9     Relocatable
 Small   0x000000039fe00000 0x00000003a0000000 0x00000003a0000000 Y/35    Allocating 
 Small   0x00000003a0000000 0x00000003a0200000 0x00000003a0200000 Y/35    Allocating 
 Small   0x00000003a0200000 0x00000003a0400000 0x00000003a0400000 Y/35    Allocating 
 Small   0x00000003a0400000 0x00000003a0600000 0x00000003a0600000 Y/35    Allocating 
 Small   0x00000003a0600000 0x00000003a0800000 0x00000003a0800000 Y/35    Allocating 
 Small   0x00000003a0800000 0x00000003a09fffb0 0x00000003a0a00000 O/10    Relocatable
 Small   0x00000003a0a00000 0x00000003a0bfffd0 0x00000003a0c00000 O/10    Relocatable
 Small   0x00000003a0c00000 0x00000003a0dfffc0 0x00000003a0e00000 O/9     Relocatable
 Small   0x00000003a0e00000 0x00000003a1000000 0x00000003a1000000 Y/35    Allocating 
 Small   0x00000003a1000000 0x00000003a1200000 0x00000003a1200000 Y/35    Allocating 
 Small   0x00000003a1200000 0x00000003a1400000 0x00000003a1400000 Y/35    Allocating 
 Small   0x00000003a1400000 0x00000003a15fffe0 0x00000003a1600000 O/9     Relocatable
 Small   0x00000003a1600000 0x00000003a1800000 0x00000003a1800000 Y/35    Allocating 
 Small   0x00000003a1800000 0x00000003a1a00000 0x00000003a1a00000 Y/35    Allocating 
 Small   0x00000003a1a00000 0x00000003a1c00000 0x00000003a1c00000 Y/35    Allocating 
 Small   0x00000003a1c00000 0x00000003a1e00000 0x00000003a1e00000 Y/35    Allocating 
 Small   0x00000003a1e00000 0x00000003a2000000 0x00000003a2000000 Y/35    Allocating 
 Small   0x00000003a2000000 0x00000003a2200000 0x00000003a2200000 Y/35    Allocating 
 Small   0x00000003a2200000 0x00000003a2400000 0x00000003a2400000 Y/35    Allocating 
 Small   0x00000003a2400000 0x00000003a2600000 0x00000003a2600000 Y/35    Allocating 
 Small   0x00000003a2600000 0x00000003a2800000 0x00000003a2800000 Y/35    Allocating 
 Small   0x00000003a2800000 0x00000003a29fffe8 0x00000003a2a00000 O/11    Relocatable
 Small   0x00000003a2a00000 0x00000003a2c00000 0x00000003a2c00000 Y/35    Allocating 
 Small   0x00000003a2c00000 0x00000003a2dfffe8 0x00000003a2e00000 O/10    Relocatable
 Small   0x00000003a2e00000 0x00000003a3000000 0x00000003a3000000 Y/35    Allocating 
 Small   0x00000003a3000000 0x00000003a3200000 0x00000003a3200000 Y/35    Allocating 
 Small   0x00000003a3200000 0x00000003a3400000 0x00000003a3400000 Y/35    Allocating 
 Small   0x00000003a3400000 0x00000003a35fffe0 0x00000003a3600000 O/10    Relocatable
 Small   0x00000003a3600000 0x00000003a3800000 0x00000003a3800000 Y/35    Allocating 
 Small   0x00000003a3800000 0x00000003a39fffd8 0x00000003a3a00000 O/11    Relocatable
 Small   0x00000003a3a00000 0x00000003a3c00000 0x00000003a3c00000 Y/35    Allocating 
 Small   0x00000003a3c00000 0x00000003a3e00000 0x00000003a3e00000 Y/35    Allocating 
 Small   0x00000003a3e00000 0x00000003a4000000 0x00000003a4000000 Y/35    Allocating 
 Small   0x00000003a4000000 0x00000003a4200000 0x00000003a4200000 Y/35    Allocating 
 Small   0x00000003a4200000 0x00000003a4400000 0x00000003a4400000 Y/35    Allocating 
 Small   0x00000003a4400000 0x00000003a4600000 0x00000003a4600000 Y/35    Allocating 
 Small   0x00000003a4600000 0x00000003a4800000 0x00000003a4800000 Y/35    Allocating 
 Small   0x00000003a4800000 0x00000003a4a00000 0x00000003a4a00000 Y/35    Allocating 
 Small   0x00000003a4a00000 0x00000003a4c00000 0x00000003a4c00000 Y/35    Allocating 
 Small   0x00000003a4c00000 0x00000003a4e00000 0x00000003a4e00000 Y/35    Allocating 
 Small   0x00000003a4e00000 0x00000003a5000000 0x00000003a5000000 Y/35    Allocating 
 Small   0x00000003a5000000 0x00000003a5200000 0x00000003a5200000 Y/35    Allocating 
 Small   0x00000003a5200000 0x00000003a5400000 0x00000003a5400000 Y/35    Allocating 
 Small   0x00000003a5400000 0x00000003a5600000 0x00000003a5600000 Y/35    Allocating 
 Small   0x00000003a5600000 0x00000003a5800000 0x00000003a5800000 Y/35    Allocating 
 Small   0x00000003a5800000 0x00000003a5a00000 0x00000003a5a00000 Y/35    Allocating 
 Small   0x00000003a5a00000 0x00000003a5c00000 0x00000003a5c00000 Y/35    Allocating 
 Small   0x00000003a5c00000 0x00000003a5e00000 0x00000003a5e00000 Y/35    Allocating 
 Small   0x00000003a5e00000 0x00000003a6000000 0x00000003a6000000 Y/35    Allocating 
 Small   0x00000003a6000000 0x00000003a61ffff8 0x00000003a6200000 O/10    Relocatable
 Small   0x00000003a6200000 0x00000003a6400000 0x00000003a6400000 Y/35    Allocating 
 Small   0x00000003a6400000 0x00000003a6600000 0x00000003a6600000 Y/35    Allocating 
 Small   0x00000003a6600000 0x00000003a6800000 0x00000003a6800000 Y/35    Allocating 
 Small   0x00000003a6800000 0x00000003a6a00000 0x00000003a6a00000 Y/35    Allocating 
 Small   0x00000003a6a00000 0x00000003a6c00000 0x00000003a6c00000 Y/35    Allocating 
 Small   0x00000003a6c00000 0x00000003a6dfffe8 0x00000003a6e00000 O/10    Relocatable
 Small   0x00000003a6e00000 0x00000003a7000000 0x00000003a7000000 Y/35    Allocating 
 Small   0x00000003a7000000 0x00000003a7200000 0x00000003a7200000 Y/35    Allocating 
 Small   0x00000003a7200000 0x00000003a7400000 0x00000003a7400000 Y/35    Allocating 
 Small   0x00000003a7400000 0x00000003a7600000 0x00000003a7600000 Y/35    Allocating 
 Small   0x00000003a7600000 0x00000003a7800000 0x00000003a7800000 Y/35    Allocating 
 Small   0x00000003a7800000 0x00000003a7a00000 0x00000003a7a00000 Y/35    Allocating 
 Small   0x00000003a7a00000 0x00000003a7c00000 0x00000003a7c00000 Y/35    Allocating 
 Small   0x00000003a7c00000 0x00000003a7dfffe8 0x00000003a7e00000 O/10    Relocatable
 Small   0x00000003a7e00000 0x00000003a8000000 0x00000003a8000000 Y/35    Allocating 
 Small   0x00000003a8000000 0x00000003a8200000 0x00000003a8200000 Y/35    Allocating 
 Small   0x00000003a8200000 0x00000003a8400000 0x00000003a8400000 Y/35    Allocating 
 Small   0x00000003a8400000 0x00000003a8600000 0x00000003a8600000 Y/35    Allocating 
 Small   0x00000003a8600000 0x00000003a8800000 0x00000003a8800000 Y/35    Allocating 
 Small   0x00000003a8800000 0x00000003a8a00000 0x00000003a8a00000 Y/35    Allocating 
 Small   0x00000003a8a00000 0x00000003a8c00000 0x00000003a8c00000 Y/35    Allocating 
 Small   0x00000003a8c00000 0x00000003a8e00000 0x00000003a8e00000 Y/35    Allocating 
 Small   0x00000003a8e00000 0x00000003a9000000 0x00000003a9000000 Y/35    Allocating 
 Small   0x00000003a9000000 0x00000003a9200000 0x00000003a9200000 Y/35    Allocating 
 Small   0x00000003a9200000 0x00000003a9400000 0x00000003a9400000 Y/35    Allocating 
 Small   0x00000003a9400000 0x00000003a9600000 0x00000003a9600000 Y/35    Allocating 
 Small   0x00000003a9600000 0x00000003a97fffb8 0x00000003a9800000 O/11    Relocatable
 Small   0x00000003a9800000 0x00000003a9a00000 0x00000003a9a00000 Y/35    Allocating 
 Small   0x00000003a9a00000 0x00000003a9c00000 0x00000003a9c00000 Y/35    Allocating 
 Small   0x00000003a9c00000 0x00000003a9e00000 0x00000003a9e00000 Y/35    Allocating 
 Small   0x00000003a9e00000 0x00000003a9ffffd0 0x00000003aa000000 O/10    Relocatable
 Small   0x00000003aa000000 0x00000003aa200000 0x00000003aa200000 Y/35    Allocating 
 Small   0x00000003aa200000 0x00000003aa400000 0x00000003aa400000 Y/35    Allocating 
 Small   0x00000003aa400000 0x00000003aa600000 0x00000003aa600000 Y/35    Allocating 
 Small   0x00000003aa600000 0x00000003aa7fff88 0x00000003aa800000 O/10    Relocatable
 Small   0x00000003aa800000 0x00000003aa9fffe8 0x00000003aaa00000 O/11    Relocatable
 Small   0x00000003aaa00000 0x00000003aac00000 0x00000003aac00000 Y/35    Allocating 
 Small   0x00000003aac00000 0x00000003aae00000 0x00000003aae00000 Y/35    Allocating 
 Small   0x00000003aae00000 0x00000003ab000000 0x00000003ab000000 Y/35    Allocating 
 Small   0x00000003ab000000 0x00000003ab200000 0x00000003ab200000 Y/35    Allocating 
 Small   0x00000003ab200000 0x00000003ab400000 0x00000003ab400000 Y/35    Allocating 
 Small   0x00000003ab400000 0x00000003ab600000 0x00000003ab600000 Y/35    Allocating 
 Small   0x00000003ab600000 0x00000003ab800000 0x00000003ab800000 Y/35    Allocating 
 Small   0x00000003ab800000 0x00000003aba00000 0x00000003aba00000 Y/35    Allocating 
 Small   0x00000003aba00000 0x00000003abc00000 0x00000003abc00000 Y/35    Allocating 
 Small   0x00000003abc00000 0x00000003abdfffe8 0x00000003abe00000 O/10    Relocatable
 Small   0x00000003abe00000 0x00000003ac000000 0x00000003ac000000 Y/35    Allocating 
 Small   0x00000003ac000000 0x00000003ac200000 0x00000003ac200000 Y/35    Allocating 
 Small   0x00000003ac200000 0x00000003ac400000 0x00000003ac400000 Y/35    Allocating 
 Small   0x00000003ac400000 0x00000003ac600000 0x00000003ac600000 Y/35    Allocating 
 Small   0x00000003ac600000 0x00000003ac7fff98 0x00000003ac800000 O/10    Relocatable
 Small   0x00000003ac800000 0x00000003aca00000 0x00000003aca00000 Y/35    Allocating 
 Small   0x00000003aca00000 0x00000003acc00000 0x00000003acc00000 Y/35    Allocating 
 Small   0x00000003acc00000 0x00000003acdffff0 0x00000003ace00000 O/10    Relocatable
 Small   0x00000003ace00000 0x00000003ad000000 0x00000003ad000000 Y/35    Allocating 
 Small   0x00000003ad000000 0x00000003ad200000 0x00000003ad200000 Y/35    Allocating 
 Small   0x00000003ad200000 0x00000003ad400000 0x00000003ad400000 Y/35    Allocating 
 Small   0x00000003ad400000 0x00000003ad600000 0x00000003ad600000 Y/35    Allocating 
 Small   0x00000003ad600000 0x00000003ad800000 0x00000003ad800000 Y/35    Allocating 
 Small   0x00000003ad800000 0x00000003ada00000 0x00000003ada00000 Y/35    Allocating 
 Small   0x00000003ada00000 0x00000003adbfffc8 0x00000003adc00000 O/10    Relocatable
 Small   0x00000003adc00000 0x00000003addffff0 0x00000003ade00000 O/10    Relocatable
 Small   0x00000003ade00000 0x00000003ae000000 0x00000003ae000000 Y/35    Allocating 
 Small   0x00000003ae000000 0x00000003ae200000 0x00000003ae200000 Y/35    Allocating 
 Small   0x00000003ae200000 0x00000003ae400000 0x00000003ae400000 Y/35    Allocating 
 Small   0x00000003ae400000 0x00000003ae5ffdd8 0x00000003ae600000 O/9     Relocatable
 Small   0x00000003ae600000 0x00000003ae800000 0x00000003ae800000 Y/35    Allocating 
 Small   0x00000003ae800000 0x00000003aea00000 0x00000003aea00000 Y/35    Allocating 
 Small   0x00000003aea00000 0x00000003aec00000 0x00000003aec00000 Y/35    Allocating 
 Small   0x00000003aec00000 0x00000003aee00000 0x00000003aee00000 Y/35    Allocating 
 Small   0x00000003aee00000 0x00000003af000000 0x00000003af000000 Y/35    Allocating 
 Small   0x00000003af000000 0x00000003af200000 0x00000003af200000 Y/35    Allocating 
 Small   0x00000003af200000 0x00000003af400000 0x00000003af400000 Y/35    Allocating 
 Small   0x00000003af400000 0x00000003af600000 0x00000003af600000 Y/35    Allocating 
 Small   0x00000003af600000 0x00000003af800000 0x00000003af800000 Y/35    Allocating 
 Small   0x00000003af800000 0x00000003afa00000 0x00000003afa00000 Y/35    Allocating 
 Small   0x00000003afa00000 0x00000003afbfffe8 0x00000003afc00000 O/11    Relocatable
 Small   0x00000003afc00000 0x00000003afe00000 0x00000003afe00000 Y/35    Allocating 
 Small   0x00000003afe00000 0x00000003b0000000 0x00000003b0000000 Y/35    Allocating 
 Small   0x00000003b0000000 0x00000003b0200000 0x00000003b0200000 Y/35    Allocating 
 Small   0x00000003b0200000 0x00000003b0400000 0x00000003b0400000 Y/35    Allocating 
 Small   0x00000003b0400000 0x00000003b0600000 0x00000003b0600000 Y/35    Allocating 
 Small   0x00000003b0600000 0x00000003b0800000 0x00000003b0800000 Y/35    Allocating 
 Small   0x00000003b0800000 0x00000003b0a00000 0x00000003b0a00000 Y/35    Allocating 
 Small   0x00000003b0a00000 0x00000003b0bffff0 0x00000003b0c00000 O/9     Relocatable
 Small   0x00000003b0c00000 0x00000003b0e00000 0x00000003b0e00000 Y/35    Allocating 
 Small   0x00000003b0e00000 0x00000003b1000000 0x00000003b1000000 Y/35    Allocating 
 Small   0x00000003b1000000 0x00000003b1200000 0x00000003b1200000 Y/35    Allocating 
 Small   0x00000003b1200000 0x00000003b13fff88 0x00000003b1400000 O/10    Relocatable
 Small   0x00000003b1400000 0x00000003b15fffb0 0x00000003b1600000 O/10    Relocatable
 Small   0x00000003b1600000 0x00000003b1800000 0x00000003b1800000 Y/35    Allocating 
 Small   0x00000003b1800000 0x00000003b1a00000 0x00000003b1a00000 Y/35    Allocating 
 Small   0x00000003b1a00000 0x00000003b1c00000 0x00000003b1c00000 Y/35    Allocating 
 Small   0x00000003b1c00000 0x00000003b1e00000 0x00000003b1e00000 Y/35    Allocating 
 Small   0x00000003b1e00000 0x00000003b1fffff0 0x00000003b2000000 O/10    Relocatable
 Small   0x00000003b2000000 0x00000003b2200000 0x00000003b2200000 Y/35    Allocating 
 Small   0x00000003b2200000 0x00000003b2400000 0x00000003b2400000 Y/35    Allocating 
 Small   0x00000003b2400000 0x00000003b2600000 0x00000003b2600000 Y/35    Allocating 
 Small   0x00000003b2600000 0x00000003b2800000 0x00000003b2800000 Y/35    Allocating 
 Small   0x00000003b2800000 0x00000003b29fffe0 0x00000003b2a00000 O/10    Relocatable
 Small   0x00000003b2a00000 0x00000003b2c00000 0x00000003b2c00000 Y/35    Allocating 
 Small   0x00000003b2c00000 0x00000003b2e00000 0x00000003b2e00000 Y/35    Allocating 
 Small   0x00000003b2e00000 0x00000003b2ffff98 0x00000003b3000000 O/10    Relocatable
 Small   0x00000003b3000000 0x00000003b3200000 0x00000003b3200000 Y/35    Allocating 
 Small   0x00000003b3200000 0x00000003b3400000 0x00000003b3400000 Y/35    Allocating 
 Small   0x00000003b3400000 0x00000003b3600000 0x00000003b3600000 Y/35    Allocating 
 Small   0x00000003b3600000 0x00000003b3800000 0x00000003b3800000 Y/35    Allocating 
 Small   0x00000003b3800000 0x00000003b3a00000 0x00000003b3a00000 Y/35    Allocating 
 Small   0x00000003b3a00000 0x00000003b3c00000 0x00000003b3c00000 Y/35    Allocating 
 Small   0x00000003b3c00000 0x00000003b3e00000 0x00000003b3e00000 Y/35    Allocating 
 Small   0x00000003b3e00000 0x00000003b4000000 0x00000003b4000000 Y/35    Allocating 
 Small   0x00000003b4000000 0x00000003b4200000 0x00000003b4200000 Y/35    Allocating 
 Small   0x00000003b4200000 0x00000003b4400000 0x00000003b4400000 Y/35    Allocating 
 Small   0x00000003b4400000 0x00000003b4600000 0x00000003b4600000 O/10    Relocatable
 Small   0x00000003b4600000 0x00000003b47ffff0 0x00000003b4800000 O/10    Relocatable
 Small   0x00000003b4800000 0x00000003b49fffa8 0x00000003b4a00000 O/10    Relocatable
 Small   0x00000003b4a00000 0x00000003b4c00000 0x00000003b4c00000 Y/35    Allocating 
 Small   0x00000003b4c00000 0x00000003b4e00000 0x00000003b4e00000 Y/35    Allocating 
 Small   0x00000003b4e00000 0x00000003b4ffffe8 0x00000003b5000000 O/11    Relocatable
 Small   0x00000003b5000000 0x00000003b5200000 0x00000003b5200000 Y/35    Allocating 
 Small   0x00000003b5200000 0x00000003b5400000 0x00000003b5400000 Y/35    Allocating 
 Small   0x00000003b5400000 0x00000003b5600000 0x00000003b5600000 Y/35    Allocating 
 Small   0x00000003b5600000 0x00000003b5800000 0x00000003b5800000 Y/35    Allocating 
 Small   0x00000003b5800000 0x00000003b5a00000 0x00000003b5a00000 Y/35    Allocating 
 Small   0x00000003b5a00000 0x00000003b5c00000 0x00000003b5c00000 Y/35    Allocating 
 Small   0x00000003b5c00000 0x00000003b5e00000 0x00000003b5e00000 Y/35    Allocating 
 Small   0x00000003b5e00000 0x00000003b6000000 0x00000003b6000000 Y/35    Allocating 
 Small   0x00000003b6000000 0x00000003b61ffff0 0x00000003b6200000 O/9     Relocatable
 Small   0x00000003b6200000 0x00000003b6400000 0x00000003b6400000 Y/35    Allocating 
 Small   0x00000003b6400000 0x00000003b6600000 0x00000003b6600000 Y/35    Allocating 
 Small   0x00000003b6600000 0x00000003b6800000 0x00000003b6800000 Y/35    Allocating 
 Small   0x00000003b6800000 0x00000003b69ffff8 0x00000003b6a00000 O/12    Relocatable
 Small   0x00000003b6a00000 0x00000003b6c00000 0x00000003b6c00000 Y/35    Allocating 
 Small   0x00000003b6c00000 0x00000003b6e00000 0x00000003b6e00000 Y/35    Allocating 
 Small   0x00000003b6e00000 0x00000003b7000000 0x00000003b7000000 Y/35    Allocating 
 Small   0x00000003b7000000 0x00000003b7200000 0x00000003b7200000 Y/35    Allocating 
 Small   0x00000003b7200000 0x00000003b7400000 0x00000003b7400000 Y/35    Allocating 
 Small   0x00000003b7400000 0x00000003b7600000 0x00000003b7600000 Y/35    Allocating 
 Small   0x00000003b7600000 0x00000003b7800000 0x00000003b7800000 Y/35    Allocating 
 Small   0x00000003b7800000 0x00000003b7a00000 0x00000003b7a00000 Y/35    Allocating 
 Small   0x00000003b7a00000 0x00000003b7c00000 0x00000003b7c00000 Y/35    Allocating 
 Small   0x00000003b7c00000 0x00000003b7e00000 0x00000003b7e00000 Y/35    Allocating 
 Small   0x00000003b7e00000 0x00000003b8000000 0x00000003b8000000 Y/35    Allocating 
 Small   0x00000003b8000000 0x00000003b8200000 0x00000003b8200000 Y/35    Allocating 
 Small   0x00000003b8200000 0x00000003b8400000 0x00000003b8400000 Y/35    Allocating 
 Small   0x00000003b8400000 0x00000003b8600000 0x00000003b8600000 Y/35    Allocating 
 Small   0x00000003b8600000 0x00000003b8800000 0x00000003b8800000 Y/35    Allocating 
 Small   0x00000003b8800000 0x00000003b8a00000 0x00000003b8a00000 Y/35    Allocating 
 Small   0x00000003b8a00000 0x00000003b8c00000 0x00000003b8c00000 Y/35    Allocating 
 Small   0x00000003b8c00000 0x00000003b8e00000 0x00000003b8e00000 Y/35    Allocating 
 Small   0x00000003b8e00000 0x00000003b9000000 0x00000003b9000000 Y/35    Allocating 
 Small   0x00000003b9000000 0x00000003b9200000 0x00000003b9200000 Y/35    Allocating 
 Small   0x00000003b9200000 0x00000003b9400000 0x00000003b9400000 Y/35    Allocating 
 Small   0x00000003b9400000 0x00000003b9600000 0x00000003b9600000 Y/35    Allocating 
 Small   0x00000003b9600000 0x00000003b9800000 0x00000003b9800000 Y/35    Allocating 
 Small   0x00000003b9800000 0x00000003b9a00000 0x00000003b9a00000 Y/35    Allocating 
 Small   0x00000003b9a00000 0x00000003b9bfffd8 0x00000003b9c00000 O/10    Relocatable
 Small   0x00000003b9c00000 0x00000003b9e00000 0x00000003b9e00000 Y/35    Allocating 
 Small   0x00000003b9e00000 0x00000003b9fffff0 0x00000003ba000000 O/10    Relocatable
 Small   0x00000003ba000000 0x00000003ba1fffe0 0x00000003ba200000 O/10    Relocatable
 Small   0x00000003ba200000 0x00000003ba400000 0x00000003ba400000 Y/35    Allocating 
 Small   0x00000003ba400000 0x00000003ba600000 0x00000003ba600000 Y/35    Allocating 
 Small   0x00000003ba600000 0x00000003ba800000 0x00000003ba800000 Y/35    Allocating 
 Small   0x00000003ba800000 0x00000003baa00000 0x00000003baa00000 Y/35    Allocating 
 Small   0x00000003baa00000 0x00000003babfffe0 0x00000003bac00000 O/10    Relocatable
 Small   0x00000003bac00000 0x00000003bae00000 0x00000003bae00000 Y/35    Allocating 
 Small   0x00000003bae00000 0x00000003bb000000 0x00000003bb000000 Y/35    Allocating 
 Small   0x00000003bb000000 0x00000003bb200000 0x00000003bb200000 Y/35    Allocating 
 Small   0x00000003bb200000 0x00000003bb400000 0x00000003bb400000 Y/35    Allocating 
 Small   0x00000003bb400000 0x00000003bb600000 0x00000003bb600000 Y/35    Allocating 
 Small   0x00000003bb600000 0x00000003bb800000 0x00000003bb800000 Y/35    Allocating 
 Small   0x00000003bb800000 0x00000003bb9fffe0 0x00000003bba00000 O/10    Relocatable
 Small   0x00000003bba00000 0x00000003bbc00000 0x00000003bbc00000 Y/35    Allocating 
 Small   0x00000003bbc00000 0x00000003bbe00000 0x00000003bbe00000 Y/35    Allocating 
 Small   0x00000003bbe00000 0x00000003bc000000 0x00000003bc000000 Y/35    Allocating 
 Small   0x00000003bc000000 0x00000003bc200000 0x00000003bc200000 Y/35    Allocating 
 Small   0x00000003bc200000 0x00000003bc400000 0x00000003bc400000 Y/35    Allocating 
 Small   0x00000003bc400000 0x00000003bc5fffe8 0x00000003bc600000 O/9     Relocatable
 Small   0x00000003bc600000 0x00000003bc800000 0x00000003bc800000 Y/35    Allocating 
 Small   0x00000003bc800000 0x00000003bca00000 0x00000003bca00000 Y/35    Allocating 
 Small   0x00000003bca00000 0x00000003bcc00000 0x00000003bcc00000 Y/35    Allocating 
 Small   0x00000003bcc00000 0x00000003bce00000 0x00000003bce00000 Y/35    Allocating 
 Small   0x00000003bce00000 0x00000003bd000000 0x00000003bd000000 Y/35    Allocating 
 Small   0x00000003bd000000 0x00000003bd200000 0x00000003bd200000 Y/35    Allocating 
 Small   0x00000003bd200000 0x00000003bd400000 0x00000003bd400000 Y/35    Allocating 
 Small   0x00000003bd400000 0x00000003bd600000 0x00000003bd600000 Y/35    Allocating 
 Small   0x00000003bd600000 0x00000003bd800000 0x00000003bd800000 Y/35    Allocating 
 Small   0x00000003bd800000 0x00000003bda00000 0x00000003bda00000 Y/35    Allocating 
 Small   0x00000003bda00000 0x00000003bdc00000 0x00000003bdc00000 Y/35    Allocating 
 Small   0x00000003bdc00000 0x00000003bde00000 0x00000003bde00000 Y/35    Allocating 
 Small   0x00000003bde00000 0x00000003be000000 0x00000003be000000 Y/35    Allocating 
 Small   0x00000003be000000 0x00000003be200000 0x00000003be200000 Y/35    Allocating 
 Small   0x00000003be200000 0x00000003be400000 0x00000003be400000 Y/35    Allocating 
 Small   0x00000003be400000 0x00000003be600000 0x00000003be600000 Y/35    Allocating 
 Small   0x00000003be600000 0x00000003be800000 0x00000003be800000 Y/35    Allocating 
 Small   0x00000003be800000 0x00000003be9fffc8 0x00000003bea00000 O/10    Relocatable
 Small   0x00000003bea00000 0x00000003bec00000 0x00000003bec00000 Y/35    Allocating 
 Small   0x00000003bec00000 0x00000003bee00000 0x00000003bee00000 Y/35    Allocating 
 Small   0x00000003bee00000 0x00000003bf000000 0x00000003bf000000 Y/35    Allocating 
 Small   0x00000003bf000000 0x00000003bf200000 0x00000003bf200000 Y/35    Allocating 
 Small   0x00000003bf200000 0x00000003bf400000 0x00000003bf400000 Y/35    Allocating 
 Small   0x00000003bf400000 0x00000003bf600000 0x00000003bf600000 Y/35    Allocating 
 Small   0x00000003bf600000 0x00000003bf800000 0x00000003bf800000 Y/35    Allocating 
 Small   0x00000003bf800000 0x00000003bfa00000 0x00000003bfa00000 Y/35    Allocating 
 Small   0x00000003bfa00000 0x00000003bfbfffd8 0x00000003bfc00000 O/10    Relocatable
 Small   0x00000003bfc00000 0x00000003bfe00000 0x00000003bfe00000 Y/35    Allocating 
 Small   0x00000003bfe00000 0x00000003c0000000 0x00000003c0000000 Y/35    Allocating 
 Small   0x00000003c0000000 0x00000003c0200000 0x00000003c0200000 Y/35    Allocating 
 Small   0x00000003c0200000 0x00000003c0400000 0x00000003c0400000 Y/35    Allocating 
 Small   0x00000003c0400000 0x00000003c0600000 0x00000003c0600000 Y/35    Allocating 
 Small   0x00000003c0600000 0x00000003c0800000 0x00000003c0800000 Y/35    Allocating 
 Small   0x00000003c0800000 0x00000003c0a00000 0x00000003c0a00000 Y/35    Allocating 
 Small   0x00000003c0a00000 0x00000003c0c00000 0x00000003c0c00000 Y/35    Allocating 
 Small   0x00000003c0c00000 0x00000003c0dffff0 0x00000003c0e00000 O/10    Relocatable
 Small   0x00000003c0e00000 0x00000003c1000000 0x00000003c1000000 Y/35    Allocating 
 Small   0x00000003c1000000 0x00000003c1200000 0x00000003c1200000 Y/35    Allocating 
 Small   0x00000003c1200000 0x00000003c1400000 0x00000003c1400000 Y/35    Allocating 
 Small   0x00000003c1400000 0x00000003c1600000 0x00000003c1600000 Y/35    Allocating 
 Small   0x00000003c1600000 0x00000003c17ffff0 0x00000003c1800000 O/9     Relocatable
 Small   0x00000003c1800000 0x00000003c1a00000 0x00000003c1a00000 Y/35    Allocating 
 Small   0x00000003c1a00000 0x00000003c1c00000 0x00000003c1c00000 Y/35    Allocating 
 Small   0x00000003c1c00000 0x00000003c1e00000 0x00000003c1e00000 Y/35    Allocating 
 Small   0x00000003c1e00000 0x00000003c1fffff0 0x00000003c2000000 O/9     Relocatable
 Small   0x00000003c2000000 0x00000003c2200000 0x00000003c2200000 Y/35    Allocating 
 Small   0x00000003c2200000 0x00000003c2400000 0x00000003c2400000 Y/35    Allocating 
 Small   0x00000003c2400000 0x00000003c2600000 0x00000003c2600000 Y/35    Allocating 
 Small   0x00000003c2600000 0x00000003c2800000 0x00000003c2800000 Y/35    Allocating 
 Small   0x00000003c2800000 0x00000003c2a00000 0x00000003c2a00000 O/10    Relocatable
 Small   0x00000003c2a00000 0x00000003c2c00000 0x00000003c2c00000 Y/35    Allocating 
 Small   0x00000003c2c00000 0x00000003c2dffff8 0x00000003c2e00000 O/9     Relocatable
 Small   0x00000003c2e00000 0x00000003c3000000 0x00000003c3000000 Y/35    Allocating 
 Small   0x00000003c3000000 0x00000003c3200000 0x00000003c3200000 O/9     Relocatable
 Small   0x00000003c3200000 0x00000003c33fffe0 0x00000003c3400000 O/10    Relocatable
 Small   0x00000003c3400000 0x00000003c3600000 0x00000003c3600000 Y/35    Allocating 
 Small   0x00000003c3600000 0x00000003c3800000 0x00000003c3800000 Y/35    Allocating 
 Small   0x00000003c3800000 0x00000003c39ffff0 0x00000003c3a00000 O/11    Relocatable
 Small   0x00000003c3a00000 0x00000003c3c00000 0x00000003c3c00000 Y/35    Allocating 
 Small   0x00000003c3c00000 0x00000003c3e00000 0x00000003c3e00000 Y/35    Allocating 
 Small   0x00000003c3e00000 0x00000003c4000000 0x00000003c4000000 Y/35    Allocating 
 Small   0x00000003c4000000 0x00000003c4200000 0x00000003c4200000 Y/35    Allocating 
 Small   0x00000003c4200000 0x00000003c4400000 0x00000003c4400000 Y/35    Allocating 
 Small   0x00000003c4400000 0x00000003c4600000 0x00000003c4600000 Y/35    Allocating 
 Small   0x00000003c4600000 0x00000003c4800000 0x00000003c4800000 Y/35    Allocating 
 Small   0x00000003c4800000 0x00000003c4a00000 0x00000003c4a00000 Y/35    Allocating 
 Small   0x00000003c4a00000 0x00000003c4c00000 0x00000003c4c00000 Y/35    Allocating 
 Small   0x00000003c4c00000 0x00000003c4dfffd8 0x00000003c4e00000 O/10    Relocatable
 Small   0x00000003c4e00000 0x00000003c5000000 0x00000003c5000000 Y/35    Allocating 
 Small   0x00000003c5000000 0x00000003c5200000 0x00000003c5200000 Y/35    Allocating 
 Small   0x00000003c5200000 0x00000003c5400000 0x00000003c5400000 Y/35    Allocating 
 Small   0x00000003c5400000 0x00000003c5600000 0x00000003c5600000 Y/35    Allocating 
 Small   0x00000003c5600000 0x00000003c5800000 0x00000003c5800000 Y/35    Allocating 
 Small   0x00000003c5800000 0x00000003c5a00000 0x00000003c5a00000 Y/35    Allocating 
 Small   0x00000003c5a00000 0x00000003c5c00000 0x00000003c5c00000 Y/35    Allocating 
 Small   0x00000003c5c00000 0x00000003c5dfff40 0x00000003c5e00000 O/9     Relocatable
 Small   0x00000003c5e00000 0x00000003c6000000 0x00000003c6000000 Y/35    Allocating 
 Small   0x00000003c6000000 0x00000003c6200000 0x00000003c6200000 Y/35    Allocating 
 Small   0x00000003c6200000 0x00000003c6400000 0x00000003c6400000 Y/35    Allocating 
 Small   0x00000003c6400000 0x00000003c6600000 0x00000003c6600000 Y/35    Allocating 
 Small   0x00000003c6600000 0x00000003c6800000 0x00000003c6800000 Y/35    Allocating 
 Small   0x00000003c6800000 0x00000003c6a00000 0x00000003c6a00000 Y/35    Allocating 
 Small   0x00000003c6a00000 0x00000003c6c00000 0x00000003c6c00000 Y/35    Allocating 
 Small   0x00000003c6c00000 0x00000003c6e00000 0x00000003c6e00000 Y/35    Allocating 
 Small   0x00000003c6e00000 0x00000003c7000000 0x00000003c7000000 Y/35    Allocating 
 Small   0x00000003c7000000 0x00000003c7200000 0x00000003c7200000 Y/35    Allocating 
 Small   0x00000003c7200000 0x00000003c7400000 0x00000003c7400000 Y/35    Allocating 
 Small   0x00000003c7400000 0x00000003c75fffe8 0x00000003c7600000 O/9     Relocatable
 Small   0x00000003c7600000 0x00000003c7800000 0x00000003c7800000 Y/35    Allocating 
 Small   0x00000003c7800000 0x00000003c7a00000 0x00000003c7a00000 Y/35    Allocating 
 Small   0x00000003c7a00000 0x00000003c7c00000 0x00000003c7c00000 Y/35    Allocating 
 Small   0x00000003c7c00000 0x00000003c7e00000 0x00000003c7e00000 Y/35    Allocating 
 Small   0x00000003c7e00000 0x00000003c8000000 0x00000003c8000000 Y/35    Allocating 
 Small   0x00000003c8000000 0x00000003c8200000 0x00000003c8200000 Y/35    Allocating 
 Small   0x00000003c8200000 0x00000003c8400000 0x00000003c8400000 Y/35    Allocating 
 Small   0x00000003c8400000 0x00000003c8600000 0x00000003c8600000 Y/35    Allocating 
 Small   0x00000003c8600000 0x00000003c8800000 0x00000003c8800000 Y/35    Allocating 
 Small   0x00000003c8800000 0x00000003c8a00000 0x00000003c8a00000 Y/35    Allocating 
 Small   0x00000003c8a00000 0x00000003c8c00000 0x00000003c8c00000 Y/35    Allocating 
 Small   0x00000003c8c00000 0x00000003c8dfffe8 0x00000003c8e00000 O/10    Relocatable
 Small   0x00000003c8e00000 0x00000003c9000000 0x00000003c9000000 Y/35    Allocating 
 Small   0x00000003c9000000 0x00000003c9200000 0x00000003c9200000 Y/35    Allocating 
 Small   0x00000003c9200000 0x00000003c9400000 0x00000003c9400000 Y/35    Allocating 
 Small   0x00000003c9400000 0x00000003c9600000 0x00000003c9600000 Y/35    Allocating 
 Small   0x00000003c9600000 0x00000003c9800000 0x00000003c9800000 Y/35    Allocating 
 Small   0x00000003c9800000 0x00000003c9a00000 0x00000003c9a00000 Y/35    Allocating 
 Small   0x00000003c9a00000 0x00000003c9c00000 0x00000003c9c00000 Y/35    Allocating 
 Small   0x00000003c9c00000 0x00000003c9e00000 0x00000003c9e00000 Y/35    Allocating 
 Small   0x00000003c9e00000 0x00000003ca000000 0x00000003ca000000 Y/35    Allocating 
 Small   0x00000003ca000000 0x00000003ca200000 0x00000003ca200000 Y/35    Allocating 
 Small   0x00000003ca200000 0x00000003ca400000 0x00000003ca400000 Y/35    Allocating 
 Small   0x00000003ca400000 0x00000003ca600000 0x00000003ca600000 Y/35    Allocating 
 Small   0x00000003ca600000 0x00000003ca800000 0x00000003ca800000 Y/35    Allocating 
 Small   0x00000003ca800000 0x00000003caa00000 0x00000003caa00000 Y/35    Allocating 
 Small   0x00000003caa00000 0x00000003cac00000 0x00000003cac00000 Y/35    Allocating 
 Small   0x00000003cac00000 0x00000003cae00000 0x00000003cae00000 Y/35    Allocating 
 Small   0x00000003cae00000 0x00000003cb000000 0x00000003cb000000 Y/35    Allocating 
 Small   0x00000003cb000000 0x00000003cb200000 0x00000003cb200000 Y/35    Allocating 
 Small   0x00000003cb200000 0x00000003cb3fffe8 0x00000003cb400000 O/10    Relocatable
 Small   0x00000003cb400000 0x00000003cb600000 0x00000003cb600000 Y/35    Allocating 
 Small   0x00000003cb600000 0x00000003cb800000 0x00000003cb800000 Y/35    Allocating 
 Small   0x00000003cb800000 0x00000003cba00000 0x00000003cba00000 Y/35    Allocating 
 Small   0x00000003cba00000 0x00000003cbc00000 0x00000003cbc00000 Y/35    Allocating 
 Small   0x00000003cbc00000 0x00000003cbe00000 0x00000003cbe00000 Y/35    Allocating 
 Small   0x00000003cbe00000 0x00000003cc000000 0x00000003cc000000 Y/35    Allocating 
 Small   0x00000003cc000000 0x00000003cc200000 0x00000003cc200000 Y/35    Allocating 
 Small   0x00000003cc200000 0x00000003cc400000 0x00000003cc400000 Y/35    Allocating 
 Small   0x00000003cc400000 0x00000003cc600000 0x00000003cc600000 Y/35    Allocating 
 Small   0x00000003cc600000 0x00000003cc800000 0x00000003cc800000 Y/35    Allocating 
 Small   0x00000003cc800000 0x00000003cc9fffe8 0x00000003cca00000 O/10    Relocatable
 Small   0x00000003cca00000 0x00000003ccc00000 0x00000003ccc00000 Y/35    Allocating 
 Small   0x00000003ccc00000 0x00000003cce00000 0x00000003cce00000 Y/35    Allocating 
 Small   0x00000003cce00000 0x00000003cd000000 0x00000003cd000000 Y/35    Allocating 
 Small   0x00000003cd000000 0x00000003cd200000 0x00000003cd200000 Y/35    Allocating 
 Small   0x00000003cd200000 0x00000003cd400000 0x00000003cd400000 Y/35    Allocating 
 Small   0x00000003cd400000 0x00000003cd600000 0x00000003cd600000 Y/35    Allocating 
 Small   0x00000003cd600000 0x00000003cd800000 0x00000003cd800000 Y/35    Allocating 
 Small   0x00000003cd800000 0x00000003cd9fffa0 0x00000003cda00000 O/10    Relocatable
 Small   0x00000003cda00000 0x00000003cdc00000 0x00000003cdc00000 Y/35    Allocating 
 Small   0x00000003cdc00000 0x00000003cde00000 0x00000003cde00000 Y/35    Allocating 
 Small   0x00000003cde00000 0x00000003ce000000 0x00000003ce000000 Y/35    Allocating 
 Small   0x00000003ce000000 0x00000003ce200000 0x00000003ce200000 Y/35    Allocating 
 Small   0x00000003ce200000 0x00000003ce400000 0x00000003ce400000 Y/35    Allocating 
 Small   0x00000003ce400000 0x00000003ce600000 0x00000003ce600000 Y/35    Allocating 
 Small   0x00000003ce600000 0x00000003ce800000 0x00000003ce800000 Y/35    Allocating 
 Small   0x00000003ce800000 0x00000003cea00000 0x00000003cea00000 Y/35    Allocating 
 Small   0x00000003cea00000 0x00000003cec00000 0x00000003cec00000 Y/35    Allocating 
 Small   0x00000003cec00000 0x00000003cee00000 0x00000003cee00000 Y/35    Allocating 
 Small   0x00000003cee00000 0x00000003cf000000 0x00000003cf000000 Y/35    Allocating 
 Small   0x00000003cf000000 0x00000003cf200000 0x00000003cf200000 Y/35    Allocating 
 Small   0x00000003cf200000 0x00000003cf400000 0x00000003cf400000 Y/35    Allocating 
 Small   0x00000003cf400000 0x00000003cf600000 0x00000003cf600000 Y/35    Allocating 
 Small   0x00000003cf600000 0x00000003cf800000 0x00000003cf800000 Y/35    Allocating 
 Small   0x00000003cf800000 0x00000003cfa00000 0x00000003cfa00000 Y/35    Allocating 
 Small   0x00000003cfa00000 0x00000003cfc00000 0x00000003cfc00000 Y/35    Allocating 
 Small   0x00000003cfc00000 0x00000003cfe00000 0x00000003cfe00000 Y/35    Allocating 
 Small   0x00000003cfe00000 0x00000003d0000000 0x00000003d0000000 Y/35    Allocating 
 Small   0x00000003d0000000 0x00000003d0200000 0x00000003d0200000 Y/35    Allocating 
 Small   0x00000003d0200000 0x00000003d0400000 0x00000003d0400000 Y/35    Allocating 
 Small   0x00000003d0400000 0x00000003d0600000 0x00000003d0600000 Y/35    Allocating 
 Small   0x00000003d0600000 0x00000003d0800000 0x00000003d0800000 Y/35    Allocating 
 Small   0x00000003d0800000 0x00000003d09fff88 0x00000003d0a00000 O/11    Relocatable
 Small   0x00000003d0a00000 0x00000003d0c00000 0x00000003d0c00000 Y/35    Allocating 
 Small   0x00000003d0c00000 0x00000003d0e00000 0x00000003d0e00000 Y/35    Allocating 
 Small   0x00000003d0e00000 0x00000003d1000000 0x00000003d1000000 Y/35    Allocating 
 Small   0x00000003d1000000 0x00000003d1200000 0x00000003d1200000 Y/35    Allocating 
 Small   0x00000003d1200000 0x00000003d1400000 0x00000003d1400000 Y/35    Allocating 
 Small   0x00000003d1400000 0x00000003d1600000 0x00000003d1600000 Y/35    Allocating 
 Small   0x00000003d1600000 0x00000003d1800000 0x00000003d1800000 Y/35    Allocating 
 Small   0x00000003d1800000 0x00000003d1a00000 0x00000003d1a00000 Y/35    Allocating 
 Small   0x00000003d1a00000 0x00000003d1c00000 0x00000003d1c00000 Y/35    Allocating 
 Small   0x00000003d1c00000 0x00000003d1e00000 0x00000003d1e00000 Y/35    Allocating 
 Small   0x00000003d1e00000 0x00000003d2000000 0x00000003d2000000 Y/35    Allocating 
 Small   0x00000003d2000000 0x00000003d2200000 0x00000003d2200000 Y/35    Allocating 
 Small   0x00000003d2200000 0x00000003d2400000 0x00000003d2400000 Y/35    Allocating 
 Small   0x00000003d2400000 0x00000003d2600000 0x00000003d2600000 Y/35    Allocating 
 Small   0x00000003d2600000 0x00000003d2800000 0x00000003d2800000 Y/35    Allocating 
 Small   0x00000003d2800000 0x00000003d2a00000 0x00000003d2a00000 Y/35    Allocating 
 Small   0x00000003d2a00000 0x00000003d2c00000 0x00000003d2c00000 Y/35    Allocating 
 Small   0x00000003d2c00000 0x00000003d2e00000 0x00000003d2e00000 Y/35    Allocating 
 Small   0x00000003d2e00000 0x00000003d3000000 0x00000003d3000000 Y/35    Allocating 
 Small   0x00000003d3000000 0x00000003d3200000 0x00000003d3200000 Y/35    Allocating 
 Small   0x00000003d3200000 0x00000003d3400000 0x00000003d3400000 Y/35    Allocating 
 Small   0x00000003d3400000 0x00000003d3600000 0x00000003d3600000 Y/35    Allocating 
 Small   0x00000003d3600000 0x00000003d3800000 0x00000003d3800000 Y/35    Allocating 
 Small   0x00000003d3800000 0x00000003d3a00000 0x00000003d3a00000 Y/35    Allocating 
 Small   0x00000003d3a00000 0x00000003d3c00000 0x00000003d3c00000 Y/35    Allocating 
 Small   0x00000003d3c00000 0x00000003d3e00000 0x00000003d3e00000 Y/35    Allocating 
 Small   0x00000003d3e00000 0x00000003d4000000 0x00000003d4000000 Y/35    Allocating 
 Small   0x00000003d4000000 0x00000003d4200000 0x00000003d4200000 Y/35    Allocating 
 Small   0x00000003d4200000 0x00000003d43fffe0 0x00000003d4400000 O/11    Relocatable
 Small   0x00000003d4400000 0x00000003d4600000 0x00000003d4600000 Y/35    Allocating 
 Small   0x00000003d4600000 0x00000003d4800000 0x00000003d4800000 Y/35    Allocating 
 Small   0x00000003d4800000 0x00000003d4a00000 0x00000003d4a00000 Y/35    Allocating 
 Small   0x00000003d4a00000 0x00000003d4c00000 0x00000003d4c00000 Y/35    Allocating 
 Small   0x00000003d4c00000 0x00000003d4e00000 0x00000003d4e00000 Y/35    Allocating 
 Small   0x00000003d4e00000 0x00000003d5000000 0x00000003d5000000 Y/35    Allocating 
 Small   0x00000003d5000000 0x00000003d5200000 0x00000003d5200000 Y/35    Allocating 
 Small   0x00000003d5200000 0x00000003d5400000 0x00000003d5400000 Y/35    Allocating 
 Small   0x00000003d5400000 0x00000003d5600000 0x00000003d5600000 Y/35    Allocating 
 Small   0x00000003d5600000 0x00000003d5800000 0x00000003d5800000 Y/35    Allocating 
 Small   0x00000003d5800000 0x00000003d5a00000 0x00000003d5a00000 Y/35    Allocating 
 Small   0x00000003d5a00000 0x00000003d5c00000 0x00000003d5c00000 Y/35    Allocating 
 Small   0x00000003d5c00000 0x00000003d5e00000 0x00000003d5e00000 Y/35    Allocating 
 Small   0x00000003d5e00000 0x00000003d6000000 0x00000003d6000000 Y/35    Allocating 
 Small   0x00000003d6000000 0x00000003d6200000 0x00000003d6200000 Y/35    Allocating 
 Small   0x00000003d6200000 0x00000003d6400000 0x00000003d6400000 Y/35    Allocating 
 Small   0x00000003d6400000 0x00000003d6600000 0x00000003d6600000 Y/35    Allocating 
 Small   0x00000003d6600000 0x00000003d6800000 0x00000003d6800000 Y/35    Allocating 
 Small   0x00000003d6800000 0x00000003d6a00000 0x00000003d6a00000 Y/35    Allocating 
 Small   0x00000003d6a00000 0x00000003d6c00000 0x00000003d6c00000 Y/35    Allocating 
 Small   0x00000003d6c00000 0x00000003d6e00000 0x00000003d6e00000 Y/35    Allocating 
 Small   0x00000003d6e00000 0x00000003d6fffff8 0x00000003d7000000 O/11    Relocatable
 Small   0x00000003d7000000 0x00000003d7200000 0x00000003d7200000 Y/35    Allocating 
 Small   0x00000003d7200000 0x00000003d7400000 0x00000003d7400000 Y/35    Allocating 
 Small   0x00000003d7400000 0x00000003d7600000 0x00000003d7600000 Y/35    Allocating 
 Small   0x00000003d7600000 0x00000003d77fffd8 0x00000003d7800000 O/10    Relocatable
 Small   0x00000003d7800000 0x00000003d79fffa8 0x00000003d7a00000 O/10    Relocatable
 Small   0x00000003d7a00000 0x00000003d7c00000 0x00000003d7c00000 Y/35    Allocating 
 Small   0x00000003d7c00000 0x00000003d7dfffe0 0x00000003d7e00000 O/10    Relocatable
 Small   0x00000003d7e00000 0x00000003d8000000 0x00000003d8000000 Y/35    Allocating 
 Small   0x00000003d8000000 0x00000003d8200000 0x00000003d8200000 Y/35    Allocating 
 Small   0x00000003d8200000 0x00000003d8400000 0x00000003d8400000 Y/35    Allocating 
 Small   0x00000003d8400000 0x00000003d8600000 0x00000003d8600000 Y/35    Allocating 
 Small   0x00000003d8600000 0x00000003d8800000 0x00000003d8800000 Y/35    Allocating 
 Small   0x00000003d8800000 0x00000003d8a00000 0x00000003d8a00000 Y/35    Allocating 
 Small   0x00000003d8a00000 0x00000003d8c00000 0x00000003d8c00000 Y/35    Allocating 
 Small   0x00000003d8c00000 0x00000003d8e00000 0x00000003d8e00000 Y/35    Allocating 
 Small   0x00000003d8e00000 0x00000003d9000000 0x00000003d9000000 Y/35    Allocating 
 Small   0x00000003d9000000 0x00000003d9200000 0x00000003d9200000 Y/35    Allocating 
 Small   0x00000003d9200000 0x00000003d9400000 0x00000003d9400000 Y/35    Allocating 
 Small   0x00000003d9400000 0x00000003d9600000 0x00000003d9600000 Y/35    Allocating 
 Small   0x00000003d9600000 0x00000003d9800000 0x00000003d9800000 Y/35    Allocating 
 Small   0x00000003d9800000 0x00000003d99fff90 0x00000003d9a00000 O/10    Relocatable
 Small   0x00000003d9a00000 0x00000003d9c00000 0x00000003d9c00000 Y/35    Allocating 
 Small   0x00000003d9c00000 0x00000003d9e00000 0x00000003d9e00000 Y/35    Allocating 
 Small   0x00000003d9e00000 0x00000003da000000 0x00000003da000000 Y/35    Allocating 
 Small   0x00000003da000000 0x00000003da200000 0x00000003da200000 Y/35    Allocating 
 Small   0x00000003da200000 0x00000003da400000 0x00000003da400000 Y/35    Allocating 
 Small   0x00000003da400000 0x00000003da600000 0x00000003da600000 Y/35    Allocating 
 Small   0x00000003da600000 0x00000003da800000 0x00000003da800000 Y/35    Allocating 
 Small   0x00000003da800000 0x00000003daa00000 0x00000003daa00000 Y/35    Allocating 
 Small   0x00000003daa00000 0x00000003dabfffd8 0x00000003dac00000 O/10    Relocatable
 Small   0x00000003dac00000 0x00000003dae00000 0x00000003dae00000 Y/35    Allocating 
 Small   0x00000003dae00000 0x00000003db000000 0x00000003db000000 Y/35    Allocating 
 Small   0x00000003db000000 0x00000003db200000 0x00000003db200000 Y/35    Allocating 
 Small   0x00000003db200000 0x00000003db400000 0x00000003db400000 Y/35    Allocating 
 Small   0x00000003db400000 0x00000003db600000 0x00000003db600000 Y/35    Allocating 
 Small   0x00000003db600000 0x00000003db800000 0x00000003db800000 Y/35    Allocating 
 Small   0x00000003db800000 0x00000003dba00000 0x00000003dba00000 Y/35    Allocating 
 Small   0x00000003dba00000 0x00000003dbc00000 0x00000003dbc00000 Y/35    Allocating 
 Small   0x00000003dbc00000 0x00000003dbe00000 0x00000003dbe00000 Y/35    Allocating 
 Small   0x00000003dbe00000 0x00000003dc000000 0x00000003dc000000 Y/35    Allocating 
 Small   0x00000003dc000000 0x00000003dc200000 0x00000003dc200000 Y/35    Allocating 
 Small   0x00000003dc200000 0x00000003dc400000 0x00000003dc400000 Y/35    Allocating 
 Small   0x00000003dc400000 0x00000003dc5ffff8 0x00000003dc600000 O/10    Relocatable
 Small   0x00000003dc600000 0x00000003dc800000 0x00000003dc800000 Y/35    Allocating 
 Small   0x00000003dc800000 0x00000003dca00000 0x00000003dca00000 Y/35    Allocating 
 Small   0x00000003dca00000 0x00000003dcc00000 0x00000003dcc00000 Y/35    Allocating 
 Small   0x00000003dcc00000 0x00000003dce00000 0x00000003dce00000 Y/35    Allocating 
 Small   0x00000003dce00000 0x00000003dd000000 0x00000003dd000000 Y/35    Allocating 
 Small   0x00000003dd000000 0x00000003dd200000 0x00000003dd200000 Y/35    Allocating 
 Small   0x00000003dd200000 0x00000003dd400000 0x00000003dd400000 Y/35    Allocating 
 Small   0x00000003dd400000 0x00000003dd600000 0x00000003dd600000 Y/35    Allocating 
 Small   0x00000003dd600000 0x00000003dd800000 0x00000003dd800000 Y/35    Allocating 
 Small   0x00000003dd800000 0x00000003dda00000 0x00000003dda00000 Y/35    Allocating 
 Small   0x00000003dda00000 0x00000003ddc00000 0x00000003ddc00000 Y/35    Allocating 
 Small   0x00000003ddc00000 0x00000003dddfff98 0x00000003dde00000 O/10    Relocatable
 Small   0x00000003dde00000 0x00000003de000000 0x00000003de000000 Y/35    Allocating 
 Small   0x00000003de000000 0x00000003de200000 0x00000003de200000 Y/35    Allocating 
 Small   0x00000003de200000 0x00000003de400000 0x00000003de400000 Y/35    Allocating 
 Small   0x00000003de400000 0x00000003de600000 0x00000003de600000 Y/35    Allocating 
 Small   0x00000003de600000 0x00000003de800000 0x00000003de800000 Y/35    Allocating 
 Small   0x00000003de800000 0x00000003dea00000 0x00000003dea00000 Y/35    Allocating 
 Small   0x00000003dea00000 0x00000003dec00000 0x00000003dec00000 Y/35    Allocating 
 Small   0x00000003dec00000 0x00000003dee00000 0x00000003dee00000 Y/35    Allocating 
 Small   0x00000003dee00000 0x00000003df000000 0x00000003df000000 Y/35    Allocating 
 Small   0x00000003df000000 0x00000003df200000 0x00000003df200000 Y/35    Allocating 
 Small   0x00000003df200000 0x00000003df400000 0x00000003df400000 Y/35    Allocating 
 Small   0x00000003df400000 0x00000003df600000 0x00000003df600000 Y/35    Allocating 
 Small   0x00000003df600000 0x00000003df800000 0x00000003df800000 Y/35    Allocating 
 Small   0x00000003df800000 0x00000003df9fffe8 0x00000003dfa00000 O/9     Relocatable
 Small   0x00000003dfa00000 0x00000003dfc00000 0x00000003dfc00000 Y/35    Allocating 
 Small   0x00000003dfc00000 0x00000003dfdfffc8 0x00000003dfe00000 O/10    Relocatable
 Small   0x00000003dfe00000 0x00000003e0000000 0x00000003e0000000 Y/35    Allocating 
 Small   0x00000003e0000000 0x00000003e0200000 0x00000003e0200000 Y/35    Allocating 
 Small   0x00000003e0200000 0x00000003e0400000 0x00000003e0400000 Y/35    Allocating 
 Small   0x00000003e0400000 0x00000003e0600000 0x00000003e0600000 Y/35    Allocating 
 Small   0x00000003e0600000 0x00000003e0800000 0x00000003e0800000 Y/35    Allocating 
 Small   0x00000003e0800000 0x00000003e09ffff0 0x00000003e0a00000 O/9     Relocatable
 Small   0x00000003e0a00000 0x00000003e0c00000 0x00000003e0c00000 Y/35    Allocating 
 Small   0x00000003e0c00000 0x00000003e0e00000 0x00000003e0e00000 Y/35    Allocating 
 Small   0x00000003e0e00000 0x00000003e1000000 0x00000003e1000000 Y/35    Allocating 
 Small   0x00000003e1000000 0x00000003e1200000 0x00000003e1200000 Y/35    Allocating 
 Small   0x00000003e1200000 0x00000003e1400000 0x00000003e1400000 Y/35    Allocating 
 Small   0x00000003e1400000 0x00000003e1600000 0x00000003e1600000 Y/35    Allocating 
 Small   0x00000003e1600000 0x00000003e1800000 0x00000003e1800000 Y/35    Allocating 
 Small   0x00000003e1800000 0x00000003e1a00000 0x00000003e1a00000 Y/35    Allocating 
 Small   0x00000003e1a00000 0x00000003e1c00000 0x00000003e1c00000 Y/35    Allocating 
 Small   0x00000003e1c00000 0x00000003e1e00000 0x00000003e1e00000 Y/35    Allocating 
 Small   0x00000003e1e00000 0x00000003e2000000 0x00000003e2000000 Y/35    Allocating 
 Small   0x00000003e2000000 0x00000003e2200000 0x00000003e2200000 Y/35    Allocating 
 Small   0x00000003e2200000 0x00000003e2400000 0x00000003e2400000 Y/35    Allocating 
 Small   0x00000003e2400000 0x00000003e2600000 0x00000003e2600000 O/10    Relocatable
 Small   0x00000003e2600000 0x00000003e2800000 0x00000003e2800000 Y/35    Allocating 
 Small   0x00000003e2800000 0x00000003e2a00000 0x00000003e2a00000 Y/35    Allocating 
 Small   0x00000003e2a00000 0x00000003e2c00000 0x00000003e2c00000 Y/35    Allocating 
 Small   0x00000003e2c00000 0x00000003e2e00000 0x00000003e2e00000 Y/35    Allocating 
 Small   0x00000003e2e00000 0x00000003e3000000 0x00000003e3000000 Y/35    Allocating 
 Small   0x00000003e3000000 0x00000003e3200000 0x00000003e3200000 Y/35    Allocating 
 Small   0x00000003e3200000 0x00000003e3400000 0x00000003e3400000 Y/35    Allocating 
 Small   0x00000003e3400000 0x00000003e3600000 0x00000003e3600000 Y/35    Allocating 
 Small   0x00000003e3600000 0x00000003e3800000 0x00000003e3800000 Y/35    Allocating 
 Small   0x00000003e3800000 0x00000003e39fffc0 0x00000003e3a00000 O/11    Relocatable
 Small   0x00000003e3a00000 0x00000003e3c00000 0x00000003e3c00000 Y/35    Allocating 
 Small   0x00000003e3c00000 0x00000003e3dfffe8 0x00000003e3e00000 O/10    Relocatable
 Small   0x00000003e3e00000 0x00000003e4000000 0x00000003e4000000 Y/35    Allocating 
 Small   0x00000003e4000000 0x00000003e4200000 0x00000003e4200000 Y/35    Allocating 
 Small   0x00000003e4200000 0x00000003e4400000 0x00000003e4400000 Y/35    Allocating 
 Small   0x00000003e4400000 0x00000003e4600000 0x00000003e4600000 Y/35    Allocating 
 Small   0x00000003e4600000 0x00000003e4800000 0x00000003e4800000 Y/35    Allocating 
 Small   0x00000003e4800000 0x00000003e4a00000 0x00000003e4a00000 Y/35    Allocating 
 Small   0x00000003e4a00000 0x00000003e4c00000 0x00000003e4c00000 Y/35    Allocating 
 Small   0x00000003e4c00000 0x00000003e4e00000 0x00000003e4e00000 Y/35    Allocating 
 Small   0x00000003e4e00000 0x00000003e4ffffb8 0x00000003e5000000 O/11    Relocatable
 Small   0x00000003e5000000 0x00000003e51ffff8 0x00000003e5200000 O/9     Relocatable
 Small   0x00000003e5200000 0x00000003e5400000 0x00000003e5400000 Y/35    Allocating 
 Small   0x00000003e5400000 0x00000003e5600000 0x00000003e5600000 Y/35    Allocating 
 Small   0x00000003e5600000 0x00000003e5800000 0x00000003e5800000 Y/35    Allocating 
 Small   0x00000003e5800000 0x00000003e5a00000 0x00000003e5a00000 Y/35    Allocating 
 Small   0x00000003e5a00000 0x00000003e5bfffd8 0x00000003e5c00000 O/10    Relocatable
 Small   0x00000003e5c00000 0x00000003e5e00000 0x00000003e5e00000 Y/35    Allocating 
 Small   0x00000003e5e00000 0x00000003e6000000 0x00000003e6000000 Y/35    Allocating 
 Small   0x00000003e6000000 0x00000003e6200000 0x00000003e6200000 Y/35    Allocating 
 Small   0x00000003e6200000 0x00000003e63fffd8 0x00000003e6400000 O/12    Relocatable
 Small   0x00000003e6400000 0x00000003e6440000 0x00000003e6600000 Y/35    Allocating 
 Small   0x00000003e6600000 0x00000003e6800000 0x00000003e6800000 Y/35    Allocating 
 Small   0x00000003e6800000 0x00000003e6a00000 0x00000003e6a00000 Y/35    Allocating 
 Small   0x00000003e6a00000 0x00000003e6bfffd0 0x00000003e6c00000 O/10    Relocatable
 Small   0x00000003e6c00000 0x00000003e6e00000 0x00000003e6e00000 Y/35    Allocating 
 Small   0x00000003e6e00000 0x00000003e7000000 0x00000003e7000000 Y/35    Allocating 
 Small   0x00000003e7000000 0x00000003e7200000 0x00000003e7200000 Y/35    Allocating 
 Small   0x00000003e7200000 0x00000003e7400000 0x00000003e7400000 Y/35    Allocating 
 Small   0x00000003e7400000 0x00000003e7600000 0x00000003e7600000 Y/35    Allocating 
 Small   0x00000003e7600000 0x00000003e7800000 0x00000003e7800000 Y/35    Allocating 
 Small   0x00000003e7800000 0x00000003e7a00000 0x00000003e7a00000 Y/35    Allocating 
 Small   0x00000003e7a00000 0x00000003e7c00000 0x00000003e7c00000 Y/35    Allocating 
 Small   0x00000003e7c00000 0x00000003e7e00000 0x00000003e7e00000 Y/35    Allocating 
 Small   0x00000003e7e00000 0x00000003e8000000 0x00000003e8000000 Y/35    Allocating 
 Small   0x00000003e8000000 0x00000003e8200000 0x00000003e8200000 Y/35    Allocating 
 Small   0x00000003e8200000 0x00000003e8400000 0x00000003e8400000 Y/35    Allocating 
 Small   0x00000003e8400000 0x00000003e8600000 0x00000003e8600000 Y/35    Allocating 
 Small   0x00000003e8600000 0x00000003e8800000 0x00000003e8800000 Y/35    Allocating 
 Small   0x00000003e8800000 0x00000003e8a00000 0x00000003e8a00000 Y/35    Allocating 
 Small   0x00000003e8a00000 0x00000003e8bfffd0 0x00000003e8c00000 O/10    Relocatable
 Small   0x00000003e8c00000 0x00000003e8e00000 0x00000003e8e00000 Y/35    Allocating 
 Small   0x00000003e8e00000 0x00000003e8fffff0 0x00000003e9000000 O/11    Relocatable
 Small   0x00000003e9000000 0x00000003e9200000 0x00000003e9200000 Y/35    Allocating 
 Small   0x00000003e9200000 0x00000003e9400000 0x00000003e9400000 Y/35    Allocating 
 Small   0x00000003e9400000 0x00000003e9600000 0x00000003e9600000 Y/35    Allocating 
 Small   0x00000003e9600000 0x00000003e9800000 0x00000003e9800000 Y/35    Allocating 
 Small   0x00000003e9800000 0x00000003e9a00000 0x00000003e9a00000 Y/35    Allocating 
 Small   0x00000003e9a00000 0x00000003e9c00000 0x00000003e9c00000 Y/35    Allocating 
 Small   0x00000003e9c00000 0x00000003e9e00000 0x00000003e9e00000 Y/35    Allocating 
 Small   0x00000003e9e00000 0x00000003e9ffffe8 0x00000003ea000000 O/10    Relocatable
 Small   0x00000003ea000000 0x00000003ea200000 0x00000003ea200000 Y/35    Allocating 
 Small   0x00000003ea200000 0x00000003ea400000 0x00000003ea400000 Y/35    Allocating 
 Small   0x00000003ea400000 0x00000003ea600000 0x00000003ea600000 Y/35    Allocating 
 Small   0x00000003ea600000 0x00000003ea800000 0x00000003ea800000 Y/35    Allocating 
 Small   0x00000003ea800000 0x00000003eaa00000 0x00000003eaa00000 Y/35    Allocating 
 Small   0x00000003eaa00000 0x00000003eac00000 0x00000003eac00000 Y/35    Allocating 
 Small   0x00000003eac00000 0x00000003eae00000 0x00000003eae00000 Y/35    Allocating 
 Small   0x00000003eae00000 0x00000003eb000000 0x00000003eb000000 Y/35    Allocating 
 Small   0x00000003eb000000 0x00000003eb200000 0x00000003eb200000 Y/35    Allocating 
 Small   0x00000003eb200000 0x00000003eb400000 0x00000003eb400000 Y/35    Allocating 
 Small   0x00000003eb400000 0x00000003eb600000 0x00000003eb600000 Y/35    Allocating 
 Small   0x00000003eb600000 0x00000003eb800000 0x00000003eb800000 Y/35    Allocating 
 Small   0x00000003eb800000 0x00000003eba00000 0x00000003eba00000 Y/35    Allocating 
 Small   0x00000003eba00000 0x00000003ebc00000 0x00000003ebc00000 Y/35    Allocating 
 Small   0x00000003ebc00000 0x00000003ebe00000 0x00000003ebe00000 Y/35    Allocating 
 Small   0x00000003ebe00000 0x00000003ec000000 0x00000003ec000000 Y/35    Allocating 
 Small   0x00000003ec000000 0x00000003ec030e48 0x00000003ec200000 Y/35    Allocating 
 Small   0x00000003ec200000 0x00000003ec400000 0x00000003ec400000 Y/35    Allocating 
 Small   0x00000003ec400000 0x00000003ec580000 0x00000003ec600000 Y/35    Allocating 
 Small   0x00000003ec600000 0x00000003ec7fe340 0x00000003ec800000 Y/35    Allocating 
 Large   0x0000003fd9200000 0x0000003fdb400000 0x0000003fdb400000 O/11    Relocatable
 Medium  0x0000003fdd400000 0x0000003fde840000 0x0000003fdf400000 O/12    Relocatable
 Large   0x0000003fe8a00000 0x0000003fe9400000 0x0000003fe9400000 O/10    Relocatable
 Large   0x0000003fed400000 0x0000003feda00000 0x0000003feda00000 O/9     Relocatable
 Medium  0x0000003feda00000 0x0000003feee37000 0x0000003fefa00000 O/13    Allocating 
 Large   0x0000003fefa00000 0x0000003ff0000000 0x0000003ff0000000 O/10    Relocatable
 Large   0x0000003ff0000000 0x0000003ff1200000 0x0000003ff1200000 O/10    Relocatable
 Large   0x0000003ff1a00000 0x0000003ff2200000 0x0000003ff2200000 O/9     Relocatable
 Large   0x0000003ff2800000 0x0000003ff3000000 0x0000003ff3000000 O/9     Relocatable
 Large   0x0000003ff3000000 0x0000003ff3a00000 0x0000003ff3a00000 O/9     Relocatable
 Medium  0x0000003ff3a00000 0x0000003ff542e000 0x0000003ff5a00000 O/9     Relocatable
 Large   0x0000003ff6800000 0x0000003ff7a00000 0x0000003ff7a00000 O/11    Relocatable
 Large   0x0000003ff7a00000 0x0000003ff8c00000 0x0000003ff8c00000 O/11    Relocatable
 Large   0x0000003ff9a00000 0x0000003ffa600000 0x0000003ffa600000 O/8     Relocatable
 Large   0x0000003ffa800000 0x0000003ffae00000 0x0000003ffae00000 O/9     Relocatable
 Medium  0x0000003ffba00000 0x0000003ffd9bc000 0x0000003ffda00000 O/6     Relocatable
 Large   0x0000003ffda00000 0x0000003ffe000000 0x0000003ffe000000 O/8     Relocatable
 Medium  0x0000003ffe000000 0x0000003ffe041000 0x0000004000000000 Y/35    Allocating 

ZBarrierSet

Polling page: 0x0000027b894f0000

Metaspace:

Usage:
  Non-class:    325.23 MB used.
      Class:     76.48 MB used.
       Both:    401.70 MB used.

Virtual space:
  Non-class space:      384.00 MB reserved,     327.50 MB ( 85%) committed,  6 nodes.
      Class space:        1.00 GB reserved,      78.50 MB (  8%) committed,  1 nodes.
             Both:        1.38 GB reserved,     406.00 MB ( 29%) committed. 

Chunk freelists:
   Non-Class:  7.73 MB
       Class:  1.53 MB
        Both:  9.26 MB

MaxMetaspaceSize: unlimited
CompressedClassSpaceSize: 1.00 GB
Initial GC threshold: 21.00 MB
Current GC threshold: 669.94 MB
CDS: off
 - commit_granule_bytes: 65536.
 - commit_granule_words: 8192.
 - virtual_space_node_default_size: 8388608.
 - enlarge_chunks_in_place: 1.
 - use_allocation_guard: 0.


Internal statistics:

num_allocs_failed_limit: 321.
num_arena_births: 8258.
num_arena_deaths: 380.
num_vsnodes_births: 7.
num_vsnodes_deaths: 0.
num_space_committed: 6482.
num_space_uncommitted: 0.
num_chunks_returned_to_freelist: 859.
num_chunks_taken_from_freelist: 28338.
num_chunk_merges: 546.
num_chunk_splits: 17082.
num_chunks_enlarged: 10283.
num_inconsistent_stats: 0.

CodeHeap 'non-profiled nmethods': size=119168Kb used=29808Kb max_used=29808Kb free=89359Kb
 bounds [0x0000027b97110000, 0x0000027b98e30000, 0x0000027b9e570000]
CodeHeap 'profiled nmethods': size=119104Kb used=31159Kb max_used=44907Kb free=87944Kb
 bounds [0x0000027b8f570000, 0x0000027b921a0000, 0x0000027b969c0000]
CodeHeap 'non-nmethods': size=7488Kb used=4401Kb max_used=6193Kb free=3086Kb
 bounds [0x0000027b969c0000, 0x0000027b96fe0000, 0x0000027b97110000]
 total_blobs=21878 nmethods=18473 adapters=3306
 compilation: enabled
              stopped_count=0, restarted_count=0
 full_count=0

Compilation events (250 events):
Event: 855.335 Thread 0x0000028064cd40a0 42465       3       de.keksuccino.fancymenu.util.watermedia.WatermediaReflectionBridge::invokeBoolean (32 bytes)
Event: 855.335 Thread 0x0000027b8b6cbe10 42466       3       org.lwjgl.openal.AL10::nalGetSourcei (17 bytes)
Event: 855.335 Thread 0x0000028064cd40a0 nmethod 42465 0x0000027b8f96ee10 code [0x0000027b8f96efe0, 0x0000027b8f96f3d0]
Event: 855.335 Thread 0x0000027b8b6cbe10 nmethod 42466 0x0000027b8f96e790 code [0x0000027b8f96e960, 0x0000027b8f96ec30]
Event: 855.417 Thread 0x0000027b8b6cbe10 42467       3       org.watermedia.api.media.players.util.MasterClock::hasSeekPending (13 bytes)
Event: 855.417 Thread 0x0000027b8b6cbe10 nmethod 42467 0x0000027b90e81c10 code [0x0000027b90e81dc0, 0x0000027b90e81f50]
Event: 855.435 Thread 0x0000027b8b6cbe10 42468       3       sun.invoke.util.ValueConversions::boxLong (5 bytes)
Event: 855.435 Thread 0x0000027b8b6cbe10 nmethod 42468 0x0000027b8f96e410 code [0x0000027b8f96e5c0, 0x0000027b8f96e6d8]
Event: 855.468 Thread 0x0000027b8b6cbe10 42469       3       java.lang.invoke.LambdaForm$MH/0x0000000080211000::invoke (53 bytes)
Event: 855.468 Thread 0x0000027b8b6cbe10 nmethod 42469 0x0000027b8f96d810 code [0x0000027b8f96da20, 0x0000027b8f96e218]
Event: 855.484 Thread 0x0000027b8b6cbe10 42470       3       java.lang.invoke.LambdaFormEditor::spreadArgumentsForm (363 bytes)
Event: 855.484 Thread 0x0000028064cd40a0 42471       1       java.lang.invoke.LambdaForm$BasicType::basicTypeClass (5 bytes)
Event: 855.484 Thread 0x0000028064cd40a0 nmethod 42471 0x0000027b98e15a10 code [0x0000027b98e15ba0, 0x0000027b98e15c98]
Event: 855.484 Thread 0x0000028064cd40a0 42472       3       java.lang.invoke.MethodHandle::asSpreader (68 bytes)
Event: 855.485 Thread 0x0000028064cd40a0 nmethod 42472 0x0000027b91d33d90 code [0x0000027b91d34020, 0x0000027b91d34be8]
Event: 855.485 Thread 0x0000028064cd40a0 42473       1       de.keksuccino.fancymenu.util.resource.resources.video.Mp4Video::isLooping (5 bytes)
Event: 855.485 Thread 0x0000027b8b6cbe10 nmethod 42470 0x0000027b8fe33e90 code [0x0000027b8fe342c0, 0x0000027b8fe35c28]
Event: 855.485 Thread 0x0000028064cd40a0 nmethod 42473 0x0000027b98e15d10 code [0x0000027b98e15ea0, 0x0000027b98e15f70]
Event: 855.485 Thread 0x0000028064cd40a0 42474       3       java.lang.invoke.LambdaForm$MH/0x0000000084e74400::invoke (42 bytes)
Event: 855.486 Thread 0x0000028064cd40a0 nmethod 42474 0x0000027b91d32e90 code [0x0000027b91d330c0, 0x0000027b91d33a30]
Event: 855.501 Thread 0x0000028064cd40a0 42475       3       de.keksuccino.fancymenu.util.watermedia.WatermediaReflectionBridge::playerIsPaused (8 bytes)
Event: 855.501 Thread 0x0000027b8b6cbe10 42476       3       org.watermedia.api.media.players.MediaPlayer::paused (16 bytes)
Event: 855.501 Thread 0x0000028064cd40a0 nmethod 42475 0x0000027b8fe33b10 code [0x0000027b8fe33cc0, 0x0000027b8fe33df0]
Event: 855.502 Thread 0x0000027b8b6cbe10 nmethod 42476 0x0000027b8fe33610 code [0x0000027b8fe337c0, 0x0000027b8fe33a10]
Event: 855.502 Thread 0x0000027b8b6cbe10 42477       1       org.watermedia.api.media.engines.GFXEngine::width (5 bytes)
Event: 855.502 Thread 0x0000028064cd40a0 42478       3       de.keksuccino.fancymenu.util.watermedia.WatermediaReflectionBridge::invokeInt (32 bytes)
Event: 855.502 Thread 0x0000027b8b6cbe10 nmethod 42477 0x0000027b98e16010 code [0x0000027b98e161a0, 0x0000027b98e16268]
Event: 855.502 Thread 0x0000027b8b6cbe10 42479       1       org.watermedia.api.media.engines.GFXEngine::height (5 bytes)
Event: 855.502 Thread 0x0000028064cd40a0 nmethod 42478 0x0000027b8f96d090 code [0x0000027b8f96d260, 0x0000027b8f96d6f0]
Event: 855.502 Thread 0x0000027b8b6cbe10 nmethod 42479 0x0000027b98e16310 code [0x0000027b98e164a0, 0x0000027b98e16568]
Event: 855.503 Thread 0x0000027b8b6cbe10 42480   !   3       org.lwjgl.openal.AL10::alGetSourcei (52 bytes)
Event: 855.503 Thread 0x0000027b8b6c9760 42481       4       java.util.concurrent.locks.AbstractQueuedSynchronizer::release (19 bytes)
Event: 855.504 Thread 0x0000027b8b6cbe10 nmethod 42480 0x0000027b8fd58890 code [0x0000027b8fd58b20, 0x0000027b8fd597d0]
Event: 855.504 Thread 0x0000027b8b6c9760 nmethod 42481 0x0000027b98e16610 code [0x0000027b98e167c0, 0x0000027b98e16998]
Event: 855.518 Thread 0x0000027b8b6cbe10 42482       3       de.keksuccino.fancymenu.util.resource.resources.video.Mp4Video::updateVideoPlaybackListenerStateFromPlayer (384 bytes)
Event: 855.518 Thread 0x0000028064cd40a0 42483       3       de.keksuccino.fancymenu.util.resource.resources.video.Mp4Video::shouldRecoverPrematureEnd (90 bytes)
Event: 855.518 Thread 0x0000028064cd40a0 nmethod 42483 0x0000027b91d32290 code [0x0000027b91d324e0, 0x0000027b91d32be0]
Event: 855.519 Thread 0x0000027b8b6cbe10 nmethod 42482 0x0000027b8fd7cd10 code [0x0000027b8fd7d1e0, 0x0000027b8fd7eda8]
Event: 855.587 Thread 0x0000027b8b6cbe10 42484       3       java.util.concurrent.locks.AbstractQueuedSynchronizer$ConditionObject::await (207 bytes)
Event: 855.587 Thread 0x0000027b8b6cbe10 nmethod 42484 0x0000027b8fd57290 code [0x0000027b8fd57580, 0x0000027b8fd58328]
Event: 855.835 Thread 0x0000027b8b6cbe10 42485       3       de.keksuccino.fancymenu.customization.element.elements.video.VideoElementController::getMeta (26 bytes)
Event: 855.835 Thread 0x0000027b8b6cbe10 nmethod 42485 0x0000027b91d31a90 code [0x0000027b91d31c60, 0x0000027b91d32050]
Event: 855.868 Thread 0x0000027b8b6cbe10 42486       3       de.keksuccino.fancymenu.util.resource.resources.video.Mp4Video::isTerminalPlayerStatus (36 bytes)
Event: 855.868 Thread 0x0000028064cd40a0 42487       3       de.keksuccino.fancymenu.util.resource.resources.video.Mp4Video::tryApplyQueuedSeekToPlayer (122 bytes)
Event: 855.869 Thread 0x0000027b8b6cbe10 nmethod 42486 0x0000027b8f96cb10 code [0x0000027b8f96cce0, 0x0000027b8f96cf50]
Event: 855.869 Thread 0x0000028064cd40a0 nmethod 42487 0x0000027b8fd56590 code [0x0000027b8fd567e0, 0x0000027b8fd56ee0]
Event: 855.951 Thread 0x0000028064cd40a0 42488   !   3       org.watermedia.api.media.players.util.FrameQueue::peek (42 bytes)
Event: 855.952 Thread 0x0000028064cd40a0 nmethod 42488 0x0000027b8fd7c610 code [0x0000027b8fd7c7e0, 0x0000027b8fd7cb70]
Event: 856.001 Thread 0x0000028064cd40a0 42489       3       de.keksuccino.fancymenu.util.resource.ResourceSourceType::getSourcePrefix (10 bytes)
Event: 856.002 Thread 0x0000028064cd40a0 nmethod 42489 0x0000027b904ae490 code [0x0000027b904ae800, 0x0000027b904afdd0]
Event: 856.035 Thread 0x0000028064cd40a0 42490       3       java.lang.invoke.LambdaForm$MH/0x0000000084e74800::invoke (60 bytes)
Event: 856.035 Thread 0x0000028064cd40a0 nmethod 42490 0x0000027b904ad310 code [0x0000027b904ad580, 0x0000027b904ae0c8]
Event: 856.084 Thread 0x0000027b8b6c9760 42491       4       java.lang.invoke.MethodType::replaceParameterTypes (95 bytes)
Event: 856.091 Thread 0x0000027b8b6c9760 nmethod 42491 0x0000027b98e16a90 code [0x0000027b98e16d40, 0x0000027b98e17e58]
Event: 856.118 Thread 0x0000027b8b6c9760 42492       4       de.keksuccino.fancymenu.customization.element.editor.AbstractEditorElement$RotationGrabber::isGrabberEnabled (64 bytes)
Event: 856.120 Thread 0x0000027b8b6c9760 nmethod 42492 0x0000027b98e18810 code [0x0000027b98e189e0, 0x0000027b98e18e00]
Event: 856.120 Thread 0x0000027b8b6c9760 42493       4       de.keksuccino.fancymenu.customization.element.editor.AbstractEditorElement$RotationGrabber::getY (94 bytes)
Event: 856.132 Thread 0x0000027b8b6c9760 nmethod 42493 0x0000027b98e19090 code [0x0000027b98e19560, 0x0000027b98e1c1e0]
Event: 856.132 Thread 0x0000027b8b6c9760 42494       4       de.keksuccino.fancymenu.customization.element.editor.AbstractEditorElement$VerticalTiltGrabber::isGrabberEnabled (64 bytes)
Event: 856.133 Thread 0x0000027b8b6c9760 nmethod 42494 0x0000027b98e1d510 code [0x0000027b98e1d6e0, 0x0000027b98e1db00]
Event: 856.252 Thread 0x0000027b8b6cbe10 42495       3       sun.invoke.util.ValueConversions::unboxBoolean (37 bytes)
Event: 856.252 Thread 0x0000027b8b6cbe10 nmethod 42495 0x0000027b8fd7bd90 code [0x0000027b8fd7bf80, 0x0000027b8fd7c3f8]
Event: 856.370 Thread 0x0000027b8b6cbe10 42496       3       java.util.concurrent.locks.AbstractQueuedSynchronizer$ConditionObject::enableWait (84 bytes)
Event: 856.370 Thread 0x0000027b8b6cbe10 nmethod 42496 0x0000027b8fec8810 code [0x0000027b8fec8a60, 0x0000027b8fec92f8]
Event: 856.468 Thread 0x0000027b8b6c9760 42497   !   4       de.keksuccino.fancymenu.util.properties.RuntimePropertyContainer::getProperty (39 bytes)
Event: 856.471 Thread 0x0000027b8b6c9760 nmethod 42497 0x0000027b98e1dd90 code [0x0000027b98e1dfe0, 0x0000027b98e1e8e0]
Event: 856.486 Thread 0x0000028064cd40a0 42498       3       java.lang.invoke.LambdaForm$DMH/0x00000000801be400::invokeSpecial (14 bytes)
Event: 856.486 Thread 0x0000028064cd40a0 nmethod 42498 0x0000027b8fec8090 code [0x0000027b8fec8260, 0x0000027b8fec86e8]
Event: 856.519 Thread 0x0000028064cd40a0 42499   !   3       org.watermedia.api.media.players.util.MasterClock::transition (151 bytes)
Event: 856.519 Thread 0x0000027b8b6cbe10 42500       3       org.watermedia.api.media.players.util.MasterClock::time (46 bytes)
Event: 856.519 Thread 0x0000027b8b6cbe10 nmethod 42500 0x0000027b8fec7b10 code [0x0000027b8fec7d00, 0x0000027b8fec7f80]
Event: 856.519 Thread 0x0000027b8b6cbe10 42501       3       org.watermedia.api.media.players.util.MasterClock::wallclock (9 bytes)
Event: 856.519 Thread 0x0000027b8b6cbe10 nmethod 42501 0x0000027b8fe33210 code [0x0000027b8fe333e0, 0x0000027b8fe33500]
Event: 856.519 Thread 0x0000028064cd40a0 nmethod 42499 0x0000027b9177bb10 code [0x0000027b9177bf20, 0x0000027b9177da70]
Event: 856.535 Thread 0x0000028064cd40a0 42502       3       de.keksuccino.fancymenu.customization.element.elements.video.VideoElementController::hasMetaFor (23 bytes)
Event: 856.535 Thread 0x0000027b8b6cbe10 42503       3       de.keksuccino.fancymenu.util.resource.resources.video.Mp4Video::isEnded (151 bytes)
Event: 856.535 Thread 0x0000028064cd40a0 nmethod 42502 0x0000027b9177b510 code [0x0000027b9177b6e0, 0x0000027b9177b9c8]
Event: 856.535 Thread 0x0000027b8b6cbe10 nmethod 42503 0x0000027b8fec6810 code [0x0000027b8fec6b00, 0x0000027b8fec77b8]
Event: 856.552 Thread 0x0000027b8b6cbe10 42504   !   3       org.watermedia.api.media.players.util.MasterClock::setPaused (94 bytes)
Event: 856.552 Thread 0x0000028064cd40a0 42505       3       de.keksuccino.fancymenu.util.watermedia.WatermediaReflectionBridge::invokeLong (35 bytes)
Event: 856.552 Thread 0x0000028064cd40a0 nmethod 42505 0x0000027b9177ac10 code [0x0000027b9177ade0, 0x0000027b9177b270]
Event: 856.553 Thread 0x0000027b8b6cbe10 nmethod 42504 0x0000027b9192f990 code [0x0000027b9192fcc0, 0x0000027b91930f38]
Event: 856.568 Thread 0x0000027b8b6cbe10 42506       3       de.keksuccino.fancymenu.util.watermedia.WatermediaReflectionBridge::playerPause (20 bytes)
Event: 856.568 Thread 0x0000028064cd40a0 42507       3       java.lang.invoke.LambdaForm$DMH/0x0000000080505800::invokeSpecial (15 bytes)
Event: 856.568 Thread 0x0000028064cd40a0 nmethod 42507 0x0000027b8fec6090 code [0x0000027b8fec6260, 0x0000027b8fec66e8]
Event: 856.568 Thread 0x0000027b8b6cbe10 nmethod 42506 0x0000027b9192f290 code [0x0000027b9192f460, 0x0000027b9192f848]
Event: 856.568 Thread 0x0000028064cd40a0 42508       3       org.watermedia.api.media.players.FFMediaPlayer::pause (43 bytes)
Event: 856.568 Thread 0x0000027b8b6cbe10 42509       3       de.keksuccino.fancymenu.util.watermedia.WatermediaReflectionBridge::playerWidth (8 bytes)
Event: 856.568 Thread 0x0000027b8b6cbe10 nmethod 42509 0x0000027b904ace10 code [0x0000027b904acfc0, 0x0000027b904ad0f0]
Event: 856.568 Thread 0x0000027b8b6cbe10 42510       3       org.watermedia.api.media.players.MediaPlayer::width (19 bytes)
Event: 856.568 Thread 0x0000027b8b6cbe10 nmethod 42510 0x0000027b9192ed90 code [0x0000027b9192ef40, 0x0000027b9192f180]
Event: 856.568 Thread 0x0000027b8b6cbe10 42511       3       de.keksuccino.fancymenu.util.watermedia.WatermediaReflectionBridge::playerHeight (8 bytes)
Event: 856.569 Thread 0x0000028064cd40a0 nmethod 42508 0x0000027b9192e510 code [0x0000027b9192e720, 0x0000027b9192ebc0]
Event: 856.569 Thread 0x0000027b8b6cbe10 nmethod 42511 0x0000027b9192e190 code [0x0000027b9192e340, 0x0000027b9192e470]
Event: 856.569 Thread 0x0000028064cd40a0 42512       3       org.watermedia.api.media.players.MediaPlayer::height (19 bytes)
Event: 856.569 Thread 0x0000027b8b6cbe10 42513       3       de.keksuccino.fancymenu.util.watermedia.WatermediaReflectionBridge::invokeNumber (29 bytes)
Event: 856.569 Thread 0x0000028064cd40a0 nmethod 42512 0x0000027b9192dc90 code [0x0000027b9192de40, 0x0000027b9192e080]
Event: 856.569 Thread 0x0000027b8b6cbe10 nmethod 42513 0x0000027b9192d690 code [0x0000027b9192d860, 0x0000027b9192db88]
Event: 856.569 Thread 0x0000027b8b6cbe10 42514       3       de.keksuccino.fancymenu.util.resource.resources.video.Mp4Video::getDuration (31 bytes)
Event: 856.569 Thread 0x0000028064cd40a0 42515       3       de.keksuccino.fancymenu.util.resource.resources.video.Mp4Video::getPlayTime (31 bytes)
Event: 856.569 Thread 0x0000028064cd40a0 nmethod 42515 0x0000027b9192d110 code [0x0000027b9192d300, 0x0000027b9192d5c8]
Event: 856.569 Thread 0x0000027b8b6cbe10 nmethod 42514 0x0000027b91387d90 code [0x0000027b91387f80, 0x0000027b91388248]
Event: 856.585 Thread 0x0000027b8b6cbe10 42516       3       org.watermedia.api.media.players.FFMediaPlayer::drainAudio (121 bytes)
Event: 856.585 Thread 0x0000028064cd40a0 42517   !   3       org.watermedia.api.media.players.util.FrameQueue::isEmpty (27 bytes)
Event: 856.585 Thread 0x0000028064cd40a0 nmethod 42517 0x0000027b91387890 code [0x0000027b91387a40, 0x0000027b91387cc0]
Event: 856.585 Thread 0x0000028064cd40a0 42518       3       de.keksuccino.fancymenu.util.resource.resources.video.Mp4Video::isLoadingPlayerStatus (36 bytes)
Event: 856.585 Thread 0x0000028064cd40a0 nmethod 42518 0x0000027b91387310 code [0x0000027b913874e0, 0x0000027b91387750]
Event: 856.585 Thread 0x0000028064cd40a0 42519       3       de.keksuccino.fancymenu.util.resource.resources.video.Mp4Video::updateSizeFromPlayer (42 bytes)
Event: 856.585 Thread 0x0000027b8b6cbe10 nmethod 42516 0x0000027b91386790 code [0x0000027b913869e0, 0x0000027b913870d0]
Event: 856.585 Thread 0x0000027b8b6cbe10 42520       3       de.keksuccino.fancymenu.util.watermedia.WatermediaReflectionBridge::playerTextureId (68 bytes)
Event: 856.585 Thread 0x0000028064cd40a0 nmethod 42519 0x0000027b91385f90 code [0x0000027b91386180, 0x0000027b913865e0]
Event: 856.585 Thread 0x0000027b8b6cbe10 nmethod 42520 0x0000027b91385710 code [0x0000027b91385920, 0x0000027b91385e18]
Event: 856.602 Thread 0x0000027b8b6cbe10 42521       3       de.keksuccino.fancymenu.util.rendering.ui.UIBase::renderText (13 bytes)
Event: 856.602 Thread 0x0000028064cd40a0 42522       3       de.keksuccino.fancymenu.util.rendering.ui.screen.filebrowser.AbstractBrowserWindowBody::renderVideoPreviewButton (76 bytes)
Event: 856.602 Thread 0x0000027b8b6cbe10 nmethod 42521 0x0000027b91384d10 code [0x0000027b91384f20, 0x0000027b91385498]
Event: 856.602 Thread 0x0000027b8b6cbe10 42523       3       de.keksuccino.fancymenu.util.rendering.ui.screen.filebrowser.AbstractBrowserWindowBody::renderVideoPreviewVolumeSlider (84 bytes)
Event: 856.602 Thread 0x0000028064cd40a0 nmethod 42522 0x0000027b91384090 code [0x0000027b913842c0, 0x0000027b91384a38]
Event: 856.602 Thread 0x0000028064cd40a0 42524       3       de.keksuccino.fancymenu.util.rendering.ui.widget.slider.v2.AbstractExtendedSlider::render (37 bytes)
Event: 856.602 Thread 0x0000027b8b6cbe10 nmethod 42523 0x0000027b90cbb510 code [0x0000027b90cbb6e0, 0x0000027b90cbbbf8]
Event: 856.602 Thread 0x0000027b8b6cbe10 42525       3       de.keksuccino.fancymenu.util.rendering.ui.widget.slider.v2.AbstractExtendedSlider::renderWidget (40 bytes)
Event: 856.603 Thread 0x0000028064cd40a0 nmethod 42524 0x0000027b90cbae10 code [0x0000027b90cbafe0, 0x0000027b90cbb388]
Event: 856.603 Thread 0x0000028064cd40a0 42526       3       de.keksuccino.fancymenu.util.rendering.ui.widget.slider.v2.AbstractExtendedSlider::renderBackground (53 bytes)
Event: 856.603 Thread 0x0000027b8b6cbe10 nmethod 42525 0x0000027b90cba690 code [0x0000027b90cba880, 0x0000027b90cbac78]
Event: 856.603 Thread 0x0000027b8b6cbe10 42527       3       de.keksuccino.fancymenu.util.rendering.ui.widget.slider.v2.AbstractExtendedSlider::renderColorBackground (496 bytes)
Event: 856.603 Thread 0x0000028064cd40a0 nmethod 42526 0x0000027b90cb9c90 code [0x0000027b90cb9e80, 0x0000027b90cba480]
Event: 856.603 Thread 0x0000028064cd40a0 42528       3       de.keksuccino.fancymenu.util.rendering.ui.widget.slider.v2.AbstractExtendedSlider::renderHandle (60 bytes)
Event: 856.603 Thread 0x0000028064cd40a0 nmethod 42528 0x0000027b90cb9090 code [0x0000027b90cb92a0, 0x0000027b90cb9a28]
Event: 856.603 Thread 0x0000028064cd40a0 42529       3       de.keksuccino.fancymenu.util.rendering.ui.widget.slider.v2.AbstractExtendedSlider::renderColorHandle (307 bytes)
Event: 856.604 Thread 0x0000028064cd40a0 nmethod 42529 0x0000027b90e34f90 code [0x0000027b90e35420, 0x0000027b90e376c0]
Event: 856.605 Thread 0x0000027b8b6cbe10 nmethod 42527 0x0000027b8f6d3790 code [0x0000027b8f6d3e40, 0x0000027b8f6d7608]
Event: 856.605 Thread 0x0000028064cd40a0 42530       3       de.keksuccino.fancymenu.util.rendering.ui.widget.slider.v2.AbstractExtendedSlider::getHandleX (22 bytes)
Event: 856.605 Thread 0x0000027b8b6cbe10 42531       3       de.keksuccino.fancymenu.util.rendering.ui.widget.slider.v2.AbstractExtendedSlider::renderLabel (94 bytes)
Event: 856.605 Thread 0x0000028064cd40a0 nmethod 42530 0x0000027b90e34910 code [0x0000027b90e34ae0, 0x0000027b90e34e68]
Event: 856.605 Thread 0x0000027b8b6cbe10 nmethod 42531 0x0000027b90cb7c90 code [0x0000027b90cb7f40, 0x0000027b90cb8c50]
Event: 856.786 Thread 0x0000027b8b6c9760 42532       4       net.minecraft.client.gui.components.AbstractWidget::getMessage (40 bytes)
Event: 856.796 Thread 0x0000027b8b6c9760 nmethod 42532 0x0000027b98e1ec90 code [0x0000027b98e1f000, 0x0000027b98e20648]
Event: 857.185 Thread 0x0000027b8b6c9760 42533       4       de.keksuccino.fancymenu.customization.element.editor.AbstractEditorElement$HorizontalTiltGrabber::isGrabberEnabled (64 bytes)
Event: 857.187 Thread 0x0000027b8b6c9760 nmethod 42533 0x0000027b98e22110 code [0x0000027b98e222e0, 0x0000027b98e22700]
Event: 857.187 Thread 0x0000027b8b6c9760 42534       4       de.keksuccino.fancymenu.customization.element.editor.AbstractEditorElement$HorizontalTiltGrabber::getX (48 bytes)
Event: 857.191 Thread 0x0000027b8b6c9760 nmethod 42534 0x0000027b98e22990 code [0x0000027b98e22c60, 0x0000027b98e23950]
Event: 857.191 Thread 0x0000027b8b6c9760 42535       4       de.keksuccino.fancymenu.customization.layout.editor.widget.widgets.layer.LayerLayoutEditorWidget$LayerElementEntry::getLayerNameX (36 bytes)
Event: 857.191 Thread 0x0000027b8b6c9760 nmethod 42535 0x0000027b98e24090 code [0x0000027b98e24240, 0x0000027b98e24350]
Event: 857.602 Thread 0x0000027b8b6cbe10 42536       3       de.keksuccino.fancymenu.util.resource.resources.video.Mp4Video::isNaturalEndStatus (70 bytes)
Event: 857.602 Thread 0x0000027b8b6cbe10 nmethod 42536 0x0000027b90e33e10 code [0x0000027b90e34060, 0x0000027b90e34688]
Event: 857.619 Thread 0x0000027b8b6cbe10 42537       3       java.lang.invoke.LambdaForm$MH/0x0000000084e74c00::invoke (81 bytes)
Event: 857.620 Thread 0x0000027b8b6cbe10 nmethod 42537 0x0000027b91b84110 code [0x0000027b91b843c0, 0x0000027b91b85238]
Event: 857.620 Thread 0x0000027b8b6cbe10 42538       3       java.lang.invoke.LambdaForm$MH/0x0000000084e75000::invoke (60 bytes)
Event: 857.620 Thread 0x0000027b8b6cbe10 nmethod 42538 0x0000027b91b82e90 code [0x0000027b91b83100, 0x0000027b91b83d20]
Event: 857.620 Thread 0x0000027b8b6cbe10 42539       3       java.lang.invoke.LambdaForm$MH/0x0000000084e75400::invoke (60 bytes)
Event: 857.620 Thread 0x0000027b8b6cbe10 nmethod 42539 0x0000027b91b81c10 code [0x0000027b91b81e80, 0x0000027b91b82aa0]
Event: 857.620 Thread 0x0000027b8b6cbe10 42541       3       org.watermedia.api.media.engines.ALEngine::pause (24 bytes)
Event: 857.621 Thread 0x0000027b8b6cbe10 nmethod 42541 0x0000027b91383b10 code [0x0000027b91383cc0, 0x0000027b91383e78]
Event: 857.621 Thread 0x0000027b8b6cbe10 42542       3       org.lwjgl.openal.AL10::alSourcePause (13 bytes)
Event: 857.621 Thread 0x0000027b8b6cbe10 nmethod 42542 0x0000027b90e33690 code [0x0000027b90e33860, 0x0000027b90e33b38]
Event: 857.621 Thread 0x0000027b8b6cbe10 42540       3       java.lang.invoke.LambdaForm$MH/0x0000000084e75800::invoke (60 bytes)
Event: 857.621 Thread 0x0000027b8b6cbe10 nmethod 42540 0x0000027b91dcdd10 code [0x0000027b91dcdf80, 0x0000027b91dceba8]
Event: 857.635 Thread 0x0000027b8b6cbe10 42543       3       org.watermedia.api.media.players.MediaPlayer::texture (19 bytes)
Event: 857.635 Thread 0x0000027b8b6cbe10 nmethod 42543 0x0000027b90cb7410 code [0x0000027b90cb75e0, 0x0000027b90cb78d0]
Event: 857.635 Thread 0x0000027b8b6cbe10 42544       3       org.watermedia.api.media.engines.GLEngine::texture (31 bytes)
Event: 857.635 Thread 0x0000027b8b6cbe10 nmethod 42544 0x0000027b91b81790 code [0x0000027b91b81940, 0x0000027b91b81b28]
Event: 857.702 Thread 0x0000027b8b6c9760 42545       4       de.keksuccino.fancymenu.util.properties.Property$ManualInputProperty::tryGetNonNull (16 bytes)
Event: 857.702 Thread 0x0000027b8b6c9760 nmethod 42545 0x0000027b98e24490 code [0x0000027b98e24620, 0x0000027b98e247c0]
Event: 857.919 Thread 0x0000027b8b6cbe10 42546       3       org.lwjgl.openal.AL10::alSourcef (15 bytes)
Event: 857.919 Thread 0x0000027b8b6cbe10 nmethod 42546 0x0000027b91b81110 code [0x0000027b91b812e0, 0x0000027b91b815b8]
Event: 858.337 Thread 0x0000027b8b6cbe10 42547   !   3       org.watermedia.api.media.players.util.MasterClock::awaitChange (124 bytes)
Event: 858.338 Thread 0x0000027b8b6cbe10 nmethod 42547 0x0000027b91dcc690 code [0x0000027b91dcc940, 0x0000027b91dcd818]
Event: 858.486 Thread 0x0000027b8b6c9760 42548   !   4       de.keksuccino.fancymenu.util.watermedia.WatermediaReflectionBridge::invoke (60 bytes)
Event: 858.486 Thread 0x0000027b8b6cbe10 42549       3       org.watermedia.api.media.players.util.MasterClock::timeMs (10 bytes)
Event: 858.486 Thread 0x0000027b8b6cbe10 nmethod 42549 0x0000027b91dcc290 code [0x0000027b91dcc460, 0x0000027b91dcc5b8]
Event: 858.498 Thread 0x0000027b8b6c9760 nmethod 42548 0x0000027b98e24910 code [0x0000027b98e24e80, 0x0000027b98e275d8]
Event: 858.569 Thread 0x0000027b8b6cbe10 42550       3       de.keksuccino.fancymenu.util.properties.RuntimePropertyContainer::getStringProperty (11 bytes)
Event: 858.569 Thread 0x0000027b8b6cbe10 nmethod 42550 0x0000027b91dcbd90 code [0x0000027b91dcbf40, 0x0000027b91dcc178]
Event: 858.569 Thread 0x0000027b8b6cbe10 42551       3       java.lang.invoke.LambdaForm$DMH/0x0000000081243000::invokeVirtual (15 bytes)
Event: 858.570 Thread 0x0000027b8b6cbe10 nmethod 42551 0x0000027b91dcb610 code [0x0000027b91dcb7e0, 0x0000027b91dcbc68]
Event: 858.602 Thread 0x0000027b8b6cbe10 42552       3       de.keksuccino.fancymenu.customization.element.elements.video.nativevideo.NativeVideoElement::updateEndedStateMemory (150 bytes)
Event: 858.602 Thread 0x0000027b8b6cbe10 nmethod 42552 0x0000027b919ec410 code [0x0000027b919ec7a0, 0x0000027b919ed9b8]
Event: 858.602 Thread 0x0000027b8b6cbe10 42553       3       de.keksuccino.fancymenu.customization.element.elements.video.nativevideo.NativeVideoElement::isNonLoopingVideoNaturallyEnded (36 bytes)
Event: 858.603 Thread 0x0000027b8b6cbe10 nmethod 42553 0x0000027b919eaf10 code [0x0000027b919eb1c0, 0x0000027b919ec010]
Event: 858.603 Thread 0x0000027b8b6cbe10 42554       3       de.keksuccino.fancymenu.customization.element.elements.video.nativevideo.NativeVideoElement::setEndedStateInMemory (60 bytes)
Event: 858.603 Thread 0x0000027b8b6cbe10 nmethod 42554 0x0000027b919e9590 code [0x0000027b919e9860, 0x0000027b919ea928]
Event: 858.603 Thread 0x0000027b8b6cbe10 42555       3       org.watermedia.api.media.players.FFMediaPlayer::duration (16 bytes)
Event: 858.603 Thread 0x0000027b8b6cbe10 nmethod 42555 0x0000027b91dcb210 code [0x0000027b91dcb3c0, 0x0000027b91dcb588]
Event: 858.603 Thread 0x0000027b8b6cbe10 42556       3       org.watermedia.api.media.players.FFMediaPlayer::liveSource (36 bytes)
Event: 858.603 Thread 0x0000027b8b6cbe10 nmethod 42556 0x0000027b91dcad10 code [0x0000027b91dcaec0, 0x0000027b91dcb118]
Event: 858.603 Thread 0x0000027b8b6cbe10 42557       3       org.watermedia.api.media.players.FFMediaPlayer::time (8 bytes)
Event: 858.603 Thread 0x0000027b8b6cbe10 nmethod 42557 0x0000027b91dca610 code [0x0000027b91dca800, 0x0000027b91dcaa08]
Event: 858.669 Thread 0x0000027b8b6cbe10 42558       3       de.keksuccino.fancymenu.customization.element.elements.video.nativevideo.NativeVideoElement::setVolume (107 bytes)
Event: 858.670 Thread 0x0000027b8b6cbe10 nmethod 42558 0x0000027b8faee910 code [0x0000027b8faeece0, 0x0000027b8faf04f0]
Event: 858.670 Thread 0x0000027b8b6cbe10 42559       3       de.keksuccino.fancymenu.customization.element.elements.video.nativevideo.NativeVideoElement::getControllerVolume (57 bytes)
Event: 858.670 Thread 0x0000027b8b6cbe10 nmethod 42559 0x0000027b8faed390 code [0x0000027b8faed680, 0x0000027b8faee550]
Event: 858.670 Thread 0x0000027b8b6cbe10 42560       3       org.watermedia.api.media.players.MediaPlayer::volume (59 bytes)
Event: 858.670 Thread 0x0000027b8b6cbe10 nmethod 42560 0x0000027b8faecc90 code [0x0000027b8faece80, 0x0000027b8faed240]
Event: 858.670 Thread 0x0000027b8b6cbe10 42561       3       org.watermedia.api.util.MathUtil::clamp (20 bytes)
Event: 858.670 Thread 0x0000027b8b6cbe10 nmethod 42561 0x0000027b8faec890 code [0x0000027b8faeca40, 0x0000027b8faecbc0]
Event: 858.670 Thread 0x0000027b8b6cbe10 42562       3       org.watermedia.api.media.engines.ALEngine::volume (12 bytes)
Event: 858.670 Thread 0x0000027b8b6cbe10 nmethod 42562 0x0000027b9192cd90 code [0x0000027b9192cf40, 0x0000027b9192d080]
Event: 858.670 Thread 0x0000027b8b6cbe10 42563       3       de.keksuccino.fancymenu.util.resource.resources.video.Mp4Video::pause (98 bytes)
Event: 858.670 Thread 0x0000027b8b6cbe10 nmethod 42563 0x0000027b900c4590 code [0x0000027b900c47a0, 0x0000027b900c4cf8]
Event: 858.685 Thread 0x0000027b8b6cbe10 42564       3       de.keksuccino.fancymenu.util.resource.ResourceSupplier::getSourceWithPrefix (42 bytes)
Event: 858.687 Thread 0x0000027b8b6cbe10 nmethod 42564 0x0000027b900c1e90 code [0x0000027b900c2280, 0x0000027b900c3c70]
Event: 858.687 Thread 0x0000027b8b6cbe10 42565       3       de.keksuccino.fancymenu.util.resource.ResourceSourceType::hasSourcePrefix (47 bytes)
Event: 858.688 Thread 0x0000027b8b6cbe10 nmethod 42565 0x0000027b8f919b10 code [0x0000027b8f91a240, 0x0000027b8f91e388]
Event: 858.688 Thread 0x0000027b8b6cbe10 42566   !   3       de.keksuccino.fancymenu.customization.element.elements.video.nativevideo.NativeVideoElement::tryApplyPendingControllerSeekTimeMs (94 bytes)
Event: 858.688 Thread 0x0000027b8b6cbe10 nmethod 42566 0x0000027b900c0e90 code [0x0000027b900c1120, 0x0000027b900c1b20]
Event: 858.688 Thread 0x0000027b8b6cbe10 42567       3       de.keksuccino.fancymenu.customization.element.elements.video.VideoElementController::pollPendingSeekTimeMs (44 bytes)
Event: 858.689 Thread 0x0000027b8b6cbe10 nmethod 42567 0x0000027b902e4710 code [0x0000027b902e49a0, 0x0000027b902e5308]
Event: 858.689 Thread 0x0000027b8b6cbe10 42568       3       de.keksuccino.fancymenu.customization.element.elements.video.nativevideo.NativeVideoElement::_isPaused (55 bytes)
Event: 858.689 Thread 0x0000027b8b6cbe10 nmethod 42568 0x0000027b902e3090 code [0x0000027b902e3360, 0x0000027b902e4368]
Event: 858.689 Thread 0x0000027b8b6cbe10 42569       3       de.keksuccino.fancymenu.customization.element.elements.video.nativevideo.NativeVideoElement::getControllerPausedState (49 bytes)
Event: 858.689 Thread 0x0000027b8b6cbe10 nmethod 42569 0x0000027b902e1c10 code [0x0000027b902e1ec0, 0x0000027b902e2d20]
Event: 858.689 Thread 0x0000027b8b6cbe10 42570       3       de.keksuccino.fancymenu.customization.element.elements.video.nativevideo.NativeVideoElement::shouldKeepNaturalEndedState (36 bytes)
Event: 858.690 Thread 0x0000027b8b6cbe10 nmethod 42570 0x0000027b90464b90 code [0x0000027b90464e40, 0x0000027b90465c70]
Event: 858.702 Thread 0x0000027b8b6cbe10 42571       3       de.keksuccino.fancymenu.util.resource.resources.video.Mp4Video::isPaused (57 bytes)
Event: 858.702 Thread 0x0000027b8b6cbe10 nmethod 42571 0x0000027b8faec210 code [0x0000027b8faec3e0, 0x0000027b8faec768]
Event: 858.702 Thread 0x0000027b8b6cbe10 42572       3       org.lwjgl.openal.AL10::alSourcePlay (13 bytes)
Event: 858.702 Thread 0x0000027b8b6cbe10 nmethod 42572 0x0000027b900c0810 code [0x0000027b900c09e0, 0x0000027b900c0cb8]
Event: 858.702 Thread 0x0000027b8b6cbe10 42573       3       org.watermedia.api.media.players.util.MasterClock::frameDurationMs (10 bytes)
Event: 858.702 Thread 0x0000027b8b6cbe10 nmethod 42573 0x0000027b900c0410 code [0x0000027b900c05e0, 0x0000027b900c0718]
Event: 858.785 Thread 0x0000027b8b6cbe10 42574       3       org.watermedia.api.media.players.FFMediaPlayer::pollVideoFrame (806 bytes)
Event: 858.788 Thread 0x0000027b8b6cbe10 nmethod 42574 0x0000027b91241c90 code [0x0000027b912423a0, 0x0000027b91245ea0]
Event: 859.086 Thread 0x0000027b8b6c9760 42575       4       java.util.Formatter$FormatSpecifier::leadingSign (80 bytes)
Event: 859.086 Thread 0x0000027b8b6c9760 nmethod 42575 0x0000027b98e28c90 code [0x0000027b98e28e20, 0x0000027b98e28f18]
Event: 859.421 Thread 0x0000027b8b6cbe10 42578       3       de.keksuccino.fancymenu.util.properties.PropertyContainerSet::putContainer (12 bytes)
Event: 859.421 Thread 0x0000027b8b6cbe10 nmethod 42578 0x0000027b902e1790 code [0x0000027b902e1940, 0x0000027b902e1b40]
Event: 859.421 Thread 0x0000027b8b6cbe10 42579       3       de.keksuccino.fancymenu.util.properties.Property$$Lambda/0x000000008453db10::get (8 bytes)
Event: 859.421 Thread 0x0000027b8b6cbe10 nmethod 42579 0x0000027b902e1290 code [0x0000027b902e1440, 0x0000027b902e1680]
Event: 859.421 Thread 0x0000027b8b6cbe10 42580       3       de.keksuccino.fancymenu.util.properties.Property::lambda$stringProperty$1 (2 bytes)
Event: 859.421 Thread 0x0000027b8b6cbe10 nmethod 42580 0x0000027b8fec5d90 code [0x0000027b8fec5f20, 0x0000027b8fec6010]
Event: 859.421 Thread 0x0000027b8b6cbe10 42581       3       de.keksuccino.fancymenu.customization.decorationoverlay.overlays.buddy.buddy.BuddyWidget::getTextures (8 bytes)
Event: 859.421 Thread 0x0000027b8b6cbe10 nmethod 42581 0x0000027b902e0e90 code [0x0000027b902e1040, 0x0000027b902e11e8]
Event: 859.421 Thread 0x0000027b8b6cbe10 42582       3       de.keksuccino.fancymenu.util.properties.Property$$Lambda/0x000000008453c990::accept (16 bytes)
Event: 859.421 Thread 0x0000027b8b6cbe10 nmethod 42582 0x0000027b90464490 code [0x0000027b90464660, 0x0000027b90464a30]
Event: 859.421 Thread 0x0000027b8b6cbe10 42583       3       de.keksuccino.fancymenu.util.properties.Property::lambda$set$150 (12 bytes)
Event: 859.422 Thread 0x0000027b8b6cbe10 nmethod 42583 0x0000027b90464010 code [0x0000027b904641c0, 0x0000027b904643d0]
Event: 859.466 Thread 0x0000027b8b6cbe10 42584       3       java.lang.Thread$ThreadIdentifiers::next (12 bytes)
Event: 859.466 Thread 0x0000027b8b6cbe10 nmethod 42584 0x0000027b902e0b90 code [0x0000027b902e0d20, 0x0000027b902e0e30]
Event: 859.466 Thread 0x0000027b8b6cbe10 42585       3       sun.util.calendar.ZoneInfo::getOffsets (342 bytes)
Event: 859.467 Thread 0x0000027b8b6cbe10 nmethod 42585 0x0000027b90462a90 code [0x0000027b90462d40, 0x0000027b90463aa8]
Event: 859.512 Thread 0x0000027b8b6cbe10 42586       1       net.neoforged.neoforge.client.event.InputEvent$MouseButton::getButton (5 bytes)
Event: 859.512 Thread 0x0000027b8b6cbe10 nmethod 42586 0x0000027b98e29810 code [0x0000027b98e299a0, 0x0000027b98e29a68]
Event: 859.512 Thread 0x0000027b8b6cbe10 42587       1       net.minecraft.client.KeyMapping::getKey (5 bytes)
Event: 859.512 Thread 0x0000027b8b6cbe10 nmethod 42587 0x0000027b98e29b10 code [0x0000027b98e29ca0, 0x0000027b98e29d98]
Event: 859.512 Thread 0x0000027b8b6cbe10 42588       3       net.minecraft.client.gui.components.events.ContainerEventHandler::getChildAt (60 bytes)
Event: 859.512 Thread 0x0000027b8b6c9760 42589       4       de.keksuccino.fancymenu.customization.element.editor.AbstractEditorElement::isGettingRotated (17 bytes)
Event: 859.512 Thread 0x0000027b8b6cbe10 nmethod 42588 0x0000027b90461a90 code [0x0000027b90461d00, 0x0000027b90462768]
Event: 859.513 Thread 0x0000027b8b6c9760 nmethod 42589 0x0000027b98e29e10 code [0x0000027b98e29fa0, 0x0000027b98e2a080]
Event: 859.534 Thread 0x0000027b8b6c9760 42590       4       java.nio.ByteBuffer::<init> (47 bytes)
Event: 859.535 Thread 0x0000027b8b6c9760 nmethod 42590 0x0000027b98e2a110 code [0x0000027b98e2a2c0, 0x0000027b98e2a548]
Event: 859.542 Thread 0x0000027b8b6cbe10 42591       1       org.watermedia.api.media.players.util.MasterClock::serial (5 bytes)
Event: 859.542 Thread 0x0000027b8b6cbe10 nmethod 42591 0x0000027b98e2ab10 code [0x0000027b98e2aca0, 0x0000027b98e2ad68]

GC Heap History (92 events):
Event: 0.492 GC heap before
{Heap before GC invocations=0 (full 0):
 ZHeap           used 88M, capacity 256M, max capacity 16384M
 Metaspace       used 21151K, committed 21568K, reserved 1114112K
  class space    used 2152K, committed 2304K, reserved 1048576K
}
Event: 0.508 GC heap after
{Heap after GC invocations=1 (full 1):
 ZHeap           used 66M, capacity 256M, max capacity 16384M
 Metaspace       used 21441K, committed 21888K, reserved 1114112K
  class space    used 2178K, committed 2368K, reserved 1048576K
}
Event: 0.508 GC heap before
{Heap before GC invocations=1 (full 1):
 ZHeap           used 66M, capacity 256M, max capacity 16384M
 Metaspace       used 21441K, committed 21888K, reserved 1114112K
  class space    used 2178K, committed 2368K, reserved 1048576K
}
Event: 0.530 GC heap after
{Heap after GC invocations=1 (full 1):
 ZHeap           used 70M, capacity 256M, max capacity 16384M
 Metaspace       used 21828K, committed 22272K, reserved 1114112K
  class space    used 2237K, committed 2432K, reserved 1048576K
}
Event: 1.957 GC heap before
{Heap before GC invocations=1 (full 1):
 ZHeap           used 588M, capacity 588M, max capacity 16384M
 Metaspace       used 36543K, committed 37184K, reserved 1114112K
  class space    used 3842K, committed 4160K, reserved 1048576K
}
Event: 2.048 GC heap after
{Heap after GC invocations=2 (full 2):
 ZHeap           used 216M, capacity 672M, max capacity 16384M
 Metaspace       used 37123K, committed 37760K, reserved 1114112K
  class space    used 3896K, committed 4160K, reserved 1048576K
}
Event: 2.048 GC heap before
{Heap before GC invocations=2 (full 2):
 ZHeap           used 216M, capacity 672M, max capacity 16384M
 Metaspace       used 37123K, committed 37760K, reserved 1114112K
  class space    used 3896K, committed 4160K, reserved 1048576K
}
Event: 2.075 GC heap after
{Heap after GC invocations=2 (full 2):
 ZHeap           used 260M, capacity 672M, max capacity 16384M
 Metaspace       used 37149K, committed 37760K, reserved 1114112K
  class space    used 3896K, committed 4160K, reserved 1048576K
}
Event: 3.360 GC heap before
{Heap before GC invocations=2 (full 2):
 ZHeap           used 1656M, capacity 1656M, max capacity 16384M
 Metaspace       used 42084K, committed 43008K, reserved 1114112K
  class space    used 4572K, committed 4992K, reserved 1048576K
}
Event: 3.530 GC heap after
{Heap after GC invocations=3 (full 3):
 ZHeap           used 1618M, capacity 2578M, max capacity 16384M
 Metaspace       used 42226K, committed 43136K, reserved 1114112K
  class space    used 4597K, committed 5056K, reserved 1048576K
}
Event: 3.530 GC heap before
{Heap before GC invocations=3 (full 3):
 ZHeap           used 1618M, capacity 2578M, max capacity 16384M
 Metaspace       used 42226K, committed 43136K, reserved 1114112K
  class space    used 4597K, committed 5056K, reserved 1048576K
}
Event: 3.581 GC heap after
{Heap after GC invocations=3 (full 3):
 ZHeap           used 2264M, capacity 2578M, max capacity 16384M
 Metaspace       used 42239K, committed 43200K, reserved 1114112K
  class space    used 4598K, committed 5056K, reserved 1048576K
}
Event: 3.703 GC heap before
{Heap before GC invocations=3 (full 3):
 ZHeap           used 3286M, capacity 3286M, max capacity 16384M
 Metaspace       used 42268K, committed 43200K, reserved 1114112K
  class space    used 4599K, committed 5056K, reserved 1048576K
}
Event: 3.907 GC heap after
{Heap after GC invocations=4 (full 4):
 ZHeap           used 2408M, capacity 4664M, max capacity 16384M
 Metaspace       used 42296K, committed 43200K, reserved 1114112K
  class space    used 4600K, committed 5056K, reserved 1048576K
}
Event: 3.907 GC heap before
{Heap before GC invocations=4 (full 4):
 ZHeap           used 2408M, capacity 4664M, max capacity 16384M
 Metaspace       used 42296K, committed 43200K, reserved 1114112K
  class space    used 4600K, committed 5056K, reserved 1048576K
}
Event: 3.930 GC heap after
{Heap after GC invocations=4 (full 4):
 ZHeap           used 2538M, capacity 4664M, max capacity 16384M
 Metaspace       used 42296K, committed 43200K, reserved 1114112K
  class space    used 4600K, committed 5056K, reserved 1048576K
}
Event: 6.513 GC heap before
{Heap before GC invocations=4 (full 4):
 ZHeap           used 4928M, capacity 4928M, max capacity 16384M
 Metaspace       used 49094K, committed 50048K, reserved 1114112K
  class space    used 5421K, committed 5888K, reserved 1048576K
}
Event: 6.642 GC heap after
{Heap after GC invocations=5 (full 5):
 ZHeap           used 786M, capacity 5024M, max capacity 16384M
 Metaspace       used 49136K, committed 50112K, reserved 1114112K
  class space    used 5428K, committed 5888K, reserved 1048576K
}
Event: 6.642 GC heap before
{Heap before GC invocations=5 (full 5):
 ZHeap           used 786M, capacity 5024M, max capacity 16384M
 Metaspace       used 49136K, committed 50112K, reserved 1114112K
  class space    used 5428K, committed 5888K, reserved 1048576K
}
Event: 6.811 GC heap after
{Heap after GC invocations=5 (full 5):
 ZHeap           used 944M, capacity 5024M, max capacity 16384M
 Metaspace       used 49167K, committed 50304K, reserved 1114112K
  class space    used 5372K, committed 5888K, reserved 1048576K
}
Event: 9.915 GC heap before
{Heap before GC invocations=5 (full 5):
 ZHeap           used 4594M, capacity 5024M, max capacity 16384M
 Metaspace       used 82793K, committed 83840K, reserved 1179648K
  class space    used 10062K, committed 10560K, reserved 1048576K
}
Event: 10.509 GC heap after
{Heap after GC invocations=6 (full 6):
 ZHeap           used 1564M, capacity 5324M, max capacity 16384M
 Metaspace       used 87347K, committed 88448K, reserved 1179648K
  class space    used 11059K, committed 11584K, reserved 1048576K
}
Event: 10.509 GC heap before
{Heap before GC invocations=6 (full 6):
 ZHeap           used 1564M, capacity 5324M, max capacity 16384M
 Metaspace       used 87347K, committed 88448K, reserved 1179648K
  class space    used 11059K, committed 11584K, reserved 1048576K
}
Event: 10.714 GC heap after
{Heap after GC invocations=6 (full 6):
 ZHeap           used 1738M, capacity 5324M, max capacity 16384M
 Metaspace       used 88606K, committed 89792K, reserved 1179648K
  class space    used 11159K, committed 11712K, reserved 1048576K
}
Event: 13.483 GC heap before
{Heap before GC invocations=6 (full 6):
 ZHeap           used 5716M, capacity 5716M, max capacity 16384M
 Metaspace       used 147314K, committed 149120K, reserved 1179648K
  class space    used 23452K, committed 24320K, reserved 1048576K
}
Event: 14.556 GC heap after
{Heap after GC invocations=7 (full 7):
 ZHeap           used 3166M, capacity 7456M, max capacity 16384M
 Metaspace       used 217928K, committed 220224K, reserved 1245184K
  class space    used 38817K, committed 40000K, reserved 1048576K
}
Event: 14.556 GC heap before
{Heap before GC invocations=7 (full 7):
 ZHeap           used 3166M, capacity 7456M, max capacity 16384M
 Metaspace       used 217928K, committed 220224K, reserved 1245184K
  class space    used 38817K, committed 40000K, reserved 1048576K
}
Event: 14.898 GC heap after
{Heap after GC invocations=7 (full 7):
 ZHeap           used 3942M, capacity 7456M, max capacity 16384M
 Metaspace       used 241994K, committed 244480K, reserved 1310720K
  class space    used 44094K, committed 45376K, reserved 1048576K
}
Event: 16.077 GC heap before
{Heap before GC invocations=7 (full 7):
 ZHeap           used 8086M, capacity 8086M, max capacity 16384M
 Metaspace       used 287498K, committed 290432K, reserved 1310720K
  class space    used 55741K, committed 57344K, reserved 1048576K
}
Event: 16.752 GC heap after
{Heap after GC invocations=8 (full 7):
 ZHeap           used 2198M, capacity 9046M, max capacity 16384M
 Metaspace       used 287511K, committed 290432K, reserved 1310720K
  class space    used 55742K, committed 57344K, reserved 1048576K
}
Event: 17.675 GC heap before
{Heap before GC invocations=8 (full 7):
 ZHeap           used 5228M, capacity 9046M, max capacity 16384M
 Metaspace       used 287517K, committed 290432K, reserved 1310720K
  class space    used 55743K, committed 57344K, reserved 1048576K
}
Event: 18.533 GC heap after
{Heap after GC invocations=9 (full 7):
 ZHeap           used 2576M, capacity 9046M, max capacity 16384M
 Metaspace       used 293431K, committed 296448K, reserved 1310720K
  class space    used 57008K, committed 58624K, reserved 1048576K
}
Event: 23.356 GC heap before
{Heap before GC invocations=9 (full 7):
 ZHeap           used 7744M, capacity 9052M, max capacity 16384M
 Metaspace       used 320603K, committed 323648K, reserved 1310720K
  class space    used 63438K, committed 65088K, reserved 1048576K
}
Event: 24.025 GC heap after
{Heap after GC invocations=10 (full 7):
 ZHeap           used 1778M, capacity 9052M, max capacity 16384M
 Metaspace       used 320710K, committed 323776K, reserved 1310720K
  class space    used 63449K, committed 65088K, reserved 1048576K
}
Event: 31.204 GC heap before
{Heap before GC invocations=10 (full 7):
 ZHeap           used 8126M, capacity 9166M, max capacity 16384M
 Metaspace       used 360953K, committed 364672K, reserved 1376256K
  class space    used 70501K, committed 72320K, reserved 1048576K
}
Event: 32.638 GC heap after
{Heap after GC invocations=11 (full 7):
 ZHeap           used 10298M, capacity 16384M, max capacity 16384M
 Metaspace       used 377172K, committed 381184K, reserved 1376256K
  class space    used 73098K, committed 75008K, reserved 1048576K
}
Event: 32.752 GC heap before
{Heap before GC invocations=11 (full 7):
 ZHeap           used 10438M, capacity 16384M, max capacity 16384M
 Metaspace       used 378026K, committed 382016K, reserved 1376256K
  class space    used 73269K, committed 75200K, reserved 1048576K
}
Event: 33.666 GC heap after
{Heap after GC invocations=12 (full 8):
 ZHeap           used 3216M, capacity 16384M, max capacity 16384M
 Metaspace       used 378761K, committed 382784K, reserved 1376256K
  class space    used 73370K, committed 75328K, reserved 1048576K
}
Event: 33.666 GC heap before
{Heap before GC invocations=12 (full 8):
 ZHeap           used 3216M, capacity 16384M, max capacity 16384M
 Metaspace       used 378761K, committed 382784K, reserved 1376256K
  class space    used 73370K, committed 75328K, reserved 1048576K
}
Event: 33.671 GC heap before
{Heap before GC invocations=12 (full 8):
 ZHeap           used 3220M, capacity 16384M, max capacity 16384M
 Metaspace       used 378766K, committed 382784K, reserved 1376256K
  class space    used 73370K, committed 75328K, reserved 1048576K
}
Event: 34.380 GC heap after
{Heap after GC invocations=13 (full 8):
 ZHeap           used 2310M, capacity 16384M, max capacity 16384M
 Metaspace       used 378902K, committed 382976K, reserved 1376256K
  class space    used 73371K, committed 75328K, reserved 1048576K
}
Event: 34.776 GC heap before
{Heap before GC invocations=13 (full 8):
 ZHeap           used 2654M, capacity 16384M, max capacity 16384M
 Metaspace       used 379180K, committed 383232K, reserved 1376256K
  class space    used 73399K, committed 75392K, reserved 1048576K
}
Event: 34.858 GC heap after
{Heap after GC invocations=14 (full 8):
 ZHeap           used 2038M, capacity 16384M, max capacity 16384M
 Metaspace       used 379408K, committed 383488K, reserved 1376256K
  class space    used 73427K, committed 75392K, reserved 1048576K
}
Event: 35.283 GC heap after
{Heap after GC invocations=14 (full 8):
 ZHeap           used 2784M, capacity 16384M, max capacity 16384M
 Metaspace       used 379506K, committed 383552K, reserved 1376256K
  class space    used 73440K, committed 75392K, reserved 1048576K
}
Event: 35.595 GC heap before
{Heap before GC invocations=14 (full 8):
 ZHeap           used 3614M, capacity 16384M, max capacity 16384M
 Metaspace       used 379518K, committed 383552K, reserved 1376256K
  class space    used 73440K, committed 75392K, reserved 1048576K
}
Event: 35.797 GC heap after
{Heap after GC invocations=15 (full 9):
 ZHeap           used 2280M, capacity 16384M, max capacity 16384M
 Metaspace       used 379526K, committed 383552K, reserved 1376256K
  class space    used 73440K, committed 75392K, reserved 1048576K
}
Event: 35.797 GC heap before
{Heap before GC invocations=15 (full 9):
 ZHeap           used 2280M, capacity 16384M, max capacity 16384M
 Metaspace       used 379526K, committed 383552K, reserved 1376256K
  class space    used 73440K, committed 75392K, reserved 1048576K
}
Event: 38.012 GC heap after
{Heap after GC invocations=15 (full 9):
 ZHeap           used 7038M, capacity 16384M, max capacity 16384M
 Metaspace       used 380894K, committed 384960K, reserved 1376256K
  class space    used 73637K, committed 75584K, reserved 1048576K
}
Event: 39.656 GC heap before
{Heap before GC invocations=15 (full 9):
 ZHeap           used 9784M, capacity 16384M, max capacity 16384M
 Metaspace       used 381417K, committed 385536K, reserved 1376256K
  class space    used 73681K, committed 75648K, reserved 1048576K
}
Event: 40.316 GC heap after
{Heap after GC invocations=16 (full 9):
 ZHeap           used 3484M, capacity 16384M, max capacity 16384M
 Metaspace       used 381420K, committed 385536K, reserved 1376256K
  class space    used 73681K, committed 75648K, reserved 1048576K
}
Event: 42.516 GC heap before
{Heap before GC invocations=16 (full 9):
 ZHeap           used 8808M, capacity 16384M, max capacity 16384M
 Metaspace       used 381583K, committed 385664K, reserved 1376256K
  class space    used 73685K, committed 75648K, reserved 1048576K
}
Event: 43.630 GC heap after
{Heap after GC invocations=17 (full 9):
 ZHeap           used 5194M, capacity 16384M, max capacity 16384M
 Metaspace       used 381665K, committed 385728K, reserved 1376256K
  class space    used 73685K, committed 75648K, reserved 1048576K
}
Event: 44.008 GC heap before
{Heap before GC invocations=17 (full 9):
 ZHeap           used 6168M, capacity 16384M, max capacity 16384M
 Metaspace       used 381761K, committed 385856K, reserved 1376256K
  class space    used 73695K, committed 75648K, reserved 1048576K
}
Event: 44.898 GC heap after
{Heap after GC invocations=18 (full 9):
 ZHeap           used 4826M, capacity 16384M, max capacity 16384M
 Metaspace       used 381785K, committed 385856K, reserved 1376256K
  class space    used 73700K, committed 75648K, reserved 1048576K
}
Event: 45.563 GC heap before
{Heap before GC invocations=18 (full 9):
 ZHeap           used 6734M, capacity 16384M, max capacity 16384M
 Metaspace       used 381809K, committed 385920K, reserved 1376256K
  class space    used 73700K, committed 75648K, reserved 1048576K
}
Event: 46.032 GC heap after
{Heap after GC invocations=19 (full 9):
 ZHeap           used 3980M, capacity 16384M, max capacity 16384M
 Metaspace       used 381820K, committed 385920K, reserved 1376256K
  class space    used 73703K, committed 75648K, reserved 1048576K
}
Event: 48.090 GC heap before
{Heap before GC invocations=19 (full 9):
 ZHeap           used 8144M, capacity 16384M, max capacity 16384M
 Metaspace       used 382340K, committed 386496K, reserved 1376256K
  class space    used 73773K, committed 75776K, reserved 1048576K
}
Event: 48.258 GC heap after
{Heap after GC invocations=20 (full 10):
 ZHeap           used 3526M, capacity 16384M, max capacity 16384M
 Metaspace       used 382398K, committed 386560K, reserved 1376256K
  class space    used 73780K, committed 75776K, reserved 1048576K
}
Event: 48.258 GC heap before
{Heap before GC invocations=20 (full 10):
 ZHeap           used 3526M, capacity 16384M, max capacity 16384M
 Metaspace       used 382398K, committed 386560K, reserved 1376256K
  class space    used 73780K, committed 75776K, reserved 1048576K
}
Event: 49.880 GC heap before
{Heap before GC invocations=20 (full 10):
 ZHeap           used 8798M, capacity 16384M, max capacity 16384M
 Metaspace       used 382473K, committed 386624K, reserved 1376256K
  class space    used 73781K, committed 75776K, reserved 1048576K
}
Event: 49.973 GC heap after
{Heap after GC invocations=21 (full 10):
 ZHeap           used 3326M, capacity 16384M, max capacity 16384M
 Metaspace       used 382473K, committed 386624K, reserved 1376256K
  class space    used 73781K, committed 75776K, reserved 1048576K
}
Event: 51.767 GC heap after
{Heap after GC invocations=21 (full 10):
 ZHeap           used 5214M, capacity 16384M, max capacity 16384M
 Metaspace       used 388225K, committed 392320K, reserved 1376256K
  class space    used 74725K, committed 76672K, reserved 1048576K
}
Event: 55.944 GC heap before
{Heap before GC invocations=21 (full 10):
 ZHeap           used 8540M, capacity 16384M, max capacity 16384M
 Metaspace       used 400496K, committed 404672K, reserved 1376256K
  class space    used 77039K, committed 79040K, reserved 1048576K
}
Event: 56.379 GC heap after
{Heap after GC invocations=22 (full 10):
 ZHeap           used 3196M, capacity 16384M, max capacity 16384M
 Metaspace       used 402500K, committed 406720K, reserved 1441792K
  class space    used 77280K, committed 79296K, reserved 1048576K
}
Event: 59.084 GC heap before
{Heap before GC invocations=22 (full 10):
 ZHeap           used 3748M, capacity 16384M, max capacity 16384M
 Metaspace       used 406281K, committed 410496K, reserved 1441792K
  class space    used 77690K, committed 79680K, reserved 1048576K
}
Event: 59.494 GC heap after
{Heap after GC invocations=23 (full 10):
 ZHeap           used 3106M, capacity 16384M, max capacity 16384M
 Metaspace       used 406315K, committed 410496K, reserved 1441792K
  class space    used 77690K, committed 79680K, reserved 1048576K
}
Event: 73.180 GC heap before
{Heap before GC invocations=23 (full 10):
 ZHeap           used 5190M, capacity 16384M, max capacity 16384M
 Metaspace       used 407095K, committed 411328K, reserved 1441792K
  class space    used 77697K, committed 79744K, reserved 1048576K
}
Event: 73.230 GC heap after
{Heap after GC invocations=24 (full 10):
 ZHeap           used 3050M, capacity 16384M, max capacity 16384M
 Metaspace       used 407095K, committed 411328K, reserved 1441792K
  class space    used 77697K, committed 79744K, reserved 1048576K
}
Event: 99.345 GC heap before
{Heap before GC invocations=24 (full 10):
 ZHeap           used 7028M, capacity 16384M, max capacity 16384M
 Metaspace       used 407158K, committed 411392K, reserved 1441792K
  class space    used 77697K, committed 79744K, reserved 1048576K
}
Event: 99.365 GC heap after
{Heap after GC invocations=25 (full 10):
 ZHeap           used 3040M, capacity 16384M, max capacity 16384M
 Metaspace       used 407158K, committed 411392K, reserved 1441792K
  class space    used 77697K, committed 79744K, reserved 1048576K
}
Event: 181.678 GC heap before
{Heap before GC invocations=25 (full 10):
 ZHeap           used 15526M, capacity 16384M, max capacity 16384M
 Metaspace       used 407244K, committed 411456K, reserved 1441792K
  class space    used 77699K, committed 79744K, reserved 1048576K
}
Event: 181.723 GC heap after
{Heap after GC invocations=26 (full 10):
 ZHeap           used 3054M, capacity 16384M, max capacity 16384M
 Metaspace       used 407244K, committed 411456K, reserved 1441792K
  class space    used 77699K, committed 79744K, reserved 1048576K
}
Event: 264.059 GC heap before
{Heap before GC invocations=26 (full 10):
 ZHeap           used 15526M, capacity 16384M, max capacity 16384M
 Metaspace       used 407349K, committed 411584K, reserved 1441792K
  class space    used 77703K, committed 79744K, reserved 1048576K
}
Event: 264.093 GC heap after
{Heap after GC invocations=27 (full 10):
 ZHeap           used 3048M, capacity 16384M, max capacity 16384M
 Metaspace       used 407349K, committed 411584K, reserved 1441792K
  class space    used 77703K, committed 79744K, reserved 1048576K
}
Event: 343.441 GC heap before
{Heap before GC invocations=27 (full 10):
 ZHeap           used 15076M, capacity 15734M, max capacity 16384M
 Metaspace       used 407377K, committed 411584K, reserved 1441792K
  class space    used 77703K, committed 79744K, reserved 1048576K
}
Event: 343.482 GC heap after
{Heap after GC invocations=28 (full 11):
 ZHeap           used 3054M, capacity 15734M, max capacity 16384M
 Metaspace       used 407377K, committed 411584K, reserved 1441792K
  class space    used 77703K, committed 79744K, reserved 1048576K
}
Event: 343.482 GC heap before
{Heap before GC invocations=28 (full 11):
 ZHeap           used 3054M, capacity 15734M, max capacity 16384M
 Metaspace       used 407377K, committed 411584K, reserved 1441792K
  class space    used 77703K, committed 79744K, reserved 1048576K
}
Event: 347.859 GC heap after
{Heap after GC invocations=28 (full 11):
 ZHeap           used 3612M, capacity 15734M, max capacity 16384M
 Metaspace       used 407378K, committed 411584K, reserved 1441792K
  class space    used 77703K, committed 79744K, reserved 1048576K
}
Event: 426.933 GC heap before
{Heap before GC invocations=28 (full 11):
 ZHeap           used 15526M, capacity 15610M, max capacity 16384M
 Metaspace       used 407381K, committed 411584K, reserved 1441792K
  class space    used 77703K, committed 79744K, reserved 1048576K
}
Event: 426.978 GC heap after
{Heap after GC invocations=29 (full 11):
 ZHeap           used 2942M, capacity 15610M, max capacity 16384M
 Metaspace       used 407381K, committed 411584K, reserved 1441792K
  class space    used 77703K, committed 79744K, reserved 1048576K
}
Event: 510.398 GC heap before
{Heap before GC invocations=29 (full 11):
 ZHeap           used 15528M, capacity 15600M, max capacity 16384M
 Metaspace       used 407381K, committed 411584K, reserved 1441792K
  class space    used 77703K, committed 79744K, reserved 1048576K
}
Event: 510.431 GC heap after
{Heap after GC invocations=30 (full 11):
 ZHeap           used 2946M, capacity 15600M, max capacity 16384M
 Metaspace       used 407381K, committed 411584K, reserved 1441792K
  class space    used 77703K, committed 79744K, reserved 1048576K
}
Event: 593.545 GC heap before
{Heap before GC invocations=30 (full 11):
 ZHeap           used 15526M, capacity 15600M, max capacity 16384M
 Metaspace       used 407425K, committed 411648K, reserved 1441792K
  class space    used 77704K, committed 79744K, reserved 1048576K
}
Event: 593.578 GC heap after
{Heap after GC invocations=31 (full 11):
 ZHeap           used 2944M, capacity 15600M, max capacity 16384M
 Metaspace       used 407425K, committed 411648K, reserved 1441792K
  class space    used 77704K, committed 79744K, reserved 1048576K
}
Event: 668.241 GC heap before
{Heap before GC invocations=31 (full 11):
 ZHeap           used 14214M, capacity 15538M, max capacity 16384M
 Metaspace       used 407425K, committed 411648K, reserved 1441792K
  class space    used 77704K, committed 79744K, reserved 1048576K
}
Event: 668.275 GC heap after
{Heap after GC invocations=32 (full 12):
 ZHeap           used 2948M, capacity 15538M, max capacity 16384M
 Metaspace       used 407425K, committed 411648K, reserved 1441792K
  class space    used 77704K, committed 79744K, reserved 1048576K
}
Event: 668.276 GC heap before
{Heap before GC invocations=32 (full 12):
 ZHeap           used 2948M, capacity 15538M, max capacity 16384M
 Metaspace       used 407425K, committed 411648K, reserved 1441792K
  class space    used 77704K, committed 79744K, reserved 1048576K
}
Event: 671.592 GC heap after
{Heap after GC invocations=32 (full 12):
 ZHeap           used 3416M, capacity 15570M, max capacity 16384M
 Metaspace       used 407425K, committed 411648K, reserved 1441792K
  class space    used 77704K, committed 79744K, reserved 1048576K
}
Event: 752.496 GC heap before
{Heap before GC invocations=32 (full 12):
 ZHeap           used 15526M, capacity 15570M, max capacity 16384M
 Metaspace       used 407666K, committed 411968K, reserved 1441792K
  class space    used 77753K, committed 79808K, reserved 1048576K
}
Event: 752.545 GC heap after
{Heap after GC invocations=33 (full 12):
 ZHeap           used 2920M, capacity 15570M, max capacity 16384M
 Metaspace       used 407666K, committed 411968K, reserved 1441792K
  class space    used 77753K, committed 79808K, reserved 1048576K
}
Event: 826.957 GC heap before
{Heap before GC invocations=33 (full 12):
 ZHeap           used 15526M, capacity 15570M, max capacity 16384M
 Metaspace       used 410272K, committed 414592K, reserved 1441792K
  class space    used 78211K, committed 80256K, reserved 1048576K
}
Event: 827.015 GC heap after
{Heap after GC invocations=34 (full 12):
 ZHeap           used 2942M, capacity 15570M, max capacity 16384M
 Metaspace       used 410272K, committed 414592K, reserved 1441792K
  class space    used 78211K, committed 80256K, reserved 1048576K
}

Dll operation events (85 events):
Event: 0.003 Loaded shared library C:\Games\Minecraft\Install\runtime\java-runtime-delta\windows-x64\java-runtime-delta\bin\java.dll
Event: 0.005 Loaded shared library KernelBase
Event: 0.029 Loaded shared library C:\Games\Minecraft\Install\runtime\java-runtime-delta\windows-x64\java-runtime-delta\bin\zip.dll
Event: 0.054 Loaded shared library C:\Games\Minecraft\Install\runtime\java-runtime-delta\windows-x64\java-runtime-delta\bin\jsvml.dll
Event: 0.108 Loaded shared library C:\Games\Minecraft\Install\runtime\java-runtime-delta\windows-x64\java-runtime-delta\bin\net.dll
Event: 0.109 Loaded shared library C:\Games\Minecraft\Install\runtime\java-runtime-delta\windows-x64\java-runtime-delta\bin\nio.dll
Event: 0.112 Loaded shared library C:\Games\Minecraft\Install\runtime\java-runtime-delta\windows-x64\java-runtime-delta\bin\zip.dll
Event: 0.140 Loaded shared library C:\Games\Minecraft\Install\runtime\java-runtime-delta\windows-x64\java-runtime-delta\bin\instrument.dll
Event: 0.202 Loaded shared library C:\Games\Minecraft\Install\runtime\java-runtime-delta\windows-x64\java-runtime-delta\bin\jimage.dll
Event: 0.322 Loaded shared library C:\Games\Minecraft\Install\runtime\java-runtime-delta\windows-x64\java-runtime-delta\bin\management.dll
Event: 0.323 Loaded shared library C:\Games\Minecraft\Install\runtime\java-runtime-delta\windows-x64\java-runtime-delta\bin\management_ext.dll
Event: 0.541 Loaded shared library C:\Games\Minecraft\Install\runtime\java-runtime-delta\windows-x64\java-runtime-delta\bin\verify.dll
Event: 1.591 Loaded shared library C:\Games\Minecraft\Install\versions\neoforge-21.1.233\neoforge-21.1.233-natives-29438877515800\lwjgl.dll
Event: 1.780 Loaded shared library C:\Games\Minecraft\Install\versions\neoforge-21.1.233\neoforge-21.1.233-natives-29438877515800\lwjgl_opengl.dll
Event: 7.343 Loaded shared library C:\Games\Minecraft\Install\versions\neoforge-21.1.233\neoforge-21.1.233-natives-29438877515800\jna18356465218963315834.dll
Event: 7.351 Loaded shared library C:\Users\Max\AppData\Local\Temp\discord-rpc\discord-rpc.dll
Event: 7.553 Loaded shared library C:\Games\Minecraft\Install\runtime\java-runtime-delta\windows-x64\java-runtime-delta\bin\sunmscapi.dll
Event: 7.599 Loaded shared library C:\Games\Minecraft\Install\runtime\java-runtime-delta\windows-x64\java-runtime-delta\bin\extnet.dll
Event: 8.780 Loaded shared library C:\Games\Minecraft\Install\versions\neoforge-21.1.233\neoforge-21.1.233-natives-29438877515800\jna13954754049002051969.dll
Event: 12.954 Loaded shared library C:\Games\Minecraft\Install\versions\neoforge-21.1.233\neoforge-21.1.233-natives-29438877515800\lwjgl_stb.dll
Event: 13.804 Loaded shared library C:\Games\Minecraft\Install\runtime\java-runtime-delta\windows-x64\java-runtime-delta\bin\awt.dll
Event: 14.790 Loaded shared library C:\Program Files (x86)\Windows Kits\10\Redist\ucrt\DLLs\x64\api-ms-win-crt-locale-l1-1-0.dll
Event: 14.796 Loaded shared library C:\Program Files (x86)\Windows Kits\10\Redist\ucrt\DLLs\x64\api-ms-win-crt-string-l1-1-0.dll
Event: 14.804 Loaded shared library C:\Program Files (x86)\Windows Kits\10\Redist\ucrt\DLLs\x64\api-ms-win-crt-stdio-l1-1-0.dll
Event: 14.822 Loaded shared library C:\Program Files (x86)\Windows Kits\10\Redist\ucrt\DLLs\x64\api-ms-win-crt-math-l1-1-0.dll
Event: 14.838 Loaded shared library C:\Program Files (x86)\Windows Kits\10\Redist\ucrt\DLLs\x64\api-ms-win-crt-heap-l1-1-0.dll
Event: 14.868 Loaded shared library C:\Program Files (x86)\Windows Kits\10\Redist\ucrt\DLLs\x64\api-ms-win-crt-runtime-l1-1-0.dll
Event: 14.883 Loaded shared library C:\Program Files (x86)\Windows Kits\10\Redist\ucrt\DLLs\x64\api-ms-win-crt-convert-l1-1-0.dll
Event: 14.908 Loaded shared library C:\Program Files (x86)\Windows Kits\10\Redist\ucrt\DLLs\x64\api-ms-win-crt-environment-l1-1-0.dll
Event: 14.933 Loaded shared library C:\Program Files (x86)\Windows Kits\10\Redist\ucrt\DLLs\x64\api-ms-win-crt-time-l1-1-0.dll
Event: 14.960 Loaded shared library C:\Program Files (x86)\Windows Kits\10\Redist\ucrt\DLLs\x64\api-ms-win-crt-filesystem-l1-1-0.dll
Event: 14.986 Loaded shared library C:\Program Files (x86)\Windows Kits\10\Redist\ucrt\DLLs\x64\api-ms-win-crt-utility-l1-1-0.dll
Event: 15.018 Loaded shared library C:\Program Files (x86)\Windows Kits\10\Redist\ucrt\DLLs\x64\api-ms-win-crt-multibyte-l1-1-0.dll
Event: 15.052 Loaded shared library C:\Program Files (x86)\Windows Kits\10\Redist\ucrt\DLLs\x64\api-ms-win-crt-conio-l1-1-0.dll
Event: 15.088 Loaded shared library C:\Program Files (x86)\Windows Kits\10\Redist\ucrt\DLLs\x64\api-ms-win-crt-private-l1-1-0.dll
Event: 15.128 Loaded shared library C:\Program Files (x86)\Windows Kits\10\Redist\ucrt\DLLs\x64\api-ms-win-crt-process-l1-1-0.dll
Event: 15.167 Loaded shared library C:\Games\Minecraft\Install\runtime\java-runtime-delta\windows-x64\java-runtime-delta\bin\api-ms-win-core-console-l1-2-0.dll
Event: 15.202 Loaded shared library C:\Program Files (x86)\Windows Kits\10\Redist\ucrt\DLLs\x64\api-ms-win-core-string-l1-1-0.dll
Event: 15.237 Loaded shared library C:\Program Files (x86)\Windows Kits\10\Redist\ucrt\DLLs\x64\api-ms-win-core-errorhandling-l1-1-0.dll
Event: 15.273 Loaded shared library C:\Program Files (x86)\Windows Kits\10\Redist\ucrt\DLLs\x64\api-ms-win-core-timezone-l1-1-0.dll
Event: 15.312 Loaded shared library C:\Program Files (x86)\Windows Kits\10\Redist\ucrt\DLLs\x64\api-ms-win-core-file-l1-1-0.dll
Event: 15.350 Loaded shared library C:\Program Files (x86)\Windows Kits\10\Redist\ucrt\DLLs\x64\api-ms-win-core-namedpipe-l1-1-0.dll
Event: 15.391 Loaded shared library C:\Program Files (x86)\Windows Kits\10\Redist\ucrt\DLLs\x64\api-ms-win-core-handle-l1-1-0.dll
Event: 15.438 Loaded shared library C:\Program Files (x86)\Windows Kits\10\Redist\ucrt\DLLs\x64\api-ms-win-core-file-l2-1-0.dll
Event: 15.478 Loaded shared library C:\Program Files (x86)\Windows Kits\10\Redist\ucrt\DLLs\x64\api-ms-win-core-heap-l1-1-0.dll
Event: 15.525 Loaded shared library C:\Program Files (x86)\Windows Kits\10\Redist\ucrt\DLLs\x64\api-ms-win-core-libraryloader-l1-1-0.dll
Event: 15.567 Loaded shared library C:\Program Files (x86)\Windows Kits\10\Redist\ucrt\DLLs\x64\api-ms-win-core-synch-l1-1-0.dll
Event: 15.615 Loaded shared library C:\Program Files (x86)\Windows Kits\10\Redist\ucrt\DLLs\x64\api-ms-win-core-processthreads-l1-1-0.dll
Event: 15.665 Loaded shared library C:\Program Files (x86)\Windows Kits\10\Redist\ucrt\DLLs\x64\api-ms-win-core-processenvironment-l1-1-0.dll
Event: 15.712 Loaded shared library C:\Program Files (x86)\Windows Kits\10\Redist\ucrt\DLLs\x64\api-ms-win-core-datetime-l1-1-0.dll
Event: 15.784 Loaded shared library C:\Program Files (x86)\Windows Kits\10\Redist\ucrt\DLLs\x64\api-ms-win-core-localization-l1-2-0.dll
Event: 15.870 Loaded shared library C:\Program Files (x86)\Windows Kits\10\Redist\ucrt\DLLs\x64\api-ms-win-core-sysinfo-l1-1-0.dll
Event: 15.958 Loaded shared library C:\Program Files (x86)\Windows Kits\10\Redist\ucrt\DLLs\x64\api-ms-win-core-synch-l1-2-0.dll
Event: 16.051 Loaded shared library C:\Program Files (x86)\Windows Kits\10\Redist\ucrt\DLLs\x64\api-ms-win-core-console-l1-1-0.dll
Event: 16.149 Loaded shared library C:\Program Files (x86)\Windows Kits\10\Redist\ucrt\DLLs\x64\api-ms-win-core-debug-l1-1-0.dll
Event: 16.252 Loaded shared library C:\Program Files (x86)\Windows Kits\10\Redist\ucrt\DLLs\x64\api-ms-win-core-rtlsupport-l1-1-0.dll
Event: 16.367 Loaded shared library C:\Program Files (x86)\Windows Kits\10\Redist\ucrt\DLLs\x64\api-ms-win-core-processthreads-l1-1-1.dll
Event: 16.474 Loaded shared library C:\Program Files (x86)\Windows Kits\10\Redist\ucrt\DLLs\x64\api-ms-win-core-file-l1-2-0.dll
Event: 16.594 Loaded shared library C:\Program Files (x86)\Windows Kits\10\Redist\ucrt\DLLs\x64\api-ms-win-core-profile-l1-1-0.dll
Event: 16.682 Loaded shared library C:\Program Files (x86)\Windows Kits\10\Redist\ucrt\DLLs\x64\api-ms-win-core-memory-l1-1-0.dll
Event: 16.748 Loaded shared library C:\Program Files (x86)\Windows Kits\10\Redist\ucrt\DLLs\x64\api-ms-win-core-util-l1-1-0.dll
Event: 16.817 Loaded shared library C:\Program Files (x86)\Windows Kits\10\Redist\ucrt\DLLs\x64\api-ms-win-core-interlocked-l1-1-0.dll
Event: 16.879 Loaded shared library C:\Program Files (x86)\Windows Kits\10\Redist\ucrt\DLLs\x64\ucrtbase.dll
Event: 16.943 Loaded shared library C:\Games\Minecraft\Install\runtime\java-runtime-delta\windows-x64\java-runtime-delta\bin\vcruntime140.dll
Event: 17.008 Loaded shared library C:\Games\Minecraft\Install\runtime\java-runtime-delta\windows-x64\java-runtime-delta\bin\vcruntime140_1.dll
Event: 17.144 Loaded shared library C:\Games\Minecraft\Install\runtime\java-runtime-delta\windows-x64\java-runtime-delta\bin\msvcp140.dll
Event: 17.737 Loaded shared library C:\Users\Max\AppData\Local\Temp\watermedia\ffmpeg\avutil-60.dll
Event: 18.062 Loaded shared library C:\Users\Max\AppData\Local\Temp\watermedia\ffmpeg\jniavutil.dll
Event: 18.088 Loaded shared library C:\Users\Max\AppData\Local\Temp\watermedia\ffmpeg\swresample-6.dll
Event: 18.105 Loaded shared library C:\Users\Max\AppData\Local\Temp\watermedia\ffmpeg\jniswresample.dll
Event: 18.116 Loaded shared library C:\Users\Max\AppData\Local\Temp\watermedia\ffmpeg\avcodec-62.dll
Event: 18.134 Loaded shared library C:\Users\Max\AppData\Local\Temp\watermedia\ffmpeg\jniavcodec.dll
Event: 18.143 Loaded shared library C:\Users\Max\AppData\Local\Temp\watermedia\ffmpeg\avformat-62.dll
Event: 18.158 Loaded shared library C:\Users\Max\AppData\Local\Temp\watermedia\ffmpeg\jniavformat.dll
Event: 18.166 Loaded shared library C:\Users\Max\AppData\Local\Temp\watermedia\ffmpeg\swscale-9.dll
Event: 18.180 Loaded shared library C:\Users\Max\AppData\Local\Temp\watermedia\ffmpeg\jniswscale.dll
Event: 31.724 Loaded shared library C:\Users\Max\AppData\Local\Temp\libopus4j-9783d0e001158567d1e08f6bb3b2c5b5\libopus4j.dll
Event: 31.733 Loaded shared library C:\Users\Max\AppData\Local\Temp\librnnoise4j-40cc1fdd40ca1100a850ddee14466799\librnnoise4j.dll
Event: 31.750 Loaded shared library C:\Users\Max\AppData\Local\Temp\libspeex4j-e39751f08962f3611e66c90baf107894\libspeex4j.dll
Event: 31.759 Loaded shared library C:\Users\Max\AppData\Local\Temp\liblame4j-290c3436fe9f7c2b8e165ddcb5ad66ce\liblame4j.dll
Event: 31.761 Loaded shared library C:\Users\Max\AppData\Local\Temp\libzstd-jni_dh-1.5.7-6949335049182168336.dll
Event: 31.892 Loaded shared library C:\Users\Max\AppData\Local\Temp\sqlite-3.47.2.0-636eed09-a5cd-4ad5-bbf8-f818f2bbf6af-sqlitejdbc.dll
Event: 36.679 Loaded shared library C:\Games\Minecraft\Install\runtime\java-runtime-delta\windows-x64\java-runtime-delta\bin\jsound.dll
Event: 56.860 Loaded shared library C:\Games\Minecraft\Install\runtime\java-runtime-delta\windows-x64\java-runtime-delta\bin\freetype.dll
Event: 56.863 Loaded shared library C:\Games\Minecraft\Install\runtime\java-runtime-delta\windows-x64\java-runtime-delta\bin\fontmanager.dll

Deoptimization events (250 events):
Event: 822.830 Thread 0x0000027b8ba4f3a0 DEOPT PACKING pc=0x0000027b9792effc sp=0x000000ccfb2fdb20
Event: 822.830 Thread 0x0000027b8ba4f3a0 DEOPT UNPACKING pc=0x0000027b96a173a2 sp=0x000000ccfb2fdaa8 mode 2
Event: 822.830 Thread 0x0000027b8ba4f3a0 Uncommon trap: trap_request=0xffffff45 fr.pc=0x0000027b986e83b8 relative=0x0000000000000cd8
Event: 822.830 Thread 0x0000027b8ba4f3a0 Uncommon trap: reason=unstable_if action=reinterpret pc=0x0000027b986e83b8 method=de.keksuccino.fancymenu.util.rendering.ui.widget.CustomizableWidget.renderCustomBackgroundFancyMenu(Lnet/minecraft/client/gui/components/AbstractWidget;Lnet/minecraft/client
Event: 822.830 Thread 0x0000027b8ba4f3a0 DEOPT PACKING pc=0x0000027b986e83b8 sp=0x000000ccfb2fd7e0
Event: 822.830 Thread 0x0000027b8ba4f3a0 DEOPT UNPACKING pc=0x0000027b96a173a2 sp=0x000000ccfb2fd760 mode 2
Event: 822.830 Thread 0x0000027b8ba4f3a0 Uncommon trap: trap_request=0xffffff45 fr.pc=0x0000027b987a411c relative=0x000000000000063c
Event: 822.830 Thread 0x0000027b8ba4f3a0 Uncommon trap: reason=unstable_if action=reinterpret pc=0x0000027b987a411c method=de.keksuccino.fancymenu.util.rendering.ui.UIScale.getUIScaleFloat()F @ 47 c2
Event: 822.830 Thread 0x0000027b8ba4f3a0 DEOPT PACKING pc=0x0000027b987a411c sp=0x000000ccfb2fdc30
Event: 822.830 Thread 0x0000027b8ba4f3a0 DEOPT UNPACKING pc=0x0000027b96a173a2 sp=0x000000ccfb2fd9e8 mode 2
Event: 822.830 Thread 0x0000027b8ba4f3a0 Uncommon trap: trap_request=0xffffff45 fr.pc=0x0000027b9897d120 relative=0x00000000000011e0
Event: 822.830 Thread 0x0000027b8ba4f3a0 Uncommon trap: reason=unstable_if action=reinterpret pc=0x0000027b9897d120 method=de.keksuccino.fancymenu.util.rendering.ui.UIScale.getUIScaleFloat()F @ 47 c2
Event: 822.830 Thread 0x0000027b8ba4f3a0 DEOPT PACKING pc=0x0000027b9897d120 sp=0x000000ccfb2fdcd0
Event: 822.830 Thread 0x0000027b8ba4f3a0 DEOPT UNPACKING pc=0x0000027b96a173a2 sp=0x000000ccfb2fd9d0 mode 2
Event: 822.830 Thread 0x0000027b8ba4f3a0 Uncommon trap: trap_request=0xffffff45 fr.pc=0x0000027b97f0587c relative=0x0000000000001e5c
Event: 822.830 Thread 0x0000027b8ba4f3a0 Uncommon trap: reason=unstable_if action=reinterpret pc=0x0000027b97f0587c method=de.keksuccino.fancymenu.util.rendering.ui.UIScale.getUIScaleFloat()F @ 47 c2
Event: 822.830 Thread 0x0000027b8ba4f3a0 DEOPT PACKING pc=0x0000027b97f0587c sp=0x000000ccfb2fdc90
Event: 822.830 Thread 0x0000027b8ba4f3a0 DEOPT UNPACKING pc=0x0000027b96a173a2 sp=0x000000ccfb2fdab8 mode 2
Event: 822.844 Thread 0x0000027b8ba4f3a0 Uncommon trap: trap_request=0xffffffde fr.pc=0x0000027b984f303c relative=0x000000000000007c
Event: 822.844 Thread 0x0000027b8ba4f3a0 Uncommon trap: reason=class_check action=maybe_recompile pc=0x0000027b984f303c method=de.keksuccino.fancymenu.util.rendering.ui.pipwindow.PiPWindow.tick()V @ 15 c2
Event: 822.844 Thread 0x0000027b8ba4f3a0 DEOPT PACKING pc=0x0000027b984f303c sp=0x000000ccfb2fe040
Event: 822.844 Thread 0x0000027b8ba4f3a0 DEOPT UNPACKING pc=0x0000027b96a173a2 sp=0x000000ccfb2fdfd8 mode 2
Event: 822.845 Thread 0x0000027b8ba4f3a0 Uncommon trap: trap_request=0xffffffc6 fr.pc=0x0000027b98795248 relative=0x0000000000000148
Event: 822.845 Thread 0x0000027b8ba4f3a0 Uncommon trap: reason=bimorphic_or_optimized_type_check action=maybe_recompile pc=0x0000027b98795248 method=de.keksuccino.fancymenu.util.rendering.ui.scroll.v2.scrollarea.ScrollArea.renderBackground(Lnet/minecraft/client/gui/GuiGraphics;IIF)V @ 12 c2
Event: 822.845 Thread 0x0000027b8ba4f3a0 DEOPT PACKING pc=0x0000027b98795248 sp=0x000000ccfb2fdab0
Event: 822.845 Thread 0x0000027b8ba4f3a0 DEOPT UNPACKING pc=0x0000027b96a173a2 sp=0x000000ccfb2fda28 mode 2
Event: 822.846 Thread 0x0000027b8ba4f3a0 Uncommon trap: trap_request=0xffffffc6 fr.pc=0x0000027b9792effc relative=0x000000000000017c
Event: 822.846 Thread 0x0000027b8ba4f3a0 Uncommon trap: reason=bimorphic_or_optimized_type_check action=maybe_recompile pc=0x0000027b9792effc method=de.keksuccino.fancymenu.util.rendering.ui.scroll.v2.scrollarea.ScrollArea.renderBorder(Lnet/minecraft/client/gui/GuiGraphics;IIF)V @ 12 c2
Event: 822.846 Thread 0x0000027b8ba4f3a0 DEOPT PACKING pc=0x0000027b9792effc sp=0x000000ccfb2fdaa0
Event: 822.846 Thread 0x0000027b8ba4f3a0 DEOPT UNPACKING pc=0x0000027b96a173a2 sp=0x000000ccfb2fda28 mode 2
Event: 822.862 Thread 0x0000027b8ba4f3a0 Uncommon trap: trap_request=0xffffffc6 fr.pc=0x0000027b98795248 relative=0x0000000000000148
Event: 822.862 Thread 0x0000027b8ba4f3a0 Uncommon trap: reason=bimorphic_or_optimized_type_check action=maybe_recompile pc=0x0000027b98795248 method=de.keksuccino.fancymenu.util.rendering.ui.scroll.v2.scrollarea.ScrollArea.renderBackground(Lnet/minecraft/client/gui/GuiGraphics;IIF)V @ 12 c2
Event: 822.862 Thread 0x0000027b8ba4f3a0 DEOPT PACKING pc=0x0000027b98795248 sp=0x000000ccfb2fdab0
Event: 822.862 Thread 0x0000027b8ba4f3a0 DEOPT UNPACKING pc=0x0000027b96a173a2 sp=0x000000ccfb2fda28 mode 2
Event: 822.862 Thread 0x0000027b8ba4f3a0 Uncommon trap: trap_request=0xffffffc6 fr.pc=0x0000027b9792effc relative=0x000000000000017c
Event: 822.862 Thread 0x0000027b8ba4f3a0 Uncommon trap: reason=bimorphic_or_optimized_type_check action=maybe_recompile pc=0x0000027b9792effc method=de.keksuccino.fancymenu.util.rendering.ui.scroll.v2.scrollarea.ScrollArea.renderBorder(Lnet/minecraft/client/gui/GuiGraphics;IIF)V @ 12 c2
Event: 822.862 Thread 0x0000027b8ba4f3a0 DEOPT PACKING pc=0x0000027b9792effc sp=0x000000ccfb2fdaa0
Event: 822.862 Thread 0x0000027b8ba4f3a0 DEOPT UNPACKING pc=0x0000027b96a173a2 sp=0x000000ccfb2fda28 mode 2
Event: 822.879 Thread 0x0000027b8ba4f3a0 Uncommon trap: trap_request=0xffffffc6 fr.pc=0x0000027b98795248 relative=0x0000000000000148
Event: 822.879 Thread 0x0000027b8ba4f3a0 Uncommon trap: reason=bimorphic_or_optimized_type_check action=maybe_recompile pc=0x0000027b98795248 method=de.keksuccino.fancymenu.util.rendering.ui.scroll.v2.scrollarea.ScrollArea.renderBackground(Lnet/minecraft/client/gui/GuiGraphics;IIF)V @ 12 c2
Event: 822.879 Thread 0x0000027b8ba4f3a0 DEOPT PACKING pc=0x0000027b98795248 sp=0x000000ccfb2fdab0
Event: 822.879 Thread 0x0000027b8ba4f3a0 DEOPT UNPACKING pc=0x0000027b96a173a2 sp=0x000000ccfb2fda28 mode 2
Event: 822.879 Thread 0x0000027b8ba4f3a0 Uncommon trap: trap_request=0xffffffc6 fr.pc=0x0000027b9792effc relative=0x000000000000017c
Event: 822.879 Thread 0x0000027b8ba4f3a0 Uncommon trap: reason=bimorphic_or_optimized_type_check action=maybe_recompile pc=0x0000027b9792effc method=de.keksuccino.fancymenu.util.rendering.ui.scroll.v2.scrollarea.ScrollArea.renderBorder(Lnet/minecraft/client/gui/GuiGraphics;IIF)V @ 12 c2
Event: 822.879 Thread 0x0000027b8ba4f3a0 DEOPT PACKING pc=0x0000027b9792effc sp=0x000000ccfb2fdaa0
Event: 822.879 Thread 0x0000027b8ba4f3a0 DEOPT UNPACKING pc=0x0000027b96a173a2 sp=0x000000ccfb2fda28 mode 2
Event: 822.894 Thread 0x0000027b8ba4f3a0 Uncommon trap: trap_request=0xffffffde fr.pc=0x0000027b984f303c relative=0x000000000000007c
Event: 822.894 Thread 0x0000027b8ba4f3a0 Uncommon trap: reason=class_check action=maybe_recompile pc=0x0000027b984f303c method=de.keksuccino.fancymenu.util.rendering.ui.pipwindow.PiPWindow.tick()V @ 15 c2
Event: 822.894 Thread 0x0000027b8ba4f3a0 DEOPT PACKING pc=0x0000027b984f303c sp=0x000000ccfb2fe040
Event: 822.894 Thread 0x0000027b8ba4f3a0 DEOPT UNPACKING pc=0x0000027b96a173a2 sp=0x000000ccfb2fdfd8 mode 2
Event: 822.944 Thread 0x0000027b8ba4f3a0 Uncommon trap: trap_request=0xffffffde fr.pc=0x0000027b984f303c relative=0x000000000000007c
Event: 822.944 Thread 0x0000027b8ba4f3a0 Uncommon trap: reason=class_check action=maybe_recompile pc=0x0000027b984f303c method=de.keksuccino.fancymenu.util.rendering.ui.pipwindow.PiPWindow.tick()V @ 15 c2
Event: 822.944 Thread 0x0000027b8ba4f3a0 DEOPT PACKING pc=0x0000027b984f303c sp=0x000000ccfb2fe040
Event: 822.944 Thread 0x0000027b8ba4f3a0 DEOPT UNPACKING pc=0x0000027b96a173a2 sp=0x000000ccfb2fdfd8 mode 2
Event: 822.994 Thread 0x0000027b8ba4f3a0 Uncommon trap: trap_request=0xffffffde fr.pc=0x0000027b984f303c relative=0x000000000000007c
Event: 822.994 Thread 0x0000027b8ba4f3a0 Uncommon trap: reason=class_check action=maybe_recompile pc=0x0000027b984f303c method=de.keksuccino.fancymenu.util.rendering.ui.pipwindow.PiPWindow.tick()V @ 15 c2
Event: 822.994 Thread 0x0000027b8ba4f3a0 DEOPT PACKING pc=0x0000027b984f303c sp=0x000000ccfb2fe040
Event: 822.994 Thread 0x0000027b8ba4f3a0 DEOPT UNPACKING pc=0x0000027b96a173a2 sp=0x000000ccfb2fdfd8 mode 2
Event: 823.378 Thread 0x0000027b8ba4f3a0 Uncommon trap: trap_request=0xffffff45 fr.pc=0x0000027b98c0ea60 relative=0x0000000000001040
Event: 823.378 Thread 0x0000027b8ba4f3a0 Uncommon trap: reason=unstable_if action=reinterpret pc=0x0000027b98c0ea60 method=de.keksuccino.fancymenu.util.rendering.ui.screen.ScreenOverlayHandler.dispatchVoidEvent(Ljava/util/function/Consumer;)V @ 98 c2
Event: 823.378 Thread 0x0000027b8ba4f3a0 DEOPT PACKING pc=0x0000027b98c0ea60 sp=0x000000ccfb2fdf00
Event: 823.378 Thread 0x0000027b8ba4f3a0 DEOPT UNPACKING pc=0x0000027b96a173a2 sp=0x000000ccfb2fded8 mode 2
Event: 823.562 Thread 0x0000027b8ba4f3a0 Uncommon trap: trap_request=0xffffff45 fr.pc=0x0000027b98c154a8 relative=0x0000000000000e88
Event: 823.562 Thread 0x0000027b8ba4f3a0 Uncommon trap: reason=unstable_if action=reinterpret pc=0x0000027b98c154a8 method=de.keksuccino.fancymenu.customization.element.editor.AbstractEditorElement.lambda$static$0(Lde/keksuccino/fancymenu/customization/element/editor/AbstractEditorElement;)Ljava
Event: 823.562 Thread 0x0000027b8ba4f3a0 DEOPT PACKING pc=0x0000027b98c154a8 sp=0x000000ccfb2fde10
Event: 823.562 Thread 0x0000027b8ba4f3a0 DEOPT UNPACKING pc=0x0000027b96a173a2 sp=0x000000ccfb2fdcd8 mode 2
Event: 823.696 Thread 0x0000027b8ba4f3a0 Uncommon trap: trap_request=0xffffff45 fr.pc=0x0000027b97304744 relative=0x0000000000000104
Event: 823.696 Thread 0x0000027b8ba4f3a0 Uncommon trap: reason=unstable_if action=reinterpret pc=0x0000027b97304744 method=de.keksuccino.fancymenu.customization.element.editor.AbstractEditorElement.lambda$static$0(Lde/keksuccino/fancymenu/customization/element/editor/AbstractEditorElement;)Ljava
Event: 823.696 Thread 0x0000027b8ba4f3a0 DEOPT PACKING pc=0x0000027b97304744 sp=0x000000ccfb2fdd50
Event: 823.696 Thread 0x0000027b8ba4f3a0 DEOPT UNPACKING pc=0x0000027b96a173a2 sp=0x000000ccfb2fdcd8 mode 2
Event: 824.570 Thread 0x0000027b8ba4f3a0 Uncommon trap: trap_request=0xffffffd6 fr.pc=0x0000027b9877b498 relative=0x00000000000003f8
Event: 824.570 Thread 0x0000027b8ba4f3a0 Uncommon trap: reason=array_check action=maybe_recompile pc=0x0000027b9877b498 method=net.minecraft.client.gui.font.CodepointMap.computeIfAbsent(ILjava/util/function/IntFunction;)Ljava/lang/Object; @ 84 c2
Event: 824.570 Thread 0x0000027b8ba4f3a0 DEOPT PACKING pc=0x0000027b9877b498 sp=0x000000ccfb2fbeb0
Event: 824.570 Thread 0x0000027b8ba4f3a0 DEOPT UNPACKING pc=0x0000027b96a173a2 sp=0x000000ccfb2fbda8 mode 2
Event: 824.570 Thread 0x0000027b8ba4f3a0 Uncommon trap: trap_request=0xffffff45 fr.pc=0x0000027b9800efa0 relative=0x0000000000000500
Event: 824.570 Thread 0x0000027b8ba4f3a0 Uncommon trap: reason=unstable_if action=reinterpret pc=0x0000027b9800efa0 method=net.minecraft.util.StringDecomposer.iterate(Ljava/lang/String;Lnet/minecraft/network/chat/Style;Lnet/minecraft/util/FormattedCharSink;)Z @ 161 c2
Event: 824.570 Thread 0x0000027b8ba4f3a0 DEOPT PACKING pc=0x0000027b9800efa0 sp=0x000000ccfb2fc030
Event: 824.570 Thread 0x0000027b8ba4f3a0 DEOPT UNPACKING pc=0x0000027b96a173a2 sp=0x000000ccfb2fbff0 mode 2
Event: 824.570 Thread 0x0000027b8ba4f3a0 Uncommon trap: trap_request=0xffffff45 fr.pc=0x0000027b984cdcb4 relative=0x0000000000000cd4
Event: 824.570 Thread 0x0000027b8ba4f3a0 Uncommon trap: reason=unstable_if action=reinterpret pc=0x0000027b984cdcb4 method=net.minecraft.client.gui.components.EditBox.scrollTo(I)V @ 66 c2
Event: 824.570 Thread 0x0000027b8ba4f3a0 DEOPT PACKING pc=0x0000027b984cdcb4 sp=0x000000ccfb2fc0c0
Event: 824.570 Thread 0x0000027b8ba4f3a0 DEOPT UNPACKING pc=0x0000027b96a173a2 sp=0x000000ccfb2fc090 mode 2
Event: 824.570 Thread 0x0000027b8ba4f3a0 Uncommon trap: trap_request=0xffffff45 fr.pc=0x0000027b976abaa8 relative=0x0000000000000088
Event: 824.570 Thread 0x0000027b8ba4f3a0 Uncommon trap: reason=unstable_if action=reinterpret pc=0x0000027b976abaa8 method=de.keksuccino.fancymenu.util.rendering.ui.widget.editbox.ExtendedEditBox.getWithoutPrefixSuffix(Ljava/lang/String;)Ljava/lang/String; @ 4 c2
Event: 824.570 Thread 0x0000027b8ba4f3a0 DEOPT PACKING pc=0x0000027b976abaa8 sp=0x000000ccfb2fc2b0
Event: 824.570 Thread 0x0000027b8ba4f3a0 DEOPT UNPACKING pc=0x0000027b96a173a2 sp=0x000000ccfb2fc238 mode 2
Event: 824.570 Thread 0x0000027b8ba4f3a0 Uncommon trap: trap_request=0xffffff45 fr.pc=0x0000027b989656fc relative=0x000000000000013c
Event: 824.570 Thread 0x0000027b8ba4f3a0 Uncommon trap: reason=unstable_if action=reinterpret pc=0x0000027b989656fc method=net.minecraft.util.StringDecomposer.iterateBackwards(Ljava/lang/String;Lnet/minecraft/network/chat/Style;Lnet/minecraft/util/FormattedCharSink;)Z @ 12 c2
Event: 824.570 Thread 0x0000027b8ba4f3a0 DEOPT PACKING pc=0x0000027b989656fc sp=0x000000ccfb2fc240
Event: 824.570 Thread 0x0000027b8ba4f3a0 DEOPT UNPACKING pc=0x0000027b96a173a2 sp=0x000000ccfb2fc0d8 mode 2
Event: 824.580 Thread 0x0000027b8ba4f3a0 Uncommon trap: trap_request=0xfffffff4 fr.pc=0x0000027b98a44234 relative=0x0000000000000ab4
Event: 824.580 Thread 0x0000027b8ba4f3a0 Uncommon trap: reason=null_check action=make_not_entrant pc=0x0000027b98a44234 method=de.keksuccino.fancymenu.util.rendering.text.smooth.SmoothTextRenderer.measureLegacyText(Lde/keksuccino/fancymenu/util/rendering/text/smooth/SmoothFont;Ljava/lang/String;
Event: 824.580 Thread 0x0000027b8ba4f3a0 DEOPT PACKING pc=0x0000027b98a44234 sp=0x000000ccfb2fd010
Event: 824.580 Thread 0x0000027b8ba4f3a0 DEOPT UNPACKING pc=0x0000027b96a173a2 sp=0x000000ccfb2fcf58 mode 2
Event: 825.740 Thread 0x0000027b8ba4f3a0 Uncommon trap: trap_request=0xffffff45 fr.pc=0x0000027b986ad02c relative=0x00000000000027ac
Event: 825.740 Thread 0x0000027b8ba4f3a0 Uncommon trap: reason=unstable_if action=reinterpret pc=0x0000027b986ad02c method=de.keksuccino.fancymenu.util.rendering.ui.widget.CustomizableWidget.tickFocusStateListenersFancyMenu(Z)V @ 7 c2
Event: 825.740 Thread 0x0000027b8ba4f3a0 DEOPT PACKING pc=0x0000027b986ad02c sp=0x000000ccfb2fd940
Event: 825.740 Thread 0x0000027b8ba4f3a0 DEOPT UNPACKING pc=0x0000027b96a173a2 sp=0x000000ccfb2fd878 mode 2
Event: 825.740 Thread 0x0000027b8ba4f3a0 Uncommon trap: trap_request=0xffffff45 fr.pc=0x0000027b987a3698 relative=0x0000000000000078
Event: 825.740 Thread 0x0000027b8ba4f3a0 Uncommon trap: reason=unstable_if action=reinterpret pc=0x0000027b987a3698 method=net.minecraft.client.gui.components.AbstractWidget.isHoveredOrFocused()Z @ 11 c2
Event: 825.740 Thread 0x0000027b8ba4f3a0 DEOPT PACKING pc=0x0000027b987a3698 sp=0x000000ccfb2fd900
Event: 825.740 Thread 0x0000027b8ba4f3a0 DEOPT UNPACKING pc=0x0000027b96a173a2 sp=0x000000ccfb2fd890 mode 2
Event: 825.740 Thread 0x0000027b8ba4f3a0 Uncommon trap: trap_request=0xffffff45 fr.pc=0x0000027b975c8c00 relative=0x0000000000001440
Event: 825.740 Thread 0x0000027b8ba4f3a0 Uncommon trap: reason=unstable_if action=reinterpret pc=0x0000027b975c8c00 method=net.minecraft.client.gui.screens.Screen.twemoji$host()Lcom/leclowndu93150/twemoji/client/suggestion/EmojiSuggestionHost; @ 23 c2
Event: 825.740 Thread 0x0000027b8ba4f3a0 DEOPT PACKING pc=0x0000027b975c8c00 sp=0x000000ccfb2fdb90
Event: 825.740 Thread 0x0000027b8ba4f3a0 DEOPT UNPACKING pc=0x0000027b96a173a2 sp=0x000000ccfb2fda40 mode 2
Event: 828.041 Thread 0x0000027b8ba4f3a0 Uncommon trap: trap_request=0xffffff45 fr.pc=0x0000027b97cfd5c0 relative=0x0000000000000c00
Event: 828.041 Thread 0x0000027b8ba4f3a0 Uncommon trap: reason=unstable_if action=reinterpret pc=0x0000027b97cfd5c0 method=net.minecraft.client.gui.components.AbstractWidget.handler$hkm000$fancymenu$onGetMessageFancyMenu(Lorg/spongepowered/asm/mixin/injection/callback/CallbackInfoReturnable;)V @
Event: 828.041 Thread 0x0000027b8ba4f3a0 DEOPT PACKING pc=0x0000027b97cfd5c0 sp=0x000000ccfb2fd710
Event: 828.041 Thread 0x0000027b8ba4f3a0 DEOPT UNPACKING pc=0x0000027b96a173a2 sp=0x000000ccfb2fd618 mode 2
Event: 828.058 Thread 0x0000027b8ba4f3a0 Uncommon trap: trap_request=0xffffff45 fr.pc=0x0000027b97cfb0c0 relative=0x0000000000000c60
Event: 828.058 Thread 0x0000027b8ba4f3a0 Uncommon trap: reason=unstable_if action=reinterpret pc=0x0000027b97cfb0c0 method=net.minecraft.client.gui.components.AbstractWidget.handler$hkm000$fancymenu$onGetMessageFancyMenu(Lorg/spongepowered/asm/mixin/injection/callback/CallbackInfoReturnable;)V @
Event: 828.058 Thread 0x0000027b8ba4f3a0 DEOPT PACKING pc=0x0000027b97cfb0c0 sp=0x000000ccfb2fd690
Event: 828.058 Thread 0x0000027b8ba4f3a0 DEOPT UNPACKING pc=0x0000027b96a173a2 sp=0x000000ccfb2fd608 mode 2
Event: 828.413 Thread 0x0000027b8ba4f3a0 Uncommon trap: trap_request=0xffffff45 fr.pc=0x0000027b98965e28 relative=0x00000000000000e8
Event: 828.413 Thread 0x0000027b8ba4f3a0 Uncommon trap: reason=unstable_if action=reinterpret pc=0x0000027b98965e28 method=net.minecraft.util.StringDecomposer.iterateBackwards(Ljava/lang/String;Lnet/minecraft/network/chat/Style;Lnet/minecraft/util/FormattedCharSink;)Z @ 12 c2
Event: 828.413 Thread 0x0000027b8ba4f3a0 DEOPT PACKING pc=0x0000027b98965e28 sp=0x000000ccfb2fc270
Event: 828.413 Thread 0x0000027b8ba4f3a0 DEOPT UNPACKING pc=0x0000027b96a173a2 sp=0x000000ccfb2fc190 mode 2
Event: 831.777 Thread 0x0000027b8ba4f3a0 Uncommon trap: trap_request=0xffffff45 fr.pc=0x0000027b983f67ac relative=0x000000000000034c
Event: 831.777 Thread 0x0000027b8ba4f3a0 Uncommon trap: reason=unstable_if action=reinterpret pc=0x0000027b983f67ac method=de.keksuccino.fancymenu.util.rendering.ui.widget.component.ComponentWidget.getWidth()I @ 4 c2
Event: 831.777 Thread 0x0000027b8ba4f3a0 DEOPT PACKING pc=0x0000027b983f67ac sp=0x000000ccfb2fc4b0
Event: 831.777 Thread 0x0000027b8ba4f3a0 DEOPT UNPACKING pc=0x0000027b96a173a2 sp=0x000000ccfb2fc468 mode 2
Event: 835.224 Thread 0x0000027b8ba4f3a0 Uncommon trap: trap_request=0xffffff45 fr.pc=0x0000027b97c2bf0c relative=0x000000000000006c
Event: 835.224 Thread 0x0000027b8ba4f3a0 Uncommon trap: reason=unstable_if action=reinterpret pc=0x0000027b97c2bf0c method=net.minecraft.util.StringDecomposer.iterateBackwards(Ljava/lang/String;Lnet/minecraft/network/chat/Style;Lnet/minecraft/util/FormattedCharSink;)Z @ 12 c2
Event: 835.224 Thread 0x0000027b8ba4f3a0 DEOPT PACKING pc=0x0000027b97c2bf0c sp=0x000000ccfb2fc200
Event: 835.224 Thread 0x0000027b8ba4f3a0 DEOPT UNPACKING pc=0x0000027b96a173a2 sp=0x000000ccfb2fc190 mode 2
Event: 836.176 Thread 0x0000027b8ba4f3a0 Uncommon trap: trap_request=0xffffff6e fr.pc=0x0000027b98d612f4 relative=0x0000000000000af4
Event: 836.176 Thread 0x0000027b8ba4f3a0 Uncommon trap: reason=loop_limit_check action=maybe_recompile pc=0x0000027b98d612f4 method=de.keksuccino.fancymenu.util.rendering.ui.pipwindow.PiPWindowHandler.getTopWindowAt(DD)Lde/keksuccino/fancymenu/util/rendering/ui/pipwindow/PiPWindow; @ 15 c2
Event: 836.176 Thread 0x0000027b8ba4f3a0 DEOPT PACKING pc=0x0000027b98d612f4 sp=0x000000ccfb2fdef0
Event: 836.176 Thread 0x0000027b8ba4f3a0 DEOPT UNPACKING pc=0x0000027b96a173a2 sp=0x000000ccfb2fddc0 mode 2
Event: 839.360 Thread 0x0000027b8ba4f3a0 Uncommon trap: trap_request=0xffffff45 fr.pc=0x0000027b98c9ea28 relative=0x00000000000006c8
Event: 839.360 Thread 0x0000027b8ba4f3a0 Uncommon trap: reason=unstable_if action=reinterpret pc=0x0000027b98c9ea28 method=de.keksuccino.fancymenu.customization.element.editor.AbstractEditorElement.getResizeGrabberTypeAt(II)Lde/keksuccino/fancymenu/customization/element/editor/AbstractEditorElem
Event: 839.360 Thread 0x0000027b8ba4f3a0 DEOPT PACKING pc=0x0000027b98c9ea28 sp=0x000000ccfb2fdf80
Event: 839.360 Thread 0x0000027b8ba4f3a0 DEOPT UNPACKING pc=0x0000027b96a173a2 sp=0x000000ccfb2fde68 mode 2
Event: 848.119 Thread 0x0000027b8ba4f3a0 Uncommon trap: trap_request=0xffffff45 fr.pc=0x0000027b974ae030 relative=0x0000000000000390
Event: 848.119 Thread 0x0000027b8ba4f3a0 Uncommon trap: reason=unstable_if action=reinterpret pc=0x0000027b974ae030 method=java.util.regex.Pattern$CharProperty.match(Ljava/util/regex/Matcher;ILjava/lang/CharSequence;)Z @ 5 c2
Event: 848.119 Thread 0x0000027b8ba4f3a0 DEOPT PACKING pc=0x0000027b974ae030 sp=0x000000ccfb2fbf60
Event: 848.119 Thread 0x0000027b8ba4f3a0 DEOPT UNPACKING pc=0x0000027b96a173a2 sp=0x000000ccfb2fbf00 mode 2
Event: 848.130 Thread 0x0000027b8ba4f3a0 Uncommon trap: trap_request=0xffffff45 fr.pc=0x0000027b98d3f7b8 relative=0x0000000000000438
Event: 848.130 Thread 0x0000027b8ba4f3a0 Uncommon trap: reason=unstable_if action=reinterpret pc=0x0000027b98d3f7b8 method=de.keksuccino.fancymenu.util.rendering.ui.scroll.v2.scrollarea.entry.ScrollAreaEntry.isSelected()Z @ 4 c2
Event: 848.130 Thread 0x0000027b8ba4f3a0 DEOPT PACKING pc=0x0000027b98d3f7b8 sp=0x000000ccfb2fda40
Event: 848.130 Thread 0x0000027b8ba4f3a0 DEOPT UNPACKING pc=0x0000027b96a173a2 sp=0x000000ccfb2fd808 mode 2
Event: 848.130 Thread 0x0000027b8ba4f3a0 Uncommon trap: trap_request=0xffffff45 fr.pc=0x0000027b9733ef48 relative=0x0000000000000b08
Event: 848.130 Thread 0x0000027b8ba4f3a0 Uncommon trap: reason=unstable_if action=reinterpret pc=0x0000027b9733ef48 method=de.keksuccino.fancymenu.util.rendering.ui.icon.MaterialIcon.resolveQualityScale(F)F @ 23 c2
Event: 848.130 Thread 0x0000027b8ba4f3a0 DEOPT PACKING pc=0x0000027b9733ef48 sp=0x000000ccfb2fd620
Event: 848.130 Thread 0x0000027b8ba4f3a0 DEOPT UNPACKING pc=0x0000027b96a173a2 sp=0x000000ccfb2fd4f8 mode 2
Event: 848.130 Thread 0x0000027b8ba4f3a0 Uncommon trap: trap_request=0xffffff45 fr.pc=0x0000027b9839a8c0 relative=0x00000000000004e0
Event: 848.130 Thread 0x0000027b8ba4f3a0 Uncommon trap: reason=unstable_if action=reinterpret pc=0x0000027b9839a8c0 method=de.keksuccino.fancymenu.util.rendering.ui.icon.MaterialIcon.resolveQualityScale(F)F @ 23 c2
Event: 848.130 Thread 0x0000027b8ba4f3a0 DEOPT PACKING pc=0x0000027b9839a8c0 sp=0x000000ccfb2fd690
Event: 848.130 Thread 0x0000027b8ba4f3a0 DEOPT UNPACKING pc=0x0000027b96a173a2 sp=0x000000ccfb2fd578 mode 2
Event: 848.131 Thread 0x0000027b8ba4f3a0 Uncommon trap: trap_request=0xffffffc6 fr.pc=0x0000027b98836994 relative=0x0000000000000434
Event: 848.131 Thread 0x0000027b8ba4f3a0 Uncommon trap: reason=bimorphic_or_optimized_type_check action=maybe_recompile pc=0x0000027b98836994 method=de.keksuccino.fancymenu.util.rendering.ui.scroll.v2.scrollarea.entry.ScrollAreaEntry.renderBackground(Lnet/minecraft/client/gui/GuiGraphics;IIF)V @
Event: 848.131 Thread 0x0000027b8ba4f3a0 DEOPT PACKING pc=0x0000027b98836994 sp=0x000000ccfb2fd910
Event: 848.131 Thread 0x0000027b8ba4f3a0 DEOPT UNPACKING pc=0x0000027b96a173a2 sp=0x000000ccfb2fd840 mode 2
Event: 848.146 Thread 0x0000027b8ba4f3a0 Uncommon trap: trap_request=0xffffff45 fr.pc=0x0000027b98836898 relative=0x0000000000000338
Event: 848.146 Thread 0x0000027b8ba4f3a0 Uncommon trap: reason=unstable_if action=reinterpret pc=0x0000027b98836898 method=de.keksuccino.fancymenu.util.rendering.ui.scroll.v2.scrollarea.entry.ScrollAreaEntry.isSelected()Z @ 4 c2
Event: 848.146 Thread 0x0000027b8ba4f3a0 DEOPT PACKING pc=0x0000027b98836898 sp=0x000000ccfb2fd910
Event: 848.146 Thread 0x0000027b8ba4f3a0 DEOPT UNPACKING pc=0x0000027b96a173a2 sp=0x000000ccfb2fd7e0 mode 2
Event: 848.146 Thread 0x0000027b8ba4f3a0 Uncommon trap: trap_request=0xffffffc6 fr.pc=0x0000027b98835c00 relative=0x00000000000002c0
Event: 848.146 Thread 0x0000027b8ba4f3a0 Uncommon trap: reason=bimorphic_or_optimized_type_check action=maybe_recompile pc=0x0000027b98835c00 method=de.keksuccino.fancymenu.util.rendering.ui.scroll.v2.scrollarea.entry.ScrollAreaEntry.renderBackground(Lnet/minecraft/client/gui/GuiGraphics;IIF)V @
Event: 848.146 Thread 0x0000027b8ba4f3a0 DEOPT PACKING pc=0x0000027b98835c00 sp=0x000000ccfb2fd890
Event: 848.146 Thread 0x0000027b8ba4f3a0 DEOPT UNPACKING pc=0x0000027b96a173a2 sp=0x000000ccfb2fd838 mode 2
Event: 848.163 Thread 0x0000027b8ba4f3a0 Uncommon trap: trap_request=0xffffff45 fr.pc=0x0000027b98835b84 relative=0x0000000000000244
Event: 848.163 Thread 0x0000027b8ba4f3a0 Uncommon trap: reason=unstable_if action=reinterpret pc=0x0000027b98835b84 method=de.keksuccino.fancymenu.util.rendering.ui.scroll.v2.scrollarea.entry.ScrollAreaEntry.isSelected()Z @ 4 c2
Event: 848.163 Thread 0x0000027b8ba4f3a0 DEOPT PACKING pc=0x0000027b98835b84 sp=0x000000ccfb2fd890
Event: 848.163 Thread 0x0000027b8ba4f3a0 DEOPT UNPACKING pc=0x0000027b96a173a2 sp=0x000000ccfb2fd7d8 mode 2
Event: 850.218 Thread 0x0000027b8ba4f3a0 Uncommon trap: trap_request=0xfffffff4 fr.pc=0x0000027b97efd3c8 relative=0x0000000000001668
Event: 850.218 Thread 0x0000027b8ba4f3a0 Uncommon trap: reason=null_check action=make_not_entrant pc=0x0000027b97efd3c8 method=de.keksuccino.fancymenu.customization.placeholder.PlaceholderParser.replacePlaceholders(Ljava/lang/String;Ljava/util/HashMap;)Ljava/lang/String; @ 114 c2
Event: 850.218 Thread 0x0000027b8ba4f3a0 DEOPT PACKING pc=0x0000027b97efd3c8 sp=0x000000ccfb2fd930
Event: 850.218 Thread 0x0000027b8ba4f3a0 DEOPT UNPACKING pc=0x0000027b96a173a2 sp=0x000000ccfb2fd8c0 mode 2
Event: 850.222 Thread 0x0000027b8ba4f3a0 Uncommon trap: trap_request=0xffffffde fr.pc=0x0000027b98412178 relative=0x0000000000000338
Event: 850.222 Thread 0x0000027b8ba4f3a0 Uncommon trap: reason=class_check action=maybe_recompile pc=0x0000027b98412178 method=de.keksuccino.fancymenu.util.resource.ResourceSupplier.get()Lde/keksuccino/fancymenu/util/resource/Resource; @ 20 c2
Event: 850.222 Thread 0x0000027b8ba4f3a0 DEOPT PACKING pc=0x0000027b98412178 sp=0x000000ccfb2fd8b0
Event: 850.222 Thread 0x0000027b8ba4f3a0 DEOPT UNPACKING pc=0x0000027b96a173a2 sp=0x000000ccfb2fd848 mode 2
Event: 850.223 Thread 0x0000027b8ba4f3a0 Uncommon trap: trap_request=0xffffffde fr.pc=0x0000027b98412178 relative=0x0000000000000338
Event: 850.223 Thread 0x0000027b8ba4f3a0 Uncommon trap: reason=class_check action=maybe_recompile pc=0x0000027b98412178 method=de.keksuccino.fancymenu.util.resource.ResourceSupplier.get()Lde/keksuccino/fancymenu/util/resource/Resource; @ 20 c2
Event: 850.223 Thread 0x0000027b8ba4f3a0 DEOPT PACKING pc=0x0000027b98412178 sp=0x000000ccfb2fd7c0
Event: 850.223 Thread 0x0000027b8ba4f3a0 DEOPT UNPACKING pc=0x0000027b96a173a2 sp=0x000000ccfb2fd758 mode 2
Event: 850.224 Thread 0x0000027b8ba4f3a0 Uncommon trap: trap_request=0xffffff45 fr.pc=0x0000027b97a4718c relative=0x000000000000920c
Event: 850.224 Thread 0x0000027b8ba4f3a0 Uncommon trap: reason=unstable_if action=reinterpret pc=0x0000027b97a4718c method=de.keksuccino.fancymenu.util.rendering.SmoothRectangleRenderer$CornerRadii.clampCorner(FF)F @ 11 c2
Event: 850.224 Thread 0x0000027b8ba4f3a0 DEOPT PACKING pc=0x0000027b97a4718c sp=0x000000ccfb2fd3e0
Event: 850.224 Thread 0x0000027b8ba4f3a0 DEOPT UNPACKING pc=0x0000027b96a173a2 sp=0x000000ccfb2fd208 mode 2
Event: 850.224 Thread 0x0000027b8ba4f3a0 Uncommon trap: trap_request=0xffffff66 fr.pc=0x0000027b9882abc0 relative=0x0000000000000540
Event: 850.224 Thread 0x0000027b8ba4f3a0 Uncommon trap: reason=speculate_class_check action=maybe_recompile pc=0x0000027b9882abc0 method=net.minecraft.client.gui.components.AbstractWidget.isButtonWidget_FancyMenu()Z @ 1 c2
Event: 850.224 Thread 0x0000027b8ba4f3a0 DEOPT PACKING pc=0x0000027b9882abc0 sp=0x000000ccfb2fd520
Event: 850.224 Thread 0x0000027b8ba4f3a0 DEOPT UNPACKING pc=0x0000027b96a173a2 sp=0x000000ccfb2fd388 mode 2
Event: 850.224 Thread 0x0000027b8ba4f3a0 Uncommon trap: trap_request=0xffffff45 fr.pc=0x0000027b98d5d6a8 relative=0x00000000000007e8
Event: 850.224 Thread 0x0000027b8ba4f3a0 Uncommon trap: reason=unstable_if action=reinterpret pc=0x0000027b98d5d6a8 method=net.minecraft.client.gui.components.AbstractWidget.getGlobalLabelBaseColor_FancyMenu()Lde/keksuccino/fancymenu/util/rendering/DrawableColor; @ 4 c2
Event: 850.224 Thread 0x0000027b8ba4f3a0 DEOPT PACKING pc=0x0000027b98d5d6a8 sp=0x000000ccfb2fd500
Event: 850.224 Thread 0x0000027b8ba4f3a0 DEOPT UNPACKING pc=0x0000027b96a173a2 sp=0x000000ccfb2fd398 mode 2
Event: 850.231 Thread 0x0000027b8ba4f3a0 Uncommon trap: trap_request=0xffffffde fr.pc=0x0000027b98412178 relative=0x0000000000000338
Event: 850.231 Thread 0x0000027b8ba4f3a0 Uncommon trap: reason=class_check action=maybe_recompile pc=0x0000027b98412178 method=de.keksuccino.fancymenu.util.resource.ResourceSupplier.get()Lde/keksuccino/fancymenu/util/resource/Resource; @ 20 c2
Event: 850.231 Thread 0x0000027b8ba4f3a0 DEOPT PACKING pc=0x0000027b98412178 sp=0x000000ccfb2fd990
Event: 850.231 Thread 0x0000027b8ba4f3a0 DEOPT UNPACKING pc=0x0000027b96a173a2 sp=0x000000ccfb2fd928 mode 2
Event: 850.231 Thread 0x0000027b8ba4f3a0 Uncommon trap: trap_request=0xffffffde fr.pc=0x0000027b98412178 relative=0x0000000000000338
Event: 850.231 Thread 0x0000027b8ba4f3a0 Uncommon trap: reason=class_check action=maybe_recompile pc=0x0000027b98412178 method=de.keksuccino.fancymenu.util.resource.ResourceSupplier.get()Lde/keksuccino/fancymenu/util/resource/Resource; @ 20 c2
Event: 850.231 Thread 0x0000027b8ba4f3a0 DEOPT PACKING pc=0x0000027b98412178 sp=0x000000ccfb2fd8b0
Event: 850.231 Thread 0x0000027b8ba4f3a0 DEOPT UNPACKING pc=0x0000027b96a173a2 sp=0x000000ccfb2fd848 mode 2
Event: 850.231 Thread 0x0000027b8ba4f3a0 Uncommon trap: trap_request=0xffffff45 fr.pc=0x0000027b977c466c relative=0x000000000000806c
Event: 850.231 Thread 0x0000027b8ba4f3a0 Uncommon trap: reason=unstable_if action=reinterpret pc=0x0000027b977c466c method=de.keksuccino.fancymenu.util.rendering.SmoothRectangleRenderer$CornerRadii.clampCorner(FF)F @ 11 c2
Event: 850.231 Thread 0x0000027b8ba4f3a0 DEOPT PACKING pc=0x0000027b977c466c sp=0x000000ccfb2fd340
Event: 850.231 Thread 0x0000027b8ba4f3a0 DEOPT UNPACKING pc=0x0000027b96a173a2 sp=0x000000ccfb2fd200 mode 2
Event: 850.231 Thread 0x0000027b8ba4f3a0 Uncommon trap: trap_request=0xffffff66 fr.pc=0x0000027b9882abc0 relative=0x0000000000000540
Event: 850.231 Thread 0x0000027b8ba4f3a0 Uncommon trap: reason=speculate_class_check action=maybe_recompile pc=0x0000027b9882abc0 method=net.minecraft.client.gui.components.AbstractWidget.isButtonWidget_FancyMenu()Z @ 1 c2
Event: 850.231 Thread 0x0000027b8ba4f3a0 DEOPT PACKING pc=0x0000027b9882abc0 sp=0x000000ccfb2fd520
Event: 850.231 Thread 0x0000027b8ba4f3a0 DEOPT UNPACKING pc=0x0000027b96a173a2 sp=0x000000ccfb2fd388 mode 2
Event: 850.248 Thread 0x0000027b8ba4f3a0 Uncommon trap: trap_request=0xffffff66 fr.pc=0x0000027b9882abc0 relative=0x0000000000000540
Event: 850.248 Thread 0x0000027b8ba4f3a0 Uncommon trap: reason=speculate_class_check action=maybe_recompile pc=0x0000027b9882abc0 method=net.minecraft.client.gui.components.AbstractWidget.isButtonWidget_FancyMenu()Z @ 1 c2
Event: 850.248 Thread 0x0000027b8ba4f3a0 DEOPT PACKING pc=0x0000027b9882abc0 sp=0x000000ccfb2fd520
Event: 850.248 Thread 0x0000027b8ba4f3a0 DEOPT UNPACKING pc=0x0000027b96a173a2 sp=0x000000ccfb2fd388 mode 2
Event: 850.264 Thread 0x0000027b8ba4f3a0 Uncommon trap: trap_request=0xffffff66 fr.pc=0x0000027b9882abc0 relative=0x0000000000000540
Event: 850.264 Thread 0x0000027b8ba4f3a0 Uncommon trap: reason=speculate_class_check action=maybe_recompile pc=0x0000027b9882abc0 method=net.minecraft.client.gui.components.AbstractWidget.isButtonWidget_FancyMenu()Z @ 1 c2
Event: 850.264 Thread 0x0000027b8ba4f3a0 DEOPT PACKING pc=0x0000027b9882abc0 sp=0x000000ccfb2fd520
Event: 850.264 Thread 0x0000027b8ba4f3a0 DEOPT UNPACKING pc=0x0000027b96a173a2 sp=0x000000ccfb2fd388 mode 2
Event: 850.281 Thread 0x0000027b8ba4f3a0 Uncommon trap: trap_request=0xffffff45 fr.pc=0x0000027b982ed2ac relative=0x00000000000004ac
Event: 850.281 Thread 0x0000027b8ba4f3a0 Uncommon trap: reason=unstable_if action=reinterpret pc=0x0000027b982ed2ac method=net.minecraft.client.gui.components.AbstractWidget.isGlobalLabelCustomizationTarget_FancyMenu()Z @ 4 c2
Event: 850.281 Thread 0x0000027b8ba4f3a0 DEOPT PACKING pc=0x0000027b982ed2ac sp=0x000000ccfb2fd4a0
Event: 850.281 Thread 0x0000027b8ba4f3a0 DEOPT UNPACKING pc=0x0000027b96a173a2 sp=0x000000ccfb2fd3e0 mode 2
Event: 850.287 Thread 0x000002800cfcb270 Uncommon trap: trap_request=0xffffff45 fr.pc=0x0000027b977dbffc relative=0x00000000000003bc
Event: 850.287 Thread 0x000002800cfcb270 Uncommon trap: reason=unstable_if action=reinterpret pc=0x0000027b977dbffc method=sun.util.calendar.ZoneInfo.getOffsets(J[II)I @ 4 c2
Event: 850.287 Thread 0x000002800cfcb270 DEOPT PACKING pc=0x0000027b977dbffc sp=0x000000cc825fe8f0
Event: 850.287 Thread 0x000002800cfcb270 DEOPT UNPACKING pc=0x0000027b96a173a2 sp=0x000000cc825fe880 mode 2
Event: 854.441 Thread 0x0000027b8ba4f3a0 Uncommon trap: trap_request=0xffffff45 fr.pc=0x0000027b979b4468 relative=0x0000000000000b48
Event: 854.441 Thread 0x0000027b8ba4f3a0 Uncommon trap: reason=unstable_if action=reinterpret pc=0x0000027b979b4468 method=java.lang.invoke.MethodHandle.asSpreaderChecks(Ljava/lang/Class;II)Ljava/lang/invoke/MethodType; @ 91 c2
Event: 854.441 Thread 0x0000027b8ba4f3a0 DEOPT PACKING pc=0x0000027b979b4468 sp=0x000000ccfb2fd730
Event: 854.441 Thread 0x0000027b8ba4f3a0 DEOPT UNPACKING pc=0x0000027b96a173a2 sp=0x000000ccfb2fd640 mode 2
Event: 854.442 Thread 0x0000027b8ba4f3a0 Uncommon trap: trap_request=0xffffff45 fr.pc=0x0000027b984b8ae0 relative=0x0000000000000620
Event: 854.442 Thread 0x0000027b8ba4f3a0 Uncommon trap: reason=unstable_if action=reinterpret pc=0x0000027b984b8ae0 method=java.lang.invoke.LambdaFormEditor.spreadArgumentsForm(ILjava/lang/Class;I)Ljava/lang/invoke/LambdaForm; @ 88 c2
Event: 854.442 Thread 0x0000027b8ba4f3a0 DEOPT PACKING pc=0x0000027b984b8ae0 sp=0x000000ccfb2fd6c0
Event: 854.442 Thread 0x0000027b8ba4f3a0 DEOPT UNPACKING pc=0x0000027b96a173a2 sp=0x000000ccfb2fd618 mode 2
Event: 854.444 Thread 0x0000027b8ba4f3a0 Uncommon trap: trap_request=0xffffff45 fr.pc=0x0000027b984b7be4 relative=0x0000000000000204
Event: 854.444 Thread 0x0000027b8ba4f3a0 Uncommon trap: reason=unstable_if action=reinterpret pc=0x0000027b984b7be4 method=java.lang.invoke.Invokers.genericInvoker()Ljava/lang/invoke/MethodHandle; @ 7 c2
Event: 854.444 Thread 0x0000027b8ba4f3a0 DEOPT PACKING pc=0x0000027b984b7be4 sp=0x000000ccfb2fc620
Event: 854.444 Thread 0x0000027b8ba4f3a0 DEOPT UNPACKING pc=0x0000027b96a173a2 sp=0x000000ccfb2fc558 mode 2
Event: 854.445 Thread 0x0000027b8ba4f3a0 Uncommon trap: trap_request=0xffffff45 fr.pc=0x0000027b9806dc60 relative=0x0000000000000100
Event: 854.445 Thread 0x0000027b8ba4f3a0 Uncommon trap: reason=unstable_if action=reinterpret pc=0x0000027b9806dc60 method=java.lang.invoke.BoundMethodHandle.tooComplex()Z @ 18 c2
Event: 854.445 Thread 0x0000027b8ba4f3a0 DEOPT PACKING pc=0x0000027b9806dc60 sp=0x000000ccfb2fbf70
Event: 854.445 Thread 0x0000027b8ba4f3a0 DEOPT UNPACKING pc=0x0000027b96a173a2 sp=0x000000ccfb2fbea0 mode 2
Event: 854.462 Thread 0x000002800cfc9830 Uncommon trap: trap_request=0xffffff45 fr.pc=0x0000027b97af0354 relative=0x00000000000015f4
Event: 854.462 Thread 0x000002800cfc9830 Uncommon trap: reason=unstable_if action=reinterpret pc=0x0000027b97af0354 method=java.nio.file.Path.of(Ljava/net/URI;)Ljava/nio/file/Path; @ 25 c2
Event: 854.462 Thread 0x000002800cfc9830 DEOPT PACKING pc=0x0000027b97af0354 sp=0x000000cc806ff060
Event: 854.462 Thread 0x000002800cfc9830 DEOPT UNPACKING pc=0x0000027b96a173a2 sp=0x000000cc806ff028 mode 2
Event: 854.462 Thread 0x000002800cfc9830 Uncommon trap: trap_request=0xffffff45 fr.pc=0x0000027b9890b7ac relative=0x000000000000066c
Event: 854.462 Thread 0x000002800cfc9830 Uncommon trap: reason=unstable_if action=reinterpret pc=0x0000027b9890b7ac method=sun.nio.fs.WindowsPathParser.parse(Ljava/lang/String;Z)Lsun/nio/fs/WindowsPathParser$Result; @ 302 c2
Event: 854.462 Thread 0x000002800cfc9830 DEOPT PACKING pc=0x0000027b9890b7ac sp=0x000000cc806fee00
Event: 854.462 Thread 0x000002800cfc9830 DEOPT UNPACKING pc=0x0000027b96a173a2 sp=0x000000cc806feda8 mode 2
Event: 854.664 Thread 0x000002800cfc9830 Uncommon trap: trap_request=0xffffff45 fr.pc=0x0000027b97aac970 relative=0x0000000000000270
Event: 854.664 Thread 0x000002800cfc9830 Uncommon trap: reason=unstable_if action=reinterpret pc=0x0000027b97aac970 method=java.util.concurrent.locks.AbstractQueuedSynchronizer$ConditionObject.enableWait(Ljava/util/concurrent/locks/AbstractQueuedSynchronizer$ConditionNode;)I @ 28 c2
Event: 854.664 Thread 0x000002800cfc9830 DEOPT PACKING pc=0x0000027b97aac970 sp=0x000000cc806ff030
Event: 854.664 Thread 0x000002800cfc9830 DEOPT UNPACKING pc=0x0000027b96a173a2 sp=0x000000cc806fefd0 mode 2

Classes loaded (250 events):
Event: 56.867 Loading class java/awt/geom/Path2D
Event: 56.867 Loading class java/awt/geom/Path2D done
Event: 56.867 Loading class java/awt/geom/Path2D$Float done
Event: 56.867 Loading class java/awt/geom/GeneralPath done
Event: 56.867 Loading class sun/font/CharToGlyphMapper
Event: 56.867 Loading class sun/font/CharToGlyphMapper done
Event: 56.867 Loading class sun/font/PhysicalStrike
Event: 56.867 Loading class sun/font/FontStrike
Event: 56.867 Loading class sun/font/FontStrike done
Event: 56.867 Loading class sun/font/PhysicalStrike done
Event: 56.867 Loading class sun/font/StrikeCache
Event: 56.868 Loading class sun/font/StrikeCache done
Event: 56.868 Loading class sun/font/StrikeCache$1
Event: 56.868 Loading class sun/font/StrikeCache$1 done
Event: 56.869 Loading class sun/font/GlyphList
Event: 56.869 Loading class sun/font/GlyphList done
Event: 56.869 Loading class sun/awt/Win32FontManager$1
Event: 56.869 Loading class sun/awt/Win32FontManager$1 done
Event: 56.869 Loading class sun/font/CompositeFont
Event: 56.869 Loading class sun/font/CompositeFont done
Event: 56.869 Loading class sun/font/SunFontManager$2
Event: 56.870 Loading class sun/font/SunFontManager$2 done
Event: 56.870 Loading class sun/awt/windows/WFontConfiguration
Event: 56.870 Loading class sun/awt/FontConfiguration
Event: 56.871 Loading class sun/awt/FontConfiguration done
Event: 56.871 Loading class sun/awt/windows/WFontConfiguration done
Event: 56.871 Loading class sun/awt/FontDescriptor
Event: 56.871 Loading class sun/awt/FontDescriptor done
Event: 56.872 Loading class sun/font/SunFontManager$FontRegistrationInfo
Event: 56.872 Loading class sun/font/SunFontManager$FontRegistrationInfo done
Event: 56.873 Loading class sun/font/CompositeFontDescriptor
Event: 56.873 Loading class sun/font/CompositeFontDescriptor done
Event: 56.873 Loading class sun/font/FontFamily
Event: 56.874 Loading class sun/font/FontFamily done
Event: 56.874 Loading class sun/awt/Win32FontManager$2
Event: 56.874 Loading class sun/awt/Win32FontManager$2 done
Event: 56.874 Loading class sun/font/TrueTypeFont$TTDisposerRecord
Event: 56.874 Loading class sun/font/TrueTypeFont$TTDisposerRecord done
Event: 56.874 Loading class sun/font/TrueTypeFont$1
Event: 56.874 Loading class sun/font/TrueTypeFont$1 done
Event: 56.874 Loading class java/nio/ByteBufferAsIntBufferB
Event: 56.874 Loading class java/nio/ByteBufferAsIntBufferB done
Event: 56.876 Loading class sun/font/TrueTypeFont$DirectoryEntry
Event: 56.876 Loading class sun/font/TrueTypeFont$DirectoryEntry done
Event: 56.876 Loading class java/nio/ByteBufferAsShortBufferB
Event: 56.876 Loading class java/nio/ByteBufferAsShortBufferB done
Event: 56.878 Loading class sun/nio/cs/UTF_16$Decoder
Event: 56.878 Loading class sun/nio/cs/UTF_16$Decoder done
Event: 56.878 Loading class sun/font/FileFont$CreatedFontFileDisposerRecord
Event: 56.878 Loading class sun/font/FileFont$CreatedFontFileDisposerRecord done
Event: 56.878 Loading class sun/font/SunFontManager$7
Event: 56.878 Loading class sun/font/SunFontManager$7 done
Event: 56.903 Loading class sun/font/FontStrikeDesc
Event: 56.903 Loading class sun/font/FontStrikeDesc done
Event: 56.903 Loading class sun/font/FileFontStrike
Event: 56.903 Loading class sun/font/FileFontStrike done
Event: 56.903 Loading class sun/font/FontScaler
Event: 56.903 Loading class sun/font/FontScaler done
Event: 56.903 Loading class sun/font/FreetypeFontScaler
Event: 56.904 Loading class sun/font/FreetypeFontScaler done
Event: 56.904 Loading class sun/font/TrueTypeGlyphMapper
Event: 56.904 Loading class sun/font/TrueTypeGlyphMapper done
Event: 56.904 Loading class sun/font/CMap
Event: 56.905 Loading class sun/font/CMap done
Event: 56.905 Loading class sun/font/CMap$NullCMapClass
Event: 56.905 Loading class sun/font/CMap$NullCMapClass done
Event: 56.905 Loading class sun/font/CMap$CMapFormat12
Event: 56.906 Loading class sun/font/CMap$CMapFormat12 done
Event: 56.906 Loading class sun/font/FontStrikeDisposer
Event: 56.906 Loading class sun/java2d/Disposer$PollDisposable
Event: 56.906 Loading class sun/java2d/Disposer$PollDisposable done
Event: 56.906 Loading class sun/font/FontStrikeDisposer done
Event: 56.906 Loading class sun/font/StrikeCache$SoftDisposerRef
Event: 56.906 Loading class sun/font/StrikeCache$DisposableStrike
Event: 56.906 Loading class sun/font/StrikeCache$DisposableStrike done
Event: 56.906 Loading class sun/font/StrikeCache$SoftDisposerRef done
Event: 56.906 Loading class sun/font/CoreMetrics
Event: 56.906 Loading class sun/font/CoreMetrics done
Event: 56.906 Loading class sun/font/FontLineMetrics
Event: 56.906 Loading class java/awt/font/LineMetrics
Event: 56.906 Loading class java/awt/font/LineMetrics done
Event: 56.906 Loading class sun/font/FontLineMetrics done
Event: 56.920 Loading class java/nio/ByteBufferAsCharBufferB
Event: 56.921 Loading class java/nio/ByteBufferAsCharBufferB done
Event: 56.926 Loading class sun/font/StandardGlyphVector
Event: 56.926 Loading class java/awt/font/GlyphVector
Event: 56.927 Loading class java/awt/font/GlyphVector done
Event: 56.927 Loading class sun/font/StandardGlyphVector done
Event: 56.927 Loading class sun/font/FontSubstitution
Event: 56.927 Loading class sun/font/FontSubstitution done
Event: 56.927 Loading class sun/font/DelegatingShape
Event: 56.927 Loading class sun/font/DelegatingShape done
Event: 56.927 Loading class sun/font/StandardGlyphVector$GlyphStrike
Event: 56.927 Loading class sun/font/StandardGlyphVector$GlyphStrike done
Event: 56.927 Loading class java/awt/font/GlyphMetrics
Event: 56.927 Loading class java/awt/font/GlyphMetrics done
Event: 56.927 Loading class java/awt/geom/Path2D$Float$CopyIterator
Event: 56.927 Loading class java/awt/geom/Path2D$Iterator
Event: 56.927 Loading class java/awt/geom/PathIterator
Event: 56.927 Loading class java/awt/geom/PathIterator done
Event: 56.927 Loading class java/awt/geom/Path2D$Iterator done
Event: 56.927 Loading class java/awt/geom/Path2D$Float$CopyIterator done
Event: 56.927 Loading class sun/awt/geom/Curve
Event: 56.929 Loading class sun/awt/geom/Curve done
Event: 56.953 Loading class java/awt/image/DataBufferInt
Event: 56.953 Loading class java/awt/image/DataBufferInt done
Event: 56.955 Loading class sun/awt/image/IntegerInterleavedRaster
Event: 56.955 Loading class sun/awt/image/IntegerInterleavedRaster done
Event: 56.955 Loading class sun/awt/image/BufImgSurfaceManager
Event: 56.955 Loading class sun/awt/image/BufImgSurfaceManager done
Event: 56.955 Loading class sun/awt/image/BufImgSurfaceData
Event: 56.955 Loading class sun/awt/image/BufImgSurfaceData done
Event: 56.955 Loading class sun/awt/image/BufImgSurfaceData$ICMColorData
Event: 56.955 Loading class sun/awt/image/BufImgSurfaceData$ICMColorData done
Event: 56.956 Loading class sun/java2d/loops/RenderLoops
Event: 56.956 Loading class sun/java2d/loops/RenderLoops done
Event: 56.956 Loading class sun/java2d/DefaultDisposerRecord
Event: 56.956 Loading class sun/java2d/DefaultDisposerRecord done
Event: 56.956 Loading class sun/java2d/loops/CompositeType
Event: 56.956 Loading class sun/java2d/loops/CompositeType done
Event: 56.957 Loading class sun/java2d/loops/GraphicsPrimitive
Event: 56.957 Loading class sun/java2d/loops/GraphicsPrimitive done
Event: 56.957 Loading class sun/java2d/loops/DrawLine
Event: 56.957 Loading class sun/java2d/loops/DrawLine done
Event: 56.957 Loading class sun/java2d/loops/GraphicsPrimitiveMgr
Event: 56.957 Loading class sun/java2d/loops/GraphicsPrimitiveMgr done
Event: 56.957 Loading class sun/java2d/SunGraphics2D
Event: 56.959 Loading class sun/awt/ConstrainableGraphics
Event: 56.959 Loading class sun/awt/ConstrainableGraphics done
Event: 56.959 Loading class java/awt/Graphics2D
Event: 56.959 Loading class java/awt/Graphics
Event: 56.959 Loading class java/awt/Graphics done
Event: 56.959 Loading class java/awt/Graphics2D done
Event: 56.959 Loading class sun/java2d/SunGraphics2D done
Event: 56.959 Loading class sun/java2d/loops/XORComposite
Event: 56.960 Loading class sun/java2d/loops/XORComposite done
Event: 56.960 Loading class java/awt/AlphaComposite
Event: 56.960 Loading class java/awt/AlphaComposite done
Event: 56.960 Loading class sun/java2d/loops/Blit
Event: 56.960 Loading class sun/java2d/loops/Blit done
Event: 56.960 Loading class sun/java2d/loops/GraphicsPrimitiveMgr$GeneralPrimitives
Event: 56.960 Loading class sun/java2d/loops/GraphicsPrimitiveMgr$GeneralPrimitives done
Event: 56.960 Loading class sun/java2d/loops/BlitBg
Event: 56.960 Loading class sun/java2d/loops/BlitBg done
Event: 56.960 Loading class sun/java2d/loops/ScaledBlit
Event: 56.960 Loading class sun/java2d/loops/ScaledBlit done
Event: 56.960 Loading class sun/java2d/loops/FillRect
Event: 56.961 Loading class sun/java2d/loops/FillRect done
Event: 56.961 Loading class sun/java2d/loops/FillSpans
Event: 56.961 Loading class sun/java2d/loops/FillSpans done
Event: 56.961 Loading class sun/java2d/loops/FillParallelogram
Event: 56.961 Loading class sun/java2d/loops/FillParallelogram done
Event: 56.961 Loading class sun/java2d/loops/DrawParallelogram
Event: 56.961 Loading class sun/java2d/loops/DrawParallelogram done
Event: 56.961 Loading class sun/java2d/loops/DrawRect
Event: 56.961 Loading class sun/java2d/loops/DrawRect done
Event: 56.961 Loading class sun/java2d/loops/DrawPolygons
Event: 56.961 Loading class sun/java2d/loops/DrawPolygons done
Event: 56.961 Loading class sun/java2d/loops/DrawPath
Event: 56.961 Loading class sun/java2d/loops/DrawPath done
Event: 56.961 Loading class sun/java2d/loops/FillPath
Event: 56.961 Loading class sun/java2d/loops/FillPath done
Event: 56.961 Loading class sun/java2d/loops/MaskBlit
Event: 56.961 Loading class sun/java2d/loops/MaskBlit done
Event: 56.961 Loading class sun/java2d/loops/MaskFill
Event: 56.962 Loading class sun/java2d/loops/MaskFill done
Event: 56.962 Loading class sun/java2d/loops/DrawGlyphList
Event: 56.962 Loading class sun/java2d/loops/DrawGlyphList done
Event: 56.962 Loading class sun/java2d/loops/DrawGlyphListAA
Event: 56.962 Loading class sun/java2d/loops/DrawGlyphListAA done
Event: 56.962 Loading class sun/java2d/loops/DrawGlyphListLCD
Event: 56.962 Loading class sun/java2d/loops/DrawGlyphListLCD done
Event: 56.962 Loading class sun/java2d/loops/TransformHelper
Event: 56.962 Loading class sun/java2d/loops/TransformHelper done
Event: 56.962 Loading class java/awt/BasicStroke
Event: 56.963 Loading class java/awt/Stroke
Event: 56.963 Loading class java/awt/Stroke done
Event: 56.963 Loading class java/awt/BasicStroke done
Event: 56.963 Loading class sun/java2d/pipe/ValidatePipe
Event: 56.963 Loading class sun/java2d/pipe/ValidatePipe done
Event: 56.963 Loading class sun/java2d/loops/CustomComponent
Event: 56.963 Loading class sun/java2d/loops/CustomComponent done
Event: 56.963 Loading class sun/java2d/loops/GraphicsPrimitiveProxy
Event: 56.963 Loading class sun/java2d/loops/GraphicsPrimitiveProxy done
Event: 56.963 Loading class sun/java2d/loops/GeneralRenderer
Event: 56.964 Loading class sun/java2d/loops/GeneralRenderer done
Event: 56.966 Loading class sun/java2d/loops/GraphicsPrimitiveMgr$1
Event: 56.966 Loading class sun/java2d/loops/GraphicsPrimitiveMgr$1 done
Event: 56.966 Loading class sun/java2d/loops/GraphicsPrimitiveMgr$2
Event: 56.966 Loading class sun/java2d/loops/GraphicsPrimitiveMgr$2 done
Event: 56.966 Loading class sun/java2d/loops/GraphicsPrimitiveMgr$PrimitiveSpec
Event: 56.966 Loading class sun/java2d/loops/GraphicsPrimitiveMgr$PrimitiveSpec done
Event: 56.967 Loading class sun/java2d/loops/DrawGlyphListColor
Event: 56.967 Loading class sun/java2d/loops/DrawGlyphListColor done
Event: 56.967 Loading class sun/java2d/loops/DrawGlyphListColor$General
Event: 56.967 Loading class sun/java2d/loops/DrawGlyphListColor$General done
Event: 56.967 Loading class sun/java2d/loops/Blit$GeneralMaskBlit
Event: 56.967 Loading class sun/java2d/loops/Blit$GeneralMaskBlit done
Event: 56.967 Loading class sun/awt/image/BufferedImageGraphicsConfig
Event: 56.967 Loading class java/awt/GraphicsConfiguration
Event: 56.967 Loading class java/awt/GraphicsConfiguration done
Event: 56.967 Loading class sun/awt/image/BufferedImageGraphicsConfig done
Event: 56.968 Loading class sun/awt/image/BufferedImageDevice
Event: 56.968 Loading class java/awt/GraphicsDevice
Event: 56.968 Loading class java/awt/GraphicsDevice done
Event: 56.968 Loading class sun/awt/image/BufferedImageDevice done
Event: 56.968 Loading class sun/java2d/loops/FontInfo
Event: 56.968 Loading class sun/java2d/loops/FontInfo done
Event: 57.066 Loading class java/text/MessageFormat
Event: 57.066 Loading class java/text/MessageFormat done
Event: 57.067 Loading class java/text/MessageFormat$Field
Event: 57.067 Loading class java/text/MessageFormat$Field done
Event: 57.067 Loading class java/text/FieldPosition$Delegate
Event: 57.067 Loading class java/text/FieldPosition$Delegate done
Event: 57.078 Loading class java/lang/VerifyError
Event: 57.078 Loading class java/lang/VerifyError done
Event: 58.399 Loading class java/util/random/RandomGeneratorFactory
Event: 58.399 Loading class java/util/random/RandomGeneratorFactory done
Event: 58.399 Loading class java/util/random/RandomGeneratorFactory$FactoryMapHolder
Event: 58.400 Loading class java/util/random/RandomGeneratorFactory$FactoryMapHolder done
Event: 58.400 Loading class jdk/internal/util/random/RandomSupport$AbstractSplittableWithBrineGenerator
Event: 58.400 Loading class jdk/internal/util/random/RandomSupport$AbstractSplittableGenerator
Event: 58.401 Loading class java/util/random/RandomGenerator$SplittableGenerator
Event: 58.401 Loading class java/util/random/RandomGenerator$StreamableGenerator
Event: 58.401 Loading class java/util/random/RandomGenerator$StreamableGenerator done
Event: 58.401 Loading class java/util/random/RandomGenerator$SplittableGenerator done
Event: 58.401 Loading class jdk/internal/util/random/RandomSupport$AbstractSpliteratorGenerator
Event: 58.401 Loading class jdk/internal/util/random/RandomSupport$AbstractSpliteratorGenerator done
Event: 58.401 Loading class jdk/internal/util/random/RandomSupport$AbstractSplittableGenerator done
Event: 58.402 Loading class jdk/internal/util/random/RandomSupport$AbstractSplittableWithBrineGenerator done
Event: 58.404 Loading class java/util/random/RandomGenerator$LeapableGenerator
Event: 58.404 Loading class java/util/random/RandomGenerator$JumpableGenerator
Event: 58.404 Loading class java/util/random/RandomGenerator$JumpableGenerator done
Event: 58.404 Loading class java/util/random/RandomGenerator$LeapableGenerator done
Event: 58.405 Loading class java/util/stream/DoubleStream
Event: 58.405 Loading class java/util/stream/DoubleStream done
Event: 58.405 Loading class java/util/SplittableRandom
Event: 58.405 Loading class java/util/SplittableRandom done
Event: 745.543 Loading class java/lang/ProcessHandleImpl
Event: 745.544 Loading class java/lang/ProcessHandle
Event: 745.545 Loading class java/lang/ProcessHandle done
Event: 745.545 Loading class java/lang/ProcessHandleImpl done
Event: 745.545 Loading class java/lang/ProcessImpl$2
Event: 745.545 Loading class java/lang/ProcessImpl$2 done
Event: 745.545 Loading class java/lang/Process$PipeInputStream
Event: 745.546 Loading class java/lang/Process$PipeInputStream done
Event: 745.548 Loading class jdk/internal/event/ProcessStartEvent
Event: 745.549 Loading class jdk/internal/event/ProcessStartEvent done
Event: 825.727 Loading class java/nio/file/ClosedWatchServiceException
Event: 825.728 Loading class java/nio/file/ClosedWatchServiceException done

Classes unloaded (190 events):
Event: 6.753 Thread 0x0000027b8b280e00 Unloading class 0x00000000804d3c00 'java/lang/invoke/LambdaForm$MH+0x00000000804d3c00'
Event: 6.753 Thread 0x0000027b8b280e00 Unloading class 0x00000000804d4000 'java/lang/invoke/LambdaForm$MH+0x00000000804d4000'
Event: 6.753 Thread 0x0000027b8b280e00 Unloading class 0x00000000804d3800 'java/lang/invoke/LambdaForm$MH+0x00000000804d3800'
Event: 6.753 Thread 0x0000027b8b280e00 Unloading class 0x00000000804d3400 'java/lang/invoke/LambdaForm$MH+0x00000000804d3400'
Event: 6.753 Thread 0x0000027b8b280e00 Unloading class 0x00000000804d3000 'java/lang/invoke/LambdaForm$MH+0x00000000804d3000'
Event: 6.753 Thread 0x0000027b8b280e00 Unloading class 0x00000000804d2c00 'java/lang/invoke/LambdaForm$MH+0x00000000804d2c00'
Event: 6.753 Thread 0x0000027b8b280e00 Unloading class 0x00000000804d2400 'java/lang/invoke/LambdaForm$MH+0x00000000804d2400'
Event: 6.753 Thread 0x0000027b8b280e00 Unloading class 0x00000000804d2800 'java/lang/invoke/LambdaForm$MH+0x00000000804d2800'
Event: 6.753 Thread 0x0000027b8b280e00 Unloading class 0x00000000804d2000 'java/lang/invoke/LambdaForm$MH+0x00000000804d2000'
Event: 6.753 Thread 0x0000027b8b280e00 Unloading class 0x00000000804d1c00 'java/lang/invoke/LambdaForm$MH+0x00000000804d1c00'
Event: 6.753 Thread 0x0000027b8b280e00 Unloading class 0x00000000804d1800 'java/lang/invoke/LambdaForm$MH+0x00000000804d1800'
Event: 6.753 Thread 0x0000027b8b280e00 Unloading class 0x00000000804d1000 'java/lang/invoke/LambdaForm$MH+0x00000000804d1000'
Event: 6.753 Thread 0x0000027b8b280e00 Unloading class 0x00000000804d1400 'java/lang/invoke/LambdaForm$MH+0x00000000804d1400'
Event: 6.753 Thread 0x0000027b8b280e00 Unloading class 0x00000000804d0c00 'java/lang/invoke/LambdaForm$DMH+0x00000000804d0c00'
Event: 6.753 Thread 0x0000027b8b280e00 Unloading class 0x00000000804d0800 'java/lang/invoke/LambdaForm$DMH+0x00000000804d0800'
Event: 6.753 Thread 0x0000027b8b280e00 Unloading class 0x00000000804d0400 'java/lang/invoke/LambdaForm$DMH+0x00000000804d0400'
Event: 6.753 Thread 0x0000027b8b280e00 Unloading class 0x00000000804d0000 'java/lang/invoke/LambdaForm$DMH+0x00000000804d0000'
Event: 6.753 Thread 0x0000027b8b280e00 Unloading class 0x00000000804cfc00 'java/lang/invoke/LambdaForm$DMH+0x00000000804cfc00'
Event: 6.753 Thread 0x0000027b8b280e00 Unloading class 0x00000000804cf800 'java/lang/invoke/LambdaForm$DMH+0x00000000804cf800'
Event: 6.753 Thread 0x0000027b8b280e00 Unloading class 0x00000000804cf400 'java/lang/invoke/LambdaForm$DMH+0x00000000804cf400'
Event: 6.753 Thread 0x0000027b8b280e00 Unloading class 0x00000000804cf000 'java/lang/invoke/LambdaForm$DMH+0x00000000804cf000'
Event: 6.753 Thread 0x0000027b8b280e00 Unloading class 0x00000000804cec00 'java/lang/invoke/LambdaForm$DMH+0x00000000804cec00'
Event: 6.753 Thread 0x0000027b8b280e00 Unloading class 0x00000000804ce800 'java/lang/invoke/LambdaForm$DMH+0x00000000804ce800'
Event: 6.753 Thread 0x0000027b8b280e00 Unloading class 0x00000000804ce400 'java/lang/invoke/LambdaForm$DMH+0x00000000804ce400'
Event: 6.753 Thread 0x0000027b8b280e00 Unloading class 0x00000000804cdc00 'java/lang/invoke/LambdaForm$DMH+0x00000000804cdc00'
Event: 6.753 Thread 0x0000027b8b280e00 Unloading class 0x00000000804ce000 'java/lang/invoke/LambdaForm$DMH+0x00000000804ce000'
Event: 6.753 Thread 0x0000027b8b280e00 Unloading class 0x00000000804cd000 'java/lang/invoke/LambdaForm$MH+0x00000000804cd000'
Event: 6.753 Thread 0x0000027b8b280e00 Unloading class 0x00000000804cc400 'java/lang/invoke/LambdaForm$MH+0x00000000804cc400'
Event: 6.753 Thread 0x0000027b8b280e00 Unloading class 0x00000000804cc800 'java/lang/invoke/LambdaForm$MH+0x00000000804cc800'
Event: 6.753 Thread 0x0000027b8b280e00 Unloading class 0x00000000804ccc00 'java/lang/invoke/LambdaForm$MH+0x00000000804ccc00'
Event: 6.753 Thread 0x0000027b8b280e00 Unloading class 0x00000000804cc000 'java/lang/invoke/LambdaForm$MH+0x00000000804cc000'
Event: 6.753 Thread 0x0000027b8b280e00 Unloading class 0x00000000804cb800 'java/lang/invoke/LambdaForm$MH+0x00000000804cb800'
Event: 6.753 Thread 0x0000027b8b280e00 Unloading class 0x00000000804cbc00 'java/lang/invoke/LambdaForm$MH+0x00000000804cbc00'
Event: 6.753 Thread 0x0000027b8b280e00 Unloading class 0x00000000804cb400 'java/lang/invoke/LambdaForm$MH+0x00000000804cb400'
Event: 6.753 Thread 0x0000027b8b280e00 Unloading class 0x00000000804ca400 'java/lang/invoke/LambdaForm$MH+0x00000000804ca400'
Event: 6.753 Thread 0x0000027b8b280e00 Unloading class 0x00000000804cb000 'java/lang/invoke/LambdaForm$MH+0x00000000804cb000'
Event: 6.753 Thread 0x0000027b8b280e00 Unloading class 0x00000000804ca000 'java/lang/invoke/LambdaForm$MH+0x00000000804ca000'
Event: 6.753 Thread 0x0000027b8b280e00 Unloading class 0x00000000804c9c00 'java/lang/invoke/LambdaForm$MH+0x00000000804c9c00'
Event: 6.753 Thread 0x0000027b8b280e00 Unloading class 0x00000000804c9800 'java/lang/invoke/LambdaForm$MH+0x00000000804c9800'
Event: 6.753 Thread 0x0000027b8b280e00 Unloading class 0x00000000804c9000 'java/lang/invoke/LambdaForm$MH+0x00000000804c9000'
Event: 6.753 Thread 0x0000027b8b280e00 Unloading class 0x00000000804c8400 'java/lang/invoke/LambdaForm$MH+0x00000000804c8400'
Event: 6.753 Thread 0x0000027b8b280e00 Unloading class 0x00000000804c8800 'java/lang/invoke/LambdaForm$MH+0x00000000804c8800'
Event: 6.753 Thread 0x0000027b8b280e00 Unloading class 0x00000000804c8c00 'java/lang/invoke/LambdaForm$MH+0x00000000804c8c00'
Event: 6.753 Thread 0x0000027b8b280e00 Unloading class 0x00000000804c7c00 'java/lang/invoke/LambdaForm$MH+0x00000000804c7c00'
Event: 6.753 Thread 0x0000027b8b280e00 Unloading class 0x00000000804c7400 'java/lang/invoke/LambdaForm$MH+0x00000000804c7400'
Event: 6.753 Thread 0x0000027b8b280e00 Unloading class 0x00000000804c7800 'java/lang/invoke/LambdaForm$MH+0x00000000804c7800'
Event: 6.753 Thread 0x0000027b8b280e00 Unloading class 0x00000000804c8000 'java/lang/invoke/LambdaForm$MH+0x00000000804c8000'
Event: 6.753 Thread 0x0000027b8b280e00 Unloading class 0x00000000804c7000 'java/lang/invoke/LambdaForm$MH+0x00000000804c7000'
Event: 6.753 Thread 0x0000027b8b280e00 Unloading class 0x00000000804c6c00 'java/lang/invoke/LambdaForm$MH+0x00000000804c6c00'
Event: 6.753 Thread 0x0000027b8b280e00 Unloading class 0x00000000804c6800 'java/lang/invoke/LambdaForm$MH+0x00000000804c6800'
Event: 6.753 Thread 0x0000027b8b280e00 Unloading class 0x00000000804c6400 'java/lang/invoke/LambdaForm$MH+0x00000000804c6400'
Event: 6.753 Thread 0x0000027b8b280e00 Unloading class 0x00000000804c6000 'java/lang/invoke/LambdaForm$MH+0x00000000804c6000'
Event: 6.753 Thread 0x0000027b8b280e00 Unloading class 0x00000000804c5800 'java/lang/invoke/LambdaForm$MH+0x00000000804c5800'
Event: 6.753 Thread 0x0000027b8b280e00 Unloading class 0x00000000804c5400 'java/lang/invoke/LambdaForm$MH+0x00000000804c5400'
Event: 6.753 Thread 0x0000027b8b280e00 Unloading class 0x00000000804c5000 'java/lang/invoke/LambdaForm$MH+0x00000000804c5000'
Event: 6.753 Thread 0x0000027b8b280e00 Unloading class 0x00000000804c4400 'java/lang/invoke/LambdaForm$MH+0x00000000804c4400'
Event: 6.753 Thread 0x0000027b8b280e00 Unloading class 0x00000000804c4c00 'java/lang/invoke/LambdaForm$MH+0x00000000804c4c00'
Event: 6.753 Thread 0x0000027b8b280e00 Unloading class 0x00000000804c4800 'java/lang/invoke/LambdaForm$MH+0x00000000804c4800'
Event: 6.753 Thread 0x0000027b8b280e00 Unloading class 0x00000000804c4000 'java/lang/invoke/LambdaForm$MH+0x00000000804c4000'
Event: 6.753 Thread 0x0000027b8b280e00 Unloading class 0x00000000804c3c00 'java/lang/invoke/LambdaForm$MH+0x00000000804c3c00'
Event: 6.753 Thread 0x0000027b8b280e00 Unloading class 0x00000000804c3400 'java/lang/invoke/LambdaForm$MH+0x00000000804c3400'
Event: 6.753 Thread 0x0000027b8b280e00 Unloading class 0x00000000804c3800 'java/lang/invoke/LambdaForm$MH+0x00000000804c3800'
Event: 6.753 Thread 0x0000027b8b280e00 Unloading class 0x00000000804c3000 'java/lang/invoke/LambdaForm$MH+0x00000000804c3000'
Event: 6.753 Thread 0x0000027b8b280e00 Unloading class 0x00000000804c2c00 'java/lang/invoke/LambdaForm$MH+0x00000000804c2c00'
Event: 6.753 Thread 0x0000027b8b280e00 Unloading class 0x00000000804c2000 'java/lang/invoke/LambdaForm$MH+0x00000000804c2000'
Event: 6.753 Thread 0x0000027b8b280e00 Unloading class 0x00000000804c1c00 'java/lang/invoke/LambdaForm$MH+0x00000000804c1c00'
Event: 6.753 Thread 0x0000027b8b280e00 Unloading class 0x00000000804c1400 'java/lang/invoke/LambdaForm$MH+0x00000000804c1400'
Event: 6.753 Thread 0x0000027b8b280e00 Unloading class 0x00000000804c1800 'java/lang/invoke/LambdaForm$MH+0x00000000804c1800'
Event: 6.753 Thread 0x0000027b8b280e00 Unloading class 0x00000000804c2400 'java/lang/invoke/LambdaForm$MH+0x00000000804c2400'
Event: 6.753 Thread 0x0000027b8b280e00 Unloading class 0x00000000804c0c00 'java/lang/invoke/LambdaForm$MH+0x00000000804c0c00'
Event: 6.753 Thread 0x0000027b8b280e00 Unloading class 0x00000000804c0000 'java/lang/invoke/LambdaForm$MH+0x00000000804c0000'
Event: 6.753 Thread 0x0000027b8b280e00 Unloading class 0x00000000804c1000 'java/lang/invoke/LambdaForm$MH+0x00000000804c1000'
Event: 6.753 Thread 0x0000027b8b280e00 Unloading class 0x00000000804c0800 'java/lang/invoke/LambdaForm$MH+0x00000000804c0800'
Event: 6.753 Thread 0x0000027b8b280e00 Unloading class 0x00000000804c0400 'java/lang/invoke/LambdaForm$MH+0x00000000804c0400'
Event: 6.753 Thread 0x0000027b8b280e00 Unloading class 0x00000000804bfc00 'java/lang/invoke/LambdaForm$MH+0x00000000804bfc00'
Event: 6.753 Thread 0x0000027b8b280e00 Unloading class 0x00000000804bf400 'java/lang/invoke/LambdaForm$MH+0x00000000804bf400'
Event: 6.753 Thread 0x0000027b8b280e00 Unloading class 0x00000000804bf000 'java/lang/invoke/LambdaForm$MH+0x00000000804bf000'
Event: 6.753 Thread 0x0000027b8b280e00 Unloading class 0x00000000804bec00 'java/lang/invoke/LambdaForm$MH+0x00000000804bec00'
Event: 6.753 Thread 0x0000027b8b280e00 Unloading class 0x00000000804be400 'java/lang/invoke/LambdaForm$MH+0x00000000804be400'
Event: 6.753 Thread 0x0000027b8b280e00 Unloading class 0x00000000804be800 'java/lang/invoke/LambdaForm$MH+0x00000000804be800'
Event: 6.753 Thread 0x0000027b8b280e00 Unloading class 0x00000000804be000 'java/lang/invoke/LambdaForm$MH+0x00000000804be000'
Event: 6.753 Thread 0x0000027b8b280e00 Unloading class 0x00000000804bdc00 'java/lang/invoke/LambdaForm$MH+0x00000000804bdc00'
Event: 6.753 Thread 0x0000027b8b280e00 Unloading class 0x00000000804bd800 'java/lang/invoke/LambdaForm$MH+0x00000000804bd800'
Event: 6.753 Thread 0x0000027b8b280e00 Unloading class 0x00000000804bd400 'java/lang/invoke/LambdaForm$MH+0x00000000804bd400'
Event: 6.753 Thread 0x0000027b8b280e00 Unloading class 0x00000000804bd000 'java/lang/invoke/LambdaForm$MH+0x00000000804bd000'
Event: 6.753 Thread 0x0000027b8b280e00 Unloading class 0x00000000804bcc00 'java/lang/invoke/LambdaForm$MH+0x00000000804bcc00'
Event: 6.753 Thread 0x0000027b8b280e00 Unloading class 0x00000000804bc400 'java/lang/invoke/LambdaForm$MH+0x00000000804bc400'
Event: 6.753 Thread 0x0000027b8b280e00 Unloading class 0x00000000804bb800 'java/lang/invoke/LambdaForm$MH+0x00000000804bb800'
Event: 6.753 Thread 0x0000027b8b280e00 Unloading class 0x00000000804bbc00 'java/lang/invoke/LambdaForm$MH+0x00000000804bbc00'
Event: 6.753 Thread 0x0000027b8b280e00 Unloading class 0x00000000804bc800 'java/lang/invoke/LambdaForm$MH+0x00000000804bc800'
Event: 6.753 Thread 0x0000027b8b280e00 Unloading class 0x00000000804bb400 'java/lang/invoke/LambdaForm$MH+0x00000000804bb400'
Event: 6.753 Thread 0x0000027b8b280e00 Unloading class 0x00000000804bb000 'java/lang/invoke/LambdaForm$MH+0x00000000804bb000'
Event: 6.753 Thread 0x0000027b8b280e00 Unloading class 0x00000000804bac00 'java/lang/invoke/LambdaForm$MH+0x00000000804bac00'
Event: 6.753 Thread 0x0000027b8b280e00 Unloading class 0x00000000804ba800 'java/lang/invoke/LambdaForm$MH+0x00000000804ba800'
Event: 6.753 Thread 0x0000027b8b280e00 Unloading class 0x00000000804ba000 'java/lang/invoke/LambdaForm$MH+0x00000000804ba000'
Event: 6.753 Thread 0x0000027b8b280e00 Unloading class 0x00000000804ba400 'java/lang/invoke/LambdaForm$MH+0x00000000804ba400'
Event: 6.753 Thread 0x0000027b8b280e00 Unloading class 0x00000000804b9c00 'java/lang/invoke/LambdaForm$MH+0x00000000804b9c00'
Event: 6.753 Thread 0x0000027b8b280e00 Unloading class 0x00000000804b9800 'java/lang/invoke/LambdaForm$MH+0x00000000804b9800'
Event: 6.753 Thread 0x0000027b8b280e00 Unloading class 0x00000000804b9000 'java/lang/invoke/LambdaForm$MH+0x00000000804b9000'
Event: 6.753 Thread 0x0000027b8b280e00 Unloading class 0x00000000804b8c00 'java/lang/invoke/LambdaForm$MH+0x00000000804b8c00'
Event: 6.753 Thread 0x0000027b8b280e00 Unloading class 0x00000000804b8400 'java/lang/invoke/LambdaForm$MH+0x00000000804b8400'
Event: 6.753 Thread 0x0000027b8b280e00 Unloading class 0x00000000804b8800 'java/lang/invoke/LambdaForm$MH+0x00000000804b8800'
Event: 6.753 Thread 0x0000027b8b280e00 Unloading class 0x00000000804b8000 'java/lang/invoke/LambdaForm$MH+0x00000000804b8000'
Event: 6.753 Thread 0x0000027b8b280e00 Unloading class 0x00000000804b7c00 'java/lang/invoke/LambdaForm$MH+0x00000000804b7c00'
Event: 6.753 Thread 0x0000027b8b280e00 Unloading class 0x00000000804b7800 'java/lang/invoke/LambdaForm$MH+0x00000000804b7800'
Event: 6.753 Thread 0x0000027b8b280e00 Unloading class 0x00000000804b7400 'java/lang/invoke/LambdaForm$MH+0x00000000804b7400'
Event: 6.753 Thread 0x0000027b8b280e00 Unloading class 0x00000000804b7000 'java/lang/invoke/LambdaForm$MH+0x00000000804b7000'
Event: 6.753 Thread 0x0000027b8b280e00 Unloading class 0x00000000804b6c00 'java/lang/invoke/LambdaForm$MH+0x00000000804b6c00'
Event: 6.753 Thread 0x0000027b8b280e00 Unloading class 0x00000000804b6400 'java/lang/invoke/LambdaForm$MH+0x00000000804b6400'
Event: 6.753 Thread 0x0000027b8b280e00 Unloading class 0x00000000804b5c00 'java/lang/invoke/LambdaForm$MH+0x00000000804b5c00'
Event: 6.753 Thread 0x0000027b8b280e00 Unloading class 0x00000000804b6000 'java/lang/invoke/LambdaForm$MH+0x00000000804b6000'
Event: 6.753 Thread 0x0000027b8b280e00 Unloading class 0x00000000804b5400 'java/lang/invoke/LambdaForm$MH+0x00000000804b5400'
Event: 6.753 Thread 0x0000027b8b280e00 Unloading class 0x00000000804b5800 'java/lang/invoke/LambdaForm$MH+0x00000000804b5800'
Event: 6.753 Thread 0x0000027b8b280e00 Unloading class 0x00000000804b4800 'java/lang/invoke/LambdaForm$MH+0x00000000804b4800'
Event: 6.753 Thread 0x0000027b8b280e00 Unloading class 0x00000000804b5000 'java/lang/invoke/LambdaForm$MH+0x00000000804b5000'
Event: 6.753 Thread 0x0000027b8b280e00 Unloading class 0x00000000804b4c00 'java/lang/invoke/LambdaForm$MH+0x00000000804b4c00'
Event: 6.753 Thread 0x0000027b8b280e00 Unloading class 0x00000000804b4400 'java/lang/invoke/LambdaForm$MH+0x00000000804b4400'
Event: 6.753 Thread 0x0000027b8b280e00 Unloading class 0x00000000804b4000 'java/lang/invoke/LambdaForm$MH+0x00000000804b4000'
Event: 6.753 Thread 0x0000027b8b280e00 Unloading class 0x00000000804b3c00 'java/lang/invoke/LambdaForm$MH+0x00000000804b3c00'
Event: 6.753 Thread 0x0000027b8b280e00 Unloading class 0x00000000804b2400 'java/lang/invoke/LambdaForm$MH+0x00000000804b2400'
Event: 6.753 Thread 0x0000027b8b280e00 Unloading class 0x00000000804b3400 'java/lang/invoke/LambdaForm$MH+0x00000000804b3400'
Event: 6.753 Thread 0x0000027b8b280e00 Unloading class 0x00000000804b3000 'java/lang/invoke/LambdaForm$MH+0x00000000804b3000'
Event: 6.753 Thread 0x0000027b8b280e00 Unloading class 0x00000000804b2c00 'java/lang/invoke/LambdaForm$MH+0x00000000804b2c00'
Event: 6.753 Thread 0x0000027b8b280e00 Unloading class 0x00000000804b2800 'java/lang/invoke/LambdaForm$MH+0x00000000804b2800'
Event: 6.753 Thread 0x0000027b8b280e00 Unloading class 0x00000000804b2000 'java/lang/invoke/LambdaForm$MH+0x00000000804b2000'
Event: 6.753 Thread 0x0000027b8b280e00 Unloading class 0x00000000804b1c00 'java/lang/invoke/LambdaForm$MH+0x00000000804b1c00'
Event: 6.753 Thread 0x0000027b8b280e00 Unloading class 0x00000000804b1800 'java/lang/invoke/LambdaForm$MH+0x00000000804b1800'
Event: 6.753 Thread 0x0000027b8b280e00 Unloading class 0x00000000804b1400 'java/lang/invoke/LambdaForm$MH+0x00000000804b1400'
Event: 6.753 Thread 0x0000027b8b280e00 Unloading class 0x00000000804b1000 'java/lang/invoke/LambdaForm$MH+0x00000000804b1000'
Event: 6.753 Thread 0x0000027b8b280e00 Unloading class 0x00000000804b0c00 'java/lang/invoke/LambdaForm$MH+0x00000000804b0c00'
Event: 6.753 Thread 0x0000027b8b280e00 Unloading class 0x00000000804b0800 'java/lang/invoke/LambdaForm$MH+0x00000000804b0800'
Event: 6.753 Thread 0x0000027b8b280e00 Unloading class 0x00000000804b0400 'java/lang/invoke/LambdaForm$MH+0x00000000804b0400'
Event: 6.753 Thread 0x0000027b8b280e00 Unloading class 0x00000000804b0000 'java/lang/invoke/LambdaForm$MH+0x00000000804b0000'
Event: 6.753 Thread 0x0000027b8b280e00 Unloading class 0x00000000804afc00 'java/lang/invoke/LambdaForm$MH+0x00000000804afc00'
Event: 6.753 Thread 0x0000027b8b280e00 Unloading class 0x00000000804af400 'java/lang/invoke/LambdaForm$MH+0x00000000804af400'
Event: 6.753 Thread 0x0000027b8b280e00 Unloading class 0x00000000804af000 'java/lang/invoke/LambdaForm$MH+0x00000000804af000'
Event: 6.753 Thread 0x0000027b8b280e00 Unloading class 0x00000000804adc00 'java/lang/invoke/LambdaForm$MH+0x00000000804adc00'
Event: 6.753 Thread 0x0000027b8b280e00 Unloading class 0x00000000804ae400 'java/lang/invoke/LambdaForm$MH+0x00000000804ae400'
Event: 6.753 Thread 0x0000027b8b280e00 Unloading class 0x00000000804ae000 'java/lang/invoke/LambdaForm$MH+0x00000000804ae000'
Event: 6.753 Thread 0x0000027b8b280e00 Unloading class 0x00000000804ae800 'java/lang/invoke/LambdaForm$MH+0x00000000804ae800'
Event: 6.753 Thread 0x0000027b8b280e00 Unloading class 0x00000000804aec00 'java/lang/invoke/LambdaForm$MH+0x00000000804aec00'
Event: 6.753 Thread 0x0000027b8b280e00 Unloading class 0x00000000804ad800 'java/lang/invoke/LambdaForm$MH+0x00000000804ad800'
Event: 6.753 Thread 0x0000027b8b280e00 Unloading class 0x00000000804ad400 'java/lang/invoke/LambdaForm$MH+0x00000000804ad400'
Event: 6.753 Thread 0x0000027b8b280e00 Unloading class 0x00000000804acc00 'java/lang/invoke/LambdaForm$MH+0x00000000804acc00'
Event: 6.753 Thread 0x0000027b8b280e00 Unloading class 0x00000000804ac800 'java/lang/invoke/LambdaForm$MH+0x00000000804ac800'
Event: 6.753 Thread 0x0000027b8b280e00 Unloading class 0x00000000804ac400 'java/lang/invoke/LambdaForm$MH+0x00000000804ac400'
Event: 6.753 Thread 0x0000027b8b280e00 Unloading class 0x00000000804ab800 'java/lang/invoke/LambdaForm$MH+0x00000000804ab800'
Event: 6.753 Thread 0x0000027b8b280e00 Unloading class 0x00000000804ab400 'java/lang/invoke/LambdaForm$MH+0x00000000804ab400'
Event: 6.753 Thread 0x0000027b8b280e00 Unloading class 0x00000000804abc00 'java/lang/invoke/LambdaForm$MH+0x00000000804abc00'
Event: 6.753 Thread 0x0000027b8b280e00 Unloading class 0x00000000804ac000 'java/lang/invoke/LambdaForm$MH+0x00000000804ac000'
Event: 6.753 Thread 0x0000027b8b280e00 Unloading class 0x00000000804ab000 'java/lang/invoke/LambdaForm$MH+0x00000000804ab000'
Event: 6.753 Thread 0x0000027b8b280e00 Unloading class 0x00000000804aac00 'java/lang/invoke/LambdaForm$MH+0x00000000804aac00'
Event: 6.753 Thread 0x0000027b8b280e00 Unloading class 0x00000000804aa800 'java/lang/invoke/LambdaForm$MH+0x00000000804aa800'
Event: 6.753 Thread 0x0000027b8b280e00 Unloading class 0x00000000804aa400 'java/lang/invoke/LambdaForm$MH+0x00000000804aa400'
Event: 6.753 Thread 0x0000027b8b280e00 Unloading class 0x00000000804aa000 'java/lang/invoke/LambdaForm$MH+0x00000000804aa000'
Event: 6.753 Thread 0x0000027b8b280e00 Unloading class 0x00000000804a9800 'java/lang/invoke/LambdaForm$MH+0x00000000804a9800'
Event: 6.753 Thread 0x0000027b8b280e00 Unloading class 0x00000000804a9400 'java/lang/invoke/LambdaForm$MH+0x00000000804a9400'
Event: 6.753 Thread 0x0000027b8b280e00 Unloading class 0x00000000804a9000 'java/lang/invoke/LambdaForm$MH+0x00000000804a9000'
Event: 6.753 Thread 0x0000027b8b280e00 Unloading class 0x00000000804a8c00 'java/lang/invoke/LambdaForm$MH+0x00000000804a8c00'
Event: 6.753 Thread 0x0000027b8b280e00 Unloading class 0x00000000804a8400 'java/lang/invoke/LambdaForm$MH+0x00000000804a8400'
Event: 6.753 Thread 0x0000027b8b280e00 Unloading class 0x00000000804a8800 'java/lang/invoke/LambdaForm$MH+0x00000000804a8800'
Event: 6.753 Thread 0x0000027b8b280e00 Unloading class 0x00000000804a8000 'java/lang/invoke/LambdaForm$MH+0x00000000804a8000'
Event: 6.753 Thread 0x0000027b8b280e00 Unloading class 0x00000000804a7800 'java/lang/invoke/LambdaForm$MH+0x00000000804a7800'
Event: 6.753 Thread 0x0000027b8b280e00 Unloading class 0x00000000804a7c00 'java/lang/invoke/LambdaForm$MH+0x00000000804a7c00'
Event: 6.753 Thread 0x0000027b8b280e00 Unloading class 0x00000000804a7400 'java/lang/invoke/LambdaForm$MH+0x00000000804a7400'
Event: 6.753 Thread 0x0000027b8b280e00 Unloading class 0x00000000804a7000 'java/lang/invoke/LambdaForm$MH+0x00000000804a7000'
Event: 6.753 Thread 0x0000027b8b280e00 Unloading class 0x00000000804a6800 'java/lang/invoke/LambdaForm$MH+0x00000000804a6800'
Event: 6.753 Thread 0x0000027b8b280e00 Unloading class 0x00000000804a6c00 'java/lang/invoke/LambdaForm$MH+0x00000000804a6c00'
Event: 6.753 Thread 0x0000027b8b280e00 Unloading class 0x00000000804a6400 'java/lang/invoke/LambdaForm$MH+0x00000000804a6400'
Event: 6.753 Thread 0x0000027b8b280e00 Unloading class 0x00000000804a5c00 'java/lang/invoke/LambdaForm$MH+0x00000000804a5c00'
Event: 6.753 Thread 0x0000027b8b280e00 Unloading class 0x00000000804a5800 'java/lang/invoke/LambdaForm$MH+0x00000000804a5800'
Event: 6.753 Thread 0x0000027b8b280e00 Unloading class 0x00000000804a6000 'java/lang/invoke/LambdaForm$MH+0x00000000804a6000'
Event: 6.753 Thread 0x0000027b8b280e00 Unloading class 0x00000000804a5400 'java/lang/invoke/LambdaForm$MH+0x00000000804a5400'
Event: 6.753 Thread 0x0000027b8b280e00 Unloading class 0x00000000804a4c00 'java/lang/invoke/LambdaForm$MH+0x00000000804a4c00'
Event: 6.753 Thread 0x0000027b8b280e00 Unloading class 0x00000000804a4800 'java/lang/invoke/LambdaForm$MH+0x00000000804a4800'
Event: 6.753 Thread 0x0000027b8b280e00 Unloading class 0x00000000804a4000 'java/lang/invoke/LambdaForm$MH+0x00000000804a4000'
Event: 6.753 Thread 0x0000027b8b280e00 Unloading class 0x00000000804a4400 'java/lang/invoke/LambdaForm$MH+0x00000000804a4400'
Event: 34.902 Thread 0x0000027b8b280e00 Unloading class 0x00000000812cb800 'java/lang/invoke/LambdaForm$MH+0x00000000812cb800'
Event: 34.902 Thread 0x0000027b8b280e00 Unloading class 0x00000000812cb400 'java/lang/invoke/LambdaForm$MH+0x00000000812cb400'
Event: 34.902 Thread 0x0000027b8b280e00 Unloading class 0x00000000812cac00 'java/lang/invoke/LambdaForm$MH+0x00000000812cac00'
Event: 34.902 Thread 0x0000027b8b280e00 Unloading class 0x00000000812cb000 'java/lang/invoke/LambdaForm$MH+0x00000000812cb000'
Event: 34.902 Thread 0x0000027b8b280e00 Unloading class 0x00000000812ca800 'java/lang/invoke/LambdaForm$MH+0x00000000812ca800'
Event: 34.902 Thread 0x0000027b8b280e00 Unloading class 0x00000000812ca400 'java/lang/invoke/LambdaForm$MH+0x00000000812ca400'
Event: 34.902 Thread 0x0000027b8b280e00 Unloading class 0x00000000812c9c00 'java/lang/invoke/LambdaForm$MH+0x00000000812c9c00'
Event: 34.902 Thread 0x0000027b8b280e00 Unloading class 0x00000000812c9800 'java/lang/invoke/LambdaForm$MH+0x00000000812c9800'
Event: 34.902 Thread 0x0000027b8b280e00 Unloading class 0x00000000812c9400 'java/lang/invoke/LambdaForm$MH+0x00000000812c9400'
Event: 34.902 Thread 0x0000027b8b280e00 Unloading class 0x00000000812c9000 'java/lang/invoke/LambdaForm$MH+0x00000000812c9000'
Event: 34.902 Thread 0x0000027b8b280e00 Unloading class 0x00000000812c8c00 'java/lang/invoke/LambdaForm$MH+0x00000000812c8c00'
Event: 34.902 Thread 0x0000027b8b280e00 Unloading class 0x00000000812c8800 'java/lang/invoke/LambdaForm$MH+0x00000000812c8800'
Event: 37.883 Thread 0x0000027b8b280e00 Unloading class 0x0000000084680400 'java/lang/invoke/LambdaForm$DMH+0x0000000084680400'

Classes redefined (0 events):
No events

Internal exceptions (250 events):
Event: 48.111 Thread 0x0000027fa93477d0 Exception <a 'sun/nio/fs/WindowsException'{0x0000040251090330}> (0x0000040251090330) 
thrown [s\src\hotspot\share\prims\jni.cpp, line 520]
Event: 48.111 Thread 0x0000027fa93477d0 Exception <a 'sun/nio/fs/WindowsException'{0x00000402510943b0}> (0x00000402510943b0) 
thrown [s\src\hotspot\share\prims\jni.cpp, line 520]
Event: 48.111 Thread 0x0000027fa93477d0 Exception <a 'sun/nio/fs/WindowsException'{0x0000040251098118}> (0x0000040251098118) 
thrown [s\src\hotspot\share\prims\jni.cpp, line 520]
Event: 48.111 Thread 0x0000027fa93477d0 Exception <a 'sun/nio/fs/WindowsException'{0x000004025109c198}> (0x000004025109c198) 
thrown [s\src\hotspot\share\prims\jni.cpp, line 520]
Event: 48.111 Thread 0x0000027fa93477d0 Exception <a 'sun/nio/fs/WindowsException'{0x000004025109ff00}> (0x000004025109ff00) 
thrown [s\src\hotspot\share\prims\jni.cpp, line 520]
Event: 48.112 Thread 0x0000027fa93477d0 Exception <a 'sun/nio/fs/WindowsException'{0x0000040150f2dea8}> (0x0000040150f2dea8) 
thrown [s\src\hotspot\share\prims\jni.cpp, line 520]
Event: 48.113 Thread 0x0000027fa93477d0 Exception <a 'sun/nio/fs/WindowsException'{0x0000040150f32578}> (0x0000040150f32578) 
thrown [s\src\hotspot\share\prims\jni.cpp, line 520]
Event: 48.113 Thread 0x0000027fa93477d0 Exception <a 'sun/nio/fs/WindowsException'{0x0000040150f36e38}> (0x0000040150f36e38) 
thrown [s\src\hotspot\share\prims\jni.cpp, line 520]
Event: 48.113 Thread 0x0000027fa93477d0 Exception <a 'sun/nio/fs/WindowsException'{0x0000040150f3b4e8}> (0x0000040150f3b4e8) 
thrown [s\src\hotspot\share\prims\jni.cpp, line 520]
Event: 48.117 Thread 0x0000027fa93477d0 Exception <a 'sun/nio/fs/WindowsException'{0x000004006b49d8e0}> (0x000004006b49d8e0) 
thrown [s\src\hotspot\share\prims\jni.cpp, line 520]
Event: 48.117 Thread 0x0000027fa93477d0 Exception <a 'sun/nio/fs/WindowsException'{0x000004006b4a1600}> (0x000004006b4a1600) 
thrown [s\src\hotspot\share\prims\jni.cpp, line 520]
Event: 48.121 Thread 0x0000027fa93477d0 Exception <a 'sun/nio/fs/WindowsException'{0x00000403b98559e8}> (0x00000403b98559e8) 
thrown [s\src\hotspot\share\prims\jni.cpp, line 520]
Event: 48.121 Thread 0x0000027fa93477d0 Exception <a 'sun/nio/fs/WindowsException'{0x00000403b985a448}> (0x00000403b985a448) 
thrown [s\src\hotspot\share\prims\jni.cpp, line 520]
Event: 48.123 Thread 0x0000027fa93477d0 Exception <a 'sun/nio/fs/WindowsException'{0x000004039c29be40}> (0x000004039c29be40) 
thrown [s\src\hotspot\share\prims\jni.cpp, line 520]
Event: 48.127 Thread 0x0000027fa93477d0 Exception <a 'sun/nio/fs/WindowsException'{0x000004030cc0ffd8}> (0x000004030cc0ffd8) 
thrown [s\src\hotspot\share\prims\jni.cpp, line 520]
Event: 48.127 Thread 0x0000027fa93477d0 Exception <a 'sun/nio/fs/WindowsException'{0x000004030cc13cb0}> (0x000004030cc13cb0) 
thrown [s\src\hotspot\share\prims\jni.cpp, line 520]
Event: 48.137 Thread 0x0000027fa93477d0 Exception <a 'sun/nio/fs/WindowsException'{0x00000400d7b6f4c0}> (0x00000400d7b6f4c0) 
thrown [s\src\hotspot\share\prims\jni.cpp, line 520]
Event: 48.137 Thread 0x0000027fa93477d0 Exception <a 'sun/nio/fs/WindowsException'{0x00000400d7b73820}> (0x00000400d7b73820) 
thrown [s\src\hotspot\share\prims\jni.cpp, line 520]
Event: 48.137 Thread 0x0000027fa93477d0 Exception <a 'sun/nio/fs/WindowsException'{0x00000400d7b77cd0}> (0x00000400d7b77cd0) 
thrown [s\src\hotspot\share\prims\jni.cpp, line 520]
Event: 48.137 Thread 0x0000027fa93477d0 Exception <a 'sun/nio/fs/WindowsException'{0x00000400d7b7be90}> (0x00000400d7b7be90) 
thrown [s\src\hotspot\share\prims\jni.cpp, line 520]
Event: 48.137 Thread 0x0000027fa93477d0 Exception <a 'sun/nio/fs/WindowsException'{0x00000400d7b80698}> (0x00000400d7b80698) 
thrown [s\src\hotspot\share\prims\jni.cpp, line 520]
Event: 48.137 Thread 0x0000027fa93477d0 Exception <a 'sun/nio/fs/WindowsException'{0x00000400d7b84938}> (0x00000400d7b84938) 
thrown [s\src\hotspot\share\prims\jni.cpp, line 520]
Event: 48.141 Thread 0x0000027fa93477d0 Exception <a 'sun/nio/fs/WindowsException'{0x00000403dff5e2e8}> (0x00000403dff5e2e8) 
thrown [s\src\hotspot\share\prims\jni.cpp, line 520]
Event: 48.141 Thread 0x0000027fa93477d0 Exception <a 'sun/nio/fs/WindowsException'{0x00000403dff624c8}> (0x00000403dff624c8) 
thrown [s\src\hotspot\share\prims\jni.cpp, line 520]
Event: 48.143 Thread 0x0000027fa93477d0 Exception <a 'sun/nio/fs/WindowsException'{0x00000403c51f0928}> (0x00000403c51f0928) 
thrown [s\src\hotspot\share\prims\jni.cpp, line 520]
Event: 48.143 Thread 0x0000027fa93477d0 Exception <a 'sun/nio/fs/WindowsException'{0x00000403c51f4ae8}> (0x00000403c51f4ae8) 
thrown [s\src\hotspot\share\prims\jni.cpp, line 520]
Event: 48.163 Thread 0x0000027fa93477d0 Exception <a 'sun/nio/fs/WindowsException'{0x0000040395bdca30}> (0x0000040395bdca30) 
thrown [s\src\hotspot\share\prims\jni.cpp, line 520]
Event: 48.195 Thread 0x0000027fa93477d0 Exception <a 'sun/nio/fs/WindowsException'{0x00000403838e7a70}> (0x00000403838e7a70) 
thrown [s\src\hotspot\share\prims\jni.cpp, line 520]
Event: 48.195 Thread 0x0000027fa93477d0 Exception <a 'sun/nio/fs/WindowsException'{0x00000403838eb228}> (0x00000403838eb228) 
thrown [s\src\hotspot\share\prims\jni.cpp, line 520]
Event: 48.195 Thread 0x0000027fa93477d0 Exception <a 'sun/nio/fs/WindowsException'{0x00000403838eed78}> (0x00000403838eed78) 
thrown [s\src\hotspot\share\prims\jni.cpp, line 520]
Event: 48.195 Thread 0x0000027fa93477d0 Exception <a 'sun/nio/fs/WindowsException'{0x00000403838f25c0}> (0x00000403838f25c0) 
thrown [s\src\hotspot\share\prims\jni.cpp, line 520]
Event: 48.195 Thread 0x0000027fa93477d0 Exception <a 'sun/nio/fs/WindowsException'{0x00000403838f60e0}> (0x00000403838f60e0) 
thrown [s\src\hotspot\share\prims\jni.cpp, line 520]
Event: 48.195 Thread 0x0000027fa93477d0 Exception <a 'sun/nio/fs/WindowsException'{0x00000403838f9900}> (0x00000403838f9900) 
thrown [s\src\hotspot\share\prims\jni.cpp, line 520]
Event: 48.195 Thread 0x0000027fa93477d0 Exception <a 'sun/nio/fs/WindowsException'{0x00000403838fd460}> (0x00000403838fd460) 
thrown [s\src\hotspot\share\prims\jni.cpp, line 520]
Event: 48.195 Thread 0x0000027fa93477d0 Exception <a 'sun/nio/fs/WindowsException'{0x0000040383900f38}> (0x0000040383900f38) 
thrown [s\src\hotspot\share\prims\jni.cpp, line 520]
Event: 48.202 Thread 0x0000027fa93477d0 Exception <a 'sun/nio/fs/WindowsException'{0x00000402757ac4e0}> (0x00000402757ac4e0) 
thrown [s\src\hotspot\share\prims\jni.cpp, line 520]
Event: 48.202 Thread 0x0000027fa93477d0 Exception <a 'sun/nio/fs/WindowsException'{0x00000402757afce0}> (0x00000402757afce0) 
thrown [s\src\hotspot\share\prims\jni.cpp, line 520]
Event: 48.226 Thread 0x0000027fa93477d0 Exception <a 'sun/nio/fs/WindowsException'{0x000004019f25b5b0}> (0x000004019f25b5b0) 
thrown [s\src\hotspot\share\prims\jni.cpp, line 520]
Event: 48.226 Thread 0x0000027fa93477d0 Exception <a 'sun/nio/fs/WindowsException'{0x000004019f25f800}> (0x000004019f25f800) 
thrown [s\src\hotspot\share\prims\jni.cpp, line 520]
Event: 48.234 Thread 0x0000027fa93477d0 Exception <a 'sun/nio/fs/WindowsException'{0x00000403bf346380}> (0x00000403bf346380) 
thrown [s\src\hotspot\share\prims\jni.cpp, line 520]
Event: 48.234 Thread 0x0000027fa93477d0 Exception <a 'sun/nio/fs/WindowsException'{0x00000403bf34a7c0}> (0x00000403bf34a7c0) 
thrown [s\src\hotspot\share\prims\jni.cpp, line 520]
Event: 48.249 Thread 0x0000027fa93477d0 Exception <a 'sun/nio/fs/WindowsException'{0x0000040350d8db20}> (0x0000040350d8db20) 
thrown [s\src\hotspot\share\prims\jni.cpp, line 520]
Event: 48.250 Thread 0x0000027fa93477d0 Exception <a 'sun/nio/fs/WindowsException'{0x0000040350d91b48}> (0x0000040350d91b48) 
thrown [s\src\hotspot\share\prims\jni.cpp, line 520]
Event: 48.251 Thread 0x0000027fa93477d0 Exception <a 'sun/nio/fs/WindowsException'{0x000004035c6f13c8}> (0x000004035c6f13c8) 
thrown [s\src\hotspot\share\prims\jni.cpp, line 520]
Event: 48.251 Thread 0x0000027fa93477d0 Exception <a 'sun/nio/fs/WindowsException'{0x000004035c6f5588}> (0x000004035c6f5588) 
thrown [s\src\hotspot\share\prims\jni.cpp, line 520]
Event: 48.273 Thread 0x0000027fa93477d0 Exception <a 'sun/nio/fs/WindowsException'{0x00000403296d9418}> (0x00000403296d9418) 
thrown [s\src\hotspot\share\prims\jni.cpp, line 520]
Event: 48.273 Thread 0x0000027fa93477d0 Exception <a 'sun/nio/fs/WindowsException'{0x00000403296dcba0}> (0x00000403296dcba0) 
thrown [s\src\hotspot\share\prims\jni.cpp, line 520]
Event: 48.275 Thread 0x0000027fa93477d0 Exception <a 'sun/nio/fs/WindowsException'{0x000004039ef0d710}> (0x000004039ef0d710) 
thrown [s\src\hotspot\share\prims\jni.cpp, line 520]
Event: 48.275 Thread 0x0000027fa93477d0 Exception <a 'sun/nio/fs/WindowsException'{0x000004039ef11960}> (0x000004039ef11960) 
thrown [s\src\hotspot\share\prims\jni.cpp, line 520]
Event: 48.349 Thread 0x0000027fa93477d0 Exception <a 'sun/nio/fs/WindowsException'{0x00000402f6ba17a0}> (0x00000402f6ba17a0) 
thrown [s\src\hotspot\share\prims\jni.cpp, line 520]
Event: 48.349 Thread 0x0000027fa93477d0 Exception <a 'sun/nio/fs/WindowsException'{0x00000402f6ba5b20}> (0x00000402f6ba5b20) 
thrown [s\src\hotspot\share\prims\jni.cpp, line 520]
Event: 48.349 Thread 0x0000027fa93477d0 Exception <a 'sun/nio/fs/WindowsException'{0x00000402f6bf8848}> (0x00000402f6bf8848) 
thrown [s\src\hotspot\share\prims\jni.cpp, line 520]
Event: 48.349 Thread 0x0000027fa93477d0 Exception <a 'sun/nio/fs/WindowsException'{0x00000402f6bfccb8}> (0x00000402f6bfccb8) 
thrown [s\src\hotspot\share\prims\jni.cpp, line 520]
Event: 48.361 Thread 0x0000027fa93477d0 Exception <a 'sun/nio/fs/WindowsException'{0x00000403dc6f6ab0}> (0x00000403dc6f6ab0) 
thrown [s\src\hotspot\share\prims\jni.cpp, line 520]
Event: 48.361 Thread 0x0000027fa93477d0 Exception <a 'sun/nio/fs/WindowsException'{0x00000403dc6fafd0}> (0x00000403dc6fafd0) 
thrown [s\src\hotspot\share\prims\jni.cpp, line 520]
Event: 48.368 Thread 0x0000027fa93477d0 Exception <a 'sun/nio/fs/WindowsException'{0x000004036ffa7820}> (0x000004036ffa7820) 
thrown [s\src\hotspot\share\prims\jni.cpp, line 520]
Event: 48.368 Thread 0x0000027fa93477d0 Exception <a 'sun/nio/fs/WindowsException'{0x000004036ffaba20}> (0x000004036ffaba20) 
thrown [s\src\hotspot\share\prims\jni.cpp, line 520]
Event: 48.368 Thread 0x0000027fa93477d0 Exception <a 'sun/nio/fs/WindowsException'{0x000004036ffbba88}> (0x000004036ffbba88) 
thrown [s\src\hotspot\share\prims\jni.cpp, line 520]
Event: 48.369 Thread 0x0000027fa93477d0 Exception <a 'sun/nio/fs/WindowsException'{0x000004036ffc0170}> (0x000004036ffc0170) 
thrown [s\src\hotspot\share\prims\jni.cpp, line 520]
Event: 48.510 Thread 0x0000027fa93477d0 Exception <a 'sun/nio/fs/WindowsException'{0x00000402c0d8aca0}> (0x00000402c0d8aca0) 
thrown [s\src\hotspot\share\prims\jni.cpp, line 520]
Event: 48.510 Thread 0x0000027fa93477d0 Exception <a 'sun/nio/fs/WindowsException'{0x00000402c0d8ecf0}> (0x00000402c0d8ecf0) 
thrown [s\src\hotspot\share\prims\jni.cpp, line 520]
Event: 48.524 Thread 0x0000027fa93477d0 Exception <a 'sun/nio/fs/WindowsException'{0x00000403938dce50}> (0x00000403938dce50) 
thrown [s\src\hotspot\share\prims\jni.cpp, line 520]
Event: 48.524 Thread 0x0000027fa93477d0 Exception <a 'sun/nio/fs/WindowsException'{0x00000403938e0500}> (0x00000403938e0500) 
thrown [s\src\hotspot\share\prims\jni.cpp, line 520]
Event: 48.553 Thread 0x0000027fa93477d0 Exception <a 'sun/nio/fs/WindowsException'{0x000004036e1111d0}> (0x000004036e1111d0) 
thrown [s\src\hotspot\share\prims\jni.cpp, line 520]
Event: 48.553 Thread 0x0000027fa93477d0 Exception <a 'sun/nio/fs/WindowsException'{0x000004036e115500}> (0x000004036e115500) 
thrown [s\src\hotspot\share\prims\jni.cpp, line 520]
Event: 48.553 Thread 0x0000027fa93477d0 Exception <a 'sun/nio/fs/WindowsException'{0x000004036e11a480}> (0x000004036e11a480) 
thrown [s\src\hotspot\share\prims\jni.cpp, line 520]
Event: 48.553 Thread 0x0000027fa93477d0 Exception <a 'sun/nio/fs/WindowsException'{0x000004036e11e7b0}> (0x000004036e11e7b0) 
thrown [s\src\hotspot\share\prims\jni.cpp, line 520]
Event: 48.555 Thread 0x0000027fa93477d0 Exception <a 'sun/nio/fs/WindowsException'{0x000004031f3ccf48}> (0x000004031f3ccf48) 
thrown [s\src\hotspot\share\prims\jni.cpp, line 520]
Event: 48.555 Thread 0x0000027fa93477d0 Exception <a 'sun/nio/fs/WindowsException'{0x000004031f3d05f8}> (0x000004031f3d05f8) 
thrown [s\src\hotspot\share\prims\jni.cpp, line 520]
Event: 48.555 Thread 0x0000027fa93477d0 Exception <a 'sun/nio/fs/WindowsException'{0x000004031f3d3fa8}> (0x000004031f3d3fa8) 
thrown [s\src\hotspot\share\prims\jni.cpp, line 520]
Event: 48.555 Thread 0x0000027fa93477d0 Exception <a 'sun/nio/fs/WindowsException'{0x000004031f3d7658}> (0x000004031f3d7658) 
thrown [s\src\hotspot\share\prims\jni.cpp, line 520]
Event: 48.555 Thread 0x0000027fa93477d0 Exception <a 'sun/nio/fs/WindowsException'{0x000004031f3dafc0}> (0x000004031f3dafc0) 
thrown [s\src\hotspot\share\prims\jni.cpp, line 520]
Event: 48.555 Thread 0x0000027fa93477d0 Exception <a 'sun/nio/fs/WindowsException'{0x000004031f3de650}> (0x000004031f3de650) 
thrown [s\src\hotspot\share\prims\jni.cpp, line 520]
Event: 48.555 Thread 0x0000027fa93477d0 Exception <a 'sun/nio/fs/WindowsException'{0x000004031f3e1f18}> (0x000004031f3e1f18) 
thrown [s\src\hotspot\share\prims\jni.cpp, line 520]
Event: 48.555 Thread 0x0000027fa93477d0 Exception <a 'sun/nio/fs/WindowsException'{0x000004031f3e5530}> (0x000004031f3e5530) 
thrown [s\src\hotspot\share\prims\jni.cpp, line 520]
Event: 48.564 Thread 0x0000027fa93477d0 Exception <a 'sun/nio/fs/WindowsException'{0x00000402e09cdb70}> (0x00000402e09cdb70) 
thrown [s\src\hotspot\share\prims\jni.cpp, line 520]
Event: 48.564 Thread 0x0000027fa93477d0 Exception <a 'sun/nio/fs/WindowsException'{0x00000402e09d11b8}> (0x00000402e09d11b8) 
thrown [s\src\hotspot\share\prims\jni.cpp, line 520]
Event: 48.597 Thread 0x0000027fa93477d0 Exception <a 'sun/nio/fs/WindowsException'{0x00000402d5559d50}> (0x00000402d5559d50) 
thrown [s\src\hotspot\share\prims\jni.cpp, line 520]
Event: 48.597 Thread 0x0000027fa93477d0 Exception <a 'sun/nio/fs/WindowsException'{0x00000402d555d398}> (0x00000402d555d398) 
thrown [s\src\hotspot\share\prims\jni.cpp, line 520]
Event: 48.602 Thread 0x0000027fa93477d0 Exception <a 'sun/nio/fs/WindowsException'{0x00000403bd88e588}> (0x00000403bd88e588) 
thrown [s\src\hotspot\share\prims\jni.cpp, line 520]
Event: 48.602 Thread 0x0000027fa93477d0 Exception <a 'sun/nio/fs/WindowsException'{0x00000403bd892668}> (0x00000403bd892668) 
thrown [s\src\hotspot\share\prims\jni.cpp, line 520]
Event: 48.623 Thread 0x0000027fa93477d0 Exception <a 'sun/nio/fs/WindowsException'{0x000004029bc66ca8}> (0x000004029bc66ca8) 
thrown [s\src\hotspot\share\prims\jni.cpp, line 520]
Event: 48.623 Thread 0x0000027fa93477d0 Exception <a 'sun/nio/fs/WindowsException'{0x000004029bc6af48}> (0x000004029bc6af48) 
thrown [s\src\hotspot\share\prims\jni.cpp, line 520]
Event: 48.679 Thread 0x0000027fa93477d0 Exception <a 'sun/nio/fs/WindowsException'{0x0000040351af2278}> (0x0000040351af2278) 
thrown [s\src\hotspot\share\prims\jni.cpp, line 520]
Event: 48.679 Thread 0x0000027fa93477d0 Exception <a 'sun/nio/fs/WindowsException'{0x0000040351af59e0}> (0x0000040351af59e0) 
thrown [s\src\hotspot\share\prims\jni.cpp, line 520]
Event: 48.722 Thread 0x0000027fa93477d0 Exception <a 'sun/nio/fs/WindowsException'{0x0000040375d84290}> (0x0000040375d84290) 
thrown [s\src\hotspot\share\prims\jni.cpp, line 520]
Event: 48.722 Thread 0x0000027fa93477d0 Exception <a 'sun/nio/fs/WindowsException'{0x0000040375d88370}> (0x0000040375d88370) 
thrown [s\src\hotspot\share\prims\jni.cpp, line 520]
Event: 48.861 Thread 0x0000027fa93477d0 Exception <a 'sun/nio/fs/WindowsException'{0x0000040399505000}> (0x0000040399505000) 
thrown [s\src\hotspot\share\prims\jni.cpp, line 520]
Event: 48.861 Thread 0x0000027fa93477d0 Exception <a 'sun/nio/fs/WindowsException'{0x0000040399508700}> (0x0000040399508700) 
thrown [s\src\hotspot\share\prims\jni.cpp, line 520]
Event: 48.938 Thread 0x0000027fa93477d0 Exception <a 'sun/nio/fs/WindowsException'{0x00000402dec0fa38}> (0x00000402dec0fa38) 
thrown [s\src\hotspot\share\prims\jni.cpp, line 520]
Event: 48.938 Thread 0x0000027fa93477d0 Exception <a 'sun/nio/fs/WindowsException'{0x00000402dec13180}> (0x00000402dec13180) 
thrown [s\src\hotspot\share\prims\jni.cpp, line 520]
Event: 48.946 Thread 0x0000027fa93477d0 Exception <a 'sun/nio/fs/WindowsException'{0x00000402c2fd2ee8}> (0x00000402c2fd2ee8) 
thrown [s\src\hotspot\share\prims\jni.cpp, line 520]
Event: 48.946 Thread 0x0000027fa93477d0 Exception <a 'sun/nio/fs/WindowsException'{0x00000402c2fd6500}> (0x00000402c2fd6500) 
thrown [s\src\hotspot\share\prims\jni.cpp, line 520]
Event: 49.027 Thread 0x0000027fa93477d0 Exception <a 'sun/nio/fs/WindowsException'{0x000004005de33890}> (0x000004005de33890) 
thrown [s\src\hotspot\share\prims\jni.cpp, line 520]
Event: 49.027 Thread 0x0000027fa93477d0 Exception <a 'sun/nio/fs/WindowsException'{0x000004005de378c0}> (0x000004005de378c0) 
thrown [s\src\hotspot\share\prims\jni.cpp, line 520]
Event: 49.036 Thread 0x0000027fa93477d0 Exception <a 'sun/nio/fs/WindowsException'{0x000004001d047ff0}> (0x000004001d047ff0) 
thrown [s\src\hotspot\share\prims\jni.cpp, line 520]
Event: 49.036 Thread 0x0000027fa93477d0 Exception <a 'sun/nio/fs/WindowsException'{0x000004001d04c220}> (0x000004001d04c220) 
thrown [s\src\hotspot\share\prims\jni.cpp, line 520]
Event: 49.036 Thread 0x0000027fa93477d0 Exception <a 'sun/nio/fs/WindowsException'{0x000004001d0506e8}> (0x000004001d0506e8) 
thrown [s\src\hotspot\share\prims\jni.cpp, line 520]
Event: 49.036 Thread 0x0000027fa93477d0 Exception <a 'sun/nio/fs/WindowsException'{0x000004001d054890}> (0x000004001d054890) 
thrown [s\src\hotspot\share\prims\jni.cpp, line 520]
Event: 49.046 Thread 0x0000027fa93477d0 Exception <a 'sun/nio/fs/WindowsException'{0x00000403e6de1da0}> (0x00000403e6de1da0) 
thrown [s\src\hotspot\share\prims\jni.cpp, line 520]
Event: 49.046 Thread 0x0000027fa93477d0 Exception <a 'sun/nio/fs/WindowsException'{0x00000403e6de5e80}> (0x00000403e6de5e80) 
thrown [s\src\hotspot\share\prims\jni.cpp, line 520]
Event: 49.095 Thread 0x0000027fa93477d0 Exception <a 'sun/nio/fs/WindowsException'{0x00000403a5f4f698}> (0x00000403a5f4f698) 
thrown [s\src\hotspot\share\prims\jni.cpp, line 520]
Event: 49.096 Thread 0x0000027fa93477d0 Exception <a 'sun/nio/fs/WindowsException'{0x00000403a5f52d48}> (0x00000403a5f52d48) 
thrown [s\src\hotspot\share\prims\jni.cpp, line 520]
Event: 49.168 Thread 0x0000027fa93477d0 Exception <a 'sun/nio/fs/WindowsException'{0x00000403615b3798}> (0x00000403615b3798) 
thrown [s\src\hotspot\share\prims\jni.cpp, line 520]
Event: 49.168 Thread 0x0000027fa93477d0 Exception <a 'sun/nio/fs/WindowsException'{0x00000403615b7bc8}> (0x00000403615b7bc8) 
thrown [s\src\hotspot\share\prims\jni.cpp, line 520]
Event: 49.289 Thread 0x0000027fa93477d0 Exception <a 'sun/nio/fs/WindowsException'{0x00000402ef8f43c0}> (0x00000402ef8f43c0) 
thrown [s\src\hotspot\share\prims\jni.cpp, line 520]
Event: 49.289 Thread 0x0000027fa93477d0 Exception <a 'sun/nio/fs/WindowsException'{0x00000402ef8f8058}> (0x00000402ef8f8058) 
thrown [s\src\hotspot\share\prims\jni.cpp, line 520]
Event: 49.292 Thread 0x0000027fa93477d0 Exception <a 'sun/nio/fs/WindowsException'{0x00000402edc8aab8}> (0x00000402edc8aab8) 
thrown [s\src\hotspot\share\prims\jni.cpp, line 520]
Event: 49.292 Thread 0x0000027fa93477d0 Exception <a 'sun/nio/fs/WindowsException'{0x00000402edc8eb98}> (0x00000402edc8eb98) 
thrown [s\src\hotspot\share\prims\jni.cpp, line 520]
Event: 49.330 Thread 0x0000027fa93477d0 Exception <a 'sun/nio/fs/WindowsException'{0x00000402c5d943b0}> (0x00000402c5d943b0) 
thrown [s\src\hotspot\share\prims\jni.cpp, line 520]
Event: 49.330 Thread 0x0000027fa93477d0 Exception <a 'sun/nio/fs/WindowsException'{0x00000402c5d97a88}> (0x00000402c5d97a88) 
thrown [s\src\hotspot\share\prims\jni.cpp, line 520]
Event: 49.385 Thread 0x0000027fa93477d0 Exception <a 'sun/nio/fs/WindowsException'{0x000004027e076bf8}> (0x000004027e076bf8) 
thrown [s\src\hotspot\share\prims\jni.cpp, line 520]
Event: 49.385 Thread 0x0000027fa93477d0 Exception <a 'sun/nio/fs/WindowsException'{0x000004027e07b008}> (0x000004027e07b008) 
thrown [s\src\hotspot\share\prims\jni.cpp, line 520]
Event: 49.438 Thread 0x0000027fa93477d0 Exception <a 'sun/nio/fs/WindowsException'{0x00000401dd114858}> (0x00000401dd114858) 
thrown [s\src\hotspot\share\prims\jni.cpp, line 520]
Event: 49.438 Thread 0x0000027fa93477d0 Exception <a 'sun/nio/fs/WindowsException'{0x00000401dd118cc8}> (0x00000401dd118cc8) 
thrown [s\src\hotspot\share\prims\jni.cpp, line 520]
Event: 49.578 Thread 0x0000027fa93477d0 Exception <a 'sun/nio/fs/WindowsException'{0x00000403b359d088}> (0x00000403b359d088) 
thrown [s\src\hotspot\share\prims\jni.cpp, line 520]
Event: 49.579 Thread 0x0000027fa93477d0 Exception <a 'sun/nio/fs/WindowsException'{0x00000403b35a10d8}> (0x00000403b35a10d8) 
thrown [s\src\hotspot\share\prims\jni.cpp, line 520]
Event: 49.606 Thread 0x0000027fa93477d0 Exception <a 'sun/nio/fs/WindowsException'{0x00000403894429c0}> (0x00000403894429c0) 
thrown [s\src\hotspot\share\prims\jni.cpp, line 520]
Event: 49.606 Thread 0x0000027fa93477d0 Exception <a 'sun/nio/fs/WindowsException'{0x0000040389446f58}> (0x0000040389446f58) 
thrown [s\src\hotspot\share\prims\jni.cpp, line 520]
Event: 49.606 Thread 0x0000027fa93477d0 Exception <a 'sun/nio/fs/WindowsException'{0x000004038944b4f8}> (0x000004038944b4f8) 
thrown [s\src\hotspot\share\prims\jni.cpp, line 520]
Event: 49.606 Thread 0x0000027fa93477d0 Exception <a 'sun/nio/fs/WindowsException'{0x000004038944f748}> (0x000004038944f748) 
thrown [s\src\hotspot\share\prims\jni.cpp, line 520]
Event: 49.606 Thread 0x0000027fa93477d0 Exception <a 'sun/nio/fs/WindowsException'{0x0000040389453e50}> (0x0000040389453e50) 
thrown [s\src\hotspot\share\prims\jni.cpp, line 520]
Event: 49.606 Thread 0x0000027fa93477d0 Exception <a 'sun/nio/fs/WindowsException'{0x0000040389458260}> (0x0000040389458260) 
thrown [s\src\hotspot\share\prims\jni.cpp, line 520]
Event: 49.606 Thread 0x0000027fa93477d0 Exception <a 'sun/nio/fs/WindowsException'{0x000004038945c7c8}> (0x000004038945c7c8) 
thrown [s\src\hotspot\share\prims\jni.cpp, line 520]
Event: 49.606 Thread 0x0000027fa93477d0 Exception <a 'sun/nio/fs/WindowsException'{0x0000040389460a38}> (0x0000040389460a38) 
thrown [s\src\hotspot\share\prims\jni.cpp, line 520]
Event: 49.658 Thread 0x0000027fa93477d0 Exception <a 'sun/nio/fs/WindowsException'{0x00000403381006d0}> (0x00000403381006d0) 
thrown [s\src\hotspot\share\prims\jni.cpp, line 520]
Event: 49.658 Thread 0x0000027fa93477d0 Exception <a 'sun/nio/fs/WindowsException'{0x0000040338104700}> (0x0000040338104700) 
thrown [s\src\hotspot\share\prims\jni.cpp, line 520]
Event: 49.680 Thread 0x0000027fa93477d0 Exception <a 'sun/nio/fs/WindowsException'{0x0000040314edb1d0}> (0x0000040314edb1d0) 
thrown [s\src\hotspot\share\prims\jni.cpp, line 520]
Event: 49.680 Thread 0x0000027fa93477d0 Exception <a 'sun/nio/fs/WindowsException'{0x0000040314edf2b0}> (0x0000040314edf2b0) 
thrown [s\src\hotspot\share\prims\jni.cpp, line 520]
Event: 49.716 Thread 0x0000027fa93477d0 Exception <a 'sun/nio/fs/WindowsException'{0x00000402cd2fe9b8}> (0x00000402cd2fe9b8) 
thrown [s\src\hotspot\share\prims\jni.cpp, line 520]
Event: 49.716 Thread 0x0000027fa93477d0 Exception <a 'sun/nio/fs/WindowsException'{0x00000402cd302ec8}> (0x00000402cd302ec8) 
thrown [s\src\hotspot\share\prims\jni.cpp, line 520]
Event: 49.737 Thread 0x0000027fa93477d0 Exception <a 'sun/nio/fs/WindowsException'{0x00000402aae0a9f0}> (0x00000402aae0a9f0) 
thrown [s\src\hotspot\share\prims\jni.cpp, line 520]
Event: 49.737 Thread 0x0000027fa93477d0 Exception <a 'sun/nio/fs/WindowsException'{0x00000402aae0ea80}> (0x00000402aae0ea80) 
thrown [s\src\hotspot\share\prims\jni.cpp, line 520]
Event: 49.826 Thread 0x0000027fa93477d0 Exception <a 'sun/nio/fs/WindowsException'{0x0000040040142590}> (0x0000040040142590) 
thrown [s\src\hotspot\share\prims\jni.cpp, line 520]
Event: 49.826 Thread 0x0000027fa93477d0 Exception <a 'sun/nio/fs/WindowsException'{0x0000040040146890}> (0x0000040040146890) 
thrown [s\src\hotspot\share\prims\jni.cpp, line 520]
Event: 49.826 Thread 0x0000027fa93477d0 Exception <a 'sun/nio/fs/WindowsException'{0x000004004014c2b8}> (0x000004004014c2b8) 
thrown [s\src\hotspot\share\prims\jni.cpp, line 520]
Event: 49.826 Thread 0x0000027fa93477d0 Exception <a 'sun/nio/fs/WindowsException'{0x00000400401505b8}> (0x00000400401505b8) 
thrown [s\src\hotspot\share\prims\jni.cpp, line 520]
Event: 49.826 Thread 0x0000027fa93477d0 Exception <a 'sun/nio/fs/WindowsException'{0x000004004015b2e0}> (0x000004004015b2e0) 
thrown [s\src\hotspot\share\prims\jni.cpp, line 520]
Event: 49.826 Thread 0x0000027fa93477d0 Exception <a 'sun/nio/fs/WindowsException'{0x000004004015f5e0}> (0x000004004015f5e0) 
thrown [s\src\hotspot\share\prims\jni.cpp, line 520]
Event: 49.826 Thread 0x0000027fa93477d0 Exception <a 'sun/nio/fs/WindowsException'{0x0000040040165008}> (0x0000040040165008) 
thrown [s\src\hotspot\share\prims\jni.cpp, line 520]
Event: 49.826 Thread 0x0000027fa93477d0 Exception <a 'sun/nio/fs/WindowsException'{0x0000040040169308}> (0x0000040040169308) 
thrown [s\src\hotspot\share\prims\jni.cpp, line 520]
Event: 49.826 Thread 0x0000027fa93477d0 Exception <a 'sun/nio/fs/WindowsException'{0x00000400401706b0}> (0x00000400401706b0) 
thrown [s\src\hotspot\share\prims\jni.cpp, line 520]
Event: 49.826 Thread 0x0000027fa93477d0 Exception <a 'sun/nio/fs/WindowsException'{0x00000400401749b0}> (0x00000400401749b0) 
thrown [s\src\hotspot\share\prims\jni.cpp, line 520]
Event: 49.826 Thread 0x0000027fa93477d0 Exception <a 'sun/nio/fs/WindowsException'{0x000004004017c460}> (0x000004004017c460) 
thrown [s\src\hotspot\share\prims\jni.cpp, line 520]
Event: 49.826 Thread 0x0000027fa93477d0 Exception <a 'sun/nio/fs/WindowsException'{0x0000040040180a30}> (0x0000040040180a30) 
thrown [s\src\hotspot\share\prims\jni.cpp, line 520]
Event: 49.826 Thread 0x0000027fa93477d0 Exception <a 'sun/nio/fs/WindowsException'{0x0000040040187dd8}> (0x0000040040187dd8) 
thrown [s\src\hotspot\share\prims\jni.cpp, line 520]
Event: 49.826 Thread 0x0000027fa93477d0 Exception <a 'sun/nio/fs/WindowsException'{0x000004004018c0d8}> (0x000004004018c0d8) 
thrown [s\src\hotspot\share\prims\jni.cpp, line 520]
Event: 49.826 Thread 0x0000027fa93477d0 Exception <a 'sun/nio/fs/WindowsException'{0x0000040040191b00}> (0x0000040040191b00) 
thrown [s\src\hotspot\share\prims\jni.cpp, line 520]
Event: 49.826 Thread 0x0000027fa93477d0 Exception <a 'sun/nio/fs/WindowsException'{0x0000040040195e00}> (0x0000040040195e00) 
thrown [s\src\hotspot\share\prims\jni.cpp, line 520]
Event: 49.826 Thread 0x0000027fa93477d0 Exception <a 'sun/nio/fs/WindowsException'{0x000004004019ea98}> (0x000004004019ea98) 
thrown [s\src\hotspot\share\prims\jni.cpp, line 520]
Event: 49.826 Thread 0x0000027fa93477d0 Exception <a 'sun/nio/fs/WindowsException'{0x00000400401a2d98}> (0x00000400401a2d98) 
thrown [s\src\hotspot\share\prims\jni.cpp, line 520]
Event: 49.830 Thread 0x0000027fa93477d0 Exception <a 'sun/nio/fs/WindowsException'{0x000004002320ce48}> (0x000004002320ce48) 
thrown [s\src\hotspot\share\prims\jni.cpp, line 520]
Event: 49.831 Thread 0x0000027fa93477d0 Exception <a 'sun/nio/fs/WindowsException'{0x0000040023210e98}> (0x0000040023210e98) 
thrown [s\src\hotspot\share\prims\jni.cpp, line 520]
Event: 49.892 Thread 0x0000027fa93477d0 Exception <a 'sun/nio/fs/WindowsException'{0x000004010cf64980}> (0x000004010cf64980) 
thrown [s\src\hotspot\share\prims\jni.cpp, line 520]
Event: 49.892 Thread 0x0000027fa93477d0 Exception <a 'sun/nio/fs/WindowsException'{0x000004010cf68a60}> (0x000004010cf68a60) 
thrown [s\src\hotspot\share\prims\jni.cpp, line 520]
Event: 50.172 Thread 0x0000027fa93477d0 Exception <a 'sun/nio/fs/WindowsException'{0x00000403ac415850}> (0x00000403ac415850) 
thrown [s\src\hotspot\share\prims\jni.cpp, line 520]
Event: 50.172 Thread 0x0000027fa93477d0 Exception <a 'sun/nio/fs/WindowsException'{0x00000403ac419a40}> (0x00000403ac419a40) 
thrown [s\src\hotspot\share\prims\jni.cpp, line 520]
Event: 50.172 Thread 0x0000027fa93477d0 Exception <a 'sun/nio/fs/WindowsException'{0x00000403ac42aad8}> (0x00000403ac42aad8) 
thrown [s\src\hotspot\share\prims\jni.cpp, line 520]
Event: 50.172 Thread 0x0000027fa93477d0 Exception <a 'sun/nio/fs/WindowsException'{0x00000403ac42ebb8}> (0x00000403ac42ebb8) 
thrown [s\src\hotspot\share\prims\jni.cpp, line 520]
Event: 51.370 Thread 0x0000027b8ba4f3a0 Exception <a 'java/lang/NoSuchMethodError'{0x0000040347e9b7f8}: 'java.lang.Object java.lang.invoke.DirectMethodHandle$Holder.invokeSpecialIFC(java.lang.Object, java.lang.Object, java.lang.Object, java.lang.Object, java.lang.Object, java.lang.Object, java.lang.Object, java.lang.Object, java.lang.Object, java.lang.Object, java.lang.Object, java.lang.Object, java.lang.Object)'> (0x0000040347e9b7f8) 
thrown [s\src\hotspot\share\interpreter\linkResolver.cpp, line 773]
Event: 51.539 Thread 0x000002800cfc91a0 Exception <a 'java/lang/NoSuchMethodError'{0x000004033a4d67d8}: 'void java.lang.invoke.DirectMethodHandle$Holder.invokeSpecial(java.lang.Object, java.lang.Object, int, java.lang.Object, java.lang.Object)'> (0x000004033a4d67d8) 
thrown [s\src\hotspot\share\interpreter\linkResolver.cpp, line 773]
Event: 51.540 Thread 0x0000028013a8e6c0 Exception <a 'java/lang/NoSuchMethodError'{0x0000040339a66a18}: 'java.lang.Object java.lang.invoke.DirectMethodHandle$Holder.newInvokeSpecial(java.lang.Object, java.lang.Object, int, java.lang.Object, int)'> (0x0000040339a66a18) 
thrown [s\src\hotspot\share\interpreter\linkResolver.cpp, line 773]
Event: 51.548 Thread 0x0000028013a8e6c0 Exception <a 'java/lang/NoSuchMethodError'{0x0000040339b7e620}: 'java.lang.Object java.lang.invoke.DirectMethodHandle$Holder.invokeSpecialIFC(java.lang.Object, java.lang.Object, java.lang.Object, java.lang.Object, java.lang.Object, java.lang.Object, java.lang.Object, java.lang.Object, java.lang.Object, java.lang.Object, java.lang.Object, java.lang.Object, java.lang.Object, java.lang.Object, java.lang.Object, java.lang.Object, java.lang.Object, java.lang.Object)'> (0x0000040339b7e620) 
thrown [s\src\hotspot
Event: 51.549 Thread 0x0000028013a8e6c0 Exception <a 'java/lang/NoSuchMethodError'{0x0000040339b8f4e8}: 'java.lang.Object java.lang.invoke.DirectMethodHandle$Holder.invokeSpecialIFC(java.lang.Object, java.lang.Object, java.lang.Object, java.lang.Object, java.lang.Object, java.lang.Object, java.lang.Object, java.lang.Object, java.lang.Object, java.lang.Object, java.lang.Object, java.lang.Object, java.lang.Object, java.lang.Object, java.lang.Object)'> (0x0000040339b8f4e8) 
thrown [s\src\hotspot\share\interpreter\linkResolver.cpp, line 773]
Event: 51.553 Thread 0x0000028013a8e6c0 Exception <a 'java/lang/IncompatibleClassChangeError'{0x00000403370758f8}: Found class java.lang.Object, but interface was expected> (0x00000403370758f8) 
thrown [s\src\hotspot\share\interpreter\linkResolver.cpp, line 840]
Event: 51.579 Thread 0x0000028013a8e6c0 Exception <a 'java/lang/IllegalArgumentException'{0x0000040332ec0e90}: Wrong type at constant pool index> (0x0000040332ec0e90) 
thrown [s\src\hotspot\share\prims\jvm.cpp, line 2168]
Event: 51.579 Thread 0x0000028013a8e6c0 Exception <a 'java/lang/IllegalArgumentException'{0x0000040332ec1c98}: Wrong type at constant pool index> (0x0000040332ec1c98) 
thrown [s\src\hotspot\share\prims\jvm.cpp, line 2168]
Event: 51.582 Thread 0x0000028013a8e6c0 Exception <a 'java/lang/IllegalArgumentException'{0x0000040332f487b0}: Wrong type at constant pool index> (0x0000040332f487b0) 
thrown [s\src\hotspot\share\prims\jvm.cpp, line 2168]
Event: 51.582 Thread 0x0000028013a8e6c0 Exception <a 'java/lang/IllegalArgumentException'{0x0000040332f495b8}: Wrong type at constant pool index> (0x0000040332f495b8) 
thrown [s\src\hotspot\share\prims\jvm.cpp, line 2168]
Event: 51.583 Thread 0x0000028013a8e6c0 Exception <a 'java/lang/NoSuchMethodError'{0x0000040332f91f40}: 'java.lang.Object java.lang.invoke.DirectMethodHandle$Holder.invokeVirtual(java.lang.Object, java.lang.Object, java.lang.Object, java.lang.Object, java.lang.Object)'> (0x0000040332f91f40) 
thrown [s\src\hotspot\share\interpreter\linkResolver.cpp, line 773]
Event: 51.598 Thread 0x0000028013a8e6c0 Exception <a 'java/lang/IllegalArgumentException'{0x000004033178f6c0}: Wrong type at constant pool index> (0x000004033178f6c0) 
thrown [s\src\hotspot\share\prims\jvm.cpp, line 2168]
Event: 51.598 Thread 0x0000028013a8e6c0 Exception <a 'java/lang/IllegalArgumentException'{0x00000403317904c8}: Wrong type at constant pool index> (0x00000403317904c8) 
thrown [s\src\hotspot\share\prims\jvm.cpp, line 2168]
Event: 51.682 Thread 0x0000027b8ba4f3a0 Exception <a 'java/lang/IncompatibleClassChangeError'{0x000004032e197480}: Found class java.lang.Object, but interface was expected> (0x000004032e197480) 
thrown [s\src\hotspot\share\interpreter\linkResolver.cpp, line 840]
Event: 52.103 Thread 0x0000027b8ba4f3a0 Exception <a 'java/lang/NoSuchMethodError'{0x00000403275c6900}: 'int java.lang.invoke.DirectMethodHandle$Holder.invokeStaticInit(java.lang.Object, java.lang.Object, long, int, int, int, long, int, int, int, int)'> (0x00000403275c6900) 
thrown [s\src\hotspot\share\interpreter\linkResolver.cpp, line 773]
Event: 52.282 Thread 0x0000027b8ba4f3a0 Exception <a 'java/lang/NoSuchMethodError'{0x000004031d0868f0}: 'java.lang.Object java.lang.invoke.DirectMethodHandle$Holder.newInvokeSpecial(java.lang.Object, java.lang.Object, long, java.lang.Object, java.lang.Object)'> (0x000004031d0868f0) 
thrown [s\src\hotspot\share\interpreter\linkResolver.cpp, line 773]
Event: 52.327 Thread 0x0000027b8ba4f3a0 Exception <a 'java/lang/NoSuchMethodError'{0x000004031c1b9138}: 'java.lang.Object java.lang.invoke.DirectMethodHandle$Holder.newInvokeSpecial(java.lang.Object, java.lang.Object, java.lang.Object, java.lang.Object, double)'> (0x000004031c1b9138) 
thrown [s\src\hotspot\share\interpreter\linkResolver.cpp, line 773]
Event: 52.382 Thread 0x0000027b8ba4f3a0 Exception <a 'java/lang/NoSuchMethodError'{0x0000040316b8a3d8}: 'java.lang.Object java.lang.invoke.DirectMethodHandle$Holder.newInvokeSpecial(java.lang.Object, java.lang.Object, java.lang.Object, java.lang.Object, java.lang.Object, java.lang.Object, java.lang.Object, java.lang.Object, long)'> (0x0000040316b8a3d8) 
thrown [s\src\hotspot\share\interpreter\linkResolver.cpp, line 773]
Event: 52.497 Thread 0x0000027b8ba4f3a0 Exception <a 'java/lang/NoSuchMethodError'{0x000004031176caa0}: 'java.lang.Object java.lang.invoke.DirectMethodHandle$Holder.newInvokeSpecial(java.lang.Object, java.lang.Object, java.lang.Object, java.lang.Object, java.lang.Object, java.lang.Object, int, int, int)'> (0x000004031176caa0) 
thrown [s\src\hotspot\share\interpreter\linkResolver.cpp, line 773]
Event: 54.612 Thread 0x0000027b8ba4f3a0 Exception <a 'java/lang/NoSuchMethodError'{0x000004012e3ebd58}: 'boolean dan200.computercraft.client.render.monitor.MonitorTextureBufferShader.iris$skipDraw()'> (0x000004012e3ebd58) 
thrown [s\src\hotspot\share\interpreter\linkResolver.cpp, line 773]
Event: 54.628 Thread 0x0000027b8ba4f3a0 Exception <a 'java/lang/NoSuchMethodError'{0x000004012bef3438}: 'boolean com.corosus.watut.ShaderInstanceBlur.iris$skipDraw()'> (0x000004012bef3438) 
thrown [s\src\hotspot\share\interpreter\linkResolver.cpp, line 773]
Event: 54.708 Thread 0x0000027b8ba4f3a0 Implicit null exception at 0x0000027b97228301 to 0x0000027b97229103
Event: 54.708 Thread 0x0000027b8ba4f3a0 Implicit null exception at 0x0000027b97228301 to 0x0000027b97229103
Event: 54.708 Thread 0x0000027b8ba4f3a0 Implicit null exception at 0x0000027b97228301 to 0x0000027b97229103
Event: 54.708 Thread 0x0000027b8ba4f3a0 Implicit null exception at 0x0000027b97228301 to 0x0000027b97229103
Event: 54.771 Thread 0x0000027b8ba4f3a0 Exception <a 'java/lang/NoSuchMethodError'{0x00000400f0778700}: 'java.lang.Object java.lang.invoke.DirectMethodHandle$Holder.invokeSpecial(java.lang.Object, java.lang.Object, java.lang.Object, int, int, int, java.lang.Object)'> (0x00000400f0778700) 
thrown [s\src\hotspot\share\interpreter\linkResolver.cpp, line 773]
Event: 54.772 Thread 0x0000027b8ba4f3a0 Exception <a 'java/lang/NoSuchMethodError'{0x00000400f0781a80}: 'java.lang.Object java.lang.invoke.Invokers$Holder.linkToTargetMethod(java.lang.Object, java.lang.Object, int, int, int, java.lang.Object)'> (0x00000400f0781a80) 
thrown [s\src\hotspot\share\interpreter\linkResolver.cpp, line 773]
Event: 56.118 Thread 0x0000027b8ba4f3a0 Exception <a 'java/lang/IncompatibleClassChangeError'{0x00000402a2055968}: Found class java.lang.Object, but interface was expected> (0x00000402a2055968) 
thrown [s\src\hotspot\share\interpreter\linkResolver.cpp, line 840]
Event: 56.119 Thread 0x0000027b8ba4f3a0 Exception <a 'java/lang/NoSuchMethodError'{0x00000402a20cc308}: 'void java.lang.invoke.DirectMethodHandle$Holder.invokeSpecialIFC(java.lang.Object, java.lang.Object, java.lang.Object)'> (0x00000402a20cc308) 
thrown [s\src\hotspot\share\interpreter\linkResolver.cpp, line 773]
Event: 56.137 Thread 0x0000027b8ba4f3a0 Exception <a 'java/lang/NoSuchMethodError'{0x000004029ad037c8}: 'float java.lang.invoke.DirectMethodHandle$Holder.invokeStaticInit(java.lang.Object)'> (0x000004029ad037c8) 
thrown [s\src\hotspot\share\interpreter\linkResolver.cpp, line 773]
Event: 56.922 Thread 0x0000027b8ba4f3a0 Exception <a 'java/lang/NoSuchMethodError'{0x0000040288090c80}: 'int java.lang.invoke.DirectMethodHandle$Holder.invokeStatic(java.lang.Object, java.lang.Object, java.lang.Object, int, java.lang.Object, int)'> (0x0000040288090c80) 
thrown [s\src\hotspot\share\interpreter\linkResolver.cpp, line 773]
Event: 56.971 Thread 0x0000027b8ba4f3a0 Exception <a 'java/lang/NoSuchMethodError'{0x000004030ca5baf8}: 'java.lang.Object java.lang.invoke.Invokers$Holder.linkToTargetMethod(java.lang.Object, int, int, int, int, java.lang.Object)'> (0x000004030ca5baf8) 
thrown [s\src\hotspot\share\interpreter\linkResolver.cpp, line 773]
Event: 57.047 Thread 0x0000027b8ba4f3a0 Exception <a 'java/lang/NoSuchMethodError'{0x000004038173c140}: 'void java.lang.invoke.DirectMethodHandle$Holder.invokeStatic(java.lang.Object, java.lang.Object, int, java.lang.Object, java.lang.Object, java.lang.Object)'> (0x000004038173c140) 
thrown [s\src\hotspot\share\interpreter\linkResolver.cpp, line 773]
Event: 57.069 Thread 0x0000027b8ba4f3a0 Exception <a 'java/lang/NoSuchMethodError'{0x000004000e19a400}: 'void java.lang.invoke.DirectMethodHandle$Holder.invokeStatic(java.lang.Object, java.lang.Object, int, int, java.lang.Object)'> (0x000004000e19a400) 
thrown [s\src\hotspot\share\interpreter\linkResolver.cpp, line 773]
Event: 57.159 Thread 0x0000027b8ba4f3a0 Exception <a 'java/lang/NoSuchMethodError'{0x000004029c530fd0}: 'java.lang.Object java.lang.invoke.DirectMethodHandle$Holder.newInvokeSpecial(java.lang.Object, java.lang.Object, int, int, float)'> (0x000004029c530fd0) 
thrown [s\src\hotspot\share\interpreter\linkResolver.cpp, line 773]
Event: 57.159 Thread 0x0000027b8ba4f3a0 Exception <a 'java/lang/NoSuchMethodError'{0x000004029c535c90}: 'java.lang.Object java.lang.invoke.DirectMethodHandle$Holder.invokeSpecial(java.lang.Object, java.lang.Object, java.lang.Object, int, int, float)'> (0x000004029c535c90) 
thrown [s\src\hotspot\share\interpreter\linkResolver.cpp, line 773]
Event: 58.175 Thread 0x0000027b8ba4f3a0 Exception <a 'java/lang/NoSuchMethodError'{0x0000040279bc3a38}: 'void java.lang.invoke.DirectMethodHandle$Holder.invokeStatic(java.lang.Object, java.lang.Object, float, java.lang.Object)'> (0x0000040279bc3a38) 
thrown [s\src\hotspot\share\interpreter\linkResolver.cpp, line 773]
Event: 58.343 Thread 0x0000027b8ba4f3a0 Exception <a 'java/lang/NoSuchMethodError'{0x00000403a5226928}: 'java.lang.Object java.lang.invoke.DirectMethodHandle$Holder.newInvokeSpecial(java.lang.Object, java.lang.Object, float, java.lang.Object, int, int, float)'> (0x00000403a5226928) 
thrown [s\src\hotspot\share\interpreter\linkResolver.cpp, line 773]
Event: 58.406 Thread 0x0000027b8ba4f3a0 Exception <a 'java/lang/NoSuchMethodError'{0x0000040240b31aa8}: 'java.lang.reflect.Constructor[] java.lang.Class.getConstructors(java.lang.Class)'> (0x0000040240b31aa8) 
thrown [s\src\hotspot\share\interpreter\linkResolver.cpp, line 773]
Event: 745.534 Thread 0x0000027b8ba4f3a0 Exception <a 'java/lang/NoSuchMethodError'{0x000004006acb8c00}: 'java.lang.Object java.lang.invoke.DirectMethodHandle$Holder.newInvokeSpecial(java.lang.Object, java.lang.Object, long, int, int, int)'> (0x000004006acb8c00) 
thrown [s\src\hotspot\share\interpreter\linkResolver.cpp, line 773]
Event: 745.545 Thread 0x0000027b8ba4f3a0 Exception <a 'java/lang/NoSuchMethodError'{0x000004006ad11128}: 'java.lang.Object java.lang.invoke.DirectMethodHandle$Holder.invokeStaticInit(java.lang.Object, long, java.lang.Object)'> (0x000004006ad11128) 
thrown [s\src\hotspot\share\interpreter\linkResolver.cpp, line 773]
Event: 745.567 Thread 0x0000027b8ba4f3a0 Exception <a 'java/lang/NoSuchMethodError'{0x000004006ad66c50}: 'java.lang.Object java.lang.invoke.DirectMethodHandle$Holder.invokeSpecial(java.lang.Object, java.lang.Object, java.lang.Object, double, double)'> (0x000004006ad66c50) 
thrown [s\src\hotspot\share\interpreter\linkResolver.cpp, line 773]
Event: 745.567 Thread 0x0000027b8ba4f3a0 Exception <a 'java/lang/NoSuchMethodError'{0x000004006ad6b018}: 'java.lang.Object java.lang.invoke.Invokers$Holder.linkToTargetMethod(java.lang.Object, double, double, java.lang.Object)'> (0x000004006ad6b018) 
thrown [s\src\hotspot\share\interpreter\linkResolver.cpp, line 773]
Event: 745.569 Thread 0x0000027b8ba4f3a0 Exception <a 'java/lang/NoSuchMethodError'{0x000004006ad9b1a0}: 'java.lang.Object java.lang.invoke.DirectMethodHandle$Holder.invokeSpecial(java.lang.Object, java.lang.Object, double, double)'> (0x000004006ad9b1a0) 
thrown [s\src\hotspot\share\interpreter\linkResolver.cpp, line 773]
Event: 745.569 Thread 0x0000027b8ba4f3a0 Exception <a 'java/lang/NoSuchMethodError'{0x000004006ad9f1c0}: 'java.lang.Object java.lang.invoke.Invokers$Holder.linkToTargetMethod(double, double, java.lang.Object)'> (0x000004006ad9f1c0) 
thrown [s\src\hotspot\share\interpreter\linkResolver.cpp, line 773]
Event: 745.570 Thread 0x0000027b8ba4f3a0 Exception <a 'java/lang/NoSuchMethodError'{0x000004006ada3960}: 'void java.lang.invoke.DirectMethodHandle$Holder.invokeSpecial(java.lang.Object, java.lang.Object, java.lang.Object, double, double, double, double)'> (0x000004006ada3960) 
thrown [s\src\hotspot\share\interpreter\linkResolver.cpp, line 773]
Event: 745.570 Thread 0x0000027b8ba4f3a0 Exception <a 'java/lang/NoSuchMethodError'{0x000004006adabcd8}: 'java.lang.Object java.lang.invoke.DirectMethodHandle$Holder.newInvokeSpecial(java.lang.Object, java.lang.Object, java.lang.Object, double, double, double, double)'> (0x000004006adabcd8) 
thrown [s\src\hotspot\share\interpreter\linkResolver.cpp, line 773]
Event: 745.573 Thread 0x0000027b8ba4f3a0 Exception <a 'java/lang/NoSuchMethodError'{0x0000040069a3b2e0}: 'java.lang.Object java.lang.invoke.DirectMethodHandle$Holder.newInvokeSpecial(java.lang.Object, java.lang.Object, java.lang.Object, double, double, int)'> (0x0000040069a3b2e0) 
thrown [s\src\hotspot\share\interpreter\linkResolver.cpp, line 773]
Event: 748.074 Thread 0x0000027b8ba4f3a0 Implicit null exception at 0x0000027b97b9bb03 to 0x0000027b97b9c8ec
Event: 748.120 Thread 0x0000027b8ba4f3a0 Implicit null exception at 0x0000027b987c44cf to 0x0000027b987c46b0
Event: 792.969 Thread 0x0000028012b08c60 Implicit null exception at 0x0000027b97ac18d3 to 0x0000027b97ac20fc
Event: 793.110 Thread 0x0000027b8ba4f3a0 Implicit null exception at 0x0000027b989f7a78 to 0x0000027b989f7b88
Event: 794.093 Thread 0x0000027b8ba4f3a0 Implicit null exception at 0x0000027b97d3a97c to 0x0000027b97d3abc0
Event: 794.093 Thread 0x0000027b8ba4f3a0 Implicit null exception at 0x0000027b981a43ff to 0x0000027b981a4628
Event: 794.093 Thread 0x0000027b8ba4f3a0 Implicit null exception at 0x0000027b979f71ff to 0x0000027b979f7430
Event: 797.577 Thread 0x0000027b8ba4f3a0 Exception <a 'java/lang/NoSuchMethodError'{0x0000040278173328}: 'void java.lang.invoke.DirectMethodHandle$Holder.invokeSpecialIFC(java.lang.Object, java.lang.Object, java.lang.Object, java.lang.Object, java.lang.Object, java.lang.Object)'> (0x0000040278173328) 
thrown [s\src\hotspot\share\interpreter\linkResolver.cpp, line 773]
Event: 797.578 Thread 0x0000027b8ba4f3a0 Exception <a 'java/lang/NoSuchMethodError'{0x0000040278198890}: 'void java.lang.invoke.DirectMethodHandle$Holder.invokeStatic(java.lang.Object, java.lang.Object, java.lang.Object, int, java.lang.Object, java.lang.Object, java.lang.Object)'> (0x0000040278198890) 
thrown [s\src\hotspot\share\interpreter\linkResolver.cpp, line 773]
Event: 797.591 Thread 0x0000027b8ba4f3a0 Exception <a 'java/lang/NoSuchMethodError'{0x0000040277b79370}: 'java.lang.Object java.lang.invoke.Invokers$Holder.linkToTargetMethod(java.lang.Object, java.lang.Object, java.lang.Object, java.lang.Object, java.lang.Object, java.lang.Object, int, int, int, java.lang.Object, java.lang.Object)'> (0x0000040277b79370) 
thrown [s\src\hotspot\share\interpreter\linkResolver.cpp, line 773]
Event: 797.743 Thread 0x0000027b8ba4f3a0 Exception <a 'java/lang/NoSuchMethodError'{0x000004026e595338}: 'java.lang.Object java.lang.invoke.DirectMethodHandle$Holder.invokeSpecial(java.lang.Object, java.lang.Object, java.lang.Object, java.lang.Object, double)'> (0x000004026e595338) 
thrown [s\src\hotspot\share\interpreter\linkResolver.cpp, line 773]
Event: 797.743 Thread 0x0000027b8ba4f3a0 Exception <a 'java/lang/NoSuchMethodError'{0x000004026e599af0}: 'java.lang.Object java.lang.invoke.Invokers$Holder.linkToTargetMethod(java.lang.Object, java.lang.Object, double, java.lang.Object)'> (0x000004026e599af0) 
thrown [s\src\hotspot\share\interpreter\linkResolver.cpp, line 773]
Event: 797.806 Thread 0x0000027b8ba4f3a0 Implicit null exception at 0x0000027b97ad7324 to 0x0000027b97ad7dcc
Event: 797.812 Thread 0x0000027b8ba4f3a0 Exception <a 'java/lang/NoSuchMethodError'{0x0000040266b9b0d0}: 'void java.lang.invoke.DirectMethodHandle$Holder.invokeSpecial(java.lang.Object, java.lang.Object, int, int, java.lang.Object)'> (0x0000040266b9b0d0) 
thrown [s\src\hotspot\share\interpreter\linkResolver.cpp, line 773]
Event: 797.813 Thread 0x0000027b8ba4f3a0 Exception <a 'java/lang/NoSuchMethodError'{0x0000040266ba3690}: 'java.lang.Object java.lang.invoke.DirectMethodHandle$Holder.invokeSpecial(java.lang.Object, java.lang.Object, java.lang.Object, int, int, java.lang.Object)'> (0x0000040266ba3690) 
thrown [s\src\hotspot\share\interpreter\linkResolver.cpp, line 773]
Event: 797.813 Thread 0x0000027b8ba4f3a0 Exception <a 'java/lang/NoSuchMethodError'{0x0000040266ba7b80}: 'java.lang.Object java.lang.invoke.Invokers$Holder.linkToTargetMethod(java.lang.Object, int, int, java.lang.Object, java.lang.Object)'> (0x0000040266ba7b80) 
thrown [s\src\hotspot\share\interpreter\linkResolver.cpp, line 773]
Event: 800.243 Thread 0x0000027b8ba4f3a0 Exception <a 'java/lang/NoSuchMethodError'{0x00000402365302d0}: 'void java.lang.invoke.DirectMethodHandle$Holder.invokeStatic(java.lang.Object, float, java.lang.Object)'> (0x00000402365302d0) 
thrown [s\src\hotspot\share\interpreter\linkResolver.cpp, line 773]
Event: 800.244 Thread 0x0000027b8ba4f3a0 Exception <a 'java/lang/NoSuchMethodError'{0x0000040236540a58}: 'java.lang.Object java.lang.invoke.DirectMethodHandle$Holder.invokeSpecial(java.lang.Object, java.lang.Object, double, double, double, double)'> (0x0000040236540a58) 
thrown [s\src\hotspot\share\interpreter\linkResolver.cpp, line 773]
Event: 822.809 Thread 0x0000027b8ba4f3a0 Implicit null exception at 0x0000027b97709040 to 0x0000027b97709504
Event: 822.816 Thread 0x0000027b8ba4f3a0 Exception <a 'java/lang/IncompatibleClassChangeError'{0x0000040051343db8}: Found class java.lang.Object, but interface was expected> (0x0000040051343db8) 
thrown [s\src\hotspot\share\interpreter\linkResolver.cpp, line 840]
Event: 822.817 Thread 0x0000027b8ba4f3a0 Exception <a 'java/lang/NoSuchMethodError'{0x0000040051383068}: 'java.lang.Object java.lang.invoke.DirectMethodHandle$Holder.invokeSpecial(java.lang.Object, java.lang.Object, java.lang.Object, int, java.lang.Object, int)'> (0x0000040051383068) 
thrown [s\src\hotspot\share\interpreter\linkResolver.cpp, line 773]
Event: 822.817 Thread 0x0000027b8ba4f3a0 Exception <a 'java/lang/NoSuchMethodError'{0x00000400513878a0}: 'java.lang.Object java.lang.invoke.Invokers$Holder.linkToTargetMethod(java.lang.Object, int, java.lang.Object, int, java.lang.Object)'> (0x00000400513878a0) 
thrown [s\src\hotspot\share\interpreter\linkResolver.cpp, line 773]
Event: 822.818 Thread 0x0000027b8ba4f3a0 Implicit null exception at 0x0000027b980e2a09 to 0x0000027b980e72a8
Event: 822.818 Thread 0x0000027b8ba4f3a0 Implicit null exception at 0x0000027b9891341b to 0x0000027b98913571
Event: 822.824 Thread 0x0000027b8ba4f3a0 Implicit null exception at 0x0000027b98aaa18d to 0x0000027b98aaf5fc
Event: 822.825 Thread 0x0000027b8ba4f3a0 Implicit null exception at 0x0000027b98072229 to 0x0000027b98072408
Event: 822.825 Thread 0x0000027b8ba4f3a0 Implicit null exception at 0x0000027b977d8525 to 0x0000027b977d86f8
Event: 824.580 Thread 0x0000027b8ba4f3a0 Implicit null exception at 0x0000027b98a43c57 to 0x0000027b98a441fa
Event: 828.414 Thread 0x000002800cfcbf90 Exception <a 'sun/nio/fs/WindowsException'{0x0000040002cc2df8}> (0x0000040002cc2df8) 
thrown [s\src\hotspot\share\prims\jni.cpp, line 520]
Event: 835.224 Thread 0x000002800cfc91a0 Exception <a 'sun/nio/fs/WindowsException'{0x00000402b44c06f8}> (0x00000402b44c06f8) 
thrown [s\src\hotspot\share\prims\jni.cpp, line 520]
Event: 850.218 Thread 0x0000027b8ba4f3a0 Implicit null exception at 0x0000027b97efc83f to 0x0000027b97efd3b8
Event: 850.287 Thread 0x000002800cfcb270 Implicit null exception at 0x0000027b977dbc86 to 0x0000027b977dbfe4
Event: 854.441 Thread 0x0000027b8ba4f3a0 Exception <a 'java/lang/NoSuchMethodError'{0x0000040301910a60}: 'java.lang.Object java.lang.invoke.DelegatingMethodHandle$Holder.reinvoke_L(java.lang.Object, java.lang.Object, int, java.lang.Object, java.lang.Object)'> (0x0000040301910a60) 
thrown [s\src\hotspot\share\interpreter\linkResolver.cpp, line 773]
Event: 854.442 Thread 0x0000027b8ba4f3a0 Implicit null exception at 0x0000027b984b85eb to 0x0000027b984b8ac0
Event: 854.444 Thread 0x0000027b8ba4f3a0 Exception <a 'java/lang/NoSuchMethodError'{0x000004030196cec8}: 'java.lang.Object java.lang.invoke.Invokers$Holder.invoker(java.lang.Object, java.lang.Object, java.lang.Object, java.lang.Object, java.lang.Object, java.lang.Object, java.lang.Object, java.lang.Object, java.lang.Object, java.lang.Object, java.lang.Object, java.lang.Object, java.lang.Object, java.lang.Object)'> (0x000004030196cec8) 
thrown [s\src\hotspot\share\interpreter\linkResolver.cpp, line 773]
Event: 854.444 Thread 0x0000027b8ba4f3a0 Exception <a 'java/lang/NoSuchMethodError'{0x0000040301973830}: 'java.lang.Object java.lang.invoke.DirectMethodHandle$Holder.invokeSpecial(java.lang.Object, java.lang.Object, java.lang.Object, java.lang.Object, java.lang.Object, java.lang.Object, java.lang.Object, java.lang.Object, java.lang.Object, java.lang.Object, java.lang.Object, java.lang.Object, java.lang.Object, java.lang.Object, java.lang.Object)'> (0x0000040301973830) 
thrown [s\src\hotspot\share\interpreter\linkResolver.cpp, line 773]
Event: 854.444 Thread 0x0000027b8ba4f3a0 Exception <a 'java/lang/NoSuchMethodError'{0x0000040301978db8}: 'java.lang.Object java.lang.invoke.DelegatingMethodHandle$Holder.delegate(java.lang.Object, java.lang.Object, java.lang.Object, java.lang.Object, java.lang.Object, java.lang.Object, java.lang.Object, java.lang.Object, java.lang.Object, java.lang.Object, java.lang.Object, java.lang.Object, java.lang.Object, java.lang.Object)'> (0x0000040301978db8) 
thrown [s\src\hotspot\share\interpreter\linkResolver.cpp, line 773]
Event: 854.448 Thread 0x0000027b8ba4f3a0 Exception <a 'java/lang/NoSuchMethodError'{0x0000040301664e00}: 'int java.lang.invoke.DirectMethodHandle$Holder.invokeVirtual(java.lang.Object, java.lang.Object, int)'> (0x0000040301664e00) 
thrown [s\src\hotspot\share\interpreter\linkResolver.cpp, line 773]
Event: 854.660 Thread 0x000002800cfc9830 Exception <a 'java/lang/NoSuchMethodError'{0x0000040300dc5820}: 'void java.lang.invoke.DirectMethodHandle$Holder.invokeSpecial(java.lang.Object, java.lang.Object, java.lang.Object, int, int, int)'> (0x0000040300dc5820) 
thrown [s\src\hotspot\share\interpreter\linkResolver.cpp, line 773]
Event: 859.419 Thread 0x0000027b8ba4f3a0 Exception <a 'java/lang/NoSuchMethodError'{0x00000402b06980a8}: 'java.lang.Object java.lang.invoke.DirectMethodHandle$Holder.newInvokeSpecial(java.lang.Object, java.lang.Object, java.lang.Object, long, int)'> (0x00000402b06980a8) 
thrown [s\src\hotspot\share\interpreter\linkResolver.cpp, line 773]
Event: 859.419 Thread 0x0000027b8ba4f3a0 Exception <a 'java/lang/NoSuchMethodError'{0x00000402b069d618}: 'java.lang.Object java.lang.invoke.DirectMethodHandle$Holder.invokeSpecial(java.lang.Object, java.lang.Object, java.lang.Object, java.lang.Object, long, int)'> (0x00000402b069d618) 
thrown [s\src\hotspot\share\interpreter\linkResolver.cpp, line 773]
Event: 859.419 Thread 0x0000027b8ba4f3a0 Exception <a 'java/lang/NoSuchMethodError'{0x00000402b06a2050}: 'java.lang.Object java.lang.invoke.Invokers$Holder.linkToTargetMethod(java.lang.Object, java.lang.Object, long, int, java.lang.Object)'> (0x00000402b06a2050) 
thrown [s\src\hotspot\share\interpreter\linkResolver.cpp, line 773]
Event: 859.422 Thread 0x000002800cfcd9d0 Exception <a 'sun/nio/fs/WindowsException'{0x00000403c9bc06f8}> (0x00000403c9bc06f8) 
thrown [s\src\hotspot\share\prims\jni.cpp, line 520]

ZGC Phase Switch (138 events):
Event: 0.492 Young Mark Start         2
Event: 0.492 Old Mark Start           2
Event: 0.500 Young Mark End           2
Event: 0.505 Young Relocate Start     2
Event: 0.508 Old Mark End             2
Event: 0.530 Old Relocate Start       2
Event: 1.957 Young Mark Start         3
Event: 1.957 Old Mark Start           3
Event: 2.016 Young Mark End           3
Event: 2.019 Young Relocate Start     3
Event: 2.048 Old Mark End             3
Event: 2.075 Old Relocate Start       3
Event: 3.361 Young Mark Start         4
Event: 3.361 Old Mark Start           4
Event: 3.481 Young Mark End           4
Event: 3.494 Young Relocate Start     4
Event: 3.544 Old Mark End             4
Event: 3.581 Old Relocate Start       4
Event: 3.703 Young Mark Start         5
Event: 3.703 Old Mark Start           5
Event: 3.838 Young Mark End           5
Event: 3.858 Young Relocate Start     5
Event: 3.907 Old Mark End             5
Event: 3.930 Old Relocate Start       5
Event: 6.513 Young Mark Start         6
Event: 6.513 Old Mark Start           6
Event: 6.596 Young Mark End           6
Event: 6.604 Young Relocate Start     6
Event: 6.752 Old Mark End             6
Event: 6.784 Old Relocate Start       6
Event: 9.915 Young Mark Start         7
Event: 9.915 Old Mark Start           7
Event: 10.408 Young Mark End           7
Event: 10.412 Young Relocate Start     7
Event: 10.638 Old Mark End             7
Event: 10.700 Old Relocate Start       7
Event: 13.483 Young Mark Start         8
Event: 13.483 Old Mark Start           8
Event: 14.241 Young Mark End           8
Event: 14.315 Young Relocate Start     8
Event: 14.763 Old Mark End             8
Event: 14.897 Old Relocate Start       8
Event: 16.077 Young Mark Start         9
Event: 16.636 Young Mark End           9
Event: 16.647 Young Relocate Start     9
Event: 17.675 Young Mark Start        10
Event: 18.223 Young Mark End          10
Event: 18.337 Young Relocate Start    10
Event: 23.356 Young Mark Start        11
Event: 23.815 Young Mark End          11
Event: 23.826 Young Relocate Start    11
Event: 31.204 Young Mark Start        12
Event: 32.470 Young Mark End          12
Event: 32.511 Young Relocate Start    12
Event: 32.752 Young Mark Start        13
Event: 32.752 Old Mark Start           9
Event: 33.137 Young Mark End          13
Event: 33.529 Young Relocate Start    13
Event: 33.671 Young Mark Start        14
Event: 34.170 Young Mark End          14
Event: 34.254 Young Relocate Start    14
Event: 34.777 Young Mark Start        15
Event: 34.847 Young Mark End          15
Event: 34.849 Young Relocate Start    15
Event: 34.883 Old Mark End             9
Event: 35.172 Old Relocate Start       9
Event: 35.595 Young Mark Start        16
Event: 35.595 Old Mark Start          10
Event: 35.708 Young Mark End          16
Event: 35.776 Young Relocate Start    16
Event: 37.873 Old Mark End            10
Event: 37.943 Old Relocate Start      10
Event: 39.656 Young Mark Start        17
Event: 39.987 Young Mark End          17
Event: 40.212 Young Relocate Start    17
Event: 42.517 Young Mark Start        18
Event: 43.091 Young Mark End          18
Event: 43.516 Young Relocate Start    18
Event: 44.008 Young Mark Start        19
Event: 44.671 Young Mark End          19
Event: 44.752 Young Relocate Start    19
Event: 45.563 Young Mark Start        20
Event: 45.839 Young Mark End          20
Event: 45.892 Young Relocate Start    20
Event: 48.090 Young Mark Start        21
Event: 48.090 Old Mark Start          11
Event: 48.233 Young Mark End          21
Event: 48.237 Young Relocate Start    21
Event: 49.880 Young Mark Start        22
Event: 49.969 Young Mark End          22
Event: 49.971 Young Relocate Start    22
Event: 51.621 Old Mark End            11
Event: 51.692 Old Relocate Start      11
Event: 55.944 Young Mark Start        23
Event: 56.164 Young Mark End          23
Event: 56.282 Young Relocate Start    23
Event: 59.084 Young Mark Start        24
Event: 59.356 Young Mark End          24
Event: 59.405 Young Relocate Start    24
Event: 73.180 Young Mark Start        25
Event: 73.218 Young Mark End          25
Event: 73.224 Young Relocate Start    25
Event: 99.345 Young Mark Start        26
Event: 99.363 Young Mark End          26
Event: 99.365 Young Relocate Start    26
Event: 181.678 Young Mark Start        27
Event: 181.719 Young Mark End          27
Event: 181.722 Young Relocate Start    27
Event: 264.059 Young Mark Start        28
Event: 264.089 Young Mark End          28
Event: 264.091 Young Relocate Start    28
Event: 343.441 Young Mark Start        29
Event: 343.441 Old Mark Start          12
Event: 343.476 Young Mark End          29
Event: 343.480 Young Relocate Start    29
Event: 347.669 Old Mark End            12
Event: 347.762 Old Relocate Start      12
Event: 426.933 Young Mark Start        30
Event: 426.975 Young Mark End          30
Event: 426.977 Young Relocate Start    30
Event: 510.398 Young Mark Start        31
Event: 510.427 Young Mark End          31
Event: 510.430 Young Relocate Start    31
Event: 593.545 Young Mark Start        32
Event: 593.574 Young Mark End          32
Event: 593.576 Young Relocate Start    32
Event: 668.241 Young Mark Start        33
Event: 668.241 Old Mark Start          13
Event: 668.271 Young Mark End          33
Event: 668.273 Young Relocate Start    33
Event: 671.515 Old Mark End            13
Event: 671.574 Old Relocate Start      13
Event: 752.496 Young Mark Start        34
Event: 752.540 Young Mark End          34
Event: 752.543 Young Relocate Start    34
Event: 826.957 Young Mark Start        35
Event: 827.006 Young Mark End          35
Event: 827.009 Young Relocate Start    35

VM Operations (250 events):
Event: 510.430 Executing VM operation: ZRelocateStartYoung (High Usage)
Event: 510.430 Executing VM operation: ZRelocateStartYoung (High Usage) done
Event: 511.430 Executing VM operation: Cleanup
Event: 511.430 Executing VM operation: Cleanup done
Event: 512.431 Executing VM operation: Cleanup
Event: 512.431 Executing VM operation: Cleanup done
Event: 517.433 Executing VM operation: Cleanup
Event: 517.433 Executing VM operation: Cleanup done
Event: 593.545 Executing VM operation: ZMarkStartYoung (High Usage)
Event: 593.545 Executing VM operation: ZMarkStartYoung (High Usage) done
Event: 593.574 Executing VM operation: HandshakeAllThreads (ZMarkFlushAndFreeStacks)
Event: 593.574 Executing VM operation: HandshakeAllThreads (ZMarkFlushAndFreeStacks) done
Event: 593.574 Executing VM operation: ZMarkFlushOperation
Event: 593.574 Executing VM operation: ZMarkFlushOperation done
Event: 593.574 Executing VM operation: HandshakeAllThreads (ZMarkFlushAndFreeStacks)
Event: 593.574 Executing VM operation: HandshakeAllThreads (ZMarkFlushAndFreeStacks) done
Event: 593.574 Executing VM operation: ZMarkFlushOperation
Event: 593.574 Executing VM operation: ZMarkFlushOperation done
Event: 593.574 Executing VM operation: HandshakeAllThreads (ZMarkFlushAndFreeStacks)
Event: 593.574 Executing VM operation: HandshakeAllThreads (ZMarkFlushAndFreeStacks) done
Event: 593.574 Executing VM operation: ZMarkFlushOperation
Event: 593.574 Executing VM operation: ZMarkFlushOperation done
Event: 593.574 Executing VM operation: ZMarkEndYoung (High Usage)
Event: 593.574 Executing VM operation: ZMarkEndYoung (High Usage) done
Event: 593.576 Executing VM operation: ZRelocateStartYoung (High Usage)
Event: 593.576 Executing VM operation: ZRelocateStartYoung (High Usage) done
Event: 596.578 Executing VM operation: Cleanup
Event: 596.578 Executing VM operation: Cleanup done
Event: 668.241 Executing VM operation: ZMarkStartYoungAndOld (Proactive)
Event: 668.241 Executing VM operation: ZMarkStartYoungAndOld (Proactive) done
Event: 668.271 Executing VM operation: HandshakeAllThreads (ZMarkFlushAndFreeStacks)
Event: 668.271 Executing VM operation: HandshakeAllThreads (ZMarkFlushAndFreeStacks) done
Event: 668.271 Executing VM operation: ZMarkFlushOperation
Event: 668.271 Executing VM operation: ZMarkFlushOperation done
Event: 668.271 Executing VM operation: HandshakeAllThreads (ZMarkFlushAndFreeStacks)
Event: 668.271 Executing VM operation: HandshakeAllThreads (ZMarkFlushAndFreeStacks) done
Event: 668.271 Executing VM operation: ZMarkFlushOperation
Event: 668.271 Executing VM operation: ZMarkFlushOperation done
Event: 668.271 Executing VM operation: HandshakeAllThreads (ZMarkFlushAndFreeStacks)
Event: 668.271 Executing VM operation: HandshakeAllThreads (ZMarkFlushAndFreeStacks) done
Event: 668.271 Executing VM operation: ZMarkFlushOperation
Event: 668.271 Executing VM operation: ZMarkFlushOperation done
Event: 668.271 Executing VM operation: ZMarkEndYoung (Proactive)
Event: 668.271 Executing VM operation: ZMarkEndYoung (Proactive) done
Event: 668.273 Executing VM operation: ZRelocateStartYoung (Proactive)
Event: 668.274 Executing VM operation: ZRelocateStartYoung (Proactive) done
Event: 671.515 Executing VM operation: HandshakeAllThreads (ZMarkFlushAndFreeStacks)
Event: 671.515 Executing VM operation: HandshakeAllThreads (ZMarkFlushAndFreeStacks) done
Event: 671.515 Executing VM operation: ZMarkFlushOperation
Event: 671.515 Executing VM operation: ZMarkFlushOperation done
Event: 671.515 Executing VM operation: HandshakeAllThreads (ZMarkFlushAndFreeStacks)
Event: 671.515 Executing VM operation: HandshakeAllThreads (ZMarkFlushAndFreeStacks) done
Event: 671.515 Executing VM operation: ZMarkFlushOperation
Event: 671.515 Executing VM operation: ZMarkFlushOperation done
Event: 671.515 Executing VM operation: HandshakeAllThreads (ZMarkFlushAndFreeStacks)
Event: 671.515 Executing VM operation: HandshakeAllThreads (ZMarkFlushAndFreeStacks) done
Event: 671.515 Executing VM operation: ZMarkFlushOperation
Event: 671.515 Executing VM operation: ZMarkFlushOperation done
Event: 671.515 Executing VM operation: ZMarkEndOld (Proactive)
Event: 671.515 Executing VM operation: ZMarkEndOld (Proactive) done
Event: 671.545 Executing VM operation: HandshakeAllThreads (ZRendezvous)
Event: 671.545 Executing VM operation: HandshakeAllThreads (ZRendezvous) done
Event: 671.545 Executing VM operation: ZRendezvousGCThreads
Event: 671.545 Executing VM operation: ZRendezvousGCThreads done
Event: 671.574 Executing VM operation: ZRelocateStartOld (Proactive)
Event: 671.574 Executing VM operation: ZRelocateStartOld (Proactive) done
Event: 673.575 Executing VM operation: Cleanup
Event: 673.575 Executing VM operation: Cleanup done
Event: 682.579 Executing VM operation: Cleanup
Event: 682.579 Executing VM operation: Cleanup done
Event: 719.595 Executing VM operation: Cleanup
Event: 719.595 Executing VM operation: Cleanup done
Event: 744.605 Executing VM operation: Cleanup
Event: 744.605 Executing VM operation: Cleanup done
Event: 745.547 Executing VM operation: HandshakeAllThreads (Deoptimize)
Event: 745.548 Executing VM operation: HandshakeAllThreads (Deoptimize) done
Event: 746.548 Executing VM operation: Cleanup
Event: 746.548 Executing VM operation: Cleanup done
Event: 747.548 Executing VM operation: Cleanup
Event: 747.548 Executing VM operation: Cleanup done
Event: 748.078 Executing VM operation: HandshakeAllThreads (Deoptimize)
Event: 748.078 Executing VM operation: HandshakeAllThreads (Deoptimize) done
Event: 749.078 Executing VM operation: Cleanup
Event: 749.078 Executing VM operation: Cleanup done
Event: 750.079 Executing VM operation: Cleanup
Event: 750.079 Executing VM operation: Cleanup done
Event: 751.079 Executing VM operation: Cleanup
Event: 751.079 Executing VM operation: Cleanup done
Event: 752.080 Executing VM operation: Cleanup
Event: 752.080 Executing VM operation: Cleanup done
Event: 752.496 Executing VM operation: ZMarkStartYoung (High Usage)
Event: 752.496 Executing VM operation: ZMarkStartYoung (High Usage) done
Event: 752.540 Executing VM operation: HandshakeAllThreads (ZMarkFlushAndFreeStacks)
Event: 752.540 Executing VM operation: HandshakeAllThreads (ZMarkFlushAndFreeStacks) done
Event: 752.540 Executing VM operation: ZMarkFlushOperation
Event: 752.540 Executing VM operation: ZMarkFlushOperation done
Event: 752.540 Executing VM operation: HandshakeAllThreads (ZMarkFlushAndFreeStacks)
Event: 752.540 Executing VM operation: HandshakeAllThreads (ZMarkFlushAndFreeStacks) done
Event: 752.540 Executing VM operation: ZMarkFlushOperation
Event: 752.540 Executing VM operation: ZMarkFlushOperation done
Event: 752.540 Executing VM operation: HandshakeAllThreads (ZMarkFlushAndFreeStacks)
Event: 752.540 Executing VM operation: HandshakeAllThreads (ZMarkFlushAndFreeStacks) done
Event: 752.540 Executing VM operation: ZMarkFlushOperation
Event: 752.540 Executing VM operation: ZMarkFlushOperation done
Event: 752.540 Executing VM operation: ZMarkEndYoung (High Usage)
Event: 752.540 Executing VM operation: ZMarkEndYoung (High Usage) done
Event: 752.543 Executing VM operation: ZRelocateStartYoung (High Usage)
Event: 752.543 Executing VM operation: ZRelocateStartYoung (High Usage) done
Event: 754.544 Executing VM operation: Cleanup
Event: 754.544 Executing VM operation: Cleanup done
Event: 762.547 Executing VM operation: Cleanup
Event: 762.547 Executing VM operation: Cleanup done
Event: 768.550 Executing VM operation: Cleanup
Event: 768.550 Executing VM operation: Cleanup done
Event: 769.550 Executing VM operation: Cleanup
Event: 769.550 Executing VM operation: Cleanup done
Event: 777.554 Executing VM operation: Cleanup
Event: 777.554 Executing VM operation: Cleanup done
Event: 782.556 Executing VM operation: Cleanup
Event: 782.556 Executing VM operation: Cleanup done
Event: 792.560 Executing VM operation: Cleanup
Event: 792.560 Executing VM operation: Cleanup done
Event: 793.561 Executing VM operation: Cleanup
Event: 793.561 Executing VM operation: Cleanup done
Event: 794.561 Executing VM operation: Cleanup
Event: 794.561 Executing VM operation: Cleanup done
Event: 795.562 Executing VM operation: Cleanup
Event: 795.562 Executing VM operation: Cleanup done
Event: 796.562 Executing VM operation: Cleanup
Event: 796.562 Executing VM operation: Cleanup done
Event: 797.562 Executing VM operation: Cleanup
Event: 797.562 Executing VM operation: Cleanup done
Event: 797.573 Executing VM operation: HandshakeAllThreads (Deoptimize)
Event: 797.573 Executing VM operation: HandshakeAllThreads (Deoptimize) done
Event: 797.580 Executing VM operation: HandshakeAllThreads (Deoptimize)
Event: 797.580 Executing VM operation: HandshakeAllThreads (Deoptimize) done
Event: 797.704 Executing VM operation: HandshakeAllThreads (Deoptimize)
Event: 797.704 Executing VM operation: HandshakeAllThreads (Deoptimize) done
Event: 797.711 Executing VM operation: HandshakeAllThreads (Deoptimize)
Event: 797.711 Executing VM operation: HandshakeAllThreads (Deoptimize) done
Event: 798.711 Executing VM operation: Cleanup
Event: 798.711 Executing VM operation: Cleanup done
Event: 799.712 Executing VM operation: Cleanup
Event: 799.712 Executing VM operation: Cleanup done
Event: 800.712 Executing VM operation: Cleanup
Event: 800.712 Executing VM operation: Cleanup done
Event: 801.713 Executing VM operation: Cleanup
Event: 801.713 Executing VM operation: Cleanup done
Event: 802.713 Executing VM operation: Cleanup
Event: 802.713 Executing VM operation: Cleanup done
Event: 803.713 Executing VM operation: Cleanup
Event: 803.714 Executing VM operation: Cleanup done
Event: 804.714 Executing VM operation: Cleanup
Event: 804.714 Executing VM operation: Cleanup done
Event: 805.714 Executing VM operation: Cleanup
Event: 805.714 Executing VM operation: Cleanup done
Event: 806.715 Executing VM operation: Cleanup
Event: 806.715 Executing VM operation: Cleanup done
Event: 807.715 Executing VM operation: Cleanup
Event: 807.715 Executing VM operation: Cleanup done
Event: 813.718 Executing VM operation: Cleanup
Event: 813.718 Executing VM operation: Cleanup done
Event: 814.718 Executing VM operation: Cleanup
Event: 814.718 Executing VM operation: Cleanup done
Event: 815.719 Executing VM operation: Cleanup
Event: 815.719 Executing VM operation: Cleanup done
Event: 816.719 Executing VM operation: Cleanup
Event: 816.719 Executing VM operation: Cleanup done
Event: 817.719 Executing VM operation: Cleanup
Event: 817.720 Executing VM operation: Cleanup done
Event: 818.720 Executing VM operation: Cleanup
Event: 818.720 Executing VM operation: Cleanup done
Event: 819.720 Executing VM operation: Cleanup
Event: 819.720 Executing VM operation: Cleanup done
Event: 821.721 Executing VM operation: Cleanup
Event: 821.721 Executing VM operation: Cleanup done
Event: 822.722 Executing VM operation: Cleanup
Event: 822.722 Executing VM operation: Cleanup done
Event: 823.722 Executing VM operation: Cleanup
Event: 823.722 Executing VM operation: Cleanup done
Event: 824.722 Executing VM operation: Cleanup
Event: 824.723 Executing VM operation: Cleanup done
Event: 825.723 Executing VM operation: Cleanup
Event: 825.723 Executing VM operation: Cleanup done
Event: 826.723 Executing VM operation: Cleanup
Event: 826.723 Executing VM operation: Cleanup done
Event: 826.957 Executing VM operation: ZMarkStartYoung (High Usage)
Event: 826.957 Executing VM operation: ZMarkStartYoung (High Usage) done
Event: 827.005 Executing VM operation: HandshakeAllThreads (ZMarkFlushAndFreeStacks)
Event: 827.006 Executing VM operation: HandshakeAllThreads (ZMarkFlushAndFreeStacks) done
Event: 827.006 Executing VM operation: ZMarkFlushOperation
Event: 827.006 Executing VM operation: ZMarkFlushOperation done
Event: 827.006 Executing VM operation: HandshakeAllThreads (ZMarkFlushAndFreeStacks)
Event: 827.006 Executing VM operation: HandshakeAllThreads (ZMarkFlushAndFreeStacks) done
Event: 827.006 Executing VM operation: ZMarkFlushOperation
Event: 827.006 Executing VM operation: ZMarkFlushOperation done
Event: 827.006 Executing VM operation: HandshakeAllThreads (ZMarkFlushAndFreeStacks)
Event: 827.006 Executing VM operation: HandshakeAllThreads (ZMarkFlushAndFreeStacks) done
Event: 827.006 Executing VM operation: ZMarkFlushOperation
Event: 827.006 Executing VM operation: ZMarkFlushOperation done
Event: 827.006 Executing VM operation: ZMarkEndYoung (High Usage)
Event: 827.006 Executing VM operation: ZMarkEndYoung (High Usage) done
Event: 827.009 Executing VM operation: ZRelocateStartYoung (High Usage)
Event: 827.009 Executing VM operation: ZRelocateStartYoung (High Usage) done
Event: 829.010 Executing VM operation: Cleanup
Event: 829.010 Executing VM operation: Cleanup done
Event: 830.010 Executing VM operation: Cleanup
Event: 830.010 Executing VM operation: Cleanup done
Event: 831.011 Executing VM operation: Cleanup
Event: 831.011 Executing VM operation: Cleanup done
Event: 832.011 Executing VM operation: Cleanup
Event: 832.011 Executing VM operation: Cleanup done
Event: 834.012 Executing VM operation: Cleanup
Event: 834.012 Executing VM operation: Cleanup done
Event: 836.013 Executing VM operation: Cleanup
Event: 836.013 Executing VM operation: Cleanup done
Event: 838.014 Executing VM operation: Cleanup
Event: 838.014 Executing VM operation: Cleanup done
Event: 841.156 Executing VM operation: HandshakeAllThreads (HandshakeForDeflation)
Event: 841.156 Executing VM operation: HandshakeAllThreads (HandshakeForDeflation) done
Event: 841.156 Executing VM operation: RendezvousGCThreads
Event: 841.156 Executing VM operation: RendezvousGCThreads done
Event: 842.156 Executing VM operation: Cleanup
Event: 842.156 Executing VM operation: Cleanup done
Event: 843.157 Executing VM operation: Cleanup
Event: 843.157 Executing VM operation: Cleanup done
Event: 844.157 Executing VM operation: Cleanup
Event: 844.157 Executing VM operation: Cleanup done
Event: 847.158 Executing VM operation: Cleanup
Event: 847.158 Executing VM operation: Cleanup done
Event: 848.159 Executing VM operation: Cleanup
Event: 848.159 Executing VM operation: Cleanup done
Event: 849.159 Executing VM operation: Cleanup
Event: 849.159 Executing VM operation: Cleanup done
Event: 850.160 Executing VM operation: Cleanup
Event: 850.160 Executing VM operation: Cleanup done
Event: 850.222 Executing VM operation: HandshakeAllThreads (Deoptimize)
Event: 850.222 Executing VM operation: HandshakeAllThreads (Deoptimize) done
Event: 851.222 Executing VM operation: Cleanup
Event: 851.222 Executing VM operation: Cleanup done
Event: 852.223 Executing VM operation: Cleanup
Event: 852.223 Executing VM operation: Cleanup done
Event: 853.223 Executing VM operation: Cleanup
Event: 853.223 Executing VM operation: Cleanup done
Event: 855.224 Executing VM operation: Cleanup
Event: 855.224 Executing VM operation: Cleanup done
Event: 857.225 Executing VM operation: Cleanup
Event: 857.225 Executing VM operation: Cleanup done
Event: 858.225 Executing VM operation: Cleanup
Event: 858.225 Executing VM operation: Cleanup done

Memory protections (0 events):
No events

Nmethod flushes (250 events):
Event: 347.723 Thread 0x0000027b8b280e00 flushing  nmethod 0x0000027b9201fd90
Event: 347.723 Thread 0x0000027b8b280e00 flushing  nmethod 0x0000027b97170f90
Event: 347.723 Thread 0x0000027b8b280e00 flushing  nmethod 0x0000027b90657590
Event: 347.723 Thread 0x0000027b8b280e00 flushing  nmethod 0x0000027b90418990
Event: 347.723 Thread 0x0000027b8b280e00 flushing  nmethod 0x0000027b8fda3110
Event: 347.723 Thread 0x0000027b8b280e00 flushing  nmethod 0x0000027b90303a10
Event: 347.723 Thread 0x0000027b8b280e00 flushing  nmethod 0x0000027b911f2310
Event: 347.723 Thread 0x0000027b8b280e00 flushing  nmethod 0x0000027b91818910
Event: 347.723 Thread 0x0000027b8b280e00 flushing  nmethod 0x0000027b91596390
Event: 347.723 Thread 0x0000027b8b280e00 flushing  nmethod 0x0000027b91f95d90
Event: 347.723 Thread 0x0000027b8b280e00 flushing  nmethod 0x0000027b97b45990
Event: 347.723 Thread 0x0000027b8b280e00 flushing  nmethod 0x0000027b98a86810
Event: 347.723 Thread 0x0000027b8b280e00 flushing  nmethod 0x0000027b920f0810
Event: 347.723 Thread 0x0000027b8b280e00 flushing  nmethod 0x0000027b9208d790
Event: 347.723 Thread 0x0000027b8b280e00 flushing  nmethod 0x0000027b8f940490
Event: 347.723 Thread 0x0000027b8b280e00 flushing  nmethod 0x0000027b90f20890
Event: 347.723 Thread 0x0000027b8b280e00 flushing  nmethod 0x0000027b8fdd3210
Event: 347.723 Thread 0x0000027b8b280e00 flushing  nmethod 0x0000027b9212cb10
Event: 347.723 Thread 0x0000027b8b280e00 flushing  nmethod 0x0000027b90ed6e90
Event: 347.723 Thread 0x0000027b8b280e00 flushing  nmethod 0x0000027b90acdc10
Event: 347.723 Thread 0x0000027b8b280e00 flushing  nmethod 0x0000027b8fff1910
Event: 347.723 Thread 0x0000027b8b280e00 flushing  nmethod 0x0000027b8fd78a10
Event: 347.723 Thread 0x0000027b8b280e00 flushing  nmethod 0x0000027b8f729510
Event: 347.723 Thread 0x0000027b8b280e00 flushing  nmethod 0x0000027b9064da90
Event: 347.723 Thread 0x0000027b8b280e00 flushing  nmethod 0x0000027b8f91bc90
Event: 347.723 Thread 0x0000027b8b280e00 flushing  nmethod 0x0000027b90218990
Event: 347.723 Thread 0x0000027b8b280e00 flushing  nmethod 0x0000027b989a1390
Event: 347.723 Thread 0x0000027b8b280e00 flushing  nmethod 0x0000027b8ff6ba90
Event: 347.723 Thread 0x0000027b8b280e00 flushing  nmethod 0x0000027b97365a10
Event: 347.723 Thread 0x0000027b8b280e00 flushing  nmethod 0x0000027b90145110
Event: 347.723 Thread 0x0000027b8b280e00 flushing  nmethod 0x0000027b9211c010
Event: 347.723 Thread 0x0000027b8b280e00 flushing  nmethod 0x0000027b9728e210
Event: 347.723 Thread 0x0000027b8b280e00 flushing  nmethod 0x0000027b912c7e90
Event: 347.723 Thread 0x0000027b8b280e00 flushing  nmethod 0x0000027b8f9bca10
Event: 347.723 Thread 0x0000027b8b280e00 flushing  nmethod 0x0000027b8fb3ad10
Event: 347.723 Thread 0x0000027b8b280e00 flushing  nmethod 0x0000027b91fcc510
Event: 347.723 Thread 0x0000027b8b280e00 flushing  nmethod 0x0000027b91d5ba90
Event: 347.723 Thread 0x0000027b8b280e00 flushing  nmethod 0x0000027b9009bf10
Event: 347.723 Thread 0x0000027b8b280e00 flushing  nmethod 0x0000027b8f655e90
Event: 347.723 Thread 0x0000027b8b280e00 flushing  nmethod 0x0000027b9211ce10
Event: 347.723 Thread 0x0000027b8b280e00 flushing  nmethod 0x0000027b90958690
Event: 347.723 Thread 0x0000027b8b280e00 flushing  nmethod 0x0000027b91de9790
Event: 347.723 Thread 0x0000027b8b280e00 flushing  nmethod 0x0000027b9174b910
Event: 347.723 Thread 0x0000027b8b280e00 flushing  nmethod 0x0000027b920b9790
Event: 347.723 Thread 0x0000027b8b280e00 flushing  nmethod 0x0000027b92035710
Event: 347.723 Thread 0x0000027b8b280e00 flushing  nmethod 0x0000027b8f652c10
Event: 347.723 Thread 0x0000027b8b280e00 flushing  nmethod 0x0000027b9203da90
Event: 347.723 Thread 0x0000027b8b280e00 flushing  nmethod 0x0000027b8fcb8d90
Event: 347.723 Thread 0x0000027b8b280e00 flushing  nmethod 0x0000027b91ff3d10
Event: 347.723 Thread 0x0000027b8b280e00 flushing  nmethod 0x0000027b8fd57510
Event: 347.723 Thread 0x0000027b8b280e00 flushing  nmethod 0x0000027b905a7b90
Event: 347.723 Thread 0x0000027b8b280e00 flushing  nmethod 0x0000027b8fe08990
Event: 347.723 Thread 0x0000027b8b280e00 flushing  nmethod 0x0000027b90709a90
Event: 347.723 Thread 0x0000027b8b280e00 flushing  nmethod 0x0000027b8f5e0710
Event: 347.723 Thread 0x0000027b8b280e00 flushing  nmethod 0x0000027b8fb8e390
Event: 347.723 Thread 0x0000027b8b280e00 flushing  nmethod 0x0000027b9171a310
Event: 347.723 Thread 0x0000027b8b280e00 flushing  nmethod 0x0000027b919da610
Event: 347.723 Thread 0x0000027b8b280e00 flushing  nmethod 0x0000027b9117db90
Event: 347.723 Thread 0x0000027b8b280e00 flushing  nmethod 0x0000027b97c36d90
Event: 347.723 Thread 0x0000027b8b280e00 flushing  nmethod 0x0000027b91e62210
Event: 347.723 Thread 0x0000027b8b280e00 flushing  nmethod 0x0000027b91edfb10
Event: 347.723 Thread 0x0000027b8b280e00 flushing  nmethod 0x0000027b92047410
Event: 347.723 Thread 0x0000027b8b280e00 flushing  nmethod 0x0000027b90f95e10
Event: 347.723 Thread 0x0000027b8b280e00 flushing  nmethod 0x0000027b9177ba90
Event: 347.723 Thread 0x0000027b8b280e00 flushing  nmethod 0x0000027b91dc5410
Event: 347.723 Thread 0x0000027b8b280e00 flushing  nmethod 0x0000027b90075090
Event: 347.723 Thread 0x0000027b8b280e00 flushing  nmethod 0x0000027b91283910
Event: 347.723 Thread 0x0000027b8b280e00 flushing  nmethod 0x0000027b8fd42110
Event: 347.723 Thread 0x0000027b8b280e00 flushing  nmethod 0x0000027b974da390
Event: 347.723 Thread 0x0000027b8b280e00 flushing  nmethod 0x0000027b911ffc90
Event: 347.723 Thread 0x0000027b8b280e00 flushing  nmethod 0x0000027b8ff4aa90
Event: 347.723 Thread 0x0000027b8b280e00 flushing  nmethod 0x0000027b98ad0010
Event: 347.723 Thread 0x0000027b8b280e00 flushing  nmethod 0x0000027b9178c290
Event: 347.723 Thread 0x0000027b8b280e00 flushing  nmethod 0x0000027b8f9b2410
Event: 347.723 Thread 0x0000027b8b280e00 flushing  nmethod 0x0000027b902efa90
Event: 347.723 Thread 0x0000027b8b280e00 flushing  nmethod 0x0000027b90392490
Event: 347.723 Thread 0x0000027b8b280e00 flushing  nmethod 0x0000027b9107ff90
Event: 347.723 Thread 0x0000027b8b280e00 flushing  nmethod 0x0000027b9202af90
Event: 347.723 Thread 0x0000027b8b280e00 flushing  nmethod 0x0000027b91a7f490
Event: 347.723 Thread 0x0000027b8b280e00 flushing  nmethod 0x0000027b97de3690
Event: 347.723 Thread 0x0000027b8b280e00 flushing  nmethod 0x0000027b92127590
Event: 347.723 Thread 0x0000027b8b280e00 flushing  nmethod 0x0000027b91f64790
Event: 347.723 Thread 0x0000027b8b280e00 flushing  nmethod 0x0000027b920a6290
Event: 347.723 Thread 0x0000027b8b280e00 flushing  nmethod 0x0000027b902d8310
Event: 347.723 Thread 0x0000027b8b280e00 flushing  nmethod 0x0000027b9208d310
Event: 347.723 Thread 0x0000027b8b280e00 flushing  nmethod 0x0000027b91376b90
Event: 347.723 Thread 0x0000027b8b280e00 flushing  nmethod 0x0000027b91070f10
Event: 347.723 Thread 0x0000027b8b280e00 flushing  nmethod 0x0000027b91d36c90
Event: 671.545 Thread 0x0000027b8b280e00 flushing  nmethod 0x0000027b9000b690
Event: 671.545 Thread 0x0000027b8b280e00 flushing  nmethod 0x0000027b90d37b90
Event: 671.545 Thread 0x0000027b8b280e00 flushing  nmethod 0x0000027b9137b790
Event: 671.545 Thread 0x0000027b8b280e00 flushing  nmethod 0x0000027b8fe17510
Event: 671.545 Thread 0x0000027b8b280e00 flushing  nmethod 0x0000027b8f6b8d10
Event: 671.545 Thread 0x0000027b8b280e00 flushing  nmethod 0x0000027b8fe34490
Event: 671.545 Thread 0x0000027b8b280e00 flushing  nmethod 0x0000027b91b5a310
Event: 671.545 Thread 0x0000027b8b280e00 flushing  nmethod 0x0000027b912d5210
Event: 671.545 Thread 0x0000027b8b280e00 flushing  nmethod 0x0000027b919bb510
Event: 671.545 Thread 0x0000027b8b280e00 flushing  nmethod 0x0000027b90dcd990
Event: 671.545 Thread 0x0000027b8b280e00 flushing  nmethod 0x0000027b8ff81590
Event: 671.545 Thread 0x0000027b8b280e00 flushing  nmethod 0x0000027b8fb1a610
Event: 671.545 Thread 0x0000027b8b280e00 flushing  nmethod 0x0000027b90867e10
Event: 671.545 Thread 0x0000027b8b280e00 flushing  nmethod 0x0000027b8f91b390
Event: 671.545 Thread 0x0000027b8b280e00 flushing  nmethod 0x0000027b8fd57f90
Event: 671.545 Thread 0x0000027b8b280e00 flushing  nmethod 0x0000027b91834c90
Event: 671.545 Thread 0x0000027b8b280e00 flushing  nmethod 0x0000027b90a84a90
Event: 671.545 Thread 0x0000027b8b280e00 flushing  nmethod 0x0000027b9160cf90
Event: 671.545 Thread 0x0000027b8b280e00 flushing  nmethod 0x0000027b90d54290
Event: 671.545 Thread 0x0000027b8b280e00 flushing  nmethod 0x0000027b900ef710
Event: 671.545 Thread 0x0000027b8b280e00 flushing  nmethod 0x0000027b9070e590
Event: 671.545 Thread 0x0000027b8b280e00 flushing  nmethod 0x0000027b8fd0f010
Event: 671.545 Thread 0x0000027b8b280e00 flushing  nmethod 0x0000027b90e2d110
Event: 671.545 Thread 0x0000027b8b280e00 flushing  nmethod 0x0000027b8ffcb690
Event: 671.545 Thread 0x0000027b8b280e00 flushing  nmethod 0x0000027b8fde7a90
Event: 671.545 Thread 0x0000027b8b280e00 flushing  nmethod 0x0000027b90078e90
Event: 671.545 Thread 0x0000027b8b280e00 flushing  nmethod 0x0000027b986cc690
Event: 671.545 Thread 0x0000027b8b280e00 flushing  nmethod 0x0000027b9137d510
Event: 671.545 Thread 0x0000027b8b280e00 flushing  nmethod 0x0000027b8fe33210
Event: 671.545 Thread 0x0000027b8b280e00 flushing  nmethod 0x0000027b8fca7710
Event: 671.545 Thread 0x0000027b8b280e00 flushing  nmethod 0x0000027b916bc290
Event: 671.545 Thread 0x0000027b8b280e00 flushing  nmethod 0x0000027b90904a10
Event: 671.545 Thread 0x0000027b8b280e00 flushing  nmethod 0x0000027b9150e990
Event: 671.545 Thread 0x0000027b8b280e00 flushing  nmethod 0x0000027b8f6e8890
Event: 671.545 Thread 0x0000027b8b280e00 flushing  nmethod 0x0000027b916c2410
Event: 671.545 Thread 0x0000027b8b280e00 flushing  nmethod 0x0000027b9090e210
Event: 671.545 Thread 0x0000027b8b280e00 flushing  nmethod 0x0000027b90179010
Event: 671.545 Thread 0x0000027b8b280e00 flushing  nmethod 0x0000027b8fc6e210
Event: 671.545 Thread 0x0000027b8b280e00 flushing  nmethod 0x0000027b9059e910
Event: 671.545 Thread 0x0000027b8b280e00 flushing  nmethod 0x0000027b8f635f90
Event: 671.545 Thread 0x0000027b8b280e00 flushing  nmethod 0x0000027b91d04210
Event: 671.545 Thread 0x0000027b8b280e00 flushing  nmethod 0x0000027b916b8310
Event: 671.545 Thread 0x0000027b8b280e00 flushing  nmethod 0x0000027b90d55990
Event: 671.545 Thread 0x0000027b8b280e00 flushing  nmethod 0x0000027b91330890
Event: 671.545 Thread 0x0000027b8b280e00 flushing  nmethod 0x0000027b90b71410
Event: 671.545 Thread 0x0000027b8b280e00 flushing  nmethod 0x0000027b8fdd6790
Event: 671.545 Thread 0x0000027b8b280e00 flushing  nmethod 0x0000027b8f634d90
Event: 671.545 Thread 0x0000027b8b280e00 flushing  nmethod 0x0000027b919dad10
Event: 671.545 Thread 0x0000027b8b280e00 flushing  nmethod 0x0000027b90902a90
Event: 671.545 Thread 0x0000027b8b280e00 flushing  nmethod 0x0000027b8fb45190
Event: 671.545 Thread 0x0000027b8b280e00 flushing  nmethod 0x0000027b8f6a7390
Event: 671.545 Thread 0x0000027b8b280e00 flushing  nmethod 0x0000027b8fe47d10
Event: 671.545 Thread 0x0000027b8b280e00 flushing  nmethod 0x0000027b8fe35690
Event: 671.545 Thread 0x0000027b8b280e00 flushing  nmethod 0x0000027b91713f90
Event: 671.545 Thread 0x0000027b8b280e00 flushing  nmethod 0x0000027b98513e10
Event: 671.545 Thread 0x0000027b8b280e00 flushing  nmethod 0x0000027b9070cb90
Event: 671.545 Thread 0x0000027b8b280e00 flushing  nmethod 0x0000027b90fbc110
Event: 671.545 Thread 0x0000027b8b280e00 flushing  nmethod 0x0000027b900ee410
Event: 671.545 Thread 0x0000027b8b280e00 flushing  nmethod 0x0000027b8fc93d10
Event: 671.545 Thread 0x0000027b8b280e00 flushing  nmethod 0x0000027b8f587090
Event: 671.545 Thread 0x0000027b8b280e00 flushing  nmethod 0x0000027b8fec4990
Event: 671.545 Thread 0x0000027b8b280e00 flushing  nmethod 0x0000027b90de8490
Event: 671.545 Thread 0x0000027b8b280e00 flushing  nmethod 0x0000027b91e23010
Event: 671.545 Thread 0x0000027b8b280e00 flushing  nmethod 0x0000027b90b05f90
Event: 671.545 Thread 0x0000027b8b280e00 flushing  nmethod 0x0000027b90b74790
Event: 671.545 Thread 0x0000027b8b280e00 flushing  nmethod 0x0000027b91eb1390
Event: 671.545 Thread 0x0000027b8b280e00 flushing  nmethod 0x0000027b90ea4d90
Event: 671.545 Thread 0x0000027b8b280e00 flushing  nmethod 0x0000027b9090cf90
Event: 671.545 Thread 0x0000027b8b280e00 flushing  nmethod 0x0000027b916c3d10
Event: 671.545 Thread 0x0000027b8b280e00 flushing  nmethod 0x0000027b9036a490
Event: 671.545 Thread 0x0000027b8b280e00 flushing  nmethod 0x0000027b8f616a90
Event: 671.545 Thread 0x0000027b8b280e00 flushing  nmethod 0x0000027b8fec3210
Event: 671.545 Thread 0x0000027b8b280e00 flushing  nmethod 0x0000027b8f634910
Event: 671.545 Thread 0x0000027b8b280e00 flushing  nmethod 0x0000027b91984210
Event: 671.545 Thread 0x0000027b8b280e00 flushing  nmethod 0x0000027b90e81c10
Event: 671.545 Thread 0x0000027b8b280e00 flushing  nmethod 0x0000027b901afa90
Event: 671.545 Thread 0x0000027b8b280e00 flushing  nmethod 0x0000027b91853910
Event: 671.545 Thread 0x0000027b8b280e00 flushing  nmethod 0x0000027b90212410
Event: 671.545 Thread 0x0000027b8b280e00 flushing  nmethod 0x0000027b8fec3690
Event: 671.545 Thread 0x0000027b8b280e00 flushing  nmethod 0x0000027b90f25010
Event: 671.545 Thread 0x0000027b8b280e00 flushing  nmethod 0x0000027b8fd9c690
Event: 671.545 Thread 0x0000027b8b280e00 flushing  nmethod 0x0000027b90ea4910
Event: 671.545 Thread 0x0000027b8b280e00 flushing  nmethod 0x0000027b8fd06990
Event: 671.545 Thread 0x0000027b8b280e00 flushing  nmethod 0x0000027b91e13a10
Event: 671.545 Thread 0x0000027b8b280e00 flushing  nmethod 0x0000027b91bac910
Event: 671.545 Thread 0x0000027b8b280e00 flushing  nmethod 0x0000027b98a80390
Event: 671.545 Thread 0x0000027b8b280e00 flushing  nmethod 0x0000027b90867910
Event: 671.545 Thread 0x0000027b8b280e00 flushing  nmethod 0x0000027b9036ad10
Event: 671.545 Thread 0x0000027b8b280e00 flushing  nmethod 0x0000027b916f8e10
Event: 671.545 Thread 0x0000027b8b280e00 flushing  nmethod 0x0000027b8fdd7a90
Event: 671.545 Thread 0x0000027b8b280e00 flushing  nmethod 0x0000027b90178b10
Event: 671.545 Thread 0x0000027b8b280e00 flushing  nmethod 0x0000027b9007a510
Event: 671.545 Thread 0x0000027b8b280e00 flushing  nmethod 0x0000027b8f5f4690
Event: 671.545 Thread 0x0000027b8b280e00 flushing  nmethod 0x0000027b91b59490
Event: 671.545 Thread 0x0000027b8b280e00 flushing  nmethod 0x0000027b900ee090
Event: 671.545 Thread 0x0000027b8b280e00 flushing  nmethod 0x0000027b90b29290
Event: 671.545 Thread 0x0000027b8b280e00 flushing  nmethod 0x0000027b90b66190
Event: 671.545 Thread 0x0000027b8b280e00 flushing  nmethod 0x0000027b91834390
Event: 671.545 Thread 0x0000027b8b280e00 flushing  nmethod 0x0000027b91800510
Event: 671.545 Thread 0x0000027b8b280e00 flushing  nmethod 0x0000027b91231f90
Event: 671.545 Thread 0x0000027b8b280e00 flushing  nmethod 0x0000027b91eaf990
Event: 671.545 Thread 0x0000027b8b280e00 flushing  nmethod 0x0000027b90ad4f90
Event: 671.545 Thread 0x0000027b8b280e00 flushing  nmethod 0x0000027b91e3ec10
Event: 671.545 Thread 0x0000027b8b280e00 flushing  nmethod 0x0000027b90a84e10
Event: 671.545 Thread 0x0000027b8b280e00 flushing  nmethod 0x0000027b91e3e690
Event: 671.545 Thread 0x0000027b8b280e00 flushing  nmethod 0x0000027b9070f190
Event: 671.545 Thread 0x0000027b8b280e00 flushing  nmethod 0x0000027b91d9df90
Event: 671.545 Thread 0x0000027b8b280e00 flushing  nmethod 0x0000027b91633190
Event: 671.545 Thread 0x0000027b8b280e00 flushing  nmethod 0x0000027b90d53c90
Event: 671.545 Thread 0x0000027b8b280e00 flushing  nmethod 0x0000027b91e22c90
Event: 671.545 Thread 0x0000027b8b280e00 flushing  nmethod 0x0000027b91b91710
Event: 671.545 Thread 0x0000027b8b280e00 flushing  nmethod 0x0000027b912e1690
Event: 671.545 Thread 0x0000027b8b280e00 flushing  nmethod 0x0000027b91a6f110
Event: 671.545 Thread 0x0000027b8b280e00 flushing  nmethod 0x0000027b90f98110
Event: 671.545 Thread 0x0000027b8b280e00 flushing  nmethod 0x0000027b90360e90
Event: 671.545 Thread 0x0000027b8b280e00 flushing  nmethod 0x0000027b908d9f90
Event: 671.545 Thread 0x0000027b8b280e00 flushing  nmethod 0x0000027b91e24910
Event: 671.545 Thread 0x0000027b8b280e00 flushing  nmethod 0x0000027b916b8d90
Event: 671.545 Thread 0x0000027b8b280e00 flushing  nmethod 0x0000027b90079290
Event: 671.545 Thread 0x0000027b8b280e00 flushing  nmethod 0x0000027b90fda890
Event: 671.545 Thread 0x0000027b8b280e00 flushing  nmethod 0x0000027b90c03810
Event: 671.545 Thread 0x0000027b8b280e00 flushing  nmethod 0x0000027b8ff3a190
Event: 671.545 Thread 0x0000027b8b280e00 flushing  nmethod 0x0000027b973cb890
Event: 671.545 Thread 0x0000027b8b280e00 flushing  nmethod 0x0000027b91870d90
Event: 671.545 Thread 0x0000027b8b280e00 flushing  nmethod 0x0000027b90e9f290
Event: 671.545 Thread 0x0000027b8b280e00 flushing  nmethod 0x0000027b90c03e10
Event: 671.545 Thread 0x0000027b8b280e00 flushing  nmethod 0x0000027b910f0590
Event: 671.545 Thread 0x0000027b8b280e00 flushing  nmethod 0x0000027b983eeb10
Event: 671.545 Thread 0x0000027b8b280e00 flushing  nmethod 0x0000027b911e6890
Event: 671.545 Thread 0x0000027b8b280e00 flushing  nmethod 0x0000027b90bf7110
Event: 671.545 Thread 0x0000027b8b280e00 flushing  nmethod 0x0000027b91b59b90
Event: 671.545 Thread 0x0000027b8b280e00 flushing  nmethod 0x0000027b919a9190
Event: 671.545 Thread 0x0000027b8b280e00 flushing  nmethod 0x0000027b8ff50010
Event: 671.545 Thread 0x0000027b8b280e00 flushing  nmethod 0x0000027b913ae110
Event: 671.545 Thread 0x0000027b8b280e00 flushing  nmethod 0x0000027b9051c090
Event: 671.545 Thread 0x0000027b8b280e00 flushing  nmethod 0x0000027b91230510
Event: 671.545 Thread 0x0000027b8b280e00 flushing  nmethod 0x0000027b92010f90
Event: 671.545 Thread 0x0000027b8b280e00 flushing  nmethod 0x0000027b91510d90
Event: 671.545 Thread 0x0000027b8b280e00 flushing  nmethod 0x0000027b90d53790
Event: 671.545 Thread 0x0000027b8b280e00 flushing  nmethod 0x0000027b9137be90
Event: 671.545 Thread 0x0000027b8b280e00 flushing  nmethod 0x0000027b91406b90
Event: 671.545 Thread 0x0000027b8b280e00 flushing  nmethod 0x0000027b90d38510
Event: 671.545 Thread 0x0000027b8b280e00 flushing  nmethod 0x0000027b916c4710
Event: 671.545 Thread 0x0000027b8b280e00 flushing  nmethod 0x0000027b90903610
Event: 671.545 Thread 0x0000027b8b280e00 flushing  nmethod 0x0000027b90da4490
Event: 671.545 Thread 0x0000027b8b280e00 flushing  nmethod 0x0000027b909f8a90
Event: 671.545 Thread 0x0000027b8b280e00 flushing  nmethod 0x0000027b90078b10
Event: 671.545 Thread 0x0000027b8b280e00 flushing  nmethod 0x0000027b90b69910
Event: 671.545 Thread 0x0000027b8b280e00 flushing  nmethod 0x0000027b916db990
Event: 671.545 Thread 0x0000027b8b280e00 flushing  nmethod 0x0000027b905bac10
Event: 671.545 Thread 0x0000027b8b280e00 flushing  nmethod 0x0000027b912c7e90
Event: 671.545 Thread 0x0000027b8b280e00 flushing  nmethod 0x0000027b91fa8090
Event: 671.545 Thread 0x0000027b8b280e00 flushing  nmethod 0x0000027b90b69e90
Event: 671.545 Thread 0x0000027b8b280e00 flushing  nmethod 0x0000027b8f93bf10
Event: 671.545 Thread 0x0000027b8b280e00 flushing  nmethod 0x0000027b8fec2a90
Event: 671.545 Thread 0x0000027b8b280e00 flushing  nmethod 0x0000027b91dda910
Event: 671.545 Thread 0x0000027b8b280e00 flushing  nmethod 0x0000027b91976390
Event: 671.545 Thread 0x0000027b8b280e00 flushing  nmethod 0x0000027b91a8ef90
Event: 671.545 Thread 0x0000027b8b280e00 flushing  nmethod 0x0000027b9177ac10
Event: 671.545 Thread 0x0000027b8b280e00 flushing  nmethod 0x0000027b91715b90
Event: 671.545 Thread 0x0000027b8b280e00 flushing  nmethod 0x0000027b90409e90
Event: 671.545 Thread 0x0000027b8b280e00 flushing  nmethod 0x0000027b90da3c10

Events (250 events):
Event: 172.507 Thread 0x0000027ff955ad00 Thread exited: 0x0000027ff955ad00
Event: 172.771 Thread 0x0000028013a8cc80 Thread exited: 0x0000028013a8cc80
Event: 186.387 Thread 0x0000027b8b6c9760 Thread added: 0x000002800ecea3f0
Event: 186.387 Thread 0x0000027b8b6c9760 Thread added: 0x000002800eceaac0
Event: 186.387 Thread 0x0000027b8b6c9760 Thread added: 0x000002800ece7440
Event: 186.387 Thread 0x0000027b8b6c9760 Thread added: 0x000002800eceb190
Event: 187.896 Thread 0x000002800eceb190 Thread exited: 0x000002800eceb190
Event: 191.785 Thread 0x000002800ece7440 Thread exited: 0x000002800ece7440
Event: 191.786 Thread 0x000002800eceaac0 Thread exited: 0x000002800eceaac0
Event: 193.097 Thread 0x000002800ecea3f0 Thread exited: 0x000002800ecea3f0
Event: 203.577 Thread 0x0000027b8b6c9760 Thread added: 0x000002800ece5900
Event: 203.577 Thread 0x0000027b8b6c9760 Thread added: 0x000002800ece7440
Event: 203.577 Thread 0x0000027b8b6c9760 Thread added: 0x000002800ece8f80
Event: 203.577 Thread 0x0000027b8b6c9760 Thread added: 0x000002800ecea3f0
Event: 203.577 Thread 0x0000027b8b6c9760 Thread added: 0x000002800eceaac0
Event: 203.577 Thread 0x0000027b8b6c9760 Thread added: 0x000002800eceb190
Event: 203.577 Thread 0x0000027b8b6c9760 Thread added: 0x0000027ffb6de2d0
Event: 203.924 Thread 0x0000027ffb6de2d0 Thread exited: 0x0000027ffb6de2d0
Event: 203.924 Thread 0x000002800eceb190 Thread exited: 0x000002800eceb190
Event: 205.717 Thread 0x000002800eceaac0 Thread exited: 0x000002800eceaac0
Event: 207.881 Thread 0x000002800ecea3f0 Thread exited: 0x000002800ecea3f0
Event: 208.531 Thread 0x000002800ece8f80 Thread exited: 0x000002800ece8f80
Event: 208.531 Thread 0x000002800ece7440 Thread exited: 0x000002800ece7440
Event: 209.458 Thread 0x000002800ece5900 Thread exited: 0x000002800ece5900
Event: 212.008 Thread 0x0000027fab5b0480 Thread exited: 0x0000027fab5b0480
Event: 220.521 Thread 0x0000027b8b6c9760 Thread added: 0x0000027ffb6e2020
Event: 220.521 Thread 0x0000027b8b6c9760 Thread added: 0x0000027ffb6db320
Event: 220.521 Thread 0x0000027b8b6c9760 Thread added: 0x0000027ffb6e1280
Event: 220.521 Thread 0x0000027b8b6c9760 Thread added: 0x0000027ffb6dc790
Event: 220.521 Thread 0x0000027b8b6c9760 Thread added: 0x0000027ffb6de2d0
Event: 220.521 Thread 0x0000027b8b6c9760 Thread added: 0x0000027ffb6df740
Event: 220.521 Thread 0x0000027b8b6c9760 Thread added: 0x0000027ffb6dfe10
Event: 223.857 Thread 0x0000027ffb6dfe10 Thread exited: 0x0000027ffb6dfe10
Event: 223.864 Thread 0x0000027ffb6df740 Thread exited: 0x0000027ffb6df740
Event: 223.864 Thread 0x0000027ffb6dc790 Thread exited: 0x0000027ffb6dc790
Event: 223.864 Thread 0x0000027ffb6e2020 Thread exited: 0x0000027ffb6e2020
Event: 223.864 Thread 0x0000027ffb6de2d0 Thread exited: 0x0000027ffb6de2d0
Event: 223.864 Thread 0x0000027ffb6e1280 Thread exited: 0x0000027ffb6e1280
Event: 223.864 Thread 0x0000027ffb6db320 Thread exited: 0x0000027ffb6db320
Event: 223.865 Thread 0x0000027b8b6cbe10 Thread added: 0x0000027ffb6df740
Event: 223.865 Thread 0x0000027b8b6cbe10 Thread added: 0x0000027ffb6db320
Event: 225.553 Thread 0x0000027ffb6df740 Thread exited: 0x0000027ffb6df740
Event: 225.553 Thread 0x0000027ffb6db320 Thread exited: 0x0000027ffb6db320
Event: 232.507 Thread 0x0000027ff9559fe0 Thread exited: 0x0000027ff9559fe0
Event: 232.772 Thread 0x0000028013a8ed50 Thread exited: 0x0000028013a8ed50
Event: 237.585 Thread 0x0000027b8b6c9760 Thread added: 0x0000027ffb6e1280
Event: 237.585 Thread 0x0000027b8b6c9760 Thread added: 0x0000027ffb6e2020
Event: 237.585 Thread 0x0000027b8b6c9760 Thread added: 0x0000027ffb6de2d0
Event: 237.585 Thread 0x0000027b8b6c9760 Thread added: 0x0000027ffb6dc790
Event: 237.586 Thread 0x0000027b8b6c9760 Thread added: 0x0000027ffb6df740
Event: 237.586 Thread 0x0000027b8b6c9760 Thread added: 0x0000027ffb6dfe10
Event: 237.586 Thread 0x0000027b8b6c9760 Thread added: 0x0000027ffb6e04e0
Event: 239.201 Thread 0x0000027ffb6e04e0 Thread exited: 0x0000027ffb6e04e0
Event: 239.201 Thread 0x0000027ffb6dfe10 Thread exited: 0x0000027ffb6dfe10
Event: 240.715 Thread 0x0000027ffb6df740 Thread exited: 0x0000027ffb6df740
Event: 245.715 Thread 0x0000027ffb6dc790 Thread exited: 0x0000027ffb6dc790
Event: 246.235 Thread 0x0000027ffb6de2d0 Thread exited: 0x0000027ffb6de2d0
Event: 246.235 Thread 0x0000027ffb6e1280 Thread exited: 0x0000027ffb6e1280
Event: 246.235 Thread 0x0000027ffb6e2020 Thread exited: 0x0000027ffb6e2020
Event: 272.009 Thread 0x0000027fab5add20 Thread exited: 0x0000027fab5add20
Event: 292.508 Thread 0x0000027ff955e180 Thread exited: 0x0000027ff955e180
Event: 292.773 Thread 0x0000028013a90100 Thread exited: 0x0000028013a90100
Event: 332.010 Thread 0x0000027fab5ae3b0 Thread exited: 0x0000027fab5ae3b0
Event: 347.727 Thread 0x000002800cfcabe0 Thread exited: 0x000002800cfcabe0
Event: 347.727 Thread 0x000002800cfc91a0 Thread exited: 0x000002800cfc91a0
Event: 347.727 Thread 0x000002800cfced80 Thread exited: 0x000002800cfced80
Event: 351.855 Thread 0x0000027b8b6cbe10 Thread added: 0x0000027ffb6e0bb0
Event: 352.508 Thread 0x0000027ff955c0b0 Thread exited: 0x0000027ff955c0b0
Event: 352.774 Thread 0x0000028013a8d310 Thread exited: 0x0000028013a8d310
Event: 354.395 Thread 0x0000027ffb6e0bb0 Thread exited: 0x0000027ffb6e0bb0
Event: 355.097 Thread 0x0000027b8b6c9760 Thread added: 0x0000027ffb6e2020
Event: 355.097 Thread 0x0000027b8b6c9760 Thread added: 0x0000027ffb6dc790
Event: 360.152 Thread 0x0000027ffb6dc790 Thread exited: 0x0000027ffb6dc790
Event: 361.497 Thread 0x0000027ffb6e2020 Thread added: 0x0000027ffb6dc790
Event: 366.550 Thread 0x0000027ffb6dc790 Thread exited: 0x0000027ffb6dc790
Event: 367.830 Thread 0x0000027ffb6e2020 Thread exited: 0x0000027ffb6e2020
Event: 367.831 Thread 0x0000027b8b6c9760 Thread added: 0x0000027ffb6e1280
Event: 367.831 Thread 0x0000027b8b6c9760 Thread added: 0x0000027ffb6dc790
Event: 372.882 Thread 0x0000027ffb6dc790 Thread exited: 0x0000027ffb6dc790
Event: 372.883 Thread 0x0000027ffb6e1280 Thread exited: 0x0000027ffb6e1280
Event: 392.010 Thread 0x0000027fa9346ab0 Thread exited: 0x0000027fa9346ab0
Event: 412.509 Thread 0x0000027ff95592c0 Thread exited: 0x0000027ff95592c0
Event: 412.741 Thread 0x0000027b8b6c9760 Thread added: 0x0000027ffb6df740
Event: 412.741 Thread 0x0000027b8b6c9760 Thread added: 0x0000027ffb6e0bb0
Event: 412.774 Thread 0x0000028013a921d0 Thread exited: 0x0000028013a921d0
Event: 414.857 Thread 0x0000027ffb6e0bb0 Thread exited: 0x0000027ffb6e0bb0
Event: 414.858 Thread 0x0000027ffb6df740 Thread exited: 0x0000027ffb6df740
Event: 419.037 Thread 0x0000027b8b6c9760 Thread added: 0x0000027ffb6df740
Event: 419.087 Thread 0x0000027b8b6c9760 Thread added: 0x0000027ffb6e2020
Event: 419.087 Thread 0x0000027b8b6c9760 Thread added: 0x0000027ffb6db320
Event: 419.087 Thread 0x0000027b8b6c9760 Thread added: 0x0000027ffb6dfe10
Event: 421.883 Thread 0x0000027ffb6dfe10 Thread exited: 0x0000027ffb6dfe10
Event: 424.590 Thread 0x0000027ffb6db320 Thread exited: 0x0000027ffb6db320
Event: 429.590 Thread 0x0000027ffb6e2020 Thread exited: 0x0000027ffb6e2020
Event: 429.987 Thread 0x0000027ffb6df740 Thread exited: 0x0000027ffb6df740
Event: 452.011 Thread 0x0000027fab5ad000 Thread exited: 0x0000027fab5ad000
Event: 470.293 Thread 0x0000027b8b6c9760 Thread added: 0x0000027ffb6e0bb0
Event: 470.293 Thread 0x0000027b8b6c9760 Thread added: 0x0000027ffb6df740
Event: 470.293 Thread 0x0000027b8b6c9760 Thread added: 0x0000027ffb6dfe10
Event: 470.293 Thread 0x0000027b8b6c9760 Thread added: 0x0000027ffb6e1280
Event: 470.293 Thread 0x0000027b8b6c9760 Thread added: 0x0000027ffb6e2020
Event: 470.293 Thread 0x0000027b8b6c9760 Thread added: 0x0000027ffb6dc790
Event: 470.293 Thread 0x0000027b8b6c9760 Thread added: 0x0000027ffb6db320
Event: 472.510 Thread 0x0000027ff9557f10 Thread exited: 0x0000027ff9557f10
Event: 472.775 Thread 0x0000028013a92ef0 Thread exited: 0x0000028013a92ef0
Event: 475.297 Thread 0x0000027ffb6db320 Thread exited: 0x0000027ffb6db320
Event: 475.297 Thread 0x0000027ffb6e2020 Thread exited: 0x0000027ffb6e2020
Event: 475.297 Thread 0x0000027ffb6e1280 Thread exited: 0x0000027ffb6e1280
Event: 475.297 Thread 0x0000027ffb6dc790 Thread exited: 0x0000027ffb6dc790
Event: 480.297 Thread 0x0000027ffb6dfe10 Thread exited: 0x0000027ffb6dfe10
Event: 485.297 Thread 0x0000027ffb6df740 Thread exited: 0x0000027ffb6df740
Event: 485.604 Thread 0x0000027ffb6e0bb0 Thread exited: 0x0000027ffb6e0bb0
Event: 512.012 Thread 0x0000027fab5af760 Thread exited: 0x0000027fab5af760
Event: 521.482 Thread 0x0000027b8b6c9760 Thread added: 0x0000027ffb6df740
Event: 521.482 Thread 0x0000027b8b6c9760 Thread added: 0x0000027ffb6dfe10
Event: 521.482 Thread 0x0000027b8b6c9760 Thread added: 0x0000027ffb6e0bb0
Event: 521.482 Thread 0x0000027b8b6c9760 Thread added: 0x0000027ffb6dc790
Event: 521.482 Thread 0x0000027b8b6c9760 Thread added: 0x0000027ffb6e1280
Event: 521.482 Thread 0x0000027b8b6c9760 Thread added: 0x0000027ffb6db320
Event: 521.482 Thread 0x0000027b8b6c9760 Thread added: 0x0000027ffb6e2020
Event: 526.488 Thread 0x0000027ffb6e2020 Thread exited: 0x0000027ffb6e2020
Event: 526.489 Thread 0x0000027ffb6db320 Thread exited: 0x0000027ffb6db320
Event: 531.489 Thread 0x0000027ffb6dc790 Thread exited: 0x0000027ffb6dc790
Event: 531.489 Thread 0x0000027ffb6e1280 Thread exited: 0x0000027ffb6e1280
Event: 532.511 Thread 0x0000027fa93484f0 Thread exited: 0x0000027fa93484f0
Event: 532.776 Thread 0x0000028013a8e030 Thread exited: 0x0000028013a8e030
Event: 536.489 Thread 0x0000027ffb6e0bb0 Thread exited: 0x0000027ffb6e0bb0
Event: 541.489 Thread 0x0000027ffb6dfe10 Thread exited: 0x0000027ffb6dfe10
Event: 546.489 Thread 0x0000027ffb6df740 Thread exited: 0x0000027ffb6df740
Event: 572.012 Thread 0x0000027faab8bd30 Thread exited: 0x0000027faab8bd30
Event: 592.511 Thread 0x0000027ff955cdd0 Thread exited: 0x0000027ff955cdd0
Event: 592.777 Thread 0x0000028013a8f3e0 Thread exited: 0x0000028013a8f3e0
Event: 632.013 Thread 0x0000027fab5aea40 Thread exited: 0x0000027fab5aea40
Event: 652.512 Thread 0x0000027ff955a670 Thread exited: 0x0000027ff955a670
Event: 652.777 Thread 0x0000028013a914b0 Thread exited: 0x0000028013a914b0
Event: 692.013 Thread 0x0000027fab5af0d0 Thread exited: 0x0000027fab5af0d0
Event: 712.512 Thread 0x0000027ff9559950 Thread exited: 0x0000027ff9559950
Event: 712.778 Thread 0x0000028013a8fa70 Thread exited: 0x0000028013a8fa70
Event: 748.079 Thread 0x0000027b8b6cbe10 Thread added: 0x0000027ffb6df740
Event: 748.125 Thread 0x0000027ffb6df740 Thread added: 0x0000027ffb6dfe10
Event: 748.658 Thread 0x0000027ffb6dfe10 Thread exited: 0x0000027ffb6dfe10
Event: 751.325 Thread 0x0000027ffb6df740 Thread exited: 0x0000027ffb6df740
Event: 751.492 Thread 0x0000027b8b6cbe10 Thread added: 0x0000027ffb6df740
Event: 751.492 Thread 0x0000027b8b6cbe10 Thread added: 0x0000027ffb6e1280
Event: 752.015 Thread 0x0000027faac34b10 Thread exited: 0x0000027faac34b10
Event: 752.242 Thread 0x0000027ffb6e1280 Thread exited: 0x0000027ffb6e1280
Event: 752.242 Thread 0x0000027ffb6df740 Thread exited: 0x0000027ffb6df740
Event: 772.513 Thread 0x0000027ff955d460 Thread exited: 0x0000027ff955d460
Event: 772.779 Thread 0x0000028013a8d9a0 Thread exited: 0x0000028013a8d9a0
Event: 792.964 Thread 0x0000027b8ba4f3a0 Thread added: 0x0000028012b08c60
Event: 792.967 Thread 0x0000027b8b6cbe10 Thread added: 0x0000027ffb6e1280
Event: 792.967 Thread 0x0000027b8b6cbe10 Thread added: 0x0000027ffb6df740
Event: 792.967 Thread 0x0000027b8b6cbe10 Thread added: 0x0000027ffb6dfe10
Event: 792.967 Thread 0x0000027ffb6df740 Thread added: 0x0000027ffb6e2020
Event: 792.969 Thread 0x0000027b8b6cbe10 Thread added: 0x0000027ffb6db320
Event: 793.358 Thread 0x0000027ffb6db320 Thread exited: 0x0000027ffb6db320
Event: 793.491 Thread 0x0000027ffb6e2020 Thread exited: 0x0000027ffb6e2020
Event: 794.097 Thread 0x0000027b8b6cbe10 Thread added: 0x000002800eceb190
Event: 794.097 Thread 0x0000027b8b6cbe10 Thread added: 0x000002800ecec600
Event: 794.224 Thread 0x000002800ecec600 Thread exited: 0x000002800ecec600
Event: 794.224 Thread 0x000002800eceb190 Thread exited: 0x000002800eceb190
Event: 794.599 Thread 0x0000027b8b6c9760 Thread added: 0x000002800eceb190
Event: 794.599 Thread 0x0000027b8b6c9760 Thread added: 0x000002800ecec600
Event: 794.708 Thread 0x000002800ecec600 Thread exited: 0x000002800ecec600
Event: 794.741 Thread 0x000002800eceb190 Thread exited: 0x000002800eceb190
Event: 795.675 Thread 0x0000027ffb6dfe10 Thread exited: 0x0000027ffb6dfe10
Event: 797.600 Thread 0x0000027b8b6cbe10 Thread added: 0x000002800ecec600
Event: 797.600 Thread 0x0000027b8b6cbe10 Thread added: 0x000002800eceb190
Event: 797.611 Thread 0x0000027ffb6e1280 Thread added: 0x000002800ece5900
Event: 797.611 Thread 0x0000027ffb6e1280 Thread added: 0x000002800ece7440
Event: 797.678 Thread 0x000002800eceb190 Thread added: 0x000002800ece66a0
Event: 797.940 Thread 0x000002800ece66a0 Thread exited: 0x000002800ece66a0
Event: 798.057 Thread 0x000002800ece7440 Thread exited: 0x000002800ece7440
Event: 798.057 Thread 0x000002800ece5900 Thread exited: 0x000002800ece5900
Event: 798.507 Thread 0x000002800eceb190 Thread exited: 0x000002800eceb190
Event: 798.524 Thread 0x000002800ecec600 Thread exited: 0x000002800ecec600
Event: 799.812 Thread 0x0000027ffb6df740 Thread exited: 0x0000027ffb6df740
Event: 800.063 Thread 0x0000027b8b6cbe10 Thread added: 0x0000028064cd40a0
Event: 800.331 Thread 0x0000028064cd40a0 Thread exited: 0x0000028064cd40a0
Event: 800.381 Thread 0x0000027ffb6e1280 Thread added: 0x0000028064cd40a0
Event: 800.533 Thread 0x0000028064cd40a0 Thread exited: 0x0000028064cd40a0
Event: 801.998 Thread 0x0000027ffb6e1280 Thread exited: 0x0000027ffb6e1280
Event: 802.682 Thread 0x0000027b8b6c9760 Thread added: 0x0000028064cd40a0
Event: 802.682 Thread 0x0000027b8b6c9760 Thread added: 0x0000028064cd4e40
Event: 802.737 Thread 0x0000027b8ba4f3a0 Thread added: 0x000002800cfc0e60
Event: 803.213 Thread 0x0000028064cd4e40 Thread exited: 0x0000028064cd4e40
Event: 803.213 Thread 0x0000028064cd40a0 Thread exited: 0x0000028064cd40a0
Event: 803.497 Thread 0x0000027b8b6cbe10 Thread added: 0x0000028064cd40a0
Event: 803.497 Thread 0x0000027b8b6cbe10 Thread added: 0x0000028064ccfc80
Event: 803.497 Thread 0x0000027b8b6cbe10 Thread added: 0x0000028064cd0350
Event: 804.847 Thread 0x0000028064cd0350 Thread exited: 0x0000028064cd0350
Event: 806.881 Thread 0x0000028064ccfc80 Thread exited: 0x0000028064ccfc80
Event: 806.997 Thread 0x0000028064cd40a0 Thread exited: 0x0000028064cd40a0
Event: 809.148 Thread 0x0000027b8b6cbe10 Thread added: 0x0000028064cd0a20
Event: 809.148 Thread 0x0000027b8b6cbe10 Thread added: 0x0000028064ccfc80
Event: 809.148 Thread 0x0000027b8b6cbe10 Thread added: 0x0000028064cd40a0
Event: 809.782 Thread 0x0000028064ccfc80 Thread exited: 0x0000028064ccfc80
Event: 809.782 Thread 0x0000028064cd40a0 Thread exited: 0x0000028064cd40a0
Event: 810.032 Thread 0x0000028064cd0a20 Thread exited: 0x0000028064cd0a20
Event: 811.283 Thread 0x0000027b8b6cbe10 Thread added: 0x0000028064cd5be0
Event: 811.283 Thread 0x0000027b8b6cbe10 Thread added: 0x0000028064ccfc80
Event: 811.283 Thread 0x0000027b8b6cbe10 Thread added: 0x0000028064cd40a0
Event: 812.015 Thread 0x0000027faa53e2e0 Thread exited: 0x0000027faa53e2e0
Event: 812.032 Thread 0x0000028064cd40a0 Thread exited: 0x0000028064cd40a0
Event: 812.032 Thread 0x0000028064ccfc80 Thread exited: 0x0000028064ccfc80
Event: 812.315 Thread 0x0000028064cd5be0 Thread exited: 0x0000028064cd5be0
Event: 822.255 Thread 0x0000027b8b6cbe10 Thread added: 0x0000028064cd40a0
Event: 825.292 Thread 0x0000027b8b6c9760 Thread added: 0x0000028064cd5be0
Event: 825.580 Thread 0x0000028064cd40a0 Thread exited: 0x0000028064cd40a0
Event: 825.580 Thread 0x0000028064cd5be0 Thread exited: 0x0000028064cd5be0
Event: 825.733 Thread 0x0000027b8ba4f3a0 Thread added: 0x000002800cfcbf90
Event: 825.733 Thread 0x0000027b8ba4f3a0 Thread added: 0x000002800cfcc620
Event: 828.414 Thread 0x000002800cfcbf90 Thread exited: 0x000002800cfcbf90
Event: 828.414 Thread 0x000002800cfcc620 Thread exited: 0x000002800cfcc620
Event: 831.776 Thread 0x0000027b8ba4f3a0 Thread added: 0x000002800cfc91a0
Event: 831.777 Thread 0x0000027b8ba4f3a0 Thread added: 0x000002800cfc9830
Event: 832.514 Thread 0x0000027fa934b2e0 Thread exited: 0x0000027fa934b2e0
Event: 832.780 Thread 0x0000028013a91b40 Thread exited: 0x0000028013a91b40
Event: 835.224 Thread 0x000002800cfc91a0 Thread exited: 0x000002800cfc91a0
Event: 835.224 Thread 0x000002800cfc9830 Thread exited: 0x000002800cfc9830
Event: 848.123 Thread 0x0000027b8ba4f3a0 Thread added: 0x000002800cfcd9d0
Event: 848.123 Thread 0x0000027b8ba4f3a0 Thread added: 0x000002800cfc6a40
Event: 848.397 Thread 0x0000027b8b6cbe10 Thread added: 0x0000028064cd0a20
Event: 848.398 Thread 0x0000027b8b6cbe10 Thread added: 0x0000028064cd40a0
Event: 848.398 Thread 0x0000027b8b6cbe10 Thread added: 0x0000028064cd0350
Event: 850.222 Thread 0x0000027b8ba4f3a0 Thread added: 0x000002800cfcbf90
Event: 850.231 Thread 0x0000027b8b6cbe10 Thread added: 0x0000028064cd5be0
Event: 850.285 Thread 0x000002800cfcbf90 Thread added: 0x000002800cfcb270
Event: 850.285 Thread 0x000002800cfcbf90 Thread added: 0x000002800cfcc620
Event: 850.285 Thread 0x000002800cfcbf90 Thread exited: 0x000002800cfcbf90
Event: 850.312 Thread 0x000002800cfcc620 Thread exited: 0x000002800cfcc620
Event: 850.397 Thread 0x0000028064cd5be0 Thread exited: 0x0000028064cd5be0
Event: 850.614 Thread 0x0000027b8b6c9760 Thread added: 0x0000028064cd5be0
Event: 850.747 Thread 0x0000028064cd5be0 Thread exited: 0x0000028064cd5be0
Event: 850.848 Thread 0x0000028064cd0350 Thread exited: 0x0000028064cd0350
Event: 851.264 Thread 0x0000028064cd40a0 Thread exited: 0x0000028064cd40a0
Event: 852.181 Thread 0x0000028064cd0a20 Thread exited: 0x0000028064cd0a20
Event: 852.970 Thread 0x0000028012b08c60 Thread exited: 0x0000028012b08c60
Event: 854.449 Thread 0x0000027b8ba4f3a0 Thread added: 0x000002800cfcbf90
Event: 854.461 Thread 0x000002800cfcbf90 Thread added: 0x000002800cfc9830
Event: 854.470 Thread 0x0000027b8b6c9760 Thread added: 0x0000028064cd40a0
Event: 857.185 Thread 0x0000028064cd40a0 Thread exited: 0x0000028064cd40a0
Event: 859.422 Thread 0x000002800cfcd9d0 Thread exited: 0x000002800cfcd9d0
Event: 859.422 Thread 0x000002800cfc6a40 Thread exited: 0x000002800cfc6a40
Event: 859.458 Thread 0x000002800cfc9830 Thread added: 0x0000028013a90e20
Event: 859.458 Thread 0x000002800cfc9830 Thread added: 0x0000028013a8fa70
Event: 859.459 Thread 0x0000028013a90e20 Thread exited: 0x0000028013a90e20
Event: 859.459 Thread 0x0000028013a8fa70 Thread exited: 0x0000028013a8fa70
Event: 859.466 Thread 0x000002800cfc9830 Thread added: 0x0000028013a91b40
Event: 859.466 Thread 0x000002800cfc9830 Thread added: 0x0000028013a90e20


Dynamic libraries:
0x00007ff6dc730000 - 0x00007ff6dc745000 	C:\Games\Minecraft\Install\runtime\minecraft-java-exe\windows-x64\minecraft-java-exe\MinecraftJava.exe
0x00007ffdfb650000 - 0x00007ffdfb847000 	C:\Windows\SYSTEM32\ntdll.dll
0x00007ffdfa590000 - 0x00007ffdfa64d000 	C:\Windows\System32\KERNEL32.DLL
0x00007ffdf9190000 - 0x00007ffdf9486000 	C:\Windows\System32\KERNELBASE.dll
0x00007ffdfa800000 - 0x00007ffdfa99e000 	C:\Windows\System32\USER32.dll
0x00007ffdf8d60000 - 0x00007ffdf8d82000 	C:\Windows\System32\win32u.dll
0x00007ffdfa290000 - 0x00007ffdfa2bc000 	C:\Windows\System32\GDI32.dll
0x00007ffdf8ec0000 - 0x00007ffdf8fda000 	C:\Windows\System32\gdi32full.dll
0x00007ffdf8d90000 - 0x00007ffdf8e2d000 	C:\Windows\System32\msvcp_win.dll
0x00007ffdf9090000 - 0x00007ffdf9190000 	C:\Windows\System32\ucrtbase.dll
0x00007ffdd9890000 - 0x00007ffdd9918000 	C:\Windows\SYSTEM32\MSVCP140.dll
0x00007ffdd9930000 - 0x00007ffdd994e000 	C:\Windows\SYSTEM32\VCRUNTIME140.dll
0x00007ffdd9920000 - 0x00007ffdd992b000 	C:\Windows\SYSTEM32\VCRUNTIME140_1.dll
0x00007ffdf9990000 - 0x00007ffdf99c0000 	C:\Windows\System32\IMM32.DLL
0x00007ffdd5fd0000 - 0x00007ffdd5fe8000 	C:\Games\Minecraft\Install\runtime\java-runtime-delta\windows-x64\java-runtime-delta\bin\jli.dll
0x00007ffddcbb0000 - 0x00007ffddcc60000 	C:\Windows\WinSxS\amd64_microsoft.windows.common-controls_6595b64144ccf1df_5.82.19041.3570_none_793094a72440f60b\COMCTL32.dll
0x00007ffdfaa60000 - 0x00007ffdfab0e000 	C:\Windows\System32\ADVAPI32.dll
0x00007ffdfb210000 - 0x00007ffdfb2ae000 	C:\Windows\System32\msvcrt.dll
0x00007ffdfa2c0000 - 0x00007ffdfa35c000 	C:\Windows\System32\sechost.dll
0x00007ffdfab10000 - 0x00007ffdfac36000 	C:\Windows\System32\RPCRT4.dll
0x00007ffdd5f90000 - 0x00007ffdd5fad000 	C:\Games\Minecraft\Install\runtime\java-runtime-delta\windows-x64\java-runtime-delta\bin\vcruntime140.dll
0x00007ffdd6860000 - 0x00007ffdd686c000 	C:\Games\Minecraft\Install\runtime\java-runtime-delta\windows-x64\java-runtime-delta\bin\vcruntime140_1.dll
0x00007ffd43ac0000 - 0x00007ffd43b4d000 	C:\Games\Minecraft\Install\runtime\java-runtime-delta\windows-x64\java-runtime-delta\bin\msvcp140.dll
0x00007ffcd5510000 - 0x00007ffcd62a8000 	C:\Games\Minecraft\Install\runtime\java-runtime-delta\windows-x64\java-runtime-delta\bin\server\jvm.dll
0x00007ffdfac50000 - 0x00007ffdfacbb000 	C:\Windows\System32\WS2_32.dll
0x00007ffdf8250000 - 0x00007ffdf829b000 	C:\Windows\SYSTEM32\POWRPROF.dll
0x00007ffdf2580000 - 0x00007ffdf258a000 	C:\Windows\SYSTEM32\VERSION.dll
0x00007ffdea710000 - 0x00007ffdea737000 	C:\Windows\SYSTEM32\WINMM.dll
0x00007ffdf80c0000 - 0x00007ffdf80d2000 	C:\Windows\SYSTEM32\UMPDC.dll
0x00007ffdf6b60000 - 0x00007ffdf6b72000 	C:\Windows\SYSTEM32\kernel.appcore.dll
0x00007ffdd6830000 - 0x00007ffdd683a000 	C:\Games\Minecraft\Install\runtime\java-runtime-delta\windows-x64\java-runtime-delta\bin\jimage.dll
0x00007ffdeefb0000 - 0x00007ffdef194000 	C:\Windows\SYSTEM32\DBGHELP.DLL
0x00007ffdee5b0000 - 0x00007ffdee5e4000 	C:\Windows\SYSTEM32\dbgcore.DLL
0x00007ffdf8e30000 - 0x00007ffdf8eb2000 	C:\Windows\System32\bcryptPrimitives.dll
0x00007ffdd6750000 - 0x00007ffdd675f000 	C:\Games\Minecraft\Install\runtime\java-runtime-delta\windows-x64\java-runtime-delta\bin\instrument.dll
0x00007ffdd1d00000 - 0x00007ffdd1d20000 	C:\Games\Minecraft\Install\runtime\java-runtime-delta\windows-x64\java-runtime-delta\bin\java.dll
0x00007ffd857c0000 - 0x00007ffd857d8000 	C:\Games\Minecraft\Install\runtime\java-runtime-delta\windows-x64\java-runtime-delta\bin\zip.dll
0x00007ffdf9a70000 - 0x00007ffdfa1b4000 	C:\Windows\System32\SHELL32.dll
0x00007ffdf6d60000 - 0x00007ffdf74fb000 	C:\Windows\SYSTEM32\windows.storage.dll
0x00007ffdfb2b0000 - 0x00007ffdfb604000 	C:\Windows\System32\combase.dll
0x00007ffdf86e0000 - 0x00007ffdf870d000 	C:\Windows\SYSTEM32\Wldp.dll
0x00007ffdf9790000 - 0x00007ffdf983d000 	C:\Windows\System32\SHCORE.dll
0x00007ffdfa9a0000 - 0x00007ffdfa9f5000 	C:\Windows\System32\shlwapi.dll
0x00007ffdf8c60000 - 0x00007ffdf8c85000 	C:\Windows\SYSTEM32\profapi.dll
0x00007ffd439e0000 - 0x00007ffd43ab6000 	C:\Games\Minecraft\Install\runtime\java-runtime-delta\windows-x64\java-runtime-delta\bin\jsvml.dll
0x00007ffdd3a40000 - 0x00007ffdd3a50000 	C:\Games\Minecraft\Install\runtime\java-runtime-delta\windows-x64\java-runtime-delta\bin\net.dll
0x00007ffdf1d30000 - 0x00007ffdf1e3a000 	C:\Windows\SYSTEM32\WINHTTP.dll
0x00007ffdf8440000 - 0x00007ffdf84aa000 	C:\Windows\system32\mswsock.dll
0x00007ffd6c010000 - 0x00007ffd6c026000 	C:\Games\Minecraft\Install\runtime\java-runtime-delta\windows-x64\java-runtime-delta\bin\nio.dll
0x00007ffdcfe80000 - 0x00007ffdcfe8a000 	C:\Games\Minecraft\Install\runtime\java-runtime-delta\windows-x64\java-runtime-delta\bin\management.dll
0x00007ffdcda60000 - 0x00007ffdcda6b000 	C:\Games\Minecraft\Install\runtime\java-runtime-delta\windows-x64\java-runtime-delta\bin\management_ext.dll
0x00007ffdf9840000 - 0x00007ffdf9848000 	C:\Windows\System32\PSAPI.DLL
0x00007ffdced00000 - 0x00007ffdced17000 	C:\Windows\system32\napinsp.dll
0x00007ffdcece0000 - 0x00007ffdcecfb000 	C:\Windows\system32\pnrpnsp.dll
0x00007ffdcecc0000 - 0x00007ffdcecd5000 	C:\Windows\system32\wshbth.dll
0x00007ffdf5860000 - 0x00007ffdf587d000 	C:\Windows\system32\NLAapi.dll
0x00007ffdf80e0000 - 0x00007ffdf811b000 	C:\Windows\SYSTEM32\IPHLPAPI.DLL
0x00007ffdf8130000 - 0x00007ffdf81fa000 	C:\Windows\SYSTEM32\DNSAPI.dll
0x00007ffdfac40000 - 0x00007ffdfac48000 	C:\Windows\System32\NSI.dll
0x00007ffdceca0000 - 0x00007ffdcecb2000 	C:\Windows\System32\winrnr.dll
0x00007ffdee860000 - 0x00007ffdee86a000 	C:\Windows\System32\rasadhlp.dll
0x00007ffdee5f0000 - 0x00007ffdee672000 	C:\Windows\System32\fwpuclnt.dll
0x00007ffdf8d30000 - 0x00007ffdf8d57000 	C:\Windows\System32\bcrypt.dll
0x00007ffdcc250000 - 0x00007ffdcc260000 	C:\Games\Minecraft\Install\runtime\java-runtime-delta\windows-x64\java-runtime-delta\bin\verify.dll
0x00007ffdf8640000 - 0x00007ffdf8658000 	C:\Windows\SYSTEM32\CRYPTSP.dll
0x00007ffdf7ce0000 - 0x00007ffdf7d14000 	C:\Windows\system32\rsaenh.dll
0x00007ffdf8be0000 - 0x00007ffdf8c0e000 	C:\Windows\SYSTEM32\USERENV.dll
0x00007ffdf8630000 - 0x00007ffdf863c000 	C:\Windows\SYSTEM32\CRYPTBASE.dll
0x00007ffcde790000 - 0x00007ffcde80b000 	C:\Games\Minecraft\Install\versions\neoforge-21.1.233\neoforge-21.1.233-natives-29438877515800\lwjgl.dll
0x00007ffcdddc0000 - 0x00007ffcde030000 	C:\Games\Minecraft\Install\versions\neoforge-21.1.233\neoforge-21.1.233-natives-29438877515800\jemalloc.dll
0x00007ffcde700000 - 0x00007ffcde782000 	C:\Games\Minecraft\Install\versions\neoforge-21.1.233\neoforge-21.1.233-natives-29438877515800\glfw.dll
0x00007ffda4ad0000 - 0x00007ffda4b15000 	C:\Windows\SYSTEM32\dinput8.dll
0x00007ffda9840000 - 0x00007ffda9851000 	C:\Windows\SYSTEM32\xinput1_4.dll
0x00007ffdf9500000 - 0x00007ffdf954e000 	C:\Windows\System32\cfgmgr32.dll
0x00007ffdf8ae0000 - 0x00007ffdf8b13000 	C:\Windows\SYSTEM32\DEVOBJ.dll
0x00007ffdf6a50000 - 0x00007ffdf6a7f000 	C:\Windows\SYSTEM32\dwmapi.dll
0x00007ffdf28d0000 - 0x00007ffdf2a22000 	C:\Windows\SYSTEM32\inputhost.dll
0x00007ffdfa1c0000 - 0x00007ffdfa28d000 	C:\Windows\System32\OLEAUT32.dll
0x00007ffdf5700000 - 0x00007ffdf5855000 	C:\Windows\SYSTEM32\wintypes.dll
0x00007ffdf62a0000 - 0x00007ffdf6392000 	C:\Windows\SYSTEM32\CoreMessaging.dll
0x00007ffdf43d0000 - 0x00007ffdf44c6000 	C:\Windows\SYSTEM32\PROPSYS.dll
0x00007ffdf5f40000 - 0x00007ffdf629b000 	C:\Windows\SYSTEM32\CoreUIComponents.dll
0x00007ffdf7e20000 - 0x00007ffdf7e53000 	C:\Windows\SYSTEM32\ntmarta.dll
0x00007ffdf65f0000 - 0x00007ffdf668e000 	C:\Windows\system32\uxtheme.dll
0x00007ffdfa6e0000 - 0x00007ffdfa7f4000 	C:\Windows\System32\MSCTF.dll
0x00007ffdced20000 - 0x00007ffdcee45000 	C:\Windows\SYSTEM32\opengl32.dll
0x00007ffdcec30000 - 0x00007ffdcec5c000 	C:\Windows\SYSTEM32\GLU32.dll
0x00007ffdf99c0000 - 0x00007ffdf9a69000 	C:\Windows\System32\clbcatq.dll
0x00007ffd63430000 - 0x00007ffd662b5000 	C:\Windows\System32\DriverStore\FileRepository\nv_dispi.inf_amd64_6f3cfb7117944855\nvoglv64.dll
0x00007ffdfada0000 - 0x00007ffdfb20e000 	C:\Windows\System32\SETUPAPI.dll
0x00007ffdf9860000 - 0x00007ffdf998b000 	C:\Windows\System32\ole32.dll
0x00007ffdf4620000 - 0x00007ffdf4634000 	C:\Windows\SYSTEM32\WTSAPI32.dll
0x00007ffdf8870000 - 0x00007ffdf8882000 	C:\Windows\SYSTEM32\msasn1.dll
0x00007ffdf0200000 - 0x00007ffdf0231000 	C:\Windows\SYSTEM32\cryptnet.dll
0x00007ffdf9550000 - 0x00007ffdf96ad000 	C:\Windows\System32\CRYPT32.dll
0x00007ffdef4b0000 - 0x00007ffdef5f8000 	C:\Windows\SYSTEM32\drvstore.dll
0x00007ffdf9490000 - 0x00007ffdf94f7000 	C:\Windows\System32\WINTRUST.dll
0x00007ffdfa360000 - 0x00007ffdfa37d000 	C:\Windows\System32\imagehlp.dll
0x00007ffde42f0000 - 0x00007ffdea0fd000 	C:\Windows\System32\DriverStore\FileRepository\nv_dispi.inf_amd64_6f3cfb7117944855\nvgpucomp64.dll
0x00007ffdebff0000 - 0x00007ffdec02b000 	C:\Windows\SYSTEM32\dxcore.dll
0x00007ffdf7970000 - 0x00007ffdf79cb000 	C:\Windows\SYSTEM32\WINSTA.dll
0x00007ffdf2a30000 - 0x00007ffdf2b2a000 	C:\Windows\SYSTEM32\textinputframework.dll
0x00007ffd6bf30000 - 0x00007ffd6bf8e000 	C:\Games\Minecraft\Install\versions\neoforge-21.1.233\neoforge-21.1.233-natives-29438877515800\lwjgl_opengl.dll
0x00007ffd43990000 - 0x00007ffd439d5000 	C:\Games\Minecraft\Install\versions\neoforge-21.1.233\neoforge-21.1.233-natives-29438877515800\jna18356465218963315834.dll
0x00007ffcddc90000 - 0x00007ffcddd2c000 	C:\Users\Max\AppData\Local\Temp\discord-rpc\discord-rpc.dll
0x00007ffdc6ea0000 - 0x00007ffdc6eae000 	C:\Games\Minecraft\Install\runtime\java-runtime-delta\windows-x64\java-runtime-delta\bin\sunmscapi.dll
0x00007ffdf8750000 - 0x00007ffdf8777000 	C:\Windows\SYSTEM32\ncrypt.dll
0x00007ffdf8710000 - 0x00007ffdf874b000 	C:\Windows\SYSTEM32\NTASN1.dll
0x00007ffdc6800000 - 0x00007ffdc6809000 	C:\Games\Minecraft\Install\runtime\java-runtime-delta\windows-x64\java-runtime-delta\bin\extnet.dll
0x00007ffd38ce0000 - 0x00007ffd38d25000 	C:\Games\Minecraft\Install\versions\neoforge-21.1.233\neoforge-21.1.233-natives-29438877515800\jna13954754049002051969.dll
0x00007ffde3100000 - 0x00007ffde311f000 	C:\Windows\SYSTEM32\amsi.dll
0x00007ffdeb930000 - 0x00007ffdeb979000 	C:\Windows\SYSTEM32\Pdh.dll
0x00007ffcd5480000 - 0x00007ffcd5502000 	C:\Games\Minecraft\Install\versions\neoforge-21.1.233\neoforge-21.1.233-natives-29438877515800\lwjgl_stb.dll
0x00007ffdeee70000 - 0x00007ffdeef1e000 	C:\Windows\SYSTEM32\mscms.dll
0x00007ffdeee50000 - 0x00007ffdeee61000 	C:\Windows\SYSTEM32\ColorAdapterClient.dll
0x00007ffcde6b0000 - 0x00007ffcde6f3000 	C:\Windows\SYSTEM32\icm32.dll
0x00007ffcd52f0000 - 0x00007ffcd547e000 	C:\Games\Minecraft\Install\runtime\java-runtime-delta\windows-x64\java-runtime-delta\bin\awt.dll
0x00007ffdf8a30000 - 0x00007ffdf8ac0000 	C:\Windows\SYSTEM32\apphelp.dll
0x00007ffdb3bd0000 - 0x00007ffdb3bd7000 	C:\Windows\system32\wshunix.dll
0x0000027b82520000 - 0x0000027b82523000 	C:\Program Files (x86)\Windows Kits\10\Redist\ucrt\DLLs\x64\api-ms-win-crt-locale-l1-1-0.dll
0x0000027b82530000 - 0x0000027b82534000 	C:\Program Files (x86)\Windows Kits\10\Redist\ucrt\DLLs\x64\api-ms-win-crt-string-l1-1-0.dll
0x0000027b82540000 - 0x0000027b82544000 	C:\Program Files (x86)\Windows Kits\10\Redist\ucrt\DLLs\x64\api-ms-win-crt-stdio-l1-1-0.dll
0x0000027b82550000 - 0x0000027b82555000 	C:\Program Files (x86)\Windows Kits\10\Redist\ucrt\DLLs\x64\api-ms-win-crt-math-l1-1-0.dll
0x0000027b82560000 - 0x0000027b82563000 	C:\Program Files (x86)\Windows Kits\10\Redist\ucrt\DLLs\x64\api-ms-win-crt-heap-l1-1-0.dll
0x0000027b82570000 - 0x0000027b82574000 	C:\Program Files (x86)\Windows Kits\10\Redist\ucrt\DLLs\x64\api-ms-win-crt-runtime-l1-1-0.dll
0x0000027b82580000 - 0x0000027b82584000 	C:\Program Files (x86)\Windows Kits\10\Redist\ucrt\DLLs\x64\api-ms-win-crt-convert-l1-1-0.dll
0x0000027b82590000 - 0x0000027b82593000 	C:\Program Files (x86)\Windows Kits\10\Redist\ucrt\DLLs\x64\api-ms-win-crt-environment-l1-1-0.dll
0x0000027b825a0000 - 0x0000027b825a3000 	C:\Program Files (x86)\Windows Kits\10\Redist\ucrt\DLLs\x64\api-ms-win-crt-time-l1-1-0.dll

dbghelp: loaded successfully - version: 4.0.5 - missing functions: none
symbol engine: initialized successfully - sym options: 0x614 - pdb path: .;C:\Games\Minecraft\Install\runtime\minecraft-java-exe\windows-x64\minecraft-java-exe;C:\Windows\SYSTEM32;C:\Games\Minecraft\Install\runtime\java-runtime-delta\windows-x64\java-runtime-delta\bin;C:\Windows\WinSxS\amd64_microsoft.windows.common-controls_6595b64144ccf1df_5.82.19041.3570_none_793094a72440f60b;C:\Games\Minecraft\Install\runtime\java-runtime-delta\windows-x64\java-runtime-delta\bin\server;C:\Games\Minecraft\Install\versions\neoforge-21.1.233\neoforge-21.1.233-natives-29438877515800;C:\Windows\System32\DriverStore\FileRepository\nv_dispi.inf_amd64_6f3cfb7117944855;C:\Users\Max\AppData\Local\Temp\discord-rpc;C:\Program Files (x86)\Windows Kits\10\Redist\ucrt\DLLs\x64;C:\Users\Max\AppData\Local\Temp\watermedia\ffmpeg;C:\Windows\System32\Speech\Common;C:\Users\Max\AppData\Local\Temp\libopus4j-9783d0e001158567d1e08f6bb3b2c5b5;C:\Users\Max\AppData\Local\Temp\librnnoise4j-40cc1fdd40ca1100a850ddee14466799;C:\Users\Max\AppData\Local\Temp\libspeex4j-e39751f08962f3611e66c90baf107894;C:\Users\Max\AppData\Local\Temp\liblame4j-290c3436fe9f7c2b8e165ddcb5ad66ce;C:\Users\Max\AppData\Local\Temp

VM Arguments:
jvm_args: -Xmx16384m -Xms256m -Dminecraft.applet.TargetDirectory=C:\Games\Minecraft\Instances\Stonebound Eternal -Dfml.ignorePatchDiscrepancies=true -Dfml.ignoreInvalidMinecraftCertificates=true -Duser.language=en -Duser.country=US -DCFInstanceId=436d1a4b-4610-43de-92dd-87d69206f010 -DlibraryDirectory=C:\Games\Minecraft\Install\libraries -XX:+UseZGC -XX:+ZGenerational -XX:+AlwaysPreTouch -XX:+DisableExplicitGC -XX:+ParallelRefProcEnabled -javaagent:C:\Games\Minecraft\Install\sklauncher-fx.jar -DMcEmu=net.minecraft.client.main.Main -Dlog4j2.formatMsgNoLookups=true -Djava.rmi.server.useCodebaseOnly=true -Dcom.sun.jndi.rmi.object.trustURLCodebase=false -Dcom.sun.jndi.cosnaming.object.trustURLCodebase=false -Dsklauncher.discordrpc=true -Dsklauncher.gametype=neoforge -Dsklauncher.minecraft=1.21.1 -Dsklauncher.dns=true -XX:HeapDumpPath=MojangTricksIntelDriversForPerformance_javaw.exe_minecraft.exe.heapdump -Djava.library.path=C:\Games\Minecraft\Install\versions\neoforge-21.1.233\neoforge-21.1.233-natives-29438877515800 -Djna.tmpdir=C:\Games\Minecraft\Install\versions\neoforge-21.1.233\neoforge-21.1.233-natives-29438877515800 -Dorg.lwjgl.system.SharedLibraryExtractPath=C:\Games\Minecraft\Install\versions\neoforge-21.1.233\neoforge-21.1.233-natives-29438877515800 -Dio.netty.native.workdir=C:\Games\Minecraft\Install\versions\neoforge-21.1.233\neoforge-21.1.233-natives-29438877515800 -Dminecraft.launcher.brand=java-minecraft-launcher -Dminecraft.launcher.version=1.6.93 -Djava.net.preferIPv6Addresses=system -DignoreList=client-extra,neoforge-21.1.233.jar -DlibraryDirectory=C:\Games\Minecraft\Install\libraries --module-path=C:\Games\Minecraft\Install\libraries/cpw/mods/bootstraplauncher/2.0.2/bootstraplauncher-2.0.2.jar;C:\Games\Minecraft\Install\libraries/cpw/mods/securejarhandler/3.0.8/securejarhandler-3.0.8.jar;C:\Games\Minecraft\Install\libraries/org/ow2/asm/asm-commons/9.8/asm-commons-9.8.jar;C:\Games\Minecraft\Install\libraries/org/ow2/asm/asm-util/9.8/asm-util-9.8.jar;C:\Games\Minecraft\Install\libraries/org/ow2/asm/asm-analysis/9.8/asm-analysis-9.8.jar;C:\Games\Minecraft\Install\libraries/org/ow2/asm/asm-tree/9.8/asm-tree-9.8.jar;C:\Games\Minecraft\Install\libraries/org/ow2/asm/asm/9.8/asm-9.8.jar;C:\Games\Minecraft\Install\libraries/net/neoforged/JarJarFileSystems/0.4.1/JarJarFileSystems-0.4.1.jar --add-modules=ALL-MODULE-PATH --add-opens=java.base/java.util.jar=cpw.mods.securejarhandler --add-opens=java.base/java.lang.invoke=cpw.mods.securejarhandler --add-exports=java.base/sun.security.util=cpw.mods.securejarhandler --add-exports=jdk.naming.dns/com.sun.jndi.dns=java.naming 
java_command: cpw.mods.bootstraplauncher.BootstrapLauncher --username DedMaxim99 --version neoforge-21.1.233 --gameDir C:\Games\Minecraft\Instances\Stonebound Eternal --assetsDir C:\Games\Minecraft\Install\assets --assetIndex 17 --uuid fd7cca6a716d46b68ea6ecf8dbf25f08 --accessToken eyJraWQiOiIwNDkxODEiLCJhbGciOiJSUzI1NiJ9.eyJ4dWlkIjoiMjUzNTQ3MzYwMDI5NTY5MSIsImFnZyI6IkFkdWx0Iiwic3ViIjoiZDBkYmM1NWUtNDg1ZS00ZDg1LWIwMmMtZjA3YWE3ZjU0NTQ1IiwiYXV0aCI6IlhCT1giLCJucyI6ImRlZmF1bHQiLCJyb2xlcyI6W10sImlzcyI6ImF1dGhlbnRpY2F0aW9uIiwiZmxhZ3MiOlsibXVsdGlwbGF5ZXIiXSwicHJvZmlsZXMiOnsibWMiOiJmZDdjY2E2YS03MTZkLTQ2YjYtOGVhNi1lY2Y4ZGJmMjVmMDgifSwicG1pZCI6ImJjOGFjNjcwLTNmZTMtNTg1YS04MDU2LTZlNzdiZGZiZjViMiIsInBsYXRmb3JtIjoiUENfTEFVTkNIRVIiLCJ0aWQiOiJFOTlCMCIsInBmZCI6W3sidHlwZSI6Im1jIiwiaWQiOiJmZDdjY2E2YS03MTZkLTQ2YjYtOGVhNi1lY2Y4ZGJmMjVmMDgiLCJuYW1lIjoiRGVkTWF4aW05OSJ9XSwieGlkIjoiMjUzNTQ3MzYwMDI5NTY5MSIsIm5iZiI6MTc4MzAxNzU5NCwiZXhwIjoxNzgzMTAzOTk0LCJpYXQiOjE3ODMwMTc1OTQsImFpZCI6IjkwN2EyNDhkLTNlYjUtNGQwMS05OWQyLWZmNzJkNzljNWViMSJ9.iNwdTQRHBHd1x7a5svod0OpiyT1ZabCE3qyqomQZPbwZ1284Kqn4D_x5eDBQ1NFUHINLkOm_rztzjgIw-j_CW3bL1oqTJcafBPucg1xuotNk1FxAE8pWzUwlFsEf01rF5ou7A--LC35cbb5sZfsAddQV5tAdhM5shYe3r7khh_EzPtsij6M5PWodHx79vDBBH0hDV-h6cVtcREOOY7XfKXAnnmHkN_2t_UqCBF1X3MQR_xMJtzoT20qjZUAvtfY-5O1tQ8rbD1je9fehViPyhGfkJfDEAvOUlqTAQKczFvZ7rcYKMY4ghCgrmBisEVl5BDpNtXh4UkzBTr_E86VwKg --clientId 0 --xuid 0 --userType msa --versionType release --width 1024 --height 768 --fml.neoForgeVersion 21.1.233 --fml.fmlVersion 4.0.42 --fml.mcVersion 1.21.1 --fml.neoFormVersion 20240808.144430 --launchTarget forgeclient
java_class_path (initial): C:\Games\Minecraft\Install\libraries\net\neoforged\fancymodloader\earlydisplay\4.0.42\earlydisplay-4.0.42.jar;C:\Games\Minecraft\Install\libraries\net\neoforged\fancymodloader\loader\4.0.42\loader-4.0.42.jar;C:\Games\Minecraft\Install\libraries\net\neoforged\accesstransformers\at-modlauncher\10.0.1\at-modlauncher-10.0.1.jar;C:\Games\Minecraft\Install\libraries\net\neoforged\accesstransformers\10.0.1\accesstransformers-10.0.1.jar;C:\Games\Minecraft\Install\libraries\net\neoforged\bus\8.0.5\bus-8.0.5.jar;C:\Games\Minecraft\Install\libraries\net\neoforged\coremods\7.0.3\coremods-7.0.3.jar;C:\Games\Minecraft\Install\libraries\cpw\mods\modlauncher\11.0.5\modlauncher-11.0.5.jar;C:\Games\Minecraft\Install\libraries\net\neoforged\mergetool\2.0.0\mergetool-2.0.0-api.jar;C:\Games\Minecraft\Install\libraries\com\electronwill\night-config\toml\3.8.3\toml-3.8.3.jar;C:\Games\Minecraft\Install\libraries\com\electronwill\night-config\core\3.8.3\core-3.8.3.jar;C:\Games\Minecraft\Install\libraries\net\neoforged\JarJarSelector\0.4.1\JarJarSelector-0.4.1.jar;C:\Games\Minecraft\Install\libraries\net\neoforged\JarJarMetadata\0.4.1\JarJarMetadata-0.4.1.jar;C:\Games\Minecraft\Install\libraries\org\apache\maven\maven-artifact\3.8.5\maven-artifact-3.8.5.jar;C:\Games\Minecraft\Install\libraries\net\jodah\typetools\0.6.3\typetools-0.6.3.jar;C:\Games\Minecraft\Install\libraries\net\minecrell\terminalconsoleappender\1.3.0\terminalconsoleappender-1.3.0.jar;C:\Games\Minecraft\Install\libraries\net\fabricmc\sponge-mixin\0.15.2+mixin.0.8.7\sponge-mixin-0.15.2+mixin.0.8.7.jar;C:\Games\Minecraft\Install\libraries\org\openjdk\nashorn\nashorn-core\15.4\nashorn-core-15.4.jar;C:\Games\Minecraft\Install\libraries\org\apache\commons\commons-lang3\3.14.0\commons-lang3-3.14.0.jar;C:\Games\Minecraft\Install\libraries\cpw\mods\bootstraplauncher\2.0.2\bootstraplauncher-2.0.2.jar;C:\Games\Minecraft\Install\libraries\cpw\mods\securejarhandler\3.0.8\securejarhandler-3.0.8.jar;C:\Games\Minecraft\Install\libraries\org\ow2\asm\asm-commons\9.8\asm-commons-9.8.jar;C:\Games\Minecraft\Install\libraries\org\ow2\asm\asm-util\9.8\asm-util-9.8.jar;C:\Games\Minecraft\Install\libraries\org\ow2\asm\asm-analysis\9.8\asm-analysis-9.8.jar;C:\Games\Minecraft\Install\libraries\org\ow2\asm\asm-tree\9.8\asm-tree-9.8.jar;C:\Games\Minecraft\Install\libraries\org\ow2\asm\asm\9.8\asm-9.8.jar;C:\Games\Minecraft\Install\libraries\net\neoforged\JarJarFileSystems\0.4.1\JarJarFileSystems-0.4.1.jar;C:\Games\Minecraft\Install\libraries\net\sf\jopt-simple\jopt-simple\5.0.4\jopt-simple-5.0.4.jar;C:\Games\Minecraft\Install\libraries\org\slf4j\slf4j-api\2.0.9\slf4j-api-2.0.9.jar;C:\Games\Minecraft\Install\libraries\org\antlr\antlr4-runtime\4.13.1\antlr4-runtime-4.13.1.jar;C:\Games\Minecraft\Install\libraries\com\mojang\logging\1.2.7\logging-1.2.7.jar;C:\Games\Minecraft\Install\libraries\org\apache\logging\log4j\log4j-slf4j2-impl\2.22.1\log4j-slf4j2-impl-2.22.1.jar;C:\Games\Minecraft\Install\libraries\org\apache\logging\log4j\log4j-core\2.22.1\log4j-core-2.22.1.jar;C:\Games\Minecraft\Install\libraries\org\apache\logging\log4j\log4j-api\2.22.1\log4j-api-2.22.1.jar;C:\Games\Minecraft\Install\libraries\org\jline\jline-reader\3.20.0\jline-reader-3.20.0.jar;C:\Games\Minecraft\Install\libraries\org\jline\jline-terminal\3.20.0\jline-terminal-3.20.0.jar;C:\Games\Minecraft\Install\libraries\commons-io\commons-io\2.15.1\commons-io-2.15.1.jar;C:\Games\Minecraft\Install\libraries\net\minecraftforge\srgutils\0.4.15\srgutils-0.4.15.jar;C:\Games\Minecraft\Install\libraries\com\google\guava\guava\32.1.2-jre\guava-32.1.2-jre.jar;C:\Games\Minecraft\Install\libraries\com\google\guava\failureaccess\1.0.1\failureaccess-1.0.1.jar;C:\Games\Minecraft\Install\libraries\com\google\guava\listenablefuture\9999.0-empty-to-avoid-conflict-with-guava\listenablefuture-9999.0-empty-to-avoid-conflict-with-guava.jar;C:\Games\Minecraft\Install\libraries\com\google\code\findbugs\jsr305\3.0.2\jsr305-3.0.2.jar;C:\Games\Minecraft\Install\libraries\org\checkerframework\checker-qual\3.33.0\checker-qual-3.33.0.jar;C:\Games\Minecraft\Install\libraries\com\google\errorprone\error_prone_annotations\2.18.0\error_prone_annotations-2.18.0.jar;C:\Games\Minecraft\Install\libraries\com\google\j2objc\j2objc-annotations\2.8\j2objc-annotations-2.8.jar;C:\Games\Minecraft\Install\libraries\com\google\code\gson\gson\2.10.1\gson-2.10.1.jar;C:\Games\Minecraft\Install\libraries\org\codehaus\plexus\plexus-utils\3.3.0\plexus-utils-3.3.0.jar;C:\Games\Minecraft\Install\libraries\com\machinezoo\noexception\noexception\1.7.1\noexception-1.7.1.jar;C:\Games\Minecraft\Install\libraries\com\github\oshi\oshi-core\6.4.10\oshi-core-6.4.10.jar;C:\Games\Minecraft\Install\libraries\com\ibm\icu\icu4j\73.2\icu4j-73.2.jar;C:\Games\Minecraft\Install\libraries\com\mojang\authlib\6.0.54\authlib-6.0.54.jar;C:\Games\Minecraft\Install\libraries\com\mojang\blocklist\1.0.10\blocklist-1.0.10.jar;C:\Games\Minecraft\Install\libraries\com\mojang\brigadier\1.3.10\brigadier-1.3.10.jar;C:\Games\Minecraft\Install\libraries\com\mojang\datafixerupper\8.0.16\datafixerupper-8.0.16.jar;C:\Games\Minecraft\Install\libraries\com\mojang\patchy\2.2.10\patchy-2.2.10.jar;C:\Games\Minecraft\Install\libraries\com\mojang\text2speech\1.17.9\text2speech-1.17.9.jar;C:\Games\Minecraft\Install\libraries\commons-codec\commons-codec\1.16.0\commons-codec-1.16.0.jar;C:\Games\Minecraft\Install\libraries\commons-logging\commons-logging\1.2\commons-logging-1.2.jar;C:\Games\Minecraft\Install\libraries\io\netty\netty-buffer\4.1.97.Final\netty-buffer-4.1.97.Final.jar;C:\Games\Minecraft\Install\libraries\io\netty\netty-codec\4.1.97.Final\netty-codec-4.1.97.Final.jar;C:\Games\Minecraft\Install\libraries\io\netty\netty-common\4.1.97.Final\netty-common-4.1.97.Final.jar;C:\Games\Minecraft\Install\libraries\io\netty\netty-handler\4.1.97.Final\netty-handler-4.1.97.Final.jar;C:\Games\Minecraft\Install\libraries\io\netty\netty-resolver\4.1.97.Final\netty-resolver-4.1.97.Final.jar;C:\Games\Minecraft\Install\libraries\io\netty\netty-transport-classes-epoll\4.1.97.Final\netty-transport-classes-epoll-4.1.97.Final.jar;C:\Games\Minecraft\Install\libraries\io\netty\netty-transport-native-unix-common\4.1.97.Final\netty-transport-native-unix-common-4.1.97.Final.jar;C:\Games\Minecraft\Install\libraries\io\netty\netty-transport\4.1.97.Final\netty-transport-4.1.97.Final.jar;C:\Games\Minecraft\Install\libraries\it\unimi\dsi\fastutil\8.5.12\fastutil-8.5.12.jar;C:\Games\Minecraft\Install\libraries\net\java\dev\jna\jna-platform\5.14.0\jna-platform-5.14.0.jar;C:\Games\Minecraft\Install\libraries\net\java\dev\jna\jna\5.14.0\jna-5.14.0.jar;C:\Games\Minecraft\Install\libraries\org\apache\commons\commons-compress\1.26.0\commons-compress-1.26.0.jar;C:\Games\Minecraft\Install\libraries\org\apache\httpcomponents\httpclient\4.5.13\httpclient-4.5.13.jar;C:\Games\Minecraft\Install\libraries\org\apache\httpcomponents\httpcore\4.4.16\httpcore-4.4.16.jar;C:\Games\Minecraft\Install\libraries\org\jcraft\jorbis\0.0.17\jorbis-0.0.17.jar;C:\Games\Minecraft\Install\libraries\org\joml\joml\1.10.5\joml-1.10.5.jar;C:\Games\Minecraft\Install\libraries\org\lwjgl\lwjgl-freetype\3.3.3\lwjgl-freetype-3.3.3.jar;C:\Games\Minecraft\Install\libraries\org\lwjgl\lwjgl-freetype\3.3.3\lwjgl-freetype-3.3.3-natives-windows.jar;C:\Games\Minecraft\Install\libraries\org\lwjgl\lwjgl-freetype\3.3.3\lwjgl-freetype-3.3.3-natives-windows-arm64.jar;C:\Games\Minecraft\Install\libraries\org\lwjgl\lwjgl-freetype\3.3.3\lwjgl-freetype-3.3.3-natives-windows-x86.jar;C:\Games\Minecraft\Install\libraries\org\lwjgl\lwjgl-glfw\3.3.3\lwjgl-glfw-3.3.3.jar;C:\Games\Minecraft\Install\libraries\org\lwjgl\lwjgl-glfw\3.3.3\lwjgl-glfw-3.3.3-natives-windows.jar;C:\Games\Minecraft\Install\libraries\org\lwjgl\lwjgl-glfw\3.3.3\lwjgl-glfw-3.3.3-natives-windows-arm64.jar;C:\Games\Minecraft\Install\libraries\org\lwjgl\lwjgl-glfw\3.3.3\lwjgl-glfw-3.3.3-natives-windows-x86.jar;C:\Games\Minecraft\Install\libraries\org\lwjgl\lwjgl-jemalloc\3.3.3\lwjgl-jemalloc-3.3.3.jar;C:\Games\Minecraft\Install\libraries\org\lwjgl\lwjgl-jemalloc\3.3.3\lwjgl-jemalloc-3.3.3-natives-windows.jar;C:\Games\Minecraft\Install\libraries\org\lwjgl\lwjgl-jemalloc\3.3.3\lwjgl-jemalloc-3.3.3-natives-windows-arm64.jar;C:\Games\Minecraft\Install\libraries\org\lwjgl\lwjgl-jemalloc\3.3.3\lwjgl-jemalloc-3.3.3-natives-windows-x86.jar;C:\Games\Minecraft\Install\libraries\org\lwjgl\lwjgl-openal\3.3.3\lwjgl-openal-3.3.3.jar;C:\Games\Minecraft\Install\libraries\org\lwjgl\lwjgl-openal\3.3.3\lwjgl-openal-3.3.3-natives-windows.jar;C:\Games\Minecraft\Install\libraries\org\lwjgl\lwjgl-openal\3.3.3\lwjgl-openal-3.3.3-natives-windows-arm64.jar;C:\Games\Minecraft\Install\libraries\org\lwjgl\lwjgl-openal\3.3.3\lwjgl-openal-3.3.3-natives-windows-x86.jar;C:\Games\Minecraft\Install\libraries\org\lwjgl\lwjgl-opengl\3.3.3\lwjgl-opengl-3.3.3.jar;C:\Games\Minecraft\Install\libraries\org\lwjgl\lwjgl-opengl\3.3.3\lwjgl-opengl-3.3.3-natives-windows.jar;C:\Games\Minecraft\Install\libraries\org\lwjgl\lwjgl-opengl\3.3.3\lwjgl-opengl-3.3.3-natives-windows-arm64.jar;C:\Games\Minecraft\Install\libraries\org\lwjgl\lwjgl-opengl\3.3.3\lwjgl-opengl-3.3.3-natives-windows-x86.jar;C:\Games\Minecraft\Install\libraries\org\lwjgl\lwjgl-stb\3.3.3\lwjgl-stb-3.3.3.jar;C:\Games\Minecraft\Install\libraries\org\lwjgl\lwjgl-stb\3.3.3\lwjgl-stb-3.3.3-natives-windows.jar;C:\Games\Minecraft\Install\libraries\org\lwjgl\lwjgl-stb\3.3.3\lwjgl-stb-3.3.3-natives-windows-arm64.jar;C:\Games\Minecraft\Install\libraries\org\lwjgl\lwjgl-stb\3.3.3\lwjgl-stb-3.3.3-natives-windows-x86.jar;C:\Games\Minecraft\Install\libraries\org\lwjgl\lwjgl-tinyfd\3.3.3\lwjgl-tinyfd-3.3.3.jar;C:\Games\Minecraft\Install\libraries\org\lwjgl\lwjgl-tinyfd\3.3.3\lwjgl-tinyfd-3.3.3-natives-windows.jar;C:\Games\Minecraft\Install\libraries\org\lwjgl\lwjgl-tinyfd\3.3.3\lwjgl-tinyfd-3.3.3-natives-windows-arm64.jar;C:\Games\Minecraft\Install\libraries\org\lwjgl\lwjgl-tinyfd\3.3.3\lwjgl-tinyfd-3.3.3-natives-windows-x86.jar;C:\Games\Minecraft\Install\libraries\org\lwjgl\lwjgl\3.3.3\lwjgl-3.3.3.jar;C:\Games\Minecraft\Install\libraries\org\lwjgl\lwjgl\3.3.3\lwjgl-3.3.3-natives-windows.jar;C:\Games\Minecraft\Install\libraries\org\lwjgl\lwjgl\3.3.3\lwjgl-3.3.3-natives-windows-arm64.jar;C:\Games\Minecraft\Install\libraries\org\lwjgl\lwjgl\3.3.3\lwjgl-3.3.3-natives-windows-x86.jar;C:\Games\Minecraft\Install\libraries\org\lz4\lz4-java\1.8.0\lz4-java-1.8.0.jar;C:\Games\Minecraft\Install\versions\neoforge-21.1.233\neoforge-21.1.233.jar
Launcher Type: SUN_STANDARD

[Global flags]
     bool AlwaysPreTouch                           = true                                      {product} {command line}
     intx CICompilerCount                          = 12                                        {product} {ergonomic}
     bool DisableExplicitGC                        = true                                      {product} {command line}
    ccstr HeapDumpPath                             = MojangTricksIntelDriversForPerformance_javaw.exe_minecraft.exe.heapdump         {manageable} {command line}
   size_t InitialHeapSize                          = 268435456                                 {product} {command line}
   size_t MaxHeapSize                              = 17179869184                               {product} {command line}
   size_t MinHeapDeltaBytes                        = 2097152                                   {product} {ergonomic}
   size_t MinHeapSize                              = 268435456                                 {product} {command line}
    uintx NonNMethodCodeHeapSize                   = 7602480                                {pd product} {ergonomic}
    uintx NonProfiledCodeHeapSize                  = 122027880                              {pd product} {ergonomic}
     bool ParallelRefProcEnabled                   = true                                      {product} {command line}
    uintx ProfiledCodeHeapSize                     = 122027880                              {pd product} {ergonomic}
    uintx ReservedCodeCacheSize                    = 251658240                              {pd product} {ergonomic}
     bool SegmentedCodeCache                       = true                                      {product} {ergonomic}
   size_t SoftMaxHeapSize                          = 17179869184                            {manageable} {ergonomic}
     bool UseCompressedOops                        = false                          {product lp64_product} {ergonomic}
     bool UseLargePagesIndividualAllocation        = false                                  {pd product} {ergonomic}
     bool UseZGC                                   = true                                      {product} {command line}
     bool ZGenerational                            = true                                      {product} {command line}

Logging:
Log output configuration:
 #0: stdout all=warning uptime,level,tags foldmultilines=false
 #1: stderr all=off uptime,level,tags foldmultilines=false

Environment Variables:
PATH=c:\program files\java\jdk-25\bin;C:\Program Files (x86)\Alias\Maya6.0\bin;C:\Program Files (x86)\VMware\VMware Workstation\bin\;C:\Program Files\Common Files\Oracle\Java\javapath;C:\Windows\system32;C:\Windows;C:\Windows\System32\Wbem;C:\Windows\System32\WindowsPowerShell\v1.0\;C:\Windows\System32\OpenSSH\;C:\Program Files (x86)\NVIDIA Corporation\PhysX\Common;C:\Users\Max\AppData\Local\Microsoft\WindowsApps;C:\Windows\AtlasModules;C:\Windows\AtlasModules\Apps;C:\Windows\AtlasModules\Other;C:\Windows\AtlasModules\Tools;C:\Windows\AtlasModules\Scripts;C:\ProgramData\chocolatey\bin;E:\Program Files\PHP;C:\ProgramData\ComposerSetup\bin;C:\Program Files\Git\cmd;C:\ffmpeg\bin;C:\Program Files\dotnet\;C:\Program Files\Cloudflare\Cloudflare WARP\;C:\Program Files (x86)\ZeroTier\One\;C:\Program Files\cursor\resources\app\bin;C:\Users\Max\AppData\Local\Programs\Python\Python313\Scripts\;C:\Users\Max\AppData\Local\Programs\Python\Python313\;C:\Users\Max\AppData\Local\Programs\Python\Python310\Scripts\;C:\Users\Max\AppData\Local\Programs\Python\Python310\;C:\Users\Max\AppData\Local\Microsoft\WindowsApps;C:\Users\Max\AppData\Local\GitHubDesktop\bin;F:\Program Files\JetBrains\PhpStorm 2022.2\bin;;C:\Users\Max\AppData\Roaming\Composer\vendor\bin;C:\ffmpeg\bin;C:\Program Files\dotnet\;C:\Users\Max\.dotnet\tools
USERNAME=Max
OS=Windows_NT
PROCESSOR_IDENTIFIER=AMD64 Family 25 Model 97 Stepping 2, AuthenticAMD
TMP=C:\Users\Max\AppData\Local\Temp
TEMP=C:\Users\Max\AppData\Local\Temp




Periodic native trim disabled

---------------  S Y S T E M  ---------------

OS:
 Windows 10 , 64 bit Build 19041 (10.0.19041.3570)
OS uptime: 0 days 8:24 hours

CPU: total 16 (initial active 16) (16 cores per cpu, 2 threads per core) family 25 model 97 stepping 2 microcode 0x0, cx8, cmov, fxsr, ht, mmx, 3dnowpref, sse, sse2, sse3, ssse3, sse4a, sse4.1, sse4.2, popcnt, lzcnt, tsc, tscinvbit, avx, avx2, aes, erms, clmul, bmi1, bmi2, adx, avx512f, avx512dq, avx512cd, avx512bw, avx512vl, sha, fma, vzeroupper, avx512_vpopcntdq, avx512_vpclmulqdq, avx512_vaes, avx512_vnni, clflush, clflushopt, avx512_vbmi2, avx512_vbmi, rdtscp, rdpid, fsrm, gfni, avx512_bitalg, f16c, pku, cet_ss, avx512_ifma
Processor Information for the first 16 processors :
  Max Mhz: 4201, Current Mhz: 4201, Mhz Limit: 4201

Memory: 4k page, system-wide physical 31962M (1825M free)
TotalPageFile size 70874M (AvailPageFile size 21445M)
current process WorkingSet (physical memory assigned to process): 17458M, peak: 18272M
current process commit charge ("private bytes"): 3606M, peak: 3609M

vm_info: OpenJDK 64-Bit Server VM (21.0.7+6-LTS) for windows-amd64 JRE (21.0.7+6-LTS), built on 2025-04-09T22:17:25Z by "MicrosoftCorporation" with unknown MS VC++:1939

END.
