#
# A fatal error has been detected by the Java Runtime Environment:
#
#  EXCEPTION_ACCESS_VIOLATION (0xc0000005) at pc=0x00007ffd649e8bc3, pid=28124, tid=1188
#
# JRE version: OpenJDK Runtime Environment Microsoft-11369940 (21.0.7+6) (build 21.0.7+6-LTS)
# Java VM: OpenJDK 64-Bit Server VM Microsoft-11369940 (21.0.7+6-LTS, mixed mode, tiered, compressed class ptrs, z gc, windows-amd64)
# Problematic frame:
# C  [nvoglv64.dll+0x15b8bc3]
#
# No core dump will be written. Minidumps are not enabled by default on client versions of Windows
#
# If you would like to submit a bug report, please visit:
#   https://aka.ms/minecraftjavacrashes
# The crash happened outside the Java Virtual Machine in native code.
# See problematic frame for where to report the bug.
#

---------------  S U M M A R Y ------------

Command Line: -Xmx16384m -Xms256m -Dminecraft.applet.TargetDirectory=C:\Games\Minecraft\Instances\Stonebound Eternal -Dfml.ignorePatchDiscrepancies=true -Dfml.ignoreInvalidMinecraftCertificates=true -Duser.language=en -Duser.country=US -DCFInstanceId=436d1a4b-4610-43de-92dd-87d69206f010 -DlibraryDirectory=C:\Games\Minecraft\Install\libraries -XX:+UseZGC -XX:+ZGenerational -XX:+AlwaysPreTouch -XX:+DisableExplicitGC -XX:+ParallelRefProcEnabled -javaagent:C:\Games\Minecraft\Install\sklauncher-fx.jar -DMcEmu=net.minecraft.client.main.Main -Dlog4j2.formatMsgNoLookups=true -Djava.rmi.server.useCodebaseOnly=true -Dcom.sun.jndi.rmi.object.trustURLCodebase=false -Dcom.sun.jndi.cosnaming.object.trustURLCodebase=false -Dsklauncher.discordrpc=true -Dsklauncher.gametype=neoforge -Dsklauncher.minecraft=1.21.1 -Dsklauncher.dns=true -XX:HeapDumpPath=MojangTricksIntelDriversForPerformance_javaw.exe_minecraft.exe.heapdump -Djava.library.path=C:\Games\Minecraft\Install\versions\neoforge-21.1.233\neoforge-21.1.233-natives-34356560489400 -Djna.tmpdir=C:\Games\Minecraft\Install\versions\neoforge-21.1.233\neoforge-21.1.233-natives-34356560489400 -Dorg.lwjgl.system.SharedLibraryExtractPath=C:\Games\Minecraft\Install\versions\neoforge-21.1.233\neoforge-21.1.233-natives-34356560489400 -Dio.netty.native.workdir=C:\Games\Minecraft\Install\versions\neoforge-21.1.233\neoforge-21.1.233-natives-34356560489400 -Dminecraft.launcher.brand=java-minecraft-launcher -Dminecraft.launcher.version=1.6.93 -Djava.net.preferIPv6Addresses=system -DignoreList=client-extra,neoforge-21.1.233.jar -DlibraryDirectory=C:\Games\Minecraft\Install\libraries --module-path=C:\Games\Minecraft\Install\libraries/cpw/mods/bootstraplauncher/2.0.2/bootstraplauncher-2.0.2.jar;C:\Games\Minecraft\Install\libraries/cpw/mods/securejarhandler/3.0.8/securejarhandler-3.0.8.jar;C:\Games\Minecraft\Install\libraries/org/ow2/asm/asm-commons/9.8/asm-commons-9.8.jar;C:\Games\Minecraft\Install\libraries/org/ow2/asm/asm-util/9.8/asm-util-9.8.jar;C:\Games\Minecraft\Install\libraries/org/ow2/asm/asm-analysis/9.8/asm-analysis-9.8.jar;C:\Games\Minecraft\Install\libraries/org/ow2/asm/asm-tree/9.8/asm-tree-9.8.jar;C:\Games\Minecraft\Install\libraries/org/ow2/asm/asm/9.8/asm-9.8.jar;C:\Games\Minecraft\Install\libraries/net/neoforged/JarJarFileSystems/0.4.1/JarJarFileSystems-0.4.1.jar --add-modules=ALL-MODULE-PATH --add-opens=java.base/java.util.jar=cpw.mods.securejarhandler --add-opens=java.base/java.lang.invoke=cpw.mods.securejarhandler --add-exports=java.base/sun.security.util=cpw.mods.securejarhandler --add-exports=jdk.naming.dns/com.sun.jndi.dns=java.naming cpw.mods.bootstraplauncher.BootstrapLauncher --username DedMaxim99 --version neoforge-21.1.233 --gameDir C:\Games\Minecraft\Instances\Stonebound Eternal --assetsDir C:\Games\Minecraft\Install\assets --assetIndex 17 --uuid fd7cca6a716d46b68ea6ecf8dbf25f08 --accessToken eyJraWQiOiIwNDkxODEiLCJhbGciOiJSUzI1NiJ9.eyJ4dWlkIjoiMjUzNTQ3MzYwMDI5NTY5MSIsImFnZyI6IkFkdWx0Iiwic3ViIjoiZDBkYmM1NWUtNDg1ZS00ZDg1LWIwMmMtZjA3YWE3ZjU0NTQ1IiwiYXV0aCI6IlhCT1giLCJucyI6ImRlZmF1bHQiLCJyb2xlcyI6W10sImlzcyI6ImF1dGhlbnRpY2F0aW9uIiwiZmxhZ3MiOlsibXVsdGlwbGF5ZXIiXSwicHJvZmlsZXMiOnsibWMiOiJmZDdjY2E2YS03MTZkLTQ2YjYtOGVhNi1lY2Y4ZGJmMjVmMDgifSwicG1pZCI6ImY2YWYzODQwLWZlODMtNWVlMS1iYWI3LWNmNmU3NjE2ZWI5OSIsInBsYXRmb3JtIjoiUENfTEFVTkNIRVIiLCJ0aWQiOiJFOTlCMCIsInBmZCI6W3sidHlwZSI6Im1jIiwiaWQiOiJmZDdjY2E2YS03MTZkLTQ2YjYtOGVhNi1lY2Y4ZGJmMjVmMDgiLCJuYW1lIjoiRGVkTWF4aW05OSJ9XSwieGlkIjoiMjUzNTQ3MzYwMDI5NTY5MSIsIm5iZiI6MTc4MzAyMjUyMiwiZXhwIjoxNzgzMTA4OTIyLCJpYXQiOjE3ODMwMjI1MjIsImFpZCI6IjkwN2EyNDhkLTNlYjUtNGQwMS05OWQyLWZmNzJkNzljNWViMSJ9.NbspDvI8KXwWfRTFTL9pySP67ktbLQCcIcI0Ls-7YIAp9g2y5VKO-fqt2WGgrYj1zV9sGUyReJbQQguGh_fI2t_fqbJlcSZoUudYfecOENoy4LiUBJFK9uVWQZtlXauWhAzlt1lTbi6Vj0L3jnUna5qnkopW08UdPANzt4iiOJl8d5jpdRMYFEvNJlc1hI8kM0i8-N_8peqoeBPgUYMs-RCuJe5U0hQFkCDjKNHEghb6bcuY2vCup8qpdzoKXeeaqwybmRLH8zWrDTCtqCqNYMY1bh82V1kx-rVe7B5v4CN7CQ6U90Vd4UrswNIZKcXdF8rGo-hwecTuGOpZEMrYIg --clientId 0 --xuid 0 --userType msa --versionType release --width 1024 --height 768 --fml.neoForgeVersion 21.1.233 --fml.fmlVersion 4.0.42 --fml.mcVersion 1.21.1 --fml.neoFormVersion 20240808.144430 --launchTarget forgeclient

Host: AMD Ryzen 7 7800X3D 8-Core Processor           , 16 cores, 31G,  Windows 10 , 64 bit Build 19041 (10.0.19041.3570)
Time: Fri Jul  3 01:03:27 2026 West Asia Standard Time elapsed time: 18.167846 seconds (0d 0h 0m 18s)

---------------  T H R E A D  ---------------

Current thread (0x00000202ace20540):  JavaThread "Render thread"        [_thread_in_native, id=1188, stack(0x0000001fa5400000,0x0000001fa5500000) (1024K)]

Stack: [0x0000001fa5400000,0x0000001fa5500000],  sp=0x0000001fa54fd6d8,  free space=1013k
Native frames: (J=compiled Java code, j=interpreted, Vv=VM code, C=native code)
C  [nvoglv64.dll+0x15b8bc3]

Java frames: (J=compiled Java code, j=interpreted, Vv=VM code)
J 21046  org.lwjgl.opengl.GL11C.nglDrawElements(IIIJ)V org.lwjgl.opengl@3.3.3+5 (0 bytes) @ 0x00000202b96f829e [0x00000202b96f8240+0x000000000000005e]
J 21490 c1 org.lwjgl.opengl.GL11C.glDrawElements(IIIJ)V org.lwjgl.opengl@3.3.3+5 (8 bytes) @ 0x00000202b269091c [0x00000202b26908c0+0x000000000000005c]
J 21489 c1 org.lwjgl.opengl.GL11.glDrawElements(IIIJ)V org.lwjgl.opengl@3.3.3+5 (8 bytes) @ 0x00000202b2690c9c [0x00000202b2690c40+0x000000000000005c]
J 21488 c1 com.mojang.blaze3d.platform.GlStateManager._drawElements(IIIJ)V minecraft@1.21.1 (11 bytes) @ 0x00000202b2691194 [0x00000202b2691000+0x0000000000000194]
J 21594 c1 com.mojang.blaze3d.systems.RenderSystem.drawElements(III)V minecraft@1.21.1 (11 bytes) @ 0x00000202b26c7f9c [0x00000202b26c7e00+0x000000000000019c]
J 23060 c1 com.mojang.blaze3d.vertex.VertexBuffer._drawWithShader(Lorg/joml/Matrix4f;Lorg/joml/Matrix4f;Lnet/minecraft/client/renderer/ShaderInstance;)V minecraft@1.21.1 (29 bytes) @ 0x00000202b2a47f64 [0x00000202b2a47bc0+0x00000000000003a4]
J 21429 c1 com.mojang.blaze3d.vertex.BufferUploader._drawWithShader(Lcom/mojang/blaze3d/vertex/MeshData;)V minecraft@1.21.1 (19 bytes) @ 0x00000202b2678b5c [0x00000202b2677d20+0x0000000000000e3c]
J 21666 c1 net.minecraft.client.renderer.MultiBufferSource$BufferSource.endBatch(Lnet/minecraft/client/renderer/RenderType;Lcom/mojang/blaze3d/vertex/BufferBuilder;)V minecraft@1.21.1 (67 bytes) @ 0x00000202b26f5c4c [0x00000202b26f4fe0+0x0000000000000c6c]
J 23061 c2 net.minecraft.client.renderer.MultiBufferSource$BufferSource.endBatch(Lnet/minecraft/client/renderer/RenderType;)V minecraft@1.21.1 (25 bytes) @ 0x00000202b997aa60 [0x00000202b997a8c0+0x00000000000001a0]
J 23069 c2 net.minecraft.client.renderer.MultiBufferSource$BufferSource.endBatch()V minecraft@1.21.1 (47 bytes) @ 0x00000202b997f388 [0x00000202b997f340+0x0000000000000048]
J 23098 c1 net.minecraft.client.gui.GuiGraphics.fill(Lnet/minecraft/client/renderer/RenderType;IIIIII)V minecraft@1.21.1 (159 bytes) @ 0x00000202b2a6e114 [0x00000202b2a6d560+0x0000000000000bb4]
J 23167 c1 net.minecraft.client.gui.GuiGraphics.fill(IIIIII)V minecraft@1.21.1 (17 bytes) @ 0x00000202b2a9fb24 [0x00000202b2a9f9c0+0x0000000000000164]
J 23166 c1 net.minecraft.client.gui.GuiGraphics.fill(IIIII)V minecraft@1.21.1 (13 bytes) @ 0x00000202b2a9e93c [0x00000202b2a9e840+0x00000000000000fc]
j  net.minecraft.client.gui.screens.TitleScreen.wrapOperation$bpa000$fancymenu$wrap_renderPanorama_FancyMenu(Lnet/minecraft/client/gui/screens/TitleScreen;Lnet/minecraft/client/gui/GuiGraphics;FLcom/llamalad7/mixinextras/injector/wrapoperation/Operation;)V+49 minecraft@1.21.1
j  net.minecraft.client.gui.screens.TitleScreen.render(Lnet/minecraft/client/gui/GuiGraphics;IIF)V+142 minecraft@1.21.1
j  net.minecraft.client.gui.screens.Screen.mixinextras$bridge$render$145([Ljava/lang/Object;)Ljava/lang/Void;+60 minecraft@1.21.1
j  net.minecraft.client.gui.screens.Screen$$Lambda+0x0000000081d0c210.call([Ljava/lang/Object;)Ljava/lang/Object;+1 minecraft@1.21.1
j  net.minecraft.client.gui.screens.Screen.wrapOperation$boj000$fancymenu$wrap_render_in_renderWithTooltip_FancyMenu(Lnet/minecraft/client/gui/screens/Screen;Lnet/minecraft/client/gui/GuiGraphics;IIFLcom/llamalad7/mixinextras/injector/wrapoperation/Operation;)V+57 minecraft@1.21.1
j  net.minecraft.client.gui.screens.Screen.renderWithTooltip(Lnet/minecraft/client/gui/GuiGraphics;IIF)V+32 minecraft@1.21.1
j  net.minecraft.client.gui.screens.LoadingOverlay.wrapOperation$bfc000$drippyloadingscreen$wrap_Screen_render_in_render_Drippy(Lnet/minecraft/client/gui/screens/Screen;Lnet/minecraft/client/gui/GuiGraphics;IIFLcom/llamalad7/mixinextras/injector/wrapoperation/Operation;)V+48 minecraft@1.21.1
j  net.minecraft.client.gui.screens.LoadingOverlay.render(Lnet/minecraft/client/gui/GuiGraphics;IIF)V+164 minecraft@1.21.1
j  net.minecraft.client.renderer.GameRenderer.render(Lnet/minecraft/client/DeltaTracker;Z)V+685 minecraft@1.21.1
j  net.minecraft.client.Minecraft.runTick(Z)V+440 minecraft@1.21.1
j  net.minecraft.client.Minecraft.run()V+97 minecraft@1.21.1
j  net.minecraft.client.main.Main.main([Ljava/lang/String;)V+1614 minecraft@1.21.1
j  java.lang.invoke.LambdaForm$DMH+0x000000008021a400.invokeStatic(Ljava/lang/Object;Ljava/lang/Object;)V+10 java.base@21.0.7
j  java.lang.invoke.LambdaForm$MH+0x00000000805bc800.invoke(Ljava/lang/Object;Ljava/lang/Object;Ljava/lang/Object;)Ljava/lang/Object;+33 java.base@21.0.7
J 1073 c1 jdk.internal.reflect.DirectMethodHandleAccessor.invoke(Ljava/lang/Object;[Ljava/lang/Object;)Ljava/lang/Object; java.base@21.0.7 (92 bytes) @ 0x00000202b0b1233c [0x00000202b0b11080+0x00000000000012bc]
J 1072 c1 java.lang.reflect.Method.invoke(Ljava/lang/Object;[Ljava/lang/Object;)Ljava/lang/Object; java.base@21.0.7 (108 bytes) @ 0x00000202b0b083d4 [0x00000202b0b07ec0+0x0000000000000514]
j  net.neoforged.fml.loading.targets.CommonLaunchHandler.runTarget(Ljava/lang/String;[Ljava/lang/String;Ljava/lang/ModuleLayer;)V+42 fml_loader@4.0.42
j  net.neoforged.fml.loading.targets.CommonLaunchHandler.clientService([Ljava/lang/String;Ljava/lang/ModuleLayer;)V+6 fml_loader@4.0.42
j  net.neoforged.fml.loading.targets.CommonClientLaunchHandler.runService([Ljava/lang/String;Ljava/lang/ModuleLayer;)V+3 fml_loader@4.0.42
j  net.neoforged.fml.loading.targets.CommonLaunchHandler.lambda$launchService$4([Ljava/lang/String;Ljava/lang/ModuleLayer;)V+3 fml_loader@4.0.42
j  net.neoforged.fml.loading.targets.CommonLaunchHandler$$Lambda+0x00000000805b7240.run()V+12 fml_loader@4.0.42
j  cpw.mods.modlauncher.LaunchServiceHandlerDecorator.launch([Ljava/lang/String;Ljava/lang/ModuleLayer;)V+11 cpw.mods.modlauncher@11.0.5
j  cpw.mods.modlauncher.LaunchServiceHandler.launch(Ljava/lang/String;[Ljava/lang/String;Ljava/lang/ModuleLayer;Lcpw/mods/modlauncher/TransformingClassLoader;Lcpw/mods/modlauncher/LaunchPluginHandler;)V+58 cpw.mods.modlauncher@11.0.5
j  cpw.mods.modlauncher.LaunchServiceHandler.launch(Lcpw/mods/modlauncher/ArgumentHandler;Ljava/lang/ModuleLayer;Lcpw/mods/modlauncher/TransformingClassLoader;Lcpw/mods/modlauncher/LaunchPluginHandler;)V+21 cpw.mods.modlauncher@11.0.5
j  cpw.mods.modlauncher.Launcher.run([Ljava/lang/String;)V+288 cpw.mods.modlauncher@11.0.5
j  cpw.mods.modlauncher.Launcher.main([Ljava/lang/String;)V+123 cpw.mods.modlauncher@11.0.5
j  cpw.mods.modlauncher.BootstrapLaunchConsumer.accept([Ljava/lang/String;)V+1 cpw.mods.modlauncher@11.0.5
j  cpw.mods.modlauncher.BootstrapLaunchConsumer.accept(Ljava/lang/Object;)V+5 cpw.mods.modlauncher@11.0.5
j  cpw.mods.bootstraplauncher.BootstrapLauncher.run(Z[Ljava/lang/String;)V+703 cpw.mods.bootstraplauncher@2.0.2
j  cpw.mods.bootstraplauncher.BootstrapLauncher.main([Ljava/lang/String;)V+2 cpw.mods.bootstraplauncher@2.0.2
v  ~StubRoutines::call_stub 0x00000202b7d910d9

siginfo: EXCEPTION_ACCESS_VIOLATION (0xc0000005), reading address 0x0000000000000000


Registers:
RAX=0x00000206d1998e90, RBX=0x00000206d1998e74, RCX=0x00000206d1998e90, RDX=0x0000000000000000
RSP=0x0000001fa54fd6d8, RBP=0x0000000000000038, RSI=0x0000000000000006, RDI=0x00000206cef400c0
R8 =0x000000000000000c, R9 =0x00007ffd649e8bc3, R10=0x00007ffd63430000, R11=0x0000000000000006
R12=0x0000000000000004, R13=0x0000000000001403, R14=0x000000000000000c, R15=0x0000000000000000
RIP=0x00007ffd649e8bc3, EFLAGS=0x0000000000010206

XMM[0]=0x0000000000000000 0x000000003b4d4795
XMM[1]=0x3f8000003f800000 0x3f8000003f800000
XMM[2]=0x3f8000003f800000 0x3f8000003f800000
XMM[3]=0x0000000000000000 0x43b3800000000000
XMM[4]=0x0000000000000000 0x0000000043b38000
XMM[5]=0x00000000b8d1b717 0x0000000000000000
XMM[6]=0x0000000000000000 0x0000000000000000
XMM[7]=0x0000000000000000 0x0000000000000000
XMM[8]=0x0000000000000000 0x0000000000000000
XMM[9]=0x0000000000000000 0x00000000bf242fe2
XMM[10]=0x0000000000000000 0x00000000bf443718
XMM[11]=0x0000000000000000 0x000000003f338192
XMM[12]=0x0000000000000000 0x00000000bf443718
XMM[13]=0x0000000000000000 0x000000003dc911fa
XMM[14]=0x0000000000000000 0x000000003d803be9
XMM[15]=0x0000000000000000 0x00000000bd0d7da0
  MXCSR=0x00001fa3


Register to memory mapping:

RAX=0x00000206d1998e90 points into unknown readable memory: 0xffbbbcbaffbbbcba | ba bc bb ff ba bc bb ff
RBX=0x00000206d1998e74 points into unknown readable memory: 06 c0 01 00
RCX=0x00000206d1998e90 points into unknown readable memory: 0xffbbbcbaffbbbcba | ba bc bb ff ba bc bb ff
RDX=0x0 is null
RSP=0x0000001fa54fd6d8 is pointing into the stack for thread: 0x00000202ace20540
RBP=0x0000000000000038 is an unknown value
RSI=0x0000000000000006 is an unknown value
RDI=0x00000206cef400c0 points into unknown readable memory: 0x0000000000000000 | 00 00 00 00 00 00 00 00
R8 =0x000000000000000c is an unknown value
R9 =0x00007ffd649e8bc3 nvoglv64.dll
R10=0x00007ffd63430000 nvoglv64.dll
R11=0x0000000000000006 is an unknown value
R12=0x0000000000000004 is an unknown value
R13=0x0000000000001403 is an unknown value
R14=0x000000000000000c is an unknown value
R15=0x0 is null

Top of Stack: (sp=0x0000001fa54fd6d8)
0x0000001fa54fd6d8:   00007ffd639d64dd 00000206cef400c0
0x0000001fa54fd6e8:   0000000000000000 000004010eb0bd10
0x0000001fa54fd6f8:   00000202b2a4ce94 0000001fa54fd710
0x0000001fa54fd708:   00000202b26d88c4 0000040200000002
0x0000001fa54fd718:   00000206d6e10d00 0000000000007fe0
0x0000001fa54fd728:   0000000000000000 00000202ace20540
0x0000001fa54fd738:   0000000000000288 0000000000000007
0x0000001fa54fd748:   0000000000000000 000002072df44fd0
0x0000001fa54fd758:   00000202b96f8339 0000001fa54fd7d0
0x0000001fa54fd768:   00007ffd63a05000 0000001fa54fd7c0
0x0000001fa54fd778:   00000000000003ca 0000000000001403
0x0000001fa54fd788:   0000000000000000 00000202ace20540
0x0000001fa54fd798:   0000001fa54fd808 0000000000000007
0x0000001fa54fd7a8:   00000202b96c60b4 000004021737e340
0x0000001fa54fd7b8:   0000040111601a08 000004011160b8f8
0x0000001fa54fd7c8:   000002072df358d0 000004010eb0bd10
0x0000001fa54fd7d8:   00000202b269091c 0000019f246ddc94
0x0000001fa54fd7e8:   000004021b432b78 0000000000000009
0x0000001fa54fd7f8:   00000202b9672c28 000000000000000b
0x0000001fa54fd808:   00000400295524e8 00000400295524e8
0x0000001fa54fd818:   000004021d7452b0 000004010eb0bd10
0x0000001fa54fd828:   00000202b2690c9c 0000000000000009
0x0000001fa54fd838:   000004021737e380 000004021737dd70
0x0000001fa54fd848:   000004021737ddb0 00000400295524e8
0x0000001fa54fd858:   000004021737e118 000004010eb0bd10
0x0000001fa54fd868:   00000202b2ad618c 000004010eb0bd10
0x0000001fa54fd878:   00000202b2691194 0000000000000000
0x0000001fa54fd888:   00000202b97acbc9 0000000000000000
0x0000001fa54fd898:   00000202b97acbc9 0000000000000000
0x0000001fa54fd8a8:   00000202b26946d4 0000019f246ddc94
0x0000001fa54fd8b8:   0000000000000000 0000019f246ddc94
0x0000001fa54fd8c8:   000004021b4350c0 0000020714400e00 

Instructions: (pc=0x00007ffd649e8bc3)
0x00007ffd649e8ac3:   cc cc cc 66 66 0f 1f 84 00 00 00 00 00 57 56 48
0x00007ffd649e8ad3:   8b f9 48 8b f2 49 8b c8 f3 a4 5e 5f c3 48 8b c1
0x00007ffd649e8ae3:   4c 8d 15 16 75 a4 fe 49 83 f8 0f 0f 87 0c 01 00
0x00007ffd649e8af3:   00 66 66 66 66 0f 1f 84 00 00 00 00 00 47 8b 8c
0x00007ffd649e8b03:   82 30 1c a4 02 4d 03 ca 41 ff e1 c3 90 4c 8b 02
0x00007ffd649e8b13:   8b 4a 08 44 0f b7 4a 0c 44 0f b6 52 0e 4c 89 00
0x00007ffd649e8b23:   89 48 08 66 44 89 48 0c 44 88 50 0e c3 4c 8b 02
0x00007ffd649e8b33:   0f b7 4a 08 44 0f b6 4a 0a 4c 89 00 66 89 48 08
0x00007ffd649e8b43:   44 88 48 0a c3 0f b7 0a 66 89 08 c3 90 8b 0a 44
0x00007ffd649e8b53:   0f b7 42 04 44 0f b6 4a 06 89 08 66 44 89 40 04
0x00007ffd649e8b63:   44 88 48 06 c3 4c 8b 02 8b 4a 08 44 0f b7 4a 0c
0x00007ffd649e8b73:   4c 89 00 89 48 08 66 44 89 48 0c c3 0f b7 0a 44
0x00007ffd649e8b83:   0f b6 42 02 66 89 08 44 88 40 02 c3 90 4c 8b 02
0x00007ffd649e8b93:   8b 4a 08 44 0f b6 4a 0c 4c 89 00 89 48 08 44 88
0x00007ffd649e8ba3:   48 0c c3 4c 8b 02 0f b7 4a 08 4c 89 00 66 89 48
0x00007ffd649e8bb3:   08 c3 4c 8b 02 0f b6 4a 08 4c 89 00 88 48 08 c3
0x00007ffd649e8bc3:   4c 8b 02 8b 4a 08 4c 89 00 89 48 08 c3 8b 0a 44
0x00007ffd649e8bd3:   0f b7 42 04 89 08 66 44 89 40 04 c3 8b 0a 44 0f
0x00007ffd649e8be3:   b6 42 04 89 08 44 88 40 04 c3 48 8b 0a 48 89 08
0x00007ffd649e8bf3:   c3 0f b6 0a 88 08 c3 8b 0a 89 08 c3 90 49 83 f8
0x00007ffd649e8c03:   20 77 17 f3 0f 6f 0a f3 42 0f 6f 54 02 f0 f3 0f
0x00007ffd649e8c13:   7f 09 f3 42 0f 7f 54 01 f0 c3 4e 8d 0c 02 48 3b
0x00007ffd649e8c23:   ca 4c 0f 46 c9 49 3b c9 0f 82 3f 04 00 00 83 3d
0x00007ffd649e8c33:   d8 19 6c 01 03 0f 82 e2 02 00 00 49 81 f8 00 20
0x00007ffd649e8c43:   00 00 76 16 49 81 f8 00 00 18 00 77 0d f6 05 91
0x00007ffd649e8c53:   72 77 01 02 0f 85 73 fe ff ff c5 fe 6f 02 c4 a1
0x00007ffd649e8c63:   7e 6f 6c 02 e0 49 81 f8 00 01 00 00 0f 86 c3 00
0x00007ffd649e8c73:   00 00 4c 8b c9 49 83 e1 1f 49 83 e9 20 49 2b c9
0x00007ffd649e8c83:   49 2b d1 4d 03 c1 49 81 f8 00 01 00 00 0f 86 a2
0x00007ffd649e8c93:   00 00 00 49 81 f8 00 00 18 00 0f 87 3d 01 00 00
0x00007ffd649e8ca3:   66 66 66 66 66 0f 1f 84 00 00 00 00 00 c5 fe 6f
0x00007ffd649e8cb3:   0a c5 fe 6f 52 20 c5 fe 6f 5a 40 c5 fe 6f 62 60 


Stack slot to memory mapping:

stack at sp + 0 slots: 0x00007ffd639d64dd nvoglv64.dll
stack at sp + 1 slots: 0x00000206cef400c0 points into unknown readable memory: 0x0000000000000000 | 00 00 00 00 00 00 00 00
stack at sp + 2 slots: 0x0 is null
stack at sp + 3 slots: 0x000004010eb0bd10 is a zaddress: java.util.HashMap 
{0x000004010eb0bd10} - klass: 'java/util/HashMap'
 - ---- fields (total size 8 words):
 - transient 'keySet' 'Ljava/util/Set;' @16  null (0x0000000000000000)
 - transient 'values' 'Ljava/util/Collection;' @24  null (0x0000000000000000)
 - transient 'size' 'I' @12  0 (0x00000000)
 - transient 'modCount' 'I' @32  1654 (0x00000676)
 - 'threshold' 'I' @36  12 (0x0000000c)
 - final 'loadFactor' 'F' @40  0.750000 (0x3f400000)
 - transient 'table' '[Ljava/util/HashMap$Node;' @48  a 'java/util/HashMap$Node'[16] {0x00000401607f5690} (0x00802c0fead21510)
 - transient 'entrySet' 'Ljava/util/Set;' @56  null (0x0000000000000000)
stack at sp + 4 slots: 0x00000202b2a4ce94 is at entry_point+16052 in (nmethod*)0x00000202b2a48510
Compiled method (c1) 18198 23059       3       net.minecraft.client.renderer.ShaderInstance::setDefaultUniforms (270 bytes)
 total in heap  [0x00000202b2a48510,0x00000202b2a51668] = 37208
 relocation     [0x00000202b2a48670,0x00000202b2a48fe0] = 2416
 main code      [0x00000202b2a48fe0,0x00000202b2a4f2c0] = 25312
 stub code      [0x00000202b2a4f2c0,0x00000202b2a4f580] = 704
 oops           [0x00000202b2a4f580,0x00000202b2a4f5e8] = 104
 metadata       [0x00000202b2a4f5e8,0x00000202b2a4f7d8] = 496
 scopes data    [0x00000202b2a4f7d8,0x00000202b2a50620] = 3656
 scopes pcs     [0x00000202b2a50620,0x00000202b2a51450] = 3632
 dependencies   [0x00000202b2a51450,0x00000202b2a514c8] = 120
 nul chk table  [0x00000202b2a514c8,0x00000202b2a51668] = 416
stack at sp + 5 slots: 0x0000001fa54fd710 is pointing into the stack for thread: 0x00000202ace20540
stack at sp + 6 slots: 0x00000202b26d88c4 is at entry_point+260 in (nmethod*)0x00000202b26d8610
Compiled method (c1) 18198 21624       3       de.keksuccino.fancymenu.customization.element.anchor.ElementAnchorPoint::getElementPositionY (11 bytes)
 total in heap  [0x00000202b26d8610,0x00000202b26d8a38] = 1064
 relocation     [0x00000202b26d8770,0x00000202b26d87b0] = 64
 main code      [0x00000202b26d87c0,0x00000202b26d8950] = 400
 stub code      [0x00000202b26d8950,0x00000202b26d8998] = 72
 oops           [0x00000202b26d8998,0x00000202b26d89a0] = 8
 metadata       [0x00000202b26d89a0,0x00000202b26d89a8] = 8
 scopes data    [0x00000202b26d89a8,0x00000202b26d89d0] = 40
 scopes pcs     [0x00000202b26d89d0,0x00000202b26d8a20] = 80
 dependencies   [0x00000202b26d8a20,0x00000202b26d8a28] = 8
 nul chk table  [0x00000202b26d8a28,0x00000202b26d8a38] = 16
stack at sp + 7 slots: 0x0000040200000002 points into unknown readable memory: 00 00 00 00 00 00


Compiled method (n/a) 18200 21046     n 0       org.lwjgl.opengl.GL11C::nglDrawElements (native)
 total in heap  [0x00000202b96f8090,0x00000202b96f8460] = 976
 relocation     [0x00000202b96f81f0,0x00000202b96f8228] = 56
 main code      [0x00000202b96f8240,0x00000202b96f8457] = 535
 stub code      [0x00000202b96f8457,0x00000202b96f8458] = 1
 oops           [0x00000202b96f8458,0x00000202b96f8460] = 8

[Constant Pool (empty)]

[MachCode]
[Entry Point]
  # {method} {0x00000206c5001470} 'nglDrawElements' '(IIIJ)V' in 'org/lwjgl/opengl/GL11C'
  # parm0:    rdx       = int
  # parm1:    r8        = int
  # parm2:    r9        = int
  # parm3:    rdi:rdi   = long
  #           [sp+0x80]  (sp of caller)
  0x00000202b96f8240: 448b 5208 | 493b c20f | 840b 0000 

  0x00000202b96f824c: ;   {runtime_call ic_miss_stub}
  0x00000202b96f824c: 00e9 2e64 | 6efe 660f | 1f44 0000 
[Verified Entry Point]
  0x00000202b96f8258: 8984 2400 | 80ff ff55 | 488b ec48 | 83ec 7090 | 4181 7f58 | 1015 0000 

  0x00000202b96f8270: ;   {runtime_call StubRoutines (final stubs)}
  0x00000202b96f8270: 7405 e829 | 716d fe48 | 897c 2428 | 4c89 4c24 | 204d 8bc8 

  0x00000202b96f8284: ;   {oop(a 'java/lang/Class'{0x000004011160b8f8} = 'org/lwjgl/opengl/GL11C')}
  0x00000202b96f8284: 4c8b c249 | bef8 b860 | 1101 0400 | 004c 8974 | 2460 4c8d | 7424 6049 | 8bd6 c5f8 

  0x00000202b96f82a0: ;   {internal_word}
  0x00000202b96f82a0: 7749 ba9e | 826f b902 | 0200 004d | 8997 a003 | 0000 4989 | a798 0300 

  0x00000202b96f82b8: ;   {external_word}
  0x00000202b96f82b8: 0049 ba2f | dc50 d5fc | 7f00 0041 | 803a 000f | 844e 0000 | 0052 4150 

  0x00000202b96f82d0: ;   {metadata({method} {0x00000206c5001470} 'nglDrawElements' '(IIIJ)V' in 'org/lwjgl/opengl/GL11C')}
  0x00000202b96f82d0: 4151 48ba | 6814 00c5 | 0602 0000 | 498b cf48 | 83ec 2040 | f6c4 0f0f | 8419 0000 | 0048 83ec 
  0x00000202b96f82f0: ;   {runtime_call}
  0x00000202b96f82f0: 0848 b830 | bbfa d4fc | 7f00 00ff | d048 83c4 | 08e9 0c00 

  0x00000202b96f8304: ;   {runtime_call}
  0x00000202b96f8304: 0000 48b8 | 30bb fad4 | fc7f 0000 | ffd0 4883 | c420 4159 | 4158 5a49 | 8d8f b803 | 0000 41c7 
  0x00000202b96f8324: 8744 0400 | 0004 0000 

  0x00000202b96f832c: ;   {runtime_call}
  0x00000202b96f832c: 0048 b8e0 | c6d5 a4fd | 7f00 00ff | d0c5 f877 | 41c7 8744 | 0400 0005 | 0000 00f0 | 8344 24c0 
  0x00000202b96f834c: 0049 3baf | 4804 0000 | 0f87 0e00 | 0000 4183 | bf40 0400 | 0000 0f84 | 2000 0000 | c5f8 7749 
  0x00000202b96f836c: 8bcf 4c8b | e448 83ec | 2048 83e4 

  0x00000202b96f8378: ;   {runtime_call}
  0x00000202b96f8378: f048 b8f0 | 27c6 d4fc | 7f00 00ff | d049 8be4 | 41c7 8744 | 0400 0008 | 0000 0041 | 83bf c004 
  0x00000202b96f8398: 0000 020f | 8494 0000 

  0x00000202b96f83a0: ;   {external_word}
  0x00000202b96f83a0: 0049 ba2f | dc50 d5fc | 7f00 0041 | 803a 000f | 8444 0000 

  0x00000202b96f83b4: ;   {metadata({method} {0x00000206c5001470} 'nglDrawElements' '(IIIJ)V' in 'org/lwjgl/opengl/GL11C')}
  0x00000202b96f83b4: 0048 ba68 | 1400 c506 | 0200 0049 | 8bcf 4883 | ec20 40f6 | c40f 0f84 | 1900 0000 | 4883 ec08 
  0x00000202b96f83d4: ;   {runtime_call}
  0x00000202b96f83d4: 48b8 30bb | fad4 fc7f | 0000 ffd0 | 4883 c408 | e90c 0000 

  0x00000202b96f83e8: ;   {runtime_call}
  0x00000202b96f83e8: 0048 b830 | bbfa d4fc | 7f00 00ff | d048 83c4 | 2049 c787 | 9803 0000 | 0000 0000 | 49c7 87a0 
  0x00000202b96f8408: 0300 0000 | 0000 00c5 | f877 498b | 8f28 0400 | 00c7 8100 | 0100 0000 | 0000 00c9 | 4983 7f08 
  0x00000202b96f8428: 000f 8501 | 0000 00c3 

  0x00000202b96f8430: ;   {runtime_call StubRoutines (initial stubs)}
  0x00000202b96f8430: e9cb 8a69 | fec5 f877 | 4c8b e448 | 83ec 2048 

  0x00000202b96f8440: ;   {runtime_call}
  0x00000202b96f8440: 83e4 f048 | b800 f3fa | d4fc 7f00 | 00ff d049 | 8be4 e94a | ffff fff4 
[/MachCode]


Compiled method (c1) 18204 21490       3       org.lwjgl.opengl.GL11C::glDrawElements (8 bytes)
 total in heap  [0x00000202b2690710,0x00000202b2690a58] = 840
 relocation     [0x00000202b2690870,0x00000202b26908b0] = 64
 main code      [0x00000202b26908c0,0x00000202b2690998] = 216
 stub code      [0x00000202b2690998,0x00000202b26909d8] = 64
 oops           [0x00000202b26909d8,0x00000202b26909e0] = 8
 metadata       [0x00000202b26909e0,0x00000202b26909e8] = 8
 scopes data    [0x00000202b26909e8,0x00000202b2690a10] = 40
 scopes pcs     [0x00000202b2690a10,0x00000202b2690a50] = 64
 dependencies   [0x00000202b2690a50,0x00000202b2690a58] = 8

[Constant Pool (empty)]

[MachCode]
[Verified Entry Point]
  # {method} {0x00000206c5001558} 'glDrawElements' '(IIIJ)V' in 'org/lwjgl/opengl/GL11C'
  # parm0:    rdx       = int
  # parm1:    r8        = int
  # parm2:    r9        = int
  # parm3:    rdi:rdi   = long
  #           [sp+0x50]  (sp of caller)
  0x00000202b26908c0: 8984 2400 | 80ff ff55 | 4883 ec40 | 4181 7f58 | 1015 0000 

  0x00000202b26908d4: ;   {runtime_call StubRoutines (final stubs)}
  0x00000202b26908d4: 7405 e8c5 

  0x00000202b26908d8: ;   {metadata(method data for {method} {0x00000206c5001558} 'glDrawElements' '(IIIJ)V' in 'org/lwjgl/opengl/GL11C')}
  0x00000202b26908d8: ea73 0548 | bed0 4ff4 | 2d07 0200 | 008b 9ecc | 0000 0083 | c302 899e | cc00 0000 | 81e3 fe07 
  0x00000202b26908f8: 0000 85db | 0f84 3500 

  0x00000202b2690900: ;   {metadata(method data for {method} {0x00000206c5001558} 'glDrawElements' '(IIIJ)V' in 'org/lwjgl/opengl/GL11C')}
  0x00000202b2690900: 0000 48be | d04f f42d | 0702 0000 | 4883 8610 | 0100 0001 

  0x00000202b2690914: ;   {static_call}
  0x00000202b2690914: 6666 90e8 

  0x00000202b2690918: ; ImmutableOopMap {}
                      ;*invokestatic nglDrawElements {reexecute=0 rethrow=0 return_oop=0}
                      ; - org.lwjgl.opengl.GL11C::glDrawElements@4 (line 543)
  0x00000202b2690918: 3c79 0607 

  0x00000202b269091c: ;   {other}
  0x00000202b269091c: 0f1f 8400 | 0c02 0000 | 4883 c440 

  0x00000202b2690928: ;   {poll_return}
  0x00000202b2690928: 5d49 3ba7 | 4804 0000 | 0f87 1f00 

  0x00000202b2690934: ;   {metadata({method} {0x00000206c5001558} 'glDrawElements' '(IIIJ)V' in 'org/lwjgl/opengl/GL11C')}
  0x00000202b2690934: 0000 c349 | ba50 1500 | c506 0200 | 004c 8954 | 2408 48c7 | 0424 ffff 

  0x00000202b269094c: ;   {runtime_call counter_overflow Runtime1 stub}
  0x00000202b269094c: ffff e8ad 

  0x00000202b2690950: ; ImmutableOopMap {}
                      ;*synchronization entry
                      ; - org.lwjgl.opengl.GL11C::glDrawElements@-1 (line 543)
  0x00000202b2690950: 1381 05eb 

  0x00000202b2690954: ;   {internal_word}
  0x00000202b2690954: ad49 ba29 | 0969 b202 | 0200 004d | 8997 6004 

  0x00000202b2690964: ;   {runtime_call SafepointBlob}
  0x00000202b2690964: 0000 e915 | 5875 0549 | 8b87 f804 | 0000 49c7 | 87f8 0400 | 0000 0000 | 0049 c787 | 0005 0000 
  0x00000202b2690984: 0000 0000 | 4883 c440 

  0x00000202b269098c: ;   {runtime_call unwind_exception Runtime1 stub}
  0x00000202b269098c: 5de9 eea1 | 8005 f4f4 | f4f4 f4f4 
[Stub Code]
  0x00000202b2690998: ;   {no_reloc}
  0x00000202b2690998: 48bb 0000 | 0000 0000 

  0x00000202b26909a0: ;   {runtime_call nmethod}
  0x00000202b26909a0: 0000 e9fb 

  0x00000202b26909a4: ;   {runtime_call handle_exception_from_callee Runtime1 stub}
  0x00000202b26909a4: ffff ffe8 | d4d6 8005 

  0x00000202b26909ac: ;   {external_word}
  0x00000202b26909ac: 48b9 d0ef | 26d5 fc7f | 0000 4883 

  0x00000202b26909b8: ;   {runtime_call}
  0x00000202b26909b8: e4f0 48b8 | 10ad e9d4 | fc7f 0000 

  0x00000202b26909c4: ;   {section_word}
  0x00000202b26909c4: ffd0 f449 | bac7 0969 | b202 0200 

  0x00000202b26909d0: ;   {runtime_call DeoptimizationBlob}
  0x00000202b26909d0: 0041 52e9 | 486c 7505 
[/MachCode]


Compiled method (c1) 18206 21489       3       org.lwjgl.opengl.GL11::glDrawElements (8 bytes)
 total in heap  [0x00000202b2690a90,0x00000202b2690dd8] = 840
 relocation     [0x00000202b2690bf0,0x00000202b2690c30] = 64
 main code      [0x00000202b2690c40,0x00000202b2690d18] = 216
 stub code      [0x00000202b2690d18,0x00000202b2690d58] = 64
 oops           [0x00000202b2690d58,0x00000202b2690d60] = 8
 metadata       [0x00000202b2690d60,0x00000202b2690d68] = 8
 scopes data    [0x00000202b2690d68,0x00000202b2690d90] = 40
 scopes pcs     [0x00000202b2690d90,0x00000202b2690dd0] = 64
 dependencies   [0x00000202b2690dd0,0x00000202b2690dd8] = 8

[Constant Pool (empty)]

[MachCode]
[Verified Entry Point]
  # {method} {0x00000206c4fc28d8} 'glDrawElements' '(IIIJ)V' in 'org/lwjgl/opengl/GL11'
  # parm0:    rdx       = int
  # parm1:    r8        = int
  # parm2:    r9        = int
  # parm3:    rdi:rdi   = long
  #           [sp+0x50]  (sp of caller)
  0x00000202b2690c40: 8984 2400 | 80ff ff55 | 4883 ec40 | 4181 7f58 | 1015 0000 

  0x00000202b2690c54: ;   {runtime_call StubRoutines (final stubs)}
  0x00000202b2690c54: 7405 e845 

  0x00000202b2690c58: ;   {metadata(method data for {method} {0x00000206c4fc28d8} 'glDrawElements' '(IIIJ)V' in 'org/lwjgl/opengl/GL11')}
  0x00000202b2690c58: e773 0548 | be50 4ef4 | 2d07 0200 | 008b 9ecc | 0000 0083 | c302 899e | cc00 0000 | 81e3 fe07 
  0x00000202b2690c78: 0000 85db | 0f84 3500 

  0x00000202b2690c80: ;   {metadata(method data for {method} {0x00000206c4fc28d8} 'glDrawElements' '(IIIJ)V' in 'org/lwjgl/opengl/GL11')}
  0x00000202b2690c80: 0000 48be | 504e f42d | 0702 0000 | 4883 8610 | 0100 0001 

  0x00000202b2690c94: ;   {static_call}
  0x00000202b2690c94: 6666 90e8 

  0x00000202b2690c98: ; ImmutableOopMap {}
                      ;*invokestatic glDrawElements {reexecute=0 rethrow=0 return_oop=0}
                      ; - org.lwjgl.opengl.GL11::glDrawElements@4 (line 1870)
  0x00000202b2690c98: 24fc ffff 

  0x00000202b2690c9c: ;   {other}
  0x00000202b2690c9c: 0f1f 8400 | 0c02 0000 | 4883 c440 

  0x00000202b2690ca8: ;   {poll_return}
  0x00000202b2690ca8: 5d49 3ba7 | 4804 0000 | 0f87 1f00 

  0x00000202b2690cb4: ;   {metadata({method} {0x00000206c4fc28d8} 'glDrawElements' '(IIIJ)V' in 'org/lwjgl/opengl/GL11')}
  0x00000202b2690cb4: 0000 c349 | bad0 28fc | c406 0200 | 004c 8954 | 2408 48c7 | 0424 ffff 

  0x00000202b2690ccc: ;   {runtime_call counter_overflow Runtime1 stub}
  0x00000202b2690ccc: ffff e82d 

  0x00000202b2690cd0: ; ImmutableOopMap {}
                      ;*synchronization entry
                      ; - org.lwjgl.opengl.GL11::glDrawElements@-1 (line 1870)
  0x00000202b2690cd0: 1081 05eb 

  0x00000202b2690cd4: ;   {internal_word}
  0x00000202b2690cd4: ad49 baa9 | 0c69 b202 | 0200 004d | 8997 6004 

  0x00000202b2690ce4: ;   {runtime_call SafepointBlob}
  0x00000202b2690ce4: 0000 e995 | 5475 0549 | 8b87 f804 | 0000 49c7 | 87f8 0400 | 0000 0000 | 0049 c787 | 0005 0000 
  0x00000202b2690d04: 0000 0000 | 4883 c440 

  0x00000202b2690d0c: ;   {runtime_call unwind_exception Runtime1 stub}
  0x00000202b2690d0c: 5de9 6e9e | 8005 f4f4 | f4f4 f4f4 
[Stub Code]
  0x00000202b2690d18: ;   {no_reloc}
  0x00000202b2690d18: 48bb 0000 | 0000 0000 

  0x00000202b2690d20: ;   {runtime_call nmethod}
  0x00000202b2690d20: 0000 e9fb 

  0x00000202b2690d24: ;   {runtime_call handle_exception_from_callee Runtime1 stub}
  0x00000202b2690d24: ffff ffe8 | 54d3 8005 

  0x00000202b2690d2c: ;   {external_word}
  0x00000202b2690d2c: 48b9 d0ef | 26d5 fc7f | 0000 4883 

  0x00000202b2690d38: ;   {runtime_call}
  0x00000202b2690d38: e4f0 48b8 | 10ad e9d4 | fc7f 0000 

  0x00000202b2690d44: ;   {section_word}
  0x00000202b2690d44: ffd0 f449 | ba47 0d69 | b202 0200 

  0x00000202b2690d50: ;   {runtime_call DeoptimizationBlob}
  0x00000202b2690d50: 0041 52e9 | c868 7505 
[/MachCode]


---------------  P R O C E S S  ---------------

Threads class SMR info:
_java_thread_list=0x0000020719bbf200, length=96, elements={
0x00000202ace20540, 0x00000202aca98560, 0x00000202aca9abd0, 0x00000202acaa56e0,
0x00000202acaa5d40, 0x00000202acab65f0, 0x00000202aca9c240, 0x00000202aca9fda0,
0x00000202acaa0440, 0x00000202acb6ac20, 0x00000206c7022840, 0x00000206c7020770,
0x00000206c7022ed0, 0x00000206c7023560, 0x00000206c70200e0, 0x00000206c7020e00,
0x00000206cb9baad0, 0x00000206cb9bb160, 0x00000206cb9bbe80, 0x00000206cb9bb7f0,
0x00000206cb9b9720, 0x00000206cb9b8a00, 0x00000206cb9b9090, 0x00000206cb9b9db0,
0x00000206cb9ba440, 0x00000206c9482660, 0x00000206c947eb50, 0x0000020718e11d50,
0x0000020718e12a70, 0x0000020718e15860, 0x0000020718e0e8d0, 0x000002071c4f2c70,
0x000002071c4f4d40, 0x000002071c4f5a60, 0x000002071c4f60f0, 0x000002071c4f8ee0,
0x00000206c947f1e0, 0x00000206c9481fd0, 0x00000206c947d7a0, 0x00000206c947de30,
0x00000206c947e4c0, 0x00000206c947c3f0, 0x00000206c947ca80, 0x00000206c947f870,
0x00000206c9482cf0, 0x00000206c947ff00, 0x00000206c9480590, 0x00000206c9480c20,
0x00000206c94812b0, 0x00000206c9481940, 0x00000206c947bd60, 0x0000020718e11030,
0x0000020718e123e0, 0x0000020718e14b40, 0x0000020718e13100, 0x00000206c7021b20,
0x00000206c70221b0, 0x0000020718e29e40, 0x0000020718e151d0, 0x000002071eeaa3f0,
0x000002071eeab7a0, 0x000002071eea8320, 0x000002071eeaaa80, 0x000002071eea6f70,
0x000002071eea7600, 0x000002071eea9d60, 0x000002071eea89b0, 0x000002071eea9040,
0x000002071eeab110, 0x000002071eeabe30, 0x000002071eeacb50, 0x000002071eead1e0,
0x000002071eea96d0, 0x000002071eead870, 0x000002071eea68e0, 0x000002071eeadf00,
0x0000020718e2f6d0, 0x00000207191dcbf0, 0x00000207191dc560, 0x00000207191dd910,
0x00000207191decc0, 0x0000020738323900, 0x0000020738323270, 0x00000207383259d0,
0x0000020738326060, 0x000002073883ef20, 0x000002073883db70, 0x000002073883d4e0,
0x000002073883fc40, 0x00000207388402d0, 0x000002073883a060, 0x0000020738840960,
0x0000020738841680, 0x0000020718e2a510, 0x00000206ca246c70, 0x00000206ca24cee0
}

Java Threads: ( => current thread )
=>0x00000202ace20540 JavaThread "Render thread"                     [_thread_in_native, id=1188, stack(0x0000001fa5400000,0x0000001fa5500000) (1024K)]
  0x00000202aca98560 JavaThread "Reference Handler"          daemon [_thread_blocked, id=15272, stack(0x0000001fa6f00000,0x0000001fa7000000) (1024K)]
  0x00000202aca9abd0 JavaThread "Finalizer"                  daemon [_thread_blocked, id=13628, stack(0x0000001fa7000000,0x0000001fa7100000) (1024K)]
  0x00000202acaa56e0 JavaThread "Signal Dispatcher"          daemon [_thread_blocked, id=8608, stack(0x0000001fa7100000,0x0000001fa7200000) (1024K)]
  0x00000202acaa5d40 JavaThread "Attach Listener"            daemon [_thread_blocked, id=27148, stack(0x0000001fa7200000,0x0000001fa7300000) (1024K)]
  0x00000202acab65f0 JavaThread "Service Thread"             daemon [_thread_blocked, id=24928, stack(0x0000001fa7300000,0x0000001fa7400000) (1024K)]
  0x00000202aca9c240 JavaThread "Monitor Deflation Thread"   daemon [_thread_blocked, id=22080, stack(0x0000001fa7400000,0x0000001fa7500000) (1024K)]
  0x00000202aca9fda0 JavaThread "C2 CompilerThread0"         daemon [_thread_blocked, id=27932, stack(0x0000001fa7500000,0x0000001fa7600000) (1024K)]
  0x00000202acaa0440 JavaThread "C1 CompilerThread0"         daemon [_thread_blocked, id=25176, stack(0x0000001fa7600000,0x0000001fa7700000) (1024K)]
  0x00000202acb6ac20 JavaThread "C1 CompilerThread1"         daemon [_thread_blocked, id=13676, stack(0x0000001fa7700000,0x0000001fa7800000) (1024K)]
  0x00000206c7022840 JavaThread "Common-Cleaner"             daemon [_thread_blocked, id=25308, stack(0x0000001fa7800000,0x0000001fa7900000) (1024K)]
  0x00000206c7020770 JavaThread "Notification Thread"        daemon [_thread_blocked, id=4080, stack(0x0000001fa7e00000,0x0000001fa7f00000) (1024K)]
  0x00000206c7022ed0 JavaThread "ForkJoinPool.commonPool-worker-1" daemon [_thread_blocked, id=14580, stack(0x0000001fa8400000,0x0000001fa8500000) (1024K)]
  0x00000206c7023560 JavaThread "ForkJoinPool.commonPool-worker-2" daemon [_thread_blocked, id=26236, stack(0x0000001fa8500000,0x0000001fa8600000) (1024K)]
  0x00000206c70200e0 JavaThread "ForkJoinPool.commonPool-worker-3" daemon [_thread_blocked, id=13680, stack(0x0000001fa8600000,0x0000001fa8700000) (1024K)]
  0x00000206c7020e00 JavaThread "ForkJoinPool.commonPool-worker-4" daemon [_thread_blocked, id=15432, stack(0x0000001fa8700000,0x0000001fa8800000) (1024K)]
  0x00000206cb9baad0 JavaThread "ForkJoinPool.commonPool-worker-5" daemon [_thread_blocked, id=17792, stack(0x0000001fa8800000,0x0000001fa8900000) (1024K)]
  0x00000206cb9bb160 JavaThread "ForkJoinPool.commonPool-worker-6" daemon [_thread_blocked, id=13612, stack(0x0000001fa8900000,0x0000001fa8a00000) (1024K)]
  0x00000206cb9bbe80 JavaThread "ForkJoinPool.commonPool-worker-7" daemon [_thread_blocked, id=13368, stack(0x0000001fa8a00000,0x0000001fa8b00000) (1024K)]
  0x00000206cb9bb7f0 JavaThread "ForkJoinPool.commonPool-worker-8" daemon [_thread_blocked, id=26196, stack(0x0000001fa8b00000,0x0000001fa8c00000) (1024K)]
  0x00000206cb9b9720 JavaThread "ForkJoinPool.commonPool-worker-9" daemon [_thread_blocked, id=28948, stack(0x0000001fa8c00000,0x0000001fa8d00000) (1024K)]
  0x00000206cb9b8a00 JavaThread "ForkJoinPool.commonPool-worker-10" daemon [_thread_blocked, id=20524, stack(0x0000001fa8d00000,0x0000001fa8e00000) (1024K)]
  0x00000206cb9b9090 JavaThread "ForkJoinPool.commonPool-worker-13" daemon [_thread_blocked, id=21292, stack(0x0000001fa8e00000,0x0000001fa8f00000) (1024K)]
  0x00000206cb9b9db0 JavaThread "ForkJoinPool.commonPool-worker-12" daemon [_thread_blocked, id=8780, stack(0x0000001fa8f00000,0x0000001fa9000000) (1024K)]
  0x00000206cb9ba440 JavaThread "ForkJoinPool.commonPool-worker-11" daemon [_thread_blocked, id=21104, stack(0x0000001fa9000000,0x0000001fa9100000) (1024K)]
  0x00000206c9482660 JavaThread "ForkJoinPool.commonPool-worker-14" daemon [_thread_blocked, id=13760, stack(0x0000001fa9100000,0x0000001fa9200000) (1024K)]
  0x00000206c947eb50 JavaThread "ForkJoinPool.commonPool-worker-15" daemon [_thread_blocked, id=24844, stack(0x0000001fa9200000,0x0000001fa9300000) (1024K)]
  0x0000020718e11d50 JavaThread "JNA Cleaner"                daemon [_thread_blocked, id=2124, stack(0x0000001faaa00000,0x0000001faab00000) (1024K)]
  0x0000020718e12a70 JavaThread "pool-19-thread-1"                  [_thread_blocked, id=6788, stack(0x0000001faac00000,0x0000001faad00000) (1024K)]
  0x0000020718e15860 JavaThread "Datafixer Bootstrap"        daemon [_thread_blocked, id=18616, stack(0x0000001faad00000,0x0000001faae00000) (1024K)]
  0x0000020718e0e8d0 JavaThread "JNA Cleaner"                daemon [_thread_blocked, id=24812, stack(0x0000001faa900000,0x0000001faaa00000) (1024K)]
  0x000002071c4f2c70 JavaThread "Timer hack thread"          daemon [_thread_blocked, id=30600, stack(0x0000001fa8200000,0x0000001fa8300000) (1024K)]
  0x000002071c4f4d40 JavaThread "Yggdrasil Key Fetcher"      daemon [_thread_blocked, id=1848, stack(0x0000001faa800000,0x0000001faa900000) (1024K)]
  0x000002071c4f5a60 JavaThread "Download-1"                 daemon [_thread_blocked, id=28980, stack(0x0000001fab100000,0x0000001fab200000) (1024K)]
  0x000002071c4f60f0 JavaThread "Download-2"                 daemon [_thread_blocked, id=10108, stack(0x0000001fab200000,0x0000001fab300000) (1024K)]
  0x000002071c4f8ee0 JavaThread "modloading-worker-0"        daemon [_thread_blocked, id=27020, stack(0x0000001fa8000000,0x0000001fa8100000) (1024K)]
  0x00000206c947f1e0 JavaThread "modloading-worker-0"        daemon [_thread_blocked, id=4668, stack(0x0000001fa8300000,0x0000001fa8400000) (1024K)]
  0x00000206c9481fd0 JavaThread "modloading-worker-0"        daemon [_thread_blocked, id=15332, stack(0x0000001fa9900000,0x0000001fa9a00000) (1024K)]
  0x00000206c947d7a0 JavaThread "modloading-worker-0"        daemon [_thread_blocked, id=31444, stack(0x0000001fa9a00000,0x0000001fa9b00000) (1024K)]
  0x00000206c947de30 JavaThread "modloading-worker-0"        daemon [_thread_blocked, id=22480, stack(0x0000001fa9b00000,0x0000001fa9c00000) (1024K)]
  0x00000206c947e4c0 JavaThread "modloading-worker-0"        daemon [_thread_blocked, id=26684, stack(0x0000001fa9c00000,0x0000001fa9d00000) (1024K)]
  0x00000206c947c3f0 JavaThread "modloading-worker-0"        daemon [_thread_blocked, id=15460, stack(0x0000001fa9d00000,0x0000001fa9e00000) (1024K)]
  0x00000206c947ca80 JavaThread "modloading-worker-0"        daemon [_thread_blocked, id=11644, stack(0x0000001fa9e00000,0x0000001fa9f00000) (1024K)]
  0x00000206c947f870 JavaThread "modloading-worker-0"        daemon [_thread_blocked, id=23332, stack(0x0000001fa9f00000,0x0000001faa000000) (1024K)]
  0x00000206c9482cf0 JavaThread "modloading-worker-0"        daemon [_thread_blocked, id=5512, stack(0x0000001faa000000,0x0000001faa100000) (1024K)]
  0x00000206c947ff00 JavaThread "modloading-worker-0"        daemon [_thread_blocked, id=25976, stack(0x0000001faa100000,0x0000001faa200000) (1024K)]
  0x00000206c9480590 JavaThread "modloading-worker-0"        daemon [_thread_blocked, id=23588, stack(0x0000001faa200000,0x0000001faa300000) (1024K)]
  0x00000206c9480c20 JavaThread "modloading-worker-0"        daemon [_thread_blocked, id=11532, stack(0x0000001faa300000,0x0000001faa400000) (1024K)]
  0x00000206c94812b0 JavaThread "modloading-worker-0"        daemon [_thread_blocked, id=7556, stack(0x0000001faa400000,0x0000001faa500000) (1024K)]
  0x00000206c9481940 JavaThread "modloading-worker-0"        daemon [_thread_blocked, id=29640, stack(0x0000001faa500000,0x0000001faa600000) (1024K)]
  0x00000206c947bd60 JavaThread "modloading-worker-0"        daemon [_thread_blocked, id=23812, stack(0x0000001faa600000,0x0000001faa700000) (1024K)]
  0x0000020718e11030 JavaThread "Keep-Alive-Timer"           daemon [_thread_blocked, id=24004, stack(0x0000001fab500000,0x0000001fab600000) (1024K)]
  0x0000020718e123e0 JavaThread "WaterConfig-Worker"         daemon [_thread_blocked, id=20004, stack(0x0000001fab600000,0x0000001fab700000) (1024K)]
  0x0000020718e14b40 JavaThread "WaterConfig-IO"             daemon [_thread_blocked, id=13280, stack(0x0000001fab700000,0x0000001fab800000) (1024K)]
  0x0000020718e13100 JavaThread "FancyMenu-WebUtils-Thread"  daemon [_thread_blocked, id=29912, stack(0x0000001fab800000,0x0000001fab900000) (1024K)]
  0x00000206c7021b20 JavaThread "JavaCPP Deallocator"        daemon [_thread_blocked, id=18836, stack(0x0000001fa7900000,0x0000001fa7a00000) (1024K)]
  0x00000206c70221b0 JavaThread "modloading-sync-worker"     daemon [_thread_blocked, id=26808, stack(0x0000001fa7a00000,0x0000001fa7b00000) (1024K)]
  0x0000020718e29e40 JavaThread "C1 CompilerThread2"         daemon [_thread_blocked, id=25612, stack(0x0000001fa7f00000,0x0000001fa8000000) (1024K)]
  0x0000020718e151d0 JavaThread "FileSystemWatchService"     daemon [_thread_in_native, id=24068, stack(0x0000001faa700000,0x0000001faa800000) (1024K)]
  0x000002071eeaa3f0 JavaThread "config-file-watcher-0-0"    daemon [_thread_blocked, id=25580, stack(0x0000001fab400000,0x0000001fab500000) (1024K)]
  0x000002071eeab7a0 JavaThread "Sound engine"               daemon [_thread_blocked, id=26976, stack(0x0000001fab900000,0x0000001faba00000) (1024K)]
  0x000002071eea8320 JavaThread "Worker-Main-1"              daemon [_thread_blocked, id=25920, stack(0x0000001faba00000,0x0000001fabb00000) (1024K)]
  0x000002071eeaaa80 JavaThread "Worker-Main-2"              daemon [_thread_blocked, id=20736, stack(0x0000001fabd00000,0x0000001fabe00000) (1024K)]
  0x000002071eea6f70 JavaThread "Worker-Main-3"              daemon [_thread_blocked, id=28508, stack(0x0000001fabe00000,0x0000001fabf00000) (1024K)]
  0x000002071eea7600 JavaThread "Worker-Main-4"              daemon [_thread_blocked, id=10572, stack(0x0000001fabf00000,0x0000001fac000000) (1024K)]
  0x000002071eea9d60 JavaThread "Worker-Main-5"              daemon [_thread_blocked, id=28120, stack(0x0000001fac000000,0x0000001fac100000) (1024K)]
  0x000002071eea89b0 JavaThread "Worker-Main-6"              daemon [_thread_blocked, id=31272, stack(0x0000001fac100000,0x0000001fac200000) (1024K)]
  0x000002071eea9040 JavaThread "Worker-Main-7"              daemon [_thread_blocked, id=23584, stack(0x0000001fac200000,0x0000001fac300000) (1024K)]
  0x000002071eeab110 JavaThread "Worker-Main-8"              daemon [_thread_blocked, id=11852, stack(0x0000001fac300000,0x0000001fac400000) (1024K)]
  0x000002071eeabe30 JavaThread "Worker-Main-9"              daemon [_thread_blocked, id=5592, stack(0x0000001fac400000,0x0000001fac500000) (1024K)]
  0x000002071eeacb50 JavaThread "Worker-Main-10"             daemon [_thread_blocked, id=28080, stack(0x0000001fac500000,0x0000001fac600000) (1024K)]
  0x000002071eead1e0 JavaThread "Worker-Main-11"             daemon [_thread_blocked, id=31356, stack(0x0000001fac600000,0x0000001fac700000) (1024K)]
  0x000002071eea96d0 JavaThread "Worker-Main-12"             daemon [_thread_blocked, id=3388, stack(0x0000001fac700000,0x0000001fac800000) (1024K)]
  0x000002071eead870 JavaThread "Worker-Main-13"             daemon [_thread_blocked, id=13788, stack(0x0000001fac800000,0x0000001fac900000) (1024K)]
  0x000002071eea68e0 JavaThread "Worker-Main-15"             daemon [_thread_blocked, id=27256, stack(0x0000001fac900000,0x0000001faca00000) (1024K)]
  0x000002071eeadf00 JavaThread "Worker-Main-14"             daemon [_thread_blocked, id=940, stack(0x0000001faca00000,0x0000001facb00000) (1024K)]
  0x0000020718e2f6d0 JavaThread "C1 CompilerThread3"         daemon [_thread_blocked, id=24532, stack(0x0000001facc00000,0x0000001facd00000) (1024K)]
  0x00000207191dcbf0 JavaThread "HttpClient-1-SelectorManager" daemon [_thread_in_native, id=5744, stack(0x0000001facf00000,0x0000001fad000000) (1024K)]
  0x00000207191dc560 JavaThread "HttpClient-1-Worker-0"      daemon [_thread_blocked, id=28012, stack(0x0000001fad000000,0x0000001fad100000) (1024K)]
  0x00000207191dd910 JavaThread "FancyMenu-JsonPlaceholder-Cleanup" daemon [_thread_blocked, id=26908, stack(0x0000001fad100000,0x0000001fad200000) (1024K)]
  0x00000207191decc0 JavaThread "HttpClient-1-Worker-1"      daemon [_thread_blocked, id=17868, stack(0x0000001fad200000,0x0000001fad300000) (1024K)]
  0x0000020738323900 JavaThread "pool-23-thread-1"                  [_thread_blocked, id=26124, stack(0x0000001fad300000,0x0000001fad400000) (1024K)]
  0x0000020738323270 JavaThread "pool-24-thread-1"                  [_thread_blocked, id=30596, stack(0x0000001fad400000,0x0000001fad500000) (1024K)]
  0x00000207383259d0 JavaThread "Thread-7"                          [_thread_blocked, id=24272, stack(0x0000001fad500000,0x0000001fad600000) (1024K)]
  0x0000020738326060 JavaThread "Thread-8"                          [_thread_blocked, id=27784, stack(0x0000001fad600000,0x0000001fad700000) (1024K)]
  0x000002073883ef20 JavaThread "IO-Worker-1"                       [_thread_blocked, id=24780, stack(0x0000001fad700000,0x0000001fad800000) (1024K)]
  0x000002073883db70 JavaThread "spark-monitoring-thread"    daemon [_thread_blocked, id=20612, stack(0x0000001fad800000,0x0000001fad900000) (1024K)]
  0x000002073883d4e0 JavaThread "spark-worker-pool-1-thread-1" daemon [_thread_blocked, id=7408, stack(0x0000001fad900000,0x0000001fada00000) (1024K)]
  0x000002073883fc40 JavaThread "Java2D Disposer"            daemon [_thread_blocked, id=29604, stack(0x0000001facd00000,0x0000001face00000) (1024K)]
  0x00000207388402d0 JavaThread "pool-26-thread-1"                  [_thread_blocked, id=30964, stack(0x0000001face00000,0x0000001facf00000) (1024K)]
  0x000002073883a060 JavaThread "MRL-Loader-0"               daemon [_thread_blocked, id=19884, stack(0x0000001fa7b00000,0x0000001fa7c00000) (1024K)]
  0x0000020738840960 JavaThread "FFThread-1-lifecycle"       daemon [_thread_blocked, id=26884, stack(0x0000001fabc00000,0x0000001fabd00000) (1024K)]
  0x0000020738841680 JavaThread "FFThread-1-demux"           daemon [_thread_blocked, id=30832, stack(0x0000001facb00000,0x0000001facc00000) (1024K)]
  0x0000020718e2a510 JavaThread "C2 CompilerThread1"         daemon [_thread_blocked, id=29104, stack(0x0000001fadc00000,0x0000001fadd00000) (1024K)]
  0x00000206ca246c70 JavaThread "FFThread-1-video"           daemon [_thread_blocked, id=29160, stack(0x0000001fadd00000,0x0000001fade00000) (1024K)]
  0x00000206ca24cee0 JavaThread "FFThread-1-audio"           daemon [_thread_blocked, id=14560, stack(0x0000001fade00000,0x0000001fadf00000) (1024K)]
Total: 96

Other Threads:
  0x00000202ac678000 VMThread "VM Thread"                           [id=24484, stack(0x0000001fa6e00000,0x0000001fa6f00000) (1024K)]
  0x00000202ac71b0c0 WatcherThread "VM Periodic Task Thread"        [id=14328, stack(0x0000001fa6d00000,0x0000001fa6e00000) (1024K)]
  0x00000202aaa9de10 ConcurrentGCThread "ZDirector"                 [id=23468, stack(0x0000001fa6100000,0x0000001fa6200000) (1024K)]
  0x00000202ac6520a0 ConcurrentGCThread "ZDriverMajor"              [id=9372, stack(0x0000001fa6000000,0x0000001fa6100000) (1024K)]
  0x00000202ac650ff0 ConcurrentGCThread "ZDriverMinor"              [id=24400, stack(0x0000001fa5f00000,0x0000001fa6000000) (1024K)]
  0x00000202ac653ec0 ConcurrentGCThread "ZStat"                     [id=25388, stack(0x0000001fa6200000,0x0000001fa6300000) (1024K)]
  0x00000202aa9e7a80 ConcurrentGCThread "ZUnmapper"                 [id=29208, stack(0x0000001fa5500000,0x0000001fa5600000) (1024K)]
  0x00000202ace2b2c0 ConcurrentGCThread "ZUncommitter"              [id=10180, stack(0x0000001fa5600000,0x0000001fa5700000) (1024K)]
  0x00000202ac5ccb70 WorkerThread "ZWorkerYoung#0"                  [id=30700, stack(0x0000001fa5b00000,0x0000001fa5c00000) (1024K)]
  0x00000202ac5cd8b0 WorkerThread "ZWorkerYoung#1"                  [id=22404, stack(0x0000001fa5c00000,0x0000001fa5d00000) (1024K)]
  0x00000202ac5cef40 WorkerThread "ZWorkerYoung#2"                  [id=2228, stack(0x0000001fa5d00000,0x0000001fa5e00000) (1024K)]
  0x00000202ac5d05d0 WorkerThread "ZWorkerYoung#3"                  [id=21264, stack(0x0000001fa5e00000,0x0000001fa5f00000) (1024K)]
  0x00000202ace2e600 WorkerThread "ZWorkerOld#0"                    [id=15044, stack(0x0000001fa5700000,0x0000001fa5800000) (1024K)]
  0x00000202ac5c7f70 WorkerThread "ZWorkerOld#1"                    [id=12044, stack(0x0000001fa5800000,0x0000001fa5900000) (1024K)]
  0x00000202ac5c9500 WorkerThread "ZWorkerOld#2"                    [id=7020, stack(0x0000001fa5900000,0x0000001fa5a00000) (1024K)]
  0x00000202ac5cab90 WorkerThread "ZWorkerOld#3"                    [id=30808, stack(0x0000001fa5a00000,0x0000001fa5b00000) (1024K)]
  0x00000202ac65b1c0 WorkerThread "RuntimeWorker#0"                 [id=8784, stack(0x0000001fa6300000,0x0000001fa6400000) (1024K)]
  0x00000202ac65c090 WorkerThread "RuntimeWorker#1"                 [id=28772, stack(0x0000001fa6400000,0x0000001fa6500000) (1024K)]
  0x00000202ac65cb70 WorkerThread "RuntimeWorker#2"                 [id=24816, stack(0x0000001fa6500000,0x0000001fa6600000) (1024K)]
  0x00000202ac65d2b0 WorkerThread "RuntimeWorker#3"                 [id=28408, stack(0x0000001fa6600000,0x0000001fa6700000) (1024K)]
  0x00000202ac65cf10 WorkerThread "RuntimeWorker#4"                 [id=11508, stack(0x0000001fa6700000,0x0000001fa6800000) (1024K)]
  0x00000202ac65bcf0 WorkerThread "RuntimeWorker#5"                 [id=22852, stack(0x0000001fa6800000,0x0000001fa6900000) (1024K)]
  0x00000202ac65d650 WorkerThread "RuntimeWorker#6"                 [id=13696, stack(0x0000001fa6900000,0x0000001fa6a00000) (1024K)]
  0x00000202ac65c430 WorkerThread "RuntimeWorker#7"                 [id=22432, stack(0x0000001fa6a00000,0x0000001fa6b00000) (1024K)]
  0x00000202ac65c7d0 WorkerThread "RuntimeWorker#8"                 [id=28464, stack(0x0000001fa6b00000,0x0000001fa6c00000) (1024K)]
  0x00000202ac677180 WorkerThread "RuntimeWorker#9"                 [id=15660, stack(0x0000001fa6c00000,0x0000001fa6d00000) (1024K)]
Total: 26

Threads with active compile tasks:
Total: 0

VM state: not at safepoint (normal execution)

VM Mutex/Monitor currently owned by a thread: None

CDS archive(s) not mapped
Compressed class space mapped at: 0x0000000080000000-0x00000000c0000000, reserved size: 1073741824
Narrow klass base: 0x0000000000000000, Narrow klass shift: 0, Narrow klass range: 0xc0000000

GC Precious Log:
 NUMA Support: Disabled
 CPUs: 16 total, 16 available
 Memory: 31962M
 Large Page Support: Disabled
 Address Space Type: Contiguous/Unrestricted/Complete
 Address Space Size: 262144M
 Min Capacity: 256M
 Initial Capacity: 256M
 Max Capacity: 16384M
 Soft Max Capacity: 16384M
 Medium Page Size: 32M
 Pre-touch: Enabled
 Uncommit: Enabled
 Uncommit Delay: 300s
 GC Workers for Old Generation: 4 (dynamic)
 GC Workers for Young Generation: 4 (dynamic)
 GC Workers Max: 4 (dynamic)
 Runtime Workers: 10

ZGC Globals:
 Young Collection:   Relocate/7
 Old Collection:     Relocate/7
 Offset Max:         4096G (0x0000040000000000)
 Page Size Small:    2M
 Page Size Medium:   32M

ZGC Metadata Bits:
 LoadGood:           0x0000000000001000
 LoadBad:            0x000000000000e000
 MarkGood:           0x0000000000001500
 MarkBad:            0x000000000000eac0
 StoreGood:          0x0000000000001510
 StoreBad:           0x000000000000eae0
 ------------------- 
 Remapped:           0x0000000000001000
 RemappedYoung:      0x0000000000005000
 RemappedOld:        0x0000000000003000
 MarkedYoung:        0x0000000000000100
 MarkedOld:          0x0000000000000400
 Remembered:         0x0000000000000010

Heap:
 ZHeap           used 8890M, capacity 8890M, max capacity 16384M
 Metaspace       used 181407K, committed 183744K, reserved 1245184K
  class space    used 28684K, committed 29760K, reserved 1048576K

ZGC Page Table:
 Small   0x0000000000000000 0x0000000000200000 0x0000000000200000 Y/7     Allocating 
 Small   0x0000000000200000 0x0000000000400000 0x0000000000400000 Y/7     Allocating 
 Small   0x0000000000400000 0x0000000000600000 0x0000000000600000 Y/7     Allocating 
 Small   0x0000000000600000 0x0000000000800000 0x0000000000800000 Y/7     Allocating 
 Small   0x0000000000800000 0x0000000000a00000 0x0000000000a00000 Y/7     Allocating 
 Small   0x0000000000a00000 0x0000000000bfaba0 0x0000000000c00000 O/6     Relocatable
 Small   0x0000000000c00000 0x0000000000dfffe0 0x0000000000e00000 Y/7     Allocating 
 Small   0x0000000000e00000 0x0000000001000000 0x0000000001000000 O/6     Relocatable
 Small   0x0000000001000000 0x0000000001200000 0x0000000001200000 Y/7     Allocating 
 Small   0x0000000001200000 0x0000000001400000 0x0000000001400000 Y/7     Allocating 
 Small   0x0000000001400000 0x0000000001600000 0x0000000001600000 Y/7     Allocating 
 Small   0x0000000001600000 0x0000000001800000 0x0000000001800000 Y/7     Allocating 
 Small   0x0000000001800000 0x00000000019b9828 0x0000000001a00000 Y/7     Allocating 
 Small   0x0000000001a00000 0x0000000001c00000 0x0000000001c00000 Y/7     Allocating 
 Small   0x0000000001c00000 0x0000000001dffff0 0x0000000001e00000 Y/7     Allocating 
 Small   0x0000000001e00000 0x0000000001fd5400 0x0000000002000000 Y/7     Allocating 
 Small   0x0000000002000000 0x0000000002200000 0x0000000002200000 Y/7     Allocating 
 Small   0x0000000002200000 0x0000000002400000 0x0000000002400000 Y/7     Allocating 
 Small   0x0000000002400000 0x0000000002600000 0x0000000002600000 Y/7     Allocating 
 Small   0x0000000002600000 0x0000000002800000 0x0000000002800000 Y/7     Allocating 
 Small   0x0000000002800000 0x0000000002a00000 0x0000000002a00000 Y/7     Allocating 
 Small   0x0000000002a00000 0x0000000002c00000 0x0000000002c00000 Y/7     Allocating 
 Small   0x0000000002c00000 0x0000000002e00000 0x0000000002e00000 Y/7     Allocating 
 Small   0x0000000002e00000 0x0000000003000000 0x0000000003000000 Y/7     Allocating 
 Small   0x0000000003000000 0x0000000003200000 0x0000000003200000 Y/7     Allocating 
 Small   0x0000000003200000 0x0000000003400000 0x0000000003400000 Y/7     Allocating 
 Small   0x0000000003400000 0x0000000003600000 0x0000000003600000 Y/7     Allocating 
 Small   0x0000000003600000 0x0000000003800000 0x0000000003800000 Y/7     Allocating 
 Small   0x0000000003800000 0x0000000003a00000 0x0000000003a00000 O/6     Relocatable
 Small   0x0000000003a00000 0x0000000003c00000 0x0000000003c00000 Y/7     Allocating 
 Small   0x0000000003c00000 0x0000000003e00000 0x0000000003e00000 Y/7     Allocating 
 Small   0x0000000003e00000 0x0000000004000000 0x0000000004000000 Y/7     Allocating 
 Small   0x0000000004000000 0x0000000004200000 0x0000000004200000 Y/7     Allocating 
 Small   0x0000000004200000 0x00000000043c6ef0 0x0000000004400000 Y/7     Allocating 
 Small   0x0000000004400000 0x0000000004600000 0x0000000004600000 Y/7     Allocating 
 Small   0x0000000004600000 0x00000000047fffb8 0x0000000004800000 Y/7     Allocating 
 Small   0x0000000004800000 0x00000000049fffe0 0x0000000004a00000 O/6     Relocatable
 Small   0x0000000004a00000 0x0000000004c00000 0x0000000004c00000 Y/7     Allocating 
 Small   0x0000000004c00000 0x0000000004e00000 0x0000000004e00000 Y/7     Allocating 
 Small   0x0000000004e00000 0x0000000005000000 0x0000000005000000 Y/7     Allocating 
 Small   0x0000000005000000 0x0000000005200000 0x0000000005200000 Y/7     Allocating 
 Small   0x0000000005200000 0x00000000053fffe8 0x0000000005400000 O/6     Relocatable
 Small   0x0000000005400000 0x0000000005600000 0x0000000005600000 Y/7     Allocating 
 Small   0x0000000005600000 0x0000000005800000 0x0000000005800000 Y/7     Allocating 
 Small   0x0000000005800000 0x00000000059fffc0 0x0000000005a00000 Y/7     Allocating 
 Small   0x0000000005a00000 0x0000000005c00000 0x0000000005c00000 Y/7     Allocating 
 Small   0x0000000005c00000 0x0000000005dfb170 0x0000000005e00000 Y/7     Allocating 
 Small   0x0000000005e00000 0x0000000006000000 0x0000000006000000 Y/7     Allocating 
 Small   0x0000000006000000 0x00000000061fffe8 0x0000000006200000 Y/7     Allocating 
 Small   0x0000000006200000 0x0000000006400000 0x0000000006400000 Y/7     Allocating 
 Small   0x0000000006400000 0x00000000065ffbe8 0x0000000006600000 O/6     Relocatable
 Small   0x0000000006600000 0x00000000067fffe8 0x0000000006800000 O/6     Relocatable
 Medium  0x0000000006800000 0x00000000087f5000 0x0000000008800000 Y/7     Allocating 
 Small   0x0000000008800000 0x0000000008a00000 0x0000000008a00000 Y/7     Allocating 
 Small   0x0000000008a00000 0x0000000008c00000 0x0000000008c00000 Y/7     Allocating 
 Small   0x0000000008c00000 0x0000000008e00000 0x0000000008e00000 Y/7     Allocating 
 Small   0x0000000008e00000 0x0000000009000000 0x0000000009000000 Y/7     Allocating 
 Small   0x0000000009000000 0x0000000009200000 0x0000000009200000 Y/7     Allocating 
 Small   0x0000000009200000 0x0000000009400000 0x0000000009400000 Y/7     Allocating 
 Small   0x0000000009400000 0x0000000009600000 0x0000000009600000 Y/7     Allocating 
 Small   0x0000000009600000 0x0000000009800000 0x0000000009800000 Y/7     Allocating 
 Small   0x0000000009800000 0x0000000009a00000 0x0000000009a00000 Y/7     Allocating 
 Small   0x0000000009a00000 0x0000000009c00000 0x0000000009c00000 Y/7     Allocating 
 Small   0x0000000009c00000 0x0000000009e00000 0x0000000009e00000 Y/7     Allocating 
 Small   0x0000000009e00000 0x000000000a000000 0x000000000a000000 Y/7     Allocating 
 Small   0x000000000a000000 0x000000000a200000 0x000000000a200000 Y/7     Allocating 
 Small   0x000000000a200000 0x000000000a400000 0x000000000a400000 Y/7     Allocating 
 Small   0x000000000a400000 0x000000000a5ffad0 0x000000000a600000 Y/7     Allocating 
 Small   0x000000000a600000 0x000000000a800000 0x000000000a800000 O/6     Relocatable
 Small   0x000000000a800000 0x000000000aa00000 0x000000000aa00000 Y/7     Allocating 
 Small   0x000000000aa00000 0x000000000ac00000 0x000000000ac00000 Y/7     Allocating 
 Small   0x000000000ac00000 0x000000000ae00000 0x000000000ae00000 Y/7     Allocating 
 Small   0x000000000ae00000 0x000000000b000000 0x000000000b000000 Y/7     Allocating 
 Small   0x000000000b000000 0x000000000b200000 0x000000000b200000 Y/7     Allocating 
 Small   0x000000000b200000 0x000000000b3fffd0 0x000000000b400000 Y/7     Allocating 
 Small   0x000000000b400000 0x000000000b400b80 0x000000000b600000 O/7     Allocating 
 Small   0x000000000b600000 0x000000000b800000 0x000000000b800000 Y/7     Allocating 
 Small   0x000000000b800000 0x000000000ba00000 0x000000000ba00000 O/6     Relocatable
 Small   0x000000000ba00000 0x000000000bc00000 0x000000000bc00000 Y/7     Allocating 
 Small   0x000000000bc00000 0x000000000be00000 0x000000000be00000 Y/7     Allocating 
 Small   0x000000000be00000 0x000000000c000000 0x000000000c000000 Y/7     Allocating 
 Small   0x000000000c000000 0x000000000c200000 0x000000000c200000 Y/7     Allocating 
 Small   0x000000000c200000 0x000000000c400000 0x000000000c400000 Y/7     Allocating 
 Small   0x000000000c400000 0x000000000c600000 0x000000000c600000 Y/7     Allocating 
 Small   0x000000000c600000 0x000000000c800000 0x000000000c800000 Y/7     Allocating 
 Small   0x000000000c800000 0x000000000ca00000 0x000000000ca00000 Y/7     Allocating 
 Small   0x000000000ca00000 0x000000000cc00000 0x000000000cc00000 Y/7     Allocating 
 Small   0x000000000cc00000 0x000000000ce00000 0x000000000ce00000 Y/7     Allocating 
 Small   0x000000000ce00000 0x000000000d000000 0x000000000d000000 Y/7     Allocating 
 Small   0x000000000d000000 0x000000000d1fc7b0 0x000000000d200000 O/6     Relocatable
 Small   0x000000000d200000 0x000000000d400000 0x000000000d400000 Y/7     Allocating 
 Small   0x000000000d400000 0x000000000d600000 0x000000000d600000 Y/7     Allocating 
 Small   0x000000000d600000 0x000000000d7f16a8 0x000000000d800000 Y/7     Allocating 
 Small   0x000000000d800000 0x000000000da00000 0x000000000da00000 O/6     Relocatable
 Small   0x000000000da00000 0x000000000dbffff8 0x000000000dc00000 O/6     Relocatable
 Small   0x000000000dc00000 0x000000000ddffff8 0x000000000de00000 Y/7     Allocating 
 Small   0x000000000de00000 0x000000000e000000 0x000000000e000000 Y/7     Allocating 
 Small   0x000000000e000000 0x000000000e200000 0x000000000e200000 Y/7     Allocating 
 Small   0x000000000e200000 0x000000000e400000 0x000000000e400000 Y/7     Allocating 
 Small   0x000000000e400000 0x000000000e600000 0x000000000e600000 Y/7     Allocating 
 Small   0x000000000e600000 0x000000000e800000 0x000000000e800000 Y/7     Allocating 
 Small   0x000000000e800000 0x000000000ea00000 0x000000000ea00000 Y/7     Allocating 
 Small   0x000000000ea00000 0x000000000ec00000 0x000000000ec00000 Y/7     Allocating 
 Small   0x000000000ec00000 0x000000000ee00000 0x000000000ee00000 Y/7     Allocating 
 Small   0x000000000ee00000 0x000000000f000000 0x000000000f000000 Y/7     Allocating 
 Small   0x000000000f000000 0x000000000f200000 0x000000000f200000 Y/7     Allocating 
 Small   0x000000000f200000 0x000000000f400000 0x000000000f400000 Y/7     Allocating 
 Small   0x000000000f400000 0x000000000f600000 0x000000000f600000 Y/7     Allocating 
 Small   0x000000000f600000 0x000000000f800000 0x000000000f800000 Y/7     Allocating 
 Small   0x000000000f800000 0x000000000fa00000 0x000000000fa00000 Y/7     Allocating 
 Small   0x000000000fa00000 0x000000000fc00000 0x000000000fc00000 Y/7     Allocating 
 Small   0x000000000fc00000 0x000000000fe00000 0x000000000fe00000 Y/7     Allocating 
 Small   0x000000000fe00000 0x0000000010000000 0x0000000010000000 Y/7     Allocating 
 Small   0x0000000010000000 0x0000000010200000 0x0000000010200000 Y/7     Allocating 
 Small   0x0000000010200000 0x0000000010400000 0x0000000010400000 Y/7     Allocating 
 Small   0x0000000010400000 0x0000000010600000 0x0000000010600000 Y/7     Allocating 
 Small   0x0000000010600000 0x0000000010800000 0x0000000010800000 Y/7     Allocating 
 Small   0x0000000010800000 0x0000000010a00000 0x0000000010a00000 Y/7     Allocating 
 Small   0x0000000010a00000 0x0000000010c00000 0x0000000010c00000 Y/7     Allocating 
 Small   0x0000000010c00000 0x0000000010e00000 0x0000000010e00000 Y/7     Allocating 
 Small   0x0000000010e00000 0x0000000011000000 0x0000000011000000 Y/7     Allocating 
 Small   0x0000000011000000 0x0000000011200000 0x0000000011200000 Y/7     Allocating 
 Small   0x0000000011200000 0x0000000011400000 0x0000000011400000 Y/7     Allocating 
 Small   0x0000000011400000 0x0000000011600000 0x0000000011600000 Y/7     Allocating 
 Small   0x0000000011600000 0x0000000011800000 0x0000000011800000 Y/7     Allocating 
 Small   0x0000000011800000 0x0000000011a00000 0x0000000011a00000 Y/7     Allocating 
 Small   0x0000000011a00000 0x0000000011c00000 0x0000000011c00000 Y/7     Allocating 
 Small   0x0000000011c00000 0x0000000011e00000 0x0000000011e00000 Y/7     Allocating 
 Small   0x0000000011e00000 0x0000000012000000 0x0000000012000000 Y/7     Allocating 
 Small   0x0000000012000000 0x0000000012200000 0x0000000012200000 Y/7     Allocating 
 Small   0x0000000012200000 0x00000000123eff40 0x0000000012400000 Y/7     Allocating 
 Small   0x0000000012400000 0x00000000125fd940 0x0000000012600000 Y/7     Allocating 
 Small   0x0000000012600000 0x00000000127f81f0 0x0000000012800000 O/6     Relocatable
 Small   0x0000000012800000 0x0000000012a00000 0x0000000012a00000 Y/7     Allocating 
 Small   0x0000000012a00000 0x0000000012c00000 0x0000000012c00000 Y/7     Allocating 
 Small   0x0000000012c00000 0x0000000012dfffd0 0x0000000012e00000 O/6     Relocatable
 Small   0x0000000012e00000 0x0000000013000000 0x0000000013000000 Y/7     Allocating 
 Small   0x0000000013000000 0x0000000013196c30 0x0000000013200000 Y/7     Allocating 
 Small   0x0000000013200000 0x0000000013400000 0x0000000013400000 Y/7     Allocating 
 Small   0x0000000013400000 0x0000000013600000 0x0000000013600000 Y/7     Allocating 
 Small   0x0000000013600000 0x0000000013800000 0x0000000013800000 Y/7     Allocating 
 Small   0x0000000013800000 0x00000000139fffd0 0x0000000013a00000 O/6     Relocatable
 Small   0x0000000013a00000 0x0000000013c00000 0x0000000013c00000 Y/7     Allocating 
 Small   0x0000000013c00000 0x0000000013e00000 0x0000000013e00000 Y/7     Allocating 
 Small   0x0000000013e00000 0x0000000014000000 0x0000000014000000 Y/7     Allocating 
 Small   0x0000000014000000 0x0000000014200000 0x0000000014200000 Y/7     Allocating 
 Small   0x0000000014200000 0x0000000014400000 0x0000000014400000 Y/7     Allocating 
 Small   0x0000000014400000 0x00000000145fffd8 0x0000000014600000 Y/7     Allocating 
 Small   0x0000000014600000 0x00000000147fffc8 0x0000000014800000 Y/7     Allocating 
 Small   0x0000000014800000 0x0000000014a00000 0x0000000014a00000 Y/7     Allocating 
 Small   0x0000000014a00000 0x0000000014c00000 0x0000000014c00000 Y/7     Allocating 
 Small   0x0000000014c00000 0x0000000014e00000 0x0000000014e00000 Y/7     Allocating 
 Small   0x0000000014e00000 0x0000000015000000 0x0000000015000000 Y/7     Allocating 
 Small   0x0000000015000000 0x0000000015200000 0x0000000015200000 Y/7     Allocating 
 Small   0x0000000015200000 0x0000000015400000 0x0000000015400000 Y/7     Allocating 
 Small   0x0000000015400000 0x0000000015600000 0x0000000015600000 Y/7     Allocating 
 Small   0x0000000015600000 0x0000000015800000 0x0000000015800000 Y/7     Allocating 
 Small   0x0000000015800000 0x0000000015a00000 0x0000000015a00000 Y/7     Allocating 
 Small   0x0000000015a00000 0x0000000015c00000 0x0000000015c00000 Y/7     Allocating 
 Small   0x0000000015c00000 0x0000000015e00000 0x0000000015e00000 Y/7     Allocating 
 Small   0x0000000015e00000 0x0000000016000000 0x0000000016000000 Y/7     Allocating 
 Small   0x0000000016000000 0x0000000016200000 0x0000000016200000 Y/7     Allocating 
 Small   0x0000000016200000 0x00000000163e6358 0x0000000016400000 O/6     Relocatable
 Small   0x0000000016400000 0x00000000165ffff0 0x0000000016600000 Y/7     Allocating 
 Small   0x0000000016600000 0x0000000016800000 0x0000000016800000 Y/7     Allocating 
 Small   0x0000000016800000 0x0000000016a00000 0x0000000016a00000 Y/7     Allocating 
 Small   0x0000000016a00000 0x0000000016c00000 0x0000000016c00000 Y/7     Allocating 
 Small   0x0000000016c00000 0x0000000016e00000 0x0000000016e00000 Y/7     Allocating 
 Small   0x0000000016e00000 0x0000000017000000 0x0000000017000000 Y/7     Allocating 
 Small   0x0000000017000000 0x0000000017200000 0x0000000017200000 Y/7     Allocating 
 Small   0x0000000017200000 0x0000000017400000 0x0000000017400000 Y/7     Allocating 
 Small   0x0000000017400000 0x0000000017600000 0x0000000017600000 Y/7     Allocating 
 Small   0x0000000017600000 0x0000000017800000 0x0000000017800000 Y/7     Allocating 
 Small   0x0000000017800000 0x0000000017a00000 0x0000000017a00000 Y/7     Allocating 
 Small   0x0000000017a00000 0x0000000017c00000 0x0000000017c00000 Y/7     Allocating 
 Small   0x0000000017c00000 0x0000000017e00000 0x0000000017e00000 Y/7     Allocating 
 Small   0x0000000017e00000 0x0000000018000000 0x0000000018000000 Y/7     Allocating 
 Small   0x0000000018000000 0x0000000018200000 0x0000000018200000 Y/7     Allocating 
 Small   0x0000000018200000 0x0000000018400000 0x0000000018400000 Y/7     Allocating 
 Small   0x0000000018400000 0x0000000018600000 0x0000000018600000 Y/7     Allocating 
 Small   0x0000000018600000 0x0000000018800000 0x0000000018800000 Y/7     Allocating 
 Small   0x0000000018800000 0x00000000189fffd8 0x0000000018a00000 Y/7     Allocating 
 Small   0x0000000018a00000 0x0000000018c00000 0x0000000018c00000 Y/7     Allocating 
 Small   0x0000000018c00000 0x0000000018e00000 0x0000000018e00000 Y/7     Allocating 
 Small   0x0000000018e00000 0x0000000019000000 0x0000000019000000 Y/7     Allocating 
 Small   0x0000000019000000 0x0000000019200000 0x0000000019200000 Y/7     Allocating 
 Small   0x0000000019200000 0x0000000019400000 0x0000000019400000 Y/7     Allocating 
 Small   0x0000000019400000 0x0000000019600000 0x0000000019600000 Y/7     Allocating 
 Small   0x0000000019600000 0x0000000019800000 0x0000000019800000 Y/7     Allocating 
 Small   0x0000000019800000 0x0000000019a00000 0x0000000019a00000 Y/7     Allocating 
 Small   0x0000000019a00000 0x0000000019c00000 0x0000000019c00000 Y/7     Allocating 
 Small   0x0000000019c00000 0x0000000019e00000 0x0000000019e00000 Y/7     Allocating 
 Small   0x0000000019e00000 0x000000001a000000 0x000000001a000000 Y/7     Allocating 
 Small   0x000000001a000000 0x000000001a200000 0x000000001a200000 Y/7     Allocating 
 Small   0x000000001a200000 0x000000001a400000 0x000000001a400000 O/6     Relocatable
 Small   0x000000001a400000 0x000000001a600000 0x000000001a600000 O/6     Relocatable
 Small   0x000000001a600000 0x000000001a800000 0x000000001a800000 O/6     Relocatable
 Small   0x000000001a800000 0x000000001aa00000 0x000000001aa00000 Y/7     Allocating 
 Small   0x000000001aa00000 0x000000001ac00000 0x000000001ac00000 Y/7     Allocating 
 Small   0x000000001ac00000 0x000000001ae00000 0x000000001ae00000 Y/7     Allocating 
 Small   0x000000001ae00000 0x000000001affffd8 0x000000001b000000 O/6     Relocatable
 Small   0x000000001b000000 0x000000001b200000 0x000000001b200000 Y/7     Allocating 
 Small   0x000000001b200000 0x000000001b400000 0x000000001b400000 Y/7     Allocating 
 Small   0x000000001b400000 0x000000001b600000 0x000000001b600000 Y/7     Allocating 
 Small   0x000000001b600000 0x000000001b800000 0x000000001b800000 O/6     Relocatable
 Small   0x000000001b800000 0x000000001b9fffe0 0x000000001ba00000 O/6     Relocatable
 Small   0x000000001ba00000 0x000000001bc00000 0x000000001bc00000 Y/7     Allocating 
 Small   0x000000001bc00000 0x000000001be00000 0x000000001be00000 Y/7     Allocating 
 Small   0x000000001be00000 0x000000001c000000 0x000000001c000000 Y/7     Allocating 
 Small   0x000000001c000000 0x000000001c200000 0x000000001c200000 Y/7     Allocating 
 Small   0x000000001c200000 0x000000001c400000 0x000000001c400000 Y/7     Allocating 
 Small   0x000000001c400000 0x000000001c600000 0x000000001c600000 Y/7     Allocating 
 Small   0x000000001c600000 0x000000001c800000 0x000000001c800000 Y/7     Allocating 
 Small   0x000000001c800000 0x000000001ca00000 0x000000001ca00000 Y/7     Allocating 
 Small   0x000000001ca00000 0x000000001cbffff0 0x000000001cc00000 O/6     Relocatable
 Small   0x000000001cc00000 0x000000001cdffff8 0x000000001ce00000 Y/7     Allocating 
 Small   0x000000001ce00000 0x000000001d000000 0x000000001d000000 Y/7     Allocating 
 Small   0x000000001d000000 0x000000001d200000 0x000000001d200000 Y/7     Allocating 
 Small   0x000000001d200000 0x000000001d400000 0x000000001d400000 Y/7     Allocating 
 Small   0x000000001d400000 0x000000001d600000 0x000000001d600000 Y/7     Allocating 
 Small   0x000000001d600000 0x000000001d800000 0x000000001d800000 Y/7     Allocating 
 Small   0x000000001d800000 0x000000001d9ffff8 0x000000001da00000 Y/7     Allocating 
 Small   0x000000001da00000 0x000000001dc00000 0x000000001dc00000 O/6     Relocatable
 Small   0x000000001dc00000 0x000000001ddffff8 0x000000001de00000 O/6     Relocatable
 Small   0x000000001de00000 0x000000001e000000 0x000000001e000000 Y/7     Allocating 
 Small   0x000000001e000000 0x000000001e1ffff0 0x000000001e200000 Y/7     Allocating 
 Small   0x000000001e200000 0x000000001e400000 0x000000001e400000 Y/7     Allocating 
 Small   0x000000001e400000 0x000000001e600000 0x000000001e600000 Y/7     Allocating 
 Small   0x000000001e600000 0x000000001e800000 0x000000001e800000 Y/7     Allocating 
 Small   0x000000001e800000 0x000000001ea00000 0x000000001ea00000 Y/7     Allocating 
 Small   0x000000001ea00000 0x000000001ec00000 0x000000001ec00000 Y/7     Allocating 
 Small   0x000000001ec00000 0x000000001ee00000 0x000000001ee00000 Y/7     Allocating 
 Small   0x000000001ee00000 0x000000001f000000 0x000000001f000000 Y/7     Allocating 
 Small   0x000000001f000000 0x000000001f200000 0x000000001f200000 Y/7     Allocating 
 Small   0x000000001f200000 0x000000001f400000 0x000000001f400000 Y/7     Allocating 
 Small   0x000000001f400000 0x000000001f600000 0x000000001f600000 Y/7     Allocating 
 Small   0x000000001f600000 0x000000001f7ffff0 0x000000001f800000 Y/7     Allocating 
 Small   0x000000001f800000 0x000000001fa00000 0x000000001fa00000 Y/7     Allocating 
 Small   0x000000001fa00000 0x000000001fbffef0 0x000000001fc00000 Y/7     Allocating 
 Small   0x000000001fc00000 0x000000001fe00000 0x000000001fe00000 Y/7     Allocating 
 Small   0x000000001fe00000 0x0000000020000000 0x0000000020000000 Y/7     Allocating 
 Small   0x0000000020000000 0x0000000020200000 0x0000000020200000 Y/7     Allocating 
 Small   0x0000000020200000 0x0000000020400000 0x0000000020400000 Y/7     Allocating 
 Small   0x0000000020400000 0x0000000020600000 0x0000000020600000 Y/7     Allocating 
 Small   0x0000000020600000 0x0000000020800000 0x0000000020800000 Y/7     Allocating 
 Small   0x0000000020800000 0x0000000020a00000 0x0000000020a00000 Y/7     Allocating 
 Small   0x0000000020a00000 0x0000000020bfffe0 0x0000000020c00000 Y/7     Allocating 
 Small   0x0000000020c00000 0x0000000020e00000 0x0000000020e00000 Y/7     Allocating 
 Small   0x0000000020e00000 0x0000000021000000 0x0000000021000000 Y/7     Allocating 
 Small   0x0000000021000000 0x0000000021200000 0x0000000021200000 Y/7     Allocating 
 Small   0x0000000021200000 0x0000000021400000 0x0000000021400000 Y/7     Allocating 
 Small   0x0000000021400000 0x0000000021600000 0x0000000021600000 Y/7     Allocating 
 Small   0x0000000021600000 0x0000000021800000 0x0000000021800000 Y/7     Allocating 
 Small   0x0000000021800000 0x0000000021a00000 0x0000000021a00000 Y/7     Allocating 
 Small   0x0000000021a00000 0x0000000021c00000 0x0000000021c00000 Y/7     Allocating 
 Small   0x0000000021c00000 0x0000000021e00000 0x0000000021e00000 Y/7     Allocating 
 Small   0x0000000021e00000 0x0000000022000000 0x0000000022000000 Y/7     Allocating 
 Small   0x0000000022000000 0x0000000022200000 0x0000000022200000 Y/7     Allocating 
 Small   0x0000000022200000 0x0000000022400000 0x0000000022400000 Y/7     Allocating 
 Small   0x0000000022400000 0x0000000022600000 0x0000000022600000 Y/7     Allocating 
 Small   0x0000000022600000 0x0000000022800000 0x0000000022800000 Y/7     Allocating 
 Small   0x0000000022800000 0x0000000022a00000 0x0000000022a00000 Y/7     Allocating 
 Small   0x0000000022a00000 0x0000000022c00000 0x0000000022c00000 Y/7     Allocating 
 Small   0x0000000022c00000 0x0000000022e00000 0x0000000022e00000 Y/7     Allocating 
 Small   0x0000000022e00000 0x0000000023000000 0x0000000023000000 Y/7     Allocating 
 Small   0x0000000023000000 0x0000000023200000 0x0000000023200000 Y/7     Allocating 
 Small   0x0000000023200000 0x0000000023400000 0x0000000023400000 Y/7     Allocating 
 Small   0x0000000023400000 0x0000000023600000 0x0000000023600000 Y/7     Allocating 
 Small   0x0000000023600000 0x0000000023800000 0x0000000023800000 Y/7     Allocating 
 Small   0x0000000023800000 0x0000000023a00000 0x0000000023a00000 Y/7     Allocating 
 Small   0x0000000023a00000 0x0000000023c00000 0x0000000023c00000 Y/7     Allocating 
 Small   0x0000000023c00000 0x0000000023e00000 0x0000000023e00000 Y/7     Allocating 
 Small   0x0000000023e00000 0x0000000024000000 0x0000000024000000 Y/7     Allocating 
 Small   0x0000000024000000 0x00000000241fff68 0x0000000024200000 Y/7     Allocating 
 Small   0x0000000024200000 0x0000000024400000 0x0000000024400000 Y/7     Allocating 
 Small   0x0000000024400000 0x0000000024600000 0x0000000024600000 Y/7     Allocating 
 Small   0x0000000024600000 0x0000000024800000 0x0000000024800000 Y/7     Allocating 
 Small   0x0000000024800000 0x0000000024a00000 0x0000000024a00000 Y/7     Allocating 
 Small   0x0000000024a00000 0x0000000024c00000 0x0000000024c00000 Y/7     Allocating 
 Small   0x0000000024c00000 0x0000000024e00000 0x0000000024e00000 Y/7     Allocating 
 Small   0x0000000024e00000 0x0000000025000000 0x0000000025000000 Y/7     Allocating 
 Small   0x0000000025000000 0x00000000251fffd0 0x0000000025200000 Y/7     Allocating 
 Small   0x0000000025200000 0x0000000025400000 0x0000000025400000 Y/7     Allocating 
 Small   0x0000000025400000 0x0000000025600000 0x0000000025600000 Y/7     Allocating 
 Small   0x0000000025600000 0x0000000025800000 0x0000000025800000 Y/7     Allocating 
 Small   0x0000000025800000 0x0000000025a00000 0x0000000025a00000 Y/7     Allocating 
 Small   0x0000000025a00000 0x0000000025c00000 0x0000000025c00000 Y/7     Allocating 
 Small   0x0000000025c00000 0x0000000025e00000 0x0000000025e00000 Y/7     Allocating 
 Small   0x0000000025e00000 0x0000000026000000 0x0000000026000000 Y/7     Allocating 
 Small   0x0000000026000000 0x00000000261fffd0 0x0000000026200000 Y/7     Allocating 
 Small   0x0000000026200000 0x00000000263ffff0 0x0000000026400000 Y/7     Allocating 
 Small   0x0000000026400000 0x0000000026600000 0x0000000026600000 Y/7     Allocating 
 Small   0x0000000026600000 0x0000000026800000 0x0000000026800000 Y/7     Allocating 
 Small   0x0000000026800000 0x0000000026a00000 0x0000000026a00000 Y/7     Allocating 
 Small   0x0000000026a00000 0x0000000026c00000 0x0000000026c00000 Y/7     Allocating 
 Small   0x0000000026c00000 0x0000000026e00000 0x0000000026e00000 Y/7     Allocating 
 Small   0x0000000026e00000 0x0000000027000000 0x0000000027000000 Y/7     Allocating 
 Small   0x0000000027000000 0x0000000027200000 0x0000000027200000 Y/7     Allocating 
 Small   0x0000000027200000 0x0000000027400000 0x0000000027400000 Y/7     Allocating 
 Small   0x0000000027400000 0x0000000027600000 0x0000000027600000 Y/7     Allocating 
 Small   0x0000000027600000 0x0000000027800000 0x0000000027800000 Y/7     Allocating 
 Small   0x0000000027800000 0x0000000027a00000 0x0000000027a00000 Y/7     Allocating 
 Small   0x0000000027a00000 0x0000000027c00000 0x0000000027c00000 Y/7     Allocating 
 Small   0x0000000027c00000 0x0000000027e00000 0x0000000027e00000 Y/7     Allocating 
 Small   0x0000000027e00000 0x0000000028000000 0x0000000028000000 Y/7     Allocating 
 Small   0x0000000028000000 0x0000000028200000 0x0000000028200000 Y/7     Allocating 
 Small   0x0000000028200000 0x0000000028400000 0x0000000028400000 Y/7     Allocating 
 Small   0x0000000028400000 0x0000000028600000 0x0000000028600000 Y/7     Allocating 
 Small   0x0000000028600000 0x0000000028800000 0x0000000028800000 Y/7     Allocating 
 Small   0x0000000028800000 0x0000000028a00000 0x0000000028a00000 Y/7     Allocating 
 Small   0x0000000028a00000 0x0000000028c00000 0x0000000028c00000 Y/7     Allocating 
 Small   0x0000000028c00000 0x0000000028e00000 0x0000000028e00000 Y/7     Allocating 
 Small   0x0000000028e00000 0x0000000028fe58a0 0x0000000029000000 Y/7     Allocating 
 Small   0x0000000029000000 0x0000000029200000 0x0000000029200000 Y/7     Allocating 
 Small   0x0000000029200000 0x0000000029400000 0x0000000029400000 Y/7     Allocating 
 Small   0x0000000029400000 0x0000000029600000 0x0000000029600000 Y/7     Allocating 
 Small   0x0000000029600000 0x0000000029800000 0x0000000029800000 Y/7     Allocating 
 Small   0x0000000029800000 0x0000000029a00000 0x0000000029a00000 Y/7     Allocating 
 Small   0x0000000029a00000 0x0000000029c00000 0x0000000029c00000 Y/7     Allocating 
 Small   0x0000000029c00000 0x0000000029e00000 0x0000000029e00000 Y/7     Allocating 
 Small   0x0000000029e00000 0x000000002a000000 0x000000002a000000 Y/7     Allocating 
 Small   0x000000002a000000 0x000000002a200000 0x000000002a200000 Y/7     Allocating 
 Small   0x000000002a200000 0x000000002a400000 0x000000002a400000 Y/7     Allocating 
 Small   0x000000002a400000 0x000000002a600000 0x000000002a600000 Y/7     Allocating 
 Small   0x000000002a600000 0x000000002a800000 0x000000002a800000 Y/7     Allocating 
 Small   0x000000002a800000 0x000000002aa00000 0x000000002aa00000 Y/7     Allocating 
 Small   0x000000002aa00000 0x000000002ac00000 0x000000002ac00000 Y/7     Allocating 
 Small   0x000000002ac00000 0x000000002ae00000 0x000000002ae00000 Y/7     Allocating 
 Small   0x000000002ae00000 0x000000002b000000 0x000000002b000000 Y/7     Allocating 
 Small   0x000000002b000000 0x000000002b200000 0x000000002b200000 Y/7     Allocating 
 Small   0x000000002b200000 0x000000002b400000 0x000000002b400000 Y/7     Allocating 
 Small   0x000000002b400000 0x000000002b600000 0x000000002b600000 Y/7     Allocating 
 Small   0x000000002b600000 0x000000002b800000 0x000000002b800000 Y/7     Allocating 
 Small   0x000000002b800000 0x000000002ba00000 0x000000002ba00000 Y/7     Allocating 
 Small   0x000000002ba00000 0x000000002bbffff8 0x000000002bc00000 Y/7     Allocating 
 Small   0x000000002bc00000 0x000000002be00000 0x000000002be00000 Y/7     Allocating 
 Small   0x000000002be00000 0x000000002c000000 0x000000002c000000 Y/7     Allocating 
 Small   0x000000002c000000 0x000000002c200000 0x000000002c200000 Y/7     Allocating 
 Small   0x000000002c200000 0x000000002c400000 0x000000002c400000 Y/7     Allocating 
 Small   0x000000002c400000 0x000000002c600000 0x000000002c600000 Y/7     Allocating 
 Small   0x000000002c600000 0x000000002c800000 0x000000002c800000 Y/7     Allocating 
 Small   0x000000002c800000 0x000000002ca00000 0x000000002ca00000 Y/7     Allocating 
 Small   0x000000002ca00000 0x000000002cc00000 0x000000002cc00000 Y/7     Allocating 
 Small   0x000000002cc00000 0x000000002ce00000 0x000000002ce00000 Y/7     Allocating 
 Small   0x000000002ce00000 0x000000002d000000 0x000000002d000000 Y/7     Allocating 
 Small   0x000000002d000000 0x000000002d200000 0x000000002d200000 Y/7     Allocating 
 Small   0x000000002d200000 0x000000002d400000 0x000000002d400000 Y/7     Allocating 
 Small   0x000000002d400000 0x000000002d600000 0x000000002d600000 Y/7     Allocating 
 Small   0x000000002d600000 0x000000002d800000 0x000000002d800000 Y/7     Allocating 
 Small   0x000000002d800000 0x000000002da00000 0x000000002da00000 Y/7     Allocating 
 Small   0x000000002da00000 0x000000002dc00000 0x000000002dc00000 Y/7     Allocating 
 Small   0x000000002dc00000 0x000000002de00000 0x000000002de00000 Y/7     Allocating 
 Small   0x000000002de00000 0x000000002e000000 0x000000002e000000 Y/7     Allocating 
 Small   0x000000002e000000 0x000000002e200000 0x000000002e200000 Y/7     Allocating 
 Small   0x000000002e200000 0x000000002e400000 0x000000002e400000 Y/7     Allocating 
 Small   0x000000002e400000 0x000000002e600000 0x000000002e600000 Y/7     Allocating 
 Small   0x000000002e600000 0x000000002e800000 0x000000002e800000 Y/7     Allocating 
 Small   0x000000002e800000 0x000000002e9fffe8 0x000000002ea00000 Y/7     Allocating 
 Small   0x000000002ea00000 0x000000002ec00000 0x000000002ec00000 Y/7     Allocating 
 Small   0x000000002ec00000 0x000000002ee00000 0x000000002ee00000 Y/7     Allocating 
 Small   0x000000002ee00000 0x000000002f000000 0x000000002f000000 Y/7     Allocating 
 Small   0x000000002f000000 0x000000002f200000 0x000000002f200000 Y/7     Allocating 
 Small   0x000000002f200000 0x000000002f400000 0x000000002f400000 Y/7     Allocating 
 Small   0x000000002f400000 0x000000002f600000 0x000000002f600000 Y/7     Allocating 
 Small   0x000000002f600000 0x000000002f800000 0x000000002f800000 Y/7     Allocating 
 Small   0x000000002f800000 0x000000002fa00000 0x000000002fa00000 Y/7     Allocating 
 Small   0x000000002fa00000 0x000000002fc00000 0x000000002fc00000 Y/7     Allocating 
 Small   0x000000002fc00000 0x000000002fe00000 0x000000002fe00000 Y/7     Allocating 
 Small   0x000000002fe00000 0x0000000030000000 0x0000000030000000 Y/7     Allocating 
 Small   0x0000000030000000 0x0000000030200000 0x0000000030200000 Y/7     Allocating 
 Small   0x0000000030200000 0x0000000030400000 0x0000000030400000 Y/7     Allocating 
 Small   0x0000000030400000 0x0000000030600000 0x0000000030600000 Y/7     Allocating 
 Small   0x0000000030600000 0x0000000030800000 0x0000000030800000 Y/7     Allocating 
 Small   0x0000000030800000 0x0000000030a00000 0x0000000030a00000 Y/7     Allocating 
 Small   0x0000000030a00000 0x0000000030c00000 0x0000000030c00000 Y/7     Allocating 
 Small   0x0000000030c00000 0x0000000030e00000 0x0000000030e00000 Y/7     Allocating 
 Small   0x0000000030e00000 0x0000000031000000 0x0000000031000000 Y/7     Allocating 
 Small   0x0000000031000000 0x0000000031200000 0x0000000031200000 Y/7     Allocating 
 Small   0x0000000031200000 0x0000000031400000 0x0000000031400000 Y/7     Allocating 
 Small   0x0000000031400000 0x0000000031600000 0x0000000031600000 Y/7     Allocating 
 Small   0x0000000031600000 0x0000000031800000 0x0000000031800000 Y/7     Allocating 
 Small   0x0000000031800000 0x0000000031a00000 0x0000000031a00000 Y/7     Allocating 
 Small   0x0000000031a00000 0x0000000031c00000 0x0000000031c00000 Y/7     Allocating 
 Small   0x0000000031c00000 0x0000000031e00000 0x0000000031e00000 Y/7     Allocating 
 Small   0x0000000031e00000 0x0000000032000000 0x0000000032000000 Y/7     Allocating 
 Small   0x0000000032000000 0x0000000032200000 0x0000000032200000 Y/7     Allocating 
 Small   0x0000000032200000 0x0000000032400000 0x0000000032400000 Y/7     Allocating 
 Small   0x0000000032400000 0x0000000032600000 0x0000000032600000 Y/7     Allocating 
 Small   0x0000000032600000 0x00000000327fffb0 0x0000000032800000 Y/7     Allocating 
 Small   0x0000000032800000 0x0000000032a00000 0x0000000032a00000 Y/7     Allocating 
 Small   0x0000000032a00000 0x0000000032c00000 0x0000000032c00000 Y/7     Allocating 
 Small   0x0000000032c00000 0x0000000032e00000 0x0000000032e00000 Y/7     Allocating 
 Small   0x0000000032e00000 0x0000000033000000 0x0000000033000000 Y/7     Allocating 
 Small   0x0000000033000000 0x0000000033200000 0x0000000033200000 Y/7     Allocating 
 Small   0x0000000033200000 0x0000000033400000 0x0000000033400000 Y/7     Allocating 
 Small   0x0000000033400000 0x0000000033600000 0x0000000033600000 Y/7     Allocating 
 Small   0x0000000033600000 0x0000000033800000 0x0000000033800000 Y/7     Allocating 
 Small   0x0000000033800000 0x0000000033a00000 0x0000000033a00000 Y/7     Allocating 
 Small   0x0000000033a00000 0x0000000033c00000 0x0000000033c00000 Y/7     Allocating 
 Small   0x0000000033c00000 0x0000000033e00000 0x0000000033e00000 Y/7     Allocating 
 Small   0x0000000033e00000 0x0000000034000000 0x0000000034000000 Y/7     Allocating 
 Small   0x0000000034000000 0x0000000034200000 0x0000000034200000 Y/7     Allocating 
 Small   0x0000000034200000 0x0000000034400000 0x0000000034400000 Y/7     Allocating 
 Small   0x0000000034400000 0x0000000034600000 0x0000000034600000 Y/7     Allocating 
 Small   0x0000000034600000 0x0000000034800000 0x0000000034800000 Y/7     Allocating 
 Small   0x0000000034800000 0x0000000034a00000 0x0000000034a00000 Y/7     Allocating 
 Small   0x0000000034a00000 0x0000000034c00000 0x0000000034c00000 Y/7     Allocating 
 Small   0x0000000034c00000 0x0000000034e00000 0x0000000034e00000 Y/7     Allocating 
 Small   0x0000000034e00000 0x0000000035000000 0x0000000035000000 Y/7     Allocating 
 Small   0x0000000035000000 0x0000000035200000 0x0000000035200000 Y/7     Allocating 
 Small   0x0000000035200000 0x0000000035400000 0x0000000035400000 Y/7     Allocating 
 Small   0x0000000035400000 0x0000000035600000 0x0000000035600000 Y/7     Allocating 
 Small   0x0000000035600000 0x0000000035800000 0x0000000035800000 Y/7     Allocating 
 Small   0x0000000035800000 0x0000000035a00000 0x0000000035a00000 Y/7     Allocating 
 Small   0x0000000035a00000 0x0000000035c00000 0x0000000035c00000 Y/7     Allocating 
 Small   0x0000000035c00000 0x0000000035e00000 0x0000000035e00000 Y/7     Allocating 
 Small   0x0000000035e00000 0x0000000036000000 0x0000000036000000 Y/7     Allocating 
 Small   0x0000000036000000 0x0000000036200000 0x0000000036200000 Y/7     Allocating 
 Small   0x0000000036200000 0x0000000036400000 0x0000000036400000 Y/7     Allocating 
 Small   0x0000000036400000 0x0000000036600000 0x0000000036600000 Y/7     Allocating 
 Small   0x0000000036600000 0x0000000036800000 0x0000000036800000 Y/7     Allocating 
 Small   0x0000000036800000 0x00000000369ffff0 0x0000000036a00000 Y/7     Allocating 
 Small   0x0000000036a00000 0x0000000036c00000 0x0000000036c00000 Y/7     Allocating 
 Small   0x0000000036c00000 0x0000000036e00000 0x0000000036e00000 Y/7     Allocating 
 Small   0x0000000036e00000 0x0000000037000000 0x0000000037000000 Y/7     Allocating 
 Small   0x0000000037000000 0x0000000037200000 0x0000000037200000 Y/7     Allocating 
 Small   0x0000000037200000 0x0000000037400000 0x0000000037400000 Y/7     Allocating 
 Small   0x0000000037400000 0x0000000037600000 0x0000000037600000 Y/7     Allocating 
 Small   0x0000000037600000 0x0000000037800000 0x0000000037800000 Y/7     Allocating 
 Small   0x0000000037800000 0x0000000037a00000 0x0000000037a00000 Y/7     Allocating 
 Small   0x0000000037a00000 0x0000000037c00000 0x0000000037c00000 Y/7     Allocating 
 Small   0x0000000037c00000 0x0000000037e00000 0x0000000037e00000 Y/7     Allocating 
 Small   0x0000000037e00000 0x0000000038000000 0x0000000038000000 Y/7     Allocating 
 Small   0x0000000038000000 0x0000000038200000 0x0000000038200000 Y/7     Allocating 
 Small   0x0000000038200000 0x0000000038400000 0x0000000038400000 Y/7     Allocating 
 Small   0x0000000038400000 0x0000000038600000 0x0000000038600000 Y/7     Allocating 
 Small   0x0000000038600000 0x0000000038800000 0x0000000038800000 Y/7     Allocating 
 Small   0x0000000038800000 0x0000000038a00000 0x0000000038a00000 Y/7     Allocating 
 Small   0x0000000038a00000 0x0000000038c00000 0x0000000038c00000 Y/7     Allocating 
 Small   0x0000000038c00000 0x0000000038e00000 0x0000000038e00000 Y/7     Allocating 
 Small   0x0000000038e00000 0x0000000039000000 0x0000000039000000 Y/7     Allocating 
 Small   0x0000000039000000 0x0000000039200000 0x0000000039200000 Y/7     Allocating 
 Small   0x0000000039200000 0x0000000039400000 0x0000000039400000 Y/7     Allocating 
 Small   0x0000000039400000 0x0000000039600000 0x0000000039600000 Y/7     Allocating 
 Small   0x0000000039600000 0x0000000039800000 0x0000000039800000 Y/7     Allocating 
 Small   0x0000000039800000 0x0000000039a00000 0x0000000039a00000 Y/7     Allocating 
 Small   0x0000000039a00000 0x0000000039c00000 0x0000000039c00000 Y/7     Allocating 
 Small   0x0000000039c00000 0x0000000039e00000 0x0000000039e00000 Y/7     Allocating 
 Small   0x0000000039e00000 0x000000003a000000 0x000000003a000000 Y/7     Allocating 
 Small   0x000000003a000000 0x000000003a200000 0x000000003a200000 Y/7     Allocating 
 Small   0x000000003a200000 0x000000003a400000 0x000000003a400000 Y/7     Allocating 
 Small   0x000000003a400000 0x000000003a600000 0x000000003a600000 Y/7     Allocating 
 Small   0x000000003a600000 0x000000003a800000 0x000000003a800000 Y/7     Allocating 
 Small   0x000000003a800000 0x000000003aa00000 0x000000003aa00000 Y/7     Allocating 
 Small   0x000000003aa00000 0x000000003ac00000 0x000000003ac00000 Y/7     Allocating 
 Small   0x000000003ac00000 0x000000003ae00000 0x000000003ae00000 Y/7     Allocating 
 Small   0x000000003ae00000 0x000000003b000000 0x000000003b000000 Y/7     Allocating 
 Small   0x000000003b000000 0x000000003b200000 0x000000003b200000 Y/7     Allocating 
 Small   0x000000003b200000 0x000000003b400000 0x000000003b400000 Y/7     Allocating 
 Small   0x000000003b400000 0x000000003b600000 0x000000003b600000 Y/7     Allocating 
 Small   0x000000003b600000 0x000000003b800000 0x000000003b800000 Y/7     Allocating 
 Small   0x000000003b800000 0x000000003ba00000 0x000000003ba00000 Y/7     Allocating 
 Small   0x000000003ba00000 0x000000003bc00000 0x000000003bc00000 Y/7     Allocating 
 Small   0x000000003bc00000 0x000000003be00000 0x000000003be00000 Y/7     Allocating 
 Small   0x000000003be00000 0x000000003c000000 0x000000003c000000 Y/7     Allocating 
 Small   0x000000003c000000 0x000000003c200000 0x000000003c200000 Y/7     Allocating 
 Small   0x000000003c200000 0x000000003c400000 0x000000003c400000 Y/7     Allocating 
 Small   0x000000003c400000 0x000000003c600000 0x000000003c600000 Y/7     Allocating 
 Small   0x000000003c600000 0x000000003c800000 0x000000003c800000 Y/7     Allocating 
 Small   0x000000003c800000 0x000000003ca00000 0x000000003ca00000 Y/7     Allocating 
 Small   0x000000003ca00000 0x000000003cc00000 0x000000003cc00000 Y/7     Allocating 
 Small   0x000000003cc00000 0x000000003ce00000 0x000000003ce00000 Y/7     Allocating 
 Small   0x000000003ce00000 0x000000003cfffff0 0x000000003d000000 Y/7     Allocating 
 Small   0x000000003d000000 0x000000003d200000 0x000000003d200000 Y/7     Allocating 
 Small   0x000000003d200000 0x000000003d400000 0x000000003d400000 Y/7     Allocating 
 Small   0x000000003d400000 0x000000003d600000 0x000000003d600000 Y/7     Allocating 
 Small   0x000000003d600000 0x000000003d800000 0x000000003d800000 Y/7     Allocating 
 Small   0x000000003d800000 0x000000003da00000 0x000000003da00000 Y/7     Allocating 
 Small   0x000000003da00000 0x000000003dbfaa70 0x000000003dc00000 Y/7     Allocating 
 Small   0x000000003dc00000 0x000000003ddf56f0 0x000000003de00000 Y/7     Allocating 
 Small   0x000000003de00000 0x000000003dfeeb38 0x000000003e000000 Y/7     Allocating 
 Small   0x000000003e000000 0x000000003e1fd7b8 0x000000003e200000 Y/7     Allocating 
 Small   0x000000003e200000 0x000000003e3f7ed8 0x000000003e400000 Y/7     Allocating 
 Small   0x000000003e400000 0x000000003e600000 0x000000003e600000 Y/7     Allocating 
 Small   0x000000003e600000 0x000000003e800000 0x000000003e800000 Y/7     Allocating 
 Small   0x000000003e800000 0x000000003e9f0bb8 0x000000003ea00000 Y/7     Allocating 
 Small   0x000000003ea00000 0x000000003ebfe450 0x000000003ec00000 Y/7     Allocating 
 Small   0x000000003ec00000 0x000000003edfffe0 0x000000003ee00000 Y/7     Allocating 
 Small   0x000000003ee00000 0x000000003eff8428 0x000000003f000000 Y/7     Allocating 
 Small   0x000000003f000000 0x000000003f1f09d8 0x000000003f200000 Y/7     Allocating 
 Small   0x000000003f200000 0x000000003f3fcf38 0x000000003f400000 Y/7     Allocating 
 Small   0x000000003f400000 0x000000003f5f6758 0x000000003f600000 Y/7     Allocating 
 Small   0x000000003f600000 0x000000003f7ee408 0x000000003f800000 Y/7     Allocating 
 Small   0x000000003f800000 0x000000003f9f9768 0x000000003fa00000 Y/7     Allocating 
 Small   0x000000003fa00000 0x000000003fbf2618 0x000000003fc00000 Y/7     Allocating 
 Small   0x000000003fc00000 0x000000003fdfbac0 0x000000003fe00000 Y/7     Allocating 
 Small   0x000000003fe00000 0x000000003fff4980 0x0000000040000000 Y/7     Allocating 
 Small   0x0000000040000000 0x00000000401fc4f8 0x0000000040200000 Y/7     Allocating 
 Small   0x0000000040200000 0x0000000040400000 0x0000000040400000 Y/7     Allocating 
 Small   0x0000000040400000 0x00000000405f3e20 0x0000000040600000 Y/7     Allocating 
 Small   0x0000000040600000 0x00000000407fffa8 0x0000000040800000 Y/7     Allocating 
 Small   0x0000000040800000 0x0000000040a00000 0x0000000040a00000 Y/7     Allocating 
 Small   0x0000000040a00000 0x0000000040c00000 0x0000000040c00000 Y/7     Allocating 
 Small   0x0000000040c00000 0x0000000040e00000 0x0000000040e00000 Y/7     Allocating 
 Small   0x0000000040e00000 0x0000000041000000 0x0000000041000000 Y/7     Allocating 
 Small   0x0000000041000000 0x00000000411fdca8 0x0000000041200000 Y/7     Allocating 
 Small   0x0000000041200000 0x00000000413f8e10 0x0000000041400000 Y/7     Allocating 
 Small   0x0000000041400000 0x00000000415fe048 0x0000000041600000 Y/7     Allocating 
 Small   0x0000000041600000 0x0000000041800000 0x0000000041800000 Y/7     Allocating 
 Small   0x0000000041800000 0x0000000041a00000 0x0000000041a00000 Y/7     Allocating 
 Small   0x0000000041a00000 0x0000000041c00000 0x0000000041c00000 Y/7     Allocating 
 Small   0x0000000041c00000 0x0000000041df4810 0x0000000041e00000 Y/7     Allocating 
 Small   0x0000000041e00000 0x0000000041ff8ee0 0x0000000042000000 Y/7     Allocating 
 Small   0x0000000042000000 0x00000000421fff90 0x0000000042200000 Y/7     Allocating 
 Small   0x0000000042200000 0x00000000423fb268 0x0000000042400000 Y/7     Allocating 
 Small   0x0000000042400000 0x00000000425fe708 0x0000000042600000 Y/7     Allocating 
 Small   0x0000000042600000 0x0000000042800000 0x0000000042800000 Y/7     Allocating 
 Small   0x0000000042800000 0x0000000042a00000 0x0000000042a00000 Y/7     Allocating 
 Small   0x0000000042a00000 0x0000000042bfe4d0 0x0000000042c00000 Y/7     Allocating 
 Small   0x0000000042c00000 0x0000000042dffd00 0x0000000042e00000 Y/7     Allocating 
 Small   0x0000000042e00000 0x0000000042ff4160 0x0000000043000000 Y/7     Allocating 
 Small   0x0000000043000000 0x0000000043200000 0x0000000043200000 Y/7     Allocating 
 Small   0x0000000043200000 0x0000000043400000 0x0000000043400000 Y/7     Allocating 
 Small   0x0000000043400000 0x0000000043600000 0x0000000043600000 Y/7     Allocating 
 Small   0x0000000043600000 0x0000000043800000 0x0000000043800000 Y/7     Allocating 
 Small   0x0000000043800000 0x0000000043a00000 0x0000000043a00000 Y/7     Allocating 
 Small   0x0000000043a00000 0x0000000043bf8c98 0x0000000043c00000 Y/7     Allocating 
 Small   0x0000000043c00000 0x0000000043e00000 0x0000000043e00000 Y/7     Allocating 
 Small   0x0000000043e00000 0x0000000043ffeda8 0x0000000044000000 Y/7     Allocating 
 Small   0x0000000044000000 0x00000000441f8b08 0x0000000044200000 Y/7     Allocating 
 Small   0x0000000044200000 0x00000000443f58f0 0x0000000044400000 Y/7     Allocating 
 Small   0x0000000044400000 0x0000000044600000 0x0000000044600000 Y/7     Allocating 
 Small   0x0000000044600000 0x0000000044800000 0x0000000044800000 Y/7     Allocating 
 Small   0x0000000044800000 0x0000000044a00000 0x0000000044a00000 Y/7     Allocating 
 Small   0x0000000044a00000 0x0000000044bfbc80 0x0000000044c00000 Y/7     Allocating 
 Small   0x0000000044c00000 0x0000000044dfffe0 0x0000000044e00000 Y/7     Allocating 
 Small   0x0000000044e00000 0x0000000045000000 0x0000000045000000 Y/7     Allocating 
 Small   0x0000000045000000 0x0000000045200000 0x0000000045200000 Y/7     Allocating 
 Small   0x0000000045200000 0x00000000453fffe8 0x0000000045400000 Y/7     Allocating 
 Small   0x0000000045400000 0x0000000045600000 0x0000000045600000 Y/7     Allocating 
 Small   0x0000000045600000 0x0000000045800000 0x0000000045800000 Y/7     Allocating 
 Small   0x0000000045800000 0x0000000045a00000 0x0000000045a00000 Y/7     Allocating 
 Small   0x0000000045a00000 0x0000000045c00000 0x0000000045c00000 Y/7     Allocating 
 Small   0x0000000045c00000 0x0000000045e00000 0x0000000045e00000 Y/7     Allocating 
 Small   0x0000000045e00000 0x0000000046000000 0x0000000046000000 Y/7     Allocating 
 Small   0x0000000046000000 0x00000000461ffff0 0x0000000046200000 Y/7     Allocating 
 Small   0x0000000046200000 0x0000000046400000 0x0000000046400000 Y/7     Allocating 
 Small   0x0000000046400000 0x0000000046600000 0x0000000046600000 Y/7     Allocating 
 Small   0x0000000046600000 0x0000000046800000 0x0000000046800000 Y/7     Allocating 
 Small   0x0000000046800000 0x0000000046a00000 0x0000000046a00000 Y/7     Allocating 
 Small   0x0000000046a00000 0x0000000046bffff8 0x0000000046c00000 Y/7     Allocating 
 Small   0x0000000046c00000 0x0000000046e00000 0x0000000046e00000 Y/7     Allocating 
 Small   0x0000000046e00000 0x0000000047000000 0x0000000047000000 Y/7     Allocating 
 Small   0x0000000047000000 0x0000000047200000 0x0000000047200000 Y/7     Allocating 
 Small   0x0000000047200000 0x0000000047400000 0x0000000047400000 Y/7     Allocating 
 Small   0x0000000047400000 0x0000000047600000 0x0000000047600000 Y/7     Allocating 
 Small   0x0000000047600000 0x0000000047800000 0x0000000047800000 Y/7     Allocating 
 Small   0x0000000047800000 0x0000000047a00000 0x0000000047a00000 Y/7     Allocating 
 Small   0x0000000047a00000 0x0000000047bfebd8 0x0000000047c00000 Y/7     Allocating 
 Small   0x0000000047c00000 0x0000000047e00000 0x0000000047e00000 Y/7     Allocating 
 Small   0x0000000047e00000 0x0000000047ffacc0 0x0000000048000000 Y/7     Allocating 
 Small   0x0000000048000000 0x0000000048200000 0x0000000048200000 Y/7     Allocating 
 Small   0x0000000048200000 0x0000000048400000 0x0000000048400000 Y/7     Allocating 
 Small   0x0000000048400000 0x0000000048600000 0x0000000048600000 Y/7     Allocating 
 Small   0x0000000048600000 0x0000000048800000 0x0000000048800000 Y/7     Allocating 
 Small   0x0000000048800000 0x0000000048a00000 0x0000000048a00000 Y/7     Allocating 
 Small   0x0000000048a00000 0x0000000048c00000 0x0000000048c00000 Y/7     Allocating 
 Small   0x0000000048c00000 0x0000000048e00000 0x0000000048e00000 Y/7     Allocating 
 Small   0x0000000048e00000 0x0000000049000000 0x0000000049000000 Y/7     Allocating 
 Small   0x0000000049000000 0x0000000049200000 0x0000000049200000 Y/7     Allocating 
 Small   0x0000000049200000 0x0000000049400000 0x0000000049400000 Y/7     Allocating 
 Small   0x0000000049400000 0x0000000049600000 0x0000000049600000 Y/7     Allocating 
 Small   0x0000000049600000 0x0000000049800000 0x0000000049800000 Y/7     Allocating 
 Small   0x0000000049800000 0x0000000049a00000 0x0000000049a00000 Y/7     Allocating 
 Small   0x0000000049a00000 0x0000000049c00000 0x0000000049c00000 Y/7     Allocating 
 Small   0x0000000049c00000 0x0000000049e00000 0x0000000049e00000 Y/7     Allocating 
 Small   0x0000000049e00000 0x000000004a000000 0x000000004a000000 Y/7     Allocating 
 Small   0x000000004a000000 0x000000004a200000 0x000000004a200000 Y/7     Allocating 
 Small   0x000000004a200000 0x000000004a400000 0x000000004a400000 Y/7     Allocating 
 Small   0x000000004a400000 0x000000004a600000 0x000000004a600000 Y/7     Allocating 
 Small   0x000000004a600000 0x000000004a800000 0x000000004a800000 Y/7     Allocating 
 Small   0x000000004a800000 0x000000004aa00000 0x000000004aa00000 Y/7     Allocating 
 Small   0x000000004aa00000 0x000000004ac00000 0x000000004ac00000 Y/7     Allocating 
 Small   0x000000004ac00000 0x000000004ae00000 0x000000004ae00000 Y/7     Allocating 
 Small   0x000000004ae00000 0x000000004b000000 0x000000004b000000 Y/7     Allocating 
 Small   0x000000004b000000 0x000000004b200000 0x000000004b200000 Y/7     Allocating 
 Small   0x000000004b200000 0x000000004b400000 0x000000004b400000 Y/7     Allocating 
 Small   0x000000004b400000 0x000000004b600000 0x000000004b600000 Y/7     Allocating 
 Small   0x000000004b600000 0x000000004b7ffff0 0x000000004b800000 Y/7     Allocating 
 Small   0x000000004b800000 0x000000004ba00000 0x000000004ba00000 Y/7     Allocating 
 Small   0x000000004ba00000 0x000000004bc00000 0x000000004bc00000 Y/7     Allocating 
 Small   0x000000004bc00000 0x000000004be00000 0x000000004be00000 Y/7     Allocating 
 Small   0x000000004be00000 0x000000004c000000 0x000000004c000000 Y/7     Allocating 
 Small   0x000000004c000000 0x000000004c200000 0x000000004c200000 Y/7     Allocating 
 Small   0x000000004c200000 0x000000004c400000 0x000000004c400000 Y/7     Allocating 
 Small   0x000000004c400000 0x000000004c600000 0x000000004c600000 Y/7     Allocating 
 Small   0x000000004c600000 0x000000004c800000 0x000000004c800000 Y/7     Allocating 
 Small   0x000000004c800000 0x000000004ca00000 0x000000004ca00000 Y/7     Allocating 
 Small   0x000000004ca00000 0x000000004cc00000 0x000000004cc00000 Y/7     Allocating 
 Small   0x000000004cc00000 0x000000004ce00000 0x000000004ce00000 Y/7     Allocating 
 Small   0x000000004ce00000 0x000000004d000000 0x000000004d000000 Y/7     Allocating 
 Small   0x000000004d000000 0x000000004d200000 0x000000004d200000 Y/7     Allocating 
 Small   0x000000004d200000 0x000000004d400000 0x000000004d400000 Y/7     Allocating 
 Small   0x000000004d400000 0x000000004d600000 0x000000004d600000 Y/7     Allocating 
 Small   0x000000004d600000 0x000000004d800000 0x000000004d800000 Y/7     Allocating 
 Small   0x000000004d800000 0x000000004da00000 0x000000004da00000 Y/7     Allocating 
 Small   0x000000004da00000 0x000000004dc00000 0x000000004dc00000 Y/7     Allocating 
 Small   0x000000004dc00000 0x000000004de00000 0x000000004de00000 Y/7     Allocating 
 Small   0x000000004de00000 0x000000004e000000 0x000000004e000000 Y/7     Allocating 
 Small   0x000000004e000000 0x000000004e200000 0x000000004e200000 Y/7     Allocating 
 Small   0x000000004e200000 0x000000004e400000 0x000000004e400000 Y/7     Allocating 
 Small   0x000000004e400000 0x000000004e600000 0x000000004e600000 Y/7     Allocating 
 Small   0x000000004e600000 0x000000004e800000 0x000000004e800000 Y/7     Allocating 
 Small   0x000000004e800000 0x000000004ea00000 0x000000004ea00000 Y/7     Allocating 
 Small   0x000000004ea00000 0x000000004ec00000 0x000000004ec00000 Y/7     Allocating 
 Small   0x000000004ec00000 0x000000004ee00000 0x000000004ee00000 Y/7     Allocating 
 Small   0x000000004ee00000 0x000000004f000000 0x000000004f000000 Y/7     Allocating 
 Small   0x000000004f000000 0x000000004f1f63a8 0x000000004f200000 Y/7     Allocating 
 Small   0x000000004f200000 0x000000004f400000 0x000000004f400000 Y/7     Allocating 
 Small   0x000000004f400000 0x000000004f600000 0x000000004f600000 Y/7     Allocating 
 Small   0x000000004f600000 0x000000004f800000 0x000000004f800000 Y/7     Allocating 
 Small   0x000000004f800000 0x000000004fa00000 0x000000004fa00000 Y/7     Allocating 
 Small   0x000000004fa00000 0x000000004fc00000 0x000000004fc00000 Y/7     Allocating 
 Small   0x000000004fc00000 0x000000004fe00000 0x000000004fe00000 Y/7     Allocating 
 Small   0x000000004fe00000 0x0000000050000000 0x0000000050000000 Y/7     Allocating 
 Small   0x0000000050000000 0x0000000050200000 0x0000000050200000 Y/7     Allocating 
 Small   0x0000000050200000 0x0000000050400000 0x0000000050400000 Y/7     Allocating 
 Small   0x0000000050400000 0x0000000050600000 0x0000000050600000 Y/7     Allocating 
 Small   0x0000000050600000 0x0000000050800000 0x0000000050800000 Y/7     Allocating 
 Small   0x0000000050800000 0x0000000050a00000 0x0000000050a00000 Y/7     Allocating 
 Small   0x0000000050a00000 0x0000000050c00000 0x0000000050c00000 Y/7     Allocating 
 Small   0x0000000050c00000 0x0000000050e00000 0x0000000050e00000 Y/7     Allocating 
 Small   0x0000000050e00000 0x0000000051000000 0x0000000051000000 Y/7     Allocating 
 Small   0x0000000051000000 0x0000000051200000 0x0000000051200000 Y/7     Allocating 
 Small   0x0000000051200000 0x0000000051400000 0x0000000051400000 Y/7     Allocating 
 Small   0x0000000051400000 0x0000000051600000 0x0000000051600000 Y/7     Allocating 
 Small   0x0000000051600000 0x00000000517ffff8 0x0000000051800000 Y/7     Allocating 
 Small   0x0000000051800000 0x0000000051a00000 0x0000000051a00000 Y/7     Allocating 
 Small   0x0000000051a00000 0x0000000051c00000 0x0000000051c00000 Y/7     Allocating 
 Small   0x0000000051c00000 0x0000000051e00000 0x0000000051e00000 Y/7     Allocating 
 Small   0x0000000051e00000 0x0000000052000000 0x0000000052000000 Y/7     Allocating 
 Small   0x0000000052000000 0x0000000052200000 0x0000000052200000 Y/7     Allocating 
 Small   0x0000000052200000 0x0000000052400000 0x0000000052400000 Y/7     Allocating 
 Small   0x0000000052400000 0x0000000052600000 0x0000000052600000 Y/7     Allocating 
 Small   0x0000000052600000 0x0000000052800000 0x0000000052800000 Y/7     Allocating 
 Small   0x0000000052800000 0x0000000052a00000 0x0000000052a00000 Y/7     Allocating 
 Small   0x0000000052a00000 0x0000000052c00000 0x0000000052c00000 Y/7     Allocating 
 Small   0x0000000052c00000 0x0000000052e00000 0x0000000052e00000 Y/7     Allocating 
 Small   0x0000000052e00000 0x0000000053000000 0x0000000053000000 Y/7     Allocating 
 Small   0x0000000053000000 0x0000000053200000 0x0000000053200000 Y/7     Allocating 
 Small   0x0000000053200000 0x0000000053400000 0x0000000053400000 Y/7     Allocating 
 Small   0x0000000053400000 0x0000000053600000 0x0000000053600000 Y/7     Allocating 
 Small   0x0000000053600000 0x0000000053800000 0x0000000053800000 Y/7     Allocating 
 Small   0x0000000053800000 0x00000000539fffd8 0x0000000053a00000 Y/7     Allocating 
 Small   0x0000000053a00000 0x0000000053c00000 0x0000000053c00000 Y/7     Allocating 
 Small   0x0000000053c00000 0x0000000053e00000 0x0000000053e00000 Y/7     Allocating 
 Small   0x0000000053e00000 0x0000000054000000 0x0000000054000000 Y/7     Allocating 
 Small   0x0000000054000000 0x0000000054200000 0x0000000054200000 Y/7     Allocating 
 Small   0x0000000054200000 0x0000000054400000 0x0000000054400000 Y/7     Allocating 
 Small   0x0000000054400000 0x0000000054600000 0x0000000054600000 Y/7     Allocating 
 Small   0x0000000054600000 0x0000000054800000 0x0000000054800000 Y/7     Allocating 
 Small   0x0000000054800000 0x0000000054a00000 0x0000000054a00000 Y/7     Allocating 
 Small   0x0000000054a00000 0x0000000054c00000 0x0000000054c00000 Y/7     Allocating 
 Small   0x0000000054c00000 0x0000000054e00000 0x0000000054e00000 Y/7     Allocating 
 Small   0x0000000054e00000 0x0000000055000000 0x0000000055000000 Y/7     Allocating 
 Small   0x0000000055000000 0x0000000055200000 0x0000000055200000 Y/7     Allocating 
 Small   0x0000000055200000 0x0000000055400000 0x0000000055400000 Y/7     Allocating 
 Small   0x0000000055400000 0x0000000055600000 0x0000000055600000 Y/7     Allocating 
 Small   0x0000000055600000 0x0000000055800000 0x0000000055800000 Y/7     Allocating 
 Small   0x0000000055800000 0x0000000055a00000 0x0000000055a00000 Y/7     Allocating 
 Small   0x0000000055a00000 0x0000000055c00000 0x0000000055c00000 Y/7     Allocating 
 Small   0x0000000055c00000 0x0000000055e00000 0x0000000055e00000 Y/7     Allocating 
 Small   0x0000000055e00000 0x0000000056000000 0x0000000056000000 Y/7     Allocating 
 Small   0x0000000056000000 0x0000000056200000 0x0000000056200000 Y/7     Allocating 
 Small   0x0000000056200000 0x0000000056400000 0x0000000056400000 Y/7     Allocating 
 Small   0x0000000056400000 0x0000000056600000 0x0000000056600000 Y/7     Allocating 
 Small   0x0000000056600000 0x0000000056800000 0x0000000056800000 Y/7     Allocating 
 Small   0x0000000056800000 0x0000000056a00000 0x0000000056a00000 Y/7     Allocating 
 Small   0x0000000056a00000 0x0000000056c00000 0x0000000056c00000 Y/7     Allocating 
 Small   0x0000000056c00000 0x0000000056e00000 0x0000000056e00000 Y/7     Allocating 
 Small   0x0000000056e00000 0x0000000057000000 0x0000000057000000 Y/7     Allocating 
 Small   0x0000000057000000 0x0000000057200000 0x0000000057200000 Y/7     Allocating 
 Small   0x0000000057200000 0x0000000057400000 0x0000000057400000 Y/7     Allocating 
 Small   0x0000000057400000 0x0000000057600000 0x0000000057600000 Y/7     Allocating 
 Small   0x0000000057600000 0x0000000057800000 0x0000000057800000 Y/7     Allocating 
 Small   0x0000000057800000 0x0000000057a00000 0x0000000057a00000 Y/7     Allocating 
 Small   0x0000000057a00000 0x0000000057c00000 0x0000000057c00000 Y/7     Allocating 
 Small   0x0000000057c00000 0x0000000057e00000 0x0000000057e00000 Y/7     Allocating 
 Small   0x0000000057e00000 0x0000000057ffffb0 0x0000000058000000 Y/7     Allocating 
 Small   0x0000000058000000 0x0000000058200000 0x0000000058200000 Y/7     Allocating 
 Small   0x0000000058200000 0x0000000058400000 0x0000000058400000 Y/7     Allocating 
 Small   0x0000000058400000 0x0000000058600000 0x0000000058600000 Y/7     Allocating 
 Small   0x0000000058600000 0x0000000058800000 0x0000000058800000 Y/7     Allocating 
 Small   0x0000000058800000 0x0000000058a00000 0x0000000058a00000 Y/7     Allocating 
 Small   0x0000000058a00000 0x0000000058c00000 0x0000000058c00000 Y/7     Allocating 
 Small   0x0000000058c00000 0x0000000058e00000 0x0000000058e00000 Y/7     Allocating 
 Small   0x0000000058e00000 0x0000000059000000 0x0000000059000000 Y/7     Allocating 
 Small   0x0000000059000000 0x0000000059200000 0x0000000059200000 Y/7     Allocating 
 Small   0x0000000059200000 0x0000000059400000 0x0000000059400000 Y/7     Allocating 
 Small   0x0000000059400000 0x0000000059600000 0x0000000059600000 Y/7     Allocating 
 Small   0x0000000059600000 0x0000000059800000 0x0000000059800000 Y/7     Allocating 
 Small   0x0000000059800000 0x0000000059a00000 0x0000000059a00000 Y/7     Allocating 
 Small   0x0000000059a00000 0x0000000059c00000 0x0000000059c00000 Y/7     Allocating 
 Small   0x0000000059c00000 0x0000000059e00000 0x0000000059e00000 Y/7     Allocating 
 Small   0x0000000059e00000 0x000000005a000000 0x000000005a000000 Y/7     Allocating 
 Small   0x000000005a000000 0x000000005a200000 0x000000005a200000 Y/7     Allocating 
 Small   0x000000005a200000 0x000000005a400000 0x000000005a400000 Y/7     Allocating 
 Small   0x000000005a400000 0x000000005a600000 0x000000005a600000 Y/7     Allocating 
 Small   0x000000005a600000 0x000000005a800000 0x000000005a800000 Y/7     Allocating 
 Small   0x000000005a800000 0x000000005aa00000 0x000000005aa00000 Y/7     Allocating 
 Small   0x000000005aa00000 0x000000005ac00000 0x000000005ac00000 Y/7     Allocating 
 Small   0x000000005ac00000 0x000000005ae00000 0x000000005ae00000 Y/7     Allocating 
 Small   0x000000005ae00000 0x000000005b000000 0x000000005b000000 Y/7     Allocating 
 Small   0x000000005b000000 0x000000005b200000 0x000000005b200000 Y/7     Allocating 
 Small   0x000000005b200000 0x000000005b400000 0x000000005b400000 Y/7     Allocating 
 Small   0x000000005b400000 0x000000005b600000 0x000000005b600000 Y/7     Allocating 
 Small   0x000000005b600000 0x000000005b800000 0x000000005b800000 Y/7     Allocating 
 Small   0x000000005b800000 0x000000005ba00000 0x000000005ba00000 Y/7     Allocating 
 Small   0x000000005ba00000 0x000000005bc00000 0x000000005bc00000 Y/7     Allocating 
 Small   0x000000005bc00000 0x000000005be00000 0x000000005be00000 Y/7     Allocating 
 Small   0x000000005be00000 0x000000005c000000 0x000000005c000000 Y/7     Allocating 
 Small   0x000000005c000000 0x000000005c200000 0x000000005c200000 Y/7     Allocating 
 Small   0x000000005c200000 0x000000005c400000 0x000000005c400000 Y/7     Allocating 
 Small   0x000000005c400000 0x000000005c600000 0x000000005c600000 Y/7     Allocating 
 Small   0x000000005c600000 0x000000005c800000 0x000000005c800000 Y/7     Allocating 
 Small   0x000000005c800000 0x000000005ca00000 0x000000005ca00000 Y/7     Allocating 
 Small   0x000000005ca00000 0x000000005cc00000 0x000000005cc00000 Y/7     Allocating 
 Small   0x000000005cc00000 0x000000005ce00000 0x000000005ce00000 Y/7     Allocating 
 Small   0x000000005ce00000 0x000000005d000000 0x000000005d000000 Y/7     Allocating 
 Small   0x000000005d000000 0x000000005d1fffd8 0x000000005d200000 Y/7     Allocating 
 Small   0x000000005d200000 0x000000005d400000 0x000000005d400000 Y/7     Allocating 
 Small   0x000000005d400000 0x000000005d600000 0x000000005d600000 Y/7     Allocating 
 Small   0x000000005d600000 0x000000005d800000 0x000000005d800000 Y/7     Allocating 
 Small   0x000000005d800000 0x000000005da00000 0x000000005da00000 Y/7     Allocating 
 Small   0x000000005da00000 0x000000005dbffff8 0x000000005dc00000 Y/7     Allocating 
 Small   0x000000005dc00000 0x000000005de00000 0x000000005de00000 Y/7     Allocating 
 Small   0x000000005de00000 0x000000005e000000 0x000000005e000000 Y/7     Allocating 
 Small   0x000000005e000000 0x000000005e200000 0x000000005e200000 Y/7     Allocating 
 Small   0x000000005e200000 0x000000005e400000 0x000000005e400000 Y/7     Allocating 
 Small   0x000000005e400000 0x000000005e600000 0x000000005e600000 Y/7     Allocating 
 Small   0x000000005e600000 0x000000005e800000 0x000000005e800000 Y/7     Allocating 
 Small   0x000000005e800000 0x000000005ea00000 0x000000005ea00000 Y/7     Allocating 
 Small   0x000000005ea00000 0x000000005ec00000 0x000000005ec00000 Y/7     Allocating 
 Small   0x000000005ec00000 0x000000005ee00000 0x000000005ee00000 Y/7     Allocating 
 Small   0x000000005ee00000 0x000000005f000000 0x000000005f000000 Y/7     Allocating 
 Small   0x000000005f000000 0x000000005f200000 0x000000005f200000 Y/7     Allocating 
 Small   0x000000005f200000 0x000000005f400000 0x000000005f400000 Y/7     Allocating 
 Small   0x000000005f400000 0x000000005f600000 0x000000005f600000 Y/7     Allocating 
 Small   0x000000005f600000 0x000000005f800000 0x000000005f800000 Y/7     Allocating 
 Small   0x000000005f800000 0x000000005fa00000 0x000000005fa00000 Y/7     Allocating 
 Small   0x000000005fa00000 0x000000005fc00000 0x000000005fc00000 Y/7     Allocating 
 Small   0x000000005fc00000 0x000000005fe00000 0x000000005fe00000 Y/7     Allocating 
 Small   0x000000005fe00000 0x0000000060000000 0x0000000060000000 Y/7     Allocating 
 Small   0x0000000060000000 0x0000000060200000 0x0000000060200000 Y/7     Allocating 
 Small   0x0000000060200000 0x0000000060400000 0x0000000060400000 Y/7     Allocating 
 Small   0x0000000060400000 0x0000000060600000 0x0000000060600000 Y/7     Allocating 
 Small   0x0000000060600000 0x0000000060800000 0x0000000060800000 Y/7     Allocating 
 Small   0x0000000060800000 0x0000000060a00000 0x0000000060a00000 Y/7     Allocating 
 Small   0x0000000060a00000 0x0000000060c00000 0x0000000060c00000 Y/7     Allocating 
 Small   0x0000000060c00000 0x0000000060e00000 0x0000000060e00000 Y/7     Allocating 
 Small   0x0000000060e00000 0x0000000061000000 0x0000000061000000 Y/7     Allocating 
 Small   0x0000000061000000 0x0000000061200000 0x0000000061200000 Y/7     Allocating 
 Small   0x0000000061200000 0x0000000061400000 0x0000000061400000 Y/7     Allocating 
 Small   0x0000000061400000 0x0000000061600000 0x0000000061600000 Y/7     Allocating 
 Small   0x0000000061600000 0x0000000061800000 0x0000000061800000 Y/7     Allocating 
 Small   0x0000000061800000 0x0000000061a00000 0x0000000061a00000 Y/7     Allocating 
 Small   0x0000000061a00000 0x0000000061c00000 0x0000000061c00000 Y/7     Allocating 
 Small   0x0000000061c00000 0x0000000061e00000 0x0000000061e00000 Y/7     Allocating 
 Small   0x0000000061e00000 0x0000000062000000 0x0000000062000000 Y/7     Allocating 
 Small   0x0000000062000000 0x0000000062200000 0x0000000062200000 Y/7     Allocating 
 Small   0x0000000062200000 0x0000000062400000 0x0000000062400000 Y/7     Allocating 
 Small   0x0000000062400000 0x0000000062600000 0x0000000062600000 Y/7     Allocating 
 Small   0x0000000062600000 0x0000000062800000 0x0000000062800000 Y/7     Allocating 
 Small   0x0000000062800000 0x0000000062a00000 0x0000000062a00000 Y/7     Allocating 
 Small   0x0000000062a00000 0x0000000062c00000 0x0000000062c00000 Y/7     Allocating 
 Small   0x0000000062c00000 0x0000000062e00000 0x0000000062e00000 Y/7     Allocating 
 Small   0x0000000062e00000 0x0000000063000000 0x0000000063000000 Y/7     Allocating 
 Small   0x0000000063000000 0x0000000063200000 0x0000000063200000 Y/7     Allocating 
 Small   0x0000000063200000 0x0000000063400000 0x0000000063400000 Y/7     Allocating 
 Small   0x0000000063400000 0x0000000063600000 0x0000000063600000 Y/7     Allocating 
 Small   0x0000000063600000 0x0000000063800000 0x0000000063800000 Y/7     Allocating 
 Small   0x0000000063800000 0x0000000063a00000 0x0000000063a00000 Y/7     Allocating 
 Small   0x0000000063a00000 0x0000000063c00000 0x0000000063c00000 Y/7     Allocating 
 Small   0x0000000063c00000 0x0000000063e00000 0x0000000063e00000 Y/7     Allocating 
 Small   0x0000000063e00000 0x0000000064000000 0x0000000064000000 Y/7     Allocating 
 Small   0x0000000064000000 0x0000000064200000 0x0000000064200000 Y/7     Allocating 
 Small   0x0000000064200000 0x000000006434d238 0x0000000064400000 Y/7     Allocating 
 Small   0x0000000064400000 0x0000000064600000 0x0000000064600000 Y/7     Allocating 
 Small   0x0000000064600000 0x00000000647fe8c0 0x0000000064800000 Y/7     Allocating 
 Small   0x0000000064800000 0x0000000064a00000 0x0000000064a00000 Y/7     Allocating 
 Small   0x0000000064a00000 0x0000000064c00000 0x0000000064c00000 Y/7     Allocating 
 Small   0x0000000064c00000 0x0000000064e00000 0x0000000064e00000 Y/7     Allocating 
 Small   0x0000000064e00000 0x0000000065000000 0x0000000065000000 Y/7     Allocating 
 Small   0x0000000065000000 0x0000000065200000 0x0000000065200000 Y/7     Allocating 
 Small   0x0000000065200000 0x0000000065400000 0x0000000065400000 Y/7     Allocating 
 Small   0x0000000065400000 0x0000000065600000 0x0000000065600000 Y/7     Allocating 
 Small   0x0000000065600000 0x0000000065800000 0x0000000065800000 Y/7     Allocating 
 Small   0x0000000065800000 0x0000000065a00000 0x0000000065a00000 Y/7     Allocating 
 Small   0x0000000065a00000 0x0000000065c00000 0x0000000065c00000 Y/7     Allocating 
 Small   0x0000000065c00000 0x0000000065e00000 0x0000000065e00000 Y/7     Allocating 
 Small   0x0000000065e00000 0x0000000066000000 0x0000000066000000 Y/7     Allocating 
 Small   0x0000000066000000 0x0000000066200000 0x0000000066200000 Y/7     Allocating 
 Small   0x0000000066200000 0x0000000066400000 0x0000000066400000 Y/7     Allocating 
 Small   0x0000000066400000 0x0000000066600000 0x0000000066600000 Y/7     Allocating 
 Small   0x0000000066600000 0x0000000066800000 0x0000000066800000 Y/7     Allocating 
 Small   0x0000000066800000 0x0000000066a00000 0x0000000066a00000 Y/7     Allocating 
 Small   0x0000000066a00000 0x0000000066c00000 0x0000000066c00000 Y/7     Allocating 
 Small   0x0000000066c00000 0x0000000066e00000 0x0000000066e00000 Y/7     Allocating 
 Small   0x0000000066e00000 0x0000000067000000 0x0000000067000000 Y/7     Allocating 
 Small   0x0000000067000000 0x0000000067200000 0x0000000067200000 Y/7     Allocating 
 Small   0x0000000067200000 0x0000000067400000 0x0000000067400000 Y/7     Allocating 
 Small   0x0000000067400000 0x0000000067600000 0x0000000067600000 Y/7     Allocating 
 Small   0x0000000067600000 0x0000000067800000 0x0000000067800000 Y/7     Allocating 
 Small   0x0000000067800000 0x0000000067a00000 0x0000000067a00000 Y/7     Allocating 
 Small   0x0000000067a00000 0x0000000067c00000 0x0000000067c00000 Y/7     Allocating 
 Small   0x0000000067c00000 0x0000000067e00000 0x0000000067e00000 Y/7     Allocating 
 Small   0x0000000067e00000 0x0000000068000000 0x0000000068000000 Y/7     Allocating 
 Small   0x0000000068000000 0x0000000068200000 0x0000000068200000 Y/7     Allocating 
 Small   0x0000000068200000 0x0000000068400000 0x0000000068400000 Y/7     Allocating 
 Small   0x0000000068400000 0x0000000068600000 0x0000000068600000 Y/7     Allocating 
 Small   0x0000000068600000 0x0000000068800000 0x0000000068800000 Y/7     Allocating 
 Small   0x0000000068800000 0x0000000068a00000 0x0000000068a00000 Y/7     Allocating 
 Small   0x0000000068a00000 0x0000000068c00000 0x0000000068c00000 Y/7     Allocating 
 Small   0x0000000068c00000 0x0000000068e00000 0x0000000068e00000 Y/7     Allocating 
 Small   0x0000000068e00000 0x0000000069000000 0x0000000069000000 Y/7     Allocating 
 Small   0x0000000069000000 0x0000000069200000 0x0000000069200000 Y/7     Allocating 
 Small   0x0000000069200000 0x0000000069400000 0x0000000069400000 Y/7     Allocating 
 Small   0x0000000069400000 0x0000000069600000 0x0000000069600000 Y/7     Allocating 
 Small   0x0000000069600000 0x0000000069800000 0x0000000069800000 Y/7     Allocating 
 Small   0x0000000069800000 0x0000000069a00000 0x0000000069a00000 Y/7     Allocating 
 Small   0x0000000069a00000 0x0000000069c00000 0x0000000069c00000 Y/7     Allocating 
 Small   0x0000000069c00000 0x0000000069e00000 0x0000000069e00000 Y/7     Allocating 
 Small   0x0000000069e00000 0x000000006a000000 0x000000006a000000 Y/7     Allocating 
 Small   0x000000006a000000 0x000000006a200000 0x000000006a200000 Y/7     Allocating 
 Small   0x000000006a200000 0x000000006a400000 0x000000006a400000 Y/7     Allocating 
 Small   0x000000006a400000 0x000000006a600000 0x000000006a600000 Y/7     Allocating 
 Small   0x000000006a600000 0x000000006a800000 0x000000006a800000 Y/7     Allocating 
 Small   0x000000006a800000 0x000000006aa00000 0x000000006aa00000 Y/7     Allocating 
 Small   0x000000006aa00000 0x000000006ac00000 0x000000006ac00000 Y/7     Allocating 
 Small   0x000000006ac00000 0x000000006ae00000 0x000000006ae00000 Y/7     Allocating 
 Small   0x000000006ae00000 0x000000006b000000 0x000000006b000000 Y/7     Allocating 
 Small   0x000000006b000000 0x000000006b200000 0x000000006b200000 Y/7     Allocating 
 Small   0x000000006b200000 0x000000006b400000 0x000000006b400000 Y/7     Allocating 
 Small   0x000000006b400000 0x000000006b600000 0x000000006b600000 Y/7     Allocating 
 Small   0x000000006b600000 0x000000006b800000 0x000000006b800000 Y/7     Allocating 
 Small   0x000000006b800000 0x000000006ba00000 0x000000006ba00000 Y/7     Allocating 
 Small   0x000000006ba00000 0x000000006bc00000 0x000000006bc00000 Y/7     Allocating 
 Small   0x000000006bc00000 0x000000006be00000 0x000000006be00000 Y/7     Allocating 
 Small   0x000000006be00000 0x000000006c000000 0x000000006c000000 Y/7     Allocating 
 Small   0x000000006c000000 0x000000006c200000 0x000000006c200000 Y/7     Allocating 
 Small   0x000000006c200000 0x000000006c400000 0x000000006c400000 Y/7     Allocating 
 Small   0x000000006c400000 0x000000006c600000 0x000000006c600000 Y/7     Allocating 
 Small   0x000000006c600000 0x000000006c800000 0x000000006c800000 Y/7     Allocating 
 Small   0x000000006c800000 0x000000006ca00000 0x000000006ca00000 Y/7     Allocating 
 Small   0x000000006ca00000 0x000000006cc00000 0x000000006cc00000 Y/7     Allocating 
 Small   0x000000006cc00000 0x000000006ce00000 0x000000006ce00000 Y/7     Allocating 
 Small   0x000000006ce00000 0x000000006cfffff8 0x000000006d000000 Y/7     Allocating 
 Small   0x000000006d000000 0x000000006d200000 0x000000006d200000 Y/7     Allocating 
 Small   0x000000006d200000 0x000000006d400000 0x000000006d400000 Y/7     Allocating 
 Small   0x000000006d400000 0x000000006d600000 0x000000006d600000 Y/7     Allocating 
 Small   0x000000006d600000 0x000000006d800000 0x000000006d800000 Y/7     Allocating 
 Small   0x000000006d800000 0x000000006da00000 0x000000006da00000 Y/7     Allocating 
 Small   0x000000006da00000 0x000000006dc00000 0x000000006dc00000 Y/7     Allocating 
 Small   0x000000006dc00000 0x000000006de00000 0x000000006de00000 Y/7     Allocating 
 Small   0x000000006de00000 0x000000006e000000 0x000000006e000000 Y/7     Allocating 
 Small   0x000000006e000000 0x000000006e200000 0x000000006e200000 Y/7     Allocating 
 Small   0x000000006e200000 0x000000006e400000 0x000000006e400000 Y/7     Allocating 
 Small   0x000000006e400000 0x000000006e600000 0x000000006e600000 Y/7     Allocating 
 Small   0x000000006e600000 0x000000006e800000 0x000000006e800000 Y/7     Allocating 
 Small   0x000000006e800000 0x000000006e8005b0 0x000000006ea00000 Y/7     Allocating 
 Small   0x000000006ea00000 0x000000006ec00000 0x000000006ec00000 Y/7     Allocating 
 Small   0x000000006ec00000 0x000000006ee00000 0x000000006ee00000 Y/7     Allocating 
 Small   0x000000006ee00000 0x000000006f000000 0x000000006f000000 Y/7     Allocating 
 Small   0x000000006f000000 0x000000006f200000 0x000000006f200000 Y/7     Allocating 
 Small   0x000000006f200000 0x000000006f400000 0x000000006f400000 Y/7     Allocating 
 Small   0x000000006f400000 0x000000006f600000 0x000000006f600000 Y/7     Allocating 
 Small   0x000000006f600000 0x000000006f800000 0x000000006f800000 Y/7     Allocating 
 Small   0x000000006f800000 0x000000006fa00000 0x000000006fa00000 Y/7     Allocating 
 Small   0x000000006fa00000 0x000000006fc00000 0x000000006fc00000 Y/7     Allocating 
 Small   0x000000006fc00000 0x000000006fe00000 0x000000006fe00000 Y/7     Allocating 
 Small   0x000000006fe00000 0x0000000070000000 0x0000000070000000 Y/7     Allocating 
 Small   0x0000000070000000 0x0000000070200000 0x0000000070200000 Y/7     Allocating 
 Small   0x0000000070200000 0x0000000070400000 0x0000000070400000 Y/7     Allocating 
 Small   0x0000000070400000 0x0000000070600000 0x0000000070600000 Y/7     Allocating 
 Small   0x0000000070600000 0x0000000070800000 0x0000000070800000 Y/7     Allocating 
 Small   0x0000000070800000 0x0000000070a00000 0x0000000070a00000 Y/7     Allocating 
 Small   0x0000000070a00000 0x0000000070c00000 0x0000000070c00000 Y/7     Allocating 
 Small   0x0000000070c00000 0x0000000070e00000 0x0000000070e00000 Y/7     Allocating 
 Small   0x0000000070e00000 0x0000000071000000 0x0000000071000000 Y/7     Allocating 
 Small   0x0000000071000000 0x0000000071200000 0x0000000071200000 Y/7     Allocating 
 Small   0x0000000071200000 0x0000000071400000 0x0000000071400000 Y/7     Allocating 
 Small   0x0000000071400000 0x0000000071600000 0x0000000071600000 Y/7     Allocating 
 Small   0x0000000071600000 0x0000000071800000 0x0000000071800000 Y/7     Allocating 
 Small   0x0000000071800000 0x0000000071a00000 0x0000000071a00000 Y/7     Allocating 
 Small   0x0000000071a00000 0x0000000071c00000 0x0000000071c00000 Y/7     Allocating 
 Small   0x0000000071c00000 0x0000000071e00000 0x0000000071e00000 Y/7     Allocating 
 Small   0x0000000071e00000 0x0000000072000000 0x0000000072000000 Y/7     Allocating 
 Small   0x0000000072000000 0x0000000072200000 0x0000000072200000 Y/7     Allocating 
 Small   0x0000000072200000 0x0000000072400000 0x0000000072400000 Y/7     Allocating 
 Small   0x0000000072400000 0x0000000072600000 0x0000000072600000 Y/7     Allocating 
 Small   0x0000000072600000 0x0000000072800000 0x0000000072800000 Y/7     Allocating 
 Small   0x0000000072800000 0x0000000072a00000 0x0000000072a00000 Y/7     Allocating 
 Small   0x0000000072a00000 0x0000000072c00000 0x0000000072c00000 Y/7     Allocating 
 Small   0x0000000072c00000 0x0000000072e00000 0x0000000072e00000 Y/7     Allocating 
 Small   0x0000000072e00000 0x0000000073000000 0x0000000073000000 Y/7     Allocating 
 Small   0x0000000073000000 0x0000000073200000 0x0000000073200000 Y/7     Allocating 
 Small   0x0000000073200000 0x00000000733fffc0 0x0000000073400000 Y/7     Allocating 
 Small   0x0000000073400000 0x0000000073600000 0x0000000073600000 Y/7     Allocating 
 Small   0x0000000073600000 0x0000000073800000 0x0000000073800000 Y/7     Allocating 
 Small   0x0000000073800000 0x0000000073a00000 0x0000000073a00000 Y/7     Allocating 
 Small   0x0000000073a00000 0x0000000073c00000 0x0000000073c00000 Y/7     Allocating 
 Small   0x0000000073c00000 0x0000000073e00000 0x0000000073e00000 Y/7     Allocating 
 Small   0x0000000073e00000 0x0000000074000000 0x0000000074000000 Y/7     Allocating 
 Small   0x0000000074000000 0x0000000074200000 0x0000000074200000 Y/7     Allocating 
 Small   0x0000000074200000 0x0000000074400000 0x0000000074400000 Y/7     Allocating 
 Small   0x0000000074400000 0x0000000074600000 0x0000000074600000 Y/7     Allocating 
 Small   0x0000000074600000 0x0000000074800000 0x0000000074800000 Y/7     Allocating 
 Small   0x0000000074800000 0x0000000074a00000 0x0000000074a00000 Y/7     Allocating 
 Small   0x0000000074a00000 0x0000000074c00000 0x0000000074c00000 Y/7     Allocating 
 Small   0x0000000074c00000 0x0000000074e00000 0x0000000074e00000 Y/7     Allocating 
 Small   0x0000000074e00000 0x0000000075000000 0x0000000075000000 Y/7     Allocating 
 Small   0x0000000075000000 0x0000000075200000 0x0000000075200000 Y/7     Allocating 
 Small   0x0000000075200000 0x0000000075400000 0x0000000075400000 Y/7     Allocating 
 Small   0x0000000075400000 0x0000000075600000 0x0000000075600000 Y/7     Allocating 
 Small   0x0000000075600000 0x0000000075800000 0x0000000075800000 Y/7     Allocating 
 Small   0x0000000075800000 0x0000000075a00000 0x0000000075a00000 Y/7     Allocating 
 Small   0x0000000075a00000 0x0000000075c00000 0x0000000075c00000 Y/7     Allocating 
 Small   0x0000000075c00000 0x0000000075e00000 0x0000000075e00000 Y/7     Allocating 
 Small   0x0000000075e00000 0x0000000076000000 0x0000000076000000 Y/7     Allocating 
 Small   0x0000000076000000 0x0000000076200000 0x0000000076200000 Y/7     Allocating 
 Small   0x0000000076200000 0x0000000076400000 0x0000000076400000 Y/7     Allocating 
 Small   0x0000000076400000 0x0000000076600000 0x0000000076600000 Y/7     Allocating 
 Small   0x0000000076600000 0x0000000076800000 0x0000000076800000 Y/7     Allocating 
 Small   0x0000000076800000 0x0000000076a00000 0x0000000076a00000 Y/7     Allocating 
 Small   0x0000000076a00000 0x0000000076c00000 0x0000000076c00000 Y/7     Allocating 
 Small   0x0000000076c00000 0x0000000076e00000 0x0000000076e00000 Y/7     Allocating 
 Small   0x0000000076e00000 0x0000000077000000 0x0000000077000000 Y/7     Allocating 
 Small   0x0000000077000000 0x0000000077200000 0x0000000077200000 Y/7     Allocating 
 Small   0x0000000077200000 0x0000000077400000 0x0000000077400000 Y/7     Allocating 
 Small   0x0000000077400000 0x0000000077600000 0x0000000077600000 Y/7     Allocating 
 Small   0x0000000077600000 0x0000000077800000 0x0000000077800000 Y/7     Allocating 
 Small   0x0000000077800000 0x0000000077a00000 0x0000000077a00000 Y/7     Allocating 
 Small   0x0000000077a00000 0x0000000077c00000 0x0000000077c00000 Y/7     Allocating 
 Small   0x0000000077c00000 0x0000000077e00000 0x0000000077e00000 Y/7     Allocating 
 Small   0x0000000077e00000 0x0000000078000000 0x0000000078000000 Y/7     Allocating 
 Small   0x0000000078000000 0x0000000078200000 0x0000000078200000 Y/7     Allocating 
 Small   0x0000000078200000 0x0000000078400000 0x0000000078400000 Y/7     Allocating 
 Small   0x0000000078400000 0x0000000078600000 0x0000000078600000 Y/7     Allocating 
 Small   0x0000000078600000 0x0000000078800000 0x0000000078800000 Y/7     Allocating 
 Small   0x0000000078800000 0x00000000789fffd8 0x0000000078a00000 Y/7     Allocating 
 Small   0x0000000078a00000 0x0000000078c00000 0x0000000078c00000 Y/7     Allocating 
 Small   0x0000000078c00000 0x0000000078e00000 0x0000000078e00000 Y/7     Allocating 
 Small   0x0000000078e00000 0x0000000079000000 0x0000000079000000 Y/7     Allocating 
 Small   0x0000000079000000 0x0000000079200000 0x0000000079200000 Y/7     Allocating 
 Small   0x0000000079200000 0x0000000079400000 0x0000000079400000 Y/7     Allocating 
 Small   0x0000000079400000 0x0000000079600000 0x0000000079600000 Y/7     Allocating 
 Small   0x0000000079600000 0x0000000079800000 0x0000000079800000 Y/7     Allocating 
 Small   0x0000000079800000 0x0000000079a00000 0x0000000079a00000 Y/7     Allocating 
 Small   0x0000000079a00000 0x0000000079c00000 0x0000000079c00000 Y/7     Allocating 
 Small   0x0000000079c00000 0x0000000079e00000 0x0000000079e00000 Y/7     Allocating 
 Small   0x0000000079e00000 0x000000007a000000 0x000000007a000000 Y/7     Allocating 
 Small   0x000000007a000000 0x000000007a200000 0x000000007a200000 Y/7     Allocating 
 Small   0x000000007a200000 0x000000007a400000 0x000000007a400000 Y/7     Allocating 
 Small   0x000000007a400000 0x000000007a600000 0x000000007a600000 Y/7     Allocating 
 Small   0x000000007a600000 0x000000007a800000 0x000000007a800000 Y/7     Allocating 
 Small   0x000000007a800000 0x000000007aa00000 0x000000007aa00000 Y/7     Allocating 
 Small   0x000000007aa00000 0x000000007ac00000 0x000000007ac00000 Y/7     Allocating 
 Small   0x000000007ac00000 0x000000007ae00000 0x000000007ae00000 Y/7     Allocating 
 Small   0x000000007ae00000 0x000000007b000000 0x000000007b000000 Y/7     Allocating 
 Small   0x000000007b000000 0x000000007b200000 0x000000007b200000 Y/7     Allocating 
 Small   0x000000007b200000 0x000000007b400000 0x000000007b400000 Y/7     Allocating 
 Small   0x000000007b400000 0x000000007b600000 0x000000007b600000 Y/7     Allocating 
 Small   0x000000007b600000 0x000000007b800000 0x000000007b800000 Y/7     Allocating 
 Small   0x000000007b800000 0x000000007ba00000 0x000000007ba00000 Y/7     Allocating 
 Small   0x000000007ba00000 0x000000007bc00000 0x000000007bc00000 Y/7     Allocating 
 Small   0x000000007bc00000 0x000000007be00000 0x000000007be00000 Y/7     Allocating 
 Small   0x000000007be00000 0x000000007c000000 0x000000007c000000 Y/7     Allocating 
 Small   0x000000007c000000 0x000000007c200000 0x000000007c200000 Y/7     Allocating 
 Small   0x000000007c200000 0x000000007c400000 0x000000007c400000 Y/7     Allocating 
 Small   0x000000007c400000 0x000000007c600000 0x000000007c600000 Y/7     Allocating 
 Small   0x000000007c600000 0x000000007c800000 0x000000007c800000 Y/7     Allocating 
 Small   0x000000007c800000 0x000000007ca00000 0x000000007ca00000 Y/7     Allocating 
 Small   0x000000007ca00000 0x000000007cc00000 0x000000007cc00000 Y/7     Allocating 
 Small   0x000000007cc00000 0x000000007ce00000 0x000000007ce00000 Y/7     Allocating 
 Small   0x000000007ce00000 0x000000007d000000 0x000000007d000000 Y/7     Allocating 
 Small   0x000000007d000000 0x000000007d200000 0x000000007d200000 Y/7     Allocating 
 Small   0x000000007d200000 0x000000007d400000 0x000000007d400000 Y/7     Allocating 
 Small   0x000000007d400000 0x000000007d600000 0x000000007d600000 Y/7     Allocating 
 Small   0x000000007d600000 0x000000007d800000 0x000000007d800000 Y/7     Allocating 
 Small   0x000000007d800000 0x000000007da00000 0x000000007da00000 Y/7     Allocating 
 Small   0x000000007da00000 0x000000007dc00000 0x000000007dc00000 Y/7     Allocating 
 Small   0x000000007dc00000 0x000000007de00000 0x000000007de00000 Y/7     Allocating 
 Small   0x000000007de00000 0x000000007e000000 0x000000007e000000 Y/7     Allocating 
 Small   0x000000007e000000 0x000000007e200000 0x000000007e200000 Y/7     Allocating 
 Small   0x000000007e200000 0x000000007e400000 0x000000007e400000 Y/7     Allocating 
 Small   0x000000007e400000 0x000000007e600000 0x000000007e600000 Y/7     Allocating 
 Small   0x000000007e600000 0x000000007e800000 0x000000007e800000 Y/7     Allocating 
 Small   0x000000007e800000 0x000000007ea00000 0x000000007ea00000 Y/7     Allocating 
 Small   0x000000007ea00000 0x000000007ec00000 0x000000007ec00000 Y/7     Allocating 
 Small   0x000000007ec00000 0x000000007ee00000 0x000000007ee00000 Y/7     Allocating 
 Small   0x000000007ee00000 0x000000007f000000 0x000000007f000000 Y/7     Allocating 
 Small   0x000000007f000000 0x000000007f200000 0x000000007f200000 Y/7     Allocating 
 Small   0x000000007f200000 0x000000007f400000 0x000000007f400000 Y/7     Allocating 
 Small   0x000000007f400000 0x000000007f600000 0x000000007f600000 Y/7     Allocating 
 Small   0x000000007f600000 0x000000007f800000 0x000000007f800000 Y/7     Allocating 
 Small   0x000000007f800000 0x000000007fa00000 0x000000007fa00000 Y/7     Allocating 
 Small   0x000000007fa00000 0x000000007fc00000 0x000000007fc00000 Y/7     Allocating 
 Small   0x000000007fc00000 0x000000007fe00000 0x000000007fe00000 Y/7     Allocating 
 Small   0x000000007fe00000 0x0000000080000000 0x0000000080000000 Y/7     Allocating 
 Small   0x0000000080000000 0x0000000080200000 0x0000000080200000 Y/7     Allocating 
 Small   0x0000000080200000 0x0000000080400000 0x0000000080400000 Y/7     Allocating 
 Small   0x0000000080400000 0x0000000080600000 0x0000000080600000 Y/7     Allocating 
 Small   0x0000000080600000 0x0000000080800000 0x0000000080800000 Y/7     Allocating 
 Small   0x0000000080800000 0x0000000080a00000 0x0000000080a00000 Y/7     Allocating 
 Small   0x0000000080a00000 0x0000000080c00000 0x0000000080c00000 Y/7     Allocating 
 Small   0x0000000080c00000 0x0000000080e00000 0x0000000080e00000 Y/7     Allocating 
 Small   0x0000000080e00000 0x0000000081000000 0x0000000081000000 Y/7     Allocating 
 Small   0x0000000081000000 0x0000000081200000 0x0000000081200000 Y/7     Allocating 
 Small   0x0000000081200000 0x0000000081400000 0x0000000081400000 Y/7     Allocating 
 Small   0x0000000081400000 0x0000000081600000 0x0000000081600000 Y/7     Allocating 
 Small   0x0000000081600000 0x0000000081800000 0x0000000081800000 Y/7     Allocating 
 Small   0x0000000081800000 0x0000000081a00000 0x0000000081a00000 Y/7     Allocating 
 Small   0x0000000081a00000 0x0000000081c00000 0x0000000081c00000 Y/7     Allocating 
 Small   0x0000000081c00000 0x0000000081e00000 0x0000000081e00000 Y/7     Allocating 
 Small   0x0000000081e00000 0x0000000082000000 0x0000000082000000 Y/7     Allocating 
 Small   0x0000000082000000 0x0000000082200000 0x0000000082200000 Y/7     Allocating 
 Small   0x0000000082200000 0x0000000082400000 0x0000000082400000 Y/7     Allocating 
 Small   0x0000000082400000 0x0000000082600000 0x0000000082600000 Y/7     Allocating 
 Small   0x0000000082600000 0x0000000082800000 0x0000000082800000 Y/7     Allocating 
 Small   0x0000000082800000 0x0000000082a00000 0x0000000082a00000 Y/7     Allocating 
 Small   0x0000000082a00000 0x0000000082c00000 0x0000000082c00000 Y/7     Allocating 
 Small   0x0000000082c00000 0x0000000082e00000 0x0000000082e00000 Y/7     Allocating 
 Small   0x0000000082e00000 0x0000000082ffffc8 0x0000000083000000 Y/7     Allocating 
 Small   0x0000000083000000 0x0000000083200000 0x0000000083200000 Y/7     Allocating 
 Small   0x0000000083200000 0x0000000083400000 0x0000000083400000 Y/7     Allocating 
 Small   0x0000000083400000 0x0000000083600000 0x0000000083600000 Y/7     Allocating 
 Small   0x0000000083600000 0x0000000083800000 0x0000000083800000 Y/7     Allocating 
 Small   0x0000000083800000 0x0000000083a00000 0x0000000083a00000 Y/7     Allocating 
 Small   0x0000000083a00000 0x0000000083c00000 0x0000000083c00000 Y/7     Allocating 
 Small   0x0000000083c00000 0x0000000083e00000 0x0000000083e00000 Y/7     Allocating 
 Small   0x0000000083e00000 0x0000000084000000 0x0000000084000000 Y/7     Allocating 
 Small   0x0000000084000000 0x0000000084200000 0x0000000084200000 Y/7     Allocating 
 Small   0x0000000084200000 0x0000000084400000 0x0000000084400000 Y/7     Allocating 
 Small   0x0000000084400000 0x0000000084600000 0x0000000084600000 Y/7     Allocating 
 Small   0x0000000084600000 0x0000000084800000 0x0000000084800000 Y/7     Allocating 
 Small   0x0000000084800000 0x0000000084a00000 0x0000000084a00000 Y/7     Allocating 
 Small   0x0000000084a00000 0x0000000084bffff0 0x0000000084c00000 Y/7     Allocating 
 Small   0x0000000084c00000 0x0000000084e00000 0x0000000084e00000 Y/7     Allocating 
 Small   0x0000000084e00000 0x0000000085000000 0x0000000085000000 Y/7     Allocating 
 Small   0x0000000085000000 0x0000000085200000 0x0000000085200000 Y/7     Allocating 
 Small   0x0000000085200000 0x0000000085400000 0x0000000085400000 Y/7     Allocating 
 Small   0x0000000085400000 0x00000000854f9730 0x0000000085600000 Y/7     Allocating 
 Small   0x0000000085600000 0x0000000085800000 0x0000000085800000 Y/7     Allocating 
 Small   0x0000000085800000 0x0000000085a00000 0x0000000085a00000 Y/7     Allocating 
 Small   0x0000000085a00000 0x0000000085c00000 0x0000000085c00000 Y/7     Allocating 
 Small   0x0000000085c00000 0x0000000085e00000 0x0000000085e00000 Y/7     Allocating 
 Small   0x0000000085e00000 0x0000000086000000 0x0000000086000000 Y/7     Allocating 
 Small   0x0000000086000000 0x0000000086200000 0x0000000086200000 Y/7     Allocating 
 Small   0x0000000086200000 0x0000000086400000 0x0000000086400000 Y/7     Allocating 
 Small   0x0000000086400000 0x0000000086600000 0x0000000086600000 Y/7     Allocating 
 Small   0x0000000086600000 0x0000000086800000 0x0000000086800000 Y/7     Allocating 
 Small   0x0000000086800000 0x0000000086a00000 0x0000000086a00000 Y/7     Allocating 
 Small   0x0000000086a00000 0x0000000086c00000 0x0000000086c00000 Y/7     Allocating 
 Small   0x0000000086c00000 0x0000000086e00000 0x0000000086e00000 Y/7     Allocating 
 Small   0x0000000086e00000 0x0000000087000000 0x0000000087000000 Y/7     Allocating 
 Small   0x0000000087000000 0x0000000087200000 0x0000000087200000 Y/7     Allocating 
 Small   0x0000000087200000 0x0000000087400000 0x0000000087400000 Y/7     Allocating 
 Small   0x0000000087400000 0x0000000087600000 0x0000000087600000 Y/7     Allocating 
 Small   0x0000000087600000 0x0000000087800000 0x0000000087800000 Y/7     Allocating 
 Small   0x0000000087800000 0x0000000087a00000 0x0000000087a00000 Y/7     Allocating 
 Small   0x0000000087a00000 0x0000000087bfffe0 0x0000000087c00000 Y/7     Allocating 
 Small   0x0000000087c00000 0x0000000087e00000 0x0000000087e00000 Y/7     Allocating 
 Small   0x0000000087e00000 0x0000000088000000 0x0000000088000000 Y/7     Allocating 
 Small   0x0000000088000000 0x0000000088200000 0x0000000088200000 Y/7     Allocating 
 Small   0x0000000088200000 0x0000000088400000 0x0000000088400000 Y/7     Allocating 
 Small   0x0000000088400000 0x0000000088600000 0x0000000088600000 Y/7     Allocating 
 Small   0x0000000088600000 0x0000000088800000 0x0000000088800000 Y/7     Allocating 
 Small   0x0000000088800000 0x0000000088a00000 0x0000000088a00000 Y/7     Allocating 
 Small   0x0000000088a00000 0x0000000088c00000 0x0000000088c00000 Y/7     Allocating 
 Small   0x0000000088c00000 0x0000000088dfffc0 0x0000000088e00000 Y/7     Allocating 
 Small   0x0000000088e00000 0x0000000089000000 0x0000000089000000 Y/7     Allocating 
 Small   0x0000000089000000 0x0000000089200000 0x0000000089200000 Y/7     Allocating 
 Small   0x0000000089200000 0x0000000089400000 0x0000000089400000 Y/7     Allocating 
 Small   0x0000000089400000 0x0000000089600000 0x0000000089600000 Y/7     Allocating 
 Small   0x0000000089600000 0x0000000089800000 0x0000000089800000 Y/7     Allocating 
 Small   0x0000000089800000 0x0000000089a00000 0x0000000089a00000 Y/7     Allocating 
 Small   0x0000000089a00000 0x0000000089c00000 0x0000000089c00000 Y/7     Allocating 
 Small   0x0000000089c00000 0x0000000089e00000 0x0000000089e00000 Y/7     Allocating 
 Small   0x0000000089e00000 0x000000008a000000 0x000000008a000000 Y/7     Allocating 
 Small   0x000000008a000000 0x000000008a200000 0x000000008a200000 Y/7     Allocating 
 Small   0x000000008a200000 0x000000008a400000 0x000000008a400000 Y/7     Allocating 
 Small   0x000000008a400000 0x000000008a600000 0x000000008a600000 Y/7     Allocating 
 Small   0x000000008a600000 0x000000008a800000 0x000000008a800000 Y/7     Allocating 
 Small   0x000000008a800000 0x000000008aa00000 0x000000008aa00000 Y/7     Allocating 
 Small   0x000000008aa00000 0x000000008ac00000 0x000000008ac00000 Y/7     Allocating 
 Small   0x000000008ac00000 0x000000008ae00000 0x000000008ae00000 Y/7     Allocating 
 Small   0x000000008ae00000 0x000000008b000000 0x000000008b000000 Y/7     Allocating 
 Small   0x000000008b000000 0x000000008b200000 0x000000008b200000 Y/7     Allocating 
 Small   0x000000008b200000 0x000000008b349008 0x000000008b400000 Y/7     Allocating 
 Small   0x000000008b400000 0x000000008b600000 0x000000008b600000 Y/7     Allocating 
 Small   0x000000008b600000 0x000000008b800000 0x000000008b800000 Y/7     Allocating 
 Small   0x000000008b800000 0x000000008ba00000 0x000000008ba00000 Y/7     Allocating 
 Small   0x000000008ba00000 0x000000008bc00000 0x000000008bc00000 Y/7     Allocating 
 Small   0x000000008bc00000 0x000000008be00000 0x000000008be00000 Y/7     Allocating 
 Small   0x000000008be00000 0x000000008c000000 0x000000008c000000 Y/7     Allocating 
 Small   0x000000008c000000 0x000000008c1ffff0 0x000000008c200000 Y/7     Allocating 
 Small   0x000000008c200000 0x000000008c400000 0x000000008c400000 Y/7     Allocating 
 Small   0x000000008c400000 0x000000008c600000 0x000000008c600000 Y/7     Allocating 
 Small   0x000000008c600000 0x000000008c800000 0x000000008c800000 Y/7     Allocating 
 Small   0x000000008c800000 0x000000008ca00000 0x000000008ca00000 Y/7     Allocating 
 Small   0x000000008ca00000 0x000000008cc00000 0x000000008cc00000 Y/7     Allocating 
 Small   0x000000008cc00000 0x000000008ce00000 0x000000008ce00000 Y/7     Allocating 
 Small   0x000000008ce00000 0x000000008d000000 0x000000008d000000 Y/7     Allocating 
 Small   0x000000008d000000 0x000000008d200000 0x000000008d200000 Y/7     Allocating 
 Small   0x000000008d200000 0x000000008d400000 0x000000008d400000 Y/7     Allocating 
 Small   0x000000008d400000 0x000000008d600000 0x000000008d600000 Y/7     Allocating 
 Small   0x000000008d600000 0x000000008d800000 0x000000008d800000 Y/7     Allocating 
 Small   0x000000008d800000 0x000000008da00000 0x000000008da00000 Y/7     Allocating 
 Small   0x000000008da00000 0x000000008dc00000 0x000000008dc00000 Y/7     Allocating 
 Small   0x000000008dc00000 0x000000008de00000 0x000000008de00000 Y/7     Allocating 
 Small   0x000000008de00000 0x000000008e000000 0x000000008e000000 Y/7     Allocating 
 Small   0x000000008e000000 0x000000008e200000 0x000000008e200000 Y/7     Allocating 
 Small   0x000000008e200000 0x000000008e400000 0x000000008e400000 Y/7     Allocating 
 Small   0x000000008e400000 0x000000008e600000 0x000000008e600000 Y/7     Allocating 
 Small   0x000000008e600000 0x000000008e7fff90 0x000000008e800000 Y/7     Allocating 
 Small   0x000000008e800000 0x000000008ea00000 0x000000008ea00000 Y/7     Allocating 
 Small   0x000000008ea00000 0x000000008ec00000 0x000000008ec00000 Y/7     Allocating 
 Small   0x000000008ec00000 0x000000008ee00000 0x000000008ee00000 Y/7     Allocating 
 Small   0x000000008ee00000 0x000000008f000000 0x000000008f000000 Y/7     Allocating 
 Small   0x000000008f000000 0x000000008f200000 0x000000008f200000 Y/7     Allocating 
 Small   0x000000008f200000 0x000000008f400000 0x000000008f400000 Y/7     Allocating 
 Small   0x000000008f400000 0x000000008f600000 0x000000008f600000 Y/7     Allocating 
 Small   0x000000008f600000 0x000000008f800000 0x000000008f800000 Y/7     Allocating 
 Small   0x000000008f800000 0x000000008fa00000 0x000000008fa00000 Y/7     Allocating 
 Small   0x000000008fa00000 0x000000008fc00000 0x000000008fc00000 Y/7     Allocating 
 Small   0x000000008fc00000 0x000000008fe00000 0x000000008fe00000 Y/7     Allocating 
 Small   0x000000008fe00000 0x000000008fffffb8 0x0000000090000000 Y/7     Allocating 
 Small   0x0000000090000000 0x0000000090200000 0x0000000090200000 Y/7     Allocating 
 Small   0x0000000090200000 0x0000000090400000 0x0000000090400000 Y/7     Allocating 
 Small   0x0000000090400000 0x0000000090600000 0x0000000090600000 Y/7     Allocating 
 Small   0x0000000090600000 0x0000000090800000 0x0000000090800000 Y/7     Allocating 
 Small   0x0000000090800000 0x0000000090a00000 0x0000000090a00000 Y/7     Allocating 
 Small   0x0000000090a00000 0x0000000090c00000 0x0000000090c00000 Y/7     Allocating 
 Small   0x0000000090c00000 0x0000000090e00000 0x0000000090e00000 Y/7     Allocating 
 Small   0x0000000090e00000 0x0000000091000000 0x0000000091000000 Y/7     Allocating 
 Small   0x0000000091000000 0x0000000091200000 0x0000000091200000 Y/7     Allocating 
 Small   0x0000000091200000 0x0000000091400000 0x0000000091400000 Y/7     Allocating 
 Small   0x0000000091400000 0x0000000091600000 0x0000000091600000 Y/7     Allocating 
 Small   0x0000000091600000 0x0000000091800000 0x0000000091800000 Y/7     Allocating 
 Small   0x0000000091800000 0x0000000091a00000 0x0000000091a00000 Y/7     Allocating 
 Small   0x0000000091a00000 0x0000000091c00000 0x0000000091c00000 Y/7     Allocating 
 Small   0x0000000091c00000 0x0000000091e00000 0x0000000091e00000 Y/7     Allocating 
 Small   0x0000000091e00000 0x0000000092000000 0x0000000092000000 Y/7     Allocating 
 Small   0x0000000092000000 0x0000000092200000 0x0000000092200000 Y/7     Allocating 
 Small   0x0000000092200000 0x0000000092400000 0x0000000092400000 Y/7     Allocating 
 Small   0x0000000092400000 0x0000000092600000 0x0000000092600000 Y/7     Allocating 
 Small   0x0000000092600000 0x0000000092800000 0x0000000092800000 Y/7     Allocating 
 Small   0x0000000092800000 0x0000000092a00000 0x0000000092a00000 Y/7     Allocating 
 Small   0x0000000092a00000 0x0000000092c00000 0x0000000092c00000 Y/7     Allocating 
 Small   0x0000000092c00000 0x0000000092e00000 0x0000000092e00000 Y/7     Allocating 
 Small   0x0000000092e00000 0x0000000093000000 0x0000000093000000 Y/7     Allocating 
 Small   0x0000000093000000 0x0000000093200000 0x0000000093200000 Y/7     Allocating 
 Small   0x0000000093200000 0x0000000093400000 0x0000000093400000 Y/7     Allocating 
 Small   0x0000000093400000 0x0000000093600000 0x0000000093600000 Y/7     Allocating 
 Small   0x0000000093600000 0x0000000093800000 0x0000000093800000 Y/7     Allocating 
 Small   0x0000000093800000 0x0000000093a00000 0x0000000093a00000 Y/7     Allocating 
 Small   0x0000000093a00000 0x0000000093c00000 0x0000000093c00000 Y/7     Allocating 
 Small   0x0000000093c00000 0x0000000093e00000 0x0000000093e00000 Y/7     Allocating 
 Small   0x0000000093e00000 0x0000000094000000 0x0000000094000000 Y/7     Allocating 
 Small   0x0000000094000000 0x0000000094200000 0x0000000094200000 Y/7     Allocating 
 Small   0x0000000094200000 0x0000000094400000 0x0000000094400000 Y/7     Allocating 
 Small   0x0000000094400000 0x00000000945fffb8 0x0000000094600000 Y/7     Allocating 
 Small   0x0000000094600000 0x0000000094800000 0x0000000094800000 Y/7     Allocating 
 Small   0x0000000094800000 0x0000000094a00000 0x0000000094a00000 Y/7     Allocating 
 Small   0x0000000094a00000 0x0000000094c00000 0x0000000094c00000 Y/7     Allocating 
 Small   0x0000000094c00000 0x0000000094e00000 0x0000000094e00000 Y/7     Allocating 
 Small   0x0000000094e00000 0x0000000095000000 0x0000000095000000 Y/7     Allocating 
 Small   0x0000000095000000 0x0000000095200000 0x0000000095200000 Y/7     Allocating 
 Small   0x0000000095200000 0x0000000095400000 0x0000000095400000 Y/7     Allocating 
 Small   0x0000000095400000 0x0000000095600000 0x0000000095600000 Y/7     Allocating 
 Small   0x0000000095600000 0x00000000957fffe0 0x0000000095800000 Y/7     Allocating 
 Small   0x0000000095800000 0x0000000095a00000 0x0000000095a00000 Y/7     Allocating 
 Small   0x0000000095a00000 0x0000000095c00000 0x0000000095c00000 Y/7     Allocating 
 Small   0x0000000095c00000 0x0000000095e00000 0x0000000095e00000 Y/7     Allocating 
 Small   0x0000000095e00000 0x0000000096000000 0x0000000096000000 Y/7     Allocating 
 Small   0x0000000096000000 0x0000000096200000 0x0000000096200000 Y/7     Allocating 
 Small   0x0000000096200000 0x0000000096400000 0x0000000096400000 Y/7     Allocating 
 Small   0x0000000096400000 0x0000000096600000 0x0000000096600000 Y/7     Allocating 
 Small   0x0000000096600000 0x0000000096800000 0x0000000096800000 Y/7     Allocating 
 Small   0x0000000096800000 0x0000000096a00000 0x0000000096a00000 Y/7     Allocating 
 Small   0x0000000096a00000 0x0000000096bc0360 0x0000000096c00000 Y/7     Allocating 
 Small   0x0000000096c00000 0x0000000096e00000 0x0000000096e00000 Y/7     Allocating 
 Small   0x0000000096e00000 0x0000000097000000 0x0000000097000000 Y/7     Allocating 
 Small   0x0000000097000000 0x0000000097200000 0x0000000097200000 Y/7     Allocating 
 Small   0x0000000097200000 0x0000000097400000 0x0000000097400000 Y/7     Allocating 
 Small   0x0000000097400000 0x0000000097600000 0x0000000097600000 Y/7     Allocating 
 Small   0x0000000097600000 0x0000000097800000 0x0000000097800000 Y/7     Allocating 
 Small   0x0000000097800000 0x0000000097a00000 0x0000000097a00000 Y/7     Allocating 
 Small   0x0000000097a00000 0x0000000097c00000 0x0000000097c00000 Y/7     Allocating 
 Small   0x0000000097c00000 0x0000000097e00000 0x0000000097e00000 Y/7     Allocating 
 Small   0x0000000097e00000 0x0000000098000000 0x0000000098000000 Y/7     Allocating 
 Small   0x0000000098000000 0x0000000098200000 0x0000000098200000 Y/7     Allocating 
 Small   0x0000000098200000 0x0000000098400000 0x0000000098400000 Y/7     Allocating 
 Small   0x0000000098400000 0x0000000098600000 0x0000000098600000 Y/7     Allocating 
 Small   0x0000000098600000 0x0000000098800000 0x0000000098800000 Y/7     Allocating 
 Small   0x0000000098800000 0x0000000098a00000 0x0000000098a00000 Y/7     Allocating 
 Small   0x0000000098a00000 0x0000000098bffff0 0x0000000098c00000 Y/7     Allocating 
 Small   0x0000000098c00000 0x0000000098e00000 0x0000000098e00000 Y/7     Allocating 
 Small   0x0000000098e00000 0x0000000099000000 0x0000000099000000 Y/7     Allocating 
 Small   0x0000000099000000 0x0000000099200000 0x0000000099200000 Y/7     Allocating 
 Small   0x0000000099200000 0x0000000099400000 0x0000000099400000 Y/7     Allocating 
 Small   0x0000000099400000 0x0000000099600000 0x0000000099600000 Y/7     Allocating 
 Small   0x0000000099600000 0x0000000099800000 0x0000000099800000 Y/7     Allocating 
 Small   0x0000000099800000 0x0000000099a00000 0x0000000099a00000 Y/7     Allocating 
 Small   0x0000000099a00000 0x0000000099c00000 0x0000000099c00000 Y/7     Allocating 
 Small   0x0000000099c00000 0x0000000099e00000 0x0000000099e00000 Y/7     Allocating 
 Small   0x0000000099e00000 0x000000009a000000 0x000000009a000000 Y/7     Allocating 
 Small   0x000000009a000000 0x000000009a200000 0x000000009a200000 Y/7     Allocating 
 Small   0x000000009a200000 0x000000009a400000 0x000000009a400000 Y/7     Allocating 
 Small   0x000000009a400000 0x000000009a600000 0x000000009a600000 Y/7     Allocating 
 Small   0x000000009a600000 0x000000009a800000 0x000000009a800000 Y/7     Allocating 
 Small   0x000000009a800000 0x000000009aa00000 0x000000009aa00000 Y/7     Allocating 
 Small   0x000000009aa00000 0x000000009abfffe8 0x000000009ac00000 Y/7     Allocating 
 Small   0x000000009ac00000 0x000000009adffff0 0x000000009ae00000 Y/7     Allocating 
 Small   0x000000009ae00000 0x000000009b000000 0x000000009b000000 Y/7     Allocating 
 Small   0x000000009b000000 0x000000009b200000 0x000000009b200000 Y/7     Allocating 
 Small   0x000000009b200000 0x000000009b400000 0x000000009b400000 Y/7     Allocating 
 Small   0x000000009b400000 0x000000009b600000 0x000000009b600000 Y/7     Allocating 
 Small   0x000000009b600000 0x000000009b800000 0x000000009b800000 Y/7     Allocating 
 Small   0x000000009b800000 0x000000009ba00000 0x000000009ba00000 Y/7     Allocating 
 Small   0x000000009ba00000 0x000000009bc00000 0x000000009bc00000 Y/7     Allocating 
 Small   0x000000009bc00000 0x000000009bdffff8 0x000000009be00000 Y/7     Allocating 
 Small   0x000000009be00000 0x000000009c000000 0x000000009c000000 Y/7     Allocating 
 Small   0x000000009c000000 0x000000009c200000 0x000000009c200000 Y/7     Allocating 
 Small   0x000000009c200000 0x000000009c3fffd8 0x000000009c400000 Y/7     Allocating 
 Small   0x000000009c400000 0x000000009c600000 0x000000009c600000 Y/7     Allocating 
 Small   0x000000009c600000 0x000000009c800000 0x000000009c800000 Y/7     Allocating 
 Small   0x000000009c800000 0x000000009ca00000 0x000000009ca00000 Y/7     Allocating 
 Small   0x000000009ca00000 0x000000009cbfffe0 0x000000009cc00000 Y/7     Allocating 
 Small   0x000000009cc00000 0x000000009ce00000 0x000000009ce00000 Y/7     Allocating 
 Small   0x000000009ce00000 0x000000009d000000 0x000000009d000000 Y/7     Allocating 
 Small   0x000000009d000000 0x000000009d200000 0x000000009d200000 Y/7     Allocating 
 Small   0x000000009d200000 0x000000009d400000 0x000000009d400000 Y/7     Allocating 
 Small   0x000000009d400000 0x000000009d5ffff0 0x000000009d600000 Y/7     Allocating 
 Small   0x000000009d600000 0x000000009d800000 0x000000009d800000 Y/7     Allocating 
 Small   0x000000009d800000 0x000000009da00000 0x000000009da00000 Y/7     Allocating 
 Small   0x000000009da00000 0x000000009dc00000 0x000000009dc00000 Y/7     Allocating 
 Small   0x000000009dc00000 0x000000009ddffff0 0x000000009de00000 Y/7     Allocating 
 Small   0x000000009de00000 0x000000009e000000 0x000000009e000000 Y/7     Allocating 
 Small   0x000000009e000000 0x000000009e200000 0x000000009e200000 Y/7     Allocating 
 Small   0x000000009e200000 0x000000009e400000 0x000000009e400000 Y/7     Allocating 
 Small   0x000000009e400000 0x000000009e600000 0x000000009e600000 Y/7     Allocating 
 Small   0x000000009e600000 0x000000009e800000 0x000000009e800000 Y/7     Allocating 
 Small   0x000000009e800000 0x000000009ea00000 0x000000009ea00000 Y/7     Allocating 
 Small   0x000000009ea00000 0x000000009ebfffd0 0x000000009ec00000 Y/7     Allocating 
 Small   0x000000009ec00000 0x000000009ee00000 0x000000009ee00000 Y/7     Allocating 
 Small   0x000000009ee00000 0x000000009f000000 0x000000009f000000 Y/7     Allocating 
 Small   0x000000009f000000 0x000000009f200000 0x000000009f200000 Y/7     Allocating 
 Small   0x000000009f200000 0x000000009f3ffff8 0x000000009f400000 Y/7     Allocating 
 Small   0x000000009f400000 0x000000009f5ffff0 0x000000009f600000 Y/7     Allocating 
 Small   0x000000009f600000 0x000000009f800000 0x000000009f800000 Y/7     Allocating 
 Small   0x000000009f800000 0x000000009fa00000 0x000000009fa00000 Y/7     Allocating 
 Small   0x000000009fa00000 0x000000009fbfff38 0x000000009fc00000 Y/7     Allocating 
 Small   0x000000009fc00000 0x000000009fe00000 0x000000009fe00000 Y/7     Allocating 
 Small   0x000000009fe00000 0x00000000a0000000 0x00000000a0000000 Y/7     Allocating 
 Small   0x00000000a0000000 0x00000000a0200000 0x00000000a0200000 Y/7     Allocating 
 Small   0x00000000a0200000 0x00000000a0400000 0x00000000a0400000 Y/7     Allocating 
 Small   0x00000000a0400000 0x00000000a0600000 0x00000000a0600000 Y/7     Allocating 
 Small   0x00000000a0600000 0x00000000a0800000 0x00000000a0800000 Y/7     Allocating 
 Small   0x00000000a0800000 0x00000000a0a00000 0x00000000a0a00000 Y/7     Allocating 
 Small   0x00000000a0a00000 0x00000000a0c00000 0x00000000a0c00000 Y/7     Allocating 
 Small   0x00000000a0c00000 0x00000000a0e00000 0x00000000a0e00000 Y/7     Allocating 
 Small   0x00000000a0e00000 0x00000000a1000000 0x00000000a1000000 Y/7     Allocating 
 Small   0x00000000a1000000 0x00000000a1200000 0x00000000a1200000 Y/7     Allocating 
 Small   0x00000000a1200000 0x00000000a13f0c70 0x00000000a1400000 Y/7     Allocating 
 Small   0x00000000a1400000 0x00000000a1600000 0x00000000a1600000 Y/7     Allocating 
 Small   0x00000000a1600000 0x00000000a1800000 0x00000000a1800000 Y/7     Allocating 
 Small   0x00000000a1800000 0x00000000a1a00000 0x00000000a1a00000 Y/7     Allocating 
 Small   0x00000000a1a00000 0x00000000a1c00000 0x00000000a1c00000 Y/7     Allocating 
 Small   0x00000000a1c00000 0x00000000a1e00000 0x00000000a1e00000 Y/7     Allocating 
 Small   0x00000000a1e00000 0x00000000a2000000 0x00000000a2000000 Y/7     Allocating 
 Small   0x00000000a2000000 0x00000000a2200000 0x00000000a2200000 Y/7     Allocating 
 Small   0x00000000a2200000 0x00000000a2400000 0x00000000a2400000 Y/7     Allocating 
 Small   0x00000000a2400000 0x00000000a2600000 0x00000000a2600000 Y/7     Allocating 
 Small   0x00000000a2600000 0x00000000a2800000 0x00000000a2800000 Y/7     Allocating 
 Small   0x00000000a2800000 0x00000000a2a00000 0x00000000a2a00000 Y/7     Allocating 
 Small   0x00000000a2a00000 0x00000000a2c00000 0x00000000a2c00000 Y/7     Allocating 
 Small   0x00000000a2c00000 0x00000000a2e00000 0x00000000a2e00000 Y/7     Allocating 
 Small   0x00000000a2e00000 0x00000000a3000000 0x00000000a3000000 Y/7     Allocating 
 Small   0x00000000a3000000 0x00000000a3200000 0x00000000a3200000 Y/7     Allocating 
 Small   0x00000000a3200000 0x00000000a3400000 0x00000000a3400000 Y/7     Allocating 
 Small   0x00000000a3400000 0x00000000a3600000 0x00000000a3600000 Y/7     Allocating 
 Small   0x00000000a3600000 0x00000000a3800000 0x00000000a3800000 Y/7     Allocating 
 Small   0x00000000a3800000 0x00000000a3a00000 0x00000000a3a00000 Y/7     Allocating 
 Small   0x00000000a3a00000 0x00000000a3c00000 0x00000000a3c00000 Y/7     Allocating 
 Small   0x00000000a3c00000 0x00000000a3e00000 0x00000000a3e00000 Y/7     Allocating 
 Small   0x00000000a3e00000 0x00000000a4000000 0x00000000a4000000 Y/7     Allocating 
 Small   0x00000000a4000000 0x00000000a4200000 0x00000000a4200000 Y/7     Allocating 
 Small   0x00000000a4200000 0x00000000a43fffd8 0x00000000a4400000 Y/7     Allocating 
 Small   0x00000000a4400000 0x00000000a4600000 0x00000000a4600000 Y/7     Allocating 
 Small   0x00000000a4600000 0x00000000a4800000 0x00000000a4800000 Y/7     Allocating 
 Small   0x00000000a4800000 0x00000000a4a00000 0x00000000a4a00000 Y/7     Allocating 
 Small   0x00000000a4a00000 0x00000000a4c00000 0x00000000a4c00000 Y/7     Allocating 
 Small   0x00000000a4c00000 0x00000000a4e00000 0x00000000a4e00000 Y/7     Allocating 
 Small   0x00000000a4e00000 0x00000000a5000000 0x00000000a5000000 Y/7     Allocating 
 Small   0x00000000a5000000 0x00000000a5200000 0x00000000a5200000 Y/7     Allocating 
 Small   0x00000000a5200000 0x00000000a5400000 0x00000000a5400000 Y/7     Allocating 
 Small   0x00000000a5400000 0x00000000a5600000 0x00000000a5600000 Y/7     Allocating 
 Small   0x00000000a5600000 0x00000000a5800000 0x00000000a5800000 Y/7     Allocating 
 Small   0x00000000a5800000 0x00000000a5a00000 0x00000000a5a00000 Y/7     Allocating 
 Small   0x00000000a5a00000 0x00000000a5c00000 0x00000000a5c00000 Y/7     Allocating 
 Small   0x00000000a5c00000 0x00000000a5e00000 0x00000000a5e00000 Y/7     Allocating 
 Small   0x00000000a5e00000 0x00000000a6000000 0x00000000a6000000 Y/7     Allocating 
 Small   0x00000000a6000000 0x00000000a6200000 0x00000000a6200000 Y/7     Allocating 
 Small   0x00000000a6200000 0x00000000a6400000 0x00000000a6400000 Y/7     Allocating 
 Small   0x00000000a6400000 0x00000000a6600000 0x00000000a6600000 Y/7     Allocating 
 Small   0x00000000a6600000 0x00000000a6800000 0x00000000a6800000 Y/7     Allocating 
 Small   0x00000000a6800000 0x00000000a6a00000 0x00000000a6a00000 Y/7     Allocating 
 Small   0x00000000a6a00000 0x00000000a6c00000 0x00000000a6c00000 Y/7     Allocating 
 Small   0x00000000a6c00000 0x00000000a6e00000 0x00000000a6e00000 Y/7     Allocating 
 Small   0x00000000a6e00000 0x00000000a7000000 0x00000000a7000000 Y/7     Allocating 
 Small   0x00000000a7000000 0x00000000a7186d48 0x00000000a7200000 Y/7     Allocating 
 Small   0x00000000a7200000 0x00000000a7400000 0x00000000a7400000 Y/7     Allocating 
 Small   0x00000000a7400000 0x00000000a75fcb38 0x00000000a7600000 Y/7     Allocating 
 Small   0x00000000a7600000 0x00000000a7800000 0x00000000a7800000 Y/7     Allocating 
 Small   0x00000000a7800000 0x00000000a7a00000 0x00000000a7a00000 Y/7     Allocating 
 Small   0x00000000a7a00000 0x00000000a7c00000 0x00000000a7c00000 Y/7     Allocating 
 Small   0x00000000a7c00000 0x00000000a7e00000 0x00000000a7e00000 Y/7     Allocating 
 Small   0x00000000a7e00000 0x00000000a8000000 0x00000000a8000000 Y/7     Allocating 
 Small   0x00000000a8000000 0x00000000a8200000 0x00000000a8200000 Y/7     Allocating 
 Small   0x00000000a8200000 0x00000000a8400000 0x00000000a8400000 Y/7     Allocating 
 Small   0x00000000a8400000 0x00000000a8600000 0x00000000a8600000 Y/7     Allocating 
 Small   0x00000000a8600000 0x00000000a8800000 0x00000000a8800000 Y/7     Allocating 
 Small   0x00000000a8800000 0x00000000a8a00000 0x00000000a8a00000 Y/7     Allocating 
 Small   0x00000000a8a00000 0x00000000a8c00000 0x00000000a8c00000 Y/7     Allocating 
 Small   0x00000000a8c00000 0x00000000a8e00000 0x00000000a8e00000 Y/7     Allocating 
 Small   0x00000000a8e00000 0x00000000a9000000 0x00000000a9000000 Y/7     Allocating 
 Small   0x00000000a9000000 0x00000000a9200000 0x00000000a9200000 Y/7     Allocating 
 Small   0x00000000a9200000 0x00000000a9400000 0x00000000a9400000 Y/7     Allocating 
 Small   0x00000000a9400000 0x00000000a9600000 0x00000000a9600000 Y/7     Allocating 
 Small   0x00000000a9600000 0x00000000a9800000 0x00000000a9800000 Y/7     Allocating 
 Small   0x00000000a9800000 0x00000000a9a00000 0x00000000a9a00000 Y/7     Allocating 
 Small   0x00000000a9a00000 0x00000000a9c00000 0x00000000a9c00000 Y/7     Allocating 
 Small   0x00000000a9c00000 0x00000000a9e00000 0x00000000a9e00000 Y/7     Allocating 
 Small   0x00000000a9e00000 0x00000000aa000000 0x00000000aa000000 Y/7     Allocating 
 Small   0x00000000aa000000 0x00000000aa200000 0x00000000aa200000 Y/7     Allocating 
 Small   0x00000000aa200000 0x00000000aa400000 0x00000000aa400000 Y/7     Allocating 
 Small   0x00000000aa400000 0x00000000aa600000 0x00000000aa600000 Y/7     Allocating 
 Small   0x00000000aa600000 0x00000000aa800000 0x00000000aa800000 Y/7     Allocating 
 Small   0x00000000aa800000 0x00000000aaa00000 0x00000000aaa00000 Y/7     Allocating 
 Small   0x00000000aaa00000 0x00000000aac00000 0x00000000aac00000 Y/7     Allocating 
 Small   0x00000000aac00000 0x00000000aae00000 0x00000000aae00000 Y/7     Allocating 
 Small   0x00000000aae00000 0x00000000ab000000 0x00000000ab000000 Y/7     Allocating 
 Small   0x00000000ab000000 0x00000000ab200000 0x00000000ab200000 Y/7     Allocating 
 Small   0x00000000ab200000 0x00000000ab400000 0x00000000ab400000 Y/7     Allocating 
 Small   0x00000000ab400000 0x00000000ab600000 0x00000000ab600000 Y/7     Allocating 
 Small   0x00000000ab600000 0x00000000ab800000 0x00000000ab800000 Y/7     Allocating 
 Small   0x00000000ab800000 0x00000000aba00000 0x00000000aba00000 Y/7     Allocating 
 Small   0x00000000aba00000 0x00000000abc00000 0x00000000abc00000 Y/7     Allocating 
 Small   0x00000000abc00000 0x00000000abe00000 0x00000000abe00000 Y/7     Allocating 
 Small   0x00000000abe00000 0x00000000ac000000 0x00000000ac000000 Y/7     Allocating 
 Small   0x00000000ac000000 0x00000000ac200000 0x00000000ac200000 Y/7     Allocating 
 Small   0x00000000ac200000 0x00000000ac400000 0x00000000ac400000 Y/7     Allocating 
 Small   0x00000000ac400000 0x00000000ac600000 0x00000000ac600000 Y/7     Allocating 
 Small   0x00000000ac600000 0x00000000ac800000 0x00000000ac800000 Y/7     Allocating 
 Small   0x00000000ac800000 0x00000000aca00000 0x00000000aca00000 Y/7     Allocating 
 Small   0x00000000aca00000 0x00000000acc00000 0x00000000acc00000 Y/7     Allocating 
 Small   0x00000000acc00000 0x00000000acdffff8 0x00000000ace00000 Y/7     Allocating 
 Small   0x00000000ace00000 0x00000000ad000000 0x00000000ad000000 Y/7     Allocating 
 Small   0x00000000ad000000 0x00000000ad200000 0x00000000ad200000 Y/7     Allocating 
 Small   0x00000000ad200000 0x00000000ad400000 0x00000000ad400000 Y/7     Allocating 
 Small   0x00000000ad400000 0x00000000ad5ffff8 0x00000000ad600000 Y/7     Allocating 
 Small   0x00000000ad600000 0x00000000ad800000 0x00000000ad800000 Y/7     Allocating 
 Small   0x00000000ad800000 0x00000000ada00000 0x00000000ada00000 Y/7     Allocating 
 Small   0x00000000ada00000 0x00000000adbffff0 0x00000000adc00000 Y/7     Allocating 
 Small   0x00000000adc00000 0x00000000ade00000 0x00000000ade00000 Y/7     Allocating 
 Small   0x00000000ade00000 0x00000000ae000000 0x00000000ae000000 Y/7     Allocating 
 Small   0x00000000ae000000 0x00000000ae200000 0x00000000ae200000 Y/7     Allocating 
 Small   0x00000000ae200000 0x00000000ae400000 0x00000000ae400000 Y/7     Allocating 
 Small   0x00000000ae400000 0x00000000ae600000 0x00000000ae600000 Y/7     Allocating 
 Small   0x00000000ae600000 0x00000000ae800000 0x00000000ae800000 Y/7     Allocating 
 Small   0x00000000ae800000 0x00000000aea00000 0x00000000aea00000 Y/7     Allocating 
 Small   0x00000000aea00000 0x00000000aec00000 0x00000000aec00000 Y/7     Allocating 
 Small   0x00000000aec00000 0x00000000aee00000 0x00000000aee00000 Y/7     Allocating 
 Small   0x00000000aee00000 0x00000000af000000 0x00000000af000000 Y/7     Allocating 
 Small   0x00000000af000000 0x00000000af200000 0x00000000af200000 Y/7     Allocating 
 Small   0x00000000af200000 0x00000000af400000 0x00000000af400000 Y/7     Allocating 
 Small   0x00000000af400000 0x00000000af600000 0x00000000af600000 Y/7     Allocating 
 Small   0x00000000af600000 0x00000000af800000 0x00000000af800000 Y/7     Allocating 
 Small   0x00000000af800000 0x00000000afa00000 0x00000000afa00000 Y/7     Allocating 
 Small   0x00000000afa00000 0x00000000afc00000 0x00000000afc00000 Y/7     Allocating 
 Small   0x00000000afc00000 0x00000000afe00000 0x00000000afe00000 Y/7     Allocating 
 Small   0x00000000afe00000 0x00000000b0000000 0x00000000b0000000 Y/7     Allocating 
 Small   0x00000000b0000000 0x00000000b0200000 0x00000000b0200000 Y/7     Allocating 
 Small   0x00000000b0200000 0x00000000b0400000 0x00000000b0400000 Y/7     Allocating 
 Small   0x00000000b0400000 0x00000000b0600000 0x00000000b0600000 Y/7     Allocating 
 Small   0x00000000b0600000 0x00000000b0800000 0x00000000b0800000 Y/7     Allocating 
 Small   0x00000000b0800000 0x00000000b0a00000 0x00000000b0a00000 Y/7     Allocating 
 Small   0x00000000b0a00000 0x00000000b0c00000 0x00000000b0c00000 Y/7     Allocating 
 Small   0x00000000b0c00000 0x00000000b0e00000 0x00000000b0e00000 Y/7     Allocating 
 Small   0x00000000b0e00000 0x00000000b1000000 0x00000000b1000000 Y/7     Allocating 
 Small   0x00000000b1000000 0x00000000b1200000 0x00000000b1200000 Y/7     Allocating 
 Small   0x00000000b1200000 0x00000000b1400000 0x00000000b1400000 Y/7     Allocating 
 Small   0x00000000b1400000 0x00000000b1600000 0x00000000b1600000 Y/7     Allocating 
 Small   0x00000000b1600000 0x00000000b1800000 0x00000000b1800000 Y/7     Allocating 
 Small   0x00000000b1800000 0x00000000b1a00000 0x00000000b1a00000 Y/7     Allocating 
 Small   0x00000000b1a00000 0x00000000b1c00000 0x00000000b1c00000 Y/7     Allocating 
 Small   0x00000000b1c00000 0x00000000b1e00000 0x00000000b1e00000 Y/7     Allocating 
 Small   0x00000000b1e00000 0x00000000b2000000 0x00000000b2000000 Y/7     Allocating 
 Small   0x00000000b2000000 0x00000000b2200000 0x00000000b2200000 Y/7     Allocating 
 Small   0x00000000b2200000 0x00000000b2400000 0x00000000b2400000 Y/7     Allocating 
 Small   0x00000000b2400000 0x00000000b2600000 0x00000000b2600000 Y/7     Allocating 
 Small   0x00000000b2600000 0x00000000b2800000 0x00000000b2800000 Y/7     Allocating 
 Small   0x00000000b2800000 0x00000000b2a00000 0x00000000b2a00000 Y/7     Allocating 
 Small   0x00000000b2a00000 0x00000000b2c00000 0x00000000b2c00000 Y/7     Allocating 
 Small   0x00000000b2c00000 0x00000000b2e00000 0x00000000b2e00000 Y/7     Allocating 
 Small   0x00000000b2e00000 0x00000000b3000000 0x00000000b3000000 Y/7     Allocating 
 Small   0x00000000b3000000 0x00000000b3200000 0x00000000b3200000 Y/7     Allocating 
 Small   0x00000000b3200000 0x00000000b3400000 0x00000000b3400000 Y/7     Allocating 
 Small   0x00000000b3400000 0x00000000b3600000 0x00000000b3600000 Y/7     Allocating 
 Small   0x00000000b3600000 0x00000000b3800000 0x00000000b3800000 Y/7     Allocating 
 Small   0x00000000b3800000 0x00000000b3a00000 0x00000000b3a00000 Y/7     Allocating 
 Small   0x00000000b3a00000 0x00000000b3c00000 0x00000000b3c00000 Y/7     Allocating 
 Small   0x00000000b3c00000 0x00000000b3e00000 0x00000000b3e00000 Y/7     Allocating 
 Small   0x00000000b3e00000 0x00000000b4000000 0x00000000b4000000 Y/7     Allocating 
 Small   0x00000000b4000000 0x00000000b4200000 0x00000000b4200000 Y/7     Allocating 
 Small   0x00000000b4200000 0x00000000b4400000 0x00000000b4400000 Y/7     Allocating 
 Small   0x00000000b4400000 0x00000000b4600000 0x00000000b4600000 Y/7     Allocating 
 Small   0x00000000b4600000 0x00000000b4800000 0x00000000b4800000 Y/7     Allocating 
 Small   0x00000000b4800000 0x00000000b4a00000 0x00000000b4a00000 Y/7     Allocating 
 Small   0x00000000b4a00000 0x00000000b4c00000 0x00000000b4c00000 Y/7     Allocating 
 Small   0x00000000b4c00000 0x00000000b4e00000 0x00000000b4e00000 Y/7     Allocating 
 Small   0x00000000b4e00000 0x00000000b5000000 0x00000000b5000000 Y/7     Allocating 
 Small   0x00000000b5000000 0x00000000b5200000 0x00000000b5200000 Y/7     Allocating 
 Small   0x00000000b5200000 0x00000000b5400000 0x00000000b5400000 Y/7     Allocating 
 Small   0x00000000b5400000 0x00000000b5600000 0x00000000b5600000 Y/7     Allocating 
 Small   0x00000000b5600000 0x00000000b5800000 0x00000000b5800000 Y/7     Allocating 
 Small   0x00000000b5800000 0x00000000b5a00000 0x00000000b5a00000 Y/7     Allocating 
 Small   0x00000000b5a00000 0x00000000b5c00000 0x00000000b5c00000 Y/7     Allocating 
 Small   0x00000000b5c00000 0x00000000b5dfffa0 0x00000000b5e00000 Y/7     Allocating 
 Small   0x00000000b5e00000 0x00000000b6000000 0x00000000b6000000 Y/7     Allocating 
 Small   0x00000000b6000000 0x00000000b6200000 0x00000000b6200000 Y/7     Allocating 
 Small   0x00000000b6200000 0x00000000b6400000 0x00000000b6400000 Y/7     Allocating 
 Small   0x00000000b6400000 0x00000000b6600000 0x00000000b6600000 Y/7     Allocating 
 Small   0x00000000b6600000 0x00000000b6800000 0x00000000b6800000 Y/7     Allocating 
 Small   0x00000000b6800000 0x00000000b6a00000 0x00000000b6a00000 Y/7     Allocating 
 Small   0x00000000b6a00000 0x00000000b6c00000 0x00000000b6c00000 Y/7     Allocating 
 Small   0x00000000b6c00000 0x00000000b6e00000 0x00000000b6e00000 Y/7     Allocating 
 Small   0x00000000b6e00000 0x00000000b7000000 0x00000000b7000000 Y/7     Allocating 
 Small   0x00000000b7000000 0x00000000b7200000 0x00000000b7200000 Y/7     Allocating 
 Small   0x00000000b7200000 0x00000000b7400000 0x00000000b7400000 Y/7     Allocating 
 Small   0x00000000b7400000 0x00000000b7600000 0x00000000b7600000 Y/7     Allocating 
 Small   0x00000000b7600000 0x00000000b7800000 0x00000000b7800000 Y/7     Allocating 
 Small   0x00000000b7800000 0x00000000b7a00000 0x00000000b7a00000 Y/7     Allocating 
 Small   0x00000000b7a00000 0x00000000b7c00000 0x00000000b7c00000 Y/7     Allocating 
 Small   0x00000000b7c00000 0x00000000b7e00000 0x00000000b7e00000 Y/7     Allocating 
 Small   0x00000000b7e00000 0x00000000b8000000 0x00000000b8000000 Y/7     Allocating 
 Small   0x00000000b8000000 0x00000000b81ffff8 0x00000000b8200000 Y/7     Allocating 
 Small   0x00000000b8200000 0x00000000b8400000 0x00000000b8400000 Y/7     Allocating 
 Small   0x00000000b8400000 0x00000000b8600000 0x00000000b8600000 Y/7     Allocating 
 Small   0x00000000b8600000 0x00000000b8800000 0x00000000b8800000 Y/7     Allocating 
 Small   0x00000000b8800000 0x00000000b8a00000 0x00000000b8a00000 Y/7     Allocating 
 Small   0x00000000b8a00000 0x00000000b8c00000 0x00000000b8c00000 Y/7     Allocating 
 Small   0x00000000b8c00000 0x00000000b8e00000 0x00000000b8e00000 Y/7     Allocating 
 Small   0x00000000b8e00000 0x00000000b9000000 0x00000000b9000000 Y/7     Allocating 
 Small   0x00000000b9000000 0x00000000b9200000 0x00000000b9200000 Y/7     Allocating 
 Small   0x00000000b9200000 0x00000000b9400000 0x00000000b9400000 Y/7     Allocating 
 Small   0x00000000b9400000 0x00000000b9600000 0x00000000b9600000 Y/7     Allocating 
 Small   0x00000000b9600000 0x00000000b9800000 0x00000000b9800000 Y/7     Allocating 
 Small   0x00000000b9800000 0x00000000b99ffff0 0x00000000b9a00000 Y/7     Allocating 
 Small   0x00000000b9a00000 0x00000000b9c00000 0x00000000b9c00000 Y/7     Allocating 
 Small   0x00000000b9c00000 0x00000000b9e00000 0x00000000b9e00000 Y/7     Allocating 
 Small   0x00000000b9e00000 0x00000000ba000000 0x00000000ba000000 Y/7     Allocating 
 Small   0x00000000ba000000 0x00000000ba200000 0x00000000ba200000 Y/7     Allocating 
 Small   0x00000000ba200000 0x00000000ba400000 0x00000000ba400000 Y/7     Allocating 
 Small   0x00000000ba400000 0x00000000ba600000 0x00000000ba600000 Y/7     Allocating 
 Small   0x00000000ba600000 0x00000000ba800000 0x00000000ba800000 Y/7     Allocating 
 Small   0x00000000ba800000 0x00000000baa00000 0x00000000baa00000 Y/7     Allocating 
 Small   0x00000000baa00000 0x00000000bac00000 0x00000000bac00000 Y/7     Allocating 
 Small   0x00000000bac00000 0x00000000bae00000 0x00000000bae00000 Y/7     Allocating 
 Small   0x00000000bae00000 0x00000000bb000000 0x00000000bb000000 Y/7     Allocating 
 Small   0x00000000bb000000 0x00000000bb200000 0x00000000bb200000 Y/7     Allocating 
 Small   0x00000000bb200000 0x00000000bb400000 0x00000000bb400000 Y/7     Allocating 
 Small   0x00000000bb400000 0x00000000bb600000 0x00000000bb600000 Y/7     Allocating 
 Small   0x00000000bb600000 0x00000000bb800000 0x00000000bb800000 Y/7     Allocating 
 Small   0x00000000bb800000 0x00000000bba00000 0x00000000bba00000 Y/7     Allocating 
 Small   0x00000000bba00000 0x00000000bbc00000 0x00000000bbc00000 Y/7     Allocating 
 Small   0x00000000bbc00000 0x00000000bbe00000 0x00000000bbe00000 Y/7     Allocating 
 Small   0x00000000bbe00000 0x00000000bc000000 0x00000000bc000000 Y/7     Allocating 
 Small   0x00000000bc000000 0x00000000bc200000 0x00000000bc200000 Y/7     Allocating 
 Small   0x00000000bc200000 0x00000000bc400000 0x00000000bc400000 Y/7     Allocating 
 Small   0x00000000bc400000 0x00000000bc600000 0x00000000bc600000 Y/7     Allocating 
 Small   0x00000000bc600000 0x00000000bc800000 0x00000000bc800000 Y/7     Allocating 
 Small   0x00000000bc800000 0x00000000bca00000 0x00000000bca00000 Y/7     Allocating 
 Small   0x00000000bca00000 0x00000000bcc00000 0x00000000bcc00000 Y/7     Allocating 
 Small   0x00000000bcc00000 0x00000000bce00000 0x00000000bce00000 Y/7     Allocating 
 Small   0x00000000bce00000 0x00000000bd000000 0x00000000bd000000 Y/7     Allocating 
 Small   0x00000000bd000000 0x00000000bd200000 0x00000000bd200000 Y/7     Allocating 
 Small   0x00000000bd200000 0x00000000bd400000 0x00000000bd400000 Y/7     Allocating 
 Small   0x00000000bd400000 0x00000000bd600000 0x00000000bd600000 Y/7     Allocating 
 Small   0x00000000bd600000 0x00000000bd800000 0x00000000bd800000 Y/7     Allocating 
 Small   0x00000000bd800000 0x00000000bda00000 0x00000000bda00000 Y/7     Allocating 
 Small   0x00000000bda00000 0x00000000bdb63280 0x00000000bdc00000 Y/7     Allocating 
 Small   0x00000000bdc00000 0x00000000bde00000 0x00000000bde00000 Y/7     Allocating 
 Small   0x00000000bde00000 0x00000000be000000 0x00000000be000000 Y/7     Allocating 
 Small   0x00000000be000000 0x00000000be200000 0x00000000be200000 Y/7     Allocating 
 Small   0x00000000be200000 0x00000000be400000 0x00000000be400000 Y/7     Allocating 
 Small   0x00000000be400000 0x00000000be600000 0x00000000be600000 Y/7     Allocating 
 Small   0x00000000be600000 0x00000000be800000 0x00000000be800000 Y/7     Allocating 
 Small   0x00000000be800000 0x00000000bea00000 0x00000000bea00000 Y/7     Allocating 
 Small   0x00000000bea00000 0x00000000bec00000 0x00000000bec00000 Y/7     Allocating 
 Small   0x00000000bec00000 0x00000000bee00000 0x00000000bee00000 Y/7     Allocating 
 Small   0x00000000bee00000 0x00000000bf000000 0x00000000bf000000 Y/7     Allocating 
 Small   0x00000000bf000000 0x00000000bf1fffe0 0x00000000bf200000 Y/7     Allocating 
 Small   0x00000000bf200000 0x00000000bf400000 0x00000000bf400000 Y/7     Allocating 
 Small   0x00000000bf400000 0x00000000bf600000 0x00000000bf600000 Y/7     Allocating 
 Small   0x00000000bf600000 0x00000000bf800000 0x00000000bf800000 Y/7     Allocating 
 Small   0x00000000bf800000 0x00000000bfa00000 0x00000000bfa00000 Y/7     Allocating 
 Small   0x00000000bfa00000 0x00000000bfc00000 0x00000000bfc00000 Y/7     Allocating 
 Small   0x00000000bfc00000 0x00000000bfe00000 0x00000000bfe00000 Y/7     Allocating 
 Small   0x00000000bfe00000 0x00000000c0000000 0x00000000c0000000 Y/7     Allocating 
 Small   0x00000000c0000000 0x00000000c0200000 0x00000000c0200000 Y/7     Allocating 
 Small   0x00000000c0200000 0x00000000c0400000 0x00000000c0400000 Y/7     Allocating 
 Small   0x00000000c0400000 0x00000000c0600000 0x00000000c0600000 Y/7     Allocating 
 Small   0x00000000c0600000 0x00000000c0800000 0x00000000c0800000 Y/7     Allocating 
 Small   0x00000000c0800000 0x00000000c0a00000 0x00000000c0a00000 Y/7     Allocating 
 Small   0x00000000c0a00000 0x00000000c0c00000 0x00000000c0c00000 Y/7     Allocating 
 Small   0x00000000c0c00000 0x00000000c0e00000 0x00000000c0e00000 Y/7     Allocating 
 Small   0x00000000c0e00000 0x00000000c1000000 0x00000000c1000000 Y/7     Allocating 
 Small   0x00000000c1000000 0x00000000c1200000 0x00000000c1200000 Y/7     Allocating 
 Small   0x00000000c1200000 0x00000000c1400000 0x00000000c1400000 Y/7     Allocating 
 Small   0x00000000c1400000 0x00000000c1600000 0x00000000c1600000 Y/7     Allocating 
 Small   0x00000000c1600000 0x00000000c1800000 0x00000000c1800000 Y/7     Allocating 
 Small   0x00000000c1800000 0x00000000c1a00000 0x00000000c1a00000 Y/7     Allocating 
 Small   0x00000000c1a00000 0x00000000c1c00000 0x00000000c1c00000 Y/7     Allocating 
 Small   0x00000000c1c00000 0x00000000c1e00000 0x00000000c1e00000 Y/7     Allocating 
 Small   0x00000000c1e00000 0x00000000c2000000 0x00000000c2000000 Y/7     Allocating 
 Small   0x00000000c2000000 0x00000000c2200000 0x00000000c2200000 Y/7     Allocating 
 Small   0x00000000c2200000 0x00000000c2400000 0x00000000c2400000 Y/7     Allocating 
 Small   0x00000000c2400000 0x00000000c2600000 0x00000000c2600000 Y/7     Allocating 
 Small   0x00000000c2600000 0x00000000c2800000 0x00000000c2800000 Y/7     Allocating 
 Small   0x00000000c2800000 0x00000000c29fffe8 0x00000000c2a00000 Y/7     Allocating 
 Small   0x00000000c2a00000 0x00000000c2c00000 0x00000000c2c00000 Y/7     Allocating 
 Small   0x00000000c2c00000 0x00000000c2e00000 0x00000000c2e00000 Y/7     Allocating 
 Small   0x00000000c2e00000 0x00000000c3000000 0x00000000c3000000 Y/7     Allocating 
 Small   0x00000000c3000000 0x00000000c3200000 0x00000000c3200000 Y/7     Allocating 
 Small   0x00000000c3200000 0x00000000c3400000 0x00000000c3400000 Y/7     Allocating 
 Small   0x00000000c3400000 0x00000000c3600000 0x00000000c3600000 Y/7     Allocating 
 Small   0x00000000c3600000 0x00000000c3800000 0x00000000c3800000 Y/7     Allocating 
 Small   0x00000000c3800000 0x00000000c3a00000 0x00000000c3a00000 Y/7     Allocating 
 Small   0x00000000c3a00000 0x00000000c3c00000 0x00000000c3c00000 Y/7     Allocating 
 Small   0x00000000c3c00000 0x00000000c3e00000 0x00000000c3e00000 Y/7     Allocating 
 Small   0x00000000c3e00000 0x00000000c4000000 0x00000000c4000000 Y/7     Allocating 
 Small   0x00000000c4000000 0x00000000c4200000 0x00000000c4200000 Y/7     Allocating 
 Small   0x00000000c4200000 0x00000000c4400000 0x00000000c4400000 Y/7     Allocating 
 Small   0x00000000c4400000 0x00000000c4600000 0x00000000c4600000 Y/7     Allocating 
 Small   0x00000000c4600000 0x00000000c4800000 0x00000000c4800000 Y/7     Allocating 
 Small   0x00000000c4800000 0x00000000c4a00000 0x00000000c4a00000 Y/7     Allocating 
 Small   0x00000000c4a00000 0x00000000c4c00000 0x00000000c4c00000 Y/7     Allocating 
 Small   0x00000000c4c00000 0x00000000c4e00000 0x00000000c4e00000 Y/7     Allocating 
 Small   0x00000000c4e00000 0x00000000c5000000 0x00000000c5000000 Y/7     Allocating 
 Small   0x00000000c5000000 0x00000000c5200000 0x00000000c5200000 Y/7     Allocating 
 Small   0x00000000c5200000 0x00000000c5400000 0x00000000c5400000 Y/7     Allocating 
 Small   0x00000000c5400000 0x00000000c5600000 0x00000000c5600000 Y/7     Allocating 
 Small   0x00000000c5600000 0x00000000c5800000 0x00000000c5800000 Y/7     Allocating 
 Small   0x00000000c5800000 0x00000000c5a00000 0x00000000c5a00000 Y/7     Allocating 
 Small   0x00000000c5a00000 0x00000000c5c00000 0x00000000c5c00000 Y/7     Allocating 
 Small   0x00000000c5c00000 0x00000000c5e00000 0x00000000c5e00000 Y/7     Allocating 
 Small   0x00000000c5e00000 0x00000000c6000000 0x00000000c6000000 Y/7     Allocating 
 Small   0x00000000c6000000 0x00000000c6200000 0x00000000c6200000 Y/7     Allocating 
 Small   0x00000000c6200000 0x00000000c6400000 0x00000000c6400000 Y/7     Allocating 
 Small   0x00000000c6400000 0x00000000c6600000 0x00000000c6600000 Y/7     Allocating 
 Small   0x00000000c6600000 0x00000000c6800000 0x00000000c6800000 Y/7     Allocating 
 Small   0x00000000c6800000 0x00000000c6a00000 0x00000000c6a00000 Y/7     Allocating 
 Small   0x00000000c6a00000 0x00000000c6c00000 0x00000000c6c00000 Y/7     Allocating 
 Small   0x00000000c6c00000 0x00000000c6e00000 0x00000000c6e00000 Y/7     Allocating 
 Small   0x00000000c6e00000 0x00000000c7000000 0x00000000c7000000 Y/7     Allocating 
 Small   0x00000000c7000000 0x00000000c7200000 0x00000000c7200000 Y/7     Allocating 
 Small   0x00000000c7200000 0x00000000c7400000 0x00000000c7400000 Y/7     Allocating 
 Small   0x00000000c7400000 0x00000000c7600000 0x00000000c7600000 Y/7     Allocating 
 Small   0x00000000c7600000 0x00000000c7800000 0x00000000c7800000 Y/7     Allocating 
 Small   0x00000000c7800000 0x00000000c7a00000 0x00000000c7a00000 Y/7     Allocating 
 Small   0x00000000c7a00000 0x00000000c7c00000 0x00000000c7c00000 Y/7     Allocating 
 Small   0x00000000c7c00000 0x00000000c7e00000 0x00000000c7e00000 Y/7     Allocating 
 Small   0x00000000c7e00000 0x00000000c8000000 0x00000000c8000000 Y/7     Allocating 
 Small   0x00000000c8000000 0x00000000c8200000 0x00000000c8200000 Y/7     Allocating 
 Small   0x00000000c8200000 0x00000000c8400000 0x00000000c8400000 Y/7     Allocating 
 Small   0x00000000c8400000 0x00000000c8600000 0x00000000c8600000 Y/7     Allocating 
 Small   0x00000000c8600000 0x00000000c8800000 0x00000000c8800000 Y/7     Allocating 
 Small   0x00000000c8800000 0x00000000c8a00000 0x00000000c8a00000 Y/7     Allocating 
 Small   0x00000000c8a00000 0x00000000c8c00000 0x00000000c8c00000 Y/7     Allocating 
 Small   0x00000000c8c00000 0x00000000c8e00000 0x00000000c8e00000 Y/7     Allocating 
 Small   0x00000000c8e00000 0x00000000c9000000 0x00000000c9000000 Y/7     Allocating 
 Small   0x00000000c9000000 0x00000000c9200000 0x00000000c9200000 Y/7     Allocating 
 Small   0x00000000c9200000 0x00000000c9400000 0x00000000c9400000 Y/7     Allocating 
 Small   0x00000000c9400000 0x00000000c9600000 0x00000000c9600000 Y/7     Allocating 
 Small   0x00000000c9600000 0x00000000c9800000 0x00000000c9800000 Y/7     Allocating 
 Small   0x00000000c9800000 0x00000000c9a00000 0x00000000c9a00000 Y/7     Allocating 
 Small   0x00000000c9a00000 0x00000000c9c00000 0x00000000c9c00000 Y/7     Allocating 
 Small   0x00000000c9c00000 0x00000000c9e00000 0x00000000c9e00000 Y/7     Allocating 
 Small   0x00000000c9e00000 0x00000000ca000000 0x00000000ca000000 Y/7     Allocating 
 Small   0x00000000ca000000 0x00000000ca200000 0x00000000ca200000 Y/7     Allocating 
 Small   0x00000000ca200000 0x00000000ca400000 0x00000000ca400000 Y/7     Allocating 
 Small   0x00000000ca400000 0x00000000ca600000 0x00000000ca600000 Y/7     Allocating 
 Small   0x00000000ca600000 0x00000000ca800000 0x00000000ca800000 Y/7     Allocating 
 Small   0x00000000ca800000 0x00000000caa00000 0x00000000caa00000 Y/7     Allocating 
 Small   0x00000000caa00000 0x00000000cac00000 0x00000000cac00000 Y/7     Allocating 
 Small   0x00000000cac00000 0x00000000cae00000 0x00000000cae00000 Y/7     Allocating 
 Small   0x00000000cae00000 0x00000000cb000000 0x00000000cb000000 Y/7     Allocating 
 Small   0x00000000cb000000 0x00000000cb200000 0x00000000cb200000 Y/7     Allocating 
 Small   0x00000000cb200000 0x00000000cb400000 0x00000000cb400000 Y/7     Allocating 
 Small   0x00000000cb400000 0x00000000cb600000 0x00000000cb600000 Y/7     Allocating 
 Small   0x00000000cb600000 0x00000000cb800000 0x00000000cb800000 Y/7     Allocating 
 Small   0x00000000cb800000 0x00000000cba00000 0x00000000cba00000 Y/7     Allocating 
 Small   0x00000000cba00000 0x00000000cbc00000 0x00000000cbc00000 Y/7     Allocating 
 Small   0x00000000cbc00000 0x00000000cbe00000 0x00000000cbe00000 Y/7     Allocating 
 Small   0x00000000cbe00000 0x00000000cc000000 0x00000000cc000000 Y/7     Allocating 
 Small   0x00000000cc000000 0x00000000cc200000 0x00000000cc200000 Y/7     Allocating 
 Small   0x00000000cc200000 0x00000000cc400000 0x00000000cc400000 Y/7     Allocating 
 Small   0x00000000cc400000 0x00000000cc600000 0x00000000cc600000 Y/7     Allocating 
 Small   0x00000000cc600000 0x00000000cc800000 0x00000000cc800000 Y/7     Allocating 
 Small   0x00000000cc800000 0x00000000cca00000 0x00000000cca00000 Y/7     Allocating 
 Small   0x00000000cca00000 0x00000000ccc00000 0x00000000ccc00000 Y/7     Allocating 
 Small   0x00000000ccc00000 0x00000000cce00000 0x00000000cce00000 Y/7     Allocating 
 Small   0x00000000cce00000 0x00000000cd000000 0x00000000cd000000 Y/7     Allocating 
 Small   0x00000000cd000000 0x00000000cd200000 0x00000000cd200000 Y/7     Allocating 
 Small   0x00000000cd200000 0x00000000cd400000 0x00000000cd400000 Y/7     Allocating 
 Small   0x00000000cd400000 0x00000000cd600000 0x00000000cd600000 Y/7     Allocating 
 Small   0x00000000cd600000 0x00000000cd800000 0x00000000cd800000 Y/7     Allocating 
 Small   0x00000000cd800000 0x00000000cda00000 0x00000000cda00000 Y/7     Allocating 
 Small   0x00000000cda00000 0x00000000cdc00000 0x00000000cdc00000 Y/7     Allocating 
 Small   0x00000000cdc00000 0x00000000cde00000 0x00000000cde00000 Y/7     Allocating 
 Small   0x00000000cde00000 0x00000000ce000000 0x00000000ce000000 Y/7     Allocating 
 Small   0x00000000ce000000 0x00000000ce200000 0x00000000ce200000 Y/7     Allocating 
 Small   0x00000000ce200000 0x00000000ce400000 0x00000000ce400000 Y/7     Allocating 
 Small   0x00000000ce400000 0x00000000ce600000 0x00000000ce600000 Y/7     Allocating 
 Small   0x00000000ce600000 0x00000000ce800000 0x00000000ce800000 Y/7     Allocating 
 Small   0x00000000ce800000 0x00000000cea00000 0x00000000cea00000 Y/7     Allocating 
 Small   0x00000000cea00000 0x00000000cec00000 0x00000000cec00000 Y/7     Allocating 
 Small   0x00000000cec00000 0x00000000cee00000 0x00000000cee00000 Y/7     Allocating 
 Small   0x00000000cee00000 0x00000000cf000000 0x00000000cf000000 Y/7     Allocating 
 Small   0x00000000cf000000 0x00000000cf200000 0x00000000cf200000 Y/7     Allocating 
 Small   0x00000000cf200000 0x00000000cf400000 0x00000000cf400000 Y/7     Allocating 
 Small   0x00000000cf400000 0x00000000cf600000 0x00000000cf600000 Y/7     Allocating 
 Small   0x00000000cf600000 0x00000000cf800000 0x00000000cf800000 Y/7     Allocating 
 Small   0x00000000cf800000 0x00000000cfa00000 0x00000000cfa00000 Y/7     Allocating 
 Small   0x00000000cfa00000 0x00000000cfc00000 0x00000000cfc00000 Y/7     Allocating 
 Small   0x00000000cfc00000 0x00000000cfe00000 0x00000000cfe00000 Y/7     Allocating 
 Small   0x00000000cfe00000 0x00000000d0000000 0x00000000d0000000 Y/7     Allocating 
 Small   0x00000000d0000000 0x00000000d0200000 0x00000000d0200000 Y/7     Allocating 
 Small   0x00000000d0200000 0x00000000d0400000 0x00000000d0400000 Y/7     Allocating 
 Small   0x00000000d0400000 0x00000000d0600000 0x00000000d0600000 Y/7     Allocating 
 Small   0x00000000d0600000 0x00000000d0800000 0x00000000d0800000 Y/7     Allocating 
 Small   0x00000000d0800000 0x00000000d0a00000 0x00000000d0a00000 Y/7     Allocating 
 Small   0x00000000d0a00000 0x00000000d0c00000 0x00000000d0c00000 Y/7     Allocating 
 Small   0x00000000d0c00000 0x00000000d0e00000 0x00000000d0e00000 Y/7     Allocating 
 Small   0x00000000d0e00000 0x00000000d1000000 0x00000000d1000000 Y/7     Allocating 
 Small   0x00000000d1000000 0x00000000d1200000 0x00000000d1200000 Y/7     Allocating 
 Small   0x00000000d1200000 0x00000000d1400000 0x00000000d1400000 Y/7     Allocating 
 Small   0x00000000d1400000 0x00000000d1600000 0x00000000d1600000 Y/7     Allocating 
 Small   0x00000000d1600000 0x00000000d1800000 0x00000000d1800000 Y/7     Allocating 
 Small   0x00000000d1800000 0x00000000d1a00000 0x00000000d1a00000 Y/7     Allocating 
 Small   0x00000000d1a00000 0x00000000d1c00000 0x00000000d1c00000 Y/7     Allocating 
 Small   0x00000000d1c00000 0x00000000d1e00000 0x00000000d1e00000 Y/7     Allocating 
 Small   0x00000000d1e00000 0x00000000d2000000 0x00000000d2000000 Y/7     Allocating 
 Small   0x00000000d2000000 0x00000000d2200000 0x00000000d2200000 Y/7     Allocating 
 Small   0x00000000d2200000 0x00000000d2400000 0x00000000d2400000 Y/7     Allocating 
 Small   0x00000000d2400000 0x00000000d2600000 0x00000000d2600000 Y/7     Allocating 
 Small   0x00000000d2600000 0x00000000d2800000 0x00000000d2800000 Y/7     Allocating 
 Small   0x00000000d2800000 0x00000000d2a00000 0x00000000d2a00000 Y/7     Allocating 
 Small   0x00000000d2a00000 0x00000000d2c00000 0x00000000d2c00000 Y/7     Allocating 
 Small   0x00000000d2c00000 0x00000000d2e00000 0x00000000d2e00000 Y/7     Allocating 
 Small   0x00000000d2e00000 0x00000000d3000000 0x00000000d3000000 Y/7     Allocating 
 Small   0x00000000d3000000 0x00000000d3200000 0x00000000d3200000 Y/7     Allocating 
 Small   0x00000000d3200000 0x00000000d3400000 0x00000000d3400000 Y/7     Allocating 
 Small   0x00000000d3400000 0x00000000d3600000 0x00000000d3600000 Y/7     Allocating 
 Small   0x00000000d3600000 0x00000000d3800000 0x00000000d3800000 Y/7     Allocating 
 Small   0x00000000d3800000 0x00000000d3a00000 0x00000000d3a00000 Y/7     Allocating 
 Small   0x00000000d3a00000 0x00000000d3c00000 0x00000000d3c00000 Y/7     Allocating 
 Small   0x00000000d3c00000 0x00000000d3e00000 0x00000000d3e00000 Y/7     Allocating 
 Small   0x00000000d3e00000 0x00000000d4000000 0x00000000d4000000 Y/7     Allocating 
 Small   0x00000000d4000000 0x00000000d4200000 0x00000000d4200000 Y/7     Allocating 
 Small   0x00000000d4200000 0x00000000d4400000 0x00000000d4400000 Y/7     Allocating 
 Small   0x00000000d4400000 0x00000000d4600000 0x00000000d4600000 Y/7     Allocating 
 Small   0x00000000d4600000 0x00000000d4800000 0x00000000d4800000 Y/7     Allocating 
 Small   0x00000000d4800000 0x00000000d4a00000 0x00000000d4a00000 Y/7     Allocating 
 Small   0x00000000d4a00000 0x00000000d4c00000 0x00000000d4c00000 Y/7     Allocating 
 Small   0x00000000d4c00000 0x00000000d4e00000 0x00000000d4e00000 Y/7     Allocating 
 Small   0x00000000d4e00000 0x00000000d5000000 0x00000000d5000000 Y/7     Allocating 
 Small   0x00000000d5000000 0x00000000d5200000 0x00000000d5200000 Y/7     Allocating 
 Small   0x00000000d5200000 0x00000000d5400000 0x00000000d5400000 Y/7     Allocating 
 Small   0x00000000d5400000 0x00000000d5600000 0x00000000d5600000 Y/7     Allocating 
 Small   0x00000000d5600000 0x00000000d5800000 0x00000000d5800000 Y/7     Allocating 
 Small   0x00000000d5800000 0x00000000d5a00000 0x00000000d5a00000 Y/7     Allocating 
 Small   0x00000000d5a00000 0x00000000d5c00000 0x00000000d5c00000 Y/7     Allocating 
 Small   0x00000000d5c00000 0x00000000d5e00000 0x00000000d5e00000 Y/7     Allocating 
 Small   0x00000000d5e00000 0x00000000d6000000 0x00000000d6000000 Y/7     Allocating 
 Small   0x00000000d6000000 0x00000000d6200000 0x00000000d6200000 Y/7     Allocating 
 Small   0x00000000d6200000 0x00000000d6400000 0x00000000d6400000 Y/7     Allocating 
 Small   0x00000000d6400000 0x00000000d6600000 0x00000000d6600000 Y/7     Allocating 
 Small   0x00000000d6600000 0x00000000d6800000 0x00000000d6800000 Y/7     Allocating 
 Small   0x00000000d6800000 0x00000000d6a00000 0x00000000d6a00000 Y/7     Allocating 
 Small   0x00000000d6a00000 0x00000000d6c00000 0x00000000d6c00000 Y/7     Allocating 
 Small   0x00000000d6c00000 0x00000000d6e00000 0x00000000d6e00000 Y/7     Allocating 
 Small   0x00000000d6e00000 0x00000000d7000000 0x00000000d7000000 Y/7     Allocating 
 Small   0x00000000d7000000 0x00000000d7200000 0x00000000d7200000 Y/7     Allocating 
 Small   0x00000000d7200000 0x00000000d7400000 0x00000000d7400000 Y/7     Allocating 
 Small   0x00000000d7400000 0x00000000d7600000 0x00000000d7600000 Y/7     Allocating 
 Small   0x00000000d7600000 0x00000000d7800000 0x00000000d7800000 Y/7     Allocating 
 Small   0x00000000d7800000 0x00000000d7a00000 0x00000000d7a00000 Y/7     Allocating 
 Small   0x00000000d7a00000 0x00000000d7c00000 0x00000000d7c00000 Y/7     Allocating 
 Small   0x00000000d7c00000 0x00000000d7e00000 0x00000000d7e00000 Y/7     Allocating 
 Small   0x00000000d7e00000 0x00000000d8000000 0x00000000d8000000 Y/7     Allocating 
 Small   0x00000000d8000000 0x00000000d8200000 0x00000000d8200000 Y/7     Allocating 
 Small   0x00000000d8200000 0x00000000d8400000 0x00000000d8400000 Y/7     Allocating 
 Small   0x00000000d8400000 0x00000000d8600000 0x00000000d8600000 Y/7     Allocating 
 Small   0x00000000d8600000 0x00000000d8800000 0x00000000d8800000 Y/7     Allocating 
 Small   0x00000000d8800000 0x00000000d8a00000 0x00000000d8a00000 Y/7     Allocating 
 Small   0x00000000d8a00000 0x00000000d8c00000 0x00000000d8c00000 Y/7     Allocating 
 Small   0x00000000d8c00000 0x00000000d8e00000 0x00000000d8e00000 Y/7     Allocating 
 Small   0x00000000d8e00000 0x00000000d9000000 0x00000000d9000000 Y/7     Allocating 
 Small   0x00000000d9000000 0x00000000d9200000 0x00000000d9200000 Y/7     Allocating 
 Small   0x00000000d9200000 0x00000000d9400000 0x00000000d9400000 Y/7     Allocating 
 Small   0x00000000d9400000 0x00000000d9600000 0x00000000d9600000 Y/7     Allocating 
 Small   0x00000000d9600000 0x00000000d9800000 0x00000000d9800000 Y/7     Allocating 
 Small   0x00000000d9800000 0x00000000d9a00000 0x00000000d9a00000 Y/7     Allocating 
 Small   0x00000000d9a00000 0x00000000d9c00000 0x00000000d9c00000 Y/7     Allocating 
 Small   0x00000000d9c00000 0x00000000d9e00000 0x00000000d9e00000 Y/7     Allocating 
 Small   0x00000000d9e00000 0x00000000da000000 0x00000000da000000 Y/7     Allocating 
 Small   0x00000000da000000 0x00000000da200000 0x00000000da200000 Y/7     Allocating 
 Small   0x00000000da200000 0x00000000da400000 0x00000000da400000 Y/7     Allocating 
 Small   0x00000000da400000 0x00000000da600000 0x00000000da600000 Y/7     Allocating 
 Small   0x00000000da600000 0x00000000da800000 0x00000000da800000 Y/7     Allocating 
 Small   0x00000000da800000 0x00000000daa00000 0x00000000daa00000 Y/7     Allocating 
 Small   0x00000000daa00000 0x00000000dac00000 0x00000000dac00000 Y/7     Allocating 
 Small   0x00000000dac00000 0x00000000dae00000 0x00000000dae00000 Y/7     Allocating 
 Small   0x00000000dae00000 0x00000000db000000 0x00000000db000000 Y/7     Allocating 
 Small   0x00000000db000000 0x00000000db200000 0x00000000db200000 Y/7     Allocating 
 Small   0x00000000db200000 0x00000000db400000 0x00000000db400000 Y/7     Allocating 
 Small   0x00000000db400000 0x00000000db600000 0x00000000db600000 Y/7     Allocating 
 Small   0x00000000db600000 0x00000000db800000 0x00000000db800000 Y/7     Allocating 
 Small   0x00000000db800000 0x00000000dba00000 0x00000000dba00000 Y/7     Allocating 
 Small   0x00000000dba00000 0x00000000dbc00000 0x00000000dbc00000 Y/7     Allocating 
 Small   0x00000000dbc00000 0x00000000dbe00000 0x00000000dbe00000 Y/7     Allocating 
 Small   0x00000000dbe00000 0x00000000dc000000 0x00000000dc000000 Y/7     Allocating 
 Small   0x00000000dc000000 0x00000000dc200000 0x00000000dc200000 Y/7     Allocating 
 Small   0x00000000dc200000 0x00000000dc400000 0x00000000dc400000 Y/7     Allocating 
 Small   0x00000000dc400000 0x00000000dc600000 0x00000000dc600000 Y/7     Allocating 
 Small   0x00000000dc600000 0x00000000dc800000 0x00000000dc800000 Y/7     Allocating 
 Small   0x00000000dc800000 0x00000000dca00000 0x00000000dca00000 Y/7     Allocating 
 Small   0x00000000dca00000 0x00000000dcc00000 0x00000000dcc00000 Y/7     Allocating 
 Small   0x00000000dcc00000 0x00000000dce00000 0x00000000dce00000 Y/7     Allocating 
 Small   0x00000000dce00000 0x00000000dd000000 0x00000000dd000000 Y/7     Allocating 
 Small   0x00000000dd000000 0x00000000dd200000 0x00000000dd200000 Y/7     Allocating 
 Small   0x00000000dd200000 0x00000000dd400000 0x00000000dd400000 Y/7     Allocating 
 Small   0x00000000dd400000 0x00000000dd600000 0x00000000dd600000 Y/7     Allocating 
 Small   0x00000000dd600000 0x00000000dd800000 0x00000000dd800000 Y/7     Allocating 
 Small   0x00000000dd800000 0x00000000dda00000 0x00000000dda00000 Y/7     Allocating 
 Small   0x00000000dda00000 0x00000000ddc00000 0x00000000ddc00000 Y/7     Allocating 
 Small   0x00000000ddc00000 0x00000000dde00000 0x00000000dde00000 Y/7     Allocating 
 Small   0x00000000dde00000 0x00000000de000000 0x00000000de000000 Y/7     Allocating 
 Small   0x00000000de000000 0x00000000de200000 0x00000000de200000 Y/7     Allocating 
 Small   0x00000000de200000 0x00000000de400000 0x00000000de400000 Y/7     Allocating 
 Small   0x00000000de400000 0x00000000de600000 0x00000000de600000 Y/7     Allocating 
 Small   0x00000000de600000 0x00000000de800000 0x00000000de800000 Y/7     Allocating 
 Small   0x00000000de800000 0x00000000dea00000 0x00000000dea00000 Y/7     Allocating 
 Small   0x00000000dea00000 0x00000000dec00000 0x00000000dec00000 Y/7     Allocating 
 Small   0x00000000dec00000 0x00000000dee00000 0x00000000dee00000 Y/7     Allocating 
 Small   0x00000000dee00000 0x00000000df000000 0x00000000df000000 Y/7     Allocating 
 Small   0x00000000df000000 0x00000000df200000 0x00000000df200000 Y/7     Allocating 
 Small   0x00000000df200000 0x00000000df400000 0x00000000df400000 Y/7     Allocating 
 Small   0x00000000df400000 0x00000000df600000 0x00000000df600000 Y/7     Allocating 
 Small   0x00000000df600000 0x00000000df800000 0x00000000df800000 Y/7     Allocating 
 Small   0x00000000df800000 0x00000000dfa00000 0x00000000dfa00000 Y/7     Allocating 
 Small   0x00000000dfa00000 0x00000000dfc00000 0x00000000dfc00000 Y/7     Allocating 
 Small   0x00000000dfc00000 0x00000000dfe00000 0x00000000dfe00000 Y/7     Allocating 
 Small   0x00000000dfe00000 0x00000000e0000000 0x00000000e0000000 Y/7     Allocating 
 Small   0x00000000e0000000 0x00000000e0200000 0x00000000e0200000 Y/7     Allocating 
 Small   0x00000000e0200000 0x00000000e0400000 0x00000000e0400000 Y/7     Allocating 
 Small   0x00000000e0400000 0x00000000e0600000 0x00000000e0600000 Y/7     Allocating 
 Small   0x00000000e0600000 0x00000000e0800000 0x00000000e0800000 Y/7     Allocating 
 Small   0x00000000e0800000 0x00000000e0a00000 0x00000000e0a00000 Y/7     Allocating 
 Small   0x00000000e0a00000 0x00000000e0c00000 0x00000000e0c00000 Y/7     Allocating 
 Small   0x00000000e0c00000 0x00000000e0e00000 0x00000000e0e00000 Y/7     Allocating 
 Small   0x00000000e0e00000 0x00000000e1000000 0x00000000e1000000 Y/7     Allocating 
 Small   0x00000000e1000000 0x00000000e1200000 0x00000000e1200000 Y/7     Allocating 
 Small   0x00000000e1200000 0x00000000e1400000 0x00000000e1400000 Y/7     Allocating 
 Small   0x00000000e1400000 0x00000000e1600000 0x00000000e1600000 Y/7     Allocating 
 Small   0x00000000e1600000 0x00000000e1800000 0x00000000e1800000 Y/7     Allocating 
 Small   0x00000000e1800000 0x00000000e1a00000 0x00000000e1a00000 Y/7     Allocating 
 Small   0x00000000e1a00000 0x00000000e1c00000 0x00000000e1c00000 Y/7     Allocating 
 Small   0x00000000e1c00000 0x00000000e1e00000 0x00000000e1e00000 Y/7     Allocating 
 Small   0x00000000e1e00000 0x00000000e2000000 0x00000000e2000000 Y/7     Allocating 
 Small   0x00000000e2000000 0x00000000e2200000 0x00000000e2200000 Y/7     Allocating 
 Small   0x00000000e2200000 0x00000000e2400000 0x00000000e2400000 Y/7     Allocating 
 Small   0x00000000e2400000 0x00000000e2600000 0x00000000e2600000 Y/7     Allocating 
 Small   0x00000000e2600000 0x00000000e2800000 0x00000000e2800000 Y/7     Allocating 
 Small   0x00000000e2800000 0x00000000e2a00000 0x00000000e2a00000 Y/7     Allocating 
 Small   0x00000000e2a00000 0x00000000e2c00000 0x00000000e2c00000 Y/7     Allocating 
 Small   0x00000000e2c00000 0x00000000e2e00000 0x00000000e2e00000 Y/7     Allocating 
 Small   0x00000000e2e00000 0x00000000e3000000 0x00000000e3000000 Y/7     Allocating 
 Small   0x00000000e3000000 0x00000000e3200000 0x00000000e3200000 Y/7     Allocating 
 Small   0x00000000e3200000 0x00000000e3400000 0x00000000e3400000 Y/7     Allocating 
 Small   0x00000000e3400000 0x00000000e3600000 0x00000000e3600000 Y/7     Allocating 
 Small   0x00000000e3600000 0x00000000e3800000 0x00000000e3800000 Y/7     Allocating 
 Small   0x00000000e3800000 0x00000000e3a00000 0x00000000e3a00000 Y/7     Allocating 
 Small   0x00000000e3a00000 0x00000000e3c00000 0x00000000e3c00000 Y/7     Allocating 
 Small   0x00000000e3c00000 0x00000000e3e00000 0x00000000e3e00000 Y/7     Allocating 
 Small   0x00000000e3e00000 0x00000000e4000000 0x00000000e4000000 Y/7     Allocating 
 Small   0x00000000e4000000 0x00000000e4200000 0x00000000e4200000 Y/7     Allocating 
 Small   0x00000000e4200000 0x00000000e4400000 0x00000000e4400000 Y/7     Allocating 
 Small   0x00000000e4400000 0x00000000e4600000 0x00000000e4600000 Y/7     Allocating 
 Small   0x00000000e4600000 0x00000000e4800000 0x00000000e4800000 Y/7     Allocating 
 Small   0x00000000e4800000 0x00000000e4a00000 0x00000000e4a00000 Y/7     Allocating 
 Small   0x00000000e4a00000 0x00000000e4c00000 0x00000000e4c00000 Y/7     Allocating 
 Small   0x00000000e4c00000 0x00000000e4e00000 0x00000000e4e00000 Y/7     Allocating 
 Small   0x00000000e4e00000 0x00000000e5000000 0x00000000e5000000 Y/7     Allocating 
 Small   0x00000000e5000000 0x00000000e5200000 0x00000000e5200000 Y/7     Allocating 
 Small   0x00000000e5200000 0x00000000e5400000 0x00000000e5400000 Y/7     Allocating 
 Small   0x00000000e5400000 0x00000000e5600000 0x00000000e5600000 Y/7     Allocating 
 Small   0x00000000e5600000 0x00000000e5800000 0x00000000e5800000 Y/7     Allocating 
 Small   0x00000000e5800000 0x00000000e5a00000 0x00000000e5a00000 Y/7     Allocating 
 Small   0x00000000e5a00000 0x00000000e5c00000 0x00000000e5c00000 Y/7     Allocating 
 Small   0x00000000e5c00000 0x00000000e5e00000 0x00000000e5e00000 Y/7     Allocating 
 Small   0x00000000e5e00000 0x00000000e6000000 0x00000000e6000000 Y/7     Allocating 
 Small   0x00000000e6000000 0x00000000e6200000 0x00000000e6200000 Y/7     Allocating 
 Small   0x00000000e6200000 0x00000000e6400000 0x00000000e6400000 Y/7     Allocating 
 Small   0x00000000e6400000 0x00000000e6600000 0x00000000e6600000 Y/7     Allocating 
 Small   0x00000000e6600000 0x00000000e6800000 0x00000000e6800000 Y/7     Allocating 
 Small   0x00000000e6800000 0x00000000e6a00000 0x00000000e6a00000 Y/7     Allocating 
 Small   0x00000000e6a00000 0x00000000e6c00000 0x00000000e6c00000 Y/7     Allocating 
 Small   0x00000000e6c00000 0x00000000e6e00000 0x00000000e6e00000 Y/7     Allocating 
 Small   0x00000000e6e00000 0x00000000e7000000 0x00000000e7000000 Y/7     Allocating 
 Small   0x00000000e7000000 0x00000000e7200000 0x00000000e7200000 Y/7     Allocating 
 Small   0x00000000e7200000 0x00000000e7400000 0x00000000e7400000 Y/7     Allocating 
 Small   0x00000000e7400000 0x00000000e7600000 0x00000000e7600000 Y/7     Allocating 
 Small   0x00000000e7600000 0x00000000e7800000 0x00000000e7800000 Y/7     Allocating 
 Small   0x00000000e7800000 0x00000000e7a00000 0x00000000e7a00000 Y/7     Allocating 
 Small   0x00000000e7a00000 0x00000000e7c00000 0x00000000e7c00000 Y/7     Allocating 
 Small   0x00000000e7c00000 0x00000000e7e00000 0x00000000e7e00000 Y/7     Allocating 
 Small   0x00000000e7e00000 0x00000000e8000000 0x00000000e8000000 Y/7     Allocating 
 Small   0x00000000e8000000 0x00000000e8200000 0x00000000e8200000 Y/7     Allocating 
 Small   0x00000000e8200000 0x00000000e8400000 0x00000000e8400000 Y/7     Allocating 
 Small   0x00000000e8400000 0x00000000e8600000 0x00000000e8600000 Y/7     Allocating 
 Small   0x00000000e8600000 0x00000000e8800000 0x00000000e8800000 Y/7     Allocating 
 Small   0x00000000e8800000 0x00000000e8a00000 0x00000000e8a00000 Y/7     Allocating 
 Small   0x00000000e8a00000 0x00000000e8c00000 0x00000000e8c00000 Y/7     Allocating 
 Small   0x00000000e8c00000 0x00000000e8e00000 0x00000000e8e00000 Y/7     Allocating 
 Small   0x00000000e8e00000 0x00000000e9000000 0x00000000e9000000 Y/7     Allocating 
 Small   0x00000000e9000000 0x00000000e9200000 0x00000000e9200000 Y/7     Allocating 
 Small   0x00000000e9200000 0x00000000e9400000 0x00000000e9400000 Y/7     Allocating 
 Small   0x00000000e9400000 0x00000000e9600000 0x00000000e9600000 Y/7     Allocating 
 Small   0x00000000e9600000 0x00000000e9800000 0x00000000e9800000 Y/7     Allocating 
 Small   0x00000000e9800000 0x00000000e9a00000 0x00000000e9a00000 Y/7     Allocating 
 Small   0x00000000e9a00000 0x00000000e9c00000 0x00000000e9c00000 Y/7     Allocating 
 Small   0x00000000e9c00000 0x00000000e9e00000 0x00000000e9e00000 Y/7     Allocating 
 Small   0x00000000e9e00000 0x00000000ea000000 0x00000000ea000000 Y/7     Allocating 
 Small   0x00000000ea000000 0x00000000ea200000 0x00000000ea200000 Y/7     Allocating 
 Small   0x00000000ea200000 0x00000000ea400000 0x00000000ea400000 Y/7     Allocating 
 Small   0x00000000ea400000 0x00000000ea600000 0x00000000ea600000 Y/7     Allocating 
 Small   0x00000000ea600000 0x00000000ea800000 0x00000000ea800000 Y/7     Allocating 
 Small   0x00000000ea800000 0x00000000eaa00000 0x00000000eaa00000 Y/7     Allocating 
 Small   0x00000000eaa00000 0x00000000eac00000 0x00000000eac00000 Y/7     Allocating 
 Small   0x00000000eac00000 0x00000000eae00000 0x00000000eae00000 Y/7     Allocating 
 Small   0x00000000eae00000 0x00000000eb000000 0x00000000eb000000 Y/7     Allocating 
 Small   0x00000000eb000000 0x00000000eb200000 0x00000000eb200000 Y/7     Allocating 
 Small   0x00000000eb200000 0x00000000eb400000 0x00000000eb400000 Y/7     Allocating 
 Small   0x00000000eb400000 0x00000000eb600000 0x00000000eb600000 Y/7     Allocating 
 Small   0x00000000eb600000 0x00000000eb800000 0x00000000eb800000 Y/7     Allocating 
 Small   0x00000000eb800000 0x00000000eba00000 0x00000000eba00000 Y/7     Allocating 
 Small   0x00000000eba00000 0x00000000ebc00000 0x00000000ebc00000 Y/7     Allocating 
 Small   0x00000000ebc00000 0x00000000ebe00000 0x00000000ebe00000 Y/7     Allocating 
 Small   0x00000000ebe00000 0x00000000ec000000 0x00000000ec000000 Y/7     Allocating 
 Small   0x00000000ec000000 0x00000000ec200000 0x00000000ec200000 Y/7     Allocating 
 Small   0x00000000ec200000 0x00000000ec400000 0x00000000ec400000 Y/7     Allocating 
 Small   0x00000000ec400000 0x00000000ec600000 0x00000000ec600000 Y/7     Allocating 
 Small   0x00000000ec600000 0x00000000ec800000 0x00000000ec800000 Y/7     Allocating 
 Small   0x00000000ec800000 0x00000000eca00000 0x00000000eca00000 Y/7     Allocating 
 Small   0x00000000eca00000 0x00000000ecc00000 0x00000000ecc00000 Y/7     Allocating 
 Small   0x00000000ecc00000 0x00000000ece00000 0x00000000ece00000 Y/7     Allocating 
 Small   0x00000000ece00000 0x00000000ed000000 0x00000000ed000000 Y/7     Allocating 
 Small   0x00000000ed000000 0x00000000ed200000 0x00000000ed200000 Y/7     Allocating 
 Small   0x00000000ed200000 0x00000000ed400000 0x00000000ed400000 Y/7     Allocating 
 Small   0x00000000ed400000 0x00000000ed600000 0x00000000ed600000 Y/7     Allocating 
 Small   0x00000000ed600000 0x00000000ed800000 0x00000000ed800000 Y/7     Allocating 
 Small   0x00000000ed800000 0x00000000eda00000 0x00000000eda00000 Y/7     Allocating 
 Small   0x00000000eda00000 0x00000000edc00000 0x00000000edc00000 Y/7     Allocating 
 Small   0x00000000edc00000 0x00000000ede00000 0x00000000ede00000 Y/7     Allocating 
 Small   0x00000000ede00000 0x00000000ee000000 0x00000000ee000000 Y/7     Allocating 
 Small   0x00000000ee000000 0x00000000ee200000 0x00000000ee200000 Y/7     Allocating 
 Small   0x00000000ee200000 0x00000000ee400000 0x00000000ee400000 Y/7     Allocating 
 Small   0x00000000ee400000 0x00000000ee600000 0x00000000ee600000 Y/7     Allocating 
 Small   0x00000000ee600000 0x00000000ee800000 0x00000000ee800000 Y/7     Allocating 
 Small   0x00000000ee800000 0x00000000eea00000 0x00000000eea00000 Y/7     Allocating 
 Small   0x00000000eea00000 0x00000000eec00000 0x00000000eec00000 Y/7     Allocating 
 Small   0x00000000eec00000 0x00000000eee00000 0x00000000eee00000 Y/7     Allocating 
 Small   0x00000000eee00000 0x00000000ef000000 0x00000000ef000000 Y/7     Allocating 
 Small   0x00000000ef000000 0x00000000ef200000 0x00000000ef200000 Y/7     Allocating 
 Small   0x00000000ef200000 0x00000000ef400000 0x00000000ef400000 Y/7     Allocating 
 Small   0x00000000ef400000 0x00000000ef600000 0x00000000ef600000 Y/7     Allocating 
 Small   0x00000000ef600000 0x00000000ef800000 0x00000000ef800000 Y/7     Allocating 
 Small   0x00000000ef800000 0x00000000efa00000 0x00000000efa00000 Y/7     Allocating 
 Small   0x00000000efa00000 0x00000000efc00000 0x00000000efc00000 Y/7     Allocating 
 Small   0x00000000efc00000 0x00000000efe00000 0x00000000efe00000 Y/7     Allocating 
 Small   0x00000000efe00000 0x00000000f0000000 0x00000000f0000000 Y/7     Allocating 
 Small   0x00000000f0000000 0x00000000f0200000 0x00000000f0200000 Y/7     Allocating 
 Small   0x00000000f0200000 0x00000000f0400000 0x00000000f0400000 Y/7     Allocating 
 Small   0x00000000f0400000 0x00000000f0600000 0x00000000f0600000 Y/7     Allocating 
 Small   0x00000000f0600000 0x00000000f0800000 0x00000000f0800000 Y/7     Allocating 
 Small   0x00000000f0800000 0x00000000f0a00000 0x00000000f0a00000 Y/7     Allocating 
 Small   0x00000000f0a00000 0x00000000f0c00000 0x00000000f0c00000 Y/7     Allocating 
 Small   0x00000000f0c00000 0x00000000f0e00000 0x00000000f0e00000 Y/7     Allocating 
 Small   0x00000000f0e00000 0x00000000f1000000 0x00000000f1000000 Y/7     Allocating 
 Small   0x00000000f1000000 0x00000000f1200000 0x00000000f1200000 Y/7     Allocating 
 Small   0x00000000f1200000 0x00000000f1400000 0x00000000f1400000 Y/7     Allocating 
 Small   0x00000000f1400000 0x00000000f1600000 0x00000000f1600000 Y/7     Allocating 
 Small   0x00000000f1600000 0x00000000f1800000 0x00000000f1800000 Y/7     Allocating 
 Small   0x00000000f1800000 0x00000000f1a00000 0x00000000f1a00000 Y/7     Allocating 
 Small   0x00000000f1a00000 0x00000000f1c00000 0x00000000f1c00000 Y/7     Allocating 
 Small   0x00000000f1c00000 0x00000000f1e00000 0x00000000f1e00000 Y/7     Allocating 
 Small   0x00000000f1e00000 0x00000000f2000000 0x00000000f2000000 Y/7     Allocating 
 Small   0x00000000f2000000 0x00000000f2200000 0x00000000f2200000 Y/7     Allocating 
 Small   0x00000000f2200000 0x00000000f2400000 0x00000000f2400000 Y/7     Allocating 
 Small   0x00000000f2400000 0x00000000f2600000 0x00000000f2600000 Y/7     Allocating 
 Small   0x00000000f2600000 0x00000000f2800000 0x00000000f2800000 Y/7     Allocating 
 Small   0x00000000f2800000 0x00000000f2a00000 0x00000000f2a00000 Y/7     Allocating 
 Small   0x00000000f2a00000 0x00000000f2c00000 0x00000000f2c00000 Y/7     Allocating 
 Small   0x00000000f2c00000 0x00000000f2e00000 0x00000000f2e00000 Y/7     Allocating 
 Small   0x00000000f2e00000 0x00000000f3000000 0x00000000f3000000 Y/7     Allocating 
 Small   0x00000000f3000000 0x00000000f3200000 0x00000000f3200000 Y/7     Allocating 
 Small   0x00000000f3200000 0x00000000f3400000 0x00000000f3400000 Y/7     Allocating 
 Small   0x00000000f3400000 0x00000000f3600000 0x00000000f3600000 Y/7     Allocating 
 Small   0x00000000f3600000 0x00000000f3800000 0x00000000f3800000 Y/7     Allocating 
 Small   0x00000000f3800000 0x00000000f3a00000 0x00000000f3a00000 Y/7     Allocating 
 Small   0x00000000f3a00000 0x00000000f3c00000 0x00000000f3c00000 Y/7     Allocating 
 Small   0x00000000f3c00000 0x00000000f3e00000 0x00000000f3e00000 Y/7     Allocating 
 Small   0x00000000f3e00000 0x00000000f4000000 0x00000000f4000000 Y/7     Allocating 
 Small   0x00000000f4000000 0x00000000f4200000 0x00000000f4200000 Y/7     Allocating 
 Small   0x00000000f4200000 0x00000000f4400000 0x00000000f4400000 Y/7     Allocating 
 Small   0x00000000f4400000 0x00000000f4600000 0x00000000f4600000 Y/7     Allocating 
 Small   0x00000000f4600000 0x00000000f4800000 0x00000000f4800000 Y/7     Allocating 
 Small   0x00000000f4800000 0x00000000f4a00000 0x00000000f4a00000 Y/7     Allocating 
 Small   0x00000000f4a00000 0x00000000f4c00000 0x00000000f4c00000 Y/7     Allocating 
 Small   0x00000000f4c00000 0x00000000f4e00000 0x00000000f4e00000 Y/7     Allocating 
 Small   0x00000000f4e00000 0x00000000f5000000 0x00000000f5000000 Y/7     Allocating 
 Small   0x00000000f5000000 0x00000000f5200000 0x00000000f5200000 Y/7     Allocating 
 Small   0x00000000f5200000 0x00000000f5400000 0x00000000f5400000 Y/7     Allocating 
 Small   0x00000000f5400000 0x00000000f5600000 0x00000000f5600000 Y/7     Allocating 
 Small   0x00000000f5600000 0x00000000f5800000 0x00000000f5800000 Y/7     Allocating 
 Small   0x00000000f5800000 0x00000000f5a00000 0x00000000f5a00000 Y/7     Allocating 
 Small   0x00000000f5a00000 0x00000000f5c00000 0x00000000f5c00000 Y/7     Allocating 
 Small   0x00000000f5c00000 0x00000000f5e00000 0x00000000f5e00000 Y/7     Allocating 
 Small   0x00000000f5e00000 0x00000000f6000000 0x00000000f6000000 Y/7     Allocating 
 Small   0x00000000f6000000 0x00000000f6200000 0x00000000f6200000 Y/7     Allocating 
 Small   0x00000000f6200000 0x00000000f6400000 0x00000000f6400000 Y/7     Allocating 
 Small   0x00000000f6400000 0x00000000f6600000 0x00000000f6600000 Y/7     Allocating 
 Small   0x00000000f6600000 0x00000000f6800000 0x00000000f6800000 Y/7     Allocating 
 Small   0x00000000f6800000 0x00000000f6a00000 0x00000000f6a00000 Y/7     Allocating 
 Small   0x00000000f6a00000 0x00000000f6c00000 0x00000000f6c00000 Y/7     Allocating 
 Small   0x00000000f6c00000 0x00000000f6e00000 0x00000000f6e00000 Y/7     Allocating 
 Small   0x00000000f6e00000 0x00000000f7000000 0x00000000f7000000 Y/7     Allocating 
 Small   0x00000000f7000000 0x00000000f7200000 0x00000000f7200000 Y/7     Allocating 
 Small   0x00000000f7200000 0x00000000f7400000 0x00000000f7400000 Y/7     Allocating 
 Small   0x00000000f7400000 0x00000000f7600000 0x00000000f7600000 Y/7     Allocating 
 Small   0x00000000f7600000 0x00000000f7800000 0x00000000f7800000 Y/7     Allocating 
 Small   0x00000000f7800000 0x00000000f7a00000 0x00000000f7a00000 Y/7     Allocating 
 Small   0x00000000f7a00000 0x00000000f7c00000 0x00000000f7c00000 Y/7     Allocating 
 Small   0x00000000f7c00000 0x00000000f7e00000 0x00000000f7e00000 Y/7     Allocating 
 Small   0x00000000f7e00000 0x00000000f8000000 0x00000000f8000000 Y/7     Allocating 
 Small   0x00000000f8000000 0x00000000f8200000 0x00000000f8200000 Y/7     Allocating 
 Small   0x00000000f8200000 0x00000000f8400000 0x00000000f8400000 Y/7     Allocating 
 Small   0x00000000f8400000 0x00000000f8600000 0x00000000f8600000 Y/7     Allocating 
 Small   0x00000000f8600000 0x00000000f8800000 0x00000000f8800000 Y/7     Allocating 
 Small   0x00000000f8800000 0x00000000f8a00000 0x00000000f8a00000 Y/7     Allocating 
 Small   0x00000000f8a00000 0x00000000f8c00000 0x00000000f8c00000 Y/7     Allocating 
 Small   0x00000000f8c00000 0x00000000f8e00000 0x00000000f8e00000 Y/7     Allocating 
 Small   0x00000000f8e00000 0x00000000f9000000 0x00000000f9000000 Y/7     Allocating 
 Small   0x00000000f9000000 0x00000000f9200000 0x00000000f9200000 Y/7     Allocating 
 Small   0x00000000f9200000 0x00000000f9400000 0x00000000f9400000 Y/7     Allocating 
 Small   0x00000000f9400000 0x00000000f9600000 0x00000000f9600000 Y/7     Allocating 
 Small   0x00000000f9600000 0x00000000f9800000 0x00000000f9800000 Y/7     Allocating 
 Small   0x00000000f9800000 0x00000000f9a00000 0x00000000f9a00000 Y/7     Allocating 
 Small   0x00000000f9a00000 0x00000000f9c00000 0x00000000f9c00000 Y/7     Allocating 
 Small   0x00000000f9c00000 0x00000000f9e00000 0x00000000f9e00000 Y/7     Allocating 
 Small   0x00000000f9e00000 0x00000000fa000000 0x00000000fa000000 Y/7     Allocating 
 Small   0x00000000fa000000 0x00000000fa200000 0x00000000fa200000 Y/7     Allocating 
 Small   0x00000000fa200000 0x00000000fa400000 0x00000000fa400000 Y/7     Allocating 
 Small   0x00000000fa400000 0x00000000fa600000 0x00000000fa600000 Y/7     Allocating 
 Small   0x00000000fa600000 0x00000000fa800000 0x00000000fa800000 Y/7     Allocating 
 Small   0x00000000fa800000 0x00000000faa00000 0x00000000faa00000 Y/7     Allocating 
 Small   0x00000000faa00000 0x00000000fac00000 0x00000000fac00000 Y/7     Allocating 
 Small   0x00000000fac00000 0x00000000fae00000 0x00000000fae00000 Y/7     Allocating 
 Small   0x00000000fae00000 0x00000000fb000000 0x00000000fb000000 Y/7     Allocating 
 Small   0x00000000fb000000 0x00000000fb200000 0x00000000fb200000 Y/7     Allocating 
 Small   0x00000000fb200000 0x00000000fb400000 0x00000000fb400000 Y/7     Allocating 
 Small   0x00000000fb400000 0x00000000fb600000 0x00000000fb600000 Y/7     Allocating 
 Small   0x00000000fb600000 0x00000000fb800000 0x00000000fb800000 Y/7     Allocating 
 Small   0x00000000fb800000 0x00000000fba00000 0x00000000fba00000 Y/7     Allocating 
 Small   0x00000000fba00000 0x00000000fbc00000 0x00000000fbc00000 Y/7     Allocating 
 Small   0x00000000fbc00000 0x00000000fbe00000 0x00000000fbe00000 Y/7     Allocating 
 Small   0x00000000fbe00000 0x00000000fc000000 0x00000000fc000000 Y/7     Allocating 
 Small   0x00000000fc000000 0x00000000fc1e0da0 0x00000000fc200000 Y/7     Allocating 
 Small   0x00000000fc200000 0x00000000fc400000 0x00000000fc400000 Y/7     Allocating 
 Small   0x00000000fc400000 0x00000000fc600000 0x00000000fc600000 Y/7     Allocating 
 Small   0x00000000fc600000 0x00000000fc800000 0x00000000fc800000 Y/7     Allocating 
 Small   0x00000000fc800000 0x00000000fca00000 0x00000000fca00000 Y/7     Allocating 
 Small   0x00000000fca00000 0x00000000fcc00000 0x00000000fcc00000 Y/7     Allocating 
 Small   0x00000000fcc00000 0x00000000fce00000 0x00000000fce00000 Y/7     Allocating 
 Small   0x00000000fce00000 0x00000000fd000000 0x00000000fd000000 Y/7     Allocating 
 Small   0x00000000fd000000 0x00000000fd200000 0x00000000fd200000 Y/7     Allocating 
 Small   0x00000000fd200000 0x00000000fd400000 0x00000000fd400000 Y/7     Allocating 
 Small   0x00000000fd400000 0x00000000fd600000 0x00000000fd600000 Y/7     Allocating 
 Small   0x00000000fd600000 0x00000000fd800000 0x00000000fd800000 Y/7     Allocating 
 Small   0x00000000fd800000 0x00000000fda00000 0x00000000fda00000 Y/7     Allocating 
 Small   0x00000000fda00000 0x00000000fdc00000 0x00000000fdc00000 Y/7     Allocating 
 Small   0x00000000fdc00000 0x00000000fde00000 0x00000000fde00000 Y/7     Allocating 
 Small   0x00000000fde00000 0x00000000fe000000 0x00000000fe000000 Y/7     Allocating 
 Small   0x00000000fe000000 0x00000000fe200000 0x00000000fe200000 Y/7     Allocating 
 Small   0x00000000fe200000 0x00000000fe400000 0x00000000fe400000 Y/7     Allocating 
 Small   0x00000000fe400000 0x00000000fe600000 0x00000000fe600000 Y/7     Allocating 
 Small   0x00000000fe600000 0x00000000fe800000 0x00000000fe800000 Y/7     Allocating 
 Small   0x00000000fe800000 0x00000000fea00000 0x00000000fea00000 Y/7     Allocating 
 Small   0x00000000fea00000 0x00000000fec00000 0x00000000fec00000 Y/7     Allocating 
 Small   0x00000000fec00000 0x00000000fee00000 0x00000000fee00000 Y/7     Allocating 
 Small   0x00000000fee00000 0x00000000ff000000 0x00000000ff000000 Y/7     Allocating 
 Small   0x00000000ff000000 0x00000000ff200000 0x00000000ff200000 Y/7     Allocating 
 Small   0x00000000ff200000 0x00000000ff400000 0x00000000ff400000 Y/7     Allocating 
 Small   0x00000000ff400000 0x00000000ff600000 0x00000000ff600000 Y/7     Allocating 
 Small   0x00000000ff600000 0x00000000ff800000 0x00000000ff800000 Y/7     Allocating 
 Small   0x00000000ff800000 0x00000000ffa00000 0x00000000ffa00000 Y/7     Allocating 
 Small   0x00000000ffa00000 0x00000000ffc00000 0x00000000ffc00000 Y/7     Allocating 
 Small   0x00000000ffc00000 0x00000000ffe00000 0x00000000ffe00000 Y/7     Allocating 
 Small   0x00000000ffe00000 0x0000000100000000 0x0000000100000000 Y/7     Allocating 
 Small   0x0000000100000000 0x0000000100200000 0x0000000100200000 Y/7     Allocating 
 Small   0x0000000100200000 0x0000000100400000 0x0000000100400000 Y/7     Allocating 
 Small   0x0000000100400000 0x0000000100600000 0x0000000100600000 Y/7     Allocating 
 Small   0x0000000100600000 0x0000000100800000 0x0000000100800000 Y/7     Allocating 
 Small   0x0000000100800000 0x0000000100a00000 0x0000000100a00000 Y/7     Allocating 
 Small   0x0000000100a00000 0x0000000100c00000 0x0000000100c00000 Y/7     Allocating 
 Small   0x0000000100c00000 0x0000000100e00000 0x0000000100e00000 Y/7     Allocating 
 Small   0x0000000100e00000 0x0000000101000000 0x0000000101000000 Y/7     Allocating 
 Small   0x0000000101000000 0x0000000101200000 0x0000000101200000 Y/7     Allocating 
 Small   0x0000000101200000 0x0000000101400000 0x0000000101400000 Y/7     Allocating 
 Small   0x0000000101400000 0x0000000101600000 0x0000000101600000 Y/7     Allocating 
 Small   0x0000000101600000 0x0000000101800000 0x0000000101800000 Y/7     Allocating 
 Small   0x0000000101800000 0x0000000101a00000 0x0000000101a00000 Y/7     Allocating 
 Small   0x0000000101a00000 0x0000000101c00000 0x0000000101c00000 Y/7     Allocating 
 Small   0x0000000101c00000 0x0000000101e00000 0x0000000101e00000 Y/7     Allocating 
 Small   0x0000000101e00000 0x0000000102000000 0x0000000102000000 Y/7     Allocating 
 Small   0x0000000102000000 0x0000000102200000 0x0000000102200000 Y/7     Allocating 
 Small   0x0000000102200000 0x0000000102400000 0x0000000102400000 Y/7     Allocating 
 Small   0x0000000102400000 0x0000000102600000 0x0000000102600000 Y/7     Allocating 
 Small   0x0000000102600000 0x0000000102800000 0x0000000102800000 Y/7     Allocating 
 Small   0x0000000102800000 0x0000000102a00000 0x0000000102a00000 Y/7     Allocating 
 Small   0x0000000102a00000 0x0000000102c00000 0x0000000102c00000 Y/7     Allocating 
 Small   0x0000000102c00000 0x0000000102e00000 0x0000000102e00000 Y/7     Allocating 
 Small   0x0000000102e00000 0x0000000103000000 0x0000000103000000 Y/7     Allocating 
 Small   0x0000000103000000 0x0000000103200000 0x0000000103200000 Y/7     Allocating 
 Small   0x0000000103200000 0x0000000103400000 0x0000000103400000 Y/7     Allocating 
 Small   0x0000000103400000 0x0000000103600000 0x0000000103600000 Y/7     Allocating 
 Small   0x0000000103600000 0x0000000103800000 0x0000000103800000 Y/7     Allocating 
 Small   0x0000000103800000 0x0000000103a00000 0x0000000103a00000 Y/7     Allocating 
 Small   0x0000000103a00000 0x0000000103c00000 0x0000000103c00000 Y/7     Allocating 
 Small   0x0000000103c00000 0x0000000103e00000 0x0000000103e00000 Y/7     Allocating 
 Small   0x0000000103e00000 0x0000000104000000 0x0000000104000000 Y/7     Allocating 
 Small   0x0000000104000000 0x0000000104200000 0x0000000104200000 Y/7     Allocating 
 Small   0x0000000104200000 0x0000000104400000 0x0000000104400000 Y/7     Allocating 
 Small   0x0000000104400000 0x0000000104600000 0x0000000104600000 Y/7     Allocating 
 Small   0x0000000104600000 0x0000000104800000 0x0000000104800000 Y/7     Allocating 
 Small   0x0000000104800000 0x0000000104a00000 0x0000000104a00000 Y/7     Allocating 
 Small   0x0000000104a00000 0x0000000104c00000 0x0000000104c00000 Y/7     Allocating 
 Small   0x0000000104c00000 0x0000000104e00000 0x0000000104e00000 Y/7     Allocating 
 Small   0x0000000104e00000 0x0000000105000000 0x0000000105000000 Y/7     Allocating 
 Small   0x0000000105000000 0x0000000105200000 0x0000000105200000 Y/7     Allocating 
 Small   0x0000000105200000 0x0000000105400000 0x0000000105400000 Y/7     Allocating 
 Small   0x0000000105400000 0x0000000105600000 0x0000000105600000 Y/7     Allocating 
 Small   0x0000000105600000 0x0000000105800000 0x0000000105800000 Y/7     Allocating 
 Small   0x0000000105800000 0x0000000105a00000 0x0000000105a00000 Y/7     Allocating 
 Small   0x0000000105a00000 0x0000000105c00000 0x0000000105c00000 Y/7     Allocating 
 Small   0x0000000105c00000 0x0000000105e00000 0x0000000105e00000 Y/7     Allocating 
 Small   0x0000000105e00000 0x0000000106000000 0x0000000106000000 Y/7     Allocating 
 Small   0x0000000106000000 0x0000000106200000 0x0000000106200000 Y/7     Allocating 
 Small   0x0000000106200000 0x0000000106400000 0x0000000106400000 Y/7     Allocating 
 Small   0x0000000106400000 0x0000000106600000 0x0000000106600000 Y/7     Allocating 
 Small   0x0000000106600000 0x0000000106800000 0x0000000106800000 Y/7     Allocating 
 Small   0x0000000106800000 0x0000000106a00000 0x0000000106a00000 Y/7     Allocating 
 Small   0x0000000106a00000 0x0000000106c00000 0x0000000106c00000 Y/7     Allocating 
 Small   0x0000000106c00000 0x0000000106e00000 0x0000000106e00000 Y/7     Allocating 
 Small   0x0000000106e00000 0x0000000107000000 0x0000000107000000 Y/7     Allocating 
 Small   0x0000000107000000 0x0000000107200000 0x0000000107200000 Y/7     Allocating 
 Small   0x0000000107200000 0x0000000107400000 0x0000000107400000 Y/7     Allocating 
 Small   0x0000000107400000 0x0000000107600000 0x0000000107600000 Y/7     Allocating 
 Small   0x0000000107600000 0x0000000107800000 0x0000000107800000 Y/7     Allocating 
 Small   0x0000000107800000 0x0000000107a00000 0x0000000107a00000 Y/7     Allocating 
 Small   0x0000000107a00000 0x0000000107c00000 0x0000000107c00000 Y/7     Allocating 
 Small   0x0000000107c00000 0x0000000107e00000 0x0000000107e00000 Y/7     Allocating 
 Small   0x0000000107e00000 0x0000000108000000 0x0000000108000000 Y/7     Allocating 
 Small   0x0000000108000000 0x0000000108200000 0x0000000108200000 Y/7     Allocating 
 Small   0x0000000108200000 0x0000000108400000 0x0000000108400000 Y/7     Allocating 
 Small   0x0000000108400000 0x0000000108600000 0x0000000108600000 Y/7     Allocating 
 Small   0x0000000108600000 0x0000000108800000 0x0000000108800000 Y/7     Allocating 
 Small   0x0000000108800000 0x0000000108a00000 0x0000000108a00000 Y/7     Allocating 
 Small   0x0000000108a00000 0x0000000108c00000 0x0000000108c00000 Y/7     Allocating 
 Small   0x0000000108c00000 0x0000000108e00000 0x0000000108e00000 Y/7     Allocating 
 Small   0x0000000108e00000 0x0000000109000000 0x0000000109000000 Y/7     Allocating 
 Small   0x0000000109000000 0x0000000109200000 0x0000000109200000 Y/7     Allocating 
 Small   0x0000000109200000 0x0000000109400000 0x0000000109400000 Y/7     Allocating 
 Small   0x0000000109400000 0x0000000109600000 0x0000000109600000 Y/7     Allocating 
 Small   0x0000000109600000 0x0000000109800000 0x0000000109800000 Y/7     Allocating 
 Small   0x0000000109800000 0x0000000109a00000 0x0000000109a00000 Y/7     Allocating 
 Small   0x0000000109a00000 0x0000000109c00000 0x0000000109c00000 Y/7     Allocating 
 Small   0x0000000109c00000 0x0000000109e00000 0x0000000109e00000 Y/7     Allocating 
 Small   0x0000000109e00000 0x000000010a000000 0x000000010a000000 Y/7     Allocating 
 Small   0x000000010a000000 0x000000010a200000 0x000000010a200000 Y/7     Allocating 
 Small   0x000000010a200000 0x000000010a400000 0x000000010a400000 Y/7     Allocating 
 Small   0x000000010a400000 0x000000010a600000 0x000000010a600000 Y/7     Allocating 
 Small   0x000000010a600000 0x000000010a800000 0x000000010a800000 Y/7     Allocating 
 Small   0x000000010a800000 0x000000010aa00000 0x000000010aa00000 Y/7     Allocating 
 Small   0x000000010aa00000 0x000000010ac00000 0x000000010ac00000 Y/7     Allocating 
 Small   0x000000010ac00000 0x000000010ae00000 0x000000010ae00000 Y/7     Allocating 
 Small   0x000000010ae00000 0x000000010b000000 0x000000010b000000 Y/7     Allocating 
 Small   0x000000010b000000 0x000000010b200000 0x000000010b200000 Y/7     Allocating 
 Small   0x000000010b200000 0x000000010b400000 0x000000010b400000 Y/7     Allocating 
 Small   0x000000010b400000 0x000000010b600000 0x000000010b600000 Y/7     Allocating 
 Small   0x000000010b600000 0x000000010b800000 0x000000010b800000 Y/7     Allocating 
 Small   0x000000010b800000 0x000000010ba00000 0x000000010ba00000 Y/7     Allocating 
 Small   0x000000010ba00000 0x000000010bc00000 0x000000010bc00000 Y/7     Allocating 
 Small   0x000000010bc00000 0x000000010be00000 0x000000010be00000 Y/7     Allocating 
 Small   0x000000010be00000 0x000000010c000000 0x000000010c000000 Y/7     Allocating 
 Small   0x000000010c000000 0x000000010c200000 0x000000010c200000 Y/7     Allocating 
 Small   0x000000010c200000 0x000000010c400000 0x000000010c400000 Y/7     Allocating 
 Small   0x000000010c400000 0x000000010c600000 0x000000010c600000 Y/7     Allocating 
 Small   0x000000010c600000 0x000000010c800000 0x000000010c800000 Y/7     Allocating 
 Small   0x000000010c800000 0x000000010ca00000 0x000000010ca00000 Y/7     Allocating 
 Small   0x000000010ca00000 0x000000010cc00000 0x000000010cc00000 Y/7     Allocating 
 Small   0x000000010cc00000 0x000000010ce00000 0x000000010ce00000 Y/7     Allocating 
 Small   0x000000010ce00000 0x000000010d000000 0x000000010d000000 Y/7     Allocating 
 Small   0x000000010d000000 0x000000010d200000 0x000000010d200000 Y/7     Allocating 
 Small   0x000000010d200000 0x000000010d400000 0x000000010d400000 Y/7     Allocating 
 Small   0x000000010d400000 0x000000010d600000 0x000000010d600000 Y/7     Allocating 
 Small   0x000000010d600000 0x000000010d800000 0x000000010d800000 Y/7     Allocating 
 Small   0x000000010d800000 0x000000010da00000 0x000000010da00000 Y/7     Allocating 
 Small   0x000000010da00000 0x000000010dc00000 0x000000010dc00000 Y/7     Allocating 
 Small   0x000000010dc00000 0x000000010de00000 0x000000010de00000 Y/7     Allocating 
 Small   0x000000010de00000 0x000000010e000000 0x000000010e000000 Y/7     Allocating 
 Small   0x000000010e000000 0x000000010e200000 0x000000010e200000 Y/7     Allocating 
 Small   0x000000010e200000 0x000000010e400000 0x000000010e400000 Y/7     Allocating 
 Small   0x000000010e400000 0x000000010e600000 0x000000010e600000 Y/7     Allocating 
 Small   0x000000010e600000 0x000000010e800000 0x000000010e800000 Y/7     Allocating 
 Small   0x000000010e800000 0x000000010ea00000 0x000000010ea00000 Y/7     Allocating 
 Small   0x000000010ea00000 0x000000010ec00000 0x000000010ec00000 Y/7     Allocating 
 Small   0x000000010ec00000 0x000000010ee00000 0x000000010ee00000 Y/7     Allocating 
 Small   0x000000010ee00000 0x000000010f000000 0x000000010f000000 Y/7     Allocating 
 Small   0x000000010f000000 0x000000010f1ffff8 0x000000010f200000 Y/7     Allocating 
 Small   0x000000010f200000 0x000000010f400000 0x000000010f400000 Y/7     Allocating 
 Small   0x000000010f400000 0x000000010f600000 0x000000010f600000 Y/7     Allocating 
 Small   0x000000010f600000 0x000000010f800000 0x000000010f800000 Y/7     Allocating 
 Small   0x000000010f800000 0x000000010fa00000 0x000000010fa00000 Y/7     Allocating 
 Small   0x000000010fa00000 0x000000010fc00000 0x000000010fc00000 Y/7     Allocating 
 Small   0x000000010fc00000 0x000000010fe00000 0x000000010fe00000 Y/7     Allocating 
 Small   0x000000010fe00000 0x0000000110000000 0x0000000110000000 Y/7     Allocating 
 Small   0x0000000110000000 0x0000000110200000 0x0000000110200000 Y/7     Allocating 
 Small   0x0000000110200000 0x00000001103bab80 0x0000000110400000 Y/7     Allocating 
 Small   0x0000000110400000 0x0000000110600000 0x0000000110600000 Y/7     Allocating 
 Small   0x0000000110600000 0x0000000110800000 0x0000000110800000 Y/7     Allocating 
 Small   0x0000000110800000 0x0000000110a00000 0x0000000110a00000 Y/7     Allocating 
 Small   0x0000000110a00000 0x0000000110c00000 0x0000000110c00000 Y/7     Allocating 
 Small   0x0000000110c00000 0x0000000110e00000 0x0000000110e00000 Y/7     Allocating 
 Small   0x0000000110e00000 0x0000000111000000 0x0000000111000000 Y/7     Allocating 
 Small   0x0000000111000000 0x0000000111200000 0x0000000111200000 Y/7     Allocating 
 Small   0x0000000111200000 0x0000000111400000 0x0000000111400000 Y/7     Allocating 
 Small   0x0000000111400000 0x0000000111600000 0x0000000111600000 Y/7     Allocating 
 Small   0x0000000111600000 0x0000000111755b58 0x0000000111800000 O/7     Allocating 
 Small   0x0000000111800000 0x0000000111a00000 0x0000000111a00000 Y/7     Allocating 
 Small   0x0000000111a00000 0x0000000111c00000 0x0000000111c00000 Y/7     Allocating 
 Small   0x0000000111c00000 0x0000000111e00000 0x0000000111e00000 Y/7     Allocating 
 Small   0x0000000111e00000 0x0000000112000000 0x0000000112000000 Y/7     Allocating 
 Small   0x0000000112000000 0x0000000112200000 0x0000000112200000 Y/7     Allocating 
 Small   0x0000000112200000 0x0000000112400000 0x0000000112400000 Y/7     Allocating 
 Small   0x0000000112400000 0x0000000112600000 0x0000000112600000 Y/7     Allocating 
 Small   0x0000000112600000 0x0000000112800000 0x0000000112800000 Y/7     Allocating 
 Small   0x0000000112800000 0x0000000112a00000 0x0000000112a00000 Y/7     Allocating 
 Small   0x0000000112a00000 0x0000000112c00000 0x0000000112c00000 Y/7     Allocating 
 Small   0x0000000112c00000 0x0000000112dfff60 0x0000000112e00000 Y/7     Allocating 
 Small   0x0000000112e00000 0x0000000113000000 0x0000000113000000 Y/7     Allocating 
 Small   0x0000000113000000 0x0000000113200000 0x0000000113200000 Y/7     Allocating 
 Small   0x0000000113200000 0x0000000113400000 0x0000000113400000 Y/7     Allocating 
 Small   0x0000000113400000 0x0000000113600000 0x0000000113600000 Y/7     Allocating 
 Small   0x0000000113600000 0x0000000113800000 0x0000000113800000 Y/7     Allocating 
 Small   0x0000000113800000 0x00000001139fff90 0x0000000113a00000 Y/7     Allocating 
 Small   0x0000000113a00000 0x0000000113c00000 0x0000000113c00000 Y/7     Allocating 
 Small   0x0000000113c00000 0x0000000113e00000 0x0000000113e00000 Y/7     Allocating 
 Small   0x0000000113e00000 0x0000000113ea02b8 0x0000000114000000 Y/7     Allocating 
 Small   0x0000000114000000 0x0000000114200000 0x0000000114200000 Y/7     Allocating 
 Small   0x0000000114200000 0x000000011427e2c8 0x0000000114400000 Y/7     Allocating 
 Small   0x0000000114400000 0x0000000114600000 0x0000000114600000 Y/7     Allocating 
 Small   0x0000000114600000 0x0000000114600128 0x0000000114800000 Y/7     Allocating 
 Small   0x0000000114800000 0x0000000114a00000 0x0000000114a00000 Y/7     Allocating 
 Small   0x0000000114a00000 0x0000000114a35588 0x0000000114c00000 Y/7     Allocating 
 Small   0x0000000114c00000 0x0000000114e00000 0x0000000114e00000 Y/7     Allocating 
 Small   0x0000000114e00000 0x0000000114fffff0 0x0000000115000000 Y/7     Allocating 
 Small   0x0000000115000000 0x0000000115200000 0x0000000115200000 Y/7     Allocating 
 Small   0x0000000115200000 0x0000000115400000 0x0000000115400000 Y/7     Allocating 
 Small   0x0000000115400000 0x0000000115600000 0x0000000115600000 Y/7     Allocating 
 Small   0x0000000115600000 0x0000000115800000 0x0000000115800000 Y/7     Allocating 
 Small   0x0000000115800000 0x0000000115a00000 0x0000000115a00000 Y/7     Allocating 
 Small   0x0000000115a00000 0x0000000115c00000 0x0000000115c00000 Y/7     Allocating 
 Small   0x0000000115c00000 0x0000000115e00000 0x0000000115e00000 Y/7     Allocating 
 Small   0x0000000115e00000 0x0000000116000000 0x0000000116000000 Y/7     Allocating 
 Small   0x0000000116000000 0x00000001161ffff0 0x0000000116200000 Y/7     Allocating 
 Small   0x0000000116200000 0x0000000116400000 0x0000000116400000 Y/7     Allocating 
 Small   0x0000000116400000 0x0000000116600000 0x0000000116600000 Y/7     Allocating 
 Small   0x0000000116600000 0x0000000116800000 0x0000000116800000 Y/7     Allocating 
 Small   0x0000000116800000 0x0000000116a00000 0x0000000116a00000 Y/7     Allocating 
 Small   0x0000000116a00000 0x0000000116c00000 0x0000000116c00000 Y/7     Allocating 
 Small   0x0000000116c00000 0x0000000116e00000 0x0000000116e00000 Y/7     Allocating 
 Small   0x0000000116e00000 0x0000000117000000 0x0000000117000000 Y/7     Allocating 
 Small   0x0000000117000000 0x0000000117200000 0x0000000117200000 Y/7     Allocating 
 Small   0x0000000117200000 0x0000000117400000 0x0000000117400000 Y/7     Allocating 
 Small   0x0000000117400000 0x0000000117600000 0x0000000117600000 Y/7     Allocating 
 Small   0x0000000117600000 0x0000000117800000 0x0000000117800000 Y/7     Allocating 
 Small   0x0000000117800000 0x0000000117a00000 0x0000000117a00000 Y/7     Allocating 
 Small   0x0000000117a00000 0x0000000117c00000 0x0000000117c00000 Y/7     Allocating 
 Small   0x0000000117c00000 0x0000000117e00000 0x0000000117e00000 Y/7     Allocating 
 Small   0x0000000117e00000 0x0000000118000000 0x0000000118000000 Y/7     Allocating 
 Small   0x0000000118000000 0x0000000118200000 0x0000000118200000 Y/7     Allocating 
 Small   0x0000000118200000 0x0000000118400000 0x0000000118400000 Y/7     Allocating 
 Small   0x0000000118400000 0x0000000118600000 0x0000000118600000 Y/7     Allocating 
 Small   0x0000000118600000 0x0000000118800000 0x0000000118800000 Y/7     Allocating 
 Small   0x0000000118800000 0x0000000118a00000 0x0000000118a00000 Y/7     Allocating 
 Small   0x0000000118a00000 0x0000000118c00000 0x0000000118c00000 Y/7     Allocating 
 Small   0x0000000118c00000 0x0000000118e00000 0x0000000118e00000 Y/7     Allocating 
 Small   0x0000000118e00000 0x0000000119000000 0x0000000119000000 Y/7     Allocating 
 Small   0x0000000119000000 0x0000000119200000 0x0000000119200000 Y/7     Allocating 
 Small   0x0000000119200000 0x0000000119400000 0x0000000119400000 Y/7     Allocating 
 Small   0x0000000119400000 0x0000000119600000 0x0000000119600000 Y/7     Allocating 
 Small   0x0000000119600000 0x0000000119800000 0x0000000119800000 Y/7     Allocating 
 Small   0x0000000119800000 0x0000000119a00000 0x0000000119a00000 Y/7     Allocating 
 Small   0x0000000119a00000 0x0000000119c00000 0x0000000119c00000 Y/7     Allocating 
 Small   0x0000000119c00000 0x0000000119e00000 0x0000000119e00000 Y/7     Allocating 
 Small   0x0000000119e00000 0x000000011a000000 0x000000011a000000 Y/7     Allocating 
 Small   0x000000011a000000 0x000000011a200000 0x000000011a200000 Y/7     Allocating 
 Small   0x000000011a200000 0x000000011a400000 0x000000011a400000 Y/7     Allocating 
 Small   0x000000011a400000 0x000000011a600000 0x000000011a600000 Y/7     Allocating 
 Small   0x000000011a600000 0x000000011a800000 0x000000011a800000 Y/7     Allocating 
 Small   0x000000011a800000 0x000000011aa00000 0x000000011aa00000 Y/7     Allocating 
 Small   0x000000011aa00000 0x000000011ac00000 0x000000011ac00000 Y/7     Allocating 
 Small   0x000000011ac00000 0x000000011ae00000 0x000000011ae00000 Y/7     Allocating 
 Small   0x000000011ae00000 0x000000011b000000 0x000000011b000000 Y/7     Allocating 
 Small   0x000000011b000000 0x000000011b200000 0x000000011b200000 Y/7     Allocating 
 Small   0x000000011b200000 0x000000011b400000 0x000000011b400000 Y/7     Allocating 
 Small   0x000000011b400000 0x000000011b600000 0x000000011b600000 Y/7     Allocating 
 Small   0x000000011b600000 0x000000011b800000 0x000000011b800000 Y/7     Allocating 
 Small   0x000000011b800000 0x000000011ba00000 0x000000011ba00000 Y/7     Allocating 
 Small   0x000000011ba00000 0x000000011bc00000 0x000000011bc00000 Y/7     Allocating 
 Small   0x000000011bc00000 0x000000011be00000 0x000000011be00000 Y/7     Allocating 
 Small   0x000000011be00000 0x000000011c000000 0x000000011c000000 Y/7     Allocating 
 Small   0x000000011c000000 0x000000011c200000 0x000000011c200000 Y/7     Allocating 
 Small   0x000000011c200000 0x000000011c400000 0x000000011c400000 Y/7     Allocating 
 Small   0x000000011c400000 0x000000011c600000 0x000000011c600000 Y/7     Allocating 
 Small   0x000000011c600000 0x000000011c800000 0x000000011c800000 Y/7     Allocating 
 Small   0x000000011c800000 0x000000011ca00000 0x000000011ca00000 Y/7     Allocating 
 Small   0x000000011ca00000 0x000000011cc00000 0x000000011cc00000 Y/7     Allocating 
 Small   0x000000011cc00000 0x000000011ce00000 0x000000011ce00000 Y/7     Allocating 
 Small   0x000000011ce00000 0x000000011d000000 0x000000011d000000 Y/7     Allocating 
 Small   0x000000011d000000 0x000000011d200000 0x000000011d200000 Y/7     Allocating 
 Small   0x000000011d200000 0x000000011d400000 0x000000011d400000 Y/7     Allocating 
 Small   0x000000011d400000 0x000000011d600000 0x000000011d600000 Y/7     Allocating 
 Small   0x000000011d600000 0x000000011d800000 0x000000011d800000 Y/7     Allocating 
 Small   0x000000011d800000 0x000000011da00000 0x000000011da00000 Y/7     Allocating 
 Small   0x000000011da00000 0x000000011dc00000 0x000000011dc00000 Y/7     Allocating 
 Small   0x000000011dc00000 0x000000011de00000 0x000000011de00000 Y/7     Allocating 
 Small   0x000000011de00000 0x000000011e000000 0x000000011e000000 Y/7     Allocating 
 Small   0x000000011e000000 0x000000011e200000 0x000000011e200000 Y/7     Allocating 
 Small   0x000000011e200000 0x000000011e400000 0x000000011e400000 Y/7     Allocating 
 Small   0x000000011e400000 0x000000011e600000 0x000000011e600000 Y/7     Allocating 
 Small   0x000000011e600000 0x000000011e800000 0x000000011e800000 Y/7     Allocating 
 Small   0x000000011e800000 0x000000011ea00000 0x000000011ea00000 Y/7     Allocating 
 Small   0x000000011ea00000 0x000000011ec00000 0x000000011ec00000 Y/7     Allocating 
 Small   0x000000011ec00000 0x000000011ee00000 0x000000011ee00000 Y/7     Allocating 
 Small   0x000000011ee00000 0x000000011f000000 0x000000011f000000 Y/7     Allocating 
 Small   0x000000011f000000 0x000000011f200000 0x000000011f200000 Y/7     Allocating 
 Small   0x000000011f200000 0x000000011f400000 0x000000011f400000 Y/7     Allocating 
 Small   0x000000011f400000 0x000000011f600000 0x000000011f600000 Y/7     Allocating 
 Small   0x000000011f600000 0x000000011f800000 0x000000011f800000 Y/7     Allocating 
 Small   0x000000011f800000 0x000000011fa00000 0x000000011fa00000 Y/7     Allocating 
 Small   0x000000011fa00000 0x000000011fc00000 0x000000011fc00000 Y/7     Allocating 
 Small   0x000000011fc00000 0x000000011fe00000 0x000000011fe00000 Y/7     Allocating 
 Small   0x000000011fe00000 0x0000000120000000 0x0000000120000000 Y/7     Allocating 
 Small   0x0000000120000000 0x0000000120200000 0x0000000120200000 Y/7     Allocating 
 Small   0x0000000120200000 0x0000000120400000 0x0000000120400000 Y/7     Allocating 
 Small   0x0000000120400000 0x0000000120600000 0x0000000120600000 Y/7     Allocating 
 Small   0x0000000120600000 0x0000000120800000 0x0000000120800000 Y/7     Allocating 
 Small   0x0000000120800000 0x0000000120a00000 0x0000000120a00000 Y/7     Allocating 
 Small   0x0000000120a00000 0x0000000120c00000 0x0000000120c00000 Y/7     Allocating 
 Small   0x0000000120c00000 0x0000000120e00000 0x0000000120e00000 Y/7     Allocating 
 Small   0x0000000120e00000 0x0000000121000000 0x0000000121000000 Y/7     Allocating 
 Small   0x0000000121000000 0x0000000121200000 0x0000000121200000 Y/7     Allocating 
 Small   0x0000000121200000 0x0000000121400000 0x0000000121400000 Y/7     Allocating 
 Small   0x0000000121400000 0x0000000121600000 0x0000000121600000 Y/7     Allocating 
 Small   0x0000000121600000 0x0000000121800000 0x0000000121800000 Y/7     Allocating 
 Small   0x0000000121800000 0x0000000121a00000 0x0000000121a00000 Y/7     Allocating 
 Small   0x0000000121a00000 0x0000000121c00000 0x0000000121c00000 Y/7     Allocating 
 Small   0x0000000121c00000 0x0000000121e00000 0x0000000121e00000 Y/7     Allocating 
 Small   0x0000000121e00000 0x0000000122000000 0x0000000122000000 Y/7     Allocating 
 Small   0x0000000122000000 0x0000000122200000 0x0000000122200000 Y/7     Allocating 
 Small   0x0000000122200000 0x0000000122400000 0x0000000122400000 Y/7     Allocating 
 Small   0x0000000122400000 0x0000000122600000 0x0000000122600000 Y/7     Allocating 
 Small   0x0000000122600000 0x0000000122800000 0x0000000122800000 Y/7     Allocating 
 Small   0x0000000122800000 0x0000000122a00000 0x0000000122a00000 Y/7     Allocating 
 Small   0x0000000122a00000 0x0000000122c00000 0x0000000122c00000 Y/7     Allocating 
 Small   0x0000000122c00000 0x0000000122e00000 0x0000000122e00000 Y/7     Allocating 
 Small   0x0000000122e00000 0x0000000123000000 0x0000000123000000 Y/7     Allocating 
 Small   0x0000000123000000 0x0000000123200000 0x0000000123200000 Y/7     Allocating 
 Small   0x0000000123200000 0x0000000123400000 0x0000000123400000 Y/7     Allocating 
 Small   0x0000000123400000 0x0000000123600000 0x0000000123600000 Y/7     Allocating 
 Small   0x0000000123600000 0x0000000123800000 0x0000000123800000 Y/7     Allocating 
 Small   0x0000000123800000 0x0000000123a00000 0x0000000123a00000 Y/7     Allocating 
 Small   0x0000000123a00000 0x0000000123c00000 0x0000000123c00000 Y/7     Allocating 
 Small   0x0000000123c00000 0x0000000123e00000 0x0000000123e00000 Y/7     Allocating 
 Small   0x0000000123e00000 0x0000000124000000 0x0000000124000000 Y/7     Allocating 
 Small   0x0000000124000000 0x0000000124200000 0x0000000124200000 Y/7     Allocating 
 Small   0x0000000124200000 0x0000000124400000 0x0000000124400000 Y/7     Allocating 
 Small   0x0000000124400000 0x0000000124600000 0x0000000124600000 Y/7     Allocating 
 Small   0x0000000124600000 0x0000000124800000 0x0000000124800000 Y/7     Allocating 
 Small   0x0000000124800000 0x0000000124a00000 0x0000000124a00000 Y/7     Allocating 
 Small   0x0000000124a00000 0x0000000124c00000 0x0000000124c00000 Y/7     Allocating 
 Small   0x0000000124c00000 0x0000000124e00000 0x0000000124e00000 Y/7     Allocating 
 Small   0x0000000124e00000 0x0000000125000000 0x0000000125000000 Y/7     Allocating 
 Small   0x0000000125000000 0x0000000125200000 0x0000000125200000 Y/7     Allocating 
 Small   0x0000000125200000 0x0000000125400000 0x0000000125400000 Y/7     Allocating 
 Small   0x0000000125400000 0x0000000125600000 0x0000000125600000 Y/7     Allocating 
 Small   0x0000000125600000 0x0000000125800000 0x0000000125800000 Y/7     Allocating 
 Small   0x0000000125800000 0x0000000125a00000 0x0000000125a00000 Y/7     Allocating 
 Small   0x0000000125a00000 0x0000000125c00000 0x0000000125c00000 Y/7     Allocating 
 Small   0x0000000125c00000 0x0000000125e00000 0x0000000125e00000 Y/7     Allocating 
 Small   0x0000000125e00000 0x0000000126000000 0x0000000126000000 Y/7     Allocating 
 Small   0x0000000126000000 0x0000000126200000 0x0000000126200000 Y/7     Allocating 
 Small   0x0000000126200000 0x0000000126400000 0x0000000126400000 Y/7     Allocating 
 Small   0x0000000126400000 0x0000000126600000 0x0000000126600000 Y/7     Allocating 
 Small   0x0000000126600000 0x0000000126800000 0x0000000126800000 Y/7     Allocating 
 Small   0x0000000126800000 0x0000000126a00000 0x0000000126a00000 Y/7     Allocating 
 Small   0x0000000126a00000 0x0000000126c00000 0x0000000126c00000 Y/7     Allocating 
 Small   0x0000000126c00000 0x0000000126e00000 0x0000000126e00000 Y/7     Allocating 
 Small   0x0000000126e00000 0x0000000127000000 0x0000000127000000 Y/7     Allocating 
 Small   0x0000000127000000 0x0000000127200000 0x0000000127200000 Y/7     Allocating 
 Small   0x0000000127200000 0x0000000127400000 0x0000000127400000 Y/7     Allocating 
 Small   0x0000000127400000 0x0000000127600000 0x0000000127600000 Y/7     Allocating 
 Small   0x0000000127600000 0x0000000127800000 0x0000000127800000 Y/7     Allocating 
 Small   0x0000000127800000 0x0000000127a00000 0x0000000127a00000 Y/7     Allocating 
 Small   0x0000000127a00000 0x0000000127c00000 0x0000000127c00000 Y/7     Allocating 
 Small   0x0000000127c00000 0x0000000127e00000 0x0000000127e00000 Y/7     Allocating 
 Small   0x0000000127e00000 0x0000000128000000 0x0000000128000000 Y/7     Allocating 
 Small   0x0000000128000000 0x0000000128200000 0x0000000128200000 Y/7     Allocating 
 Small   0x0000000128200000 0x0000000128400000 0x0000000128400000 Y/7     Allocating 
 Small   0x0000000128400000 0x00000001285ffff8 0x0000000128600000 Y/7     Allocating 
 Small   0x0000000128600000 0x00000001286aab00 0x0000000128800000 Y/7     Allocating 
 Small   0x0000000128800000 0x0000000128a00000 0x0000000128a00000 Y/7     Allocating 
 Small   0x0000000128a00000 0x0000000128c00000 0x0000000128c00000 Y/7     Allocating 
 Small   0x0000000128c00000 0x0000000128e00000 0x0000000128e00000 Y/7     Allocating 
 Small   0x0000000128e00000 0x0000000129000000 0x0000000129000000 Y/7     Allocating 
 Small   0x0000000129000000 0x0000000129200000 0x0000000129200000 Y/7     Allocating 
 Small   0x0000000129200000 0x00000001292000b0 0x0000000129400000 Y/7     Allocating 
 Small   0x0000000129400000 0x0000000129600000 0x0000000129600000 Y/7     Allocating 
 Small   0x0000000129600000 0x0000000129800000 0x0000000129800000 Y/7     Allocating 
 Small   0x0000000129800000 0x0000000129a00000 0x0000000129a00000 Y/7     Allocating 
 Small   0x0000000129a00000 0x0000000129c00000 0x0000000129c00000 Y/7     Allocating 
 Small   0x0000000129c00000 0x0000000129e00000 0x0000000129e00000 Y/7     Allocating 
 Small   0x0000000129e00000 0x0000000129ffffe0 0x000000012a000000 Y/7     Allocating 
 Small   0x000000012a000000 0x000000012a200000 0x000000012a200000 Y/7     Allocating 
 Small   0x000000012a200000 0x000000012a400000 0x000000012a400000 Y/7     Allocating 
 Small   0x000000012a400000 0x000000012a5fff88 0x000000012a600000 Y/7     Allocating 
 Small   0x000000012a600000 0x000000012a800000 0x000000012a800000 Y/7     Allocating 
 Small   0x000000012a800000 0x000000012aa00000 0x000000012aa00000 Y/7     Allocating 
 Small   0x000000012aa00000 0x000000012ac00000 0x000000012ac00000 Y/7     Allocating 
 Small   0x000000012ac00000 0x000000012ae00000 0x000000012ae00000 Y/7     Allocating 
 Small   0x000000012ae00000 0x000000012b000000 0x000000012b000000 Y/7     Allocating 
 Small   0x000000012b000000 0x000000012b200000 0x000000012b200000 Y/7     Allocating 
 Small   0x000000012b200000 0x000000012b400000 0x000000012b400000 Y/7     Allocating 
 Small   0x000000012b400000 0x000000012b600000 0x000000012b600000 Y/7     Allocating 
 Small   0x000000012b600000 0x000000012b800000 0x000000012b800000 Y/7     Allocating 
 Small   0x000000012b800000 0x000000012ba00000 0x000000012ba00000 Y/7     Allocating 
 Small   0x000000012ba00000 0x000000012bc00000 0x000000012bc00000 Y/7     Allocating 
 Small   0x000000012bc00000 0x000000012be00000 0x000000012be00000 Y/7     Allocating 
 Small   0x000000012be00000 0x000000012c000000 0x000000012c000000 Y/7     Allocating 
 Small   0x000000012c000000 0x000000012c200000 0x000000012c200000 Y/7     Allocating 
 Small   0x000000012c200000 0x000000012c400000 0x000000012c400000 Y/7     Allocating 
 Small   0x000000012c400000 0x000000012c600000 0x000000012c600000 Y/7     Allocating 
 Small   0x000000012c600000 0x000000012c800000 0x000000012c800000 Y/7     Allocating 
 Small   0x000000012c800000 0x000000012ca00000 0x000000012ca00000 Y/7     Allocating 
 Small   0x000000012ca00000 0x000000012cc00000 0x000000012cc00000 Y/7     Allocating 
 Small   0x000000012cc00000 0x000000012ce00000 0x000000012ce00000 Y/7     Allocating 
 Small   0x000000012ce00000 0x000000012d000000 0x000000012d000000 Y/7     Allocating 
 Small   0x000000012d000000 0x000000012d200000 0x000000012d200000 Y/7     Allocating 
 Small   0x000000012d200000 0x000000012d400000 0x000000012d400000 Y/7     Allocating 
 Small   0x000000012d400000 0x000000012d600000 0x000000012d600000 Y/7     Allocating 
 Small   0x000000012d600000 0x000000012d800000 0x000000012d800000 Y/7     Allocating 
 Small   0x000000012d800000 0x000000012da00000 0x000000012da00000 Y/7     Allocating 
 Small   0x000000012da00000 0x000000012dc00000 0x000000012dc00000 Y/7     Allocating 
 Small   0x000000012dc00000 0x000000012de00000 0x000000012de00000 Y/7     Allocating 
 Small   0x000000012de00000 0x000000012e000000 0x000000012e000000 Y/7     Allocating 
 Small   0x000000012e000000 0x000000012e200000 0x000000012e200000 Y/7     Allocating 
 Small   0x000000012e200000 0x000000012e400000 0x000000012e400000 Y/7     Allocating 
 Small   0x000000012e400000 0x000000012e600000 0x000000012e600000 Y/7     Allocating 
 Small   0x000000012e600000 0x000000012e800000 0x000000012e800000 Y/7     Allocating 
 Small   0x000000012e800000 0x000000012ea00000 0x000000012ea00000 Y/7     Allocating 
 Small   0x000000012ea00000 0x000000012ec00000 0x000000012ec00000 Y/7     Allocating 
 Small   0x000000012ec00000 0x000000012ee00000 0x000000012ee00000 Y/7     Allocating 
 Small   0x000000012ee00000 0x000000012f000000 0x000000012f000000 Y/7     Allocating 
 Small   0x000000012f000000 0x000000012f200000 0x000000012f200000 Y/7     Allocating 
 Small   0x000000012f200000 0x000000012f400000 0x000000012f400000 Y/7     Allocating 
 Small   0x000000012f400000 0x000000012f600000 0x000000012f600000 Y/7     Allocating 
 Small   0x000000012f600000 0x000000012f800000 0x000000012f800000 Y/7     Allocating 
 Small   0x000000012f800000 0x000000012fa00000 0x000000012fa00000 Y/7     Allocating 
 Small   0x000000012fa00000 0x000000012fc00000 0x000000012fc00000 Y/7     Allocating 
 Small   0x000000012fc00000 0x000000012fe00000 0x000000012fe00000 Y/7     Allocating 
 Small   0x000000012fe00000 0x0000000130000000 0x0000000130000000 Y/7     Allocating 
 Small   0x0000000130000000 0x0000000130200000 0x0000000130200000 Y/7     Allocating 
 Small   0x0000000130200000 0x0000000130400000 0x0000000130400000 Y/7     Allocating 
 Small   0x0000000130400000 0x0000000130600000 0x0000000130600000 Y/7     Allocating 
 Small   0x0000000130600000 0x0000000130800000 0x0000000130800000 Y/7     Allocating 
 Small   0x0000000130800000 0x0000000130a00000 0x0000000130a00000 Y/7     Allocating 
 Small   0x0000000130a00000 0x0000000130c00000 0x0000000130c00000 Y/7     Allocating 
 Small   0x0000000130c00000 0x0000000130e00000 0x0000000130e00000 Y/7     Allocating 
 Small   0x0000000130e00000 0x0000000131000000 0x0000000131000000 Y/7     Allocating 
 Small   0x0000000131000000 0x0000000131200000 0x0000000131200000 Y/7     Allocating 
 Small   0x0000000131200000 0x0000000131400000 0x0000000131400000 Y/7     Allocating 
 Small   0x0000000131400000 0x0000000131600000 0x0000000131600000 Y/7     Allocating 
 Small   0x0000000131600000 0x0000000131800000 0x0000000131800000 Y/7     Allocating 
 Small   0x0000000131800000 0x0000000131a00000 0x0000000131a00000 Y/7     Allocating 
 Small   0x0000000131a00000 0x0000000131c00000 0x0000000131c00000 Y/7     Allocating 
 Small   0x0000000131c00000 0x0000000131e00000 0x0000000131e00000 Y/7     Allocating 
 Small   0x0000000131e00000 0x0000000132000000 0x0000000132000000 Y/7     Allocating 
 Small   0x0000000132000000 0x0000000132200000 0x0000000132200000 Y/7     Allocating 
 Small   0x0000000132200000 0x0000000132400000 0x0000000132400000 Y/7     Allocating 
 Small   0x0000000132400000 0x0000000132600000 0x0000000132600000 Y/7     Allocating 
 Small   0x0000000132600000 0x0000000132800000 0x0000000132800000 Y/7     Allocating 
 Small   0x0000000132800000 0x0000000132a00000 0x0000000132a00000 Y/7     Allocating 
 Small   0x0000000132a00000 0x0000000132c00000 0x0000000132c00000 Y/7     Allocating 
 Small   0x0000000132c00000 0x0000000132e00000 0x0000000132e00000 Y/7     Allocating 
 Small   0x0000000132e00000 0x0000000133000000 0x0000000133000000 Y/7     Allocating 
 Small   0x0000000133000000 0x0000000133200000 0x0000000133200000 Y/7     Allocating 
 Small   0x0000000133200000 0x0000000133400000 0x0000000133400000 Y/7     Allocating 
 Small   0x0000000133400000 0x0000000133600000 0x0000000133600000 Y/7     Allocating 
 Small   0x0000000133600000 0x0000000133800000 0x0000000133800000 Y/7     Allocating 
 Small   0x0000000133800000 0x0000000133a00000 0x0000000133a00000 Y/7     Allocating 
 Small   0x0000000133a00000 0x0000000133c00000 0x0000000133c00000 Y/7     Allocating 
 Small   0x0000000133c00000 0x0000000133e00000 0x0000000133e00000 Y/7     Allocating 
 Small   0x0000000133e00000 0x0000000134000000 0x0000000134000000 Y/7     Allocating 
 Small   0x0000000134000000 0x0000000134200000 0x0000000134200000 Y/7     Allocating 
 Small   0x0000000134200000 0x0000000134400000 0x0000000134400000 Y/7     Allocating 
 Small   0x0000000134400000 0x0000000134600000 0x0000000134600000 Y/7     Allocating 
 Small   0x0000000134600000 0x0000000134800000 0x0000000134800000 Y/7     Allocating 
 Small   0x0000000134800000 0x0000000134a00000 0x0000000134a00000 Y/7     Allocating 
 Small   0x0000000134a00000 0x0000000134c00000 0x0000000134c00000 Y/7     Allocating 
 Small   0x0000000134c00000 0x0000000134e00000 0x0000000134e00000 Y/7     Allocating 
 Small   0x0000000134e00000 0x0000000135000000 0x0000000135000000 Y/7     Allocating 
 Small   0x0000000135000000 0x0000000135200000 0x0000000135200000 Y/7     Allocating 
 Small   0x0000000135200000 0x0000000135400000 0x0000000135400000 Y/7     Allocating 
 Small   0x0000000135400000 0x0000000135600000 0x0000000135600000 Y/7     Allocating 
 Small   0x0000000135600000 0x0000000135800000 0x0000000135800000 Y/7     Allocating 
 Small   0x0000000135800000 0x0000000135a00000 0x0000000135a00000 Y/7     Allocating 
 Small   0x0000000135a00000 0x0000000135c00000 0x0000000135c00000 Y/7     Allocating 
 Small   0x0000000135c00000 0x0000000135e00000 0x0000000135e00000 Y/7     Allocating 
 Small   0x0000000135e00000 0x0000000136000000 0x0000000136000000 Y/7     Allocating 
 Small   0x0000000136000000 0x0000000136200000 0x0000000136200000 Y/7     Allocating 
 Small   0x0000000136200000 0x0000000136400000 0x0000000136400000 Y/7     Allocating 
 Small   0x0000000136400000 0x0000000136600000 0x0000000136600000 Y/7     Allocating 
 Small   0x0000000136600000 0x0000000136800000 0x0000000136800000 Y/7     Allocating 
 Small   0x0000000136800000 0x0000000136a00000 0x0000000136a00000 Y/7     Allocating 
 Small   0x0000000136a00000 0x0000000136c00000 0x0000000136c00000 Y/7     Allocating 
 Small   0x0000000136c00000 0x0000000136e00000 0x0000000136e00000 Y/7     Allocating 
 Small   0x0000000136e00000 0x0000000137000000 0x0000000137000000 Y/7     Allocating 
 Small   0x0000000137000000 0x0000000137200000 0x0000000137200000 Y/7     Allocating 
 Small   0x0000000137200000 0x0000000137400000 0x0000000137400000 Y/7     Allocating 
 Small   0x0000000137400000 0x0000000137600000 0x0000000137600000 Y/7     Allocating 
 Small   0x0000000137600000 0x0000000137800000 0x0000000137800000 Y/7     Allocating 
 Small   0x0000000137800000 0x0000000137a00000 0x0000000137a00000 Y/7     Allocating 
 Small   0x0000000137a00000 0x0000000137c00000 0x0000000137c00000 Y/7     Allocating 
 Small   0x0000000137c00000 0x0000000137e00000 0x0000000137e00000 Y/7     Allocating 
 Small   0x0000000137e00000 0x0000000138000000 0x0000000138000000 Y/7     Allocating 
 Small   0x0000000138000000 0x0000000138200000 0x0000000138200000 Y/7     Allocating 
 Small   0x0000000138200000 0x0000000138400000 0x0000000138400000 Y/7     Allocating 
 Small   0x0000000138400000 0x0000000138600000 0x0000000138600000 Y/7     Allocating 
 Small   0x0000000138600000 0x0000000138800000 0x0000000138800000 Y/7     Allocating 
 Small   0x0000000138800000 0x0000000138a00000 0x0000000138a00000 Y/7     Allocating 
 Small   0x0000000138a00000 0x0000000138c00000 0x0000000138c00000 Y/7     Allocating 
 Small   0x0000000138c00000 0x0000000138e00000 0x0000000138e00000 Y/7     Allocating 
 Small   0x0000000138e00000 0x0000000139000000 0x0000000139000000 Y/7     Allocating 
 Small   0x0000000139000000 0x0000000139200000 0x0000000139200000 Y/7     Allocating 
 Small   0x0000000139200000 0x0000000139400000 0x0000000139400000 Y/7     Allocating 
 Small   0x0000000139400000 0x0000000139600000 0x0000000139600000 Y/7     Allocating 
 Small   0x0000000139600000 0x0000000139800000 0x0000000139800000 Y/7     Allocating 
 Small   0x0000000139800000 0x0000000139a00000 0x0000000139a00000 Y/7     Allocating 
 Small   0x0000000139a00000 0x0000000139c00000 0x0000000139c00000 Y/7     Allocating 
 Small   0x0000000139c00000 0x0000000139e00000 0x0000000139e00000 Y/7     Allocating 
 Small   0x0000000139e00000 0x000000013a000000 0x000000013a000000 Y/7     Allocating 
 Small   0x000000013a000000 0x000000013a200000 0x000000013a200000 Y/7     Allocating 
 Small   0x000000013a200000 0x000000013a400000 0x000000013a400000 Y/7     Allocating 
 Small   0x000000013a400000 0x000000013a600000 0x000000013a600000 Y/7     Allocating 
 Small   0x000000013a600000 0x000000013a800000 0x000000013a800000 Y/7     Allocating 
 Small   0x000000013a800000 0x000000013aa00000 0x000000013aa00000 Y/7     Allocating 
 Small   0x000000013aa00000 0x000000013ac00000 0x000000013ac00000 Y/7     Allocating 
 Small   0x000000013ac00000 0x000000013ae00000 0x000000013ae00000 Y/7     Allocating 
 Small   0x000000013ae00000 0x000000013b000000 0x000000013b000000 Y/7     Allocating 
 Small   0x000000013b000000 0x000000013b200000 0x000000013b200000 Y/7     Allocating 
 Small   0x000000013b200000 0x000000013b400000 0x000000013b400000 Y/7     Allocating 
 Small   0x000000013b400000 0x000000013b600000 0x000000013b600000 Y/7     Allocating 
 Small   0x000000013b600000 0x000000013b800000 0x000000013b800000 Y/7     Allocating 
 Small   0x000000013b800000 0x000000013ba00000 0x000000013ba00000 Y/7     Allocating 
 Small   0x000000013ba00000 0x000000013bc00000 0x000000013bc00000 Y/7     Allocating 
 Small   0x000000013bc00000 0x000000013be00000 0x000000013be00000 Y/7     Allocating 
 Small   0x000000013be00000 0x000000013c000000 0x000000013c000000 Y/7     Allocating 
 Small   0x000000013c000000 0x000000013c200000 0x000000013c200000 Y/7     Allocating 
 Small   0x000000013c200000 0x000000013c400000 0x000000013c400000 Y/7     Allocating 
 Small   0x000000013c400000 0x000000013c600000 0x000000013c600000 Y/7     Allocating 
 Small   0x000000013c600000 0x000000013c800000 0x000000013c800000 Y/7     Allocating 
 Small   0x000000013c800000 0x000000013ca00000 0x000000013ca00000 Y/7     Allocating 
 Small   0x000000013ca00000 0x000000013cc00000 0x000000013cc00000 Y/7     Allocating 
 Small   0x000000013cc00000 0x000000013ce00000 0x000000013ce00000 Y/7     Allocating 
 Small   0x000000013ce00000 0x000000013d000000 0x000000013d000000 Y/7     Allocating 
 Small   0x000000013d000000 0x000000013d200000 0x000000013d200000 Y/7     Allocating 
 Small   0x000000013d200000 0x000000013d400000 0x000000013d400000 Y/7     Allocating 
 Small   0x000000013d400000 0x000000013d600000 0x000000013d600000 Y/7     Allocating 
 Small   0x000000013d600000 0x000000013d800000 0x000000013d800000 Y/7     Allocating 
 Small   0x000000013d800000 0x000000013da00000 0x000000013da00000 Y/7     Allocating 
 Small   0x000000013da00000 0x000000013dc00000 0x000000013dc00000 Y/7     Allocating 
 Small   0x000000013dc00000 0x000000013de00000 0x000000013de00000 Y/7     Allocating 
 Small   0x000000013de00000 0x000000013e000000 0x000000013e000000 Y/7     Allocating 
 Small   0x000000013e000000 0x000000013e200000 0x000000013e200000 Y/7     Allocating 
 Small   0x000000013e200000 0x000000013e400000 0x000000013e400000 Y/7     Allocating 
 Small   0x000000013e400000 0x000000013e600000 0x000000013e600000 Y/7     Allocating 
 Small   0x000000013e600000 0x000000013e800000 0x000000013e800000 Y/7     Allocating 
 Small   0x000000013e800000 0x000000013ea00000 0x000000013ea00000 Y/7     Allocating 
 Small   0x000000013ea00000 0x000000013ec00000 0x000000013ec00000 Y/7     Allocating 
 Small   0x000000013ec00000 0x000000013ee00000 0x000000013ee00000 Y/7     Allocating 
 Small   0x000000013ee00000 0x000000013f000000 0x000000013f000000 Y/7     Allocating 
 Small   0x000000013f000000 0x000000013f200000 0x000000013f200000 Y/7     Allocating 
 Small   0x000000013f200000 0x000000013f400000 0x000000013f400000 Y/7     Allocating 
 Small   0x000000013f400000 0x000000013f600000 0x000000013f600000 Y/7     Allocating 
 Small   0x000000013f600000 0x000000013f800000 0x000000013f800000 Y/7     Allocating 
 Small   0x000000013f800000 0x000000013fa00000 0x000000013fa00000 Y/7     Allocating 
 Small   0x000000013fa00000 0x000000013fc00000 0x000000013fc00000 Y/7     Allocating 
 Small   0x000000013fc00000 0x000000013fe00000 0x000000013fe00000 Y/7     Allocating 
 Small   0x000000013fe00000 0x0000000140000000 0x0000000140000000 Y/7     Allocating 
 Small   0x0000000140000000 0x0000000140200000 0x0000000140200000 Y/7     Allocating 
 Small   0x0000000140200000 0x0000000140400000 0x0000000140400000 Y/7     Allocating 
 Small   0x0000000140400000 0x0000000140600000 0x0000000140600000 Y/7     Allocating 
 Small   0x0000000140600000 0x0000000140800000 0x0000000140800000 Y/7     Allocating 
 Small   0x0000000140800000 0x0000000140a00000 0x0000000140a00000 Y/7     Allocating 
 Small   0x0000000140a00000 0x0000000140c00000 0x0000000140c00000 Y/7     Allocating 
 Small   0x0000000140c00000 0x0000000140e00000 0x0000000140e00000 Y/7     Allocating 
 Small   0x0000000140e00000 0x0000000141000000 0x0000000141000000 Y/7     Allocating 
 Small   0x0000000141000000 0x0000000141200000 0x0000000141200000 Y/7     Allocating 
 Small   0x0000000141200000 0x0000000141400000 0x0000000141400000 Y/7     Allocating 
 Small   0x0000000141400000 0x0000000141600000 0x0000000141600000 Y/7     Allocating 
 Small   0x0000000141600000 0x0000000141800000 0x0000000141800000 Y/7     Allocating 
 Small   0x0000000141800000 0x0000000141a00000 0x0000000141a00000 Y/7     Allocating 
 Small   0x0000000141a00000 0x0000000141c00000 0x0000000141c00000 Y/7     Allocating 
 Small   0x0000000141c00000 0x0000000141e00000 0x0000000141e00000 Y/7     Allocating 
 Small   0x0000000141e00000 0x0000000142000000 0x0000000142000000 Y/7     Allocating 
 Small   0x0000000142000000 0x0000000142200000 0x0000000142200000 Y/7     Allocating 
 Small   0x0000000142200000 0x0000000142400000 0x0000000142400000 Y/7     Allocating 
 Small   0x0000000142400000 0x0000000142600000 0x0000000142600000 Y/7     Allocating 
 Small   0x0000000142600000 0x0000000142800000 0x0000000142800000 Y/7     Allocating 
 Small   0x0000000142800000 0x0000000142a00000 0x0000000142a00000 Y/7     Allocating 
 Small   0x0000000142a00000 0x0000000142c00000 0x0000000142c00000 Y/7     Allocating 
 Small   0x0000000142c00000 0x0000000142e00000 0x0000000142e00000 Y/7     Allocating 
 Small   0x0000000142e00000 0x0000000143000000 0x0000000143000000 Y/7     Allocating 
 Small   0x0000000143000000 0x0000000143200000 0x0000000143200000 Y/7     Allocating 
 Small   0x0000000143200000 0x0000000143400000 0x0000000143400000 Y/7     Allocating 
 Small   0x0000000143400000 0x0000000143600000 0x0000000143600000 Y/7     Allocating 
 Small   0x0000000143600000 0x0000000143800000 0x0000000143800000 Y/7     Allocating 
 Small   0x0000000143800000 0x0000000143a00000 0x0000000143a00000 Y/7     Allocating 
 Small   0x0000000143a00000 0x0000000143c00000 0x0000000143c00000 Y/7     Allocating 
 Small   0x0000000143c00000 0x0000000143e00000 0x0000000143e00000 Y/7     Allocating 
 Small   0x0000000143e00000 0x0000000144000000 0x0000000144000000 Y/7     Allocating 
 Small   0x0000000144000000 0x0000000144200000 0x0000000144200000 Y/7     Allocating 
 Small   0x0000000144200000 0x0000000144400000 0x0000000144400000 Y/7     Allocating 
 Small   0x0000000144400000 0x0000000144600000 0x0000000144600000 Y/7     Allocating 
 Small   0x0000000144600000 0x0000000144800000 0x0000000144800000 Y/7     Allocating 
 Small   0x0000000144800000 0x0000000144a00000 0x0000000144a00000 Y/7     Allocating 
 Small   0x0000000144a00000 0x0000000144c00000 0x0000000144c00000 Y/7     Allocating 
 Small   0x0000000144c00000 0x0000000144e00000 0x0000000144e00000 Y/7     Allocating 
 Small   0x0000000144e00000 0x0000000145000000 0x0000000145000000 Y/7     Allocating 
 Small   0x0000000145000000 0x0000000145200000 0x0000000145200000 Y/7     Allocating 
 Small   0x0000000145200000 0x0000000145400000 0x0000000145400000 Y/7     Allocating 
 Small   0x0000000145400000 0x0000000145600000 0x0000000145600000 Y/7     Allocating 
 Small   0x0000000145600000 0x0000000145800000 0x0000000145800000 Y/7     Allocating 
 Small   0x0000000145800000 0x0000000145a00000 0x0000000145a00000 Y/7     Allocating 
 Small   0x0000000145a00000 0x0000000145c00000 0x0000000145c00000 Y/7     Allocating 
 Small   0x0000000145c00000 0x0000000145e00000 0x0000000145e00000 Y/7     Allocating 
 Small   0x0000000145e00000 0x0000000146000000 0x0000000146000000 Y/7     Allocating 
 Small   0x0000000146000000 0x0000000146200000 0x0000000146200000 Y/7     Allocating 
 Small   0x0000000146200000 0x0000000146400000 0x0000000146400000 Y/7     Allocating 
 Small   0x0000000146400000 0x0000000146600000 0x0000000146600000 Y/7     Allocating 
 Small   0x0000000146600000 0x0000000146800000 0x0000000146800000 Y/7     Allocating 
 Small   0x0000000146800000 0x0000000146a00000 0x0000000146a00000 Y/7     Allocating 
 Small   0x0000000146a00000 0x0000000146c00000 0x0000000146c00000 Y/7     Allocating 
 Small   0x0000000146c00000 0x0000000146e00000 0x0000000146e00000 Y/7     Allocating 
 Small   0x0000000146e00000 0x0000000147000000 0x0000000147000000 Y/7     Allocating 
 Small   0x0000000147000000 0x0000000147200000 0x0000000147200000 Y/7     Allocating 
 Small   0x0000000147200000 0x0000000147400000 0x0000000147400000 Y/7     Allocating 
 Small   0x0000000147400000 0x0000000147600000 0x0000000147600000 Y/7     Allocating 
 Small   0x0000000147600000 0x0000000147800000 0x0000000147800000 Y/7     Allocating 
 Small   0x0000000147800000 0x0000000147a00000 0x0000000147a00000 Y/7     Allocating 
 Small   0x0000000147a00000 0x0000000147c00000 0x0000000147c00000 Y/7     Allocating 
 Small   0x0000000147c00000 0x0000000147e00000 0x0000000147e00000 Y/7     Allocating 
 Small   0x0000000147e00000 0x0000000148000000 0x0000000148000000 Y/7     Allocating 
 Small   0x0000000148000000 0x0000000148200000 0x0000000148200000 Y/7     Allocating 
 Small   0x0000000148200000 0x0000000148400000 0x0000000148400000 Y/7     Allocating 
 Small   0x0000000148400000 0x0000000148600000 0x0000000148600000 Y/7     Allocating 
 Small   0x0000000148600000 0x0000000148800000 0x0000000148800000 Y/7     Allocating 
 Small   0x0000000148800000 0x0000000148a00000 0x0000000148a00000 Y/7     Allocating 
 Small   0x0000000148a00000 0x0000000148c00000 0x0000000148c00000 Y/7     Allocating 
 Small   0x0000000148c00000 0x0000000148e00000 0x0000000148e00000 Y/7     Allocating 
 Small   0x0000000148e00000 0x0000000149000000 0x0000000149000000 Y/7     Allocating 
 Small   0x0000000149000000 0x0000000149200000 0x0000000149200000 Y/7     Allocating 
 Small   0x0000000149200000 0x0000000149400000 0x0000000149400000 Y/7     Allocating 
 Small   0x0000000149400000 0x0000000149600000 0x0000000149600000 Y/7     Allocating 
 Small   0x0000000149600000 0x0000000149800000 0x0000000149800000 Y/7     Allocating 
 Small   0x0000000149800000 0x0000000149a00000 0x0000000149a00000 Y/7     Allocating 
 Small   0x0000000149a00000 0x0000000149c00000 0x0000000149c00000 Y/7     Allocating 
 Small   0x0000000149c00000 0x0000000149e00000 0x0000000149e00000 Y/7     Allocating 
 Small   0x0000000149e00000 0x000000014a000000 0x000000014a000000 Y/7     Allocating 
 Small   0x000000014a000000 0x000000014a200000 0x000000014a200000 Y/7     Allocating 
 Small   0x000000014a200000 0x000000014a400000 0x000000014a400000 Y/7     Allocating 
 Small   0x000000014a400000 0x000000014a600000 0x000000014a600000 Y/7     Allocating 
 Small   0x000000014a600000 0x000000014a800000 0x000000014a800000 Y/7     Allocating 
 Small   0x000000014a800000 0x000000014aa00000 0x000000014aa00000 Y/7     Allocating 
 Small   0x000000014aa00000 0x000000014ac00000 0x000000014ac00000 Y/7     Allocating 
 Small   0x000000014ac00000 0x000000014ae00000 0x000000014ae00000 Y/7     Allocating 
 Small   0x000000014ae00000 0x000000014b000000 0x000000014b000000 Y/7     Allocating 
 Small   0x000000014b000000 0x000000014b200000 0x000000014b200000 Y/7     Allocating 
 Small   0x000000014b200000 0x000000014b400000 0x000000014b400000 Y/7     Allocating 
 Small   0x000000014b400000 0x000000014b600000 0x000000014b600000 Y/7     Allocating 
 Small   0x000000014b600000 0x000000014b800000 0x000000014b800000 Y/7     Allocating 
 Small   0x000000014b800000 0x000000014ba00000 0x000000014ba00000 Y/7     Allocating 
 Small   0x000000014ba00000 0x000000014bc00000 0x000000014bc00000 Y/7     Allocating 
 Small   0x000000014bc00000 0x000000014be00000 0x000000014be00000 Y/7     Allocating 
 Small   0x000000014be00000 0x000000014c000000 0x000000014c000000 Y/7     Allocating 
 Small   0x000000014c000000 0x000000014c200000 0x000000014c200000 Y/7     Allocating 
 Small   0x000000014c200000 0x000000014c400000 0x000000014c400000 Y/7     Allocating 
 Small   0x000000014c400000 0x000000014c600000 0x000000014c600000 Y/7     Allocating 
 Small   0x000000014c600000 0x000000014c800000 0x000000014c800000 Y/7     Allocating 
 Small   0x000000014c800000 0x000000014ca00000 0x000000014ca00000 Y/7     Allocating 
 Small   0x000000014ca00000 0x000000014cc00000 0x000000014cc00000 Y/7     Allocating 
 Small   0x000000014cc00000 0x000000014ce00000 0x000000014ce00000 Y/7     Allocating 
 Small   0x000000014ce00000 0x000000014d000000 0x000000014d000000 Y/7     Allocating 
 Small   0x000000014d000000 0x000000014d200000 0x000000014d200000 Y/7     Allocating 
 Small   0x000000014d200000 0x000000014d400000 0x000000014d400000 Y/7     Allocating 
 Small   0x000000014d400000 0x000000014d600000 0x000000014d600000 Y/7     Allocating 
 Small   0x000000014d600000 0x000000014d800000 0x000000014d800000 Y/7     Allocating 
 Small   0x000000014d800000 0x000000014da00000 0x000000014da00000 Y/7     Allocating 
 Small   0x000000014da00000 0x000000014dc00000 0x000000014dc00000 Y/7     Allocating 
 Small   0x000000014dc00000 0x000000014de00000 0x000000014de00000 Y/7     Allocating 
 Small   0x000000014de00000 0x000000014e000000 0x000000014e000000 Y/7     Allocating 
 Small   0x000000014e000000 0x000000014e200000 0x000000014e200000 Y/7     Allocating 
 Small   0x000000014e200000 0x000000014e400000 0x000000014e400000 Y/7     Allocating 
 Small   0x000000014e400000 0x000000014e600000 0x000000014e600000 Y/7     Allocating 
 Small   0x000000014e600000 0x000000014e800000 0x000000014e800000 Y/7     Allocating 
 Small   0x000000014e800000 0x000000014ea00000 0x000000014ea00000 Y/7     Allocating 
 Small   0x000000014ea00000 0x000000014ec00000 0x000000014ec00000 Y/7     Allocating 
 Small   0x000000014ec00000 0x000000014ee00000 0x000000014ee00000 Y/7     Allocating 
 Small   0x000000014ee00000 0x000000014f000000 0x000000014f000000 Y/7     Allocating 
 Small   0x000000014f000000 0x000000014f200000 0x000000014f200000 Y/7     Allocating 
 Small   0x000000014f200000 0x000000014f400000 0x000000014f400000 Y/7     Allocating 
 Small   0x000000014f400000 0x000000014f600000 0x000000014f600000 Y/7     Allocating 
 Small   0x000000014f600000 0x000000014f800000 0x000000014f800000 Y/7     Allocating 
 Small   0x000000014f800000 0x000000014fa00000 0x000000014fa00000 Y/7     Allocating 
 Small   0x000000014fa00000 0x000000014fc00000 0x000000014fc00000 Y/7     Allocating 
 Small   0x000000014fc00000 0x000000014fe00000 0x000000014fe00000 Y/7     Allocating 
 Small   0x000000014fe00000 0x0000000150000000 0x0000000150000000 Y/7     Allocating 
 Small   0x0000000150000000 0x0000000150200000 0x0000000150200000 Y/7     Allocating 
 Small   0x0000000150200000 0x0000000150300000 0x0000000150400000 Y/7     Allocating 
 Small   0x0000000150400000 0x0000000150500000 0x0000000150600000 Y/7     Allocating 
 Small   0x0000000150600000 0x0000000150800000 0x0000000150800000 Y/7     Allocating 
 Small   0x0000000150800000 0x0000000150a00000 0x0000000150a00000 Y/7     Allocating 
 Small   0x0000000150a00000 0x0000000150c00000 0x0000000150c00000 Y/7     Allocating 
 Small   0x0000000150c00000 0x0000000150e00000 0x0000000150e00000 Y/7     Allocating 
 Small   0x0000000150e00000 0x0000000151000000 0x0000000151000000 Y/7     Allocating 
 Small   0x0000000151000000 0x0000000151200000 0x0000000151200000 Y/7     Allocating 
 Small   0x0000000151200000 0x0000000151400000 0x0000000151400000 Y/7     Allocating 
 Small   0x0000000151400000 0x0000000151600000 0x0000000151600000 Y/7     Allocating 
 Small   0x0000000151600000 0x0000000151800000 0x0000000151800000 Y/7     Allocating 
 Small   0x0000000151800000 0x0000000151a00000 0x0000000151a00000 Y/7     Allocating 
 Small   0x0000000151a00000 0x0000000151c00000 0x0000000151c00000 Y/7     Allocating 
 Small   0x0000000151c00000 0x0000000151e00000 0x0000000151e00000 Y/7     Allocating 
 Small   0x0000000151e00000 0x0000000152000000 0x0000000152000000 Y/7     Allocating 
 Small   0x0000000152000000 0x0000000152200000 0x0000000152200000 Y/7     Allocating 
 Small   0x0000000152200000 0x0000000152400000 0x0000000152400000 Y/7     Allocating 
 Small   0x0000000152400000 0x0000000152600000 0x0000000152600000 Y/7     Allocating 
 Small   0x0000000152600000 0x0000000152800000 0x0000000152800000 Y/7     Allocating 
 Small   0x0000000152800000 0x00000001529b0030 0x0000000152a00000 Y/7     Allocating 
 Small   0x0000000152a00000 0x0000000152c00000 0x0000000152c00000 Y/7     Allocating 
 Small   0x0000000152c00000 0x0000000152e00000 0x0000000152e00000 Y/7     Allocating 
 Small   0x0000000152e00000 0x0000000153000000 0x0000000153000000 Y/7     Allocating 
 Small   0x0000000153000000 0x0000000153200000 0x0000000153200000 Y/7     Allocating 
 Small   0x0000000153200000 0x0000000153400000 0x0000000153400000 Y/7     Allocating 
 Small   0x0000000153400000 0x0000000153600000 0x0000000153600000 Y/7     Allocating 
 Small   0x0000000153600000 0x0000000153800000 0x0000000153800000 Y/7     Allocating 
 Small   0x0000000153800000 0x0000000153a00000 0x0000000153a00000 Y/7     Allocating 
 Small   0x0000000153a00000 0x0000000153c00000 0x0000000153c00000 Y/7     Allocating 
 Small   0x0000000153c00000 0x0000000153e00000 0x0000000153e00000 Y/7     Allocating 
 Small   0x0000000153e00000 0x0000000154000000 0x0000000154000000 Y/7     Allocating 
 Small   0x0000000154000000 0x0000000154200000 0x0000000154200000 Y/7     Allocating 
 Small   0x0000000154200000 0x0000000154400000 0x0000000154400000 Y/7     Allocating 
 Small   0x0000000154400000 0x0000000154600000 0x0000000154600000 Y/7     Allocating 
 Small   0x0000000154600000 0x0000000154800000 0x0000000154800000 Y/7     Allocating 
 Small   0x0000000154800000 0x0000000154a00000 0x0000000154a00000 Y/7     Allocating 
 Small   0x0000000154a00000 0x0000000154c00000 0x0000000154c00000 Y/7     Allocating 
 Small   0x0000000154c00000 0x0000000154e00000 0x0000000154e00000 Y/7     Allocating 
 Small   0x0000000154e00000 0x0000000155000000 0x0000000155000000 Y/7     Allocating 
 Small   0x0000000155000000 0x0000000155200000 0x0000000155200000 Y/7     Allocating 
 Small   0x0000000155200000 0x0000000155400000 0x0000000155400000 Y/7     Allocating 
 Small   0x0000000155400000 0x0000000155600000 0x0000000155600000 Y/7     Allocating 
 Small   0x0000000155600000 0x0000000155800000 0x0000000155800000 Y/7     Allocating 
 Small   0x0000000155800000 0x0000000155a00000 0x0000000155a00000 Y/7     Allocating 
 Small   0x0000000155a00000 0x0000000155c00000 0x0000000155c00000 Y/7     Allocating 
 Small   0x0000000155c00000 0x0000000155e00000 0x0000000155e00000 Y/7     Allocating 
 Small   0x0000000155e00000 0x0000000156000000 0x0000000156000000 Y/7     Allocating 
 Small   0x0000000156000000 0x0000000156200000 0x0000000156200000 Y/7     Allocating 
 Small   0x0000000156200000 0x0000000156400000 0x0000000156400000 Y/7     Allocating 
 Small   0x0000000156400000 0x0000000156600000 0x0000000156600000 Y/7     Allocating 
 Small   0x0000000156600000 0x0000000156800000 0x0000000156800000 Y/7     Allocating 
 Small   0x0000000156800000 0x0000000156a00000 0x0000000156a00000 Y/7     Allocating 
 Small   0x0000000156a00000 0x0000000156c00000 0x0000000156c00000 Y/7     Allocating 
 Small   0x0000000156c00000 0x0000000156e00000 0x0000000156e00000 Y/7     Allocating 
 Small   0x0000000156e00000 0x0000000157000000 0x0000000157000000 Y/7     Allocating 
 Small   0x0000000157000000 0x0000000157180000 0x0000000157200000 Y/7     Allocating 
 Small   0x0000000157200000 0x0000000157400000 0x0000000157400000 Y/7     Allocating 
 Small   0x0000000157400000 0x0000000157600000 0x0000000157600000 Y/7     Allocating 
 Small   0x0000000157600000 0x0000000157800000 0x0000000157800000 Y/7     Allocating 
 Small   0x0000000157800000 0x0000000157a00000 0x0000000157a00000 Y/7     Allocating 
 Small   0x0000000157a00000 0x0000000157c00000 0x0000000157c00000 Y/7     Allocating 
 Small   0x0000000157c00000 0x0000000157e00000 0x0000000157e00000 Y/7     Allocating 
 Small   0x0000000157e00000 0x0000000158000000 0x0000000158000000 Y/7     Allocating 
 Small   0x0000000158000000 0x0000000158200000 0x0000000158200000 Y/7     Allocating 
 Small   0x0000000158200000 0x0000000158400000 0x0000000158400000 Y/7     Allocating 
 Small   0x0000000158400000 0x0000000158600000 0x0000000158600000 Y/7     Allocating 
 Small   0x0000000158600000 0x0000000158800000 0x0000000158800000 Y/7     Allocating 
 Small   0x0000000158800000 0x0000000158a00000 0x0000000158a00000 Y/7     Allocating 
 Small   0x0000000158a00000 0x0000000158c00000 0x0000000158c00000 Y/7     Allocating 
 Small   0x0000000158c00000 0x0000000158e00000 0x0000000158e00000 Y/7     Allocating 
 Small   0x0000000158e00000 0x0000000159000000 0x0000000159000000 Y/7     Allocating 
 Small   0x0000000159000000 0x0000000159200000 0x0000000159200000 Y/7     Allocating 
 Small   0x0000000159200000 0x0000000159400000 0x0000000159400000 Y/7     Allocating 
 Small   0x0000000159400000 0x0000000159600000 0x0000000159600000 Y/7     Allocating 
 Small   0x0000000159600000 0x0000000159800000 0x0000000159800000 Y/7     Allocating 
 Small   0x0000000159800000 0x0000000159a00000 0x0000000159a00000 Y/7     Allocating 
 Small   0x0000000159a00000 0x0000000159c00000 0x0000000159c00000 Y/7     Allocating 
 Small   0x0000000159c00000 0x0000000159e00000 0x0000000159e00000 Y/7     Allocating 
 Small   0x0000000159e00000 0x000000015a000000 0x000000015a000000 Y/7     Allocating 
 Small   0x000000015a000000 0x000000015a200000 0x000000015a200000 Y/7     Allocating 
 Small   0x000000015a200000 0x000000015a400000 0x000000015a400000 Y/7     Allocating 
 Small   0x000000015a400000 0x000000015a600000 0x000000015a600000 Y/7     Allocating 
 Small   0x000000015a600000 0x000000015a800000 0x000000015a800000 Y/7     Allocating 
 Small   0x000000015a800000 0x000000015aa00000 0x000000015aa00000 Y/7     Allocating 
 Small   0x000000015aa00000 0x000000015ac00000 0x000000015ac00000 Y/7     Allocating 
 Small   0x000000015ac00000 0x000000015ae00000 0x000000015ae00000 Y/7     Allocating 
 Small   0x000000015ae00000 0x000000015b000000 0x000000015b000000 Y/7     Allocating 
 Small   0x000000015b000000 0x000000015b200000 0x000000015b200000 Y/7     Allocating 
 Small   0x000000015b200000 0x000000015b400000 0x000000015b400000 Y/7     Allocating 
 Small   0x000000015b400000 0x000000015b600000 0x000000015b600000 Y/7     Allocating 
 Small   0x000000015b600000 0x000000015b800000 0x000000015b800000 Y/7     Allocating 
 Small   0x000000015b800000 0x000000015ba00000 0x000000015ba00000 Y/7     Allocating 
 Small   0x000000015ba00000 0x000000015bc00000 0x000000015bc00000 Y/7     Allocating 
 Small   0x000000015bc00000 0x000000015be00000 0x000000015be00000 Y/7     Allocating 
 Small   0x000000015be00000 0x000000015c000000 0x000000015c000000 Y/7     Allocating 
 Small   0x000000015c000000 0x000000015c200000 0x000000015c200000 Y/7     Allocating 
 Small   0x000000015c200000 0x000000015c400000 0x000000015c400000 Y/7     Allocating 
 Small   0x000000015c400000 0x000000015c600000 0x000000015c600000 Y/7     Allocating 
 Small   0x000000015c600000 0x000000015c800000 0x000000015c800000 Y/7     Allocating 
 Small   0x000000015c800000 0x000000015ca00000 0x000000015ca00000 Y/7     Allocating 
 Small   0x000000015ca00000 0x000000015cc00000 0x000000015cc00000 Y/7     Allocating 
 Small   0x000000015cc00000 0x000000015ce00000 0x000000015ce00000 Y/7     Allocating 
 Small   0x000000015ce00000 0x000000015d000000 0x000000015d000000 Y/7     Allocating 
 Small   0x000000015d000000 0x000000015d200000 0x000000015d200000 Y/7     Allocating 
 Small   0x000000015d200000 0x000000015d400000 0x000000015d400000 Y/7     Allocating 
 Small   0x000000015d400000 0x000000015d600000 0x000000015d600000 Y/7     Allocating 
 Small   0x000000015d600000 0x000000015d800000 0x000000015d800000 Y/7     Allocating 
 Small   0x000000015d800000 0x000000015d9f4988 0x000000015da00000 Y/7     Allocating 
 Small   0x000000015da00000 0x000000015dc00000 0x000000015dc00000 Y/7     Allocating 
 Small   0x000000015dc00000 0x000000015de00000 0x000000015de00000 Y/7     Allocating 
 Small   0x000000015de00000 0x000000015e000000 0x000000015e000000 Y/7     Allocating 
 Small   0x000000015e000000 0x000000015e200000 0x000000015e200000 Y/7     Allocating 
 Small   0x000000015e200000 0x000000015e400000 0x000000015e400000 Y/7     Allocating 
 Small   0x000000015e400000 0x000000015e600000 0x000000015e600000 Y/7     Allocating 
 Small   0x000000015e600000 0x000000015e800000 0x000000015e800000 Y/7     Allocating 
 Small   0x000000015e800000 0x000000015ea00000 0x000000015ea00000 Y/7     Allocating 
 Small   0x000000015ea00000 0x000000015ec00000 0x000000015ec00000 Y/7     Allocating 
 Small   0x000000015ec00000 0x000000015ee00000 0x000000015ee00000 Y/7     Allocating 
 Small   0x000000015ee00000 0x000000015f000000 0x000000015f000000 Y/7     Allocating 
 Small   0x000000015f000000 0x000000015f200000 0x000000015f200000 Y/7     Allocating 
 Small   0x000000015f200000 0x000000015f400000 0x000000015f400000 Y/7     Allocating 
 Small   0x000000015f400000 0x000000015f600000 0x000000015f600000 Y/7     Allocating 
 Small   0x000000015f600000 0x000000015f800000 0x000000015f800000 Y/7     Allocating 
 Small   0x000000015f800000 0x000000015fa00000 0x000000015fa00000 Y/7     Allocating 
 Small   0x000000015fa00000 0x000000015fc00000 0x000000015fc00000 Y/7     Allocating 
 Small   0x000000015fc00000 0x000000015fe00000 0x000000015fe00000 Y/7     Allocating 
 Small   0x000000015fe00000 0x0000000160000000 0x0000000160000000 Y/7     Allocating 
 Small   0x0000000160000000 0x0000000160200000 0x0000000160200000 Y/7     Allocating 
 Small   0x0000000160200000 0x0000000160400000 0x0000000160400000 Y/7     Allocating 
 Small   0x0000000160400000 0x0000000160600000 0x0000000160600000 Y/7     Allocating 
 Small   0x0000000160600000 0x0000000160800000 0x0000000160800000 Y/7     Allocating 
 Small   0x0000000160800000 0x0000000160a00000 0x0000000160a00000 Y/7     Allocating 
 Small   0x0000000160a00000 0x0000000160c00000 0x0000000160c00000 Y/7     Allocating 
 Small   0x0000000160c00000 0x0000000160e00000 0x0000000160e00000 Y/7     Allocating 
 Small   0x0000000160e00000 0x0000000161000000 0x0000000161000000 Y/7     Allocating 
 Small   0x0000000161000000 0x0000000161200000 0x0000000161200000 Y/7     Allocating 
 Small   0x0000000161200000 0x0000000161400000 0x0000000161400000 Y/7     Allocating 
 Small   0x0000000161400000 0x0000000161600000 0x0000000161600000 Y/7     Allocating 
 Small   0x0000000161600000 0x0000000161800000 0x0000000161800000 Y/7     Allocating 
 Small   0x0000000161800000 0x0000000161a00000 0x0000000161a00000 Y/7     Allocating 
 Small   0x0000000161a00000 0x0000000161c00000 0x0000000161c00000 Y/7     Allocating 
 Small   0x0000000161c00000 0x0000000161e00000 0x0000000161e00000 Y/7     Allocating 
 Small   0x0000000161e00000 0x0000000162000000 0x0000000162000000 Y/7     Allocating 
 Small   0x0000000162000000 0x0000000162200000 0x0000000162200000 Y/7     Allocating 
 Small   0x0000000162200000 0x0000000162400000 0x0000000162400000 Y/7     Allocating 
 Small   0x0000000162400000 0x0000000162600000 0x0000000162600000 Y/7     Allocating 
 Small   0x0000000162600000 0x0000000162800000 0x0000000162800000 Y/7     Allocating 
 Small   0x0000000162800000 0x0000000162a00000 0x0000000162a00000 Y/7     Allocating 
 Small   0x0000000162a00000 0x0000000162c00000 0x0000000162c00000 Y/7     Allocating 
 Small   0x0000000162c00000 0x0000000162e00000 0x0000000162e00000 Y/7     Allocating 
 Small   0x0000000162e00000 0x0000000163000000 0x0000000163000000 Y/7     Allocating 
 Small   0x0000000163000000 0x0000000163200000 0x0000000163200000 Y/7     Allocating 
 Small   0x0000000163200000 0x0000000163400000 0x0000000163400000 Y/7     Allocating 
 Small   0x0000000163400000 0x0000000163600000 0x0000000163600000 Y/7     Allocating 
 Small   0x0000000163600000 0x0000000163800000 0x0000000163800000 Y/7     Allocating 
 Small   0x0000000163800000 0x0000000163a00000 0x0000000163a00000 Y/7     Allocating 
 Small   0x0000000163a00000 0x0000000163c00000 0x0000000163c00000 Y/7     Allocating 
 Small   0x0000000163c00000 0x0000000163e00000 0x0000000163e00000 Y/7     Allocating 
 Small   0x0000000163e00000 0x0000000164000000 0x0000000164000000 Y/7     Allocating 
 Small   0x0000000164000000 0x0000000164200000 0x0000000164200000 Y/7     Allocating 
 Small   0x0000000164200000 0x0000000164400000 0x0000000164400000 Y/7     Allocating 
 Small   0x0000000164400000 0x0000000164600000 0x0000000164600000 Y/7     Allocating 
 Small   0x0000000164600000 0x0000000164800000 0x0000000164800000 Y/7     Allocating 
 Small   0x0000000164800000 0x0000000164a00000 0x0000000164a00000 Y/7     Allocating 
 Small   0x0000000164a00000 0x0000000164c00000 0x0000000164c00000 Y/7     Allocating 
 Small   0x0000000164c00000 0x0000000164e00000 0x0000000164e00000 Y/7     Allocating 
 Small   0x0000000164e00000 0x0000000165000000 0x0000000165000000 Y/7     Allocating 
 Small   0x0000000165000000 0x0000000165200000 0x0000000165200000 Y/7     Allocating 
 Small   0x0000000165200000 0x0000000165400000 0x0000000165400000 Y/7     Allocating 
 Small   0x0000000165400000 0x0000000165600000 0x0000000165600000 Y/7     Allocating 
 Small   0x0000000165600000 0x0000000165800000 0x0000000165800000 Y/7     Allocating 
 Small   0x0000000165800000 0x0000000165a00000 0x0000000165a00000 Y/7     Allocating 
 Small   0x0000000165a00000 0x0000000165c00000 0x0000000165c00000 Y/7     Allocating 
 Small   0x0000000165c00000 0x0000000165e00000 0x0000000165e00000 Y/7     Allocating 
 Small   0x0000000165e00000 0x0000000166000000 0x0000000166000000 Y/7     Allocating 
 Small   0x0000000166000000 0x0000000166200000 0x0000000166200000 Y/7     Allocating 
 Small   0x0000000166200000 0x0000000166400000 0x0000000166400000 Y/7     Allocating 
 Small   0x0000000166400000 0x0000000166600000 0x0000000166600000 Y/7     Allocating 
 Small   0x0000000166600000 0x0000000166800000 0x0000000166800000 Y/7     Allocating 
 Small   0x0000000166800000 0x0000000166a00000 0x0000000166a00000 Y/7     Allocating 
 Small   0x0000000166a00000 0x0000000166c00000 0x0000000166c00000 Y/7     Allocating 
 Small   0x0000000166c00000 0x0000000166e00000 0x0000000166e00000 Y/7     Allocating 
 Small   0x0000000166e00000 0x0000000167000000 0x0000000167000000 Y/7     Allocating 
 Small   0x0000000167000000 0x0000000167200000 0x0000000167200000 Y/7     Allocating 
 Small   0x0000000167200000 0x0000000167400000 0x0000000167400000 Y/7     Allocating 
 Small   0x0000000167400000 0x0000000167600000 0x0000000167600000 Y/7     Allocating 
 Small   0x0000000167600000 0x0000000167800000 0x0000000167800000 Y/7     Allocating 
 Small   0x0000000167800000 0x0000000167a00000 0x0000000167a00000 Y/7     Allocating 
 Small   0x0000000167a00000 0x0000000167c00000 0x0000000167c00000 Y/7     Allocating 
 Small   0x0000000167c00000 0x0000000167e00000 0x0000000167e00000 Y/7     Allocating 
 Small   0x0000000167e00000 0x0000000168000000 0x0000000168000000 Y/7     Allocating 
 Small   0x0000000168000000 0x0000000168200000 0x0000000168200000 Y/7     Allocating 
 Small   0x0000000168200000 0x0000000168400000 0x0000000168400000 Y/7     Allocating 
 Small   0x0000000168400000 0x0000000168600000 0x0000000168600000 Y/7     Allocating 
 Small   0x0000000168600000 0x0000000168800000 0x0000000168800000 Y/7     Allocating 
 Small   0x0000000168800000 0x0000000168a00000 0x0000000168a00000 Y/7     Allocating 
 Small   0x0000000168a00000 0x0000000168c00000 0x0000000168c00000 Y/7     Allocating 
 Small   0x0000000168c00000 0x0000000168e00000 0x0000000168e00000 Y/7     Allocating 
 Small   0x0000000168e00000 0x0000000169000000 0x0000000169000000 Y/7     Allocating 
 Small   0x0000000169000000 0x0000000169200000 0x0000000169200000 Y/7     Allocating 
 Small   0x0000000169200000 0x0000000169400000 0x0000000169400000 Y/7     Allocating 
 Small   0x0000000169400000 0x0000000169600000 0x0000000169600000 Y/7     Allocating 
 Small   0x0000000169600000 0x0000000169800000 0x0000000169800000 Y/7     Allocating 
 Small   0x0000000169800000 0x0000000169a00000 0x0000000169a00000 Y/7     Allocating 
 Small   0x0000000169a00000 0x0000000169c00000 0x0000000169c00000 Y/7     Allocating 
 Small   0x0000000169c00000 0x0000000169e00000 0x0000000169e00000 Y/7     Allocating 
 Small   0x0000000169e00000 0x000000016a000000 0x000000016a000000 Y/7     Allocating 
 Small   0x000000016a000000 0x000000016a200000 0x000000016a200000 Y/7     Allocating 
 Small   0x000000016a200000 0x000000016a400000 0x000000016a400000 Y/7     Allocating 
 Small   0x000000016a400000 0x000000016a600000 0x000000016a600000 Y/7     Allocating 
 Small   0x000000016a600000 0x000000016a800000 0x000000016a800000 Y/7     Allocating 
 Small   0x000000016a800000 0x000000016aa00000 0x000000016aa00000 Y/7     Allocating 
 Small   0x000000016aa00000 0x000000016ac00000 0x000000016ac00000 Y/7     Allocating 
 Small   0x000000016ac00000 0x000000016ae00000 0x000000016ae00000 Y/7     Allocating 
 Small   0x000000016ae00000 0x000000016b000000 0x000000016b000000 Y/7     Allocating 
 Small   0x000000016b000000 0x000000016b200000 0x000000016b200000 Y/7     Allocating 
 Small   0x000000016b200000 0x000000016b400000 0x000000016b400000 Y/7     Allocating 
 Small   0x000000016b400000 0x000000016b600000 0x000000016b600000 Y/7     Allocating 
 Small   0x000000016b600000 0x000000016b800000 0x000000016b800000 Y/7     Allocating 
 Small   0x000000016b800000 0x000000016ba00000 0x000000016ba00000 Y/7     Allocating 
 Small   0x000000016ba00000 0x000000016bc00000 0x000000016bc00000 Y/7     Allocating 
 Small   0x000000016bc00000 0x000000016be00000 0x000000016be00000 Y/7     Allocating 
 Small   0x000000016be00000 0x000000016c000000 0x000000016c000000 Y/7     Allocating 
 Small   0x000000016c000000 0x000000016c200000 0x000000016c200000 Y/7     Allocating 
 Small   0x000000016c200000 0x000000016c400000 0x000000016c400000 Y/7     Allocating 
 Small   0x000000016c400000 0x000000016c600000 0x000000016c600000 Y/7     Allocating 
 Small   0x000000016c600000 0x000000016c800000 0x000000016c800000 Y/7     Allocating 
 Small   0x000000016c800000 0x000000016ca00000 0x000000016ca00000 Y/7     Allocating 
 Small   0x000000016ca00000 0x000000016cc00000 0x000000016cc00000 Y/7     Allocating 
 Small   0x000000016cc00000 0x000000016ce00000 0x000000016ce00000 Y/7     Allocating 
 Small   0x000000016ce00000 0x000000016d000000 0x000000016d000000 Y/7     Allocating 
 Small   0x000000016d000000 0x000000016d200000 0x000000016d200000 Y/7     Allocating 
 Small   0x000000016d200000 0x000000016d400000 0x000000016d400000 Y/7     Allocating 
 Small   0x000000016d400000 0x000000016d600000 0x000000016d600000 Y/7     Allocating 
 Small   0x000000016d600000 0x000000016d800000 0x000000016d800000 Y/7     Allocating 
 Small   0x000000016d800000 0x000000016da00000 0x000000016da00000 Y/7     Allocating 
 Small   0x000000016da00000 0x000000016dc00000 0x000000016dc00000 Y/7     Allocating 
 Small   0x000000016dc00000 0x000000016de00000 0x000000016de00000 Y/7     Allocating 
 Small   0x000000016de00000 0x000000016e000000 0x000000016e000000 Y/7     Allocating 
 Small   0x000000016e000000 0x000000016e200000 0x000000016e200000 Y/7     Allocating 
 Small   0x000000016e200000 0x000000016e400000 0x000000016e400000 Y/7     Allocating 
 Small   0x000000016e400000 0x000000016e600000 0x000000016e600000 Y/7     Allocating 
 Small   0x000000016e600000 0x000000016e800000 0x000000016e800000 Y/7     Allocating 
 Small   0x000000016e800000 0x000000016ea00000 0x000000016ea00000 Y/7     Allocating 
 Small   0x000000016ea00000 0x000000016ec00000 0x000000016ec00000 Y/7     Allocating 
 Small   0x000000016ec00000 0x000000016ee00000 0x000000016ee00000 Y/7     Allocating 
 Small   0x000000016ee00000 0x000000016f000000 0x000000016f000000 Y/7     Allocating 
 Small   0x000000016f000000 0x000000016f200000 0x000000016f200000 Y/7     Allocating 
 Small   0x000000016f200000 0x000000016f400000 0x000000016f400000 Y/7     Allocating 
 Small   0x000000016f400000 0x000000016f600000 0x000000016f600000 Y/7     Allocating 
 Small   0x000000016f600000 0x000000016f800000 0x000000016f800000 Y/7     Allocating 
 Small   0x000000016f800000 0x000000016fa00000 0x000000016fa00000 Y/7     Allocating 
 Small   0x000000016fa00000 0x000000016fc00000 0x000000016fc00000 Y/7     Allocating 
 Small   0x000000016fc00000 0x000000016fe00000 0x000000016fe00000 Y/7     Allocating 
 Small   0x000000016fe00000 0x0000000170000000 0x0000000170000000 Y/7     Allocating 
 Small   0x0000000170000000 0x0000000170200000 0x0000000170200000 Y/7     Allocating 
 Small   0x0000000170200000 0x0000000170400000 0x0000000170400000 Y/7     Allocating 
 Small   0x0000000170400000 0x0000000170600000 0x0000000170600000 Y/7     Allocating 
 Small   0x0000000170600000 0x0000000170800000 0x0000000170800000 Y/7     Allocating 
 Small   0x0000000170800000 0x0000000170a00000 0x0000000170a00000 Y/7     Allocating 
 Small   0x0000000170a00000 0x0000000170c00000 0x0000000170c00000 Y/7     Allocating 
 Small   0x0000000170c00000 0x0000000170e00000 0x0000000170e00000 Y/7     Allocating 
 Small   0x0000000170e00000 0x0000000171000000 0x0000000171000000 Y/7     Allocating 
 Small   0x0000000171000000 0x0000000171200000 0x0000000171200000 Y/7     Allocating 
 Small   0x0000000171200000 0x0000000171400000 0x0000000171400000 Y/7     Allocating 
 Small   0x0000000171400000 0x0000000171600000 0x0000000171600000 Y/7     Allocating 
 Small   0x0000000171600000 0x0000000171800000 0x0000000171800000 Y/7     Allocating 
 Small   0x0000000171800000 0x0000000171a00000 0x0000000171a00000 Y/7     Allocating 
 Small   0x0000000171a00000 0x0000000171c00000 0x0000000171c00000 Y/7     Allocating 
 Small   0x0000000171c00000 0x0000000171e00000 0x0000000171e00000 Y/7     Allocating 
 Small   0x0000000171e00000 0x0000000172000000 0x0000000172000000 Y/7     Allocating 
 Small   0x0000000172000000 0x0000000172200000 0x0000000172200000 Y/7     Allocating 
 Small   0x0000000172200000 0x0000000172400000 0x0000000172400000 Y/7     Allocating 
 Small   0x0000000172400000 0x0000000172600000 0x0000000172600000 Y/7     Allocating 
 Small   0x0000000172600000 0x0000000172800000 0x0000000172800000 Y/7     Allocating 
 Small   0x0000000172800000 0x0000000172a00000 0x0000000172a00000 Y/7     Allocating 
 Small   0x0000000172a00000 0x0000000172c00000 0x0000000172c00000 Y/7     Allocating 
 Small   0x0000000172c00000 0x0000000172e00000 0x0000000172e00000 Y/7     Allocating 
 Small   0x0000000172e00000 0x0000000173000000 0x0000000173000000 Y/7     Allocating 
 Small   0x0000000173000000 0x0000000173200000 0x0000000173200000 Y/7     Allocating 
 Small   0x0000000173200000 0x0000000173400000 0x0000000173400000 Y/7     Allocating 
 Small   0x0000000173400000 0x0000000173600000 0x0000000173600000 Y/7     Allocating 
 Small   0x0000000173600000 0x0000000173800000 0x0000000173800000 Y/7     Allocating 
 Small   0x0000000173800000 0x0000000173a00000 0x0000000173a00000 Y/7     Allocating 
 Small   0x0000000173a00000 0x0000000173c00000 0x0000000173c00000 Y/7     Allocating 
 Small   0x0000000173c00000 0x0000000173e00000 0x0000000173e00000 Y/7     Allocating 
 Small   0x0000000173e00000 0x0000000174000000 0x0000000174000000 Y/7     Allocating 
 Small   0x0000000174000000 0x0000000174200000 0x0000000174200000 Y/7     Allocating 
 Small   0x0000000174200000 0x0000000174400000 0x0000000174400000 Y/7     Allocating 
 Small   0x0000000174400000 0x0000000174600000 0x0000000174600000 Y/7     Allocating 
 Small   0x0000000174600000 0x0000000174800000 0x0000000174800000 Y/7     Allocating 
 Small   0x0000000174800000 0x0000000174a00000 0x0000000174a00000 Y/7     Allocating 
 Small   0x0000000174a00000 0x0000000174c00000 0x0000000174c00000 Y/7     Allocating 
 Small   0x0000000174c00000 0x0000000174e00000 0x0000000174e00000 Y/7     Allocating 
 Small   0x0000000174e00000 0x0000000175000000 0x0000000175000000 Y/7     Allocating 
 Small   0x0000000175000000 0x0000000175200000 0x0000000175200000 Y/7     Allocating 
 Small   0x0000000175200000 0x0000000175400000 0x0000000175400000 Y/7     Allocating 
 Small   0x0000000175400000 0x0000000175600000 0x0000000175600000 Y/7     Allocating 
 Small   0x0000000175600000 0x0000000175800000 0x0000000175800000 Y/7     Allocating 
 Small   0x0000000175800000 0x0000000175a00000 0x0000000175a00000 Y/7     Allocating 
 Small   0x0000000175a00000 0x0000000175c00000 0x0000000175c00000 Y/7     Allocating 
 Small   0x0000000175c00000 0x0000000175e00000 0x0000000175e00000 Y/7     Allocating 
 Small   0x0000000175e00000 0x0000000176000000 0x0000000176000000 Y/7     Allocating 
 Small   0x0000000176000000 0x0000000176200000 0x0000000176200000 Y/7     Allocating 
 Small   0x0000000176200000 0x0000000176400000 0x0000000176400000 Y/7     Allocating 
 Small   0x0000000176400000 0x0000000176600000 0x0000000176600000 Y/7     Allocating 
 Small   0x0000000176600000 0x0000000176800000 0x0000000176800000 Y/7     Allocating 
 Small   0x0000000176800000 0x0000000176a00000 0x0000000176a00000 Y/7     Allocating 
 Small   0x0000000176a00000 0x0000000176c00000 0x0000000176c00000 Y/7     Allocating 
 Small   0x0000000176c00000 0x0000000176e00000 0x0000000176e00000 Y/7     Allocating 
 Small   0x0000000176e00000 0x0000000177000000 0x0000000177000000 Y/7     Allocating 
 Small   0x0000000177000000 0x0000000177200000 0x0000000177200000 Y/7     Allocating 
 Small   0x0000000177200000 0x0000000177400000 0x0000000177400000 Y/7     Allocating 
 Small   0x0000000177400000 0x0000000177600000 0x0000000177600000 Y/7     Allocating 
 Small   0x0000000177600000 0x0000000177800000 0x0000000177800000 Y/7     Allocating 
 Small   0x0000000177800000 0x0000000177a00000 0x0000000177a00000 Y/7     Allocating 
 Small   0x0000000177a00000 0x0000000177c00000 0x0000000177c00000 Y/7     Allocating 
 Small   0x0000000177c00000 0x0000000177e00000 0x0000000177e00000 Y/7     Allocating 
 Small   0x0000000177e00000 0x0000000178000000 0x0000000178000000 Y/7     Allocating 
 Small   0x0000000178000000 0x0000000178200000 0x0000000178200000 Y/7     Allocating 
 Small   0x0000000178200000 0x0000000178400000 0x0000000178400000 Y/7     Allocating 
 Small   0x0000000178400000 0x0000000178600000 0x0000000178600000 Y/7     Allocating 
 Small   0x0000000178600000 0x0000000178800000 0x0000000178800000 Y/7     Allocating 
 Small   0x0000000178800000 0x0000000178a00000 0x0000000178a00000 Y/7     Allocating 
 Small   0x0000000178a00000 0x0000000178c00000 0x0000000178c00000 Y/7     Allocating 
 Small   0x0000000178c00000 0x0000000178e00000 0x0000000178e00000 Y/7     Allocating 
 Small   0x0000000178e00000 0x0000000179000000 0x0000000179000000 Y/7     Allocating 
 Small   0x0000000179000000 0x0000000179200000 0x0000000179200000 Y/7     Allocating 
 Small   0x0000000179200000 0x0000000179400000 0x0000000179400000 Y/7     Allocating 
 Small   0x0000000179400000 0x0000000179600000 0x0000000179600000 Y/7     Allocating 
 Small   0x0000000179600000 0x0000000179800000 0x0000000179800000 Y/7     Allocating 
 Small   0x0000000179800000 0x0000000179a00000 0x0000000179a00000 Y/7     Allocating 
 Small   0x0000000179a00000 0x0000000179c00000 0x0000000179c00000 Y/7     Allocating 
 Small   0x0000000179c00000 0x0000000179e00000 0x0000000179e00000 Y/7     Allocating 
 Small   0x0000000179e00000 0x000000017a000000 0x000000017a000000 Y/7     Allocating 
 Small   0x000000017a000000 0x000000017a200000 0x000000017a200000 Y/7     Allocating 
 Small   0x000000017a200000 0x000000017a400000 0x000000017a400000 Y/7     Allocating 
 Small   0x000000017a400000 0x000000017a600000 0x000000017a600000 Y/7     Allocating 
 Small   0x000000017a600000 0x000000017a800000 0x000000017a800000 Y/7     Allocating 
 Small   0x000000017a800000 0x000000017aa00000 0x000000017aa00000 Y/7     Allocating 
 Small   0x000000017aa00000 0x000000017abc0000 0x000000017ac00000 Y/7     Allocating 
 Small   0x000000017ac00000 0x000000017ae00000 0x000000017ae00000 Y/7     Allocating 
 Small   0x000000017ae00000 0x000000017b000000 0x000000017b000000 Y/7     Allocating 
 Small   0x000000017b000000 0x000000017b200000 0x000000017b200000 Y/7     Allocating 
 Small   0x000000017b200000 0x000000017b400000 0x000000017b400000 Y/7     Allocating 
 Small   0x000000017b400000 0x000000017b600000 0x000000017b600000 Y/7     Allocating 
 Small   0x000000017b600000 0x000000017b800000 0x000000017b800000 Y/7     Allocating 
 Small   0x000000017b800000 0x000000017ba00000 0x000000017ba00000 Y/7     Allocating 
 Small   0x000000017ba00000 0x000000017bc00000 0x000000017bc00000 Y/7     Allocating 
 Small   0x000000017bc00000 0x000000017be00000 0x000000017be00000 Y/7     Allocating 
 Small   0x000000017be00000 0x000000017c000000 0x000000017c000000 Y/7     Allocating 
 Small   0x000000017c000000 0x000000017c200000 0x000000017c200000 Y/7     Allocating 
 Small   0x000000017c200000 0x000000017c400000 0x000000017c400000 Y/7     Allocating 
 Small   0x000000017c400000 0x000000017c600000 0x000000017c600000 Y/7     Allocating 
 Small   0x000000017c600000 0x000000017c800000 0x000000017c800000 Y/7     Allocating 
 Small   0x000000017c800000 0x000000017ca00000 0x000000017ca00000 Y/7     Allocating 
 Small   0x000000017ca00000 0x000000017cc00000 0x000000017cc00000 Y/7     Allocating 
 Small   0x000000017cc00000 0x000000017ce00000 0x000000017ce00000 Y/7     Allocating 
 Small   0x000000017ce00000 0x000000017d000000 0x000000017d000000 Y/7     Allocating 
 Small   0x000000017d000000 0x000000017d200000 0x000000017d200000 Y/7     Allocating 
 Small   0x000000017d200000 0x000000017d400000 0x000000017d400000 Y/7     Allocating 
 Small   0x000000017d400000 0x000000017d600000 0x000000017d600000 Y/7     Allocating 
 Small   0x000000017d600000 0x000000017d800000 0x000000017d800000 Y/7     Allocating 
 Small   0x000000017d800000 0x000000017da00000 0x000000017da00000 Y/7     Allocating 
 Small   0x000000017da00000 0x000000017dc00000 0x000000017dc00000 Y/7     Allocating 
 Small   0x000000017dc00000 0x000000017de00000 0x000000017de00000 Y/7     Allocating 
 Small   0x000000017de00000 0x000000017e000000 0x000000017e000000 Y/7     Allocating 
 Small   0x000000017e000000 0x000000017e200000 0x000000017e200000 Y/7     Allocating 
 Small   0x000000017e200000 0x000000017e400000 0x000000017e400000 Y/7     Allocating 
 Small   0x000000017e400000 0x000000017e600000 0x000000017e600000 Y/7     Allocating 
 Small   0x000000017e600000 0x000000017e800000 0x000000017e800000 Y/7     Allocating 
 Small   0x000000017e800000 0x000000017ea00000 0x000000017ea00000 Y/7     Allocating 
 Small   0x000000017ea00000 0x000000017ec00000 0x000000017ec00000 Y/7     Allocating 
 Small   0x000000017ec00000 0x000000017ee00000 0x000000017ee00000 Y/7     Allocating 
 Small   0x000000017ee00000 0x000000017f000000 0x000000017f000000 Y/7     Allocating 
 Small   0x000000017f000000 0x000000017f200000 0x000000017f200000 Y/7     Allocating 
 Small   0x000000017f200000 0x000000017f400000 0x000000017f400000 Y/7     Allocating 
 Small   0x000000017f400000 0x000000017f600000 0x000000017f600000 Y/7     Allocating 
 Small   0x000000017f600000 0x000000017f800000 0x000000017f800000 Y/7     Allocating 
 Small   0x000000017f800000 0x000000017fa00000 0x000000017fa00000 Y/7     Allocating 
 Small   0x000000017fa00000 0x000000017fc00000 0x000000017fc00000 Y/7     Allocating 
 Small   0x000000017fc00000 0x000000017fe00000 0x000000017fe00000 Y/7     Allocating 
 Small   0x000000017fe00000 0x0000000180000000 0x0000000180000000 Y/7     Allocating 
 Small   0x0000000180000000 0x0000000180200000 0x0000000180200000 Y/7     Allocating 
 Small   0x0000000180200000 0x0000000180400000 0x0000000180400000 Y/7     Allocating 
 Small   0x0000000180400000 0x0000000180600000 0x0000000180600000 Y/7     Allocating 
 Small   0x0000000180600000 0x0000000180800000 0x0000000180800000 Y/7     Allocating 
 Small   0x0000000180800000 0x0000000180a00000 0x0000000180a00000 Y/7     Allocating 
 Small   0x0000000180a00000 0x0000000180c00000 0x0000000180c00000 Y/7     Allocating 
 Small   0x0000000180c00000 0x0000000180e00000 0x0000000180e00000 Y/7     Allocating 
 Small   0x0000000180e00000 0x0000000181000000 0x0000000181000000 Y/7     Allocating 
 Small   0x0000000181000000 0x0000000181200000 0x0000000181200000 Y/7     Allocating 
 Small   0x0000000181200000 0x0000000181400000 0x0000000181400000 Y/7     Allocating 
 Small   0x0000000181400000 0x0000000181600000 0x0000000181600000 Y/7     Allocating 
 Small   0x0000000181600000 0x0000000181800000 0x0000000181800000 Y/7     Allocating 
 Small   0x0000000181800000 0x0000000181a00000 0x0000000181a00000 Y/7     Allocating 
 Small   0x0000000181a00000 0x0000000181c00000 0x0000000181c00000 Y/7     Allocating 
 Small   0x0000000181c00000 0x0000000181e00000 0x0000000181e00000 Y/7     Allocating 
 Small   0x0000000181e00000 0x0000000182000000 0x0000000182000000 Y/7     Allocating 
 Small   0x0000000182000000 0x0000000182200000 0x0000000182200000 Y/7     Allocating 
 Small   0x0000000182200000 0x0000000182400000 0x0000000182400000 Y/7     Allocating 
 Small   0x0000000182400000 0x0000000182600000 0x0000000182600000 Y/7     Allocating 
 Small   0x0000000182600000 0x0000000182800000 0x0000000182800000 Y/7     Allocating 
 Small   0x0000000182800000 0x0000000182a00000 0x0000000182a00000 Y/7     Allocating 
 Small   0x0000000182a00000 0x0000000182c00000 0x0000000182c00000 Y/7     Allocating 
 Small   0x0000000182c00000 0x0000000182e00000 0x0000000182e00000 Y/7     Allocating 
 Small   0x0000000182e00000 0x0000000183000000 0x0000000183000000 Y/7     Allocating 
 Small   0x0000000183000000 0x0000000183200000 0x0000000183200000 Y/7     Allocating 
 Small   0x0000000183200000 0x0000000183400000 0x0000000183400000 Y/7     Allocating 
 Small   0x0000000183400000 0x0000000183600000 0x0000000183600000 Y/7     Allocating 
 Small   0x0000000183600000 0x0000000183800000 0x0000000183800000 Y/7     Allocating 
 Small   0x0000000183800000 0x0000000183a00000 0x0000000183a00000 Y/7     Allocating 
 Small   0x0000000183a00000 0x0000000183c00000 0x0000000183c00000 Y/7     Allocating 
 Small   0x0000000183c00000 0x0000000183e00000 0x0000000183e00000 Y/7     Allocating 
 Small   0x0000000183e00000 0x0000000184000000 0x0000000184000000 Y/7     Allocating 
 Small   0x0000000184000000 0x0000000184200000 0x0000000184200000 Y/7     Allocating 
 Small   0x0000000184200000 0x0000000184400000 0x0000000184400000 Y/7     Allocating 
 Small   0x0000000184400000 0x0000000184600000 0x0000000184600000 Y/7     Allocating 
 Small   0x0000000184600000 0x0000000184800000 0x0000000184800000 Y/7     Allocating 
 Small   0x0000000184800000 0x0000000184a00000 0x0000000184a00000 Y/7     Allocating 
 Small   0x0000000184a00000 0x0000000184c00000 0x0000000184c00000 Y/7     Allocating 
 Small   0x0000000184c00000 0x0000000184e00000 0x0000000184e00000 Y/7     Allocating 
 Small   0x0000000184e00000 0x0000000185000000 0x0000000185000000 Y/7     Allocating 
 Small   0x0000000185000000 0x0000000185200000 0x0000000185200000 Y/7     Allocating 
 Small   0x0000000185200000 0x0000000185400000 0x0000000185400000 Y/7     Allocating 
 Small   0x0000000185400000 0x0000000185600000 0x0000000185600000 Y/7     Allocating 
 Small   0x0000000185600000 0x0000000185800000 0x0000000185800000 Y/7     Allocating 
 Small   0x0000000185800000 0x0000000185a00000 0x0000000185a00000 Y/7     Allocating 
 Small   0x0000000185a00000 0x0000000185c00000 0x0000000185c00000 Y/7     Allocating 
 Small   0x0000000185c00000 0x0000000185e00000 0x0000000185e00000 Y/7     Allocating 
 Small   0x0000000185e00000 0x0000000186000000 0x0000000186000000 Y/7     Allocating 
 Small   0x0000000186000000 0x0000000186200000 0x0000000186200000 Y/7     Allocating 
 Small   0x0000000186200000 0x0000000186400000 0x0000000186400000 Y/7     Allocating 
 Small   0x0000000186400000 0x0000000186600000 0x0000000186600000 Y/7     Allocating 
 Small   0x0000000186600000 0x0000000186800000 0x0000000186800000 Y/7     Allocating 
 Small   0x0000000186800000 0x0000000186a00000 0x0000000186a00000 Y/7     Allocating 
 Small   0x0000000186a00000 0x0000000186c00000 0x0000000186c00000 Y/7     Allocating 
 Small   0x0000000186c00000 0x0000000186e00000 0x0000000186e00000 Y/7     Allocating 
 Small   0x0000000186e00000 0x0000000187000000 0x0000000187000000 Y/7     Allocating 
 Small   0x0000000187000000 0x0000000187200000 0x0000000187200000 Y/7     Allocating 
 Small   0x0000000187200000 0x0000000187400000 0x0000000187400000 Y/7     Allocating 
 Small   0x0000000187400000 0x0000000187600000 0x0000000187600000 Y/7     Allocating 
 Small   0x0000000187600000 0x0000000187800000 0x0000000187800000 Y/7     Allocating 
 Small   0x0000000187800000 0x0000000187a00000 0x0000000187a00000 Y/7     Allocating 
 Small   0x0000000187a00000 0x0000000187c00000 0x0000000187c00000 Y/7     Allocating 
 Small   0x0000000187c00000 0x0000000187e00000 0x0000000187e00000 Y/7     Allocating 
 Small   0x0000000187e00000 0x0000000188000000 0x0000000188000000 Y/7     Allocating 
 Small   0x0000000188000000 0x0000000188200000 0x0000000188200000 Y/7     Allocating 
 Small   0x0000000188200000 0x0000000188400000 0x0000000188400000 Y/7     Allocating 
 Small   0x0000000188400000 0x0000000188600000 0x0000000188600000 Y/7     Allocating 
 Small   0x0000000188600000 0x0000000188800000 0x0000000188800000 Y/7     Allocating 
 Small   0x0000000188800000 0x0000000188a00000 0x0000000188a00000 Y/7     Allocating 
 Small   0x0000000188a00000 0x0000000188c00000 0x0000000188c00000 Y/7     Allocating 
 Small   0x0000000188c00000 0x0000000188e00000 0x0000000188e00000 Y/7     Allocating 
 Small   0x0000000188e00000 0x0000000189000000 0x0000000189000000 Y/7     Allocating 
 Small   0x0000000189000000 0x0000000189200000 0x0000000189200000 Y/7     Allocating 
 Small   0x0000000189200000 0x0000000189400000 0x0000000189400000 Y/7     Allocating 
 Small   0x0000000189400000 0x0000000189600000 0x0000000189600000 Y/7     Allocating 
 Small   0x0000000189600000 0x0000000189800000 0x0000000189800000 Y/7     Allocating 
 Small   0x0000000189800000 0x0000000189a00000 0x0000000189a00000 Y/7     Allocating 
 Small   0x0000000189a00000 0x0000000189c00000 0x0000000189c00000 Y/7     Allocating 
 Small   0x0000000189c00000 0x0000000189e00000 0x0000000189e00000 Y/7     Allocating 
 Small   0x0000000189e00000 0x000000018a000000 0x000000018a000000 Y/7     Allocating 
 Small   0x000000018a000000 0x000000018a200000 0x000000018a200000 Y/7     Allocating 
 Small   0x000000018a200000 0x000000018a400000 0x000000018a400000 Y/7     Allocating 
 Small   0x000000018a400000 0x000000018a600000 0x000000018a600000 Y/7     Allocating 
 Small   0x000000018a600000 0x000000018a800000 0x000000018a800000 Y/7     Allocating 
 Small   0x000000018a800000 0x000000018aa00000 0x000000018aa00000 Y/7     Allocating 
 Small   0x000000018aa00000 0x000000018ac00000 0x000000018ac00000 Y/7     Allocating 
 Small   0x000000018ac00000 0x000000018ae00000 0x000000018ae00000 Y/7     Allocating 
 Small   0x000000018ae00000 0x000000018b000000 0x000000018b000000 Y/7     Allocating 
 Small   0x000000018b000000 0x000000018b200000 0x000000018b200000 Y/7     Allocating 
 Small   0x000000018b200000 0x000000018b400000 0x000000018b400000 Y/7     Allocating 
 Small   0x000000018b400000 0x000000018b600000 0x000000018b600000 Y/7     Allocating 
 Small   0x000000018b600000 0x000000018b800000 0x000000018b800000 Y/7     Allocating 
 Small   0x000000018b800000 0x000000018ba00000 0x000000018ba00000 Y/7     Allocating 
 Small   0x000000018ba00000 0x000000018bc00000 0x000000018bc00000 Y/7     Allocating 
 Small   0x000000018bc00000 0x000000018be00000 0x000000018be00000 Y/7     Allocating 
 Small   0x000000018be00000 0x000000018c000000 0x000000018c000000 Y/7     Allocating 
 Small   0x000000018c000000 0x000000018c200000 0x000000018c200000 Y/7     Allocating 
 Small   0x000000018c200000 0x000000018c400000 0x000000018c400000 Y/7     Allocating 
 Small   0x000000018c400000 0x000000018c600000 0x000000018c600000 Y/7     Allocating 
 Small   0x000000018c600000 0x000000018c800000 0x000000018c800000 Y/7     Allocating 
 Small   0x000000018c800000 0x000000018ca00000 0x000000018ca00000 Y/7     Allocating 
 Small   0x000000018ca00000 0x000000018cc00000 0x000000018cc00000 Y/7     Allocating 
 Small   0x000000018cc00000 0x000000018ce00000 0x000000018ce00000 Y/7     Allocating 
 Small   0x000000018ce00000 0x000000018d000000 0x000000018d000000 Y/7     Allocating 
 Small   0x000000018d000000 0x000000018d200000 0x000000018d200000 Y/7     Allocating 
 Small   0x000000018d200000 0x000000018d400000 0x000000018d400000 Y/7     Allocating 
 Small   0x000000018d400000 0x000000018d600000 0x000000018d600000 Y/7     Allocating 
 Small   0x000000018d600000 0x000000018d800000 0x000000018d800000 Y/7     Allocating 
 Small   0x000000018d800000 0x000000018da00000 0x000000018da00000 Y/7     Allocating 
 Small   0x000000018da00000 0x000000018dc00000 0x000000018dc00000 Y/7     Allocating 
 Small   0x000000018dc00000 0x000000018de00000 0x000000018de00000 Y/7     Allocating 
 Small   0x000000018de00000 0x000000018e000000 0x000000018e000000 Y/7     Allocating 
 Small   0x000000018e000000 0x000000018e200000 0x000000018e200000 Y/7     Allocating 
 Small   0x000000018e200000 0x000000018e400000 0x000000018e400000 Y/7     Allocating 
 Small   0x000000018e400000 0x000000018e600000 0x000000018e600000 Y/7     Allocating 
 Small   0x000000018e600000 0x000000018e800000 0x000000018e800000 Y/7     Allocating 
 Small   0x000000018e800000 0x000000018ea00000 0x000000018ea00000 Y/7     Allocating 
 Small   0x000000018ea00000 0x000000018ec00000 0x000000018ec00000 Y/7     Allocating 
 Small   0x000000018ec00000 0x000000018ee00000 0x000000018ee00000 Y/7     Allocating 
 Small   0x000000018ee00000 0x000000018f000000 0x000000018f000000 Y/7     Allocating 
 Small   0x000000018f000000 0x000000018f200000 0x000000018f200000 Y/7     Allocating 
 Small   0x000000018f200000 0x000000018f400000 0x000000018f400000 Y/7     Allocating 
 Small   0x000000018f400000 0x000000018f600000 0x000000018f600000 Y/7     Allocating 
 Small   0x000000018f600000 0x000000018f800000 0x000000018f800000 Y/7     Allocating 
 Small   0x000000018f800000 0x000000018fa00000 0x000000018fa00000 Y/7     Allocating 
 Small   0x000000018fa00000 0x000000018fc00000 0x000000018fc00000 Y/7     Allocating 
 Small   0x000000018fc00000 0x000000018fe00000 0x000000018fe00000 Y/7     Allocating 
 Small   0x000000018fe00000 0x0000000190000000 0x0000000190000000 Y/7     Allocating 
 Small   0x0000000190000000 0x0000000190200000 0x0000000190200000 Y/7     Allocating 
 Small   0x0000000190200000 0x0000000190400000 0x0000000190400000 Y/7     Allocating 
 Small   0x0000000190400000 0x0000000190600000 0x0000000190600000 Y/7     Allocating 
 Small   0x0000000190600000 0x0000000190800000 0x0000000190800000 Y/7     Allocating 
 Small   0x0000000190800000 0x0000000190a00000 0x0000000190a00000 Y/7     Allocating 
 Small   0x0000000190a00000 0x0000000190c00000 0x0000000190c00000 Y/7     Allocating 
 Small   0x0000000190c00000 0x0000000190e00000 0x0000000190e00000 Y/7     Allocating 
 Small   0x0000000190e00000 0x0000000191000000 0x0000000191000000 Y/7     Allocating 
 Small   0x0000000191000000 0x0000000191200000 0x0000000191200000 Y/7     Allocating 
 Small   0x0000000191200000 0x0000000191400000 0x0000000191400000 Y/7     Allocating 
 Small   0x0000000191400000 0x0000000191600000 0x0000000191600000 Y/7     Allocating 
 Small   0x0000000191600000 0x0000000191800000 0x0000000191800000 Y/7     Allocating 
 Small   0x0000000191800000 0x0000000191a00000 0x0000000191a00000 Y/7     Allocating 
 Small   0x0000000191a00000 0x0000000191c00000 0x0000000191c00000 Y/7     Allocating 
 Small   0x0000000191c00000 0x0000000191e00000 0x0000000191e00000 Y/7     Allocating 
 Small   0x0000000191e00000 0x0000000192000000 0x0000000192000000 Y/7     Allocating 
 Small   0x0000000192000000 0x0000000192200000 0x0000000192200000 Y/7     Allocating 
 Small   0x0000000192200000 0x0000000192400000 0x0000000192400000 Y/7     Allocating 
 Small   0x0000000192400000 0x0000000192600000 0x0000000192600000 Y/7     Allocating 
 Small   0x0000000192600000 0x0000000192800000 0x0000000192800000 Y/7     Allocating 
 Small   0x0000000192800000 0x0000000192a00000 0x0000000192a00000 Y/7     Allocating 
 Small   0x0000000192a00000 0x0000000192c00000 0x0000000192c00000 Y/7     Allocating 
 Small   0x0000000192c00000 0x0000000192e00000 0x0000000192e00000 Y/7     Allocating 
 Small   0x0000000192e00000 0x0000000193000000 0x0000000193000000 Y/7     Allocating 
 Small   0x0000000193000000 0x0000000193200000 0x0000000193200000 Y/7     Allocating 
 Small   0x0000000193200000 0x0000000193400000 0x0000000193400000 Y/7     Allocating 
 Small   0x0000000193400000 0x0000000193600000 0x0000000193600000 Y/7     Allocating 
 Small   0x0000000193600000 0x0000000193800000 0x0000000193800000 Y/7     Allocating 
 Small   0x0000000193800000 0x0000000193a00000 0x0000000193a00000 Y/7     Allocating 
 Small   0x0000000193a00000 0x0000000193c00000 0x0000000193c00000 Y/7     Allocating 
 Small   0x0000000193c00000 0x0000000193e00000 0x0000000193e00000 Y/7     Allocating 
 Small   0x0000000193e00000 0x0000000194000000 0x0000000194000000 Y/7     Allocating 
 Small   0x0000000194000000 0x0000000194200000 0x0000000194200000 Y/7     Allocating 
 Small   0x0000000194200000 0x0000000194400000 0x0000000194400000 Y/7     Allocating 
 Small   0x0000000194400000 0x0000000194600000 0x0000000194600000 Y/7     Allocating 
 Small   0x0000000194600000 0x0000000194800000 0x0000000194800000 Y/7     Allocating 
 Small   0x0000000194800000 0x0000000194a00000 0x0000000194a00000 Y/7     Allocating 
 Small   0x0000000194a00000 0x0000000194c00000 0x0000000194c00000 Y/7     Allocating 
 Small   0x0000000194c00000 0x0000000194e00000 0x0000000194e00000 Y/7     Allocating 
 Small   0x0000000194e00000 0x0000000195000000 0x0000000195000000 Y/7     Allocating 
 Small   0x0000000195000000 0x0000000195200000 0x0000000195200000 Y/7     Allocating 
 Small   0x0000000195200000 0x0000000195400000 0x0000000195400000 Y/7     Allocating 
 Small   0x0000000195400000 0x0000000195600000 0x0000000195600000 Y/7     Allocating 
 Small   0x0000000195600000 0x0000000195800000 0x0000000195800000 Y/7     Allocating 
 Small   0x0000000195800000 0x0000000195a00000 0x0000000195a00000 Y/7     Allocating 
 Small   0x0000000195a00000 0x0000000195c00000 0x0000000195c00000 Y/7     Allocating 
 Small   0x0000000195c00000 0x0000000195e00000 0x0000000195e00000 Y/7     Allocating 
 Small   0x0000000195e00000 0x0000000196000000 0x0000000196000000 Y/7     Allocating 
 Small   0x0000000196000000 0x0000000196200000 0x0000000196200000 Y/7     Allocating 
 Small   0x0000000196200000 0x0000000196400000 0x0000000196400000 Y/7     Allocating 
 Small   0x0000000196400000 0x0000000196600000 0x0000000196600000 Y/7     Allocating 
 Small   0x0000000196600000 0x0000000196800000 0x0000000196800000 Y/7     Allocating 
 Small   0x0000000196800000 0x0000000196a00000 0x0000000196a00000 Y/7     Allocating 
 Small   0x0000000196a00000 0x0000000196c00000 0x0000000196c00000 Y/7     Allocating 
 Small   0x0000000196c00000 0x0000000196e00000 0x0000000196e00000 Y/7     Allocating 
 Small   0x0000000196e00000 0x0000000197000000 0x0000000197000000 Y/7     Allocating 
 Small   0x0000000197000000 0x0000000197200000 0x0000000197200000 Y/7     Allocating 
 Small   0x0000000197200000 0x0000000197400000 0x0000000197400000 Y/7     Allocating 
 Small   0x0000000197400000 0x0000000197600000 0x0000000197600000 Y/7     Allocating 
 Small   0x0000000197600000 0x0000000197800000 0x0000000197800000 Y/7     Allocating 
 Small   0x0000000197800000 0x0000000197a00000 0x0000000197a00000 Y/7     Allocating 
 Small   0x0000000197a00000 0x0000000197c00000 0x0000000197c00000 Y/7     Allocating 
 Small   0x0000000197c00000 0x0000000197e00000 0x0000000197e00000 Y/7     Allocating 
 Small   0x0000000197e00000 0x0000000198000000 0x0000000198000000 Y/7     Allocating 
 Small   0x0000000198000000 0x0000000198200000 0x0000000198200000 Y/7     Allocating 
 Small   0x0000000198200000 0x0000000198400000 0x0000000198400000 Y/7     Allocating 
 Small   0x0000000198400000 0x0000000198600000 0x0000000198600000 Y/7     Allocating 
 Small   0x0000000198600000 0x0000000198800000 0x0000000198800000 Y/7     Allocating 
 Small   0x0000000198800000 0x00000001989c0000 0x0000000198a00000 Y/7     Allocating 
 Small   0x0000000198a00000 0x0000000198c00000 0x0000000198c00000 Y/7     Allocating 
 Small   0x0000000198c00000 0x0000000198e00000 0x0000000198e00000 Y/7     Allocating 
 Small   0x0000000198e00000 0x0000000199000000 0x0000000199000000 Y/7     Allocating 
 Small   0x0000000199000000 0x0000000199200000 0x0000000199200000 Y/7     Allocating 
 Small   0x0000000199200000 0x0000000199400000 0x0000000199400000 Y/7     Allocating 
 Small   0x0000000199400000 0x0000000199600000 0x0000000199600000 Y/7     Allocating 
 Small   0x0000000199600000 0x0000000199800000 0x0000000199800000 Y/7     Allocating 
 Small   0x0000000199800000 0x0000000199a00000 0x0000000199a00000 Y/7     Allocating 
 Small   0x0000000199a00000 0x0000000199c00000 0x0000000199c00000 Y/7     Allocating 
 Small   0x0000000199c00000 0x0000000199e00000 0x0000000199e00000 Y/7     Allocating 
 Small   0x0000000199e00000 0x000000019a000000 0x000000019a000000 Y/7     Allocating 
 Small   0x000000019a000000 0x000000019a200000 0x000000019a200000 Y/7     Allocating 
 Small   0x000000019a200000 0x000000019a400000 0x000000019a400000 Y/7     Allocating 
 Small   0x000000019a400000 0x000000019a600000 0x000000019a600000 Y/7     Allocating 
 Small   0x000000019a600000 0x000000019a800000 0x000000019a800000 Y/7     Allocating 
 Small   0x000000019a800000 0x000000019aa00000 0x000000019aa00000 Y/7     Allocating 
 Small   0x000000019aa00000 0x000000019ac00000 0x000000019ac00000 Y/7     Allocating 
 Small   0x000000019ac00000 0x000000019ae00000 0x000000019ae00000 Y/7     Allocating 
 Small   0x000000019ae00000 0x000000019b000000 0x000000019b000000 Y/7     Allocating 
 Small   0x000000019b000000 0x000000019b200000 0x000000019b200000 Y/7     Allocating 
 Small   0x000000019b200000 0x000000019b400000 0x000000019b400000 Y/7     Allocating 
 Small   0x000000019b400000 0x000000019b600000 0x000000019b600000 Y/7     Allocating 
 Small   0x000000019b600000 0x000000019b800000 0x000000019b800000 Y/7     Allocating 
 Small   0x000000019b800000 0x000000019ba00000 0x000000019ba00000 Y/7     Allocating 
 Small   0x000000019ba00000 0x000000019bc00000 0x000000019bc00000 Y/7     Allocating 
 Small   0x000000019bc00000 0x000000019be00000 0x000000019be00000 Y/7     Allocating 
 Small   0x000000019be00000 0x000000019c000000 0x000000019c000000 Y/7     Allocating 
 Small   0x000000019c000000 0x000000019c200000 0x000000019c200000 Y/7     Allocating 
 Small   0x000000019c200000 0x000000019c400000 0x000000019c400000 Y/7     Allocating 
 Small   0x000000019c400000 0x000000019c600000 0x000000019c600000 Y/7     Allocating 
 Small   0x000000019c600000 0x000000019c800000 0x000000019c800000 Y/7     Allocating 
 Small   0x000000019c800000 0x000000019ca00000 0x000000019ca00000 Y/7     Allocating 
 Small   0x000000019ca00000 0x000000019cc00000 0x000000019cc00000 Y/7     Allocating 
 Small   0x000000019cc00000 0x000000019ce00000 0x000000019ce00000 Y/7     Allocating 
 Small   0x000000019ce00000 0x000000019d000000 0x000000019d000000 Y/7     Allocating 
 Small   0x000000019d000000 0x000000019d200000 0x000000019d200000 Y/7     Allocating 
 Small   0x000000019d200000 0x000000019d400000 0x000000019d400000 Y/7     Allocating 
 Small   0x000000019d400000 0x000000019d600000 0x000000019d600000 Y/7     Allocating 
 Small   0x000000019d600000 0x000000019d800000 0x000000019d800000 Y/7     Allocating 
 Small   0x000000019d800000 0x000000019da00000 0x000000019da00000 Y/7     Allocating 
 Small   0x000000019da00000 0x000000019dc00000 0x000000019dc00000 Y/7     Allocating 
 Small   0x000000019dc00000 0x000000019de00000 0x000000019de00000 Y/7     Allocating 
 Small   0x000000019de00000 0x000000019de80000 0x000000019e000000 Y/7     Allocating 
 Small   0x000000019e000000 0x000000019e200000 0x000000019e200000 Y/7     Allocating 
 Small   0x000000019e200000 0x000000019e400000 0x000000019e400000 Y/7     Allocating 
 Small   0x000000019e400000 0x000000019e600000 0x000000019e600000 Y/7     Allocating 
 Small   0x000000019e600000 0x000000019e800000 0x000000019e800000 Y/7     Allocating 
 Small   0x000000019e800000 0x000000019ea00000 0x000000019ea00000 Y/7     Allocating 
 Small   0x000000019ea00000 0x000000019ec00000 0x000000019ec00000 Y/7     Allocating 
 Small   0x000000019ec00000 0x000000019ee00000 0x000000019ee00000 Y/7     Allocating 
 Small   0x000000019ee00000 0x000000019f000000 0x000000019f000000 Y/7     Allocating 
 Small   0x000000019f000000 0x000000019f200000 0x000000019f200000 Y/7     Allocating 
 Small   0x000000019f200000 0x000000019f400000 0x000000019f400000 Y/7     Allocating 
 Small   0x000000019f400000 0x000000019f600000 0x000000019f600000 Y/7     Allocating 
 Small   0x000000019f600000 0x000000019f800000 0x000000019f800000 Y/7     Allocating 
 Small   0x000000019f800000 0x000000019fa00000 0x000000019fa00000 Y/7     Allocating 
 Small   0x000000019fa00000 0x000000019fc00000 0x000000019fc00000 Y/7     Allocating 
 Small   0x000000019fc00000 0x000000019fe00000 0x000000019fe00000 Y/7     Allocating 
 Small   0x000000019fe00000 0x00000001a0000000 0x00000001a0000000 Y/7     Allocating 
 Small   0x00000001a0000000 0x00000001a0200000 0x00000001a0200000 Y/7     Allocating 
 Small   0x00000001a0200000 0x00000001a0400000 0x00000001a0400000 Y/7     Allocating 
 Small   0x00000001a0400000 0x00000001a0600000 0x00000001a0600000 Y/7     Allocating 
 Small   0x00000001a0600000 0x00000001a0800000 0x00000001a0800000 Y/7     Allocating 
 Small   0x00000001a0800000 0x00000001a0a00000 0x00000001a0a00000 Y/7     Allocating 
 Small   0x00000001a0a00000 0x00000001a0c00000 0x00000001a0c00000 Y/7     Allocating 
 Small   0x00000001a0c00000 0x00000001a0e00000 0x00000001a0e00000 Y/7     Allocating 
 Small   0x00000001a0e00000 0x00000001a1000000 0x00000001a1000000 Y/7     Allocating 
 Small   0x00000001a1000000 0x00000001a1200000 0x00000001a1200000 Y/7     Allocating 
 Small   0x00000001a1200000 0x00000001a1400000 0x00000001a1400000 Y/7     Allocating 
 Small   0x00000001a1400000 0x00000001a1600000 0x00000001a1600000 Y/7     Allocating 
 Small   0x00000001a1600000 0x00000001a1800000 0x00000001a1800000 Y/7     Allocating 
 Small   0x00000001a1800000 0x00000001a1a00000 0x00000001a1a00000 Y/7     Allocating 
 Small   0x00000001a1a00000 0x00000001a1c00000 0x00000001a1c00000 Y/7     Allocating 
 Small   0x00000001a1c00000 0x00000001a1e00000 0x00000001a1e00000 Y/7     Allocating 
 Small   0x00000001a1e00000 0x00000001a2000000 0x00000001a2000000 Y/7     Allocating 
 Small   0x00000001a2000000 0x00000001a2200000 0x00000001a2200000 Y/7     Allocating 
 Small   0x00000001a2200000 0x00000001a2400000 0x00000001a2400000 Y/7     Allocating 
 Small   0x00000001a2400000 0x00000001a2600000 0x00000001a2600000 Y/7     Allocating 
 Small   0x00000001a2600000 0x00000001a2800000 0x00000001a2800000 Y/7     Allocating 
 Small   0x00000001a2800000 0x00000001a2a00000 0x00000001a2a00000 Y/7     Allocating 
 Small   0x00000001a2a00000 0x00000001a2c00000 0x00000001a2c00000 Y/7     Allocating 
 Small   0x00000001a2c00000 0x00000001a2e00000 0x00000001a2e00000 Y/7     Allocating 
 Small   0x00000001a2e00000 0x00000001a3000000 0x00000001a3000000 Y/7     Allocating 
 Small   0x00000001a3000000 0x00000001a3200000 0x00000001a3200000 Y/7     Allocating 
 Small   0x00000001a3200000 0x00000001a3400000 0x00000001a3400000 Y/7     Allocating 
 Small   0x00000001a3400000 0x00000001a3600000 0x00000001a3600000 Y/7     Allocating 
 Small   0x00000001a3600000 0x00000001a3800000 0x00000001a3800000 Y/7     Allocating 
 Small   0x00000001a3800000 0x00000001a3a00000 0x00000001a3a00000 Y/7     Allocating 
 Small   0x00000001a3a00000 0x00000001a3c00000 0x00000001a3c00000 Y/7     Allocating 
 Small   0x00000001a3c00000 0x00000001a3e00000 0x00000001a3e00000 Y/7     Allocating 
 Small   0x00000001a3e00000 0x00000001a4000000 0x00000001a4000000 Y/7     Allocating 
 Small   0x00000001a4000000 0x00000001a4200000 0x00000001a4200000 Y/7     Allocating 
 Small   0x00000001a4200000 0x00000001a4400000 0x00000001a4400000 Y/7     Allocating 
 Small   0x00000001a4400000 0x00000001a4600000 0x00000001a4600000 Y/7     Allocating 
 Small   0x00000001a4600000 0x00000001a4800000 0x00000001a4800000 Y/7     Allocating 
 Small   0x00000001a4800000 0x00000001a4a00000 0x00000001a4a00000 Y/7     Allocating 
 Small   0x00000001a4a00000 0x00000001a4c00000 0x00000001a4c00000 Y/7     Allocating 
 Small   0x00000001a4c00000 0x00000001a4e00000 0x00000001a4e00000 Y/7     Allocating 
 Small   0x00000001a4e00000 0x00000001a5000000 0x00000001a5000000 Y/7     Allocating 
 Small   0x00000001a5000000 0x00000001a5200000 0x00000001a5200000 Y/7     Allocating 
 Small   0x00000001a5200000 0x00000001a5400000 0x00000001a5400000 Y/7     Allocating 
 Small   0x00000001a5400000 0x00000001a5600000 0x00000001a5600000 Y/7     Allocating 
 Small   0x00000001a5600000 0x00000001a5800000 0x00000001a5800000 Y/7     Allocating 
 Small   0x00000001a5800000 0x00000001a5a00000 0x00000001a5a00000 Y/7     Allocating 
 Small   0x00000001a5a00000 0x00000001a5c00000 0x00000001a5c00000 Y/7     Allocating 
 Small   0x00000001a5c00000 0x00000001a5e00000 0x00000001a5e00000 Y/7     Allocating 
 Small   0x00000001a5e00000 0x00000001a6000000 0x00000001a6000000 Y/7     Allocating 
 Small   0x00000001a6000000 0x00000001a6200000 0x00000001a6200000 Y/7     Allocating 
 Small   0x00000001a6200000 0x00000001a6400000 0x00000001a6400000 Y/7     Allocating 
 Small   0x00000001a6400000 0x00000001a6600000 0x00000001a6600000 Y/7     Allocating 
 Small   0x00000001a6600000 0x00000001a6800000 0x00000001a6800000 Y/7     Allocating 
 Small   0x00000001a6800000 0x00000001a6a00000 0x00000001a6a00000 Y/7     Allocating 
 Small   0x00000001a6a00000 0x00000001a6c00000 0x00000001a6c00000 Y/7     Allocating 
 Small   0x00000001a6c00000 0x00000001a6e00000 0x00000001a6e00000 Y/7     Allocating 
 Small   0x00000001a6e00000 0x00000001a7000000 0x00000001a7000000 Y/7     Allocating 
 Small   0x00000001a7000000 0x00000001a7200000 0x00000001a7200000 Y/7     Allocating 
 Small   0x00000001a7200000 0x00000001a7400000 0x00000001a7400000 Y/7     Allocating 
 Small   0x00000001a7400000 0x00000001a7600000 0x00000001a7600000 Y/7     Allocating 
 Small   0x00000001a7600000 0x00000001a7800000 0x00000001a7800000 Y/7     Allocating 
 Small   0x00000001a7800000 0x00000001a7a00000 0x00000001a7a00000 Y/7     Allocating 
 Small   0x00000001a7a00000 0x00000001a7c00000 0x00000001a7c00000 Y/7     Allocating 
 Small   0x00000001a7c00000 0x00000001a7e00000 0x00000001a7e00000 Y/7     Allocating 
 Small   0x00000001a7e00000 0x00000001a8000000 0x00000001a8000000 Y/7     Allocating 
 Small   0x00000001a8000000 0x00000001a8200000 0x00000001a8200000 Y/7     Allocating 
 Small   0x00000001a8200000 0x00000001a8400000 0x00000001a8400000 Y/7     Allocating 
 Small   0x00000001a8400000 0x00000001a8600000 0x00000001a8600000 Y/7     Allocating 
 Small   0x00000001a8600000 0x00000001a8800000 0x00000001a8800000 Y/7     Allocating 
 Small   0x00000001a8800000 0x00000001a8a00000 0x00000001a8a00000 Y/7     Allocating 
 Small   0x00000001a8a00000 0x00000001a8c00000 0x00000001a8c00000 Y/7     Allocating 
 Small   0x00000001a8c00000 0x00000001a8e00000 0x00000001a8e00000 Y/7     Allocating 
 Small   0x00000001a8e00000 0x00000001a9000000 0x00000001a9000000 Y/7     Allocating 
 Small   0x00000001a9000000 0x00000001a9200000 0x00000001a9200000 Y/7     Allocating 
 Small   0x00000001a9200000 0x00000001a9400000 0x00000001a9400000 Y/7     Allocating 
 Small   0x00000001a9400000 0x00000001a9600000 0x00000001a9600000 Y/7     Allocating 
 Small   0x00000001a9600000 0x00000001a9800000 0x00000001a9800000 Y/7     Allocating 
 Small   0x00000001a9800000 0x00000001a9a00000 0x00000001a9a00000 Y/7     Allocating 
 Small   0x00000001a9a00000 0x00000001a9c00000 0x00000001a9c00000 Y/7     Allocating 
 Small   0x00000001a9c00000 0x00000001a9e00000 0x00000001a9e00000 Y/7     Allocating 
 Small   0x00000001a9e00000 0x00000001aa000000 0x00000001aa000000 Y/7     Allocating 
 Small   0x00000001aa000000 0x00000001aa200000 0x00000001aa200000 Y/7     Allocating 
 Small   0x00000001aa200000 0x00000001aa400000 0x00000001aa400000 Y/7     Allocating 
 Small   0x00000001aa400000 0x00000001aa600000 0x00000001aa600000 Y/7     Allocating 
 Small   0x00000001aa600000 0x00000001aa800000 0x00000001aa800000 Y/7     Allocating 
 Small   0x00000001aa800000 0x00000001aaa00000 0x00000001aaa00000 Y/7     Allocating 
 Small   0x00000001aaa00000 0x00000001aac00000 0x00000001aac00000 Y/7     Allocating 
 Small   0x00000001aac00000 0x00000001aae00000 0x00000001aae00000 Y/7     Allocating 
 Small   0x00000001aae00000 0x00000001ab000000 0x00000001ab000000 Y/7     Allocating 
 Small   0x00000001ab000000 0x00000001ab200000 0x00000001ab200000 Y/7     Allocating 
 Small   0x00000001ab200000 0x00000001ab400000 0x00000001ab400000 Y/7     Allocating 
 Small   0x00000001ab400000 0x00000001ab600000 0x00000001ab600000 Y/7     Allocating 
 Small   0x00000001ab600000 0x00000001ab800000 0x00000001ab800000 Y/7     Allocating 
 Small   0x00000001ab800000 0x00000001aba00000 0x00000001aba00000 Y/7     Allocating 
 Small   0x00000001aba00000 0x00000001abc00000 0x00000001abc00000 Y/7     Allocating 
 Small   0x00000001abc00000 0x00000001abe00000 0x00000001abe00000 Y/7     Allocating 
 Small   0x00000001abe00000 0x00000001ac000000 0x00000001ac000000 Y/7     Allocating 
 Small   0x00000001ac000000 0x00000001ac200000 0x00000001ac200000 Y/7     Allocating 
 Small   0x00000001ac200000 0x00000001ac400000 0x00000001ac400000 Y/7     Allocating 
 Small   0x00000001ac400000 0x00000001ac600000 0x00000001ac600000 Y/7     Allocating 
 Small   0x00000001ac600000 0x00000001ac800000 0x00000001ac800000 Y/7     Allocating 
 Small   0x00000001ac800000 0x00000001aca00000 0x00000001aca00000 Y/7     Allocating 
 Small   0x00000001aca00000 0x00000001acc00000 0x00000001acc00000 Y/7     Allocating 
 Small   0x00000001acc00000 0x00000001ace00000 0x00000001ace00000 Y/7     Allocating 
 Small   0x00000001ace00000 0x00000001ad000000 0x00000001ad000000 Y/7     Allocating 
 Small   0x00000001ad000000 0x00000001ad200000 0x00000001ad200000 Y/7     Allocating 
 Small   0x00000001ad200000 0x00000001ad400000 0x00000001ad400000 Y/7     Allocating 
 Small   0x00000001ad400000 0x00000001ad600000 0x00000001ad600000 Y/7     Allocating 
 Small   0x00000001ad600000 0x00000001ad800000 0x00000001ad800000 Y/7     Allocating 
 Small   0x00000001ad800000 0x00000001ada00000 0x00000001ada00000 Y/7     Allocating 
 Small   0x00000001ada00000 0x00000001adc00000 0x00000001adc00000 Y/7     Allocating 
 Small   0x00000001adc00000 0x00000001ade00000 0x00000001ade00000 Y/7     Allocating 
 Small   0x00000001ade00000 0x00000001ae000000 0x00000001ae000000 Y/7     Allocating 
 Small   0x00000001ae000000 0x00000001ae200000 0x00000001ae200000 Y/7     Allocating 
 Small   0x00000001ae200000 0x00000001ae400000 0x00000001ae400000 Y/7     Allocating 
 Small   0x00000001ae400000 0x00000001ae600000 0x00000001ae600000 Y/7     Allocating 
 Small   0x00000001ae600000 0x00000001ae800000 0x00000001ae800000 Y/7     Allocating 
 Small   0x00000001ae800000 0x00000001aea00000 0x00000001aea00000 Y/7     Allocating 
 Small   0x00000001aea00000 0x00000001aec00000 0x00000001aec00000 Y/7     Allocating 
 Small   0x00000001aec00000 0x00000001aee00000 0x00000001aee00000 Y/7     Allocating 
 Small   0x00000001aee00000 0x00000001af000000 0x00000001af000000 Y/7     Allocating 
 Small   0x00000001af000000 0x00000001af200000 0x00000001af200000 Y/7     Allocating 
 Small   0x00000001af200000 0x00000001af400000 0x00000001af400000 Y/7     Allocating 
 Small   0x00000001af400000 0x00000001af600000 0x00000001af600000 Y/7     Allocating 
 Small   0x00000001af600000 0x00000001af800000 0x00000001af800000 Y/7     Allocating 
 Small   0x00000001af800000 0x00000001afa00000 0x00000001afa00000 Y/7     Allocating 
 Small   0x00000001afa00000 0x00000001afc00000 0x00000001afc00000 Y/7     Allocating 
 Small   0x00000001afc00000 0x00000001afe00000 0x00000001afe00000 Y/7     Allocating 
 Small   0x00000001afe00000 0x00000001b0000000 0x00000001b0000000 Y/7     Allocating 
 Small   0x00000001b0000000 0x00000001b0200000 0x00000001b0200000 Y/7     Allocating 
 Small   0x00000001b0200000 0x00000001b0400000 0x00000001b0400000 Y/7     Allocating 
 Small   0x00000001b0400000 0x00000001b0600000 0x00000001b0600000 Y/7     Allocating 
 Small   0x00000001b0600000 0x00000001b0800000 0x00000001b0800000 Y/7     Allocating 
 Small   0x00000001b0800000 0x00000001b0a00000 0x00000001b0a00000 Y/7     Allocating 
 Small   0x00000001b0a00000 0x00000001b0c00000 0x00000001b0c00000 Y/7     Allocating 
 Small   0x00000001b0c00000 0x00000001b0e00000 0x00000001b0e00000 Y/7     Allocating 
 Small   0x00000001b0e00000 0x00000001b1000000 0x00000001b1000000 Y/7     Allocating 
 Small   0x00000001b1000000 0x00000001b1200000 0x00000001b1200000 Y/7     Allocating 
 Small   0x00000001b1200000 0x00000001b1400000 0x00000001b1400000 Y/7     Allocating 
 Small   0x00000001b1400000 0x00000001b1600000 0x00000001b1600000 Y/7     Allocating 
 Small   0x00000001b1600000 0x00000001b1800000 0x00000001b1800000 Y/7     Allocating 
 Small   0x00000001b1800000 0x00000001b1a00000 0x00000001b1a00000 Y/7     Allocating 
 Small   0x00000001b1a00000 0x00000001b1c00000 0x00000001b1c00000 Y/7     Allocating 
 Small   0x00000001b1c00000 0x00000001b1e00000 0x00000001b1e00000 Y/7     Allocating 
 Small   0x00000001b1e00000 0x00000001b2000000 0x00000001b2000000 Y/7     Allocating 
 Small   0x00000001b2000000 0x00000001b2200000 0x00000001b2200000 Y/7     Allocating 
 Small   0x00000001b2200000 0x00000001b2400000 0x00000001b2400000 Y/7     Allocating 
 Small   0x00000001b2400000 0x00000001b2600000 0x00000001b2600000 Y/7     Allocating 
 Small   0x00000001b2600000 0x00000001b2800000 0x00000001b2800000 Y/7     Allocating 
 Small   0x00000001b2800000 0x00000001b2a00000 0x00000001b2a00000 Y/7     Allocating 
 Small   0x00000001b2a00000 0x00000001b2c00000 0x00000001b2c00000 Y/7     Allocating 
 Small   0x00000001b2c00000 0x00000001b2e00000 0x00000001b2e00000 Y/7     Allocating 
 Small   0x00000001b2e00000 0x00000001b3000000 0x00000001b3000000 Y/7     Allocating 
 Small   0x00000001b3000000 0x00000001b3200000 0x00000001b3200000 Y/7     Allocating 
 Small   0x00000001b3200000 0x00000001b3400000 0x00000001b3400000 Y/7     Allocating 
 Small   0x00000001b3400000 0x00000001b3600000 0x00000001b3600000 Y/7     Allocating 
 Small   0x00000001b3600000 0x00000001b3800000 0x00000001b3800000 Y/7     Allocating 
 Small   0x00000001b3800000 0x00000001b3a00000 0x00000001b3a00000 Y/7     Allocating 
 Small   0x00000001b3a00000 0x00000001b3c00000 0x00000001b3c00000 Y/7     Allocating 
 Small   0x00000001b3c00000 0x00000001b3e00000 0x00000001b3e00000 Y/7     Allocating 
 Small   0x00000001b3e00000 0x00000001b4000000 0x00000001b4000000 Y/7     Allocating 
 Small   0x00000001b4000000 0x00000001b4200000 0x00000001b4200000 Y/7     Allocating 
 Small   0x00000001b4200000 0x00000001b4400000 0x00000001b4400000 Y/7     Allocating 
 Small   0x00000001b4400000 0x00000001b4600000 0x00000001b4600000 Y/7     Allocating 
 Small   0x00000001b4600000 0x00000001b4800000 0x00000001b4800000 Y/7     Allocating 
 Small   0x00000001b4800000 0x00000001b4a00000 0x00000001b4a00000 Y/7     Allocating 
 Small   0x00000001b4a00000 0x00000001b4c00000 0x00000001b4c00000 Y/7     Allocating 
 Small   0x00000001b4c00000 0x00000001b4e00000 0x00000001b4e00000 Y/7     Allocating 
 Small   0x00000001b4e00000 0x00000001b5000000 0x00000001b5000000 Y/7     Allocating 
 Small   0x00000001b5000000 0x00000001b5200000 0x00000001b5200000 Y/7     Allocating 
 Small   0x00000001b5200000 0x00000001b5400000 0x00000001b5400000 Y/7     Allocating 
 Small   0x00000001b5400000 0x00000001b5600000 0x00000001b5600000 Y/7     Allocating 
 Small   0x00000001b5600000 0x00000001b5800000 0x00000001b5800000 Y/7     Allocating 
 Small   0x00000001b5800000 0x00000001b5a00000 0x00000001b5a00000 Y/7     Allocating 
 Small   0x00000001b5a00000 0x00000001b5c00000 0x00000001b5c00000 Y/7     Allocating 
 Small   0x00000001b5c00000 0x00000001b5e00000 0x00000001b5e00000 Y/7     Allocating 
 Small   0x00000001b5e00000 0x00000001b6000000 0x00000001b6000000 Y/7     Allocating 
 Small   0x00000001b6000000 0x00000001b6200000 0x00000001b6200000 Y/7     Allocating 
 Small   0x00000001b6200000 0x00000001b6400000 0x00000001b6400000 Y/7     Allocating 
 Small   0x00000001b6400000 0x00000001b6600000 0x00000001b6600000 Y/7     Allocating 
 Small   0x00000001b6600000 0x00000001b6800000 0x00000001b6800000 Y/7     Allocating 
 Small   0x00000001b6800000 0x00000001b6a00000 0x00000001b6a00000 Y/7     Allocating 
 Small   0x00000001b6a00000 0x00000001b6c00000 0x00000001b6c00000 Y/7     Allocating 
 Small   0x00000001b6c00000 0x00000001b6e00000 0x00000001b6e00000 Y/7     Allocating 
 Small   0x00000001b6e00000 0x00000001b7000000 0x00000001b7000000 Y/7     Allocating 
 Small   0x00000001b7000000 0x00000001b7200000 0x00000001b7200000 Y/7     Allocating 
 Small   0x00000001b7200000 0x00000001b7400000 0x00000001b7400000 Y/7     Allocating 
 Small   0x00000001b7400000 0x00000001b7600000 0x00000001b7600000 Y/7     Allocating 
 Small   0x00000001b7600000 0x00000001b7800000 0x00000001b7800000 Y/7     Allocating 
 Small   0x00000001b7800000 0x00000001b7a00000 0x00000001b7a00000 Y/7     Allocating 
 Small   0x00000001b7a00000 0x00000001b7c00000 0x00000001b7c00000 Y/7     Allocating 
 Small   0x00000001b7c00000 0x00000001b7e00000 0x00000001b7e00000 Y/7     Allocating 
 Small   0x00000001b7e00000 0x00000001b8000000 0x00000001b8000000 Y/7     Allocating 
 Small   0x00000001b8000000 0x00000001b8200000 0x00000001b8200000 Y/7     Allocating 
 Small   0x00000001b8200000 0x00000001b8400000 0x00000001b8400000 Y/7     Allocating 
 Small   0x00000001b8400000 0x00000001b8600000 0x00000001b8600000 Y/7     Allocating 
 Small   0x00000001b8600000 0x00000001b8800000 0x00000001b8800000 Y/7     Allocating 
 Small   0x00000001b8800000 0x00000001b8a00000 0x00000001b8a00000 Y/7     Allocating 
 Small   0x00000001b8a00000 0x00000001b8c00000 0x00000001b8c00000 Y/7     Allocating 
 Small   0x00000001b8c00000 0x00000001b8e00000 0x00000001b8e00000 Y/7     Allocating 
 Small   0x00000001b8e00000 0x00000001b9000000 0x00000001b9000000 Y/7     Allocating 
 Small   0x00000001b9000000 0x00000001b9200000 0x00000001b9200000 Y/7     Allocating 
 Small   0x00000001b9200000 0x00000001b9400000 0x00000001b9400000 Y/7     Allocating 
 Small   0x00000001b9400000 0x00000001b9600000 0x00000001b9600000 Y/7     Allocating 
 Small   0x00000001b9600000 0x00000001b9800000 0x00000001b9800000 Y/7     Allocating 
 Small   0x00000001b9800000 0x00000001b9a00000 0x00000001b9a00000 Y/7     Allocating 
 Small   0x00000001b9a00000 0x00000001b9c00000 0x00000001b9c00000 Y/7     Allocating 
 Small   0x00000001b9c00000 0x00000001b9e00000 0x00000001b9e00000 Y/7     Allocating 
 Small   0x00000001b9e00000 0x00000001ba000000 0x00000001ba000000 Y/7     Allocating 
 Small   0x00000001ba000000 0x00000001ba200000 0x00000001ba200000 Y/7     Allocating 
 Small   0x00000001ba200000 0x00000001ba400000 0x00000001ba400000 Y/7     Allocating 
 Small   0x00000001ba400000 0x00000001ba600000 0x00000001ba600000 Y/7     Allocating 
 Small   0x00000001ba600000 0x00000001ba800000 0x00000001ba800000 Y/7     Allocating 
 Small   0x00000001ba800000 0x00000001baa00000 0x00000001baa00000 Y/7     Allocating 
 Small   0x00000001baa00000 0x00000001bac00000 0x00000001bac00000 Y/7     Allocating 
 Small   0x00000001bac00000 0x00000001bae00000 0x00000001bae00000 Y/7     Allocating 
 Small   0x00000001bae00000 0x00000001bb000000 0x00000001bb000000 Y/7     Allocating 
 Small   0x00000001bb000000 0x00000001bb200000 0x00000001bb200000 Y/7     Allocating 
 Small   0x00000001bb200000 0x00000001bb400000 0x00000001bb400000 Y/7     Allocating 
 Small   0x00000001bb400000 0x00000001bb600000 0x00000001bb600000 Y/7     Allocating 
 Small   0x00000001bb600000 0x00000001bb800000 0x00000001bb800000 Y/7     Allocating 
 Small   0x00000001bb800000 0x00000001bba00000 0x00000001bba00000 Y/7     Allocating 
 Small   0x00000001bba00000 0x00000001bbc00000 0x00000001bbc00000 Y/7     Allocating 
 Small   0x00000001bbc00000 0x00000001bbe00000 0x00000001bbe00000 Y/7     Allocating 
 Small   0x00000001bbe00000 0x00000001bc000000 0x00000001bc000000 Y/7     Allocating 
 Small   0x00000001bc000000 0x00000001bc200000 0x00000001bc200000 Y/7     Allocating 
 Small   0x00000001bc200000 0x00000001bc400000 0x00000001bc400000 Y/7     Allocating 
 Small   0x00000001bc400000 0x00000001bc600000 0x00000001bc600000 Y/7     Allocating 
 Small   0x00000001bc600000 0x00000001bc800000 0x00000001bc800000 Y/7     Allocating 
 Small   0x00000001bc800000 0x00000001bca00000 0x00000001bca00000 Y/7     Allocating 
 Small   0x00000001bca00000 0x00000001bcc00000 0x00000001bcc00000 Y/7     Allocating 
 Small   0x00000001bcc00000 0x00000001bce00000 0x00000001bce00000 Y/7     Allocating 
 Small   0x00000001bce00000 0x00000001bd000000 0x00000001bd000000 Y/7     Allocating 
 Small   0x00000001bd000000 0x00000001bd200000 0x00000001bd200000 Y/7     Allocating 
 Small   0x00000001bd200000 0x00000001bd400000 0x00000001bd400000 Y/7     Allocating 
 Small   0x00000001bd400000 0x00000001bd600000 0x00000001bd600000 Y/7     Allocating 
 Small   0x00000001bd600000 0x00000001bd800000 0x00000001bd800000 Y/7     Allocating 
 Small   0x00000001bd800000 0x00000001bda00000 0x00000001bda00000 Y/7     Allocating 
 Small   0x00000001bda00000 0x00000001bdc00000 0x00000001bdc00000 Y/7     Allocating 
 Small   0x00000001bdc00000 0x00000001bde00000 0x00000001bde00000 Y/7     Allocating 
 Small   0x00000001bde00000 0x00000001be000000 0x00000001be000000 Y/7     Allocating 
 Small   0x00000001be000000 0x00000001be200000 0x00000001be200000 Y/7     Allocating 
 Small   0x00000001be200000 0x00000001be400000 0x00000001be400000 Y/7     Allocating 
 Small   0x00000001be400000 0x00000001be600000 0x00000001be600000 Y/7     Allocating 
 Small   0x00000001be600000 0x00000001be800000 0x00000001be800000 Y/7     Allocating 
 Small   0x00000001be800000 0x00000001bea00000 0x00000001bea00000 Y/7     Allocating 
 Small   0x00000001bea00000 0x00000001bec00000 0x00000001bec00000 Y/7     Allocating 
 Small   0x00000001bec00000 0x00000001bee00000 0x00000001bee00000 Y/7     Allocating 
 Small   0x00000001bee00000 0x00000001bf000000 0x00000001bf000000 Y/7     Allocating 
 Small   0x00000001bf000000 0x00000001bf200000 0x00000001bf200000 Y/7     Allocating 
 Small   0x00000001bf200000 0x00000001bf400000 0x00000001bf400000 Y/7     Allocating 
 Small   0x00000001bf400000 0x00000001bf600000 0x00000001bf600000 Y/7     Allocating 
 Small   0x00000001bf600000 0x00000001bf800000 0x00000001bf800000 Y/7     Allocating 
 Small   0x00000001bf800000 0x00000001bfa00000 0x00000001bfa00000 Y/7     Allocating 
 Small   0x00000001bfa00000 0x00000001bfc00000 0x00000001bfc00000 Y/7     Allocating 
 Small   0x00000001bfc00000 0x00000001bfe00000 0x00000001bfe00000 Y/7     Allocating 
 Small   0x00000001bfe00000 0x00000001c0000000 0x00000001c0000000 Y/7     Allocating 
 Small   0x00000001c0000000 0x00000001c0200000 0x00000001c0200000 Y/7     Allocating 
 Small   0x00000001c0200000 0x00000001c0400000 0x00000001c0400000 Y/7     Allocating 
 Small   0x00000001c0400000 0x00000001c0600000 0x00000001c0600000 Y/7     Allocating 
 Small   0x00000001c0600000 0x00000001c0800000 0x00000001c0800000 Y/7     Allocating 
 Small   0x00000001c0800000 0x00000001c0a00000 0x00000001c0a00000 Y/7     Allocating 
 Small   0x00000001c0a00000 0x00000001c0c00000 0x00000001c0c00000 Y/7     Allocating 
 Small   0x00000001c0c00000 0x00000001c0e00000 0x00000001c0e00000 Y/7     Allocating 
 Small   0x00000001c0e00000 0x00000001c1000000 0x00000001c1000000 Y/7     Allocating 
 Small   0x00000001c1000000 0x00000001c1200000 0x00000001c1200000 Y/7     Allocating 
 Small   0x00000001c1200000 0x00000001c1400000 0x00000001c1400000 Y/7     Allocating 
 Small   0x00000001c1400000 0x00000001c1600000 0x00000001c1600000 Y/7     Allocating 
 Small   0x00000001c1600000 0x00000001c1800000 0x00000001c1800000 Y/7     Allocating 
 Small   0x00000001c1800000 0x00000001c1a00000 0x00000001c1a00000 Y/7     Allocating 
 Small   0x00000001c1a00000 0x00000001c1c00000 0x00000001c1c00000 Y/7     Allocating 
 Small   0x00000001c1c00000 0x00000001c1e00000 0x00000001c1e00000 Y/7     Allocating 
 Small   0x00000001c1e00000 0x00000001c2000000 0x00000001c2000000 Y/7     Allocating 
 Small   0x00000001c2000000 0x00000001c2200000 0x00000001c2200000 Y/7     Allocating 
 Small   0x00000001c2200000 0x00000001c2400000 0x00000001c2400000 Y/7     Allocating 
 Small   0x00000001c2400000 0x00000001c2600000 0x00000001c2600000 Y/7     Allocating 
 Small   0x00000001c2600000 0x00000001c2800000 0x00000001c2800000 Y/7     Allocating 
 Small   0x00000001c2800000 0x00000001c2a00000 0x00000001c2a00000 Y/7     Allocating 
 Small   0x00000001c2a00000 0x00000001c2c00000 0x00000001c2c00000 Y/7     Allocating 
 Small   0x00000001c2c00000 0x00000001c2e00000 0x00000001c2e00000 Y/7     Allocating 
 Small   0x00000001c2e00000 0x00000001c3000000 0x00000001c3000000 Y/7     Allocating 
 Small   0x00000001c3000000 0x00000001c3200000 0x00000001c3200000 Y/7     Allocating 
 Small   0x00000001c3200000 0x00000001c3400000 0x00000001c3400000 Y/7     Allocating 
 Small   0x00000001c3400000 0x00000001c3600000 0x00000001c3600000 Y/7     Allocating 
 Small   0x00000001c3600000 0x00000001c3800000 0x00000001c3800000 Y/7     Allocating 
 Small   0x00000001c3800000 0x00000001c3a00000 0x00000001c3a00000 Y/7     Allocating 
 Small   0x00000001c3a00000 0x00000001c3c00000 0x00000001c3c00000 Y/7     Allocating 
 Small   0x00000001c3c00000 0x00000001c3e00000 0x00000001c3e00000 Y/7     Allocating 
 Small   0x00000001c3e00000 0x00000001c4000000 0x00000001c4000000 Y/7     Allocating 
 Small   0x00000001c4000000 0x00000001c4200000 0x00000001c4200000 Y/7     Allocating 
 Small   0x00000001c4200000 0x00000001c4400000 0x00000001c4400000 Y/7     Allocating 
 Small   0x00000001c4400000 0x00000001c4600000 0x00000001c4600000 Y/7     Allocating 
 Small   0x00000001c4600000 0x00000001c4800000 0x00000001c4800000 Y/7     Allocating 
 Small   0x00000001c4800000 0x00000001c4a00000 0x00000001c4a00000 Y/7     Allocating 
 Small   0x00000001c4a00000 0x00000001c4c00000 0x00000001c4c00000 Y/7     Allocating 
 Small   0x00000001c4c00000 0x00000001c4e00000 0x00000001c4e00000 Y/7     Allocating 
 Small   0x00000001c4e00000 0x00000001c5000000 0x00000001c5000000 Y/7     Allocating 
 Small   0x00000001c5000000 0x00000001c5200000 0x00000001c5200000 Y/7     Allocating 
 Small   0x00000001c5200000 0x00000001c5400000 0x00000001c5400000 Y/7     Allocating 
 Small   0x00000001c5400000 0x00000001c5600000 0x00000001c5600000 Y/7     Allocating 
 Small   0x00000001c5600000 0x00000001c5800000 0x00000001c5800000 Y/7     Allocating 
 Small   0x00000001c5800000 0x00000001c5a00000 0x00000001c5a00000 Y/7     Allocating 
 Small   0x00000001c5a00000 0x00000001c5c00000 0x00000001c5c00000 Y/7     Allocating 
 Small   0x00000001c5c00000 0x00000001c5e00000 0x00000001c5e00000 Y/7     Allocating 
 Small   0x00000001c5e00000 0x00000001c6000000 0x00000001c6000000 Y/7     Allocating 
 Small   0x00000001c6000000 0x00000001c6200000 0x00000001c6200000 Y/7     Allocating 
 Small   0x00000001c6200000 0x00000001c6400000 0x00000001c6400000 Y/7     Allocating 
 Small   0x00000001c6400000 0x00000001c6600000 0x00000001c6600000 Y/7     Allocating 
 Small   0x00000001c6600000 0x00000001c6800000 0x00000001c6800000 Y/7     Allocating 
 Small   0x00000001c6800000 0x00000001c6a00000 0x00000001c6a00000 Y/7     Allocating 
 Small   0x00000001c6a00000 0x00000001c6c00000 0x00000001c6c00000 Y/7     Allocating 
 Small   0x00000001c6c00000 0x00000001c6e00000 0x00000001c6e00000 Y/7     Allocating 
 Small   0x00000001c6e00000 0x00000001c7000000 0x00000001c7000000 Y/7     Allocating 
 Small   0x00000001c7000000 0x00000001c7200000 0x00000001c7200000 Y/7     Allocating 
 Small   0x00000001c7200000 0x00000001c7400000 0x00000001c7400000 Y/7     Allocating 
 Small   0x00000001c7400000 0x00000001c7600000 0x00000001c7600000 Y/7     Allocating 
 Small   0x00000001c7600000 0x00000001c7800000 0x00000001c7800000 Y/7     Allocating 
 Small   0x00000001c7800000 0x00000001c7a00000 0x00000001c7a00000 Y/7     Allocating 
 Small   0x00000001c7a00000 0x00000001c7c00000 0x00000001c7c00000 Y/7     Allocating 
 Small   0x00000001c7c00000 0x00000001c7e00000 0x00000001c7e00000 Y/7     Allocating 
 Small   0x00000001c7e00000 0x00000001c8000000 0x00000001c8000000 Y/7     Allocating 
 Small   0x00000001c8000000 0x00000001c8200000 0x00000001c8200000 Y/7     Allocating 
 Small   0x00000001c8200000 0x00000001c8400000 0x00000001c8400000 Y/7     Allocating 
 Small   0x00000001c8400000 0x00000001c8600000 0x00000001c8600000 Y/7     Allocating 
 Small   0x00000001c8600000 0x00000001c8800000 0x00000001c8800000 Y/7     Allocating 
 Small   0x00000001c8800000 0x00000001c8a00000 0x00000001c8a00000 Y/7     Allocating 
 Small   0x00000001c8a00000 0x00000001c8c00000 0x00000001c8c00000 Y/7     Allocating 
 Small   0x00000001c8c00000 0x00000001c8e00000 0x00000001c8e00000 Y/7     Allocating 
 Small   0x00000001c8e00000 0x00000001c9000000 0x00000001c9000000 Y/7     Allocating 
 Small   0x00000001c9000000 0x00000001c9200000 0x00000001c9200000 Y/7     Allocating 
 Small   0x00000001c9200000 0x00000001c9400000 0x00000001c9400000 Y/7     Allocating 
 Small   0x00000001c9400000 0x00000001c9600000 0x00000001c9600000 Y/7     Allocating 
 Small   0x00000001c9600000 0x00000001c9800000 0x00000001c9800000 Y/7     Allocating 
 Small   0x00000001c9800000 0x00000001c9a00000 0x00000001c9a00000 Y/7     Allocating 
 Small   0x00000001c9a00000 0x00000001c9c00000 0x00000001c9c00000 Y/7     Allocating 
 Small   0x00000001c9c00000 0x00000001c9e00000 0x00000001c9e00000 Y/7     Allocating 
 Small   0x00000001c9e00000 0x00000001ca000000 0x00000001ca000000 Y/7     Allocating 
 Small   0x00000001ca000000 0x00000001ca200000 0x00000001ca200000 Y/7     Allocating 
 Small   0x00000001ca200000 0x00000001ca400000 0x00000001ca400000 Y/7     Allocating 
 Small   0x00000001ca400000 0x00000001ca600000 0x00000001ca600000 Y/7     Allocating 
 Small   0x00000001ca600000 0x00000001ca800000 0x00000001ca800000 Y/7     Allocating 
 Small   0x00000001ca800000 0x00000001caa00000 0x00000001caa00000 Y/7     Allocating 
 Small   0x00000001caa00000 0x00000001cac00000 0x00000001cac00000 Y/7     Allocating 
 Small   0x00000001cac00000 0x00000001cae00000 0x00000001cae00000 Y/7     Allocating 
 Small   0x00000001cae00000 0x00000001cb000000 0x00000001cb000000 Y/7     Allocating 
 Small   0x00000001cb000000 0x00000001cb200000 0x00000001cb200000 Y/7     Allocating 
 Small   0x00000001cb200000 0x00000001cb400000 0x00000001cb400000 Y/7     Allocating 
 Small   0x00000001cb400000 0x00000001cb600000 0x00000001cb600000 Y/7     Allocating 
 Small   0x00000001cb600000 0x00000001cb800000 0x00000001cb800000 Y/7     Allocating 
 Small   0x00000001cb800000 0x00000001cba00000 0x00000001cba00000 Y/7     Allocating 
 Small   0x00000001cba00000 0x00000001cbc00000 0x00000001cbc00000 Y/7     Allocating 
 Small   0x00000001cbc00000 0x00000001cbe00000 0x00000001cbe00000 Y/7     Allocating 
 Small   0x00000001cbe00000 0x00000001cc000000 0x00000001cc000000 Y/7     Allocating 
 Small   0x00000001cc000000 0x00000001cc200000 0x00000001cc200000 Y/7     Allocating 
 Small   0x00000001cc200000 0x00000001cc400000 0x00000001cc400000 Y/7     Allocating 
 Small   0x00000001cc400000 0x00000001cc600000 0x00000001cc600000 Y/7     Allocating 
 Small   0x00000001cc600000 0x00000001cc800000 0x00000001cc800000 Y/7     Allocating 
 Small   0x00000001cc800000 0x00000001cca00000 0x00000001cca00000 Y/7     Allocating 
 Small   0x00000001cca00000 0x00000001ccc00000 0x00000001ccc00000 Y/7     Allocating 
 Small   0x00000001ccc00000 0x00000001cce00000 0x00000001cce00000 Y/7     Allocating 
 Small   0x00000001cce00000 0x00000001cd000000 0x00000001cd000000 Y/7     Allocating 
 Small   0x00000001cd000000 0x00000001cd200000 0x00000001cd200000 Y/7     Allocating 
 Small   0x00000001cd200000 0x00000001cd400000 0x00000001cd400000 Y/7     Allocating 
 Small   0x00000001cd400000 0x00000001cd600000 0x00000001cd600000 Y/7     Allocating 
 Small   0x00000001cd600000 0x00000001cd800000 0x00000001cd800000 Y/7     Allocating 
 Small   0x00000001cd800000 0x00000001cda00000 0x00000001cda00000 Y/7     Allocating 
 Small   0x00000001cda00000 0x00000001cdc00000 0x00000001cdc00000 Y/7     Allocating 
 Small   0x00000001cdc00000 0x00000001cde00000 0x00000001cde00000 Y/7     Allocating 
 Small   0x00000001cde00000 0x00000001ce000000 0x00000001ce000000 Y/7     Allocating 
 Small   0x00000001ce000000 0x00000001ce200000 0x00000001ce200000 Y/7     Allocating 
 Small   0x00000001ce200000 0x00000001ce400000 0x00000001ce400000 Y/7     Allocating 
 Small   0x00000001ce400000 0x00000001ce600000 0x00000001ce600000 Y/7     Allocating 
 Small   0x00000001ce600000 0x00000001ce800000 0x00000001ce800000 Y/7     Allocating 
 Small   0x00000001ce800000 0x00000001cea00000 0x00000001cea00000 Y/7     Allocating 
 Small   0x00000001cea00000 0x00000001cec00000 0x00000001cec00000 Y/7     Allocating 
 Small   0x00000001cec00000 0x00000001cee00000 0x00000001cee00000 Y/7     Allocating 
 Small   0x00000001cee00000 0x00000001cf000000 0x00000001cf000000 Y/7     Allocating 
 Small   0x00000001cf000000 0x00000001cf200000 0x00000001cf200000 Y/7     Allocating 
 Small   0x00000001cf200000 0x00000001cf400000 0x00000001cf400000 Y/7     Allocating 
 Small   0x00000001cf400000 0x00000001cf600000 0x00000001cf600000 Y/7     Allocating 
 Small   0x00000001cf600000 0x00000001cf800000 0x00000001cf800000 Y/7     Allocating 
 Small   0x00000001cf800000 0x00000001cfa00000 0x00000001cfa00000 Y/7     Allocating 
 Small   0x00000001cfa00000 0x00000001cfc00000 0x00000001cfc00000 Y/7     Allocating 
 Small   0x00000001cfc00000 0x00000001cfe00000 0x00000001cfe00000 Y/7     Allocating 
 Small   0x00000001cfe00000 0x00000001d0000000 0x00000001d0000000 Y/7     Allocating 
 Small   0x00000001d0000000 0x00000001d0200000 0x00000001d0200000 Y/7     Allocating 
 Small   0x00000001d0200000 0x00000001d0400000 0x00000001d0400000 Y/7     Allocating 
 Small   0x00000001d0400000 0x00000001d0600000 0x00000001d0600000 Y/7     Allocating 
 Small   0x00000001d0600000 0x00000001d0800000 0x00000001d0800000 Y/7     Allocating 
 Small   0x00000001d0800000 0x00000001d0a00000 0x00000001d0a00000 Y/7     Allocating 
 Small   0x00000001d0a00000 0x00000001d0c00000 0x00000001d0c00000 Y/7     Allocating 
 Small   0x00000001d0c00000 0x00000001d0e00000 0x00000001d0e00000 Y/7     Allocating 
 Small   0x00000001d0e00000 0x00000001d1000000 0x00000001d1000000 Y/7     Allocating 
 Small   0x00000001d1000000 0x00000001d1200000 0x00000001d1200000 Y/7     Allocating 
 Small   0x00000001d1200000 0x00000001d1400000 0x00000001d1400000 Y/7     Allocating 
 Small   0x00000001d1400000 0x00000001d1600000 0x00000001d1600000 Y/7     Allocating 
 Small   0x00000001d1600000 0x00000001d1800000 0x00000001d1800000 Y/7     Allocating 
 Small   0x00000001d1800000 0x00000001d1a00000 0x00000001d1a00000 Y/7     Allocating 
 Small   0x00000001d1a00000 0x00000001d1c00000 0x00000001d1c00000 Y/7     Allocating 
 Small   0x00000001d1c00000 0x00000001d1e00000 0x00000001d1e00000 Y/7     Allocating 
 Small   0x00000001d1e00000 0x00000001d2000000 0x00000001d2000000 Y/7     Allocating 
 Small   0x00000001d2000000 0x00000001d2200000 0x00000001d2200000 Y/7     Allocating 
 Small   0x00000001d2200000 0x00000001d2400000 0x00000001d2400000 Y/7     Allocating 
 Small   0x00000001d2400000 0x00000001d2600000 0x00000001d2600000 Y/7     Allocating 
 Small   0x00000001d2600000 0x00000001d2800000 0x00000001d2800000 Y/7     Allocating 
 Small   0x00000001d2800000 0x00000001d2a00000 0x00000001d2a00000 Y/7     Allocating 
 Small   0x00000001d2a00000 0x00000001d2c00000 0x00000001d2c00000 Y/7     Allocating 
 Small   0x00000001d2c00000 0x00000001d2e00000 0x00000001d2e00000 Y/7     Allocating 
 Small   0x00000001d2e00000 0x00000001d3000000 0x00000001d3000000 Y/7     Allocating 
 Small   0x00000001d3000000 0x00000001d3200000 0x00000001d3200000 Y/7     Allocating 
 Small   0x00000001d3200000 0x00000001d3400000 0x00000001d3400000 Y/7     Allocating 
 Small   0x00000001d3400000 0x00000001d3600000 0x00000001d3600000 Y/7     Allocating 
 Small   0x00000001d3600000 0x00000001d3800000 0x00000001d3800000 Y/7     Allocating 
 Small   0x00000001d3800000 0x00000001d3a00000 0x00000001d3a00000 Y/7     Allocating 
 Small   0x00000001d3a00000 0x00000001d3c00000 0x00000001d3c00000 Y/7     Allocating 
 Small   0x00000001d3c00000 0x00000001d3e00000 0x00000001d3e00000 Y/7     Allocating 
 Small   0x00000001d3e00000 0x00000001d4000000 0x00000001d4000000 Y/7     Allocating 
 Small   0x00000001d4000000 0x00000001d4200000 0x00000001d4200000 Y/7     Allocating 
 Small   0x00000001d4200000 0x00000001d4400000 0x00000001d4400000 Y/7     Allocating 
 Small   0x00000001d4400000 0x00000001d4600000 0x00000001d4600000 Y/7     Allocating 
 Small   0x00000001d4600000 0x00000001d4800000 0x00000001d4800000 Y/7     Allocating 
 Small   0x00000001d4800000 0x00000001d4a00000 0x00000001d4a00000 Y/7     Allocating 
 Small   0x00000001d4a00000 0x00000001d4c00000 0x00000001d4c00000 Y/7     Allocating 
 Small   0x00000001d4c00000 0x00000001d4e00000 0x00000001d4e00000 Y/7     Allocating 
 Small   0x00000001d4e00000 0x00000001d5000000 0x00000001d5000000 Y/7     Allocating 
 Small   0x00000001d5000000 0x00000001d5200000 0x00000001d5200000 Y/7     Allocating 
 Small   0x00000001d5200000 0x00000001d5400000 0x00000001d5400000 Y/7     Allocating 
 Small   0x00000001d5400000 0x00000001d5600000 0x00000001d5600000 Y/7     Allocating 
 Small   0x00000001d5600000 0x00000001d5800000 0x00000001d5800000 Y/7     Allocating 
 Small   0x00000001d5800000 0x00000001d5a00000 0x00000001d5a00000 Y/7     Allocating 
 Small   0x00000001d5a00000 0x00000001d5c00000 0x00000001d5c00000 Y/7     Allocating 
 Small   0x00000001d5c00000 0x00000001d5e00000 0x00000001d5e00000 Y/7     Allocating 
 Small   0x00000001d5e00000 0x00000001d6000000 0x00000001d6000000 Y/7     Allocating 
 Small   0x00000001d6000000 0x00000001d6200000 0x00000001d6200000 Y/7     Allocating 
 Small   0x00000001d6200000 0x00000001d6400000 0x00000001d6400000 Y/7     Allocating 
 Small   0x00000001d6400000 0x00000001d6600000 0x00000001d6600000 Y/7     Allocating 
 Small   0x00000001d6600000 0x00000001d6800000 0x00000001d6800000 Y/7     Allocating 
 Small   0x00000001d6800000 0x00000001d6a00000 0x00000001d6a00000 Y/7     Allocating 
 Small   0x00000001d6a00000 0x00000001d6c00000 0x00000001d6c00000 Y/7     Allocating 
 Small   0x00000001d6c00000 0x00000001d6e00000 0x00000001d6e00000 Y/7     Allocating 
 Small   0x00000001d6e00000 0x00000001d7000000 0x00000001d7000000 Y/7     Allocating 
 Small   0x00000001d7000000 0x00000001d7200000 0x00000001d7200000 Y/7     Allocating 
 Small   0x00000001d7200000 0x00000001d7400000 0x00000001d7400000 Y/7     Allocating 
 Small   0x00000001d7400000 0x00000001d7600000 0x00000001d7600000 Y/7     Allocating 
 Small   0x00000001d7600000 0x00000001d7800000 0x00000001d7800000 Y/7     Allocating 
 Small   0x00000001d7800000 0x00000001d7a00000 0x00000001d7a00000 Y/7     Allocating 
 Small   0x00000001d7a00000 0x00000001d7c00000 0x00000001d7c00000 Y/7     Allocating 
 Small   0x00000001d7c00000 0x00000001d7e00000 0x00000001d7e00000 Y/7     Allocating 
 Small   0x00000001d7e00000 0x00000001d8000000 0x00000001d8000000 Y/7     Allocating 
 Small   0x00000001d8000000 0x00000001d8200000 0x00000001d8200000 Y/7     Allocating 
 Small   0x00000001d8200000 0x00000001d8400000 0x00000001d8400000 Y/7     Allocating 
 Small   0x00000001d8400000 0x00000001d8600000 0x00000001d8600000 Y/7     Allocating 
 Small   0x00000001d8600000 0x00000001d8800000 0x00000001d8800000 Y/7     Allocating 
 Small   0x00000001d8800000 0x00000001d8a00000 0x00000001d8a00000 Y/7     Allocating 
 Small   0x00000001d8a00000 0x00000001d8c00000 0x00000001d8c00000 Y/7     Allocating 
 Small   0x00000001d8c00000 0x00000001d8e00000 0x00000001d8e00000 Y/7     Allocating 
 Small   0x00000001d8e00000 0x00000001d9000000 0x00000001d9000000 Y/7     Allocating 
 Small   0x00000001d9000000 0x00000001d9200000 0x00000001d9200000 Y/7     Allocating 
 Small   0x00000001d9200000 0x00000001d9400000 0x00000001d9400000 Y/7     Allocating 
 Small   0x00000001d9400000 0x00000001d9600000 0x00000001d9600000 Y/7     Allocating 
 Small   0x00000001d9600000 0x00000001d9800000 0x00000001d9800000 Y/7     Allocating 
 Small   0x00000001d9800000 0x00000001d9a00000 0x00000001d9a00000 Y/7     Allocating 
 Small   0x00000001d9a00000 0x00000001d9c00000 0x00000001d9c00000 Y/7     Allocating 
 Small   0x00000001d9c00000 0x00000001d9e00000 0x00000001d9e00000 Y/7     Allocating 
 Small   0x00000001d9e00000 0x00000001da000000 0x00000001da000000 Y/7     Allocating 
 Small   0x00000001da000000 0x00000001da200000 0x00000001da200000 Y/7     Allocating 
 Small   0x00000001da200000 0x00000001da400000 0x00000001da400000 Y/7     Allocating 
 Small   0x00000001da400000 0x00000001da600000 0x00000001da600000 Y/7     Allocating 
 Small   0x00000001da600000 0x00000001da800000 0x00000001da800000 Y/7     Allocating 
 Small   0x00000001da800000 0x00000001daa00000 0x00000001daa00000 Y/7     Allocating 
 Small   0x00000001daa00000 0x00000001dac00000 0x00000001dac00000 Y/7     Allocating 
 Small   0x00000001dac00000 0x00000001dae00000 0x00000001dae00000 Y/7     Allocating 
 Small   0x00000001dae00000 0x00000001db000000 0x00000001db000000 Y/7     Allocating 
 Small   0x00000001db000000 0x00000001db200000 0x00000001db200000 Y/7     Allocating 
 Small   0x00000001db200000 0x00000001db400000 0x00000001db400000 Y/7     Allocating 
 Small   0x00000001db400000 0x00000001db600000 0x00000001db600000 Y/7     Allocating 
 Small   0x00000001db600000 0x00000001db800000 0x00000001db800000 Y/7     Allocating 
 Small   0x00000001db800000 0x00000001dba00000 0x00000001dba00000 Y/7     Allocating 
 Small   0x00000001dba00000 0x00000001dbc00000 0x00000001dbc00000 Y/7     Allocating 
 Small   0x00000001dbc00000 0x00000001dbe00000 0x00000001dbe00000 Y/7     Allocating 
 Small   0x00000001dbe00000 0x00000001dc000000 0x00000001dc000000 Y/7     Allocating 
 Small   0x00000001dc000000 0x00000001dc200000 0x00000001dc200000 Y/7     Allocating 
 Small   0x00000001dc200000 0x00000001dc400000 0x00000001dc400000 Y/7     Allocating 
 Small   0x00000001dc400000 0x00000001dc600000 0x00000001dc600000 Y/7     Allocating 
 Small   0x00000001dc600000 0x00000001dc800000 0x00000001dc800000 Y/7     Allocating 
 Small   0x00000001dc800000 0x00000001dca00000 0x00000001dca00000 Y/7     Allocating 
 Small   0x00000001dca00000 0x00000001dcc00000 0x00000001dcc00000 Y/7     Allocating 
 Small   0x00000001dcc00000 0x00000001dce00000 0x00000001dce00000 Y/7     Allocating 
 Small   0x00000001dce00000 0x00000001dd000000 0x00000001dd000000 Y/7     Allocating 
 Small   0x00000001dd000000 0x00000001dd200000 0x00000001dd200000 Y/7     Allocating 
 Small   0x00000001dd200000 0x00000001dd400000 0x00000001dd400000 Y/7     Allocating 
 Small   0x00000001dd400000 0x00000001dd600000 0x00000001dd600000 Y/7     Allocating 
 Small   0x00000001dd600000 0x00000001dd800000 0x00000001dd800000 Y/7     Allocating 
 Small   0x00000001dd800000 0x00000001dda00000 0x00000001dda00000 Y/7     Allocating 
 Small   0x00000001dda00000 0x00000001ddc00000 0x00000001ddc00000 Y/7     Allocating 
 Small   0x00000001ddc00000 0x00000001dde00000 0x00000001dde00000 Y/7     Allocating 
 Small   0x00000001dde00000 0x00000001de000000 0x00000001de000000 Y/7     Allocating 
 Small   0x00000001de000000 0x00000001de200000 0x00000001de200000 Y/7     Allocating 
 Small   0x00000001de200000 0x00000001de400000 0x00000001de400000 Y/7     Allocating 
 Small   0x00000001de400000 0x00000001de600000 0x00000001de600000 Y/7     Allocating 
 Small   0x00000001de600000 0x00000001de800000 0x00000001de800000 Y/7     Allocating 
 Small   0x00000001de800000 0x00000001dea00000 0x00000001dea00000 Y/7     Allocating 
 Small   0x00000001dea00000 0x00000001dec00000 0x00000001dec00000 Y/7     Allocating 
 Small   0x00000001dec00000 0x00000001dee00000 0x00000001dee00000 Y/7     Allocating 
 Small   0x00000001dee00000 0x00000001df000000 0x00000001df000000 Y/7     Allocating 
 Small   0x00000001df000000 0x00000001df200000 0x00000001df200000 Y/7     Allocating 
 Small   0x00000001df200000 0x00000001df400000 0x00000001df400000 Y/7     Allocating 
 Small   0x00000001df400000 0x00000001df600000 0x00000001df600000 Y/7     Allocating 
 Small   0x00000001df600000 0x00000001df800000 0x00000001df800000 Y/7     Allocating 
 Small   0x00000001df800000 0x00000001dfa00000 0x00000001dfa00000 Y/7     Allocating 
 Small   0x00000001dfa00000 0x00000001dfc00000 0x00000001dfc00000 Y/7     Allocating 
 Small   0x00000001dfc00000 0x00000001dfe00000 0x00000001dfe00000 Y/7     Allocating 
 Small   0x00000001dfe00000 0x00000001e0000000 0x00000001e0000000 Y/7     Allocating 
 Small   0x00000001e0000000 0x00000001e0200000 0x00000001e0200000 Y/7     Allocating 
 Small   0x00000001e0200000 0x00000001e0400000 0x00000001e0400000 Y/7     Allocating 
 Small   0x00000001e0400000 0x00000001e0600000 0x00000001e0600000 Y/7     Allocating 
 Small   0x00000001e0600000 0x00000001e0800000 0x00000001e0800000 Y/7     Allocating 
 Small   0x00000001e0800000 0x00000001e0a00000 0x00000001e0a00000 Y/7     Allocating 
 Small   0x00000001e0a00000 0x00000001e0c00000 0x00000001e0c00000 Y/7     Allocating 
 Small   0x00000001e0c00000 0x00000001e0e00000 0x00000001e0e00000 Y/7     Allocating 
 Small   0x00000001e0e00000 0x00000001e1000000 0x00000001e1000000 Y/7     Allocating 
 Small   0x00000001e1000000 0x00000001e1200000 0x00000001e1200000 Y/7     Allocating 
 Small   0x00000001e1200000 0x00000001e1400000 0x00000001e1400000 Y/7     Allocating 
 Small   0x00000001e1400000 0x00000001e1600000 0x00000001e1600000 Y/7     Allocating 
 Small   0x00000001e1600000 0x00000001e1800000 0x00000001e1800000 Y/7     Allocating 
 Small   0x00000001e1800000 0x00000001e1a00000 0x00000001e1a00000 Y/7     Allocating 
 Small   0x00000001e1a00000 0x00000001e1c00000 0x00000001e1c00000 Y/7     Allocating 
 Small   0x00000001e1c00000 0x00000001e1e00000 0x00000001e1e00000 Y/7     Allocating 
 Small   0x00000001e1e00000 0x00000001e2000000 0x00000001e2000000 Y/7     Allocating 
 Small   0x00000001e2000000 0x00000001e2200000 0x00000001e2200000 Y/7     Allocating 
 Small   0x00000001e2200000 0x00000001e2400000 0x00000001e2400000 Y/7     Allocating 
 Small   0x00000001e2400000 0x00000001e2600000 0x00000001e2600000 Y/7     Allocating 
 Small   0x00000001e2600000 0x00000001e2800000 0x00000001e2800000 Y/7     Allocating 
 Small   0x00000001e2800000 0x00000001e2a00000 0x00000001e2a00000 Y/7     Allocating 
 Small   0x00000001e2a00000 0x00000001e2c00000 0x00000001e2c00000 Y/7     Allocating 
 Small   0x00000001e2c00000 0x00000001e2e00000 0x00000001e2e00000 Y/7     Allocating 
 Small   0x00000001e2e00000 0x00000001e3000000 0x00000001e3000000 Y/7     Allocating 
 Small   0x00000001e3000000 0x00000001e3200000 0x00000001e3200000 Y/7     Allocating 
 Small   0x00000001e3200000 0x00000001e3400000 0x00000001e3400000 Y/7     Allocating 
 Small   0x00000001e3400000 0x00000001e3600000 0x00000001e3600000 Y/7     Allocating 
 Small   0x00000001e3600000 0x00000001e3800000 0x00000001e3800000 Y/7     Allocating 
 Small   0x00000001e3800000 0x00000001e3a00000 0x00000001e3a00000 Y/7     Allocating 
 Small   0x00000001e3a00000 0x00000001e3c00000 0x00000001e3c00000 Y/7     Allocating 
 Small   0x00000001e3c00000 0x00000001e3e00000 0x00000001e3e00000 Y/7     Allocating 
 Small   0x00000001e3e00000 0x00000001e4000000 0x00000001e4000000 Y/7     Allocating 
 Small   0x00000001e4000000 0x00000001e4200000 0x00000001e4200000 Y/7     Allocating 
 Small   0x00000001e4200000 0x00000001e4400000 0x00000001e4400000 Y/7     Allocating 
 Small   0x00000001e4400000 0x00000001e4600000 0x00000001e4600000 Y/7     Allocating 
 Small   0x00000001e4600000 0x00000001e4800000 0x00000001e4800000 Y/7     Allocating 
 Small   0x00000001e4800000 0x00000001e4a00000 0x00000001e4a00000 Y/7     Allocating 
 Small   0x00000001e4a00000 0x00000001e4c00000 0x00000001e4c00000 Y/7     Allocating 
 Small   0x00000001e4c00000 0x00000001e4e00000 0x00000001e4e00000 Y/7     Allocating 
 Small   0x00000001e4e00000 0x00000001e5000000 0x00000001e5000000 Y/7     Allocating 
 Small   0x00000001e5000000 0x00000001e5200000 0x00000001e5200000 Y/7     Allocating 
 Small   0x00000001e5200000 0x00000001e5400000 0x00000001e5400000 Y/7     Allocating 
 Small   0x00000001e5400000 0x00000001e5600000 0x00000001e5600000 Y/7     Allocating 
 Small   0x00000001e5600000 0x00000001e5800000 0x00000001e5800000 Y/7     Allocating 
 Small   0x00000001e5800000 0x00000001e5a00000 0x00000001e5a00000 Y/7     Allocating 
 Small   0x00000001e5a00000 0x00000001e5c00000 0x00000001e5c00000 Y/7     Allocating 
 Small   0x00000001e5c00000 0x00000001e5e00000 0x00000001e5e00000 Y/7     Allocating 
 Small   0x00000001e5e00000 0x00000001e6000000 0x00000001e6000000 Y/7     Allocating 
 Small   0x00000001e6000000 0x00000001e6200000 0x00000001e6200000 Y/7     Allocating 
 Small   0x00000001e6200000 0x00000001e6400000 0x00000001e6400000 Y/7     Allocating 
 Small   0x00000001e6400000 0x00000001e6600000 0x00000001e6600000 Y/7     Allocating 
 Small   0x00000001e6600000 0x00000001e6800000 0x00000001e6800000 Y/7     Allocating 
 Small   0x00000001e6800000 0x00000001e6a00000 0x00000001e6a00000 Y/7     Allocating 
 Small   0x00000001e6a00000 0x00000001e6c00000 0x00000001e6c00000 Y/7     Allocating 
 Small   0x00000001e6c00000 0x00000001e6e00000 0x00000001e6e00000 Y/7     Allocating 
 Small   0x00000001e6e00000 0x00000001e7000000 0x00000001e7000000 Y/7     Allocating 
 Small   0x00000001e7000000 0x00000001e7200000 0x00000001e7200000 Y/7     Allocating 
 Small   0x00000001e7200000 0x00000001e7400000 0x00000001e7400000 Y/7     Allocating 
 Small   0x00000001e7400000 0x00000001e7600000 0x00000001e7600000 Y/7     Allocating 
 Small   0x00000001e7600000 0x00000001e7800000 0x00000001e7800000 Y/7     Allocating 
 Small   0x00000001e7800000 0x00000001e7a00000 0x00000001e7a00000 Y/7     Allocating 
 Small   0x00000001e7a00000 0x00000001e7c00000 0x00000001e7c00000 Y/7     Allocating 
 Small   0x00000001e7c00000 0x00000001e7e00000 0x00000001e7e00000 Y/7     Allocating 
 Small   0x00000001e7e00000 0x00000001e8000000 0x00000001e8000000 Y/7     Allocating 
 Small   0x00000001e8000000 0x00000001e8200000 0x00000001e8200000 Y/7     Allocating 
 Small   0x00000001e8200000 0x00000001e8400000 0x00000001e8400000 Y/7     Allocating 
 Small   0x00000001e8400000 0x00000001e8600000 0x00000001e8600000 Y/7     Allocating 
 Small   0x00000001e8600000 0x00000001e8800000 0x00000001e8800000 Y/7     Allocating 
 Small   0x00000001e8800000 0x00000001e8a00000 0x00000001e8a00000 Y/7     Allocating 
 Small   0x00000001e8a00000 0x00000001e8c00000 0x00000001e8c00000 Y/7     Allocating 
 Small   0x00000001e8c00000 0x00000001e8e00000 0x00000001e8e00000 Y/7     Allocating 
 Small   0x00000001e8e00000 0x00000001e9000000 0x00000001e9000000 Y/7     Allocating 
 Small   0x00000001e9000000 0x00000001e9200000 0x00000001e9200000 Y/7     Allocating 
 Small   0x00000001e9200000 0x00000001e9400000 0x00000001e9400000 Y/7     Allocating 
 Small   0x00000001e9400000 0x00000001e9600000 0x00000001e9600000 Y/7     Allocating 
 Small   0x00000001e9600000 0x00000001e9800000 0x00000001e9800000 Y/7     Allocating 
 Small   0x00000001e9800000 0x00000001e9a00000 0x00000001e9a00000 Y/7     Allocating 
 Small   0x00000001e9a00000 0x00000001e9c00000 0x00000001e9c00000 Y/7     Allocating 
 Small   0x00000001e9c00000 0x00000001e9e00000 0x00000001e9e00000 Y/7     Allocating 
 Small   0x00000001e9e00000 0x00000001ea000000 0x00000001ea000000 Y/7     Allocating 
 Small   0x00000001ea000000 0x00000001ea200000 0x00000001ea200000 Y/7     Allocating 
 Small   0x00000001ea200000 0x00000001ea400000 0x00000001ea400000 Y/7     Allocating 
 Small   0x00000001ea400000 0x00000001ea600000 0x00000001ea600000 Y/7     Allocating 
 Small   0x00000001ea600000 0x00000001ea800000 0x00000001ea800000 Y/7     Allocating 
 Small   0x00000001ea800000 0x00000001eaa00000 0x00000001eaa00000 Y/7     Allocating 
 Small   0x00000001eaa00000 0x00000001eac00000 0x00000001eac00000 Y/7     Allocating 
 Small   0x00000001eac00000 0x00000001eae00000 0x00000001eae00000 Y/7     Allocating 
 Small   0x00000001eae00000 0x00000001eb000000 0x00000001eb000000 Y/7     Allocating 
 Small   0x00000001eb000000 0x00000001eb200000 0x00000001eb200000 Y/7     Allocating 
 Small   0x00000001eb200000 0x00000001eb400000 0x00000001eb400000 Y/7     Allocating 
 Small   0x00000001eb400000 0x00000001eb600000 0x00000001eb600000 Y/7     Allocating 
 Small   0x00000001eb600000 0x00000001eb800000 0x00000001eb800000 Y/7     Allocating 
 Small   0x00000001eb800000 0x00000001eba00000 0x00000001eba00000 Y/7     Allocating 
 Small   0x00000001eba00000 0x00000001ebc00000 0x00000001ebc00000 Y/7     Allocating 
 Small   0x00000001ebc00000 0x00000001ebe00000 0x00000001ebe00000 Y/7     Allocating 
 Small   0x00000001ebe00000 0x00000001ec000000 0x00000001ec000000 Y/7     Allocating 
 Small   0x00000001ec000000 0x00000001ec200000 0x00000001ec200000 Y/7     Allocating 
 Small   0x00000001ec200000 0x00000001ec400000 0x00000001ec400000 Y/7     Allocating 
 Small   0x00000001ec400000 0x00000001ec600000 0x00000001ec600000 Y/7     Allocating 
 Small   0x00000001ec600000 0x00000001ec800000 0x00000001ec800000 Y/7     Allocating 
 Small   0x00000001ec800000 0x00000001eca00000 0x00000001eca00000 Y/7     Allocating 
 Small   0x00000001eca00000 0x00000001ecc00000 0x00000001ecc00000 Y/7     Allocating 
 Small   0x00000001ecc00000 0x00000001ece00000 0x00000001ece00000 Y/7     Allocating 
 Small   0x00000001ece00000 0x00000001ed000000 0x00000001ed000000 Y/7     Allocating 
 Small   0x00000001ed000000 0x00000001ed200000 0x00000001ed200000 Y/7     Allocating 
 Small   0x00000001ed200000 0x00000001ed400000 0x00000001ed400000 Y/7     Allocating 
 Small   0x00000001ed400000 0x00000001ed600000 0x00000001ed600000 Y/7     Allocating 
 Small   0x00000001ed600000 0x00000001ed800000 0x00000001ed800000 Y/7     Allocating 
 Small   0x00000001ed800000 0x00000001eda00000 0x00000001eda00000 Y/7     Allocating 
 Small   0x00000001eda00000 0x00000001edc00000 0x00000001edc00000 Y/7     Allocating 
 Small   0x00000001edc00000 0x00000001ede00000 0x00000001ede00000 Y/7     Allocating 
 Small   0x00000001ede00000 0x00000001ee000000 0x00000001ee000000 Y/7     Allocating 
 Small   0x00000001ee000000 0x00000001ee200000 0x00000001ee200000 Y/7     Allocating 
 Small   0x00000001ee200000 0x00000001ee400000 0x00000001ee400000 Y/7     Allocating 
 Small   0x00000001ee400000 0x00000001ee600000 0x00000001ee600000 Y/7     Allocating 
 Small   0x00000001ee600000 0x00000001ee800000 0x00000001ee800000 Y/7     Allocating 
 Small   0x00000001ee800000 0x00000001eea00000 0x00000001eea00000 Y/7     Allocating 
 Small   0x00000001eea00000 0x00000001eec00000 0x00000001eec00000 Y/7     Allocating 
 Small   0x00000001eec00000 0x00000001eee00000 0x00000001eee00000 Y/7     Allocating 
 Small   0x00000001eee00000 0x00000001ef000000 0x00000001ef000000 Y/7     Allocating 
 Small   0x00000001ef000000 0x00000001ef200000 0x00000001ef200000 Y/7     Allocating 
 Small   0x00000001ef200000 0x00000001ef400000 0x00000001ef400000 Y/7     Allocating 
 Small   0x00000001ef400000 0x00000001ef600000 0x00000001ef600000 Y/7     Allocating 
 Small   0x00000001ef600000 0x00000001ef800000 0x00000001ef800000 Y/7     Allocating 
 Small   0x00000001ef800000 0x00000001efa00000 0x00000001efa00000 Y/7     Allocating 
 Small   0x00000001efa00000 0x00000001efc00000 0x00000001efc00000 Y/7     Allocating 
 Small   0x00000001efc00000 0x00000001efe00000 0x00000001efe00000 Y/7     Allocating 
 Small   0x00000001efe00000 0x00000001f0000000 0x00000001f0000000 Y/7     Allocating 
 Small   0x00000001f0000000 0x00000001f0200000 0x00000001f0200000 Y/7     Allocating 
 Small   0x00000001f0200000 0x00000001f0400000 0x00000001f0400000 Y/7     Allocating 
 Small   0x00000001f0400000 0x00000001f0600000 0x00000001f0600000 Y/7     Allocating 
 Small   0x00000001f0600000 0x00000001f0800000 0x00000001f0800000 Y/7     Allocating 
 Small   0x00000001f0800000 0x00000001f0a00000 0x00000001f0a00000 Y/7     Allocating 
 Small   0x00000001f0a00000 0x00000001f0c00000 0x00000001f0c00000 Y/7     Allocating 
 Small   0x00000001f0c00000 0x00000001f0e00000 0x00000001f0e00000 Y/7     Allocating 
 Small   0x00000001f0e00000 0x00000001f1000000 0x00000001f1000000 Y/7     Allocating 
 Small   0x00000001f1000000 0x00000001f1200000 0x00000001f1200000 Y/7     Allocating 
 Small   0x00000001f1200000 0x00000001f1400000 0x00000001f1400000 Y/7     Allocating 
 Small   0x00000001f1400000 0x00000001f1600000 0x00000001f1600000 Y/7     Allocating 
 Small   0x00000001f1600000 0x00000001f1800000 0x00000001f1800000 Y/7     Allocating 
 Small   0x00000001f1800000 0x00000001f1a00000 0x00000001f1a00000 Y/7     Allocating 
 Small   0x00000001f1a00000 0x00000001f1c00000 0x00000001f1c00000 Y/7     Allocating 
 Small   0x00000001f1c00000 0x00000001f1e00000 0x00000001f1e00000 Y/7     Allocating 
 Small   0x00000001f1e00000 0x00000001f2000000 0x00000001f2000000 Y/7     Allocating 
 Small   0x00000001f2000000 0x00000001f2200000 0x00000001f2200000 Y/7     Allocating 
 Small   0x00000001f2200000 0x00000001f2400000 0x00000001f2400000 Y/7     Allocating 
 Small   0x00000001f2400000 0x00000001f2600000 0x00000001f2600000 Y/7     Allocating 
 Small   0x00000001f2600000 0x00000001f2800000 0x00000001f2800000 Y/7     Allocating 
 Small   0x00000001f2800000 0x00000001f2a00000 0x00000001f2a00000 Y/7     Allocating 
 Small   0x00000001f2a00000 0x00000001f2c00000 0x00000001f2c00000 Y/7     Allocating 
 Small   0x00000001f2c00000 0x00000001f2e00000 0x00000001f2e00000 Y/7     Allocating 
 Small   0x00000001f2e00000 0x00000001f3000000 0x00000001f3000000 Y/7     Allocating 
 Small   0x00000001f3000000 0x00000001f3200000 0x00000001f3200000 Y/7     Allocating 
 Small   0x00000001f3200000 0x00000001f3400000 0x00000001f3400000 Y/7     Allocating 
 Small   0x00000001f3400000 0x00000001f3600000 0x00000001f3600000 Y/7     Allocating 
 Small   0x00000001f3600000 0x00000001f3800000 0x00000001f3800000 Y/7     Allocating 
 Small   0x00000001f3800000 0x00000001f3a00000 0x00000001f3a00000 Y/7     Allocating 
 Small   0x00000001f3a00000 0x00000001f3c00000 0x00000001f3c00000 Y/7     Allocating 
 Small   0x00000001f3c00000 0x00000001f3e00000 0x00000001f3e00000 Y/7     Allocating 
 Small   0x00000001f3e00000 0x00000001f4000000 0x00000001f4000000 Y/7     Allocating 
 Small   0x00000001f4000000 0x00000001f4200000 0x00000001f4200000 Y/7     Allocating 
 Small   0x00000001f4200000 0x00000001f4400000 0x00000001f4400000 Y/7     Allocating 
 Small   0x00000001f4400000 0x00000001f4600000 0x00000001f4600000 Y/7     Allocating 
 Small   0x00000001f4600000 0x00000001f4800000 0x00000001f4800000 Y/7     Allocating 
 Small   0x00000001f4800000 0x00000001f4a00000 0x00000001f4a00000 Y/7     Allocating 
 Small   0x00000001f4a00000 0x00000001f4c00000 0x00000001f4c00000 Y/7     Allocating 
 Small   0x00000001f4c00000 0x00000001f4e00000 0x00000001f4e00000 Y/7     Allocating 
 Small   0x00000001f4e00000 0x00000001f5000000 0x00000001f5000000 Y/7     Allocating 
 Small   0x00000001f5000000 0x00000001f5200000 0x00000001f5200000 Y/7     Allocating 
 Small   0x00000001f5200000 0x00000001f5400000 0x00000001f5400000 Y/7     Allocating 
 Small   0x00000001f5400000 0x00000001f5600000 0x00000001f5600000 Y/7     Allocating 
 Small   0x00000001f5600000 0x00000001f5800000 0x00000001f5800000 Y/7     Allocating 
 Small   0x00000001f5800000 0x00000001f5a00000 0x00000001f5a00000 Y/7     Allocating 
 Small   0x00000001f5a00000 0x00000001f5c00000 0x00000001f5c00000 Y/7     Allocating 
 Small   0x00000001f5c00000 0x00000001f5e00000 0x00000001f5e00000 Y/7     Allocating 
 Small   0x00000001f5e00000 0x00000001f6000000 0x00000001f6000000 Y/7     Allocating 
 Small   0x00000001f6000000 0x00000001f6200000 0x00000001f6200000 Y/7     Allocating 
 Small   0x00000001f6200000 0x00000001f6400000 0x00000001f6400000 Y/7     Allocating 
 Small   0x00000001f6400000 0x00000001f6600000 0x00000001f6600000 Y/7     Allocating 
 Small   0x00000001f6600000 0x00000001f6800000 0x00000001f6800000 Y/7     Allocating 
 Small   0x00000001f6800000 0x00000001f6a00000 0x00000001f6a00000 Y/7     Allocating 
 Small   0x00000001f6a00000 0x00000001f6c00000 0x00000001f6c00000 Y/7     Allocating 
 Small   0x00000001f6c00000 0x00000001f6e00000 0x00000001f6e00000 Y/7     Allocating 
 Small   0x00000001f6e00000 0x00000001f7000000 0x00000001f7000000 Y/7     Allocating 
 Small   0x00000001f7000000 0x00000001f7200000 0x00000001f7200000 Y/7     Allocating 
 Small   0x00000001f7200000 0x00000001f7400000 0x00000001f7400000 Y/7     Allocating 
 Small   0x00000001f7400000 0x00000001f7600000 0x00000001f7600000 Y/7     Allocating 
 Small   0x00000001f7600000 0x00000001f7800000 0x00000001f7800000 Y/7     Allocating 
 Small   0x00000001f7800000 0x00000001f7a00000 0x00000001f7a00000 Y/7     Allocating 
 Small   0x00000001f7a00000 0x00000001f7c00000 0x00000001f7c00000 Y/7     Allocating 
 Small   0x00000001f7c00000 0x00000001f7e00000 0x00000001f7e00000 Y/7     Allocating 
 Small   0x00000001f7e00000 0x00000001f8000000 0x00000001f8000000 Y/7     Allocating 
 Small   0x00000001f8000000 0x00000001f8200000 0x00000001f8200000 Y/7     Allocating 
 Small   0x00000001f8200000 0x00000001f8400000 0x00000001f8400000 Y/7     Allocating 
 Small   0x00000001f8400000 0x00000001f8600000 0x00000001f8600000 Y/7     Allocating 
 Small   0x00000001f8600000 0x00000001f8800000 0x00000001f8800000 Y/7     Allocating 
 Small   0x00000001f8800000 0x00000001f8a00000 0x00000001f8a00000 Y/7     Allocating 
 Small   0x00000001f8a00000 0x00000001f8c00000 0x00000001f8c00000 Y/7     Allocating 
 Small   0x00000001f8c00000 0x00000001f8e00000 0x00000001f8e00000 Y/7     Allocating 
 Small   0x00000001f8e00000 0x00000001f9000000 0x00000001f9000000 Y/7     Allocating 
 Small   0x00000001f9000000 0x00000001f9200000 0x00000001f9200000 Y/7     Allocating 
 Small   0x00000001f9200000 0x00000001f9400000 0x00000001f9400000 Y/7     Allocating 
 Small   0x00000001f9400000 0x00000001f9600000 0x00000001f9600000 Y/7     Allocating 
 Small   0x00000001f9600000 0x00000001f9800000 0x00000001f9800000 Y/7     Allocating 
 Small   0x00000001f9800000 0x00000001f9a00000 0x00000001f9a00000 Y/7     Allocating 
 Small   0x00000001f9a00000 0x00000001f9c00000 0x00000001f9c00000 Y/7     Allocating 
 Small   0x00000001f9c00000 0x00000001f9e00000 0x00000001f9e00000 Y/7     Allocating 
 Small   0x00000001f9e00000 0x00000001fa000000 0x00000001fa000000 Y/7     Allocating 
 Small   0x00000001fa000000 0x00000001fa200000 0x00000001fa200000 Y/7     Allocating 
 Small   0x00000001fa200000 0x00000001fa400000 0x00000001fa400000 Y/7     Allocating 
 Small   0x00000001fa400000 0x00000001fa600000 0x00000001fa600000 Y/7     Allocating 
 Small   0x00000001fa600000 0x00000001fa800000 0x00000001fa800000 Y/7     Allocating 
 Small   0x00000001fa800000 0x00000001faa00000 0x00000001faa00000 Y/7     Allocating 
 Small   0x00000001faa00000 0x00000001fac00000 0x00000001fac00000 Y/7     Allocating 
 Small   0x00000001fac00000 0x00000001fae00000 0x00000001fae00000 Y/7     Allocating 
 Small   0x00000001fae00000 0x00000001fb000000 0x00000001fb000000 Y/7     Allocating 
 Small   0x00000001fb000000 0x00000001fb200000 0x00000001fb200000 Y/7     Allocating 
 Small   0x00000001fb200000 0x00000001fb400000 0x00000001fb400000 Y/7     Allocating 
 Small   0x00000001fb400000 0x00000001fb600000 0x00000001fb600000 Y/7     Allocating 
 Small   0x00000001fb600000 0x00000001fb800000 0x00000001fb800000 Y/7     Allocating 
 Small   0x00000001fb800000 0x00000001fba00000 0x00000001fba00000 Y/7     Allocating 
 Small   0x00000001fba00000 0x00000001fbc00000 0x00000001fbc00000 Y/7     Allocating 
 Small   0x00000001fbc00000 0x00000001fbe00000 0x00000001fbe00000 Y/7     Allocating 
 Small   0x00000001fbe00000 0x00000001fc000000 0x00000001fc000000 Y/7     Allocating 
 Small   0x00000001fc000000 0x00000001fc200000 0x00000001fc200000 Y/7     Allocating 
 Small   0x00000001fc200000 0x00000001fc400000 0x00000001fc400000 Y/7     Allocating 
 Small   0x00000001fc400000 0x00000001fc600000 0x00000001fc600000 Y/7     Allocating 
 Small   0x00000001fc600000 0x00000001fc800000 0x00000001fc800000 Y/7     Allocating 
 Small   0x00000001fc800000 0x00000001fca00000 0x00000001fca00000 Y/7     Allocating 
 Small   0x00000001fca00000 0x00000001fcc00000 0x00000001fcc00000 Y/7     Allocating 
 Small   0x00000001fcc00000 0x00000001fce00000 0x00000001fce00000 Y/7     Allocating 
 Small   0x00000001fce00000 0x00000001fd000000 0x00000001fd000000 Y/7     Allocating 
 Small   0x00000001fd000000 0x00000001fd200000 0x00000001fd200000 Y/7     Allocating 
 Small   0x00000001fd200000 0x00000001fd400000 0x00000001fd400000 Y/7     Allocating 
 Small   0x00000001fd400000 0x00000001fd600000 0x00000001fd600000 Y/7     Allocating 
 Small   0x00000001fd600000 0x00000001fd800000 0x00000001fd800000 Y/7     Allocating 
 Small   0x00000001fd800000 0x00000001fda00000 0x00000001fda00000 Y/7     Allocating 
 Small   0x00000001fda00000 0x00000001fdc00000 0x00000001fdc00000 Y/7     Allocating 
 Small   0x00000001fdc00000 0x00000001fde00000 0x00000001fde00000 Y/7     Allocating 
 Small   0x00000001fde00000 0x00000001fe000000 0x00000001fe000000 Y/7     Allocating 
 Small   0x00000001fe000000 0x00000001fe200000 0x00000001fe200000 Y/7     Allocating 
 Small   0x00000001fe200000 0x00000001fe400000 0x00000001fe400000 Y/7     Allocating 
 Small   0x00000001fe400000 0x00000001fe600000 0x00000001fe600000 Y/7     Allocating 
 Small   0x00000001fe600000 0x00000001fe800000 0x00000001fe800000 Y/7     Allocating 
 Small   0x00000001fe800000 0x00000001fea00000 0x00000001fea00000 Y/7     Allocating 
 Small   0x00000001fea00000 0x00000001fec00000 0x00000001fec00000 Y/7     Allocating 
 Small   0x00000001fec00000 0x00000001fee00000 0x00000001fee00000 Y/7     Allocating 
 Small   0x00000001fee00000 0x00000001ff000000 0x00000001ff000000 Y/7     Allocating 
 Small   0x00000001ff000000 0x00000001ff200000 0x00000001ff200000 Y/7     Allocating 
 Small   0x00000001ff200000 0x00000001ff400000 0x00000001ff400000 Y/7     Allocating 
 Small   0x00000001ff400000 0x00000001ff600000 0x00000001ff600000 Y/7     Allocating 
 Small   0x00000001ff600000 0x00000001ff680000 0x00000001ff800000 Y/7     Allocating 
 Small   0x00000001ff800000 0x00000001ffa00000 0x00000001ffa00000 Y/7     Allocating 
 Small   0x00000001ffa00000 0x00000001ffc00000 0x00000001ffc00000 Y/7     Allocating 
 Small   0x00000001ffc00000 0x00000001ffe00000 0x00000001ffe00000 Y/7     Allocating 
 Small   0x00000001ffe00000 0x0000000200000000 0x0000000200000000 Y/7     Allocating 
 Small   0x0000000200000000 0x0000000200200000 0x0000000200200000 Y/7     Allocating 
 Small   0x0000000200200000 0x0000000200400000 0x0000000200400000 Y/7     Allocating 
 Small   0x0000000200400000 0x0000000200600000 0x0000000200600000 Y/7     Allocating 
 Small   0x0000000200600000 0x0000000200800000 0x0000000200800000 Y/7     Allocating 
 Small   0x0000000200800000 0x0000000200a00000 0x0000000200a00000 Y/7     Allocating 
 Small   0x0000000200a00000 0x0000000200c00000 0x0000000200c00000 Y/7     Allocating 
 Small   0x0000000200c00000 0x0000000200e00000 0x0000000200e00000 Y/7     Allocating 
 Small   0x0000000200e00000 0x0000000201000000 0x0000000201000000 Y/7     Allocating 
 Small   0x0000000201000000 0x00000002010c0000 0x0000000201200000 Y/7     Allocating 
 Small   0x0000000201200000 0x0000000201400000 0x0000000201400000 Y/7     Allocating 
 Small   0x0000000201400000 0x0000000201600000 0x0000000201600000 Y/7     Allocating 
 Small   0x0000000201600000 0x0000000201800000 0x0000000201800000 Y/7     Allocating 
 Small   0x0000000201800000 0x0000000201a00000 0x0000000201a00000 Y/7     Allocating 
 Small   0x0000000201a00000 0x0000000201c00000 0x0000000201c00000 Y/7     Allocating 
 Small   0x0000000201c00000 0x0000000201e00000 0x0000000201e00000 Y/7     Allocating 
 Small   0x0000000201e00000 0x0000000202000000 0x0000000202000000 Y/7     Allocating 
 Small   0x0000000202000000 0x0000000202200000 0x0000000202200000 Y/7     Allocating 
 Small   0x0000000202200000 0x0000000202400000 0x0000000202400000 Y/7     Allocating 
 Small   0x0000000202400000 0x0000000202600000 0x0000000202600000 Y/7     Allocating 
 Small   0x0000000202600000 0x0000000202800000 0x0000000202800000 Y/7     Allocating 
 Small   0x0000000202800000 0x0000000202a00000 0x0000000202a00000 Y/7     Allocating 
 Small   0x0000000202a00000 0x0000000202c00000 0x0000000202c00000 Y/7     Allocating 
 Small   0x0000000202c00000 0x0000000202e00000 0x0000000202e00000 Y/7     Allocating 
 Small   0x0000000202e00000 0x0000000203000000 0x0000000203000000 Y/7     Allocating 
 Small   0x0000000203000000 0x0000000203200000 0x0000000203200000 Y/7     Allocating 
 Small   0x0000000203200000 0x0000000203400000 0x0000000203400000 Y/7     Allocating 
 Small   0x0000000203400000 0x0000000203600000 0x0000000203600000 Y/7     Allocating 
 Small   0x0000000203600000 0x0000000203800000 0x0000000203800000 Y/7     Allocating 
 Small   0x0000000203800000 0x0000000203a00000 0x0000000203a00000 Y/7     Allocating 
 Small   0x0000000203a00000 0x0000000203bf0030 0x0000000203c00000 Y/7     Allocating 
 Small   0x0000000203c00000 0x0000000203df3788 0x0000000203e00000 Y/7     Allocating 
 Small   0x0000000203e00000 0x0000000203fd65b0 0x0000000204000000 Y/7     Allocating 
 Small   0x0000000204000000 0x0000000204200000 0x0000000204200000 Y/7     Allocating 
 Small   0x0000000204200000 0x0000000204400000 0x0000000204400000 Y/7     Allocating 
 Small   0x0000000204400000 0x0000000204600000 0x0000000204600000 Y/7     Allocating 
 Small   0x0000000204600000 0x0000000204800000 0x0000000204800000 Y/7     Allocating 
 Small   0x0000000204800000 0x0000000204a00000 0x0000000204a00000 Y/7     Allocating 
 Small   0x0000000204a00000 0x0000000204c00000 0x0000000204c00000 Y/7     Allocating 
 Small   0x0000000204c00000 0x0000000204e00000 0x0000000204e00000 Y/7     Allocating 
 Small   0x0000000204e00000 0x0000000205000000 0x0000000205000000 Y/7     Allocating 
 Small   0x0000000205000000 0x0000000205200000 0x0000000205200000 Y/7     Allocating 
 Small   0x0000000205200000 0x0000000205400000 0x0000000205400000 Y/7     Allocating 
 Small   0x0000000205400000 0x0000000205600000 0x0000000205600000 Y/7     Allocating 
 Small   0x0000000205600000 0x0000000205800000 0x0000000205800000 Y/7     Allocating 
 Small   0x0000000205800000 0x0000000205a00000 0x0000000205a00000 Y/7     Allocating 
 Small   0x0000000205a00000 0x0000000205c00000 0x0000000205c00000 Y/7     Allocating 
 Small   0x0000000205c00000 0x0000000205e00000 0x0000000205e00000 Y/7     Allocating 
 Small   0x0000000205e00000 0x0000000206000000 0x0000000206000000 Y/7     Allocating 
 Small   0x0000000206000000 0x0000000206200000 0x0000000206200000 Y/7     Allocating 
 Small   0x0000000206200000 0x0000000206400000 0x0000000206400000 Y/7     Allocating 
 Small   0x0000000206400000 0x0000000206600000 0x0000000206600000 Y/7     Allocating 
 Small   0x0000000206600000 0x0000000206800000 0x0000000206800000 Y/7     Allocating 
 Small   0x0000000206800000 0x0000000206a00000 0x0000000206a00000 Y/7     Allocating 
 Small   0x0000000206a00000 0x0000000206c00000 0x0000000206c00000 Y/7     Allocating 
 Small   0x0000000206c00000 0x0000000206e00000 0x0000000206e00000 Y/7     Allocating 
 Small   0x0000000206e00000 0x0000000207000000 0x0000000207000000 Y/7     Allocating 
 Small   0x0000000207000000 0x0000000207200000 0x0000000207200000 Y/7     Allocating 
 Small   0x0000000207200000 0x0000000207400000 0x0000000207400000 Y/7     Allocating 
 Small   0x0000000207400000 0x0000000207600000 0x0000000207600000 Y/7     Allocating 
 Small   0x0000000207600000 0x0000000207800000 0x0000000207800000 Y/7     Allocating 
 Small   0x0000000207800000 0x0000000207a00000 0x0000000207a00000 Y/7     Allocating 
 Small   0x0000000207a00000 0x0000000207c00000 0x0000000207c00000 Y/7     Allocating 
 Small   0x0000000207c00000 0x0000000207e00000 0x0000000207e00000 Y/7     Allocating 
 Small   0x0000000207e00000 0x0000000208000000 0x0000000208000000 Y/7     Allocating 
 Small   0x0000000208000000 0x0000000208200000 0x0000000208200000 Y/7     Allocating 
 Small   0x0000000208200000 0x0000000208400000 0x0000000208400000 Y/7     Allocating 
 Small   0x0000000208400000 0x0000000208600000 0x0000000208600000 Y/7     Allocating 
 Small   0x0000000208600000 0x0000000208800000 0x0000000208800000 Y/7     Allocating 
 Small   0x0000000208800000 0x0000000208a00000 0x0000000208a00000 Y/7     Allocating 
 Small   0x0000000208a00000 0x0000000208c00000 0x0000000208c00000 Y/7     Allocating 
 Small   0x0000000208c00000 0x0000000208e00000 0x0000000208e00000 Y/7     Allocating 
 Small   0x0000000208e00000 0x0000000209000000 0x0000000209000000 Y/7     Allocating 
 Small   0x0000000209000000 0x0000000209200000 0x0000000209200000 Y/7     Allocating 
 Small   0x0000000209200000 0x0000000209400000 0x0000000209400000 Y/7     Allocating 
 Small   0x0000000209400000 0x0000000209600000 0x0000000209600000 Y/7     Allocating 
 Small   0x0000000209600000 0x0000000209800000 0x0000000209800000 Y/7     Allocating 
 Small   0x0000000209800000 0x0000000209a00000 0x0000000209a00000 Y/7     Allocating 
 Small   0x0000000209a00000 0x0000000209c00000 0x0000000209c00000 Y/7     Allocating 
 Small   0x0000000209c00000 0x0000000209e00000 0x0000000209e00000 Y/7     Allocating 
 Small   0x0000000209e00000 0x000000020a000000 0x000000020a000000 Y/7     Allocating 
 Small   0x000000020a000000 0x000000020a200000 0x000000020a200000 Y/7     Allocating 
 Small   0x000000020a200000 0x000000020a400000 0x000000020a400000 Y/7     Allocating 
 Small   0x000000020a400000 0x000000020a600000 0x000000020a600000 Y/7     Allocating 
 Small   0x000000020a600000 0x000000020a800000 0x000000020a800000 Y/7     Allocating 
 Small   0x000000020a800000 0x000000020aa00000 0x000000020aa00000 Y/7     Allocating 
 Small   0x000000020aa00000 0x000000020ac00000 0x000000020ac00000 Y/7     Allocating 
 Small   0x000000020ac00000 0x000000020ae00000 0x000000020ae00000 Y/7     Allocating 
 Small   0x000000020ae00000 0x000000020b000000 0x000000020b000000 Y/7     Allocating 
 Small   0x000000020b000000 0x000000020b200000 0x000000020b200000 Y/7     Allocating 
 Small   0x000000020b200000 0x000000020b400000 0x000000020b400000 Y/7     Allocating 
 Small   0x000000020b400000 0x000000020b600000 0x000000020b600000 Y/7     Allocating 
 Small   0x000000020b600000 0x000000020b800000 0x000000020b800000 Y/7     Allocating 
 Small   0x000000020b800000 0x000000020ba00000 0x000000020ba00000 Y/7     Allocating 
 Small   0x000000020ba00000 0x000000020bc00000 0x000000020bc00000 Y/7     Allocating 
 Small   0x000000020bc00000 0x000000020be00000 0x000000020be00000 Y/7     Allocating 
 Small   0x000000020be00000 0x000000020c000000 0x000000020c000000 Y/7     Allocating 
 Small   0x000000020c000000 0x000000020c200000 0x000000020c200000 Y/7     Allocating 
 Small   0x000000020c200000 0x000000020c400000 0x000000020c400000 Y/7     Allocating 
 Small   0x000000020c400000 0x000000020c600000 0x000000020c600000 Y/7     Allocating 
 Small   0x000000020c600000 0x000000020c800000 0x000000020c800000 Y/7     Allocating 
 Small   0x000000020c800000 0x000000020ca00000 0x000000020ca00000 Y/7     Allocating 
 Small   0x000000020ca00000 0x000000020cc00000 0x000000020cc00000 Y/7     Allocating 
 Small   0x000000020cc00000 0x000000020ce00000 0x000000020ce00000 Y/7     Allocating 
 Small   0x000000020ce00000 0x000000020d000000 0x000000020d000000 Y/7     Allocating 
 Small   0x000000020d000000 0x000000020d200000 0x000000020d200000 Y/7     Allocating 
 Small   0x000000020d200000 0x000000020d400000 0x000000020d400000 Y/7     Allocating 
 Small   0x000000020d400000 0x000000020d600000 0x000000020d600000 Y/7     Allocating 
 Small   0x000000020d600000 0x000000020d800000 0x000000020d800000 Y/7     Allocating 
 Small   0x000000020d800000 0x000000020da00000 0x000000020da00000 Y/7     Allocating 
 Small   0x000000020da00000 0x000000020dc00000 0x000000020dc00000 Y/7     Allocating 
 Small   0x000000020dc00000 0x000000020de00000 0x000000020de00000 Y/7     Allocating 
 Small   0x000000020de00000 0x000000020e000000 0x000000020e000000 Y/7     Allocating 
 Small   0x000000020e000000 0x000000020e200000 0x000000020e200000 Y/7     Allocating 
 Small   0x000000020e200000 0x000000020e400000 0x000000020e400000 Y/7     Allocating 
 Small   0x000000020e400000 0x000000020e600000 0x000000020e600000 Y/7     Allocating 
 Small   0x000000020e600000 0x000000020e800000 0x000000020e800000 Y/7     Allocating 
 Small   0x000000020e800000 0x000000020ea00000 0x000000020ea00000 Y/7     Allocating 
 Small   0x000000020ea00000 0x000000020ec00000 0x000000020ec00000 Y/7     Allocating 
 Small   0x000000020ec00000 0x000000020ee00000 0x000000020ee00000 Y/7     Allocating 
 Small   0x000000020ee00000 0x000000020f000000 0x000000020f000000 Y/7     Allocating 
 Small   0x000000020f000000 0x000000020f200000 0x000000020f200000 Y/7     Allocating 
 Small   0x000000020f200000 0x000000020f400000 0x000000020f400000 Y/7     Allocating 
 Small   0x000000020f400000 0x000000020f600000 0x000000020f600000 Y/7     Allocating 
 Small   0x000000020f600000 0x000000020f800000 0x000000020f800000 Y/7     Allocating 
 Small   0x000000020f800000 0x000000020fa00000 0x000000020fa00000 Y/7     Allocating 
 Small   0x000000020fa00000 0x000000020fc00000 0x000000020fc00000 Y/7     Allocating 
 Small   0x000000020fc00000 0x000000020fe00000 0x000000020fe00000 Y/7     Allocating 
 Small   0x000000020fe00000 0x0000000210000000 0x0000000210000000 Y/7     Allocating 
 Small   0x0000000210000000 0x0000000210200000 0x0000000210200000 Y/7     Allocating 
 Small   0x0000000210200000 0x0000000210400000 0x0000000210400000 Y/7     Allocating 
 Small   0x0000000210400000 0x0000000210600000 0x0000000210600000 Y/7     Allocating 
 Small   0x0000000210600000 0x0000000210800000 0x0000000210800000 Y/7     Allocating 
 Small   0x0000000210800000 0x0000000210a00000 0x0000000210a00000 Y/7     Allocating 
 Small   0x0000000210a00000 0x0000000210c00000 0x0000000210c00000 Y/7     Allocating 
 Small   0x0000000210c00000 0x0000000210e00000 0x0000000210e00000 Y/7     Allocating 
 Small   0x0000000210e00000 0x0000000211000000 0x0000000211000000 Y/7     Allocating 
 Small   0x0000000211000000 0x0000000211200000 0x0000000211200000 Y/7     Allocating 
 Small   0x0000000211200000 0x0000000211400000 0x0000000211400000 Y/7     Allocating 
 Small   0x0000000211400000 0x0000000211600000 0x0000000211600000 Y/7     Allocating 
 Small   0x0000000211600000 0x0000000211800000 0x0000000211800000 Y/7     Allocating 
 Small   0x0000000211800000 0x0000000211a00000 0x0000000211a00000 Y/7     Allocating 
 Small   0x0000000211a00000 0x0000000211c00000 0x0000000211c00000 Y/7     Allocating 
 Small   0x0000000211c00000 0x0000000211e00000 0x0000000211e00000 Y/7     Allocating 
 Small   0x0000000211e00000 0x0000000212000000 0x0000000212000000 Y/7     Allocating 
 Small   0x0000000212000000 0x0000000212200000 0x0000000212200000 Y/7     Allocating 
 Small   0x0000000212200000 0x0000000212400000 0x0000000212400000 Y/7     Allocating 
 Small   0x0000000212400000 0x0000000212600000 0x0000000212600000 Y/7     Allocating 
 Small   0x0000000212600000 0x0000000212800000 0x0000000212800000 Y/7     Allocating 
 Small   0x0000000212800000 0x0000000212a00000 0x0000000212a00000 Y/7     Allocating 
 Small   0x0000000212a00000 0x0000000212c00000 0x0000000212c00000 Y/7     Allocating 
 Small   0x0000000212c00000 0x0000000212e00000 0x0000000212e00000 Y/7     Allocating 
 Small   0x0000000212e00000 0x0000000213000000 0x0000000213000000 Y/7     Allocating 
 Small   0x0000000213000000 0x0000000213200000 0x0000000213200000 Y/7     Allocating 
 Small   0x0000000213200000 0x0000000213400000 0x0000000213400000 Y/7     Allocating 
 Small   0x0000000213400000 0x0000000213600000 0x0000000213600000 Y/7     Allocating 
 Small   0x0000000213600000 0x0000000213800000 0x0000000213800000 Y/7     Allocating 
 Small   0x0000000213800000 0x0000000213a00000 0x0000000213a00000 Y/7     Allocating 
 Small   0x0000000213a00000 0x0000000213c00000 0x0000000213c00000 Y/7     Allocating 
 Small   0x0000000213c00000 0x0000000213e00000 0x0000000213e00000 Y/7     Allocating 
 Small   0x0000000213e00000 0x0000000214000000 0x0000000214000000 Y/7     Allocating 
 Small   0x0000000214000000 0x0000000214200000 0x0000000214200000 Y/7     Allocating 
 Small   0x0000000214200000 0x0000000214400000 0x0000000214400000 Y/7     Allocating 
 Small   0x0000000214400000 0x0000000214600000 0x0000000214600000 Y/7     Allocating 
 Small   0x0000000214600000 0x0000000214800000 0x0000000214800000 Y/7     Allocating 
 Small   0x0000000214800000 0x0000000214a00000 0x0000000214a00000 Y/7     Allocating 
 Small   0x0000000214a00000 0x0000000214c00000 0x0000000214c00000 Y/7     Allocating 
 Small   0x0000000214c00000 0x0000000214e00000 0x0000000214e00000 Y/7     Allocating 
 Small   0x0000000214e00000 0x0000000215000000 0x0000000215000000 Y/7     Allocating 
 Small   0x0000000215000000 0x0000000215200000 0x0000000215200000 Y/7     Allocating 
 Small   0x0000000215200000 0x0000000215400000 0x0000000215400000 Y/7     Allocating 
 Small   0x0000000215400000 0x0000000215600000 0x0000000215600000 Y/7     Allocating 
 Small   0x0000000215600000 0x0000000215800000 0x0000000215800000 Y/7     Allocating 
 Small   0x0000000215800000 0x0000000215a00000 0x0000000215a00000 Y/7     Allocating 
 Small   0x0000000215a00000 0x0000000215c00000 0x0000000215c00000 Y/7     Allocating 
 Small   0x0000000215c00000 0x0000000215e00000 0x0000000215e00000 Y/7     Allocating 
 Small   0x0000000215e00000 0x0000000216000000 0x0000000216000000 Y/7     Allocating 
 Small   0x0000000216000000 0x0000000216200000 0x0000000216200000 Y/7     Allocating 
 Small   0x0000000216200000 0x0000000216400000 0x0000000216400000 Y/7     Allocating 
 Small   0x0000000216400000 0x0000000216600000 0x0000000216600000 Y/7     Allocating 
 Small   0x0000000216600000 0x0000000216800000 0x0000000216800000 Y/7     Allocating 
 Small   0x0000000216800000 0x0000000216a00000 0x0000000216a00000 Y/7     Allocating 
 Small   0x0000000216a00000 0x0000000216c00000 0x0000000216c00000 Y/7     Allocating 
 Small   0x0000000216c00000 0x0000000216e00000 0x0000000216e00000 Y/7     Allocating 
 Small   0x0000000216e00000 0x0000000217000000 0x0000000217000000 Y/7     Allocating 
 Small   0x0000000217000000 0x0000000217200000 0x0000000217200000 Y/7     Allocating 
 Small   0x0000000217200000 0x0000000217400000 0x0000000217400000 Y/7     Allocating 
 Small   0x0000000217400000 0x0000000217600000 0x0000000217600000 Y/7     Allocating 
 Small   0x0000000217600000 0x0000000217800000 0x0000000217800000 Y/7     Allocating 
 Small   0x0000000217800000 0x0000000217a00000 0x0000000217a00000 Y/7     Allocating 
 Small   0x0000000217a00000 0x0000000217c00000 0x0000000217c00000 Y/7     Allocating 
 Small   0x0000000217c00000 0x0000000217e00000 0x0000000217e00000 Y/7     Allocating 
 Small   0x0000000217e00000 0x0000000218000000 0x0000000218000000 Y/7     Allocating 
 Small   0x0000000218000000 0x0000000218200000 0x0000000218200000 Y/7     Allocating 
 Small   0x0000000218200000 0x0000000218400000 0x0000000218400000 Y/7     Allocating 
 Small   0x0000000218400000 0x0000000218600000 0x0000000218600000 Y/7     Allocating 
 Small   0x0000000218600000 0x0000000218800000 0x0000000218800000 Y/7     Allocating 
 Small   0x0000000218800000 0x0000000218a00000 0x0000000218a00000 Y/7     Allocating 
 Small   0x0000000218a00000 0x0000000218c00000 0x0000000218c00000 Y/7     Allocating 
 Small   0x0000000218c00000 0x0000000218e00000 0x0000000218e00000 Y/7     Allocating 
 Small   0x0000000218e00000 0x0000000219000000 0x0000000219000000 Y/7     Allocating 
 Small   0x0000000219000000 0x0000000219200000 0x0000000219200000 Y/7     Allocating 
 Small   0x0000000219200000 0x0000000219400000 0x0000000219400000 Y/7     Allocating 
 Small   0x0000000219400000 0x0000000219600000 0x0000000219600000 Y/7     Allocating 
 Small   0x0000000219600000 0x0000000219800000 0x0000000219800000 Y/7     Allocating 
 Small   0x0000000219800000 0x0000000219a00000 0x0000000219a00000 Y/7     Allocating 
 Small   0x0000000219a00000 0x0000000219c00000 0x0000000219c00000 Y/7     Allocating 
 Small   0x0000000219c00000 0x0000000219e00000 0x0000000219e00000 Y/7     Allocating 
 Small   0x0000000219e00000 0x000000021a000000 0x000000021a000000 Y/7     Allocating 
 Small   0x000000021a000000 0x000000021a200000 0x000000021a200000 Y/7     Allocating 
 Small   0x000000021a200000 0x000000021a400000 0x000000021a400000 Y/7     Allocating 
 Small   0x000000021a400000 0x000000021a600000 0x000000021a600000 Y/7     Allocating 
 Small   0x000000021a600000 0x000000021a800000 0x000000021a800000 Y/7     Allocating 
 Small   0x000000021a800000 0x000000021aa00000 0x000000021aa00000 Y/7     Allocating 
 Small   0x000000021aa00000 0x000000021ac00000 0x000000021ac00000 Y/7     Allocating 
 Small   0x000000021ac00000 0x000000021ae00000 0x000000021ae00000 Y/7     Allocating 
 Small   0x000000021ae00000 0x000000021b000000 0x000000021b000000 Y/7     Allocating 
 Small   0x000000021b000000 0x000000021b200000 0x000000021b200000 Y/7     Allocating 
 Small   0x000000021b200000 0x000000021b400000 0x000000021b400000 Y/7     Allocating 
 Small   0x000000021b400000 0x000000021b600000 0x000000021b600000 Y/7     Allocating 
 Small   0x000000021b600000 0x000000021b800000 0x000000021b800000 Y/7     Allocating 
 Small   0x000000021b800000 0x000000021ba00000 0x000000021ba00000 Y/7     Allocating 
 Small   0x000000021ba00000 0x000000021bc00000 0x000000021bc00000 Y/7     Allocating 
 Small   0x000000021bc00000 0x000000021bc80000 0x000000021be00000 Y/7     Allocating 
 Small   0x000000021be00000 0x000000021c000000 0x000000021c000000 Y/7     Allocating 
 Small   0x000000021c000000 0x000000021c200000 0x000000021c200000 Y/7     Allocating 
 Small   0x000000021c200000 0x000000021c400000 0x000000021c400000 Y/7     Allocating 
 Small   0x000000021c400000 0x000000021c600000 0x000000021c600000 Y/7     Allocating 
 Small   0x000000021c600000 0x000000021c800000 0x000000021c800000 Y/7     Allocating 
 Small   0x000000021c800000 0x000000021c940000 0x000000021ca00000 Y/7     Allocating 
 Small   0x000000021ca00000 0x000000021cc00000 0x000000021cc00000 Y/7     Allocating 
 Small   0x000000021cc00000 0x000000021cc80000 0x000000021ce00000 Y/7     Allocating 
 Small   0x000000021ce00000 0x000000021d000000 0x000000021d000000 Y/7     Allocating 
 Small   0x000000021d000000 0x000000021d200000 0x000000021d200000 Y/7     Allocating 
 Small   0x000000021d200000 0x000000021d280000 0x000000021d400000 Y/7     Allocating 
 Small   0x000000021d400000 0x000000021d5c0000 0x000000021d600000 Y/7     Allocating 
 Small   0x000000021d600000 0x000000021d780000 0x000000021d800000 Y/7     Allocating 
 Medium  0x0000003ff1a00000 0x0000003ff2a90000 0x0000003ff3a00000 Y/7     Allocating 
 Medium  0x0000003ff3a00000 0x0000003ff5932000 0x0000003ff5a00000 Y/7     Allocating 
 Medium  0x0000003ff5a00000 0x0000003ff5a41000 0x0000003ff7a00000 Y/7     Allocating 
 Medium  0x0000003ff7a00000 0x0000003ff88f8000 0x0000003ff9a00000 O/6     Relocatable
 Large   0x0000003ff9e00000 0x0000003ffa400000 0x0000003ffa400000 Y/7     Allocating 
 Large   0x0000003ffa400000 0x0000003ffae00000 0x0000003ffae00000 Y/7     Allocating 
 Large   0x0000003ffae00000 0x0000003ffb400000 0x0000003ffb400000 Y/7     Allocating 
 Medium  0x0000003ffb400000 0x0000003ffc335000 0x0000003ffd400000 Y/7     Allocating 
 Medium  0x0000003ffd400000 0x0000003ffd481000 0x0000003fff400000 Y/7     Allocating 
 Large   0x0000003fff400000 0x0000004000000000 0x0000004000000000 Y/7     Allocating 

ZBarrierSet

Polling page: 0x00000202ac2b0000

Metaspace:

Usage:
  Non-class:    149.14 MB used.
      Class:     28.01 MB used.
       Both:    177.16 MB used.

Virtual space:
  Non-class space:      192.00 MB reserved,     150.38 MB ( 78%) committed,  3 nodes.
      Class space:        1.00 GB reserved,      29.06 MB (  3%) committed,  1 nodes.
             Both:        1.19 GB reserved,     179.44 MB ( 15%) committed. 

Chunk freelists:
   Non-Class:  8.91 MB
       Class:  2.81 MB
        Both:  11.72 MB

MaxMetaspaceSize: unlimited
CompressedClassSpaceSize: 1.00 GB
Initial GC threshold: 21.00 MB
Current GC threshold: 236.25 MB
CDS: off
 - commit_granule_bytes: 65536.
 - commit_granule_words: 8192.
 - virtual_space_node_default_size: 8388608.
 - enlarge_chunks_in_place: 1.
 - use_allocation_guard: 0.


Internal statistics:

num_allocs_failed_limit: 72.
num_arena_births: 3900.
num_arena_deaths: 0.
num_vsnodes_births: 4.
num_vsnodes_deaths: 0.
num_space_committed: 2861.
num_space_uncommitted: 0.
num_chunks_returned_to_freelist: 72.
num_chunks_taken_from_freelist: 12237.
num_chunk_merges: 68.
num_chunk_splits: 7330.
num_chunks_enlarged: 4288.
num_inconsistent_stats: 0.

CodeHeap 'non-profiled nmethods': size=119168Kb used=21342Kb max_used=21342Kb free=97825Kb
 bounds [0x00000202b84e0000, 0x00000202b99c0000, 0x00000202bf940000]
CodeHeap 'profiled nmethods': size=119104Kb used=35083Kb max_used=35083Kb free=84020Kb
 bounds [0x00000202b0940000, 0x00000202b2b90000, 0x00000202b7d90000]
CodeHeap 'non-nmethods': size=7488Kb used=4971Kb max_used=5076Kb free=2517Kb
 bounds [0x00000202b7d90000, 0x00000202b82c0000, 0x00000202b84e0000]
 total_blobs=20794 nmethods=18441 adapters=2252
 compilation: enabled
              stopped_count=0, restarted_count=0
 full_count=0

Compilation events (250 events):
Event: 17.975 Thread 0x0000020718e29e40 nmethod 23308 0x00000202b2afae10 code [0x00000202b2afb040, 0x00000202b2afb7c8]
Event: 17.975 Thread 0x00000202acb6ac20 nmethod 23312 0x00000202b2afba90 code [0x00000202b2afbcc0, 0x00000202b2afc4a8]
Event: 17.975 Thread 0x0000020718e29e40 23313       3       net.minecraft.client.gui.components.AbstractWidget::render (148 bytes)
Event: 17.975 Thread 0x00000202acb6ac20 23314   !   3       net.minecraft.client.gui.components.AbstractWidget::handler$blo000$fancymenu$beforeRenderFancyMenu (250 bytes)
Event: 17.975 Thread 0x0000020718e2f6d0 23315       3       org.lwjgl.glfw.GLFW::glfwPollEvents (9 bytes)
Event: 17.975 Thread 0x00000202aca9fda0 nmethod 23299 0x00000202b998f190 code [0x00000202b998f340, 0x00000202b998f790]
Event: 17.975 Thread 0x00000202aca9fda0 23311       4       com.mojang.blaze3d.platform.GlStateManager::_bindTexture (36 bytes)
Event: 17.975 Thread 0x0000020718e2f6d0 nmethod 23315 0x00000202b2afc790 code [0x00000202b2afc940, 0x00000202b2afca60]
Event: 17.976 Thread 0x0000020718e29e40 nmethod 23313 0x00000202b2afcb10 code [0x00000202b2afce20, 0x00000202b2afe0d8]
Event: 17.976 Thread 0x00000202aca9fda0 nmethod 23311 0x00000202b998fa10 code [0x00000202b998fbc0, 0x00000202b998fe18]
Event: 17.977 Thread 0x00000202acb6ac20 nmethod 23314 0x00000202b2afe690 code [0x00000202b2afec20, 0x00000202b2b020e0]
Event: 17.991 Thread 0x0000020718e29e40 23316       3       de.keksuccino.fancymenu.customization.element.elements.button.custombutton.ButtonElement::getAbsoluteX (43 bytes)
Event: 17.991 Thread 0x00000202acb6ac20 23317       3       de.keksuccino.fancymenu.customization.element.elements.button.custombutton.ButtonElement::getAbsoluteX (42 bytes)
Event: 17.991 Thread 0x0000020718e2f6d0 23318       3       de.keksuccino.fancymenu.customization.element.elements.button.custombutton.ButtonElement::getAbsoluteY (43 bytes)
Event: 17.991 Thread 0x00000202acaa0440 23319       3       de.keksuccino.fancymenu.customization.element.elements.button.custombutton.ButtonElement::getAbsoluteY (42 bytes)
Event: 17.991 Thread 0x0000020718e29e40 nmethod 23316 0x00000202b2b03010 code [0x00000202b2b03260, 0x00000202b2b03cc8]
Event: 17.991 Thread 0x0000020718e2f6d0 nmethod 23318 0x00000202b2b03f10 code [0x00000202b2b04160, 0x00000202b2b04bc8]
Event: 17.991 Thread 0x00000202acb6ac20 nmethod 23317 0x00000202b2b04e10 code [0x00000202b2b05080, 0x00000202b2b05ac8]
Event: 17.991 Thread 0x00000202acaa0440 nmethod 23319 0x00000202b2b05e10 code [0x00000202b2b06080, 0x00000202b2b06ac8]
Event: 17.991 Thread 0x00000202acb6ac20 23320 %     3       org.watermedia.api.util.MathUtil::<clinit> @ 475 (512 bytes)
Event: 17.991 Thread 0x0000020718e2f6d0 23322       3       net.minecraft.util.Mth::ceil (18 bytes)
Event: 17.992 Thread 0x0000020718e2f6d0 nmethod 23322 0x00000202b2b06e10 code [0x00000202b2b06fa0, 0x00000202b2b07110]
Event: 17.993 Thread 0x00000202acb6ac20 nmethod 23320% 0x00000202b2b07190 code [0x00000202b2b07b80, 0x00000202b2b0ea18]
Event: 17.993 Thread 0x00000202acb6ac20 23323       3       org.watermedia.api.util.MathUtil::<clinit> (512 bytes)
Event: 17.994 Thread 0x00000202acb6ac20 nmethod 23323 0x00000202b2b10310 code [0x00000202b2b10d00, 0x00000202b2b17b40]
Event: 17.996 Thread 0x00000202aca9fda0 23324       4       org.lwjgl.system.MemoryUtil::memGetFloat (9 bytes)
Event: 17.996 Thread 0x00000202aca9fda0 nmethod 23324 0x00000202b9990390 code [0x00000202b9990500, 0x00000202b9990570]
Event: 17.996 Thread 0x00000202aca9fda0 23325       4       com.mojang.blaze3d.vertex.MeshData$SortState$$Lambda/0x0000000081d0fcd0::accept (9 bytes)
Event: 17.996 Thread 0x00000202aca9fda0 nmethod 23325 0x00000202b9990690 code [0x00000202b9990820, 0x00000202b9990908]
Event: 18.007 Thread 0x0000020718e29e40 23326       1       net.minecraft.client.gui.components.AbstractWidget::setX (6 bytes)
Event: 18.007 Thread 0x00000202acb6ac20 23327       1       net.minecraft.client.gui.components.AbstractWidget::setY (6 bytes)
Event: 18.007 Thread 0x0000020718e29e40 nmethod 23326 0x00000202b9990a10 code [0x00000202b9990ba0, 0x00000202b9990c68]
Event: 18.007 Thread 0x00000202acb6ac20 nmethod 23327 0x00000202b9990d10 code [0x00000202b9990ea0, 0x00000202b9990f68]
Event: 18.007 Thread 0x0000020718e29e40 23328       3       de.keksuccino.fancymenu.util.rendering.ui.widget.button.ExtendedButton::isFocused (14 bytes)
Event: 18.007 Thread 0x0000020718e29e40 nmethod 23328 0x00000202b2b19410 code [0x00000202b2b195c0, 0x00000202b2b19750]
Event: 18.007 Thread 0x0000020718e29e40 23329       3       net.minecraft.client.gui.navigation.ScreenRectangle::<init> (17 bytes)
Event: 18.007 Thread 0x00000202acaa0440 23330       3       net.minecraft.client.gui.navigation.ScreenPosition::<init> (15 bytes)
Event: 18.007 Thread 0x00000202acb6ac20 23331       3       net.minecraft.client.gui.navigation.ScreenRectangle::<init> (20 bytes)
Event: 18.007 Thread 0x00000202acaa0440 nmethod 23330 0x00000202b2b19810 code [0x00000202b2b199c0, 0x00000202b2b19b90]
Event: 18.007 Thread 0x00000202acb6ac20 nmethod 23331 0x00000202b2b19c90 code [0x00000202b2b19e40, 0x00000202b2b1a088]
Event: 18.007 Thread 0x0000020718e29e40 nmethod 23329 0x00000202b2b1a190 code [0x00000202b2b1a360, 0x00000202b2b1a778]
Event: 18.007 Thread 0x00000202acb6ac20 23332       3       com.ibm.icu.text.Bidi::getCustomizedClass (42 bytes)
Event: 18.007 Thread 0x0000020718e2f6d0 23333       3       com.ibm.icu.impl.UBiDiProps::getClass (12 bytes)
Event: 18.007 Thread 0x00000202acaa0440 23334       3       com.ibm.icu.impl.Trie2_16::get (170 bytes)
Event: 18.008 Thread 0x0000020718e29e40 23335       3       com.ibm.icu.impl.UBiDiProps::getClassFromProps (5 bytes)
Event: 18.008 Thread 0x0000020718e29e40 nmethod 23335 0x00000202b2b1a990 code [0x00000202b2b1ab20, 0x00000202b2b1ac10]
Event: 18.008 Thread 0x0000020718e2f6d0 nmethod 23333 0x00000202b2b1ac90 code [0x00000202b2b1ae40, 0x00000202b2b1b018]
Event: 18.008 Thread 0x0000020718e2f6d0 23336       1       net.minecraft.client.gui.components.AbstractWidget::setWidth (6 bytes)
Event: 18.008 Thread 0x0000020718e29e40 23337       1       net.minecraft.client.gui.components.AbstractWidget::setHeightFancyMenu (6 bytes)
Event: 18.008 Thread 0x00000202acb6ac20 nmethod 23332 0x00000202b2b1b110 code [0x00000202b2b1b300, 0x00000202b2b1b690]
Event: 18.008 Thread 0x00000202acaa0440 nmethod 23334 0x00000202b2b1b810 code [0x00000202b2b1ba00, 0x00000202b2b1bf48]
Event: 18.008 Thread 0x0000020718e29e40 nmethod 23337 0x00000202b9991010 code [0x00000202b99911a0, 0x00000202b9991268]
Event: 18.008 Thread 0x00000202acaa0440 23338       1       de.keksuccino.fancymenu.util.rendering.ui.widget.button.ExtendedButton::setNavigatable (6 bytes)
Event: 18.008 Thread 0x0000020718e2f6d0 nmethod 23336 0x00000202b9991310 code [0x00000202b99914a0, 0x00000202b9991568]
Event: 18.008 Thread 0x00000202acaa0440 nmethod 23338 0x00000202b9991610 code [0x00000202b99917a0, 0x00000202b9991870]
Event: 18.023 Thread 0x00000202aca9fda0 23339       4       de.keksuccino.fancymenu.customization.element.elements.button.custombutton.ButtonElement::shouldRender (43 bytes)
Event: 18.024 Thread 0x00000202acb6ac20 23341       3       net.minecraft.network.chat.Style::equals (152 bytes)
Event: 18.024 Thread 0x00000202acb6ac20 nmethod 23341 0x00000202b2b1c190 code [0x00000202b2b1c480, 0x00000202b2b1d580]
Event: 18.024 Thread 0x00000202acaa0440 23342       3       net.minecraft.client.renderer.texture.AbstractTexture::bind (26 bytes)
Event: 18.024 Thread 0x00000202acaa0440 nmethod 23342 0x00000202b2b1d890 code [0x00000202b2b1dac0, 0x00000202b2b1e1d8]
Event: 18.030 Thread 0x00000202acaa0440 23344       3       java.lang.invoke.LambdaFormEditor$1::compare (13 bytes)
Event: 18.030 Thread 0x0000020718e2f6d0 23345       3       java.lang.invoke.LambdaFormEditor$1::compare (10 bytes)
Event: 18.030 Thread 0x0000020718e2f6d0 nmethod 23345 0x00000202b2b1e390 code [0x00000202b2b1e520, 0x00000202b2b1e640]
Event: 18.030 Thread 0x00000202acaa0440 nmethod 23344 0x00000202b2b1e710 code [0x00000202b2b1e8c0, 0x00000202b2b1ec00]
Event: 18.031 Thread 0x00000202acaa0440 23347       1       java.lang.invoke.LambdaForm$BasicType::basicTypeChar (5 bytes)
Event: 18.031 Thread 0x00000202acaa0440 nmethod 23347 0x00000202b9992110 code [0x00000202b99922a0, 0x00000202b9992370]
Event: 18.032 Thread 0x0000020718e29e40 23350       3       java.lang.invoke.LambdaForm$NamedFunction::<init> (10 bytes)
Event: 18.032 Thread 0x0000020718e29e40 nmethod 23350 0x00000202b2b1ed10 code [0x00000202b2b1eee0, 0x00000202b2b1f268]
Event: 18.032 Thread 0x00000202aca9fda0 nmethod 23339 0x00000202b9992710 code [0x00000202b9992b00, 0x00000202b9994130]
Event: 18.032 Thread 0x00000202aca9fda0 23349       4       java.lang.invoke.MethodHandles$Lookup::checkSymbolicClass (25 bytes)
Event: 18.033 Thread 0x00000202aca9fda0 nmethod 23349 0x00000202b9994e90 code [0x00000202b9995040, 0x00000202b9995208]
Event: 18.033 Thread 0x00000202aca9fda0 23340       4       de.keksuccino.fancymenu.customization.element.AbstractElement::updateAutoSizing (214 bytes)
Event: 18.034 Thread 0x00000202aca9fda0 nmethod 23340 0x00000202b9995690 code [0x00000202b9995840, 0x00000202b9995bd8]
Event: 18.035 Thread 0x00000202aca9fda0 23356       4       java.lang.Class::getAnnotation (22 bytes)
Event: 18.037 Thread 0x00000202acaa0440 23358   !   3       jdk.proxy4.$Proxy72::extension (29 bytes)
Event: 18.037 Thread 0x00000202acaa0440 nmethod 23358 0x00000202b2b1f390 code [0x00000202b2b1f560, 0x00000202b2b1f968]
Event: 18.038 Thread 0x00000202aca9fda0 nmethod 23356 0x00000202b9997010 code [0x00000202b9997240, 0x00000202b9997940]
Event: 18.038 Thread 0x00000202acaa0440 23359   !   3       jdk.proxy4.$Proxy72::value (29 bytes)
Event: 18.038 Thread 0x00000202acaa0440 nmethod 23359 0x00000202b2b1fb10 code [0x00000202b2b1fce0, 0x00000202b2b200e8]
Event: 18.040 Thread 0x00000202aca9fda0 23360       4       de.keksuccino.fancymenu.customization.element.elements.button.custombutton.ButtonElement::isCopyrightButton (61 bytes)
Event: 18.041 Thread 0x0000020718e29e40 23362       3       de.keksuccino.fancymenu.util.rendering.text.TextFormattingUtils::replaceFormattingCodes (381 bytes)
Event: 18.041 Thread 0x00000202acaa0440 23364       1       org.apache.commons.lang3.mutable.MutableFloat::floatValue (5 bytes)
Event: 18.041 Thread 0x00000202acaa0440 nmethod 23364 0x00000202b9997d10 code [0x00000202b9997ea0, 0x00000202b9997f68]
Event: 18.041 Thread 0x00000202aca9fda0 nmethod 23360 0x00000202b9998010 code [0x00000202b99981c0, 0x00000202b9998488]
Event: 18.041 Thread 0x00000202aca9fda0 23363       4       jdk.internal.misc.Unsafe::copyMemory (33 bytes)
Event: 18.041 Thread 0x00000202acaa0440 23365       1       net.minecraft.client.gui.components.AbstractWidget::getAlphaFancyMenu (5 bytes)
Event: 18.041 Thread 0x0000020718e2f6d0 23366       3       net.minecraft.client.gui.components.AbstractWidget::isGlobalLabelCustomizationTarget_FancyMenu (20 bytes)
Event: 18.041 Thread 0x00000202acb6ac20 23367       3       net.minecraft.client.gui.components.AbstractWidget::isSliderWidget_FancyMenu (5 bytes)
Event: 18.041 Thread 0x00000202acaa0440 nmethod 23365 0x00000202b9998590 code [0x00000202b9998720, 0x00000202b99987e8]
Event: 18.041 Thread 0x00000202acaa0440 23368       3       org.bytedeco.javacpp.ClassProperties::setProperty (53 bytes)
Event: 18.041 Thread 0x00000202acb6ac20 nmethod 23367 0x00000202b2b20290 code [0x00000202b2b20440, 0x00000202b2b20628]
Event: 18.042 Thread 0x00000202acb6ac20 23369       3       com.mojang.blaze3d.systems.RenderSystem::activeTexture (8 bytes)
Event: 18.042 Thread 0x0000020718e2f6d0 nmethod 23366 0x00000202b2b20690 code [0x00000202b2b20860, 0x00000202b2b20c60]
Event: 18.042 Thread 0x0000020718e2f6d0 23370       3       com.mojang.blaze3d.systems.RenderSystem::bindTexture (5 bytes)
Event: 18.042 Thread 0x0000020718e2f6d0 nmethod 23370 0x00000202b2b20d10 code [0x00000202b2b20ec0, 0x00000202b2b20fd8]
Event: 18.042 Thread 0x0000020718e2f6d0 23371       3       com.mojang.blaze3d.shaders.Uniform::uploadInteger (6 bytes)
Event: 18.042 Thread 0x00000202acaa0440 nmethod 23368 0x00000202b2b21090 code [0x00000202b2b21300, 0x00000202b2b21de8]
Event: 18.042 Thread 0x00000202acaa0440 23372       3       com.mojang.blaze3d.systems.RenderSystem::glUniform1i (9 bytes)
Event: 18.042 Thread 0x00000202acb6ac20 nmethod 23369 0x00000202b2b22110 code [0x00000202b2b223a0, 0x00000202b2b22e40]
Event: 18.042 Thread 0x0000020718e2f6d0 nmethod 23371 0x00000202b2b23190 code [0x00000202b2b233c0, 0x00000202b2b23b80]
Event: 18.042 Thread 0x00000202acb6ac20 23373       3       com.mojang.blaze3d.platform.GlStateManager::_glUniform1i (9 bytes)
Event: 18.042 Thread 0x0000020718e2f6d0 23374       3       org.lwjgl.opengl.GL20::glUniform1i (6 bytes)
Event: 18.042 Thread 0x0000020718e2f6d0 nmethod 23374 0x00000202b2b23e10 code [0x00000202b2b23fc0, 0x00000202b2b240d8]
Event: 18.042 Thread 0x00000202acb6ac20 nmethod 23373 0x00000202b2b24190 code [0x00000202b2b24380, 0x00000202b2b247e0]
Event: 18.042 Thread 0x00000202acaa0440 nmethod 23372 0x00000202b2b24990 code [0x00000202b2b24bc0, 0x00000202b2b25310]
Event: 18.043 Thread 0x00000202aca9fda0 nmethod 23363 0x00000202b9998890 code [0x00000202b9998a40, 0x00000202b9998f68]
Event: 18.043 Thread 0x00000202aca9fda0 23361       4       net.caffeinemc.mods.sodium.api.util.ColorABGR::pack (35 bytes)
Event: 18.043 Thread 0x00000202aca9fda0 nmethod 23361 0x00000202b9999310 code [0x00000202b9999480, 0x00000202b9999508]
Event: 18.043 Thread 0x00000202aca9fda0 23375       4       java.lang.System::checkKey (34 bytes)
Event: 18.043 Thread 0x00000202aca9fda0 nmethod 23375 0x00000202b9999610 code [0x00000202b99997a0, 0x00000202b9999898]
Event: 18.044 Thread 0x00000202acaa0440 23376       3       sun.reflect.annotation.AnnotationParser::parseArray (234 bytes)
Event: 18.045 Thread 0x00000202acaa0440 nmethod 23376 0x00000202b2b25590 code [0x00000202b2b25980, 0x00000202b2b26b58]
Event: 18.045 Thread 0x00000202acaa0440 23377   !   3       jdk.proxy4.$Proxy72::not (29 bytes)
Event: 18.045 Thread 0x00000202acb6ac20 23378   !   3       jdk.proxy4.$Proxy72::pattern (29 bytes)
Event: 18.045 Thread 0x00000202acaa0440 nmethod 23377 0x00000202b2b27010 code [0x00000202b2b271e0, 0x00000202b2b275e8]
Event: 18.046 Thread 0x00000202acb6ac20 nmethod 23378 0x00000202b2b27790 code [0x00000202b2b27960, 0x00000202b2b27d68]
Event: 18.047 Thread 0x00000202acb6ac20 23379   !   3       jdk.proxy4.$Proxy72::preload (29 bytes)
Event: 18.047 Thread 0x00000202acb6ac20 nmethod 23379 0x00000202b2b27f10 code [0x00000202b2b280e0, 0x00000202b2b284e8]
Event: 18.047 Thread 0x00000202aca9fda0 23380       4       java.io.WinNTFileSystem::prefixLength (91 bytes)
Event: 18.048 Thread 0x00000202aca9fda0 nmethod 23380 0x00000202b9999990 code [0x00000202b9999b80, 0x00000202b9999fe8]
Event: 18.051 Thread 0x0000020718e2f6d0 23381       3       javax.crypto.Cipher::checkCipherState (53 bytes)
Event: 18.051 Thread 0x0000020718e2f6d0 nmethod 23381 0x00000202b2b28690 code [0x00000202b2b28860, 0x00000202b2b28c78]
Event: 18.057 Thread 0x00000202aca9fda0 23382       4       org.apache.commons.lang3.CharSequenceUtils::indexOf (83 bytes)
Event: 18.058 Thread 0x00000202acb6ac20 23383       3       net.minecraft.util.StringDecomposer::iterateFormatted (255 bytes)
Event: 18.058 Thread 0x00000202acaa0440 23386       3       net.minecraft.client.gui.components.AbstractWidget::getWidgetFancyMenu (2 bytes)
Event: 18.059 Thread 0x00000202acaa0440 nmethod 23386 0x00000202b2b28d90 code [0x00000202b2b28f20, 0x00000202b2b29030]
Event: 18.059 Thread 0x00000202acaa0440 23389       3       it.unimi.dsi.fastutil.ints.IntArrays::mergeSort (173 bytes)
Event: 18.059 Thread 0x00000202aca9fda0 nmethod 23382 0x00000202b999a390 code [0x00000202b999a560, 0x00000202b999aa20]
Event: 18.059 Thread 0x00000202acb6ac20 nmethod 23383 0x00000202b2b29110 code [0x00000202b2b29580, 0x00000202b2b2b7e8]
Event: 18.059 Thread 0x00000202acaa0440 nmethod 23389 0x00000202b2b2c410 code [0x00000202b2b2c660, 0x00000202b2b2cee8]
Event: 18.059 Thread 0x00000202aca9fda0 23387       4       net.minecraft.client.gui.font.glyphs.BakedGlyph::write (52 bytes)
Event: 18.059 Thread 0x0000020718e2a510 23388       4       net.caffeinemc.mods.sodium.api.vertex.format.common.GlyphVertex::put (43 bytes)
Event: 18.060 Thread 0x0000020718e2a510 nmethod 23388 0x00000202b999ad10 code [0x00000202b999ae80, 0x00000202b999af10]
Event: 18.060 Thread 0x0000020718e2a510 23384       4       org.apache.commons.lang3.StringUtils::replace (8 bytes)
Event: 18.060 Thread 0x00000202aca9fda0 nmethod 23387 0x00000202b999b010 code [0x00000202b999b1a0, 0x00000202b999b2c8]
Event: 18.060 Thread 0x00000202aca9fda0 23385       4       org.apache.commons.lang3.StringUtils::replace (9 bytes)
Event: 18.064 Thread 0x0000020718e29e40 nmethod 23362 0x00000202b2b2d290 code [0x00000202b2b30d40, 0x00000202b2b53a18]
Event: 18.074 Thread 0x0000020718e29e40 23390       3       net.minecraft.client.renderer.EffectInstance::apply (177 bytes)
Event: 18.074 Thread 0x0000020718e2a510 nmethod 23384 0x00000202b999b510 code [0x00000202b999b880, 0x00000202b999dbc8]
Event: 18.075 Thread 0x0000020718e29e40 nmethod 23390 0x00000202b2b5f890 code [0x00000202b2b5fdc0, 0x00000202b2b625f0]
Event: 18.075 Thread 0x00000202aca9fda0 nmethod 23385 0x00000202b999ef90 code [0x00000202b999f300, 0x00000202b99a16b0]
Event: 18.076 Thread 0x00000202aca9fda0 23392       4       net.minecraft.client.gui.font.CodepointMap::computeIfAbsent (88 bytes)
Event: 18.076 Thread 0x00000202acaa0440 23393       3       org.joml.Matrix3f::set (83 bytes)
Event: 18.076 Thread 0x0000020718e29e40 23394       3       com.mojang.blaze3d.vertex.PoseStack::handler$boa000$fancymenu$after_pushPose_FancyMenu (133 bytes)
Event: 18.076 Thread 0x00000202acaa0440 nmethod 23393 0x00000202b2b63110 code [0x00000202b2b63320, 0x00000202b2b63a40]
Event: 18.076 Thread 0x00000202acb6ac20 23396       3       com.mojang.blaze3d.font.SpaceProvider::lambda$new$0 (5 bytes)
Event: 18.076 Thread 0x0000020718e2f6d0 23395       3       com.mojang.blaze3d.font.SpaceProvider$$Lambda/0x0000000081976238::getAdvance (8 bytes)
Event: 18.076 Thread 0x00000202acb6ac20 nmethod 23396 0x00000202b2b63e10 code [0x00000202b2b63fa0, 0x00000202b2b640b0]
Event: 18.076 Thread 0x0000020718e2f6d0 nmethod 23395 0x00000202b2b64190 code [0x00000202b2b64340, 0x00000202b2b64500]
Event: 18.077 Thread 0x0000020718e29e40 nmethod 23394 0x00000202b2b64610 code [0x00000202b2b64ac0, 0x00000202b2b67258]
Event: 18.077 Thread 0x00000202aca9fda0 nmethod 23392 0x00000202b99a2f10 code [0x00000202b99a3120, 0x00000202b99a3810]
Event: 18.090 Thread 0x0000020718e2a510 23397       4       de.keksuccino.fancymenu.customization.element.elements.button.vanillawidget.VanillaWidgetElement::updateWidgetNavigatable (1 bytes)
Event: 18.090 Thread 0x0000020718e2a510 nmethod 23397 0x00000202b99a3b90 code [0x00000202b99a3d20, 0x00000202b99a3d98]
Event: 18.091 Thread 0x0000020718e29e40 23398       3       net.minecraft.network.chat.Style::applyTo (206 bytes)
Event: 18.091 Thread 0x00000202acb6ac20 23399       3       net.minecraft.network.chat.Component::visit (101 bytes)
Event: 18.091 Thread 0x0000020718e2f6d0 23400       3       net.minecraft.util.StringDecomposer::iterate (140 bytes)
Event: 18.091 Thread 0x0000020718e29e40 nmethod 23398 0x00000202b2b67d90 code [0x00000202b2b67fe0, 0x00000202b2b689e8]
Event: 18.092 Thread 0x00000202acb6ac20 nmethod 23399 0x00000202b2b68c10 code [0x00000202b2b68ea0, 0x00000202b2b69a18]
Event: 18.092 Thread 0x0000020718e29e40 23401       3       java.lang.invoke.LambdaForm$MH/0x00000000805c8000::invoke (53 bytes)
Event: 18.092 Thread 0x0000020718e29e40 nmethod 23401 0x00000202b2b69e10 code [0x00000202b2b6a020, 0x00000202b2b6a818]
Event: 18.092 Thread 0x0000020718e2f6d0 nmethod 23400 0x00000202b2b6aa10 code [0x00000202b2b6ad80, 0x00000202b2b6c4a0]
Event: 18.107 Thread 0x0000020718e29e40 23402       3       de.keksuccino.fancymenu.events.widget.RenderWidgetEvent::<init> (20 bytes)
Event: 18.107 Thread 0x0000020718e29e40 nmethod 23402 0x00000202b2b6cc90 code [0x00000202b2b6ce40, 0x00000202b2b6d0f8]
Event: 18.114 Thread 0x0000020718e2f6d0 23403   !   3       jdk.proxy4.$Proxy72::cinclude (29 bytes)
Event: 18.114 Thread 0x0000020718e29e40 23404   !   3       jdk.proxy4.$Proxy72::link (29 bytes)
Event: 18.114 Thread 0x0000020718e2f6d0 nmethod 23403 0x00000202b2b6d210 code [0x00000202b2b6d3e0, 0x00000202b2b6d7e8]
Event: 18.114 Thread 0x0000020718e29e40 nmethod 23404 0x00000202b2b6d990 code [0x00000202b2b6db60, 0x00000202b2b6df68]
Event: 18.115 Thread 0x00000202acb6ac20 23405   !   3       java.lang.invoke.BoundMethodHandle$Species_L::copyWithExtendJ (31 bytes)
Event: 18.115 Thread 0x00000202acaa0440 23406       3       java.lang.invoke.DirectMethodHandle$Holder::invokeStatic (20 bytes)
Event: 18.115 Thread 0x0000020718e2f6d0 23407       3       java.lang.invoke.BoundMethodHandle$Species_LJ::make (12 bytes)
Event: 18.115 Thread 0x0000020718e29e40 23408       3       java.lang.invoke.BoundMethodHandle$Species_LJ::<init> (18 bytes)
Event: 18.115 Thread 0x00000202acaa0440 nmethod 23406 0x00000202b2b6e110 code [0x00000202b2b6e2e0, 0x00000202b2b6e7f0]
Event: 18.115 Thread 0x0000020718e29e40 nmethod 23408 0x00000202b2b6e910 code [0x00000202b2b6eac0, 0x00000202b2b6ed10]
Event: 18.115 Thread 0x0000020718e2f6d0 nmethod 23407 0x00000202b2b6ee10 code [0x00000202b2b6efc0, 0x00000202b2b6f248]
Event: 18.115 Thread 0x00000202acb6ac20 nmethod 23405 0x00000202b2b6f390 code [0x00000202b2b6f5e0, 0x00000202b2b700a0]
Event: 18.118 Thread 0x0000020718e2f6d0 23411   !   3       jdk.proxy4.$Proxy72::preloadpath (29 bytes)
Event: 18.118 Thread 0x00000202acaa0440 23412   !   3       jdk.proxy4.$Proxy72::compiler (29 bytes)
Event: 18.118 Thread 0x00000202acb6ac20 23413   !   3       jdk.proxy4.$Proxy72::includepath (29 bytes)
Event: 18.118 Thread 0x0000020718e2f6d0 nmethod 23411 0x00000202b2b70390 code [0x00000202b2b70560, 0x00000202b2b70968]
Event: 18.118 Thread 0x00000202acaa0440 nmethod 23412 0x00000202b2b70b10 code [0x00000202b2b70ce0, 0x00000202b2b710e8]
Event: 18.118 Thread 0x00000202acb6ac20 nmethod 23413 0x00000202b2b71290 code [0x00000202b2b71460, 0x00000202b2b71868]
Event: 18.119 Thread 0x0000020718e2a510 23414       4       sun.util.calendar.ZoneInfo::getTransitionIndex (156 bytes)
Event: 18.120 Thread 0x0000020718e2a510 nmethod 23414 0x00000202b99a4690 code [0x00000202b99a4840, 0x00000202b99a4c38]
Event: 18.124 Thread 0x00000202acaa0440 23415       3       com.mojang.blaze3d.systems.RenderSystem::enableCull (7 bytes)
Event: 18.124 Thread 0x0000020718e29e40 23416       3       com.mojang.blaze3d.platform.GlStateManager::_enableCull (13 bytes)
Event: 18.125 Thread 0x0000020718e29e40 nmethod 23416 0x00000202b2b71a10 code [0x00000202b2b71c00, 0x00000202b2b720c8]
Event: 18.125 Thread 0x00000202acaa0440 nmethod 23415 0x00000202b2b72290 code [0x00000202b2b724e0, 0x00000202b2b72c90]
Event: 18.125 Thread 0x00000202aca9fda0 23417       4       java.lang.Float::parseFloat (5 bytes)
Event: 18.125 Thread 0x0000020718e29e40 23418       3       com.ibm.icu.text.BidiRun::<init> (20 bytes)
Event: 18.125 Thread 0x0000020718e29e40 nmethod 23418 0x00000202b2b72f10 code [0x00000202b2b730c0, 0x00000202b2b73230]
Event: 18.125 Thread 0x0000020718e2f6d0 23419       3       de.keksuccino.fancymenu.util.rendering.ui.widget.button.ExtendedButton::setLabel (22 bytes)
Event: 18.125 Thread 0x0000020718e29e40 23420       3       de.keksuccino.fancymenu.util.rendering.ui.widget.button.ExtendedButton$$Lambda/0x0000000081cbd838::<init> (10 bytes)
Event: 18.125 Thread 0x0000020718e29e40 nmethod 23420 0x00000202b2b73310 code [0x00000202b2b734c0, 0x00000202b2b736a0]
Event: 18.125 Thread 0x0000020718e2a510 23421       4       com.mojang.blaze3d.shaders.Uniform::upload (79 bytes)
Event: 18.126 Thread 0x0000020718e2f6d0 nmethod 23419 0x00000202b2b73790 code [0x00000202b2b739a0, 0x00000202b2b740f8]
Event: 18.126 Thread 0x00000202aca9fda0 nmethod 23417 0x00000202b99a4e90 code [0x00000202b99a5040, 0x00000202b99a5140]
Event: 18.127 Thread 0x0000020718e2f6d0 23422       1       org.watermedia.api.media.players.util.MasterClock::pauseRequested (5 bytes)
Event: 18.127 Thread 0x0000020718e2a510 nmethod 23421 0x00000202b99a5290 code [0x00000202b99a54a0, 0x00000202b99a58e0]
Event: 18.127 Thread 0x0000020718e2f6d0 nmethod 23422 0x00000202b99a6110 code [0x00000202b99a62a0, 0x00000202b99a6370]
Event: 18.128 Thread 0x00000202acb6ac20 23428       1       jdk.internal.event.ThreadSleepEvent::isEnabled (2 bytes)
Event: 18.128 Thread 0x00000202acb6ac20 nmethod 23428 0x00000202b99a7b10 code [0x00000202b99a7ca0, 0x00000202b99a7d68]
Event: 18.128 Thread 0x0000020718e29e40 23430   !   3       org.watermedia.api.media.players.util.MasterClock::consumeSeek (38 bytes)
Event: 18.128 Thread 0x0000020718e2f6d0 23431       3       org.watermedia.api.media.players.util.PacketQueue$Entry::<init> (15 bytes)
Event: 18.128 Thread 0x0000020718e2f6d0 nmethod 23431 0x00000202b2b74390 code [0x00000202b2b74540, 0x00000202b2b74720]
Event: 18.129 Thread 0x0000020718e29e40 nmethod 23430 0x00000202b2b74810 code [0x00000202b2b74a80, 0x00000202b2b75568]
Event: 18.131 Thread 0x0000020718e29e40 23432   !   3       org.watermedia.api.media.players.util.PacketQueue::tryPut (99 bytes)
Event: 18.131 Thread 0x0000020718e29e40 nmethod 23432 0x00000202b2b75890 code [0x00000202b2b75ac0, 0x00000202b2b76228]
Event: 18.133 Thread 0x0000020718e29e40 23433       3       org.watermedia.api.media.players.FFMediaPlayer$1::call (16 bytes)
Event: 18.133 Thread 0x0000020718e29e40 nmethod 23433 0x00000202b2b76590 code [0x00000202b2b76740, 0x00000202b2b76900]
Event: 18.133 Thread 0x00000202acb6ac20 23434   !   3       org.watermedia.api.media.players.util.PacketQueue::put (132 bytes)
Event: 18.133 Thread 0x00000202acb6ac20 nmethod 23434 0x00000202b2b76990 code [0x00000202b2b76c20, 0x00000202b2b776c0]
Event: 18.140 Thread 0x00000202aca9fda0 23435       4       java.math.BigInteger::multiply (9 bytes)
Event: 18.140 Thread 0x0000020718e2a510 23436       4       java.math.BigInteger::multiply (244 bytes)
Event: 18.141 Thread 0x00000202acaa0440 23437       3       net.minecraft.util.StringDecomposer::iterateFormatted (9 bytes)
Event: 18.141 Thread 0x00000202acaa0440 nmethod 23437 0x00000202b2b77c10 code [0x00000202b2b77dc0, 0x00000202b2b77ee8]
Event: 18.142 Thread 0x00000202acaa0440 23438       3       net.minecraft.network.chat.contents.PlainTextContents$LiteralContents::visit (12 bytes)
Event: 18.142 Thread 0x00000202acaa0440 nmethod 23438 0x00000202b2b77f90 code [0x00000202b2b78140, 0x00000202b2b78350]
Event: 18.142 Thread 0x00000202acb6ac20 23440       3       de.keksuccino.fancymenu.customization.element.elements.button.custombutton.ButtonElement::updateWidgetActiveState (23 bytes)
Event: 18.142 Thread 0x0000020718e29e40 23441       3       de.keksuccino.fancymenu.customization.element.elements.button.custombutton.ButtonElement::updateWidgetLabels (82 bytes)
Event: 18.142 Thread 0x00000202acaa0440 23442   !   3       de.keksuccino.fancymenu.customization.element.AbstractElement::buildComponent (61 bytes)
Event: 18.142 Thread 0x0000020718e2f6d0 23443       3       de.keksuccino.fancymenu.util.rendering.ui.widget.button.ExtendedButton::setMessage (7 bytes)
Event: 18.142 Thread 0x00000202acb6ac20 nmethod 23440 0x00000202b2b78410 code [0x00000202b2b78640, 0x00000202b2b78ee8]
Event: 18.142 Thread 0x0000020718e2f6d0 nmethod 23443 0x00000202b2b79090 code [0x00000202b2b792a0, 0x00000202b2b79a90]
Event: 18.142 Thread 0x00000202acb6ac20 23444       3       de.keksuccino.fancymenu.util.rendering.ui.widget.button.ExtendedButton::setIconNormal (7 bytes)
Event: 18.142 Thread 0x0000020718e2f6d0 23445       3       de.keksuccino.fancymenu.util.rendering.ui.widget.button.ExtendedButton::setIconHover (7 bytes)
Event: 18.143 Thread 0x00000202acb6ac20 nmethod 23444 0x00000202b2b79d10 code [0x00000202b2b79ec0, 0x00000202b2b7a050]
Event: 18.143 Thread 0x0000020718e2f6d0 nmethod 23445 0x00000202b2b7a110 code [0x00000202b2b7a2c0, 0x00000202b2b7a450]
Event: 18.143 Thread 0x00000202acb6ac20 23446       3       de.keksuccino.fancymenu.util.rendering.ui.widget.button.ExtendedButton::setIconInactive (7 bytes)
Event: 18.143 Thread 0x0000020718e2f6d0 23447       3       de.keksuccino.fancymenu.customization.element.elements.button.custombutton.ButtonElement::updateWidgetSize (36 bytes)
Event: 18.143 Thread 0x00000202acb6ac20 nmethod 23446 0x00000202b2b7a510 code [0x00000202b2b7a6c0, 0x00000202b2b7a850]
Event: 18.143 Thread 0x00000202acb6ac20 23448       3       de.keksuccino.fancymenu.customization.element.elements.button.custombutton.ButtonElement::updateWidgetPosition (31 bytes)
Event: 18.143 Thread 0x00000202acaa0440 nmethod 23442 0x00000202b2b7a910 code [0x00000202b2b7ac40, 0x00000202b2b7bbb8]
Event: 18.143 Thread 0x00000202acaa0440 23449       3       de.keksuccino.fancymenu.customization.element.elements.button.custombutton.ButtonElement::updateWidgetNavigatable (28 bytes)
Event: 18.143 Thread 0x0000020718e29e40 nmethod 23441 0x00000202b2b7c110 code [0x00000202b2b7c4a0, 0x00000202b2b7e260]
Event: 18.143 Thread 0x00000202acaa0440 nmethod 23449 0x00000202b2b7e790 code [0x00000202b2b7e980, 0x00000202b2b7f0f8]
Event: 18.143 Thread 0x00000202acb6ac20 nmethod 23448 0x00000202b2b7f290 code [0x00000202b2b7f500, 0x00000202b2b80320]
Event: 18.143 Thread 0x0000020718e2f6d0 nmethod 23447 0x00000202b2b80590 code [0x00000202b2b80800, 0x00000202b2b81740]
Event: 18.149 Thread 0x0000020718e2a510 nmethod 23436 0x00000202b99a7e10 code [0x00000202b99a8060, 0x00000202b99a8f10]
Event: 18.150 Thread 0x0000020718e2a510 23439   !   4       java.nio.DirectIntBufferU::put (37 bytes)
Event: 18.150 Thread 0x00000202aca9fda0 nmethod 23435 0x00000202b99a9690 code [0x00000202b99a98e0, 0x00000202b99aa738]
Event: 18.150 Thread 0x00000202aca9fda0 23450       4       org.joml.Matrix4f::translate (25 bytes)
Event: 18.150 Thread 0x0000020718e2a510 nmethod 23439 0x00000202b99aae90 code [0x00000202b99ab020, 0x00000202b99ab180]
Event: 18.151 Thread 0x00000202aca9fda0 nmethod 23450 0x00000202b99ab310 code [0x00000202b99ab4a0, 0x00000202b99ab5d0]
Event: 18.153 Thread 0x0000020718e2f6d0 23451       1       org.watermedia.api.media.players.util.MasterClock::status (5 bytes)
Event: 18.153 Thread 0x0000020718e2f6d0 nmethod 23451 0x00000202b99ab790 code [0x00000202b99ab920, 0x00000202b99aba18]
Event: 18.159 Thread 0x00000202acaa0440 23452       1       org.watermedia.api.media.players.util.MasterClock::serial (5 bytes)
Event: 18.159 Thread 0x00000202acaa0440 nmethod 23452 0x00000202b99aba90 code [0x00000202b99abc20, 0x00000202b99abce8]
Event: 18.164 Thread 0x00000202acaa0440 23453       3       org.lwjgl.opengl.GL11::glBindTexture (6 bytes)
Event: 18.164 Thread 0x00000202acaa0440 nmethod 23453 0x00000202b2b81a10 code [0x00000202b2b81bc0, 0x00000202b2b81cd8]
Event: 18.164 Thread 0x0000020718e2a510 23454       4       de.keksuccino.fancymenu.customization.placeholder.PlaceholderParser::replacePlaceholders (312 bytes)

GC Heap History (24 events):
Event: 0.498 GC heap before
{Heap before GC invocations=0 (full 0):
 ZHeap           used 86M, capacity 256M, max capacity 16384M
 Metaspace       used 21153K, committed 21568K, reserved 1114112K
  class space    used 2154K, committed 2304K, reserved 1048576K
}
Event: 0.515 GC heap after
{Heap after GC invocations=1 (full 1):
 ZHeap           used 68M, capacity 256M, max capacity 16384M
 Metaspace       used 21478K, committed 21888K, reserved 1114112K
  class space    used 2184K, committed 2368K, reserved 1048576K
}
Event: 0.515 GC heap before
{Heap before GC invocations=1 (full 1):
 ZHeap           used 68M, capacity 256M, max capacity 16384M
 Metaspace       used 21478K, committed 21888K, reserved 1114112K
  class space    used 2184K, committed 2368K, reserved 1048576K
}
Event: 0.536 GC heap after
{Heap after GC invocations=1 (full 1):
 ZHeap           used 72M, capacity 256M, max capacity 16384M
 Metaspace       used 21822K, committed 22272K, reserved 1114112K
  class space    used 2237K, committed 2432K, reserved 1048576K
}
Event: 1.815 GC heap before
{Heap before GC invocations=1 (full 1):
 ZHeap           used 492M, capacity 492M, max capacity 16384M
 Metaspace       used 36529K, committed 37120K, reserved 1114112K
  class space    used 3857K, committed 4096K, reserved 1048576K
}
Event: 1.897 GC heap after
{Heap after GC invocations=2 (full 2):
 ZHeap           used 230M, capacity 574M, max capacity 16384M
 Metaspace       used 36997K, committed 37632K, reserved 1114112K
  class space    used 3894K, committed 4160K, reserved 1048576K
}
Event: 1.897 GC heap before
{Heap before GC invocations=2 (full 2):
 ZHeap           used 230M, capacity 574M, max capacity 16384M
 Metaspace       used 36997K, committed 37632K, reserved 1114112K
  class space    used 3894K, committed 4160K, reserved 1048576K
}
Event: 1.925 GC heap after
{Heap after GC invocations=2 (full 2):
 ZHeap           used 238M, capacity 574M, max capacity 16384M
 Metaspace       used 37009K, committed 37632K, reserved 1114112K
  class space    used 3894K, committed 4160K, reserved 1048576K
}
Event: 2.531 GC heap before
{Heap before GC invocations=2 (full 2):
 ZHeap           used 1676M, capacity 1676M, max capacity 16384M
 Metaspace       used 41730K, committed 42624K, reserved 1114112K
  class space    used 4575K, committed 4992K, reserved 1048576K
}
Event: 2.605 GC heap after
{Heap after GC invocations=3 (full 3):
 ZHeap           used 558M, capacity 1960M, max capacity 16384M
 Metaspace       used 41731K, committed 42624K, reserved 1114112K
  class space    used 4575K, committed 4992K, reserved 1048576K
}
Event: 2.605 GC heap before
{Heap before GC invocations=3 (full 3):
 ZHeap           used 558M, capacity 1960M, max capacity 16384M
 Metaspace       used 41731K, committed 42624K, reserved 1114112K
  class space    used 4575K, committed 4992K, reserved 1048576K
}
Event: 2.630 GC heap after
{Heap after GC invocations=3 (full 3):
 ZHeap           used 648M, capacity 1960M, max capacity 16384M
 Metaspace       used 41731K, committed 42624K, reserved 1114112K
  class space    used 4575K, committed 4992K, reserved 1048576K
}
Event: 5.455 GC heap before
{Heap before GC invocations=3 (full 3):
 ZHeap           used 3278M, capacity 3278M, max capacity 16384M
 Metaspace       used 67281K, committed 68544K, reserved 1114112K
  class space    used 8019K, committed 8640K, reserved 1048576K
}
Event: 5.566 GC heap after
{Heap after GC invocations=4 (full 4):
 ZHeap           used 448M, capacity 3372M, max capacity 16384M
 Metaspace       used 69152K, committed 70400K, reserved 1114112K
  class space    used 8306K, committed 8896K, reserved 1048576K
}
Event: 5.566 GC heap before
{Heap before GC invocations=4 (full 4):
 ZHeap           used 448M, capacity 3372M, max capacity 16384M
 Metaspace       used 69152K, committed 70400K, reserved 1114112K
  class space    used 8306K, committed 8896K, reserved 1048576K
}
Event: 5.598 GC heap after
{Heap after GC invocations=4 (full 4):
 ZHeap           used 480M, capacity 3372M, max capacity 16384M
 Metaspace       used 69443K, committed 70720K, reserved 1114112K
  class space    used 8372K, committed 8960K, reserved 1048576K
}
Event: 7.972 GC heap before
{Heap before GC invocations=4 (full 4):
 ZHeap           used 2704M, capacity 3372M, max capacity 16384M
 Metaspace       used 116280K, committed 117888K, reserved 1179648K
  class space    used 17051K, committed 17792K, reserved 1048576K
}
Event: 8.512 GC heap after
{Heap after GC invocations=5 (full 5):
 ZHeap           used 1270M, capacity 3594M, max capacity 16384M
 Metaspace       used 137439K, committed 139328K, reserved 1179648K
  class space    used 21845K, committed 22784K, reserved 1048576K
}
Event: 8.512 GC heap before
{Heap before GC invocations=5 (full 5):
 ZHeap           used 1270M, capacity 3594M, max capacity 16384M
 Metaspace       used 137439K, committed 139328K, reserved 1179648K
  class space    used 21845K, committed 22784K, reserved 1048576K
}
Event: 8.558 GC heap after
{Heap after GC invocations=5 (full 5):
 ZHeap           used 1270M, capacity 3594M, max capacity 16384M
 Metaspace       used 137439K, committed 139328K, reserved 1179648K
  class space    used 21845K, committed 22784K, reserved 1048576K
}
Event: 10.889 GC heap before
{Heap before GC invocations=5 (full 5):
 ZHeap           used 4918M, capacity 4918M, max capacity 16384M
 Metaspace       used 140607K, committed 142528K, reserved 1179648K
  class space    used 22281K, committed 23232K, reserved 1048576K
}
Event: 11.006 GC heap after
{Heap after GC invocations=6 (full 6):
 ZHeap           used 496M, capacity 4980M, max capacity 16384M
 Metaspace       used 142052K, committed 143936K, reserved 1179648K
  class space    used 22568K, committed 23488K, reserved 1048576K
}
Event: 11.006 GC heap before
{Heap before GC invocations=6 (full 6):
 ZHeap           used 496M, capacity 4980M, max capacity 16384M
 Metaspace       used 142052K, committed 143936K, reserved 1179648K
  class space    used 22568K, committed 23488K, reserved 1048576K
}
Event: 11.081 GC heap after
{Heap after GC invocations=6 (full 6):
 ZHeap           used 534M, capacity 4980M, max capacity 16384M
 Metaspace       used 143219K, committed 145152K, reserved 1179648K
  class space    used 22845K, committed 23808K, reserved 1048576K
}

Dll operation events (76 events):
Event: 0.003 Loaded shared library C:\Games\Minecraft\Install\runtime\java-runtime-delta\windows-x64\java-runtime-delta\bin\java.dll
Event: 0.005 Loaded shared library KernelBase
Event: 0.028 Loaded shared library C:\Games\Minecraft\Install\runtime\java-runtime-delta\windows-x64\java-runtime-delta\bin\zip.dll
Event: 0.053 Loaded shared library C:\Games\Minecraft\Install\runtime\java-runtime-delta\windows-x64\java-runtime-delta\bin\jsvml.dll
Event: 0.111 Loaded shared library C:\Games\Minecraft\Install\runtime\java-runtime-delta\windows-x64\java-runtime-delta\bin\net.dll
Event: 0.112 Loaded shared library C:\Games\Minecraft\Install\runtime\java-runtime-delta\windows-x64\java-runtime-delta\bin\nio.dll
Event: 0.115 Loaded shared library C:\Games\Minecraft\Install\runtime\java-runtime-delta\windows-x64\java-runtime-delta\bin\zip.dll
Event: 0.143 Loaded shared library C:\Games\Minecraft\Install\runtime\java-runtime-delta\windows-x64\java-runtime-delta\bin\instrument.dll
Event: 0.205 Loaded shared library C:\Games\Minecraft\Install\runtime\java-runtime-delta\windows-x64\java-runtime-delta\bin\jimage.dll
Event: 0.329 Loaded shared library C:\Games\Minecraft\Install\runtime\java-runtime-delta\windows-x64\java-runtime-delta\bin\management.dll
Event: 0.330 Loaded shared library C:\Games\Minecraft\Install\runtime\java-runtime-delta\windows-x64\java-runtime-delta\bin\management_ext.dll
Event: 0.545 Loaded shared library C:\Games\Minecraft\Install\runtime\java-runtime-delta\windows-x64\java-runtime-delta\bin\verify.dll
Event: 1.433 Loaded shared library C:\Games\Minecraft\Install\versions\neoforge-21.1.233\neoforge-21.1.233-natives-34356560489400\lwjgl.dll
Event: 1.629 Loaded shared library C:\Games\Minecraft\Install\versions\neoforge-21.1.233\neoforge-21.1.233-natives-34356560489400\lwjgl_opengl.dll
Event: 4.028 Loaded shared library C:\Games\Minecraft\Install\versions\neoforge-21.1.233\neoforge-21.1.233-natives-34356560489400\jna6298404135648689263.dll
Event: 4.035 Loaded shared library C:\Users\Max\AppData\Local\Temp\discord-rpc\discord-rpc.dll
Event: 4.564 Loaded shared library C:\Games\Minecraft\Install\versions\neoforge-21.1.233\neoforge-21.1.233-natives-34356560489400\jna16896023759962214195.dll
Event: 7.622 Loaded shared library C:\Games\Minecraft\Install\runtime\java-runtime-delta\windows-x64\java-runtime-delta\bin\sunmscapi.dll
Event: 7.635 Loaded shared library C:\Games\Minecraft\Install\runtime\java-runtime-delta\windows-x64\java-runtime-delta\bin\extnet.dll
Event: 7.789 Loaded shared library C:\Games\Minecraft\Install\versions\neoforge-21.1.233\neoforge-21.1.233-natives-34356560489400\lwjgl_stb.dll
Event: 8.203 Loaded shared library C:\Games\Minecraft\Install\runtime\java-runtime-delta\windows-x64\java-runtime-delta\bin\awt.dll
Event: 9.223 Loaded shared library C:\Program Files (x86)\Windows Kits\10\Redist\ucrt\DLLs\x64\api-ms-win-crt-locale-l1-1-0.dll
Event: 9.225 Loaded shared library C:\Program Files (x86)\Windows Kits\10\Redist\ucrt\DLLs\x64\api-ms-win-crt-string-l1-1-0.dll
Event: 9.227 Loaded shared library C:\Program Files (x86)\Windows Kits\10\Redist\ucrt\DLLs\x64\api-ms-win-crt-stdio-l1-1-0.dll
Event: 9.230 Loaded shared library C:\Program Files (x86)\Windows Kits\10\Redist\ucrt\DLLs\x64\api-ms-win-crt-math-l1-1-0.dll
Event: 9.234 Loaded shared library C:\Program Files (x86)\Windows Kits\10\Redist\ucrt\DLLs\x64\api-ms-win-crt-heap-l1-1-0.dll
Event: 9.238 Loaded shared library C:\Program Files (x86)\Windows Kits\10\Redist\ucrt\DLLs\x64\api-ms-win-crt-runtime-l1-1-0.dll
Event: 9.243 Loaded shared library C:\Program Files (x86)\Windows Kits\10\Redist\ucrt\DLLs\x64\api-ms-win-crt-convert-l1-1-0.dll
Event: 9.248 Loaded shared library C:\Program Files (x86)\Windows Kits\10\Redist\ucrt\DLLs\x64\api-ms-win-crt-environment-l1-1-0.dll
Event: 9.254 Loaded shared library C:\Program Files (x86)\Windows Kits\10\Redist\ucrt\DLLs\x64\api-ms-win-crt-time-l1-1-0.dll
Event: 9.260 Loaded shared library C:\Program Files (x86)\Windows Kits\10\Redist\ucrt\DLLs\x64\api-ms-win-crt-filesystem-l1-1-0.dll
Event: 9.267 Loaded shared library C:\Program Files (x86)\Windows Kits\10\Redist\ucrt\DLLs\x64\api-ms-win-crt-utility-l1-1-0.dll
Event: 9.274 Loaded shared library C:\Program Files (x86)\Windows Kits\10\Redist\ucrt\DLLs\x64\api-ms-win-crt-multibyte-l1-1-0.dll
Event: 9.282 Loaded shared library C:\Program Files (x86)\Windows Kits\10\Redist\ucrt\DLLs\x64\api-ms-win-crt-conio-l1-1-0.dll
Event: 9.290 Loaded shared library C:\Program Files (x86)\Windows Kits\10\Redist\ucrt\DLLs\x64\api-ms-win-crt-private-l1-1-0.dll
Event: 9.299 Loaded shared library C:\Program Files (x86)\Windows Kits\10\Redist\ucrt\DLLs\x64\api-ms-win-crt-process-l1-1-0.dll
Event: 9.308 Loaded shared library C:\Games\Minecraft\Install\runtime\java-runtime-delta\windows-x64\java-runtime-delta\bin\api-ms-win-core-console-l1-2-0.dll
Event: 9.318 Loaded shared library C:\Program Files (x86)\Windows Kits\10\Redist\ucrt\DLLs\x64\api-ms-win-core-string-l1-1-0.dll
Event: 9.329 Loaded shared library C:\Program Files (x86)\Windows Kits\10\Redist\ucrt\DLLs\x64\api-ms-win-core-errorhandling-l1-1-0.dll
Event: 9.339 Loaded shared library C:\Program Files (x86)\Windows Kits\10\Redist\ucrt\DLLs\x64\api-ms-win-core-timezone-l1-1-0.dll
Event: 9.351 Loaded shared library C:\Program Files (x86)\Windows Kits\10\Redist\ucrt\DLLs\x64\api-ms-win-core-file-l1-1-0.dll
Event: 9.363 Loaded shared library C:\Program Files (x86)\Windows Kits\10\Redist\ucrt\DLLs\x64\api-ms-win-core-namedpipe-l1-1-0.dll
Event: 9.375 Loaded shared library C:\Program Files (x86)\Windows Kits\10\Redist\ucrt\DLLs\x64\api-ms-win-core-handle-l1-1-0.dll
Event: 9.388 Loaded shared library C:\Program Files (x86)\Windows Kits\10\Redist\ucrt\DLLs\x64\api-ms-win-core-file-l2-1-0.dll
Event: 9.401 Loaded shared library C:\Program Files (x86)\Windows Kits\10\Redist\ucrt\DLLs\x64\api-ms-win-core-heap-l1-1-0.dll
Event: 9.416 Loaded shared library C:\Program Files (x86)\Windows Kits\10\Redist\ucrt\DLLs\x64\api-ms-win-core-libraryloader-l1-1-0.dll
Event: 9.430 Loaded shared library C:\Program Files (x86)\Windows Kits\10\Redist\ucrt\DLLs\x64\api-ms-win-core-synch-l1-1-0.dll
Event: 9.445 Loaded shared library C:\Program Files (x86)\Windows Kits\10\Redist\ucrt\DLLs\x64\api-ms-win-core-processthreads-l1-1-0.dll
Event: 9.462 Loaded shared library C:\Program Files (x86)\Windows Kits\10\Redist\ucrt\DLLs\x64\api-ms-win-core-processenvironment-l1-1-0.dll
Event: 9.478 Loaded shared library C:\Program Files (x86)\Windows Kits\10\Redist\ucrt\DLLs\x64\api-ms-win-core-datetime-l1-1-0.dll
Event: 9.495 Loaded shared library C:\Program Files (x86)\Windows Kits\10\Redist\ucrt\DLLs\x64\api-ms-win-core-localization-l1-2-0.dll
Event: 9.512 Loaded shared library C:\Program Files (x86)\Windows Kits\10\Redist\ucrt\DLLs\x64\api-ms-win-core-sysinfo-l1-1-0.dll
Event: 9.529 Loaded shared library C:\Program Files (x86)\Windows Kits\10\Redist\ucrt\DLLs\x64\api-ms-win-core-synch-l1-2-0.dll
Event: 9.547 Loaded shared library C:\Program Files (x86)\Windows Kits\10\Redist\ucrt\DLLs\x64\api-ms-win-core-console-l1-1-0.dll
Event: 9.566 Loaded shared library C:\Program Files (x86)\Windows Kits\10\Redist\ucrt\DLLs\x64\api-ms-win-core-debug-l1-1-0.dll
Event: 9.587 Loaded shared library C:\Program Files (x86)\Windows Kits\10\Redist\ucrt\DLLs\x64\api-ms-win-core-rtlsupport-l1-1-0.dll
Event: 9.607 Loaded shared library C:\Program Files (x86)\Windows Kits\10\Redist\ucrt\DLLs\x64\api-ms-win-core-processthreads-l1-1-1.dll
Event: 9.627 Loaded shared library C:\Program Files (x86)\Windows Kits\10\Redist\ucrt\DLLs\x64\api-ms-win-core-file-l1-2-0.dll
Event: 9.648 Loaded shared library C:\Program Files (x86)\Windows Kits\10\Redist\ucrt\DLLs\x64\api-ms-win-core-profile-l1-1-0.dll
Event: 9.669 Loaded shared library C:\Program Files (x86)\Windows Kits\10\Redist\ucrt\DLLs\x64\api-ms-win-core-memory-l1-1-0.dll
Event: 9.691 Loaded shared library C:\Program Files (x86)\Windows Kits\10\Redist\ucrt\DLLs\x64\api-ms-win-core-util-l1-1-0.dll
Event: 9.713 Loaded shared library C:\Program Files (x86)\Windows Kits\10\Redist\ucrt\DLLs\x64\api-ms-win-core-interlocked-l1-1-0.dll
Event: 9.734 Loaded shared library C:\Program Files (x86)\Windows Kits\10\Redist\ucrt\DLLs\x64\ucrtbase.dll
Event: 9.755 Loaded shared library C:\Games\Minecraft\Install\runtime\java-runtime-delta\windows-x64\java-runtime-delta\bin\vcruntime140.dll
Event: 9.778 Loaded shared library C:\Games\Minecraft\Install\runtime\java-runtime-delta\windows-x64\java-runtime-delta\bin\vcruntime140_1.dll
Event: 9.824 Loaded shared library C:\Games\Minecraft\Install\runtime\java-runtime-delta\windows-x64\java-runtime-delta\bin\msvcp140.dll
Event: 10.143 Loaded shared library C:\Users\Max\AppData\Local\Temp\watermedia\ffmpeg\avutil-60.dll
Event: 10.351 Loaded shared library C:\Users\Max\AppData\Local\Temp\watermedia\ffmpeg\jniavutil.dll
Event: 10.375 Loaded shared library C:\Users\Max\AppData\Local\Temp\watermedia\ffmpeg\swresample-6.dll
Event: 10.384 Loaded shared library C:\Users\Max\AppData\Local\Temp\watermedia\ffmpeg\jniswresample.dll
Event: 10.394 Loaded shared library C:\Users\Max\AppData\Local\Temp\watermedia\ffmpeg\avcodec-62.dll
Event: 10.405 Loaded shared library C:\Users\Max\AppData\Local\Temp\watermedia\ffmpeg\jniavcodec.dll
Event: 10.414 Loaded shared library C:\Users\Max\AppData\Local\Temp\watermedia\ffmpeg\avformat-62.dll
Event: 10.424 Loaded shared library C:\Users\Max\AppData\Local\Temp\watermedia\ffmpeg\jniavformat.dll
Event: 10.431 Loaded shared library C:\Users\Max\AppData\Local\Temp\watermedia\ffmpeg\swscale-9.dll
Event: 10.441 Loaded shared library C:\Users\Max\AppData\Local\Temp\watermedia\ffmpeg\jniswscale.dll

Deoptimization events (250 events):
Event: 16.891 Thread 0x00000202ace20540 Uncommon trap: trap_request=0xffffff45 fr.pc=0x00000202b93ebff0 relative=0x0000000000000150
Event: 16.891 Thread 0x00000202ace20540 Uncommon trap: reason=unstable_if action=reinterpret pc=0x00000202b93ebff0 method=java.util.AbstractList$RandomAccessSpliterator.<init>(Ljava/util/List;)V @ 45 c2
Event: 16.891 Thread 0x00000202ace20540 DEOPT PACKING pc=0x00000202b93ebff0 sp=0x0000001fa54fdf20
Event: 16.891 Thread 0x00000202ace20540 DEOPT UNPACKING pc=0x00000202b7de73a2 sp=0x0000001fa54fde50 mode 2
Event: 16.891 Thread 0x00000202ace20540 Uncommon trap: trap_request=0xffffff45 fr.pc=0x00000202b948941c relative=0x00000000000000dc
Event: 16.891 Thread 0x00000202ace20540 Uncommon trap: reason=unstable_if action=reinterpret pc=0x00000202b948941c method=java.util.AbstractList$RandomAccessSpliterator.getFence()I @ 18 c2
Event: 16.891 Thread 0x00000202ace20540 DEOPT PACKING pc=0x00000202b948941c sp=0x0000001fa54fdd50
Event: 16.891 Thread 0x00000202ace20540 DEOPT UNPACKING pc=0x00000202b7de73a2 sp=0x0000001fa54fdc88 mode 2
Event: 16.891 Thread 0x00000202ace20540 Uncommon trap: trap_request=0xffffff76 fr.pc=0x00000202b93ec6d8 relative=0x0000000000000358
Event: 16.891 Thread 0x00000202ace20540 Uncommon trap: reason=predicate action=maybe_recompile pc=0x00000202b93ec6d8 method=java.util.AbstractList$RandomAccessSpliterator.forEachRemaining(Ljava/util/function/Consumer;)V @ 29 c2
Event: 16.891 Thread 0x00000202ace20540 DEOPT PACKING pc=0x00000202b93ec6d8 sp=0x0000001fa54fdd50
Event: 16.891 Thread 0x00000202ace20540 DEOPT UNPACKING pc=0x00000202b7de73a2 sp=0x0000001fa54fdcf0 mode 2
Event: 16.892 Thread 0x00000202ace20540 Uncommon trap: trap_request=0xffffff45 fr.pc=0x00000202b93ee554 relative=0x00000000000000b4
Event: 16.892 Thread 0x00000202ace20540 Uncommon trap: reason=unstable_if action=reinterpret pc=0x00000202b93ee554 method=java.util.AbstractList$RandomAccessSpliterator.<init>(Ljava/util/List;)V @ 45 c2
Event: 16.892 Thread 0x00000202ace20540 DEOPT PACKING pc=0x00000202b93ee554 sp=0x0000001fa54fdeb0
Event: 16.892 Thread 0x00000202ace20540 DEOPT UNPACKING pc=0x00000202b7de73a2 sp=0x0000001fa54fde48 mode 2
Event: 16.892 Thread 0x00000202ace20540 Uncommon trap: trap_request=0xffffff45 fr.pc=0x00000202b878c790 relative=0x00000000000000d0
Event: 16.892 Thread 0x00000202ace20540 Uncommon trap: reason=unstable_if action=reinterpret pc=0x00000202b878c790 method=java.util.AbstractList$RandomAccessSpliterator.getFence()I @ 18 c2
Event: 16.892 Thread 0x00000202ace20540 DEOPT PACKING pc=0x00000202b878c790 sp=0x0000001fa54fdcf0
Event: 16.892 Thread 0x00000202ace20540 DEOPT UNPACKING pc=0x00000202b7de73a2 sp=0x0000001fa54fdc80 mode 2
Event: 16.909 Thread 0x00000202ace20540 Uncommon trap: trap_request=0xffffff45 fr.pc=0x00000202b8cc8950 relative=0x00000000000002d0
Event: 16.909 Thread 0x00000202ace20540 Uncommon trap: reason=unstable_if action=reinterpret pc=0x00000202b8cc8950 method=com.google.common.collect.RegularImmutableMap.get(Ljava/lang/Object;[Lcom/google/common/collect/ImmutableMapEntry;I)Ljava/lang/Object; @ 5 c2
Event: 16.909 Thread 0x00000202ace20540 DEOPT PACKING pc=0x00000202b8cc8950 sp=0x0000001fa54fd350
Event: 16.909 Thread 0x00000202ace20540 DEOPT UNPACKING pc=0x00000202b7de73a2 sp=0x0000001fa54fd278 mode 2
Event: 16.911 Thread 0x00000202ace20540 Uncommon trap: trap_request=0xffffff45 fr.pc=0x00000202b8bc66d0 relative=0x0000000000000270
Event: 16.911 Thread 0x00000202ace20540 Uncommon trap: reason=unstable_if action=reinterpret pc=0x00000202b8bc66d0 method=com.google.common.collect.RegularImmutableMap.get(Ljava/lang/Object;[Lcom/google/common/collect/ImmutableMapEntry;I)Ljava/lang/Object; @ 5 c2
Event: 16.911 Thread 0x00000202ace20540 DEOPT PACKING pc=0x00000202b8bc66d0 sp=0x0000001fa54fd2e0
Event: 16.911 Thread 0x00000202ace20540 DEOPT UNPACKING pc=0x00000202b7de73a2 sp=0x0000001fa54fd278 mode 2
Event: 16.918 Thread 0x00000202ace20540 Uncommon trap: trap_request=0xffffff45 fr.pc=0x00000202b8942370 relative=0x0000000000001e30
Event: 16.918 Thread 0x00000202ace20540 Uncommon trap: reason=unstable_if action=reinterpret pc=0x00000202b8942370 method=net.neoforged.bus.ListenerList.buildCache()V @ 36 c2
Event: 16.918 Thread 0x00000202ace20540 DEOPT PACKING pc=0x00000202b8942370 sp=0x0000001fa54fdd20
Event: 16.918 Thread 0x00000202ace20540 DEOPT UNPACKING pc=0x00000202b7de73a2 sp=0x0000001fa54fdd20 mode 2
Event: 16.918 Thread 0x00000202ace20540 Uncommon trap: trap_request=0xffffff45 fr.pc=0x00000202b88083c8 relative=0x00000000000001e8
Event: 16.918 Thread 0x00000202ace20540 Uncommon trap: reason=unstable_if action=reinterpret pc=0x00000202b88083c8 method=net.neoforged.bus.ListenerList.unwrapListeners(Ljava/util/List;)V @ 4 c2
Event: 16.918 Thread 0x00000202ace20540 DEOPT PACKING pc=0x00000202b88083c8 sp=0x0000001fa54fdd00
Event: 16.918 Thread 0x00000202ace20540 DEOPT UNPACKING pc=0x00000202b7de73a2 sp=0x0000001fa54fdc98 mode 2
Event: 16.921 Thread 0x00000202ace20540 Uncommon trap: trap_request=0xffffffde fr.pc=0x00000202b924d454 relative=0x0000000000000154
Event: 16.921 Thread 0x00000202ace20540 Uncommon trap: reason=class_check action=maybe_recompile pc=0x00000202b924d454 method=java.lang.invoke.LambdaForm$MH/0x00000000801bdc00.invoke(Ljava/lang/Object;Ljava/lang/Object;Ljava/lang/Object;)V @ 45 c2
Event: 16.921 Thread 0x00000202ace20540 DEOPT PACKING pc=0x00000202b924d454 sp=0x0000001fa54fdbf0
Event: 16.921 Thread 0x00000202ace20540 DEOPT UNPACKING pc=0x00000202b7de73a2 sp=0x0000001fa54fdb60 mode 2
Event: 16.922 Thread 0x00000202ace20540 Uncommon trap: trap_request=0xffffff45 fr.pc=0x00000202b9792518 relative=0x0000000000000558
Event: 16.922 Thread 0x00000202ace20540 Uncommon trap: reason=unstable_if action=reinterpret pc=0x00000202b9792518 method=de.keksuccino.fancymenu.customization.screen.identifier.UniversalScreenIdentifierRegistry.getUniversalIdentifierFor(Ljava/lang/String;)Ljava/lang/String; @ 29 c2
Event: 16.922 Thread 0x00000202ace20540 DEOPT PACKING pc=0x00000202b9792518 sp=0x0000001fa54fd6c0
Event: 16.922 Thread 0x00000202ace20540 DEOPT UNPACKING pc=0x00000202b7de73a2 sp=0x0000001fa54fd668 mode 2
Event: 16.923 Thread 0x00000202ace20540 Uncommon trap: trap_request=0xffffff45 fr.pc=0x00000202b9604374 relative=0x00000000000000b4
Event: 16.923 Thread 0x00000202ace20540 Uncommon trap: reason=unstable_if action=reinterpret pc=0x00000202b9604374 method=com.mojang.blaze3d.font.GlyphInfo.getAdvance(Z)F @ 7 c2
Event: 16.923 Thread 0x00000202ace20540 DEOPT PACKING pc=0x00000202b9604374 sp=0x0000001fa54fd380
Event: 16.923 Thread 0x00000202ace20540 DEOPT UNPACKING pc=0x00000202b7de73a2 sp=0x0000001fa54fd318 mode 2
Event: 16.930 Thread 0x000002073883ef20 Uncommon trap: trap_request=0xffffff45 fr.pc=0x00000202b8cb5f64 relative=0x0000000000000204
Event: 16.930 Thread 0x000002073883ef20 Uncommon trap: reason=unstable_if action=reinterpret pc=0x00000202b8cb5f64 method=java.net.URI.appendAuthority(Ljava/lang/StringBuilder;Ljava/lang/String;Ljava/lang/String;Ljava/lang/String;I)V @ 130 c2
Event: 16.930 Thread 0x000002073883ef20 DEOPT PACKING pc=0x00000202b8cb5f64 sp=0x0000001fad7fee90
Event: 16.930 Thread 0x000002073883ef20 DEOPT UNPACKING pc=0x00000202b7de73a2 sp=0x0000001fad7fee00 mode 2
Event: 16.936 Thread 0x00000202ace20540 Uncommon trap: trap_request=0xffffff45 fr.pc=0x00000202b90934a0 relative=0x00000000000000e0
Event: 16.936 Thread 0x00000202ace20540 Uncommon trap: reason=unstable_if action=reinterpret pc=0x00000202b90934a0 method=com.google.common.collect.Lists.reverse(Ljava/util/List;)Ljava/util/List; @ 4 c2
Event: 16.936 Thread 0x00000202ace20540 DEOPT PACKING pc=0x00000202b90934a0 sp=0x0000001fa54fdb00
Event: 16.936 Thread 0x00000202ace20540 DEOPT UNPACKING pc=0x00000202b7de73a2 sp=0x0000001fa54fda90 mode 2
Event: 16.938 Thread 0x00000202ace20540 Uncommon trap: trap_request=0xffffff45 fr.pc=0x00000202b91debac relative=0x00000000000002ec
Event: 16.938 Thread 0x00000202ace20540 Uncommon trap: reason=unstable_if action=reinterpret pc=0x00000202b91debac method=java.util.ArrayList.indexOfRange(Ljava/lang/Object;II)I @ 7 c2
Event: 16.938 Thread 0x00000202ace20540 DEOPT PACKING pc=0x00000202b91debac sp=0x0000001fa54fd750
Event: 16.938 Thread 0x00000202ace20540 DEOPT UNPACKING pc=0x00000202b7de73a2 sp=0x0000001fa54fd610 mode 2
Event: 16.938 Thread 0x00000202ace20540 Uncommon trap: trap_request=0xffffff45 fr.pc=0x00000202b8596894 relative=0x00000000000002d4
Event: 16.938 Thread 0x00000202ace20540 Uncommon trap: reason=unstable_if action=reinterpret pc=0x00000202b8596894 method=java.util.ArrayList.indexOfRange(Ljava/lang/Object;II)I @ 7 c2
Event: 16.938 Thread 0x00000202ace20540 DEOPT PACKING pc=0x00000202b8596894 sp=0x0000001fa54fd6f0
Event: 16.938 Thread 0x00000202ace20540 DEOPT UNPACKING pc=0x00000202b7de73a2 sp=0x0000001fa54fd618 mode 2
Event: 16.945 Thread 0x00000202ace20540 Uncommon trap: trap_request=0xffffffbe fr.pc=0x00000202b996044c relative=0x00000000000002ec
Event: 16.945 Thread 0x00000202ace20540 Uncommon trap: reason=profile_predicate action=maybe_recompile pc=0x00000202b996044c method=java.util.regex.Pattern$BnM.optimize(Ljava/util/regex/Pattern$Node;)Ljava/util/regex/Pattern$Node; @ 67 c2
Event: 16.945 Thread 0x00000202ace20540 DEOPT PACKING pc=0x00000202b996044c sp=0x0000001fa54fd1f0
Event: 16.945 Thread 0x00000202ace20540 DEOPT UNPACKING pc=0x00000202b7de73a2 sp=0x0000001fa54fd178 mode 2
Event: 16.945 Thread 0x00000202ace20540 Uncommon trap: trap_request=0xffffffbe fr.pc=0x00000202b996044c relative=0x00000000000002ec
Event: 16.945 Thread 0x00000202ace20540 Uncommon trap: reason=profile_predicate action=maybe_recompile pc=0x00000202b996044c method=java.util.regex.Pattern$BnM.optimize(Ljava/util/regex/Pattern$Node;)Ljava/util/regex/Pattern$Node; @ 67 c2
Event: 16.945 Thread 0x00000202ace20540 DEOPT PACKING pc=0x00000202b996044c sp=0x0000001fa54fd1f0
Event: 16.945 Thread 0x00000202ace20540 DEOPT UNPACKING pc=0x00000202b7de73a2 sp=0x0000001fa54fd178 mode 2
Event: 16.945 Thread 0x00000202ace20540 Uncommon trap: trap_request=0xffffffbe fr.pc=0x00000202b996044c relative=0x00000000000002ec
Event: 16.945 Thread 0x00000202ace20540 Uncommon trap: reason=profile_predicate action=maybe_recompile pc=0x00000202b996044c method=java.util.regex.Pattern$BnM.optimize(Ljava/util/regex/Pattern$Node;)Ljava/util/regex/Pattern$Node; @ 67 c2
Event: 16.945 Thread 0x00000202ace20540 DEOPT PACKING pc=0x00000202b996044c sp=0x0000001fa54fd1f0
Event: 16.945 Thread 0x00000202ace20540 DEOPT UNPACKING pc=0x00000202b7de73a2 sp=0x0000001fa54fd178 mode 2
Event: 16.946 Thread 0x00000202ace20540 Uncommon trap: trap_request=0xffffffbe fr.pc=0x00000202b996044c relative=0x00000000000002ec
Event: 16.946 Thread 0x00000202ace20540 Uncommon trap: reason=profile_predicate action=maybe_recompile pc=0x00000202b996044c method=java.util.regex.Pattern$BnM.optimize(Ljava/util/regex/Pattern$Node;)Ljava/util/regex/Pattern$Node; @ 67 c2
Event: 16.946 Thread 0x00000202ace20540 DEOPT PACKING pc=0x00000202b996044c sp=0x0000001fa54fd1c0
Event: 16.946 Thread 0x00000202ace20540 DEOPT UNPACKING pc=0x00000202b7de73a2 sp=0x0000001fa54fd148 mode 2
Event: 16.946 Thread 0x00000202ace20540 DEOPT PACKING pc=0x00000202b23649ec sp=0x0000001fa54fce10
Event: 16.946 Thread 0x00000202ace20540 DEOPT UNPACKING pc=0x00000202b7de7ee2 sp=0x0000001fa54fc270 mode 0
Event: 16.947 Thread 0x00000202ace20540 DEOPT PACKING pc=0x00000202b23649ec sp=0x0000001fa54fcd90
Event: 16.947 Thread 0x00000202ace20540 DEOPT UNPACKING pc=0x00000202b7de7ee2 sp=0x0000001fa54fc1f0 mode 0
Event: 16.948 Thread 0x00000202ace20540 DEOPT PACKING pc=0x00000202b23649ec sp=0x0000001fa54fcd50
Event: 16.948 Thread 0x00000202ace20540 DEOPT UNPACKING pc=0x00000202b7de7ee2 sp=0x0000001fa54fc1b0 mode 0
Event: 16.949 Thread 0x00000202ace20540 DEOPT PACKING pc=0x00000202b23649ec sp=0x0000001fa54fcf80
Event: 16.949 Thread 0x00000202ace20540 DEOPT UNPACKING pc=0x00000202b7de7ee2 sp=0x0000001fa54fc3e0 mode 0
Event: 16.950 Thread 0x00000202ace20540 Uncommon trap: trap_request=0xffffffde fr.pc=0x00000202b90912f8 relative=0x00000000000001b8
Event: 16.950 Thread 0x00000202ace20540 Uncommon trap: reason=class_check action=maybe_recompile pc=0x00000202b90912f8 method=com.google.common.collect.Lists$ReverseList.size()I @ 4 c2
Event: 16.950 Thread 0x00000202ace20540 DEOPT PACKING pc=0x00000202b90912f8 sp=0x0000001fa54fd8e0
Event: 16.950 Thread 0x00000202ace20540 DEOPT UNPACKING pc=0x00000202b7de73a2 sp=0x0000001fa54fd6e8 mode 2
Event: 16.950 Thread 0x00000202ace20540 Uncommon trap: trap_request=0xffffffde fr.pc=0x00000202b961f414 relative=0x0000000000000074
Event: 16.950 Thread 0x00000202ace20540 Uncommon trap: reason=class_check action=maybe_recompile pc=0x00000202b961f414 method=com.google.common.collect.Lists$ReverseList$1.hasNext()Z @ 4 c2
Event: 16.950 Thread 0x00000202ace20540 DEOPT PACKING pc=0x00000202b961f414 sp=0x0000001fa54fd900
Event: 16.950 Thread 0x00000202ace20540 DEOPT UNPACKING pc=0x00000202b7de73a2 sp=0x0000001fa54fd890 mode 2
Event: 16.950 Thread 0x00000202ace20540 Uncommon trap: trap_request=0xffffffde fr.pc=0x00000202b9233608 relative=0x0000000000000128
Event: 16.950 Thread 0x00000202ace20540 Uncommon trap: reason=class_check action=maybe_recompile pc=0x00000202b9233608 method=com.google.common.collect.Lists$ReverseList$1.hasNext()Z @ 4 c2
Event: 16.950 Thread 0x00000202ace20540 DEOPT PACKING pc=0x00000202b9233608 sp=0x0000001fa54fd8f0
Event: 16.950 Thread 0x00000202ace20540 DEOPT UNPACKING pc=0x00000202b7de73a2 sp=0x0000001fa54fd830 mode 2
Event: 16.950 Thread 0x00000202ace20540 Uncommon trap: trap_request=0xffffffde fr.pc=0x00000202b961f414 relative=0x0000000000000074
Event: 16.950 Thread 0x00000202ace20540 Uncommon trap: reason=class_check action=maybe_recompile pc=0x00000202b961f414 method=com.google.common.collect.Lists$ReverseList$1.hasNext()Z @ 4 c2
Event: 16.950 Thread 0x00000202ace20540 DEOPT PACKING pc=0x00000202b961f414 sp=0x0000001fa54fd900
Event: 16.950 Thread 0x00000202ace20540 DEOPT UNPACKING pc=0x00000202b7de73a2 sp=0x0000001fa54fd890 mode 2
Event: 16.950 Thread 0x00000202ace20540 Uncommon trap: trap_request=0xffffffde fr.pc=0x00000202b97aceb0 relative=0x0000000000000310
Event: 16.950 Thread 0x00000202ace20540 Uncommon trap: reason=class_check action=maybe_recompile pc=0x00000202b97aceb0 method=de.keksuccino.fancymenu.customization.element.elements.button.custombutton.ButtonElement.getTopActiveTemplateElement(Z)Lde/keksuccino/fancymenu/customization/element/ele
Event: 16.950 Thread 0x00000202ace20540 DEOPT PACKING pc=0x00000202b97aceb0 sp=0x0000001fa54fd790
Event: 16.950 Thread 0x00000202ace20540 DEOPT UNPACKING pc=0x00000202b7de73a2 sp=0x0000001fa54fd718 mode 2
Event: 16.950 Thread 0x00000202ace20540 Uncommon trap: trap_request=0xffffffde fr.pc=0x00000202b90912f8 relative=0x00000000000001b8
Event: 16.950 Thread 0x00000202ace20540 Uncommon trap: reason=class_check action=maybe_recompile pc=0x00000202b90912f8 method=com.google.common.collect.Lists$ReverseList.size()I @ 4 c2
Event: 16.950 Thread 0x00000202ace20540 DEOPT PACKING pc=0x00000202b90912f8 sp=0x0000001fa54fd8e0
Event: 16.950 Thread 0x00000202ace20540 DEOPT UNPACKING pc=0x00000202b7de73a2 sp=0x0000001fa54fd6e8 mode 2
Event: 16.950 Thread 0x00000202ace20540 Uncommon trap: trap_request=0xffffffde fr.pc=0x00000202b961f414 relative=0x0000000000000074
Event: 16.950 Thread 0x00000202ace20540 Uncommon trap: reason=class_check action=maybe_recompile pc=0x00000202b961f414 method=com.google.common.collect.Lists$ReverseList$1.hasNext()Z @ 4 c2
Event: 16.950 Thread 0x00000202ace20540 DEOPT PACKING pc=0x00000202b961f414 sp=0x0000001fa54fd900
Event: 16.950 Thread 0x00000202ace20540 DEOPT UNPACKING pc=0x00000202b7de73a2 sp=0x0000001fa54fd890 mode 2
Event: 16.950 Thread 0x00000202ace20540 Uncommon trap: trap_request=0xffffffde fr.pc=0x00000202b9233608 relative=0x0000000000000128
Event: 16.950 Thread 0x00000202ace20540 Uncommon trap: reason=class_check action=maybe_recompile pc=0x00000202b9233608 method=com.google.common.collect.Lists$ReverseList$1.hasNext()Z @ 4 c2
Event: 16.950 Thread 0x00000202ace20540 DEOPT PACKING pc=0x00000202b9233608 sp=0x0000001fa54fd8f0
Event: 16.950 Thread 0x00000202ace20540 DEOPT UNPACKING pc=0x00000202b7de73a2 sp=0x0000001fa54fd830 mode 2
Event: 16.950 Thread 0x00000202ace20540 Uncommon trap: trap_request=0xffffffde fr.pc=0x00000202b90912f8 relative=0x00000000000001b8
Event: 16.950 Thread 0x00000202ace20540 Uncommon trap: reason=class_check action=maybe_recompile pc=0x00000202b90912f8 method=com.google.common.collect.Lists$ReverseList.size()I @ 4 c2
Event: 16.950 Thread 0x00000202ace20540 DEOPT PACKING pc=0x00000202b90912f8 sp=0x0000001fa54fd8e0
Event: 16.950 Thread 0x00000202ace20540 DEOPT UNPACKING pc=0x00000202b7de73a2 sp=0x0000001fa54fd6e8 mode 2
Event: 16.950 Thread 0x00000202ace20540 Uncommon trap: trap_request=0xffffffde fr.pc=0x00000202b90912f8 relative=0x00000000000001b8
Event: 16.950 Thread 0x00000202ace20540 Uncommon trap: reason=class_check action=maybe_recompile pc=0x00000202b90912f8 method=com.google.common.collect.Lists$ReverseList.size()I @ 4 c2
Event: 16.950 Thread 0x00000202ace20540 DEOPT PACKING pc=0x00000202b90912f8 sp=0x0000001fa54fd8e0
Event: 16.950 Thread 0x00000202ace20540 DEOPT UNPACKING pc=0x00000202b7de73a2 sp=0x0000001fa54fd6e8 mode 2
Event: 16.950 Thread 0x00000202ace20540 Uncommon trap: trap_request=0xffffffde fr.pc=0x00000202b89b6f40 relative=0x00000000000001e0
Event: 16.950 Thread 0x00000202ace20540 Uncommon trap: reason=class_check action=maybe_recompile pc=0x00000202b89b6f40 method=com.google.common.collect.Lists$ReverseList.size()I @ 4 c2
Event: 16.950 Thread 0x00000202ace20540 DEOPT PACKING pc=0x00000202b89b6f40 sp=0x0000001fa54fd860
Event: 16.950 Thread 0x00000202ace20540 DEOPT UNPACKING pc=0x00000202b7de73a2 sp=0x0000001fa54fd720 mode 2
Event: 16.950 Thread 0x00000202ace20540 Uncommon trap: trap_request=0xffffff45 fr.pc=0x00000202b9761b84 relative=0x00000000000004c4
Event: 16.950 Thread 0x00000202ace20540 Uncommon trap: reason=unstable_if action=reinterpret pc=0x00000202b9761b84 method=de.keksuccino.fancymenu.customization.screen.identifier.UniversalScreenIdentifierRegistry.getUniversalIdentifierFor(Ljava/lang/String;)Ljava/lang/String; @ 29 c2
Event: 16.950 Thread 0x00000202ace20540 DEOPT PACKING pc=0x00000202b9761b84 sp=0x0000001fa54fd550
Event: 16.950 Thread 0x00000202ace20540 DEOPT UNPACKING pc=0x00000202b7de73a2 sp=0x0000001fa54fd508 mode 2
Event: 16.951 Thread 0x00000202ace20540 Uncommon trap: trap_request=0xffffffde fr.pc=0x00000202b97c3c5c relative=0x0000000000001a9c
Event: 16.951 Thread 0x00000202ace20540 Uncommon trap: reason=class_check action=maybe_recompile pc=0x00000202b97c3c5c method=de.keksuccino.konkrete.config.Config.getOrDefault(Ljava/lang/String;Ljava/lang/Object;)Ljava/lang/Object; @ 40 c2
Event: 16.951 Thread 0x00000202ace20540 DEOPT PACKING pc=0x00000202b97c3c5c sp=0x0000001fa54fd530
Event: 16.951 Thread 0x00000202ace20540 DEOPT UNPACKING pc=0x00000202b7de73a2 sp=0x0000001fa54fd4e0 mode 2
Event: 16.951 Thread 0x00000202ace20540 Uncommon trap: trap_request=0xffffffde fr.pc=0x00000202b97c3c5c relative=0x0000000000001a9c
Event: 16.951 Thread 0x00000202ace20540 Uncommon trap: reason=class_check action=maybe_recompile pc=0x00000202b97c3c5c method=de.keksuccino.konkrete.config.Config.getOrDefault(Ljava/lang/String;Ljava/lang/Object;)Ljava/lang/Object; @ 40 c2
Event: 16.951 Thread 0x00000202ace20540 DEOPT PACKING pc=0x00000202b97c3c5c sp=0x0000001fa54fd530
Event: 16.951 Thread 0x00000202ace20540 DEOPT UNPACKING pc=0x00000202b7de73a2 sp=0x0000001fa54fd4e0 mode 2
Event: 16.954 Thread 0x00000202ace20540 Uncommon trap: trap_request=0xffffffbe fr.pc=0x00000202b9962e08 relative=0x00000000000002e8
Event: 16.954 Thread 0x00000202ace20540 Uncommon trap: reason=profile_predicate action=maybe_recompile pc=0x00000202b9962e08 method=sun.security.provider.HashDrbg.addBytes([BI[[B)V @ 36 c2
Event: 16.954 Thread 0x00000202ace20540 DEOPT PACKING pc=0x00000202b9962e08 sp=0x0000001fa54fd320
Event: 16.954 Thread 0x00000202ace20540 DEOPT UNPACKING pc=0x00000202b7de73a2 sp=0x0000001fa54fd280 mode 2
Event: 16.954 Thread 0x00000202ace20540 Uncommon trap: trap_request=0xffffffbe fr.pc=0x00000202b9962e08 relative=0x00000000000002e8
Event: 16.954 Thread 0x00000202ace20540 Uncommon trap: reason=profile_predicate action=maybe_recompile pc=0x00000202b9962e08 method=sun.security.provider.HashDrbg.addBytes([BI[[B)V @ 36 c2
Event: 16.954 Thread 0x00000202ace20540 DEOPT PACKING pc=0x00000202b9962e08 sp=0x0000001fa54fd320
Event: 16.954 Thread 0x00000202ace20540 DEOPT UNPACKING pc=0x00000202b7de73a2 sp=0x0000001fa54fd280 mode 2
Event: 16.954 Thread 0x00000202ace20540 Uncommon trap: trap_request=0xffffffbe fr.pc=0x00000202b9962e08 relative=0x00000000000002e8
Event: 16.954 Thread 0x00000202ace20540 Uncommon trap: reason=profile_predicate action=maybe_recompile pc=0x00000202b9962e08 method=sun.security.provider.HashDrbg.addBytes([BI[[B)V @ 36 c2
Event: 16.954 Thread 0x00000202ace20540 DEOPT PACKING pc=0x00000202b9962e08 sp=0x0000001fa54fd390
Event: 16.954 Thread 0x00000202ace20540 DEOPT UNPACKING pc=0x00000202b7de73a2 sp=0x0000001fa54fd2f0 mode 2
Event: 16.954 Thread 0x00000202ace20540 Uncommon trap: trap_request=0xffffffbe fr.pc=0x00000202b9962e08 relative=0x00000000000002e8
Event: 16.954 Thread 0x00000202ace20540 Uncommon trap: reason=profile_predicate action=maybe_recompile pc=0x00000202b9962e08 method=sun.security.provider.HashDrbg.addBytes([BI[[B)V @ 36 c2
Event: 16.954 Thread 0x00000202ace20540 DEOPT PACKING pc=0x00000202b9962e08 sp=0x0000001fa54fd360
Event: 16.954 Thread 0x00000202ace20540 DEOPT UNPACKING pc=0x00000202b7de73a2 sp=0x0000001fa54fd2c0 mode 2
Event: 16.961 Thread 0x00000202ace20540 Uncommon trap: trap_request=0xffffffde fr.pc=0x00000202b97aceb0 relative=0x0000000000000310
Event: 16.961 Thread 0x00000202ace20540 Uncommon trap: reason=class_check action=maybe_recompile pc=0x00000202b97aceb0 method=de.keksuccino.fancymenu.customization.element.elements.button.custombutton.ButtonElement.getTopActiveTemplateElement(Z)Lde/keksuccino/fancymenu/customization/element/ele
Event: 16.961 Thread 0x00000202ace20540 DEOPT PACKING pc=0x00000202b97aceb0 sp=0x0000001fa54fdba0
Event: 16.961 Thread 0x00000202ace20540 DEOPT UNPACKING pc=0x00000202b7de73a2 sp=0x0000001fa54fdb28 mode 2
Event: 16.962 Thread 0x00000202ace20540 Uncommon trap: trap_request=0xffffffde fr.pc=0x00000202b97c3c5c relative=0x0000000000001a9c
Event: 16.962 Thread 0x00000202ace20540 Uncommon trap: reason=class_check action=maybe_recompile pc=0x00000202b97c3c5c method=de.keksuccino.konkrete.config.Config.getOrDefault(Ljava/lang/String;Ljava/lang/Object;)Ljava/lang/Object; @ 40 c2
Event: 16.962 Thread 0x00000202ace20540 DEOPT PACKING pc=0x00000202b97c3c5c sp=0x0000001fa54fd940
Event: 16.962 Thread 0x00000202ace20540 DEOPT UNPACKING pc=0x00000202b7de73a2 sp=0x0000001fa54fd8f0 mode 2
Event: 16.962 Thread 0x00000202ace20540 Uncommon trap: trap_request=0xffffffde fr.pc=0x00000202b97c3c5c relative=0x0000000000001a9c
Event: 16.962 Thread 0x00000202ace20540 Uncommon trap: reason=class_check action=maybe_recompile pc=0x00000202b97c3c5c method=de.keksuccino.konkrete.config.Config.getOrDefault(Ljava/lang/String;Ljava/lang/Object;)Ljava/lang/Object; @ 40 c2
Event: 16.962 Thread 0x00000202ace20540 DEOPT PACKING pc=0x00000202b97c3c5c sp=0x0000001fa54fd940
Event: 16.962 Thread 0x00000202ace20540 DEOPT UNPACKING pc=0x00000202b7de73a2 sp=0x0000001fa54fd8f0 mode 2
Event: 16.965 Thread 0x00000202ace20540 DEOPT PACKING pc=0x00000202b24d3cca sp=0x0000001fa54fd5b0
Event: 16.965 Thread 0x00000202ace20540 DEOPT UNPACKING pc=0x00000202b7de7ee2 sp=0x0000001fa54fca78 mode 0
Event: 16.976 Thread 0x00000202ace20540 Uncommon trap: trap_request=0xffffffde fr.pc=0x00000202b924d454 relative=0x0000000000000154
Event: 16.976 Thread 0x00000202ace20540 Uncommon trap: reason=class_check action=maybe_recompile pc=0x00000202b924d454 method=java.lang.invoke.LambdaForm$MH/0x00000000801bdc00.invoke(Ljava/lang/Object;Ljava/lang/Object;Ljava/lang/Object;)V @ 45 c2
Event: 16.976 Thread 0x00000202ace20540 DEOPT PACKING pc=0x00000202b924d454 sp=0x0000001fa54fe210
Event: 16.976 Thread 0x00000202ace20540 DEOPT UNPACKING pc=0x00000202b7de73a2 sp=0x0000001fa54fe180 mode 2
Event: 17.317 Thread 0x000002073883ef20 Uncommon trap: trap_request=0xffffffbe fr.pc=0x00000202b9602658 relative=0x0000000000000978
Event: 17.317 Thread 0x000002073883ef20 Uncommon trap: reason=profile_predicate action=maybe_recompile pc=0x00000202b9602658 method=java.math.MutableBigInteger.add(Ljava/math/MutableBigInteger;)V @ 68 c2
Event: 17.317 Thread 0x000002073883ef20 DEOPT PACKING pc=0x00000202b9602658 sp=0x0000001fad7fd7b0
Event: 17.317 Thread 0x000002073883ef20 DEOPT UNPACKING pc=0x00000202b7de73a2 sp=0x0000001fad7fd740 mode 2
Event: 17.317 Thread 0x000002073883ef20 Uncommon trap: trap_request=0xffffffbe fr.pc=0x00000202b9602658 relative=0x0000000000000978
Event: 17.317 Thread 0x000002073883ef20 Uncommon trap: reason=profile_predicate action=maybe_recompile pc=0x00000202b9602658 method=java.math.MutableBigInteger.add(Ljava/math/MutableBigInteger;)V @ 68 c2
Event: 17.317 Thread 0x000002073883ef20 DEOPT PACKING pc=0x00000202b9602658 sp=0x0000001fad7fd7b0
Event: 17.317 Thread 0x000002073883ef20 DEOPT UNPACKING pc=0x00000202b7de73a2 sp=0x0000001fad7fd740 mode 2
Event: 17.317 Thread 0x000002073883ef20 Uncommon trap: trap_request=0xffffffbe fr.pc=0x00000202b9602658 relative=0x0000000000000978
Event: 17.317 Thread 0x000002073883ef20 Uncommon trap: reason=profile_predicate action=maybe_recompile pc=0x00000202b9602658 method=java.math.MutableBigInteger.add(Ljava/math/MutableBigInteger;)V @ 68 c2
Event: 17.317 Thread 0x000002073883ef20 DEOPT PACKING pc=0x00000202b9602658 sp=0x0000001fad7fd7b0
Event: 17.317 Thread 0x000002073883ef20 DEOPT UNPACKING pc=0x00000202b7de73a2 sp=0x0000001fad7fd740 mode 2
Event: 17.317 Thread 0x000002073883ef20 Uncommon trap: trap_request=0xffffffbe fr.pc=0x00000202b9602658 relative=0x0000000000000978
Event: 17.317 Thread 0x000002073883ef20 Uncommon trap: reason=profile_predicate action=maybe_recompile pc=0x00000202b9602658 method=java.math.MutableBigInteger.add(Ljava/math/MutableBigInteger;)V @ 68 c2
Event: 17.317 Thread 0x000002073883ef20 DEOPT PACKING pc=0x00000202b9602658 sp=0x0000001fad7fd7b0
Event: 17.317 Thread 0x000002073883ef20 DEOPT UNPACKING pc=0x00000202b7de73a2 sp=0x0000001fad7fd740 mode 2
Event: 17.525 Thread 0x00000202ace20540 Uncommon trap: trap_request=0xffffff45 fr.pc=0x00000202b95e1fec relative=0x00000000000006ec
Event: 17.525 Thread 0x00000202ace20540 Uncommon trap: reason=unstable_if action=reinterpret pc=0x00000202b95e1fec method=java.math.MutableBigInteger.divideOneWord(ILjava/math/MutableBigInteger;)I @ 144 c2
Event: 17.525 Thread 0x00000202ace20540 DEOPT PACKING pc=0x00000202b95e1fec sp=0x0000001fa54fdcb0
Event: 17.525 Thread 0x00000202ace20540 DEOPT UNPACKING pc=0x00000202b7de73a2 sp=0x0000001fa54fdc10 mode 2
Event: 17.892 Thread 0x00000202ace20540 Uncommon trap: trap_request=0xffffff45 fr.pc=0x00000202b998705c relative=0x000000000000077c
Event: 17.892 Thread 0x00000202ace20540 Uncommon trap: reason=unstable_if action=reinterpret pc=0x00000202b998705c method=de.keksuccino.fancymenu.customization.element.AbstractElement.shouldRender()Z @ 49 c2
Event: 17.892 Thread 0x00000202ace20540 DEOPT PACKING pc=0x00000202b998705c sp=0x0000001fa54fda20
Event: 17.892 Thread 0x00000202ace20540 DEOPT UNPACKING pc=0x00000202b7de73a2 sp=0x0000001fa54fda00 mode 2
Event: 17.930 Thread 0x00000202ace20540 Uncommon trap: trap_request=0xffffff45 fr.pc=0x00000202b8e0b1fc relative=0x000000000000005c
Event: 17.930 Thread 0x00000202ace20540 Uncommon trap: reason=unstable_if action=reinterpret pc=0x00000202b8e0b1fc method=java.lang.Float.isNaN(F)Z @ 3 c2
Event: 17.930 Thread 0x00000202ace20540 DEOPT PACKING pc=0x00000202b8e0b1fc sp=0x0000001fa54fcaa0
Event: 17.930 Thread 0x00000202ace20540 DEOPT UNPACKING pc=0x00000202b7de73a2 sp=0x0000001fa54fca30 mode 2
Event: 17.940 Thread 0x00000202ace20540 Uncommon trap: trap_request=0xffffff45 fr.pc=0x00000202b9609a94 relative=0x0000000000000074
Event: 17.940 Thread 0x00000202ace20540 Uncommon trap: reason=unstable_if action=reinterpret pc=0x00000202b9609a94 method=net.minecraft.util.Mth.ceil(F)I @ 7 c2
Event: 17.940 Thread 0x00000202ace20540 DEOPT PACKING pc=0x00000202b9609a94 sp=0x0000001fa54fe280
Event: 17.940 Thread 0x00000202ace20540 DEOPT UNPACKING pc=0x00000202b7de73a2 sp=0x0000001fa54fe218 mode 2
Event: 17.991 Thread 0x00000202ace20540 Uncommon trap: trap_request=0xffffffde fr.pc=0x00000202b97aceb0 relative=0x0000000000000310
Event: 17.991 Thread 0x00000202ace20540 Uncommon trap: reason=class_check action=maybe_recompile pc=0x00000202b97aceb0 method=de.keksuccino.fancymenu.customization.element.elements.button.custombutton.ButtonElement.getTopActiveTemplateElement(Z)Lde/keksuccino/fancymenu/customization/element/ele
Event: 17.991 Thread 0x00000202ace20540 DEOPT PACKING pc=0x00000202b97aceb0 sp=0x0000001fa54fd770
Event: 17.991 Thread 0x00000202ace20540 DEOPT UNPACKING pc=0x00000202b7de73a2 sp=0x0000001fa54fd6f8 mode 2
Event: 17.992 Thread 0x000002073883c7c0 DEOPT PACKING pc=0x00000202b0a575d4 sp=0x0000001fa7bff000
Event: 17.992 Thread 0x000002073883c7c0 DEOPT UNPACKING pc=0x00000202b7de7ee2 sp=0x0000001fa7bfe580 mode 0
Event: 17.992 Thread 0x000002073883c7c0 DEOPT PACKING pc=0x00000202b0d17b94 sp=0x0000001fa7bff150
Event: 17.992 Thread 0x000002073883c7c0 DEOPT UNPACKING pc=0x00000202b7de7ee2 sp=0x0000001fa7bfe6c8 mode 0
Event: 17.996 Thread 0x000002073883a060 Uncommon trap: trap_request=0xffffff45 fr.pc=0x00000202b8e155a4 relative=0x0000000000000464
Event: 17.996 Thread 0x000002073883a060 Uncommon trap: reason=unstable_if action=reinterpret pc=0x00000202b8e155a4 method=sun.util.calendar.ZoneInfo.getOffsets(J[II)I @ 4 c2
Event: 17.996 Thread 0x000002073883a060 DEOPT PACKING pc=0x00000202b8e155a4 sp=0x0000001fa7bfeb90
Event: 17.996 Thread 0x000002073883a060 DEOPT UNPACKING pc=0x00000202b7de73a2 sp=0x0000001fa7bfeb10 mode 2
Event: 18.031 Thread 0x00000202ace20540 Uncommon trap: trap_request=0xffffff45 fr.pc=0x00000202b8ec8a38 relative=0x0000000000002e38
Event: 18.031 Thread 0x00000202ace20540 Uncommon trap: reason=unstable_if action=reinterpret pc=0x00000202b8ec8a38 method=jdk.internal.org.objectweb.asm.FieldWriter.putFieldInfo(Ljdk/internal/org/objectweb/asm/ByteVector;)V @ 115 c2
Event: 18.031 Thread 0x00000202ace20540 DEOPT PACKING pc=0x00000202b8ec8a38 sp=0x0000001fa54fb5e0
Event: 18.031 Thread 0x00000202ace20540 DEOPT UNPACKING pc=0x00000202b7de73a2 sp=0x0000001fa54fb510 mode 2
Event: 18.032 Thread 0x00000202ace20540 Uncommon trap: trap_request=0xffffff45 fr.pc=0x00000202b8de7160 relative=0x0000000000000100
Event: 18.032 Thread 0x00000202ace20540 Uncommon trap: reason=unstable_if action=reinterpret pc=0x00000202b8de7160 method=java.lang.invoke.BoundMethodHandle.tooComplex()Z @ 18 c2
Event: 18.032 Thread 0x00000202ace20540 DEOPT PACKING pc=0x00000202b8de7160 sp=0x0000001fa54fbb90
Event: 18.032 Thread 0x00000202ace20540 DEOPT UNPACKING pc=0x00000202b7de73a2 sp=0x0000001fa54fbac0 mode 2
Event: 18.036 Thread 0x0000020738841680 Uncommon trap: trap_request=0xffffff45 fr.pc=0x00000202b8e8a634 relative=0x0000000000001654
Event: 18.036 Thread 0x0000020738841680 Uncommon trap: reason=unstable_if action=reinterpret pc=0x00000202b8e8a634 method=java.nio.file.Path.of(Ljava/net/URI;)Ljava/nio/file/Path; @ 25 c2
Event: 18.036 Thread 0x0000020738841680 DEOPT PACKING pc=0x00000202b8e8a634 sp=0x0000001facbff270
Event: 18.036 Thread 0x0000020738841680 DEOPT UNPACKING pc=0x00000202b7de73a2 sp=0x0000001facbff238 mode 2
Event: 18.044 Thread 0x0000020738841680 Uncommon trap: trap_request=0xffffff45 fr.pc=0x00000202b90250e8 relative=0x0000000000001c48
Event: 18.044 Thread 0x0000020738841680 Uncommon trap: reason=unstable_if action=reinterpret pc=0x00000202b90250e8 method=org.apache.logging.log4j.util.StringBuilders.appendSpecificTypes(Ljava/lang/StringBuilder;Ljava/lang/Object;)Z @ 198 c2
Event: 18.044 Thread 0x0000020738841680 DEOPT PACKING pc=0x00000202b90250e8 sp=0x0000001facbfeea0
Event: 18.044 Thread 0x0000020738841680 DEOPT UNPACKING pc=0x00000202b7de73a2 sp=0x0000001facbfec88 mode 2
Event: 18.118 Thread 0x0000020738841680 Uncommon trap: trap_request=0xffffff45 fr.pc=0x00000202b89fbc84 relative=0x0000000000001a84
Event: 18.118 Thread 0x0000020738841680 Uncommon trap: reason=unstable_if action=reinterpret pc=0x00000202b89fbc84 method=org.apache.logging.log4j.util.StringBuilders.appendSpecificTypes(Ljava/lang/StringBuilder;Ljava/lang/Object;)Z @ 132 c2
Event: 18.118 Thread 0x0000020738841680 DEOPT PACKING pc=0x00000202b89fbc84 sp=0x0000001facbfef00
Event: 18.118 Thread 0x0000020738841680 DEOPT UNPACKING pc=0x00000202b7de73a2 sp=0x0000001facbfed98 mode 2
Event: 18.118 Thread 0x0000020738841680 Uncommon trap: trap_request=0xffffff45 fr.pc=0x00000202b892a640 relative=0x0000000000000920
Event: 18.118 Thread 0x0000020738841680 Uncommon trap: reason=unstable_if action=reinterpret pc=0x00000202b892a640 method=org.apache.logging.log4j.util.StringBuilders.appendSpecificTypes(Ljava/lang/StringBuilder;Ljava/lang/Object;)Z @ 132 c2
Event: 18.118 Thread 0x0000020738841680 DEOPT PACKING pc=0x00000202b892a640 sp=0x0000001facbfee30
Event: 18.118 Thread 0x0000020738841680 DEOPT UNPACKING pc=0x00000202b7de73a2 sp=0x0000001facbfee20 mode 2
Event: 18.119 Thread 0x0000020738841680 Uncommon trap: trap_request=0xffffff45 fr.pc=0x00000202b8e1e354 relative=0x0000000000003ed4
Event: 18.119 Thread 0x0000020738841680 Uncommon trap: reason=unstable_if action=reinterpret pc=0x00000202b8e1e354 method=org.apache.logging.log4j.util.StringBuilders.appendSpecificTypes(Ljava/lang/StringBuilder;Ljava/lang/Object;)Z @ 132 c2
Event: 18.119 Thread 0x0000020738841680 DEOPT PACKING pc=0x00000202b8e1e354 sp=0x0000001facbff0d0
Event: 18.119 Thread 0x0000020738841680 DEOPT UNPACKING pc=0x00000202b7de73a2 sp=0x0000001facbfe9f8 mode 2

Classes loaded (250 events):
Event: 16.792 Loading class sun/awt/KeyboardFocusManagerPeerProvider done
Event: 16.792 Loading class sun/awt/SunToolkit done
Event: 16.792 Loading class sun/awt/WeakIdentityHashMap
Event: 16.792 Loading class sun/awt/WeakIdentityHashMap done
Event: 16.792 Loading class sun/awt/SoftCache
Event: 16.792 Loading class sun/awt/SoftCache done
Event: 16.792 Loading class sun/awt/AppContext$State
Event: 16.792 Loading class sun/awt/AppContext$State done
Event: 16.793 Loading class sun/awt/AppContext$1
Event: 16.793 Loading class sun/awt/AppContext$1 done
Event: 16.793 Loading class java/awt/EventQueue
Event: 16.793 Loading class java/awt/EventQueue done
Event: 16.793 Loading class java/awt/EventQueue$1
Event: 16.793 Loading class java/awt/EventQueue$1 done
Event: 16.793 Loading class java/awt/EventQueue$2
Event: 16.793 Loading class sun/awt/AWTAccessor$EventQueueAccessor
Event: 16.793 Loading class sun/awt/AWTAccessor$EventQueueAccessor done
Event: 16.793 Loading class java/awt/EventQueue$2 done
Event: 16.793 Loading class java/awt/EventQueue$3
Event: 16.793 Loading class java/awt/EventQueue$3 done
Event: 16.793 Loading class java/awt/Queue
Event: 16.794 Loading class java/awt/Queue done
Event: 16.794 Loading class sun/awt/MostRecentKeyValue
Event: 16.794 Loading class sun/awt/MostRecentKeyValue done
Event: 16.794 Loading class sun/awt/PostEventQueue
Event: 16.794 Loading class sun/awt/PostEventQueue done
Event: 16.794 Loading class javax/imageio/spi/SubRegistry
Event: 16.794 Loading class javax/imageio/spi/SubRegistry done
Event: 16.794 Loading class javax/imageio/spi/PartiallyOrderedSet
Event: 16.794 Loading class javax/imageio/spi/PartiallyOrderedSet done
Event: 16.794 Loading class com/sun/imageio/plugins/gif/GIFImageReaderSpi
Event: 16.794 Loading class com/sun/imageio/plugins/gif/GIFImageReaderSpi done
Event: 16.794 Loading class javax/imageio/stream/ImageInputStream
Event: 16.794 Loading class javax/imageio/stream/ImageInputStream done
Event: 16.795 Loading class javax/imageio/spi/DigraphNode
Event: 16.795 Loading class javax/imageio/spi/DigraphNode done
Event: 16.795 Loading class com/sun/imageio/plugins/gif/GIFImageWriterSpi
Event: 16.795 Loading class com/sun/imageio/plugins/gif/GIFImageWriterSpi done
Event: 16.795 Loading class javax/imageio/stream/ImageOutputStream
Event: 16.795 Loading class javax/imageio/stream/ImageOutputStream done
Event: 16.795 Loading class com/sun/imageio/plugins/bmp/BMPImageReaderSpi
Event: 16.795 Loading class com/sun/imageio/plugins/bmp/BMPImageReaderSpi done
Event: 16.795 Loading class com/sun/imageio/plugins/bmp/BMPImageWriterSpi
Event: 16.795 Loading class com/sun/imageio/plugins/bmp/BMPImageWriterSpi done
Event: 16.795 Loading class com/sun/imageio/plugins/wbmp/WBMPImageReaderSpi
Event: 16.795 Loading class com/sun/imageio/plugins/wbmp/WBMPImageReaderSpi done
Event: 16.795 Loading class com/sun/imageio/plugins/wbmp/WBMPImageWriterSpi
Event: 16.795 Loading class com/sun/imageio/plugins/wbmp/WBMPImageWriterSpi done
Event: 16.795 Loading class com/sun/imageio/plugins/tiff/TIFFImageReaderSpi
Event: 16.795 Loading class com/sun/imageio/plugins/tiff/TIFFImageReaderSpi done
Event: 16.795 Loading class com/sun/imageio/plugins/tiff/TIFFImageWriterSpi
Event: 16.795 Loading class com/sun/imageio/plugins/tiff/TIFFImageWriterSpi done
Event: 16.795 Loading class com/sun/imageio/plugins/png/PNGImageReaderSpi
Event: 16.796 Loading class com/sun/imageio/plugins/png/PNGImageReaderSpi done
Event: 16.796 Loading class com/sun/imageio/plugins/png/PNGImageWriterSpi
Event: 16.796 Loading class com/sun/imageio/plugins/png/PNGImageWriterSpi done
Event: 16.796 Loading class com/sun/imageio/plugins/jpeg/JPEGImageReaderSpi
Event: 16.796 Loading class com/sun/imageio/plugins/jpeg/JPEGImageReaderSpi done
Event: 16.796 Loading class com/sun/imageio/plugins/jpeg/JPEG
Event: 16.796 Loading class com/sun/imageio/plugins/jpeg/JPEG done
Event: 16.796 Loading class java/awt/color/ColorSpace
Event: 16.796 Loading class java/awt/color/ColorSpace done
Event: 16.796 Loading class java/awt/color/ColorSpace$BuiltInSpace
Event: 16.796 Loading class java/awt/color/ColorSpace$BuiltInSpace done
Event: 16.796 Loading class java/awt/color/ICC_ColorSpace
Event: 16.796 Loading class java/awt/color/ICC_ColorSpace done
Event: 16.796 Loading class java/awt/color/ICC_Profile
Event: 16.797 Loading class java/awt/color/ICC_Profile done
Event: 16.797 Loading class sun/awt/AWTAccessor$ICC_ProfileAccessor
Event: 16.797 Loading class sun/awt/AWTAccessor$ICC_ProfileAccessor done
Event: 16.797 Loading class sun/java2d/cmm/Profile
Event: 16.797 Loading class sun/java2d/cmm/Profile done
Event: 16.797 Loading class java/awt/color/ICC_Profile$BuiltInProfile
Event: 16.797 Loading class java/awt/color/ICC_Profile$BuiltInProfile done
Event: 16.797 Loading class java/awt/color/ICC_ProfileRGB
Event: 16.797 Loading class java/awt/color/ICC_ProfileRGB done
Event: 16.798 Loading class sun/java2d/cmm/ProfileDeferralInfo
Event: 16.798 Loading class sun/java2d/cmm/ProfileDeferralInfo done
Event: 16.798 Loading class java/awt/color/ICC_ProfileGray
Event: 16.798 Loading class java/awt/color/ICC_ProfileGray done
Event: 16.798 Loading class com/sun/imageio/plugins/jpeg/JPEGImageWriterSpi
Event: 16.798 Loading class com/sun/imageio/plugins/jpeg/JPEGImageWriterSpi done
Event: 16.798 Loading class com/sun/imageio/spi/FileImageInputStreamSpi
Event: 16.798 Loading class com/sun/imageio/spi/FileImageInputStreamSpi done
Event: 16.798 Loading class com/sun/imageio/spi/FileImageOutputStreamSpi
Event: 16.798 Loading class com/sun/imageio/spi/FileImageOutputStreamSpi done
Event: 16.798 Loading class com/sun/imageio/spi/InputStreamImageInputStreamSpi
Event: 16.798 Loading class com/sun/imageio/spi/InputStreamImageInputStreamSpi done
Event: 16.798 Loading class com/sun/imageio/spi/OutputStreamImageOutputStreamSpi
Event: 16.798 Loading class com/sun/imageio/spi/OutputStreamImageOutputStreamSpi done
Event: 16.798 Loading class com/sun/imageio/spi/RAFImageInputStreamSpi
Event: 16.798 Loading class com/sun/imageio/spi/RAFImageInputStreamSpi done
Event: 16.798 Loading class com/sun/imageio/spi/RAFImageOutputStreamSpi
Event: 16.798 Loading class com/sun/imageio/spi/RAFImageOutputStreamSpi done
Event: 16.798 Loading class javax/imageio/spi/IIORegistry$1
Event: 16.798 Loading class javax/imageio/spi/IIORegistry$1 done
Event: 16.799 Loading class javax/imageio/ImageReader
Event: 16.800 Loading class javax/imageio/ImageReader done
Event: 16.800 Loading class javax/imageio/metadata/IIOMetadataFormat
Event: 16.800 Loading class javax/imageio/metadata/IIOMetadataFormat done
Event: 16.800 Loading class javax/imageio/ImageTypeSpecifier
Event: 16.800 Loading class javax/imageio/ImageTypeSpecifier done
Event: 16.800 Loading class javax/imageio/ImageWriter
Event: 16.800 Loading class javax/imageio/ImageTranscoder
Event: 16.800 Loading class javax/imageio/ImageTranscoder done
Event: 16.800 Loading class javax/imageio/ImageWriter done
Event: 16.801 Loading class javax/imageio/spi/PartialOrderIterator
Event: 16.801 Loading class javax/imageio/spi/PartialOrderIterator done
Event: 16.801 Loading class javax/imageio/ImageIO$CacheInfo
Event: 16.801 Loading class javax/imageio/ImageIO$CacheInfo done
Event: 16.801 Loading class javax/imageio/stream/FileCacheImageInputStream
Event: 16.801 Loading class javax/imageio/stream/ImageInputStreamImpl
Event: 16.801 Loading class javax/imageio/stream/ImageInputStreamImpl done
Event: 16.801 Loading class javax/imageio/stream/FileCacheImageInputStream done
Event: 16.801 Loading class java/nio/file/TempFileHelper
Event: 16.801 Loading class java/nio/file/TempFileHelper done
Event: 16.802 Loading class com/sun/imageio/stream/StreamCloser
Event: 16.802 Loading class com/sun/imageio/stream/StreamCloser done
Event: 16.802 Loading class com/sun/imageio/stream/StreamCloser$CloseAction
Event: 16.802 Loading class com/sun/imageio/stream/StreamCloser$CloseAction done
Event: 16.802 Loading class com/sun/imageio/stream/StreamCloser$1
Event: 16.802 Loading class com/sun/imageio/stream/StreamCloser$1 done
Event: 16.802 Loading class sun/awt/util/ThreadGroupUtils
Event: 16.802 Loading class sun/awt/util/ThreadGroupUtils done
Event: 16.802 Loading class javax/imageio/stream/FileCacheImageInputStream$StreamDisposerRecord
Event: 16.802 Loading class sun/java2d/DisposerRecord
Event: 16.802 Loading class sun/java2d/DisposerRecord done
Event: 16.802 Loading class javax/imageio/stream/FileCacheImageInputStream$StreamDisposerRecord done
Event: 16.802 Loading class sun/java2d/Disposer
Event: 16.802 Loading class sun/java2d/Disposer done
Event: 16.802 Loading class sun/java2d/Disposer$1
Event: 16.802 Loading class sun/java2d/Disposer$1 done
Event: 16.803 Loading class sun/java2d/DisposerTarget
Event: 16.803 Loading class sun/java2d/DisposerTarget done
Event: 16.803 Loading class javax/imageio/ImageIO$CanDecodeInputFilter
Event: 16.803 Loading class javax/imageio/spi/ServiceRegistry$Filter
Event: 16.803 Loading class javax/imageio/spi/ServiceRegistry$Filter done
Event: 16.803 Loading class javax/imageio/ImageIO$CanDecodeInputFilter done
Event: 16.803 Loading class javax/imageio/spi/FilterIterator
Event: 16.803 Loading class javax/imageio/spi/FilterIterator done
Event: 16.803 Loading class com/sun/imageio/plugins/common/ReaderUtil
Event: 16.803 Loading class com/sun/imageio/plugins/common/ReaderUtil done
Event: 16.803 Loading class javax/imageio/ImageIO$ImageReaderIterator
Event: 16.803 Loading class javax/imageio/ImageIO$ImageReaderIterator done
Event: 16.803 Loading class com/sun/imageio/plugins/png/PNGImageReader
Event: 16.804 Loading class com/sun/imageio/plugins/png/PNGImageReader done
Event: 16.804 Loading class java/awt/Point
Event: 16.804 Loading class java/awt/geom/Point2D
Event: 16.804 Loading class java/awt/geom/Point2D done
Event: 16.804 Loading class java/awt/Point done
Event: 16.804 Loading class com/sun/imageio/plugins/png/PNGMetadata
Event: 16.805 Loading class javax/imageio/metadata/IIOMetadata
Event: 16.805 Loading class javax/imageio/metadata/IIOMetadata done
Event: 16.805 Loading class com/sun/imageio/plugins/png/PNGMetadata done
Event: 16.805 Loading class javax/imageio/ImageReadParam
Event: 16.806 Loading class javax/imageio/IIOParam
Event: 16.806 Loading class javax/imageio/IIOParam done
Event: 16.806 Loading class javax/imageio/ImageReadParam done
Event: 16.806 Loading class com/sun/imageio/plugins/png/PNGImageDataEnumeration
Event: 16.806 Loading class com/sun/imageio/plugins/png/PNGImageDataEnumeration done
Event: 16.806 Loading class com/sun/imageio/plugins/common/SubImageInputStream
Event: 16.806 Loading class com/sun/imageio/plugins/common/SubImageInputStream done
Event: 16.806 Loading class com/sun/imageio/plugins/common/InputStreamAdapter
Event: 16.806 Loading class com/sun/imageio/plugins/common/InputStreamAdapter done
Event: 16.806 Loading class javax/imageio/ImageTypeSpecifier$Indexed
Event: 16.806 Loading class javax/imageio/ImageTypeSpecifier$Indexed done
Event: 16.806 Loading class java/awt/image/IndexColorModel
Event: 16.806 Loading class java/awt/image/ColorModel
Event: 16.807 Loading class java/awt/image/ColorModel done
Event: 16.807 Loading class java/awt/image/IndexColorModel done
Event: 16.807 Loading class java/awt/image/ColorModel$1
Event: 16.807 Loading class java/awt/image/ColorModel$1 done
Event: 16.807 Loading class java/awt/image/MultiPixelPackedSampleModel
Event: 16.807 Loading class java/awt/image/SampleModel
Event: 16.807 Loading class java/awt/image/SampleModel done
Event: 16.807 Loading class java/awt/image/MultiPixelPackedSampleModel done
Event: 16.808 Loading class java/awt/image/DataBuffer
Event: 16.808 Loading class java/awt/image/DataBuffer done
Event: 16.808 Loading class java/awt/image/DataBuffer$1
Event: 16.808 Loading class sun/awt/image/SunWritableRaster$DataStealer
Event: 16.808 Loading class sun/awt/image/SunWritableRaster$DataStealer done
Event: 16.808 Loading class java/awt/image/DataBuffer$1 done
Event: 16.808 Loading class sun/awt/image/SunWritableRaster
Event: 16.808 Loading class java/awt/image/WritableRaster
Event: 16.808 Loading class java/awt/image/Raster
Event: 16.808 Loading class java/awt/image/Raster done
Event: 16.808 Loading class java/awt/image/WritableRaster done
Event: 16.808 Loading class sun/awt/image/SunWritableRaster done
Event: 16.808 Loading class java/awt/Rectangle
Event: 16.809 Loading class java/awt/Shape
Event: 16.809 Loading class java/awt/Shape done
Event: 16.809 Loading class java/awt/geom/Rectangle2D
Event: 16.809 Loading class java/awt/geom/RectangularShape
Event: 16.809 Loading class java/awt/geom/RectangularShape done
Event: 16.809 Loading class java/awt/geom/Rectangle2D done
Event: 16.809 Loading class java/awt/Rectangle done
Event: 16.809 Loading class java/awt/image/DataBufferByte
Event: 16.809 Loading class java/awt/image/DataBufferByte done
Event: 16.809 Loading class sun/java2d/StateTrackable$State
Event: 16.809 Loading class sun/java2d/StateTrackable$State done
Event: 16.809 Loading class sun/java2d/StateTrackableDelegate
Event: 16.809 Loading class sun/java2d/StateTrackable
Event: 16.809 Loading class sun/java2d/StateTrackable done
Event: 16.809 Loading class sun/java2d/StateTrackableDelegate done
Event: 16.809 Loading class sun/java2d/StateTrackableDelegate$2
Event: 16.809 Loading class sun/java2d/StateTrackableDelegate$2 done
Event: 16.809 Loading class java/awt/image/PixelInterleavedSampleModel
Event: 16.809 Loading class java/awt/image/ComponentSampleModel
Event: 16.809 Loading class java/awt/image/ComponentSampleModel done
Event: 16.809 Loading class java/awt/image/PixelInterleavedSampleModel done
Event: 16.809 Loading class java/awt/image/SinglePixelPackedSampleModel
Event: 16.809 Loading class java/awt/image/SinglePixelPackedSampleModel done
Event: 16.809 Loading class sun/awt/image/BytePackedRaster
Event: 16.810 Loading class sun/awt/image/BytePackedRaster done
Event: 16.810 Loading class sun/awt/image/NativeLibLoader
Event: 16.810 Loading class sun/awt/image/NativeLibLoader done
Event: 16.810 Loading class sun/awt/image/NativeLibLoader$1
Event: 16.810 Loading class sun/awt/image/NativeLibLoader$1 done
Event: 16.810 Loading class java/awt/ImageCapabilities
Event: 16.810 Loading class java/awt/ImageCapabilities done
Event: 16.810 Loading class java/awt/Image$1
Event: 16.810 Loading class sun/awt/image/SurfaceManager$ImageAccessor
Event: 16.810 Loading class sun/awt/image/SurfaceManager$ImageAccessor done
Event: 16.810 Loading class java/awt/Image$1 done
Event: 16.810 Loading class sun/awt/image/SurfaceManager
Event: 16.810 Loading class sun/awt/image/SurfaceManager done
Event: 16.810 Loading class java/awt/image/BufferedImage$1
Event: 16.810 Loading class java/awt/image/BufferedImage$1 done
Event: 16.810 Loading class sun/awt/image/IntegerComponentRaster
Event: 16.811 Loading class sun/awt/image/IntegerComponentRaster done
Event: 16.811 Loading class sun/awt/image/ByteInterleavedRaster
Event: 16.811 Loading class sun/awt/image/ByteComponentRaster
Event: 16.811 Loading class sun/awt/image/ByteComponentRaster done
Event: 16.811 Loading class sun/awt/image/ByteInterleavedRaster done
Event: 16.934 Loading class java/text/MessageFormat
Event: 16.935 Loading class java/text/MessageFormat done
Event: 16.936 Loading class java/text/MessageFormat$Field
Event: 16.936 Loading class java/text/MessageFormat$Field done
Event: 16.936 Loading class java/text/FieldPosition$Delegate
Event: 16.936 Loading class java/text/FieldPosition$Delegate done
Event: 17.917 Loading class java/awt/font/TextAttribute
Event: 17.917 Loading class java/awt/font/TextAttribute done
Event: 17.920 Loading class java/security/AccessControlException
Event: 17.920 Loading class java/security/AccessControlException done
Event: 17.923 Loading class java/nio/ByteBufferAsCharBufferB
Event: 17.923 Loading class java/nio/ByteBufferAsCharBufferB done
Event: 17.923 Loading class java/nio/ByteBufferAsIntBufferB
Event: 17.923 Loading class java/nio/ByteBufferAsIntBufferB done
Event: 18.031 Loading class java/lang/invoke/BoundMethodHandle$Species_LLLLLLLLLL
Event: 18.031 Loading class java/lang/invoke/BoundMethodHandle$Species_LLLLLLLLLL done

Classes unloaded (0 events):
No events

Classes redefined (0 events):
No events

Internal exceptions (250 events):
Event: 8.195 Thread 0x00000206c9482cf0 Exception <a 'java/lang/NoSuchMethodError'{0x000004007b8c1c20}: 'int java.lang.invoke.DirectMethodHandle$Holder.invokeStaticInit(java.lang.Object, java.lang.Object, int)'> (0x000004007b8c1c20) 
thrown [s\src\hotspot\share\interpreter\linkResolver.cpp, line 773]
Event: 8.196 Thread 0x00000206c9482cf0 Exception <a 'java/lang/IllegalArgumentException'{0x000004007b8cb1c8}: Wrong type at constant pool index> (0x000004007b8cb1c8) 
thrown [s\src\hotspot\share\prims\jvm.cpp, line 2168]
Event: 8.196 Thread 0x00000206c9482cf0 Exception <a 'java/lang/IllegalArgumentException'{0x000004007b8cbc88}: Wrong type at constant pool index> (0x000004007b8cbc88) 
thrown [s\src\hotspot\share\prims\jvm.cpp, line 2168]
Event: 8.196 Thread 0x00000206c9482cf0 Exception <a 'java/lang/IllegalArgumentException'{0x000004007b8d0058}: Wrong type at constant pool index> (0x000004007b8d0058) 
thrown [s\src\hotspot\share\prims\jvm.cpp, line 2168]
Event: 8.196 Thread 0x00000206c9482cf0 Exception <a 'java/lang/IllegalArgumentException'{0x000004007b8d0b18}: Wrong type at constant pool index> (0x000004007b8d0b18) 
thrown [s\src\hotspot\share\prims\jvm.cpp, line 2168]
Event: 8.196 Thread 0x00000206c9482cf0 Exception <a 'java/lang/IllegalArgumentException'{0x000004007b8d4ef0}: Wrong type at constant pool index> (0x000004007b8d4ef0) 
thrown [s\src\hotspot\share\prims\jvm.cpp, line 2168]
Event: 8.196 Thread 0x00000206c9482cf0 Exception <a 'java/lang/IllegalArgumentException'{0x000004007b8d59b0}: Wrong type at constant pool index> (0x000004007b8d59b0) 
thrown [s\src\hotspot\share\prims\jvm.cpp, line 2168]
Event: 8.200 Thread 0x00000206c947de30 Exception <a 'java/lang/ClassNotFoundException'{0x0000040030a8ffa0}: sun/awt/resources/spi/awtProvider> (0x0000040030a8ffa0) 
thrown [s\src\hotspot\share\classfile\systemDictionary.cpp, line 312]
Event: 8.204 Thread 0x00000206c947de30 Exception <a 'java/io/FileNotFoundException'{0x0000040030a9f5b0}> (0x0000040030a9f5b0) 
thrown [s\src\hotspot\share\prims\jni.cpp, line 520]
Event: 8.204 Thread 0x00000206c947de30 Exception <a 'java/io/FileNotFoundException'{0x0000040030aa0ee0}> (0x0000040030aa0ee0) 
thrown [s\src\hotspot\share\prims\jni.cpp, line 520]
Event: 8.213 Thread 0x00000206c947f1e0 Exception <a 'java/lang/IllegalArgumentException'{0x000004007bdcb5c8}: Wrong type at constant pool index> (0x000004007bdcb5c8) 
thrown [s\src\hotspot\share\prims\jvm.cpp, line 2168]
Event: 8.213 Thread 0x00000206c947f1e0 Exception <a 'java/lang/IllegalArgumentException'{0x000004007bdcc3d0}: Wrong type at constant pool index> (0x000004007bdcc3d0) 
thrown [s\src\hotspot\share\prims\jvm.cpp, line 2168]
Event: 8.284 Thread 0x00000206c9480590 Exception <a 'java/lang/NoSuchMethodError'{0x00000400c7071f78}: 'void java.lang.invoke.DirectMethodHandle$Holder.invokeStaticInit(java.lang.Object, java.lang.Object, int, java.lang.Object, java.lang.Object)'> (0x00000400c7071f78) 
thrown [s\src\hotspot\share\interpreter\linkResolver.cpp, line 773]
Event: 8.284 Thread 0x00000206c947d7a0 Exception <a 'java/lang/IllegalArgumentException'{0x0000040029f58e28}: Wrong type at constant pool index> (0x0000040029f58e28) 
thrown [s\src\hotspot\share\prims\jvm.cpp, line 2168]
Event: 8.284 Thread 0x00000206c947d7a0 Exception <a 'java/lang/IllegalArgumentException'{0x0000040029f595a0}: Wrong type at constant pool index> (0x0000040029f595a0) 
thrown [s\src\hotspot\share\prims\jvm.cpp, line 2168]
Event: 8.284 Thread 0x00000206c947d7a0 Exception <a 'java/lang/IllegalArgumentException'{0x0000040029f5d810}: Wrong type at constant pool index> (0x0000040029f5d810) 
thrown [s\src\hotspot\share\prims\jvm.cpp, line 2168]
Event: 8.284 Thread 0x00000206c947d7a0 Exception <a 'java/lang/IllegalArgumentException'{0x0000040029f5df88}: Wrong type at constant pool index> (0x0000040029f5df88) 
thrown [s\src\hotspot\share\prims\jvm.cpp, line 2168]
Event: 8.288 Thread 0x00000206c947ff00 Exception <a 'java/lang/IllegalArgumentException'{0x0000040029ca6b30}: Wrong type at constant pool index> (0x0000040029ca6b30) 
thrown [s\src\hotspot\share\prims\jvm.cpp, line 2168]
Event: 8.288 Thread 0x00000206c9480590 Exception <a 'java/lang/IllegalArgumentException'{0x00000400c7122778}: Wrong type at constant pool index> (0x00000400c7122778) 
thrown [s\src\hotspot\share\prims\jvm.cpp, line 2168]
Event: 8.288 Thread 0x00000206c947ff00 Exception <a 'java/lang/IllegalArgumentException'{0x0000040029ca72a8}: Wrong type at constant pool index> (0x0000040029ca72a8) 
thrown [s\src\hotspot\share\prims\jvm.cpp, line 2168]
Event: 8.288 Thread 0x00000206c9480590 Exception <a 'java/lang/IllegalArgumentException'{0x00000400c7122ef0}: Wrong type at constant pool index> (0x00000400c7122ef0) 
thrown [s\src\hotspot\share\prims\jvm.cpp, line 2168]
Event: 8.291 Thread 0x00000206c947de30 Exception <a 'java/lang/IllegalArgumentException'{0x00000400d00169a0}: Wrong type at constant pool index> (0x00000400d00169a0) 
thrown [s\src\hotspot\share\prims\jvm.cpp, line 2168]
Event: 8.291 Thread 0x00000206c947de30 Exception <a 'java/lang/IllegalArgumentException'{0x00000400d0017460}: Wrong type at constant pool index> (0x00000400d0017460) 
thrown [s\src\hotspot\share\prims\jvm.cpp, line 2168]
Event: 8.307 Thread 0x00000206c947f870 Exception <a 'java/lang/NoSuchMethodError'{0x00000400d12bd6e8}: 'java.lang.Object java.lang.invoke.DirectMethodHandle$Holder.invokeStaticInit(java.lang.Object, java.lang.Object, java.lang.Object, int)'> (0x00000400d12bd6e8) 
thrown [s\src\hotspot\share\interpreter\linkResolver.cpp, line 773]
Event: 8.332 Thread 0x00000206c947f870 Exception <a 'java/lang/IllegalArgumentException'{0x00000400d34855a0}: Wrong type at constant pool index> (0x00000400d34855a0) 
thrown [s\src\hotspot\share\prims\jvm.cpp, line 2168]
Event: 8.332 Thread 0x00000206c947f870 Exception <a 'java/lang/IllegalArgumentException'{0x00000400d3485d18}: Wrong type at constant pool index> (0x00000400d3485d18) 
thrown [s\src\hotspot\share\prims\jvm.cpp, line 2168]
Event: 8.332 Thread 0x00000206c947f870 Exception <a 'java/lang/IllegalArgumentException'{0x00000400d348a180}: Wrong type at constant pool index> (0x00000400d348a180) 
thrown [s\src\hotspot\share\prims\jvm.cpp, line 2168]
Event: 8.332 Thread 0x00000206c947f870 Exception <a 'java/lang/IllegalArgumentException'{0x00000400d348a8f8}: Wrong type at constant pool index> (0x00000400d348a8f8) 
thrown [s\src\hotspot\share\prims\jvm.cpp, line 2168]
Event: 8.333 Thread 0x00000206c947f870 Exception <a 'java/lang/IllegalArgumentException'{0x00000400d34a6198}: Wrong type at constant pool index> (0x00000400d34a6198) 
thrown [s\src\hotspot\share\prims\jvm.cpp, line 2168]
Event: 8.333 Thread 0x00000206c947f870 Exception <a 'java/lang/IllegalArgumentException'{0x00000400d34a6910}: Wrong type at constant pool index> (0x00000400d34a6910) 
thrown [s\src\hotspot\share\prims\jvm.cpp, line 2168]
Event: 8.333 Thread 0x00000206c947f870 Exception <a 'java/lang/IllegalArgumentException'{0x00000400d34d72f0}: Wrong type at constant pool index> (0x00000400d34d72f0) 
thrown [s\src\hotspot\share\prims\jvm.cpp, line 2168]
Event: 8.333 Thread 0x00000206c947f870 Exception <a 'java/lang/IllegalArgumentException'{0x00000400d34d7a68}: Wrong type at constant pool index> (0x00000400d34d7a68) 
thrown [s\src\hotspot\share\prims\jvm.cpp, line 2168]
Event: 8.333 Thread 0x00000206c947f870 Exception <a 'java/lang/IllegalArgumentException'{0x00000400d34ea958}: Wrong type at constant pool index> (0x00000400d34ea958) 
thrown [s\src\hotspot\share\prims\jvm.cpp, line 2168]
Event: 8.333 Thread 0x00000206c947f870 Exception <a 'java/lang/IllegalArgumentException'{0x00000400d34eb418}: Wrong type at constant pool index> (0x00000400d34eb418) 
thrown [s\src\hotspot\share\prims\jvm.cpp, line 2168]
Event: 9.193 Thread 0x00000206c947c3f0 Exception <a 'sun/nio/fs/WindowsException'{0x00000400c76d5898}> (0x00000400c76d5898) 
thrown [s\src\hotspot\share\prims\jni.cpp, line 520]
Event: 9.193 Thread 0x00000206c947c3f0 Exception <a 'sun/nio/fs/WindowsException'{0x00000400c76d5eb0}> (0x00000400c76d5eb0) 
thrown [s\src\hotspot\share\prims\jni.cpp, line 520]
Event: 10.450 Thread 0x00000206c70221b0 Implicit null exception at 0x00000202b89b0f5e to 0x00000202b89b5d40
Event: 10.450 Thread 0x00000206c70221b0 Exception <a 'java/lang/NoSuchMethodError'{0x000004007b9edd90}: 'java.lang.Object java.lang.invoke.Invokers$Holder.invoke_MT(java.lang.Object, java.lang.Object, java.lang.Object, java.lang.Object, java.lang.Object)'> (0x000004007b9edd90) 
thrown [s\src\hotspot\share\interpreter\linkResolver.cpp, line 773]
Event: 10.477 Thread 0x00000206c70221b0 Exception <a 'java/lang/IncompatibleClassChangeError'{0x000004010f1698a8}: Found class java.lang.Object, but interface was expected> (0x000004010f1698a8) 
thrown [s\src\hotspot\share\interpreter\linkResolver.cpp, line 840]
Event: 10.478 Thread 0x00000206c70221b0 Exception <a 'java/lang/IncompatibleClassChangeError'{0x000004010f196be8}: Found class java.lang.Object, but interface was expected> (0x000004010f196be8) 
thrown [s\src\hotspot\share\interpreter\linkResolver.cpp, line 840]
Event: 10.478 Thread 0x00000206c70221b0 Exception <a 'java/lang/IncompatibleClassChangeError'{0x000004010f19dee8}: Found class java.lang.Object, but interface was expected> (0x000004010f19dee8) 
thrown [s\src\hotspot\share\interpreter\linkResolver.cpp, line 840]
Event: 10.478 Thread 0x00000206c70221b0 Exception <a 'java/lang/IncompatibleClassChangeError'{0x000004010f1ab8a8}: Found class java.lang.Object, but interface was expected> (0x000004010f1ab8a8) 
thrown [s\src\hotspot\share\interpreter\linkResolver.cpp, line 840]
Event: 10.478 Thread 0x00000206c70221b0 Exception <a 'java/lang/IncompatibleClassChangeError'{0x000004010f1af0f8}: Found class java.lang.Object, but interface was expected> (0x000004010f1af0f8) 
thrown [s\src\hotspot\share\interpreter\linkResolver.cpp, line 840]
Event: 10.479 Thread 0x00000206c70221b0 Exception <a 'java/lang/IncompatibleClassChangeError'{0x000004010f1b2948}: Found class java.lang.Object, but interface was expected> (0x000004010f1b2948) 
thrown [s\src\hotspot\share\interpreter\linkResolver.cpp, line 840]
Event: 10.479 Thread 0x00000206c70221b0 Exception <a 'java/lang/IncompatibleClassChangeError'{0x000004010f1b6198}: Found class java.lang.Object, but interface was expected> (0x000004010f1b6198) 
thrown [s\src\hotspot\share\interpreter\linkResolver.cpp, line 840]
Event: 10.479 Thread 0x00000206c70221b0 Exception <a 'java/lang/IncompatibleClassChangeError'{0x000004010f1b99e0}: Found class java.lang.Object, but interface was expected> (0x000004010f1b99e0) 
thrown [s\src\hotspot\share\interpreter\linkResolver.cpp, line 840]
Event: 10.479 Thread 0x00000206c70221b0 Exception <a 'java/lang/IncompatibleClassChangeError'{0x000004010f1bd228}: Found class java.lang.Object, but interface was expected> (0x000004010f1bd228) 
thrown [s\src\hotspot\share\interpreter\linkResolver.cpp, line 840]
Event: 10.479 Thread 0x00000206c70221b0 Exception <a 'java/lang/IncompatibleClassChangeError'{0x000004010f1d4be0}: Found class java.lang.Object, but interface was expected> (0x000004010f1d4be0) 
thrown [s\src\hotspot\share\interpreter\linkResolver.cpp, line 840]
Event: 10.479 Thread 0x00000206c70221b0 Exception <a 'java/lang/IncompatibleClassChangeError'{0x000004010f1dbcf0}: Found class java.lang.Object, but interface was expected> (0x000004010f1dbcf0) 
thrown [s\src\hotspot\share\interpreter\linkResolver.cpp, line 840]
Event: 10.479 Thread 0x00000206c70221b0 Exception <a 'java/lang/IncompatibleClassChangeError'{0x000004010f1df548}: Found class java.lang.Object, but interface was expected> (0x000004010f1df548) 
thrown [s\src\hotspot\share\interpreter\linkResolver.cpp, line 840]
Event: 10.479 Thread 0x00000206c70221b0 Exception <a 'java/lang/IncompatibleClassChangeError'{0x000004010f1e2da0}: Found class java.lang.Object, but interface was expected> (0x000004010f1e2da0) 
thrown [s\src\hotspot\share\interpreter\linkResolver.cpp, line 840]
Event: 10.479 Thread 0x00000206c70221b0 Exception <a 'java/lang/IncompatibleClassChangeError'{0x000004010f1e65f0}: Found class java.lang.Object, but interface was expected> (0x000004010f1e65f0) 
thrown [s\src\hotspot\share\interpreter\linkResolver.cpp, line 840]
Event: 10.480 Thread 0x00000206c70221b0 Exception <a 'java/lang/IncompatibleClassChangeError'{0x000004010f1e9e40}: Found class java.lang.Object, but interface was expected> (0x000004010f1e9e40) 
thrown [s\src\hotspot\share\interpreter\linkResolver.cpp, line 840]
Event: 10.480 Thread 0x00000206c70221b0 Exception <a 'java/lang/IncompatibleClassChangeError'{0x000004010f1f0a10}: Found class java.lang.Object, but interface was expected> (0x000004010f1f0a10) 
thrown [s\src\hotspot\share\interpreter\linkResolver.cpp, line 840]
Event: 10.480 Thread 0x00000206c70221b0 Exception <a 'java/lang/IncompatibleClassChangeError'{0x000004010f202968}: Found class java.lang.Object, but interface was expected> (0x000004010f202968) 
thrown [s\src\hotspot\share\interpreter\linkResolver.cpp, line 840]
Event: 10.480 Thread 0x00000206c70221b0 Exception <a 'java/lang/IncompatibleClassChangeError'{0x000004010f21b8d0}: Found class java.lang.Object, but interface was expected> (0x000004010f21b8d0) 
thrown [s\src\hotspot\share\interpreter\linkResolver.cpp, line 840]
Event: 10.954 Thread 0x00000206c70221b0 Exception <a 'java/lang/NoSuchMethodError'{0x000004012b9376e0}: 'int java.lang.invoke.DelegatingMethodHandle$Holder.reinvoke_L(java.lang.Object, double, double)'> (0x000004012b9376e0) 
thrown [s\src\hotspot\share\interpreter\linkResolver.cpp, line 773]
Event: 10.973 Thread 0x00000206c70221b0 Exception <a 'java/lang/NoSuchMethodError'{0x000004012bef5b08}: 'java.lang.Object java.lang.invoke.DirectMethodHandle$Holder.invokeStatic(java.lang.Object, java.lang.Object, java.lang.Object, int, java.lang.Object, java.lang.Object)'> (0x000004012bef5b08) 
thrown [s\src\hotspot\share\interpreter\linkResolver.cpp, line 773]
Event: 10.976 Thread 0x00000206c70221b0 Exception <a 'java/lang/NoSuchMethodError'{0x000004012bfe0708}: 'java.lang.Object java.lang.invoke.DirectMethodHandle$Holder.invokeStaticInit(java.lang.Object, int, java.lang.Object, java.lang.Object)'> (0x000004012bfe0708) 
thrown [s\src\hotspot\share\interpreter\linkResolver.cpp, line 773]
Event: 10.981 Thread 0x00000206c70221b0 Exception <a 'java/lang/NoSuchMethodError'{0x000004012c1be4f0}: 'java.lang.Object java.lang.invoke.DirectMethodHandle$Holder.invokeVirtual(java.lang.Object, java.lang.Object, int, java.lang.Object)'> (0x000004012c1be4f0) 
thrown [s\src\hotspot\share\interpreter\linkResolver.cpp, line 773]
Event: 11.014 Thread 0x00000206c70221b0 Exception <a 'java/lang/NoSuchMethodError'{0x00000400977ac078}: 'java.lang.Object java.lang.invoke.DirectMethodHandle$Holder.newInvokeSpecial(java.lang.Object, java.lang.Object, java.lang.Object, java.lang.Object, float)'> (0x00000400977ac078) 
thrown [s\src\hotspot\share\interpreter\linkResolver.cpp, line 773]
Event: 11.052 Thread 0x00000206c70221b0 Implicit null exception at 0x00000202b87adaf6 to 0x00000202b87adc98
Event: 11.052 Thread 0x00000206c70221b0 Implicit null exception at 0x00000202b8fbf170 to 0x00000202b8fbf245
Event: 11.076 Thread 0x00000206c70221b0 Exception <a 'java/lang/NoSuchMethodError'{0x0000040113cd3440}: 'double java.lang.invoke.DirectMethodHandle$Holder.invokeStatic(java.lang.Object)'> (0x0000040113cd3440) 
thrown [s\src\hotspot\share\interpreter\linkResolver.cpp, line 773]
Event: 11.076 Thread 0x00000206c70221b0 Exception <a 'java/lang/NoSuchMethodError'{0x0000040113cd75e0}: 'double java.lang.invoke.DirectMethodHandle$Holder.invokeStaticInit(java.lang.Object)'> (0x0000040113cd75e0) 
thrown [s\src\hotspot\share\interpreter\linkResolver.cpp, line 773]
Event: 11.716 Thread 0x00000206c70221b0 Implicit null exception at 0x00000202b8ef3f06 to 0x00000202b8ef42d4
Event: 11.716 Thread 0x00000206c70221b0 Implicit null exception at 0x00000202b9172ebf to 0x00000202b9174588
Event: 11.759 Thread 0x00000202ace20540 Exception <a 'sun/nio/fs/WindowsException'{0x00000401281c3cf0}> (0x00000401281c3cf0) 
thrown [s\src\hotspot\share\prims\jni.cpp, line 520]
Event: 11.769 Thread 0x00000202ace20540 Exception <a 'java/lang/NoSuchMethodError'{0x0000040126381ab8}: 'java.lang.Object java.lang.invoke.DirectMethodHandle$Holder.invokeSpecialIFC(java.lang.Object, java.lang.Object, java.lang.Object, java.lang.Object, java.lang.Object, java.lang.Object, java.lang.Object, java.lang.Object, java.lang.Object, java.lang.Object, java.lang.Object, java.lang.Object)'> (0x0000040126381ab8) 
thrown [s\src\hotspot\share\interpreter\linkResolver.cpp, line 773]
Event: 11.785 Thread 0x00000202ace20540 Exception <a 'java/lang/NoSuchMethodError'{0x00000401235ae6f0}: 'java.lang.Object java.lang.invoke.DelegatingMethodHandle$Holder.reinvoke_L(java.lang.Object, int, java.lang.Object, java.lang.Object, java.lang.Object, long)'> (0x00000401235ae6f0) 
thrown [s\src\hotspot\share\interpreter\linkResolver.cpp, line 773]
Event: 11.801 Thread 0x00000202ace20540 Exception <a 'sun/nio/fs/WindowsException'{0x000004011d5203a0}> (0x000004011d5203a0) 
thrown [s\src\hotspot\share\prims\jni.cpp, line 520]
Event: 11.813 Thread 0x00000202ace20540 Exception <a 'sun/nio/fs/WindowsException'{0x0000040117b66760}> (0x0000040117b66760) 
thrown [s\src\hotspot\share\prims\jni.cpp, line 520]
Event: 11.813 Thread 0x00000202ace20540 Exception <a 'sun/nio/fs/WindowsException'{0x0000040117b67200}> (0x0000040117b67200) 
thrown [s\src\hotspot\share\prims\jni.cpp, line 520]
Event: 11.817 Thread 0x00000202ace20540 Exception <a 'sun/nio/fs/WindowsException'{0x00000401186caf80}> (0x00000401186caf80) 
thrown [s\src\hotspot\share\prims\jni.cpp, line 520]
Event: 11.818 Thread 0x00000202ace20540 Exception <a 'sun/nio/fs/WindowsException'{0x00000401186cc0b8}> (0x00000401186cc0b8) 
thrown [s\src\hotspot\share\prims\jni.cpp, line 520]
Event: 11.818 Thread 0x00000202ace20540 Exception <a 'sun/nio/fs/WindowsException'{0x00000401186cc548}> (0x00000401186cc548) 
thrown [s\src\hotspot\share\prims\jni.cpp, line 520]
Event: 11.831 Thread 0x00000202ace20540 Exception <a 'java/lang/NoSuchMethodError'{0x000004011787cac8}: 'void java.lang.invoke.DirectMethodHandle$Holder.invokeStatic(java.lang.Object, java.lang.Object, java.lang.Object, float)'> (0x000004011787cac8) 
thrown [s\src\hotspot\share\interpreter\linkResolver.cpp, line 773]
Event: 11.876 Thread 0x00000202ace20540 Exception <a 'java/lang/NoSuchMethodError'{0x00000400b91250e8}: 'java.lang.Object java.lang.invoke.DirectMethodHandle$Holder.invokeSpecial(java.lang.Object, java.lang.Object, java.lang.Object, java.lang.Object, java.lang.Object, java.lang.Object, java.lang.Object, java.lang.Object, java.lang.Object, java.lang.Object, java.lang.Object, java.lang.Object, java.lang.Object, java.lang.Object, java.lang.Object, java.lang.Object)'> (0x00000400b91250e8) 
thrown [s\src\hotspot\share\interpreter\linkResolver.cpp, li
Event: 11.877 Thread 0x00000202ace20540 Exception <a 'java/lang/NoSuchMethodError'{0x00000400b91622b0}: 'java.lang.Object java.lang.invoke.Invokers$Holder.invoker(java.lang.Object, java.lang.Object, java.lang.Object, java.lang.Object, java.lang.Object, java.lang.Object, java.lang.Object, java.lang.Object, java.lang.Object, java.lang.Object, java.lang.Object, java.lang.Object, java.lang.Object, java.lang.Object, java.lang.Object, java.lang.Object, java.lang.Object, java.lang.Object, java.lang.Object, java.lang.Object, java.lang.Object)'> (0x00000
Event: 11.877 Thread 0x00000202ace20540 Exception <a 'java/lang/NoSuchMethodError'{0x00000400b91709a0}: 'java.lang.Object java.lang.invoke.DelegatingMethodHandle$Holder.delegate(java.lang.Object, java.lang.Object, java.lang.Object, java.lang.Object, java.lang.Object, java.lang.Object, java.lang.Object, java.lang.Object, java.lang.Object, java.lang.Object, java.lang.Object, java.lang.Object, java.lang.Object, java.lang.Object, java.lang.Object, java.lang.Object, java.lang.Object, java.lang.Object, java.lang.Object, java.lang.Object, java.lang.Obj
Event: 11.949 Thread 0x00000202ace20540 Exception <a 'java/lang/NoSuchMethodError'{0x00000400cb619fc0}: 'java.lang.Object java.lang.invoke.DirectMethodHandle$Holder.invokeStaticInit(java.lang.Object, java.lang.Object, java.lang.Object, double, double, double, double, double, double)'> (0x00000400cb619fc0) 
thrown [s\src\hotspot\share\interpreter\linkResolver.cpp, line 773]
Event: 12.047 Thread 0x00000202ace20540 Exception <a 'sun/nio/fs/WindowsException'{0x00000401218f8ae8}> (0x00000401218f8ae8) 
thrown [s\src\hotspot\share\prims\jni.cpp, line 520]
Event: 12.086 Thread 0x00000202ace20540 Exception <a 'sun/nio/fs/WindowsException'{0x000004011f31b5f0}> (0x000004011f31b5f0) 
thrown [s\src\hotspot\share\prims\jni.cpp, line 520]
Event: 12.135 Thread 0x00000202ace20540 Implicit null exception at 0x00000202b8f145bf to 0x00000202b8f156fc
Event: 12.226 Thread 0x00000202ace20540 Exception <a 'java/lang/IllegalArgumentException'{0x00000400ff1b19b8}: Wrong type at constant pool index> (0x00000400ff1b19b8) 
thrown [s\src\hotspot\share\prims\jvm.cpp, line 2168]
Event: 12.226 Thread 0x00000202ace20540 Exception <a 'java/lang/IllegalArgumentException'{0x00000400ff1b27c0}: Wrong type at constant pool index> (0x00000400ff1b27c0) 
thrown [s\src\hotspot\share\prims\jvm.cpp, line 2168]
Event: 12.243 Thread 0x00000202ace20540 Exception <a 'java/lang/NoSuchMethodError'{0x00000400fdccc920}: 'java.lang.Object java.lang.invoke.DirectMethodHandle$Holder.invokeStatic(java.lang.Object, float, float, float)'> (0x00000400fdccc920) 
thrown [s\src\hotspot\share\interpreter\linkResolver.cpp, line 773]
Event: 12.243 Thread 0x00000202ace20540 Exception <a 'java/lang/NoSuchMethodError'{0x00000400fdcd0d70}: 'java.lang.Object java.lang.invoke.DirectMethodHandle$Holder.invokeStaticInit(java.lang.Object, float, float, float)'> (0x00000400fdcd0d70) 
thrown [s\src\hotspot\share\interpreter\linkResolver.cpp, line 773]
Event: 12.243 Thread 0x00000202ace20540 Exception <a 'java/lang/NoSuchMethodError'{0x00000400fdcdef20}: 'java.lang.Object java.lang.invoke.DirectMethodHandle$Holder.invokeStatic(java.lang.Object, double, double, double)'> (0x00000400fdcdef20) 
thrown [s\src\hotspot\share\interpreter\linkResolver.cpp, line 773]
Event: 12.243 Thread 0x00000202ace20540 Exception <a 'java/lang/NoSuchMethodError'{0x00000400fdce3378}: 'java.lang.Object java.lang.invoke.DirectMethodHandle$Holder.invokeStaticInit(java.lang.Object, double, double, double)'> (0x00000400fdce3378) 
thrown [s\src\hotspot\share\interpreter\linkResolver.cpp, line 773]
Event: 12.244 Thread 0x00000202ace20540 Exception <a 'java/lang/NoSuchMethodError'{0x00000400fdd20040}: 'java.lang.Object java.lang.invoke.DirectMethodHandle$Holder.invokeStaticInit(java.lang.Object, java.lang.Object, float, java.lang.Object, int, int, float)'> (0x00000400fdd20040) 
thrown [s\src\hotspot\share\interpreter\linkResolver.cpp, line 773]
Event: 12.246 Thread 0x00000202ace20540 Exception <a 'java/lang/IncompatibleClassChangeError'{0x00000400fddada78}: Found class java.lang.Object, but interface was expected> (0x00000400fddada78) 
thrown [s\src\hotspot\share\interpreter\linkResolver.cpp, line 840]
Event: 12.246 Thread 0x00000202ace20540 Exception <a 'java/lang/IncompatibleClassChangeError'{0x00000400fddb0df8}: Found class java.lang.Object, but interface was expected> (0x00000400fddb0df8) 
thrown [s\src\hotspot\share\interpreter\linkResolver.cpp, line 840]
Event: 12.269 Thread 0x000002071eea8320 Exception <a 'sun/nio/fs/WindowsException'{0x00000400b3272810}> (0x00000400b3272810) 
thrown [s\src\hotspot\share\prims\jni.cpp, line 520]
Event: 12.271 Thread 0x00000202ace20540 Exception <a 'java/lang/UnsatisfiedLinkError'{0x00000400fd25ec20}: The specified procedure could not be found.
> (0x00000400fd25ec20) 
thrown [s\src\hotspot\share\prims\jni.cpp, line 539]
Event: 12.282 Thread 0x00000202ace20540 Implicit null exception at 0x00000202b92505e6 to 0x00000202b9251318
Event: 12.361 Thread 0x00000202ace20540 Exception <a 'java/lang/NoSuchMethodError'{0x00000400f6eff5f8}: 'void java.lang.invoke.DirectMethodHandle$Holder.invokeStaticInit(java.lang.Object, java.lang.Object, java.lang.Object, java.lang.Object, int, int)'> (0x00000400f6eff5f8) 
thrown [s\src\hotspot\share\interpreter\linkResolver.cpp, line 773]
Event: 12.368 Thread 0x00000202ace20540 Exception <a 'java/lang/IncompatibleClassChangeError'{0x00000400f66a05f8}: Found class java.lang.Object, but interface was expected> (0x00000400f66a05f8) 
thrown [s\src\hotspot\share\interpreter\linkResolver.cpp, line 840]
Event: 12.368 Thread 0x00000202ace20540 Exception <a 'java/lang/IncompatibleClassChangeError'{0x00000400f66a37b0}: Found class java.lang.Object, but interface was expected> (0x00000400f66a37b0) 
thrown [s\src\hotspot\share\interpreter\linkResolver.cpp, line 840]
Event: 12.372 Thread 0x00000202ace20540 Exception <a 'java/lang/IncompatibleClassChangeError'{0x00000400f6413718}: Found class java.lang.Object, but interface was expected> (0x00000400f6413718) 
thrown [s\src\hotspot\share\interpreter\linkResolver.cpp, line 840]
Event: 12.373 Thread 0x00000202ace20540 Exception <a 'java/lang/IncompatibleClassChangeError'{0x00000400f6422f90}: Found class java.lang.Object, but interface was expected> (0x00000400f6422f90) 
thrown [s\src\hotspot\share\interpreter\linkResolver.cpp, line 840]
Event: 12.385 Thread 0x000002071eea8320 Exception <a 'java/lang/NoSuchMethodError'{0x00000400b32b85c8}: 'java.lang.Object java.lang.invoke.DirectMethodHandle$Holder.newInvokeSpecial(java.lang.Object, java.lang.Object, java.lang.Object, java.lang.Object, int, java.lang.Object)'> (0x00000400b32b85c8) 
thrown [s\src\hotspot\share\interpreter\linkResolver.cpp, line 773]
Event: 12.385 Thread 0x00000202ace20540 Exception <a 'java/lang/NoSuchMethodError'{0x00000400f5ddab28}: 'void java.lang.invoke.DirectMethodHandle$Holder.invokeSpecialIFC(java.lang.Object, java.lang.Object, java.lang.Object, java.lang.Object)'> (0x00000400f5ddab28) 
thrown [s\src\hotspot\share\interpreter\linkResolver.cpp, line 773]
Event: 12.385 Thread 0x000002071eea8320 Exception <a 'java/lang/NoSuchMethodError'{0x00000400b32c1a70}: 'java.lang.Object java.lang.invoke.Invokers$Holder.linkToTargetMethod(java.lang.Object, java.lang.Object, java.lang.Object, int, java.lang.Object, java.lang.Object)'> (0x00000400b32c1a70) 
thrown [s\src\hotspot\share\interpreter\linkResolver.cpp, line 773]
Event: 12.387 Thread 0x000002071eead870 Exception <a 'java/lang/IllegalArgumentException'{0x00000400f5ac5640}: Wrong type at constant pool index> (0x00000400f5ac5640) 
thrown [s\src\hotspot\share\prims\jvm.cpp, line 2168]
Event: 12.387 Thread 0x000002071eead870 Exception <a 'java/lang/IllegalArgumentException'{0x00000400f5ac6100}: Wrong type at constant pool index> (0x00000400f5ac6100) 
thrown [s\src\hotspot\share\prims\jvm.cpp, line 2168]
Event: 12.387 Thread 0x000002071eead870 Exception <a 'java/lang/IllegalArgumentException'{0x00000400f5aca570}: Wrong type at constant pool index> (0x00000400f5aca570) 
thrown [s\src\hotspot\share\prims\jvm.cpp, line 2168]
Event: 12.387 Thread 0x000002071eead870 Exception <a 'java/lang/IllegalArgumentException'{0x00000400f5acb030}: Wrong type at constant pool index> (0x00000400f5acb030) 
thrown [s\src\hotspot\share\prims\jvm.cpp, line 2168]
Event: 12.387 Thread 0x000002071eead870 Exception <a 'java/lang/IllegalArgumentException'{0x00000400f5acf6f0}: Wrong type at constant pool index> (0x00000400f5acf6f0) 
thrown [s\src\hotspot\share\prims\jvm.cpp, line 2168]
Event: 12.387 Thread 0x000002071eead870 Exception <a 'java/lang/IllegalArgumentException'{0x00000400f5ad01b0}: Wrong type at constant pool index> (0x00000400f5ad01b0) 
thrown [s\src\hotspot\share\prims\jvm.cpp, line 2168]
Event: 12.389 Thread 0x000002071eead870 Exception <a 'java/lang/IllegalArgumentException'{0x00000400f5ae4fa0}: Wrong type at constant pool index> (0x00000400f5ae4fa0) 
thrown [s\src\hotspot\share\prims\jvm.cpp, line 2168]
Event: 12.389 Thread 0x000002071eead870 Exception <a 'java/lang/IllegalArgumentException'{0x00000400f5ae5a60}: Wrong type at constant pool index> (0x00000400f5ae5a60) 
thrown [s\src\hotspot\share\prims\jvm.cpp, line 2168]
Event: 12.389 Thread 0x000002071eead870 Exception <a 'java/lang/IllegalArgumentException'{0x00000400f5ae9f70}: Wrong type at constant pool index> (0x00000400f5ae9f70) 
thrown [s\src\hotspot\share\prims\jvm.cpp, line 2168]
Event: 12.389 Thread 0x000002071eead870 Exception <a 'java/lang/IllegalArgumentException'{0x00000400f5aeaa30}: Wrong type at constant pool index> (0x00000400f5aeaa30) 
thrown [s\src\hotspot\share\prims\jvm.cpp, line 2168]
Event: 12.389 Thread 0x000002071eead870 Exception <a 'java/lang/IllegalArgumentException'{0x00000400f5af0748}: Wrong type at constant pool index> (0x00000400f5af0748) 
thrown [s\src\hotspot\share\prims\jvm.cpp, line 2168]
Event: 12.389 Thread 0x000002071eead870 Exception <a 'java/lang/IllegalArgumentException'{0x00000400f5af1208}: Wrong type at constant pool index> (0x00000400f5af1208) 
thrown [s\src\hotspot\share\prims\jvm.cpp, line 2168]
Event: 12.400 Thread 0x000002071eea8320 Exception <a 'java/lang/NoSuchMethodError'{0x000004012c783ad8}: 'float java.lang.invoke.DirectMethodHandle$Holder.invokeInterface(java.lang.Object, java.lang.Object)'> (0x000004012c783ad8) 
thrown [s\src\hotspot\share\interpreter\linkResolver.cpp, line 773]
Event: 12.404 Thread 0x000002071eea96d0 Exception <a 'java/lang/NoSuchMethodError'{0x00000400f46a1af0}: 'java.lang.Object java.lang.invoke.DirectMethodHandle$Holder.newInvokeSpecial(java.lang.Object, java.lang.Object, int, int, java.lang.Object)'> (0x00000400f46a1af0) 
thrown [s\src\hotspot\share\interpreter\linkResolver.cpp, line 773]
Event: 12.420 Thread 0x000002071eea8320 Exception <a 'java/lang/IncompatibleClassChangeError'{0x00000400f32ab580}: Found class java.lang.Object, but interface was expected> (0x00000400f32ab580) 
thrown [s\src\hotspot\share\interpreter\linkResolver.cpp, line 840]
Event: 12.421 Thread 0x000002071eea8320 Exception <a 'java/lang/NoSuchMethodError'{0x00000400f32b2160}: 'java.lang.Object java.lang.invoke.DirectMethodHandle$Holder.invokeSpecialIFC(java.lang.Object, java.lang.Object, java.lang.Object, java.lang.Object, java.lang.Object, java.lang.Object)'> (0x00000400f32b2160) 
thrown [s\src\hotspot\share\interpreter\linkResolver.cpp, line 773]
Event: 12.431 Thread 0x00000202ace20540 Exception <a 'java/lang/NoSuchMethodError'{0x00000400f19a4930}: 'java.lang.Object java.lang.invoke.DirectMethodHandle$Holder.invokeStatic(java.lang.Object, java.lang.Object, int, java.lang.Object, java.lang.Object)'> (0x00000400f19a4930) 
thrown [s\src\hotspot\share\interpreter\linkResolver.cpp, line 773]
Event: 12.450 Thread 0x00000202ace20540 Exception <a 'java/lang/NoSuchMethodError'{0x00000400f027de48}: 'void java.lang.invoke.DirectMethodHandle$Holder.invokeStatic(java.lang.Object, java.lang.Object, java.lang.Object, int, java.lang.Object, java.lang.Object)'> (0x00000400f027de48) 
thrown [s\src\hotspot\share\interpreter\linkResolver.cpp, line 773]
Event: 12.459 Thread 0x00000202ace20540 Exception <a 'java/lang/NoSuchMethodError'{0x00000400ed2960d8}: 'void java.lang.invoke.DirectMethodHandle$Holder.invokeStaticInit(java.lang.Object, java.lang.Object, int, int, float)'> (0x00000400ed2960d8) 
thrown [s\src\hotspot\share\interpreter\linkResolver.cpp, line 773]
Event: 12.467 Thread 0x000002071eeab110 Exception <a 'java/lang/IllegalArgumentException'{0x00000400ed1b2070}: Wrong type at constant pool index> (0x00000400ed1b2070) 
thrown [s\src\hotspot\share\prims\jvm.cpp, line 2168]
Event: 12.467 Thread 0x000002071eeab110 Exception <a 'java/lang/IllegalArgumentException'{0x00000400ed1b27e8}: Wrong type at constant pool index> (0x00000400ed1b27e8) 
thrown [s\src\hotspot\share\prims\jvm.cpp, line 2168]
Event: 12.496 Thread 0x000002071eea96d0 Exception <a 'java/lang/NoSuchMethodError'{0x00000400e68e2ed8}: 'java.lang.Object java.lang.invoke.DirectMethodHandle$Holder.invokeSpecial(java.lang.Object, java.lang.Object, java.lang.Object, java.lang.Object, int, int)'> (0x00000400e68e2ed8) 
thrown [s\src\hotspot\share\interpreter\linkResolver.cpp, line 773]
Event: 12.497 Thread 0x000002071eea96d0 Exception <a 'java/lang/NoSuchMethodError'{0x00000400e68e7440}: 'java.lang.Object java.lang.invoke.Invokers$Holder.linkToTargetMethod(java.lang.Object, java.lang.Object, int, int, java.lang.Object)'> (0x00000400e68e7440) 
thrown [s\src\hotspot\share\interpreter\linkResolver.cpp, line 773]
Event: 12.499 Thread 0x000002071eea96d0 Exception <a 'java/lang/NoSuchMethodError'{0x00000400e68ef608}: 'void java.lang.invoke.DirectMethodHandle$Holder.invokeStatic(java.lang.Object, int, java.lang.Object)'> (0x00000400e68ef608) 
thrown [s\src\hotspot\share\interpreter\linkResolver.cpp, line 773]
Event: 12.789 Thread 0x000002071eea9d60 Exception <a 'java/lang/NoSuchMethodError'{0x0000040059511f08}: 'int java.lang.invoke.DirectMethodHandle$Holder.invokeVirtual(java.lang.Object, java.lang.Object, java.lang.Object, java.lang.Object)'> (0x0000040059511f08) 
thrown [s\src\hotspot\share\interpreter\linkResolver.cpp, line 773]
Event: 12.795 Thread 0x000002071eea9d60 Exception <a 'java/lang/NoSuchMethodError'{0x00000400595bbb58}: 'void java.lang.invoke.DirectMethodHandle$Holder.invokeSpecial(java.lang.Object, java.lang.Object, java.lang.Object, java.lang.Object, java.lang.Object, java.lang.Object, java.lang.Object)'> (0x00000400595bbb58) 
thrown [s\src\hotspot\share\interpreter\linkResolver.cpp, line 773]
Event: 12.804 Thread 0x000002071eea9d60 Exception <a 'java/lang/NoSuchMethodError'{0x0000040058ce6320}: 'void java.lang.invoke.DirectMethodHandle$Holder.invokeSpecial(java.lang.Object, java.lang.Object, int, java.lang.Object)'> (0x0000040058ce6320) 
thrown [s\src\hotspot\share\interpreter\linkResolver.cpp, line 773]
Event: 12.829 Thread 0x00000202ace20540 Exception <a 'java/lang/NoSuchMethodError'{0x0000040053aa0fa8}: 'java.lang.Object java.lang.invoke.DirectMethodHandle$Holder.invokeStatic(java.lang.Object, java.lang.Object, int, java.lang.Object, java.lang.Object, java.lang.Object)'> (0x0000040053aa0fa8) 
thrown [s\src\hotspot\share\interpreter\linkResolver.cpp, line 773]
Event: 12.833 Thread 0x00000202ace20540 Exception <a 'java/lang/NoSuchMethodError'{0x0000040053b00c70}: 'java.lang.Object java.lang.invoke.Invokers$Holder.linkToTargetMethod(java.lang.Object, java.lang.Object, java.lang.Object, int, int, int, java.lang.Object)'> (0x0000040053b00c70) 
thrown [s\src\hotspot\share\interpreter\linkResolver.cpp, line 773]
Event: 12.835 Thread 0x00000202ace20540 Exception <a 'java/lang/NoSuchMethodError'{0x0000040053b39b40}: 'java.lang.Object java.lang.invoke.DirectMethodHandle$Holder.newInvokeSpecial(java.lang.Object, java.lang.Object, java.lang.Object, java.lang.Object, java.lang.Object, float)'> (0x0000040053b39b40) 
thrown [s\src\hotspot\share\interpreter\linkResolver.cpp, line 773]
Event: 12.836 Thread 0x00000202ace20540 Exception <a 'java/lang/NoSuchMethodError'{0x0000040053b3f298}: 'java.lang.Object java.lang.invoke.DirectMethodHandle$Holder.invokeSpecial(java.lang.Object, java.lang.Object, java.lang.Object, java.lang.Object, java.lang.Object, java.lang.Object, float)'> (0x0000040053b3f298) 
thrown [s\src\hotspot\share\interpreter\linkResolver.cpp, line 773]
Event: 12.850 Thread 0x00000202ace20540 Exception <a 'java/lang/NoSuchMethodError'{0x00000400524e6da0}: 'java.lang.Object java.lang.invoke.DirectMethodHandle$Holder.newInvokeSpecial(java.lang.Object, java.lang.Object, java.lang.Object, java.lang.Object, java.lang.Object, int, int, int)'> (0x00000400524e6da0) 
thrown [s\src\hotspot\share\interpreter\linkResolver.cpp, line 773]
Event: 12.850 Thread 0x00000202ace20540 Exception <a 'java/lang/NoSuchMethodError'{0x00000400524f0700}: 'java.lang.Object java.lang.invoke.Invokers$Holder.linkToTargetMethod(java.lang.Object, java.lang.Object, java.lang.Object, java.lang.Object, int, int, int, java.lang.Object)'> (0x00000400524f0700) 
thrown [s\src\hotspot\share\interpreter\linkResolver.cpp, line 773]
Event: 12.861 Thread 0x00000202ace20540 Exception <a 'java/lang/NoSuchMethodError'{0x000004005191d700}: 'java.lang.Object java.lang.invoke.DirectMethodHandle$Holder.invokeSpecial(java.lang.Object, java.lang.Object, java.lang.Object, java.lang.Object, java.lang.Object, java.lang.Object, int)'> (0x000004005191d700) 
thrown [s\src\hotspot\share\interpreter\linkResolver.cpp, line 773]
Event: 12.862 Thread 0x00000202ace20540 Exception <a 'java/lang/NoSuchMethodError'{0x0000040051921b60}: 'java.lang.Object java.lang.invoke.Invokers$Holder.linkToTargetMethod(java.lang.Object, java.lang.Object, java.lang.Object, java.lang.Object, int, java.lang.Object)'> (0x0000040051921b60) 
thrown [s\src\hotspot\share\interpreter\linkResolver.cpp, line 773]
Event: 13.459 Thread 0x00000202ace20540 Exception <a 'java/lang/NoSuchMethodError'{0x0000040147194f60}: 'java.lang.Object java.lang.invoke.DirectMethodHandle$Holder.invokeStatic(java.lang.Object, float, float, float, float)'> (0x0000040147194f60) 
thrown [s\src\hotspot\share\interpreter\linkResolver.cpp, line 773]
Event: 13.459 Thread 0x00000202ace20540 Exception <a 'java/lang/NoSuchMethodError'{0x0000040147199438}: 'java.lang.Object java.lang.invoke.DirectMethodHandle$Holder.invokeStaticInit(java.lang.Object, float, float, float, float)'> (0x0000040147199438) 
thrown [s\src\hotspot\share\interpreter\linkResolver.cpp, line 773]
Event: 13.460 Thread 0x00000202ace20540 Exception <a 'java/lang/NoSuchMethodError'{0x00000401471b29e8}: 'java.lang.Object java.lang.invoke.DirectMethodHandle$Holder.invokeStaticInit(java.lang.Object, float, float, float, float, float)'> (0x00000401471b29e8) 
thrown [s\src\hotspot\share\interpreter\linkResolver.cpp, line 773]
Event: 13.463 Thread 0x00000202ace20540 Exception <a 'java/lang/NoSuchMethodError'{0x0000040148063948}: 'long java.lang.invoke.DirectMethodHandle$Holder.invokeStatic(java.lang.Object, java.lang.Object)'> (0x0000040148063948) 
thrown [s\src\hotspot\share\interpreter\linkResolver.cpp, line 773]
Event: 13.466 Thread 0x00000202ace20540 Exception <a 'java/lang/NoSuchMethodError'{0x0000040148182138}: 'java.lang.Object java.lang.invoke.Invokers$Holder.linkToTargetMethod(java.lang.Object, java.lang.Object, java.lang.Object, java.lang.Object, int, int, int, java.lang.Object, java.lang.Object, java.lang.Object)'> (0x0000040148182138) 
thrown [s\src\hotspot\share\interpreter\linkResolver.cpp, line 773]
Event: 13.470 Thread 0x00000202ace20540 Exception <a 'java/lang/NoSuchMethodError'{0x0000040148a766a8}: 'void java.lang.invoke.DirectMethodHandle$Holder.invokeStatic(java.lang.Object, java.lang.Object, java.lang.Object, java.lang.Object, java.lang.Object, java.lang.Object, java.lang.Object, java.lang.Object)'> (0x0000040148a766a8) 
thrown [s\src\hotspot\share\interpreter\linkResolver.cpp, line 773]
Event: 13.476 Thread 0x00000202ace20540 Exception <a 'java/lang/NoSuchMethodError'{0x0000040148ba0b98}: 'java.lang.Object java.lang.invoke.DirectMethodHandle$Holder.invokeSpecial(java.lang.Object, java.lang.Object, java.lang.Object, java.lang.Object, float, java.lang.Object)'> (0x0000040148ba0b98) 
thrown [s\src\hotspot\share\interpreter\linkResolver.cpp, line 773]
Event: 13.477 Thread 0x00000202ace20540 Exception <a 'java/lang/NoSuchMethodError'{0x0000040148beaf50}: 'java.lang.Object java.lang.invoke.DirectMethodHandle$Holder.newInvokeSpecial(java.lang.Object, java.lang.Object, java.lang.Object, java.lang.Object, java.lang.Object, java.lang.Object, java.lang.Object, float)'> (0x0000040148beaf50) 
thrown [s\src\hotspot\share\interpreter\linkResolver.cpp, line 773]
Event: 13.477 Thread 0x00000202ace20540 Exception <a 'java/lang/NoSuchMethodError'{0x0000040148bf0c30}: 'java.lang.Object java.lang.invoke.DirectMethodHandle$Holder.invokeSpecial(java.lang.Object, java.lang.Object, java.lang.Object, java.lang.Object, java.lang.Object, java.lang.Object, java.lang.Object, java.lang.Object, float)'> (0x0000040148bf0c30) 
thrown [s\src\hotspot\share\interpreter\linkResolver.cpp, line 773]
Event: 13.478 Thread 0x00000202ace20540 Exception <a 'java/lang/NoSuchMethodError'{0x0000040149c0e900}: 'java.lang.Object java.lang.invoke.DirectMethodHandle$Holder.invokeStatic(java.lang.Object, java.lang.Object, java.lang.Object, float, java.lang.Object, java.lang.Object)'> (0x0000040149c0e900) 
thrown [s\src\hotspot\share\interpreter\linkResolver.cpp, line 773]
Event: 13.478 Thread 0x00000202ace20540 Exception <a 'java/lang/NoSuchMethodError'{0x0000040149c18068}: 'java.lang.Object java.lang.invoke.DirectMethodHandle$Holder.invokeSpecial(java.lang.Object, java.lang.Object, java.lang.Object, java.lang.Object, float)'> (0x0000040149c18068) 
thrown [s\src\hotspot\share\interpreter\linkResolver.cpp, line 773]
Event: 13.478 Thread 0x00000202ace20540 Exception <a 'java/lang/NoSuchMethodError'{0x0000040149c1c548}: 'java.lang.Object java.lang.invoke.Invokers$Holder.linkToTargetMethod(java.lang.Object, java.lang.Object, float, java.lang.Object)'> (0x0000040149c1c548) 
thrown [s\src\hotspot\share\interpreter\linkResolver.cpp, line 773]
Event: 13.499 Thread 0x00000202ace20540 Implicit null exception at 0x00000202b955ed74 to 0x00000202b955ee30
Event: 13.500 Thread 0x00000202ace20540 Implicit null exception at 0x00000202b956247a to 0x00000202b9562540
Event: 13.522 Thread 0x000002071eea6f70 Exception <a 'java/lang/IllegalArgumentException'{0x000004005cbb00a8}: Wrong type at constant pool index> (0x000004005cbb00a8) 
thrown [s\src\hotspot\share\prims\jvm.cpp, line 2168]
Event: 13.522 Thread 0x000002071eea6f70 Exception <a 'java/lang/IllegalArgumentException'{0x000004005cbb0b68}: Wrong type at constant pool index> (0x000004005cbb0b68) 
thrown [s\src\hotspot\share\prims\jvm.cpp, line 2168]
Event: 13.523 Thread 0x000002071eea6f70 Exception <a 'java/lang/IllegalArgumentException'{0x000004005cbb5240}: Wrong type at constant pool index> (0x000004005cbb5240) 
thrown [s\src\hotspot\share\prims\jvm.cpp, line 2168]
Event: 13.523 Thread 0x000002071eea6f70 Exception <a 'java/lang/IllegalArgumentException'{0x000004005cbb5d00}: Wrong type at constant pool index> (0x000004005cbb5d00) 
thrown [s\src\hotspot\share\prims\jvm.cpp, line 2168]
Event: 13.523 Thread 0x000002071eea6f70 Exception <a 'java/lang/IllegalArgumentException'{0x000004005cbba2d0}: Wrong type at constant pool index> (0x000004005cbba2d0) 
thrown [s\src\hotspot\share\prims\jvm.cpp, line 2168]
Event: 13.523 Thread 0x000002071eea6f70 Exception <a 'java/lang/IllegalArgumentException'{0x000004005cbbad90}: Wrong type at constant pool index> (0x000004005cbbad90) 
thrown [s\src\hotspot\share\prims\jvm.cpp, line 2168]
Event: 13.523 Thread 0x000002071eea6f70 Exception <a 'java/lang/IllegalArgumentException'{0x000004005cbbf640}: Wrong type at constant pool index> (0x000004005cbbf640) 
thrown [s\src\hotspot\share\prims\jvm.cpp, line 2168]
Event: 13.523 Thread 0x000002071eea6f70 Exception <a 'java/lang/IllegalArgumentException'{0x000004005cbc0370}: Wrong type at constant pool index> (0x000004005cbc0370) 
thrown [s\src\hotspot\share\prims\jvm.cpp, line 2168]
Event: 13.526 Thread 0x000002071eea6f70 Exception <a 'java/lang/IllegalArgumentException'{0x000004015041d220}: Wrong type at constant pool index> (0x000004015041d220) 
thrown [s\src\hotspot\share\prims\jvm.cpp, line 2168]
Event: 13.526 Thread 0x000002071eea6f70 Exception <a 'java/lang/IllegalArgumentException'{0x000004015041d998}: Wrong type at constant pool index> (0x000004015041d998) 
thrown [s\src\hotspot\share\prims\jvm.cpp, line 2168]
Event: 13.527 Thread 0x000002071eea6f70 Exception <a 'java/lang/IllegalArgumentException'{0x000004015042e028}: Wrong type at constant pool index> (0x000004015042e028) 
thrown [s\src\hotspot\share\prims\jvm.cpp, line 2168]
Event: 13.527 Thread 0x000002071eea6f70 Exception <a 'java/lang/IllegalArgumentException'{0x000004015042e7a0}: Wrong type at constant pool index> (0x000004015042e7a0) 
thrown [s\src\hotspot\share\prims\jvm.cpp, line 2168]
Event: 13.527 Thread 0x000002071eea6f70 Exception <a 'java/lang/IllegalArgumentException'{0x0000040150432d18}: Wrong type at constant pool index> (0x0000040150432d18) 
thrown [s\src\hotspot\share\prims\jvm.cpp, line 2168]
Event: 13.527 Thread 0x000002071eea6f70 Exception <a 'java/lang/IllegalArgumentException'{0x0000040150433490}: Wrong type at constant pool index> (0x0000040150433490) 
thrown [s\src\hotspot\share\prims\jvm.cpp, line 2168]
Event: 13.527 Thread 0x000002071eea6f70 Exception <a 'java/lang/IllegalArgumentException'{0x0000040150439198}: Wrong type at constant pool index> (0x0000040150439198) 
thrown [s\src\hotspot\share\prims\jvm.cpp, line 2168]
Event: 13.527 Thread 0x000002071eea6f70 Exception <a 'java/lang/IllegalArgumentException'{0x0000040150439910}: Wrong type at constant pool index> (0x0000040150439910) 
thrown [s\src\hotspot\share\prims\jvm.cpp, line 2168]
Event: 13.528 Thread 0x000002071eea6f70 Exception <a 'java/lang/IllegalArgumentException'{0x000004015043d858}: Wrong type at constant pool index> (0x000004015043d858) 
thrown [s\src\hotspot\share\prims\jvm.cpp, line 2168]
Event: 13.528 Thread 0x000002071eea6f70 Exception <a 'java/lang/IllegalArgumentException'{0x000004015043dfd0}: Wrong type at constant pool index> (0x000004015043dfd0) 
thrown [s\src\hotspot\share\prims\jvm.cpp, line 2168]
Event: 13.528 Thread 0x000002071eea6f70 Exception <a 'java/lang/IllegalArgumentException'{0x0000040150442ae0}: Wrong type at constant pool index> (0x0000040150442ae0) 
thrown [s\src\hotspot\share\prims\jvm.cpp, line 2168]
Event: 13.528 Thread 0x000002071eea6f70 Exception <a 'java/lang/IllegalArgumentException'{0x0000040150443258}: Wrong type at constant pool index> (0x0000040150443258) 
thrown [s\src\hotspot\share\prims\jvm.cpp, line 2168]
Event: 13.528 Thread 0x000002071eea6f70 Exception <a 'java/lang/IllegalArgumentException'{0x0000040150447358}: Wrong type at constant pool index> (0x0000040150447358) 
thrown [s\src\hotspot\share\prims\jvm.cpp, line 2168]
Event: 13.528 Thread 0x000002071eea6f70 Exception <a 'java/lang/IllegalArgumentException'{0x0000040150447ad0}: Wrong type at constant pool index> (0x0000040150447ad0) 
thrown [s\src\hotspot\share\prims\jvm.cpp, line 2168]
Event: 13.528 Thread 0x00000202ace20540 Exception <a 'java/lang/IncompatibleClassChangeError'{0x000004014f3022b8}: Found class java.lang.Object, but interface was expected> (0x000004014f3022b8) 
thrown [s\src\hotspot\share\interpreter\linkResolver.cpp, line 840]
Event: 13.528 Thread 0x000002071eea6f70 Exception <a 'java/lang/IllegalArgumentException'{0x000004015044da90}: Wrong type at constant pool index> (0x000004015044da90) 
thrown [s\src\hotspot\share\prims\jvm.cpp, line 2168]
Event: 13.528 Thread 0x000002071eea6f70 Exception <a 'java/lang/IllegalArgumentException'{0x000004015044e550}: Wrong type at constant pool index> (0x000004015044e550) 
thrown [s\src\hotspot\share\prims\jvm.cpp, line 2168]
Event: 13.533 Thread 0x000002071eeaaa80 Exception <a 'sun/nio/fs/WindowsException'{0x000004014feb2c70}> (0x000004014feb2c70) 
thrown [s\src\hotspot\share\prims\jni.cpp, line 520]
Event: 13.538 Thread 0x000002071eeaaa80 Exception <a 'java/lang/NoSuchMethodError'{0x000004014ff9a2e0}: 'float java.lang.invoke.DirectMethodHandle$Holder.invokeStaticInit(java.lang.Object, java.lang.Object, java.lang.Object, java.lang.Object, int)'> (0x000004014ff9a2e0) 
thrown [s\src\hotspot\share\interpreter\linkResolver.cpp, line 773]
Event: 13.540 Thread 0x000002071eead870 Exception <a 'java/lang/IllegalArgumentException'{0x000004015186c250}: Wrong type at constant pool index> (0x000004015186c250) 
thrown [s\src\hotspot\share\prims\jvm.cpp, line 2168]
Event: 13.540 Thread 0x000002071eead870 Exception <a 'java/lang/IllegalArgumentException'{0x000004015186c9c8}: Wrong type at constant pool index> (0x000004015186c9c8) 
thrown [s\src\hotspot\share\prims\jvm.cpp, line 2168]
Event: 13.540 Thread 0x000002071eead870 Exception <a 'java/lang/IllegalArgumentException'{0x00000401518708c0}: Wrong type at constant pool index> (0x00000401518708c0) 
thrown [s\src\hotspot\share\prims\jvm.cpp, line 2168]
Event: 13.540 Thread 0x000002071eead870 Exception <a 'java/lang/IllegalArgumentException'{0x0000040151871038}: Wrong type at constant pool index> (0x0000040151871038) 
thrown [s\src\hotspot\share\prims\jvm.cpp, line 2168]
Event: 13.541 Thread 0x000002071eead870 Exception <a 'java/lang/IllegalArgumentException'{0x0000040151874ff8}: Wrong type at constant pool index> (0x0000040151874ff8) 
thrown [s\src\hotspot\share\prims\jvm.cpp, line 2168]
Event: 13.541 Thread 0x000002071eead870 Exception <a 'java/lang/IllegalArgumentException'{0x0000040151875770}: Wrong type at constant pool index> (0x0000040151875770) 
thrown [s\src\hotspot\share\prims\jvm.cpp, line 2168]
Event: 13.541 Thread 0x000002071eead870 Exception <a 'java/lang/IllegalArgumentException'{0x0000040151879698}: Wrong type at constant pool index> (0x0000040151879698) 
thrown [s\src\hotspot\share\prims\jvm.cpp, line 2168]
Event: 13.541 Thread 0x000002071eead870 Exception <a 'java/lang/IllegalArgumentException'{0x0000040151879e10}: Wrong type at constant pool index> (0x0000040151879e10) 
thrown [s\src\hotspot\share\prims\jvm.cpp, line 2168]
Event: 13.541 Thread 0x000002071eead870 Exception <a 'java/lang/IllegalArgumentException'{0x000004015187f768}: Wrong type at constant pool index> (0x000004015187f768) 
thrown [s\src\hotspot\share\prims\jvm.cpp, line 2168]
Event: 13.541 Thread 0x000002071eead870 Exception <a 'java/lang/IllegalArgumentException'{0x0000040151880180}: Wrong type at constant pool index> (0x0000040151880180) 
thrown [s\src\hotspot\share\prims\jvm.cpp, line 2168]
Event: 13.547 Thread 0x000002071eea7600 Exception <a 'sun/nio/fs/WindowsException'{0x0000040153230418}> (0x0000040153230418) 
thrown [s\src\hotspot\share\prims\jni.cpp, line 520]
Event: 13.549 Thread 0x000002071eea7600 Exception <a 'sun/nio/fs/WindowsException'{0x00000401532a8fc0}> (0x00000401532a8fc0) 
thrown [s\src\hotspot\share\prims\jni.cpp, line 520]
Event: 13.583 Thread 0x000002071eea7600 Exception <a 'sun/nio/fs/WindowsException'{0x00000401559f3298}> (0x00000401559f3298) 
thrown [s\src\hotspot\share\prims\jni.cpp, line 520]
Event: 13.594 Thread 0x000002071eea7600 Exception <a 'sun/nio/fs/WindowsException'{0x0000040156673828}> (0x0000040156673828) 
thrown [s\src\hotspot\share\prims\jni.cpp, line 520]
Event: 13.599 Thread 0x000002071eea9d60 Exception <a 'java/lang/IncompatibleClassChangeError'{0x00000401568fafc8}: Found class java.lang.Object, but interface was expected> (0x00000401568fafc8) 
thrown [s\src\hotspot\share\interpreter\linkResolver.cpp, line 840]
Event: 13.621 Thread 0x00000202ace20540 Exception <a 'java/lang/IncompatibleClassChangeError'{0x0000040151654638}: Found class java.lang.Object, but interface was expected> (0x0000040151654638) 
thrown [s\src\hotspot\share\interpreter\linkResolver.cpp, line 840]
Event: 13.701 Thread 0x00000202ace20540 Exception <a 'java/lang/NoSuchMethodError'{0x00000401607d7048}: 'java.lang.Object java.lang.invoke.DirectMethodHandle$Holder.invokeSpecial(java.lang.Object, java.lang.Object, java.lang.Object, java.lang.Object, int, int, float)'> (0x00000401607d7048) 
thrown [s\src\hotspot\share\interpreter\linkResolver.cpp, line 773]
Event: 13.985 Thread 0x000002071eea9d60 Exception <a 'java/lang/NoSuchMethodError'{0x000004017835d7d8}: 'void java.lang.invoke.DirectMethodHandle$Holder.invokeStaticInit(java.lang.Object, int, java.lang.Object)'> (0x000004017835d7d8) 
thrown [s\src\hotspot\share\interpreter\linkResolver.cpp, line 773]
Event: 14.082 Thread 0x00000207191dc560 Exception <a 'java/lang/NoSuchMethodError'{0x0000040173affac0}: 'java.lang.Object java.lang.invoke.DirectMethodHandle$Holder.newInvokeSpecial(java.lang.Object, java.lang.Object, long, java.lang.Object, java.lang.Object, java.lang.Object)'> (0x0000040173affac0) 
thrown [s\src\hotspot\share\interpreter\linkResolver.cpp, line 773]
Event: 14.082 Thread 0x00000207191dc560 Exception <a 'java/lang/NoSuchMethodError'{0x0000040173b097d0}: 'java.lang.Object java.lang.invoke.Invokers$Holder.linkToTargetMethod(java.lang.Object, long, java.lang.Object, java.lang.Object, java.lang.Object, java.lang.Object)'> (0x0000040173b097d0) 
thrown [s\src\hotspot\share\interpreter\linkResolver.cpp, line 773]
Event: 14.605 Thread 0x000002073883db70 Exception <a 'java/lang/NoSuchMethodError'{0x0000040151c4ecc8}: 'double java.lang.invoke.DirectMethodHandle$Holder.invokeInterface(java.lang.Object, java.lang.Object)'> (0x0000040151c4ecc8) 
thrown [s\src\hotspot\share\interpreter\linkResolver.cpp, line 773]
Event: 14.605 Thread 0x000002073883db70 Exception <a 'java/lang/IncompatibleClassChangeError'{0x0000040151c52cd0}: Found class java.lang.Object, but interface was expected> (0x0000040151c52cd0) 
thrown [s\src\hotspot\share\interpreter\linkResolver.cpp, line 840]
Event: 14.626 Thread 0x000002073883db70 Exception <a 'sun/nio/fs/WindowsException'{0x000004019881a450}> (0x000004019881a450) 
thrown [s\src\hotspot\share\prims\jni.cpp, line 520]
Event: 14.626 Thread 0x000002073883db70 Exception <a 'sun/nio/fs/WindowsException'{0x000004019881a630}> (0x000004019881a630) 
thrown [s\src\hotspot\share\prims\jni.cpp, line 520]
Event: 14.626 Thread 0x000002073883db70 Exception <a 'sun/nio/fs/WindowsException'{0x000004019881b088}> (0x000004019881b088) 
thrown [s\src\hotspot\share\prims\jni.cpp, line 520]
Event: 14.626 Thread 0x000002073883db70 Exception <a 'sun/nio/fs/WindowsException'{0x000004019881b240}> (0x000004019881b240) 
thrown [s\src\hotspot\share\prims\jni.cpp, line 520]
Event: 14.626 Thread 0x000002073883db70 Exception <a 'sun/nio/fs/WindowsException'{0x000004019881bc98}> (0x000004019881bc98) 
thrown [s\src\hotspot\share\prims\jni.cpp, line 520]
Event: 14.626 Thread 0x000002073883db70 Exception <a 'sun/nio/fs/WindowsException'{0x000004019881be50}> (0x000004019881be50) 
thrown [s\src\hotspot\share\prims\jni.cpp, line 520]
Event: 14.626 Thread 0x000002073883db70 Exception <a 'sun/nio/fs/WindowsException'{0x000004019881c8b0}> (0x000004019881c8b0) 
thrown [s\src\hotspot\share\prims\jni.cpp, line 520]
Event: 14.626 Thread 0x000002073883db70 Exception <a 'sun/nio/fs/WindowsException'{0x000004019881ca68}> (0x000004019881ca68) 
thrown [s\src\hotspot\share\prims\jni.cpp, line 520]
Event: 14.645 Thread 0x00000207191ddfa0 Implicit null exception at 0x00000202b923e12b to 0x00000202b923e80c
Event: 16.160 Thread 0x000002071eeaaa80 Exception <a 'java/lang/IncompatibleClassChangeError'{0x00000401ffeb3628}: Found class java.lang.Object, but interface was expected> (0x00000401ffeb3628) 
thrown [s\src\hotspot\share\interpreter\linkResolver.cpp, line 840]
Event: 16.169 Thread 0x000002071eeaaa80 Exception <a 'java/lang/NoSuchMethodError'{0x00000402001b2bb8}: 'java.lang.Object java.lang.invoke.DirectMethodHandle$Holder.invokeSpecialIFC(java.lang.Object, java.lang.Object, java.lang.Object, java.lang.Object, java.lang.Object, java.lang.Object, java.lang.Object, java.lang.Object, java.lang.Object, java.lang.Object)'> (0x00000402001b2bb8) 
thrown [s\src\hotspot\share\interpreter\linkResolver.cpp, line 773]
Event: 16.169 Thread 0x000002071eeaaa80 Exception <a 'java/lang/NoSuchMethodError'{0x00000402001d02e0}: 'java.lang.Object java.lang.invoke.DirectMethodHandle$Holder.invokeSpecialIFC(java.lang.Object, java.lang.Object, java.lang.Object, java.lang.Object, java.lang.Object, java.lang.Object, java.lang.Object, java.lang.Object)'> (0x00000402001d02e0) 
thrown [s\src\hotspot\share\interpreter\linkResolver.cpp, line 773]
Event: 16.170 Thread 0x000002071eeaaa80 Exception <a 'java/lang/NoSuchMethodError'{0x00000402001d8d68}: 'java.lang.Object java.lang.invoke.DirectMethodHandle$Holder.invokeSpecialIFC(java.lang.Object, java.lang.Object, java.lang.Object, java.lang.Object, java.lang.Object)'> (0x00000402001d8d68) 
thrown [s\src\hotspot\share\interpreter\linkResolver.cpp, line 773]
Event: 16.170 Thread 0x000002071eeaaa80 Exception <a 'java/lang/NoSuchMethodError'{0x00000402001e4e08}: 'java.lang.Object java.lang.invoke.DirectMethodHandle$Holder.invokeSpecialIFC(java.lang.Object, java.lang.Object, java.lang.Object, java.lang.Object, java.lang.Object, java.lang.Object, java.lang.Object, java.lang.Object, java.lang.Object, java.lang.Object, java.lang.Object, java.lang.Object, java.lang.Object, java.lang.Object, java.lang.Object)'> (0x00000402001e4e08) 
thrown [s\src\hotspot\share\interpreter\linkResolver.cpp, line 773]
Event: 16.170 Thread 0x000002071eeaaa80 Exception <a 'java/lang/NoSuchMethodError'{0x00000402001f22c0}: 'java.lang.Object java.lang.invoke.DirectMethodHandle$Holder.invokeSpecialIFC(java.lang.Object, java.lang.Object, java.lang.Object, java.lang.Object, java.lang.Object, java.lang.Object, java.lang.Object, java.lang.Object, java.lang.Object)'> (0x00000402001f22c0) 
thrown [s\src\hotspot\share\interpreter\linkResolver.cpp, line 773]
Event: 16.174 Thread 0x000002071eeaaa80 Exception <a 'java/lang/IncompatibleClassChangeError'{0x0000040200335bf8}: Found class java.lang.Object, but interface was expected> (0x0000040200335bf8) 
thrown [s\src\hotspot\share\interpreter\linkResolver.cpp, line 840]
Event: 16.187 Thread 0x000002071eeaaa80 Exception <a 'java/lang/IllegalArgumentException'{0x000004020080fd58}: Wrong type at constant pool index> (0x000004020080fd58) 
thrown [s\src\hotspot\share\prims\jvm.cpp, line 2168]
Event: 16.187 Thread 0x000002071eeaaa80 Exception <a 'java/lang/IllegalArgumentException'{0x0000040200810b60}: Wrong type at constant pool index> (0x0000040200810b60) 
thrown [s\src\hotspot\share\prims\jvm.cpp, line 2168]
Event: 16.256 Thread 0x00000202ace20540 Exception <a 'java/lang/NoSuchMethodError'{0x00000402014633b0}: 'java.lang.Object java.lang.invoke.DirectMethodHandle$Holder.newInvokeSpecial(java.lang.Object, int, java.lang.Object, java.lang.Object, java.lang.Object)'> (0x00000402014633b0) 
thrown [s\src\hotspot\share\interpreter\linkResolver.cpp, line 773]
Event: 16.299 Thread 0x00000202ace20540 Exception <a 'java/lang/NoSuchMethodError'{0x00000402021335c8}: 'java.lang.Object java.lang.invoke.DirectMethodHandle$Holder.newInvokeSpecial(java.lang.Object, java.lang.Object, java.lang.Object, java.lang.Object, java.lang.Object, java.lang.Object, int, int, int)'> (0x00000402021335c8) 
thrown [s\src\hotspot\share\interpreter\linkResolver.cpp, line 773]
Event: 16.771 Thread 0x00000202ace20540 Implicit null exception at 0x00000202b990a3de to 0x00000202b990ae20
Event: 16.771 Thread 0x00000202ace20540 Implicit null exception at 0x00000202b990a3de to 0x00000202b990ae20
Event: 16.771 Thread 0x00000202ace20540 Implicit null exception at 0x00000202b990a3de to 0x00000202b990ae20
Event: 16.771 Thread 0x00000202ace20540 Implicit null exception at 0x00000202b990a3de to 0x00000202b990ae20
Event: 16.772 Thread 0x00000202ace20540 Implicit null exception at 0x00000202b990bf49 to 0x00000202b990c938
Event: 16.815 Thread 0x00000202ace20540 Implicit null exception at 0x00000202b992896e to 0x00000202b9928b50
Event: 16.881 Thread 0x00000202ace20540 Exception <a 'java/lang/IncompatibleClassChangeError'{0x00000402193e4340}: Found class java.lang.Object, but interface was expected> (0x00000402193e4340) 
thrown [s\src\hotspot\share\interpreter\linkResolver.cpp, line 840]
Event: 16.882 Thread 0x00000202ace20540 Exception <a 'java/lang/NoSuchMethodError'{0x0000040219459d20}: 'void java.lang.invoke.DirectMethodHandle$Holder.invokeSpecialIFC(java.lang.Object, java.lang.Object, java.lang.Object)'> (0x0000040219459d20) 
thrown [s\src\hotspot\share\interpreter\linkResolver.cpp, line 773]
Event: 16.898 Thread 0x00000202ace20540 Exception <a 'java/lang/NoSuchMethodError'{0x0000040219e0f158}: 'float java.lang.invoke.DirectMethodHandle$Holder.invokeStatic(java.lang.Object)'> (0x0000040219e0f158) 
thrown [s\src\hotspot\share\interpreter\linkResolver.cpp, line 773]
Event: 16.898 Thread 0x00000202ace20540 Exception <a 'java/lang/NoSuchMethodError'{0x0000040219e13640}: 'float java.lang.invoke.DirectMethodHandle$Holder.invokeStaticInit(java.lang.Object)'> (0x0000040219e13640) 
thrown [s\src\hotspot\share\interpreter\linkResolver.cpp, line 773]
Event: 16.909 Thread 0x00000202ace20540 Implicit null exception at 0x00000202b8cc86c1 to 0x00000202b8cc8940
Event: 16.911 Thread 0x00000202ace20540 Implicit null exception at 0x00000202b8bc648c to 0x00000202b8bc66c0
Event: 16.938 Thread 0x00000202ace20540 Implicit null exception at 0x00000202b91de8ff to 0x00000202b91deb90
Event: 16.938 Thread 0x00000202ace20540 Implicit null exception at 0x00000202b85965ff to 0x00000202b8596878
Event: 17.914 Thread 0x00000202ace20540 Exception <a 'java/lang/NoSuchMethodError'{0x000004021be52178}: 'int java.lang.invoke.DirectMethodHandle$Holder.invokeStatic(java.lang.Object, java.lang.Object, java.lang.Object, int, java.lang.Object, int)'> (0x000004021be52178) 
thrown [s\src\hotspot\share\interpreter\linkResolver.cpp, line 773]
Event: 17.931 Thread 0x00000202ace20540 Exception <a 'java/lang/NoSuchMethodError'{0x000004021c6b76e0}: 'int java.lang.invoke.DirectMethodHandle$Holder.invokeStatic(java.lang.Object, java.lang.Object, int, int)'> (0x000004021c6b76e0) 
thrown [s\src\hotspot\share\interpreter\linkResolver.cpp, line 773]
Event: 17.939 Thread 0x00000202ace20540 Exception <a 'java/lang/NoSuchMethodError'{0x000004021c7db900}: 'java.lang.Object java.lang.invoke.DirectMethodHandle$Holder.newInvokeSpecial(java.lang.Object, java.lang.Object, int, int, float)'> (0x000004021c7db900) 
thrown [s\src\hotspot\share\interpreter\linkResolver.cpp, line 773]
Event: 17.939 Thread 0x00000202ace20540 Exception <a 'java/lang/NoSuchMethodError'{0x000004021c7e0608}: 'java.lang.Object java.lang.invoke.DirectMethodHandle$Holder.invokeSpecial(java.lang.Object, java.lang.Object, java.lang.Object, int, int, float)'> (0x000004021c7e0608) 
thrown [s\src\hotspot\share\interpreter\linkResolver.cpp, line 773]
Event: 17.996 Thread 0x000002073883a060 Implicit null exception at 0x00000202b8e15186 to 0x00000202b8e1558c
Event: 18.029 Thread 0x00000202ace20540 Exception <a 'java/lang/NoSuchMethodError'{0x000004021ceb3dc8}: 'java.lang.Object java.lang.invoke.DelegatingMethodHandle$Holder.reinvoke_L(java.lang.Object, java.lang.Object, int, java.lang.Object, java.lang.Object)'> (0x000004021ceb3dc8) 
thrown [s\src\hotspot\share\interpreter\linkResolver.cpp, line 773]
Event: 18.030 Thread 0x00000202ace20540 Exception <a 'java/lang/NoSuchMethodError'{0x000004021cf10030}: 'java.lang.Object java.lang.invoke.Invokers$Holder.invoker(java.lang.Object, java.lang.Object, java.lang.Object, java.lang.Object, java.lang.Object, java.lang.Object, java.lang.Object, java.lang.Object, java.lang.Object, java.lang.Object, java.lang.Object, java.lang.Object, java.lang.Object, java.lang.Object)'> (0x000004021cf10030) 
thrown [s\src\hotspot\share\interpreter\linkResolver.cpp, line 773]
Event: 18.030 Thread 0x00000202ace20540 Exception <a 'java/lang/NoSuchMethodError'{0x000004021cf167d0}: 'java.lang.Object java.lang.invoke.DirectMethodHandle$Holder.invokeSpecial(java.lang.Object, java.lang.Object, java.lang.Object, java.lang.Object, java.lang.Object, java.lang.Object, java.lang.Object, java.lang.Object, java.lang.Object, java.lang.Object, java.lang.Object, java.lang.Object, java.lang.Object, java.lang.Object, java.lang.Object)'> (0x000004021cf167d0) 
thrown [s\src\hotspot\share\interpreter\linkResolver.cpp, line 773]
Event: 18.030 Thread 0x00000202ace20540 Exception <a 'java/lang/NoSuchMethodError'{0x000004021cf1bdd0}: 'java.lang.Object java.lang.invoke.DelegatingMethodHandle$Holder.delegate(java.lang.Object, java.lang.Object, java.lang.Object, java.lang.Object, java.lang.Object, java.lang.Object, java.lang.Object, java.lang.Object, java.lang.Object, java.lang.Object, java.lang.Object, java.lang.Object, java.lang.Object, java.lang.Object)'> (0x000004021cf1bdd0) 
thrown [s\src\hotspot\share\interpreter\linkResolver.cpp, line 773]
Event: 18.031 Thread 0x00000202ace20540 Exception <a 'java/lang/NoSuchMethodError'{0x000004021cf79180}: 'java.lang.Object java.lang.invoke.DirectMethodHandle$Holder.invokeStatic(java.lang.Object, java.lang.Object, java.lang.Object, java.lang.Object, java.lang.Object, java.lang.Object, java.lang.Object, java.lang.Object, java.lang.Object, java.lang.Object, java.lang.Object, java.lang.Object, java.lang.Object)'> (0x000004021cf79180) 
thrown [s\src\hotspot\share\interpreter\linkResolver.cpp, line 773]
Event: 18.034 Thread 0x00000202ace20540 Exception <a 'java/lang/NoSuchMethodError'{0x000004021d024f60}: 'int java.lang.invoke.DirectMethodHandle$Holder.invokeVirtual(java.lang.Object, java.lang.Object, int)'> (0x000004021d024f60) 
thrown [s\src\hotspot\share\interpreter\linkResolver.cpp, line 773]
Event: 18.116 Thread 0x0000020738841680 Exception <a 'java/lang/NoSuchMethodError'{0x000004021d511020}: 'void java.lang.invoke.DirectMethodHandle$Holder.invokeSpecial(java.lang.Object, java.lang.Object, java.lang.Object, int, int, int)'> (0x000004021d511020) 
thrown [s\src\hotspot\share\interpreter\linkResolver.cpp, line 773]
Event: 18.116 Thread 0x0000020738841680 Exception <a 'java/lang/NoSuchMethodError'{0x000004021d518f30}: 'java.lang.Object java.lang.invoke.DirectMethodHandle$Holder.invokeSpecial(java.lang.Object, java.lang.Object, java.lang.Object, java.lang.Object, int, int, int)'> (0x000004021d518f30) 
thrown [s\src\hotspot\share\interpreter\linkResolver.cpp, line 773]
Event: 18.116 Thread 0x0000020738841680 Exception <a 'java/lang/NoSuchMethodError'{0x000004021d51d1b8}: 'java.lang.Object java.lang.invoke.Invokers$Holder.linkToTargetMethod(java.lang.Object, java.lang.Object, int, int, int, java.lang.Object)'> (0x000004021d51d1b8) 
thrown [s\src\hotspot\share\interpreter\linkResolver.cpp, line 773]

ZGC Phase Switch (36 events):
Event: 0.498 Young Mark Start         2
Event: 0.498 Old Mark Start           2
Event: 0.507 Young Mark End           2
Event: 0.511 Young Relocate Start     2
Event: 0.515 Old Mark End             2
Event: 0.536 Old Relocate Start       2
Event: 1.815 Young Mark Start         3
Event: 1.815 Old Mark Start           3
Event: 1.873 Young Mark End           3
Event: 1.875 Young Relocate Start     3
Event: 1.897 Old Mark End             3
Event: 1.925 Old Relocate Start       3
Event: 2.531 Young Mark Start         4
Event: 2.531 Old Mark Start           4
Event: 2.585 Young Mark End           4
Event: 2.588 Young Relocate Start     4
Event: 2.605 Old Mark End             4
Event: 2.630 Old Relocate Start       4
Event: 5.455 Young Mark Start         5
Event: 5.455 Old Mark Start           5
Event: 5.529 Young Mark End           5
Event: 5.537 Young Relocate Start     5
Event: 5.566 Old Mark End             5
Event: 5.598 Old Relocate Start       5
Event: 7.972 Young Mark Start         6
Event: 7.972 Old Mark Start           6
Event: 8.431 Young Mark End           6
Event: 8.445 Young Relocate Start     6
Event: 8.513 Old Mark End             6
Event: 8.558 Old Relocate Start       6
Event: 10.889 Young Mark Start         7
Event: 10.889 Old Mark Start           7
Event: 10.993 Young Mark End           7
Event: 10.995 Young Relocate Start     7
Event: 11.049 Old Mark End             7
Event: 11.080 Old Relocate Start       7

VM Operations (250 events):
Event: 7.326 Executing VM operation: HandshakeAllThreads (Deoptimize)
Event: 7.326 Executing VM operation: HandshakeAllThreads (Deoptimize) done
Event: 7.546 Executing VM operation: ICBufferFull
Event: 7.546 Executing VM operation: ICBufferFull done
Event: 7.555 Executing VM operation: HandshakeAllThreads (Deoptimize)
Event: 7.555 Executing VM operation: HandshakeAllThreads (Deoptimize) done
Event: 7.565 Executing VM operation: HandshakeAllThreads (Deoptimize)
Event: 7.565 Executing VM operation: HandshakeAllThreads (Deoptimize) done
Event: 7.569 Executing VM operation: HandshakeAllThreads (Deoptimize)
Event: 7.569 Executing VM operation: HandshakeAllThreads (Deoptimize) done
Event: 7.610 Executing VM operation: HandshakeAllThreads (Deoptimize)
Event: 7.610 Executing VM operation: HandshakeAllThreads (Deoptimize) done
Event: 7.613 Executing VM operation: HandshakeAllThreads (Deoptimize)
Event: 7.613 Executing VM operation: HandshakeAllThreads (Deoptimize) done
Event: 7.625 Executing VM operation: HandshakeAllThreads (Deoptimize)
Event: 7.625 Executing VM operation: HandshakeAllThreads (Deoptimize) done
Event: 7.627 Executing VM operation: HandshakeAllThreads (Deoptimize)
Event: 7.627 Executing VM operation: HandshakeAllThreads (Deoptimize) done
Event: 7.677 Executing VM operation: HandshakeAllThreads (Deoptimize)
Event: 7.677 Executing VM operation: HandshakeAllThreads (Deoptimize) done
Event: 7.680 Executing VM operation: HandshakeAllThreads (Deoptimize)
Event: 7.680 Executing VM operation: HandshakeAllThreads (Deoptimize) done
Event: 7.712 Executing VM operation: HandshakeAllThreads (Deoptimize)
Event: 7.712 Executing VM operation: HandshakeAllThreads (Deoptimize) done
Event: 7.727 Executing VM operation: HandshakeAllThreads (Deoptimize)
Event: 7.727 Executing VM operation: HandshakeAllThreads (Deoptimize) done
Event: 7.758 Executing VM operation: ICBufferFull
Event: 7.758 Executing VM operation: ICBufferFull done
Event: 7.779 Executing VM operation: HandshakeAllThreads (Deoptimize)
Event: 7.779 Executing VM operation: HandshakeAllThreads (Deoptimize) done
Event: 7.784 Executing VM operation: HandshakeAllThreads (Deoptimize)
Event: 7.784 Executing VM operation: HandshakeAllThreads (Deoptimize) done
Event: 7.886 Executing VM operation: ICBufferFull
Event: 7.886 Executing VM operation: ICBufferFull done
Event: 7.907 Executing VM operation: HandshakeAllThreads (Deoptimize)
Event: 7.907 Executing VM operation: HandshakeAllThreads (Deoptimize) done
Event: 7.913 Executing VM operation: HandshakeAllThreads (Deoptimize)
Event: 7.913 Executing VM operation: HandshakeAllThreads (Deoptimize) done
Event: 7.951 Executing VM operation: ICBufferFull
Event: 7.951 Executing VM operation: ICBufferFull done
Event: 7.954 Executing VM operation: HandshakeAllThreads (Deoptimize)
Event: 7.959 Executing VM operation: HandshakeAllThreads (Deoptimize) done
Event: 7.961 Executing VM operation: HandshakeAllThreads (Deoptimize)
Event: 7.961 Executing VM operation: HandshakeAllThreads (Deoptimize) done
Event: 7.972 Executing VM operation: ZMarkStartYoungAndOld (Metadata GC Threshold)
Event: 7.972 Executing VM operation: ZMarkStartYoungAndOld (Metadata GC Threshold) done
Event: 7.987 Executing VM operation: HandshakeAllThreads (Deoptimize)
Event: 7.987 Executing VM operation: HandshakeAllThreads (Deoptimize) done
Event: 8.003 Executing VM operation: HandshakeAllThreads (Deoptimize)
Event: 8.005 Executing VM operation: HandshakeAllThreads (Deoptimize) done
Event: 8.008 Executing VM operation: HandshakeAllThreads (Deoptimize)
Event: 8.009 Executing VM operation: HandshakeAllThreads (Deoptimize) done
Event: 8.036 Executing VM operation: ICBufferFull
Event: 8.036 Executing VM operation: ICBufferFull done
Event: 8.090 Executing VM operation: HandshakeAllThreads (Deoptimize)
Event: 8.090 Executing VM operation: HandshakeAllThreads (Deoptimize) done
Event: 8.191 Executing VM operation: ICBufferFull
Event: 8.191 Executing VM operation: ICBufferFull done
Event: 8.295 Executing VM operation: HandshakeAllThreads (Deoptimize)
Event: 8.295 Executing VM operation: HandshakeAllThreads (Deoptimize) done
Event: 8.318 Executing VM operation: HandshakeAllThreads (Deoptimize)
Event: 8.318 Executing VM operation: HandshakeAllThreads (Deoptimize) done
Event: 8.427 Executing VM operation: HandshakeAllThreads (ZMarkFlushAndFreeStacks)
Event: 8.427 Executing VM operation: HandshakeAllThreads (ZMarkFlushAndFreeStacks) done
Event: 8.427 Executing VM operation: ZMarkFlushOperation
Event: 8.427 Executing VM operation: ZMarkFlushOperation done
Event: 8.431 Executing VM operation: HandshakeAllThreads (ZMarkFlushAndFreeStacks)
Event: 8.431 Executing VM operation: HandshakeAllThreads (ZMarkFlushAndFreeStacks) done
Event: 8.431 Executing VM operation: ZMarkFlushOperation
Event: 8.431 Executing VM operation: ZMarkFlushOperation done
Event: 8.431 Executing VM operation: HandshakeAllThreads (ZMarkFlushAndFreeStacks)
Event: 8.431 Executing VM operation: HandshakeAllThreads (ZMarkFlushAndFreeStacks) done
Event: 8.431 Executing VM operation: ZMarkFlushOperation
Event: 8.431 Executing VM operation: ZMarkFlushOperation done
Event: 8.431 Executing VM operation: ZMarkEndYoung (Metadata GC Threshold)
Event: 8.431 Executing VM operation: ZMarkEndYoung (Metadata GC Threshold) done
Event: 8.445 Executing VM operation: ZRelocateStartYoung (Metadata GC Threshold)
Event: 8.445 Executing VM operation: ZRelocateStartYoung (Metadata GC Threshold) done
Event: 8.513 Executing VM operation: HandshakeAllThreads (ZMarkFlushAndFreeStacks)
Event: 8.513 Executing VM operation: HandshakeAllThreads (ZMarkFlushAndFreeStacks) done
Event: 8.513 Executing VM operation: ZMarkFlushOperation
Event: 8.513 Executing VM operation: ZMarkFlushOperation done
Event: 8.513 Executing VM operation: HandshakeAllThreads (ZMarkFlushAndFreeStacks)
Event: 8.513 Executing VM operation: HandshakeAllThreads (ZMarkFlushAndFreeStacks) done
Event: 8.513 Executing VM operation: ZMarkFlushOperation
Event: 8.513 Executing VM operation: ZMarkFlushOperation done
Event: 8.513 Executing VM operation: ZMarkEndOld (Metadata GC Threshold)
Event: 8.513 Executing VM operation: ZMarkEndOld (Metadata GC Threshold) done
Event: 8.533 Executing VM operation: HandshakeAllThreads (ZRendezvous)
Event: 8.533 Executing VM operation: HandshakeAllThreads (ZRendezvous) done
Event: 8.533 Executing VM operation: ZRendezvousGCThreads
Event: 8.533 Executing VM operation: ZRendezvousGCThreads done
Event: 8.534 Executing VM operation: CleanClassLoaderDataMetaspaces
Event: 8.535 Executing VM operation: CleanClassLoaderDataMetaspaces done
Event: 8.558 Executing VM operation: ZRelocateStartOld (Metadata GC Threshold)
Event: 8.558 Executing VM operation: ZRelocateStartOld (Metadata GC Threshold) done
Event: 9.558 Executing VM operation: Cleanup
Event: 9.558 Executing VM operation: Cleanup done
Event: 10.558 Executing VM operation: Cleanup
Event: 10.558 Executing VM operation: Cleanup done
Event: 10.889 Executing VM operation: ZMarkStartYoungAndOld (Warmup)
Event: 10.889 Executing VM operation: ZMarkStartYoungAndOld (Warmup) done
Event: 10.993 Executing VM operation: HandshakeAllThreads (ZMarkFlushAndFreeStacks)
Event: 10.993 Executing VM operation: HandshakeAllThreads (ZMarkFlushAndFreeStacks) done
Event: 10.993 Executing VM operation: ZMarkFlushOperation
Event: 10.993 Executing VM operation: ZMarkFlushOperation done
Event: 10.993 Executing VM operation: HandshakeAllThreads (ZMarkFlushAndFreeStacks)
Event: 10.993 Executing VM operation: HandshakeAllThreads (ZMarkFlushAndFreeStacks) done
Event: 10.993 Executing VM operation: ZMarkFlushOperation
Event: 10.993 Executing VM operation: ZMarkFlushOperation done
Event: 10.993 Executing VM operation: HandshakeAllThreads (ZMarkFlushAndFreeStacks)
Event: 10.993 Executing VM operation: HandshakeAllThreads (ZMarkFlushAndFreeStacks) done
Event: 10.993 Executing VM operation: ZMarkFlushOperation
Event: 10.993 Executing VM operation: ZMarkFlushOperation done
Event: 10.993 Executing VM operation: HandshakeAllThreads (ZMarkFlushAndFreeStacks)
Event: 10.993 Executing VM operation: HandshakeAllThreads (ZMarkFlushAndFreeStacks) done
Event: 10.993 Executing VM operation: ZMarkFlushOperation
Event: 10.993 Executing VM operation: ZMarkFlushOperation done
Event: 10.993 Executing VM operation: ZMarkEndYoung (Warmup)
Event: 10.993 Executing VM operation: ZMarkEndYoung (Warmup) done
Event: 10.995 Executing VM operation: ZRelocateStartYoung (Warmup)
Event: 10.995 Executing VM operation: ZRelocateStartYoung (Warmup) done
Event: 11.049 Executing VM operation: HandshakeAllThreads (ZMarkFlushAndFreeStacks)
Event: 11.049 Executing VM operation: HandshakeAllThreads (ZMarkFlushAndFreeStacks) done
Event: 11.049 Executing VM operation: ZMarkFlushOperation
Event: 11.049 Executing VM operation: ZMarkFlushOperation done
Event: 11.049 Executing VM operation: HandshakeAllThreads (ZMarkFlushAndFreeStacks)
Event: 11.049 Executing VM operation: HandshakeAllThreads (ZMarkFlushAndFreeStacks) done
Event: 11.049 Executing VM operation: ZMarkFlushOperation
Event: 11.049 Executing VM operation: ZMarkFlushOperation done
Event: 11.049 Executing VM operation: HandshakeAllThreads (ZMarkFlushAndFreeStacks)
Event: 11.049 Executing VM operation: HandshakeAllThreads (ZMarkFlushAndFreeStacks) done
Event: 11.049 Executing VM operation: ZMarkFlushOperation
Event: 11.049 Executing VM operation: ZMarkFlushOperation done
Event: 11.049 Executing VM operation: ZMarkEndOld (Warmup)
Event: 11.049 Executing VM operation: ZMarkEndOld (Warmup) done
Event: 11.065 Executing VM operation: HandshakeAllThreads (ZRendezvous)
Event: 11.065 Executing VM operation: HandshakeAllThreads (ZRendezvous) done
Event: 11.065 Executing VM operation: ZRendezvousGCThreads
Event: 11.065 Executing VM operation: ZRendezvousGCThreads done
Event: 11.066 Executing VM operation: CleanClassLoaderDataMetaspaces
Event: 11.066 Executing VM operation: CleanClassLoaderDataMetaspaces done
Event: 11.080 Executing VM operation: ZRelocateStartOld (Warmup)
Event: 11.080 Executing VM operation: ZRelocateStartOld (Warmup) done
Event: 11.775 Executing VM operation: ICBufferFull
Event: 11.775 Executing VM operation: ICBufferFull done
Event: 11.910 Executing VM operation: HandshakeAllThreads (Deoptimize)
Event: 11.911 Executing VM operation: HandshakeAllThreads (Deoptimize) done
Event: 12.087 Executing VM operation: HandshakeAllThreads (Deoptimize)
Event: 12.087 Executing VM operation: HandshakeAllThreads (Deoptimize) done
Event: 12.222 Executing VM operation: HandshakeAllThreads (Deoptimize)
Event: 12.222 Executing VM operation: HandshakeAllThreads (Deoptimize) done
Event: 12.226 Executing VM operation: ICBufferFull
Event: 12.226 Executing VM operation: ICBufferFull done
Event: 12.259 Executing VM operation: HandshakeAllThreads (Deoptimize)
Event: 12.259 Executing VM operation: HandshakeAllThreads (Deoptimize) done
Event: 12.378 Executing VM operation: HandshakeAllThreads (Deoptimize)
Event: 12.378 Executing VM operation: HandshakeAllThreads (Deoptimize) done
Event: 12.382 Executing VM operation: HandshakeAllThreads (Deoptimize)
Event: 12.382 Executing VM operation: HandshakeAllThreads (Deoptimize) done
Event: 12.417 Executing VM operation: HandshakeAllThreads (Deoptimize)
Event: 12.417 Executing VM operation: HandshakeAllThreads (Deoptimize) done
Event: 12.418 Executing VM operation: ICBufferFull
Event: 12.418 Executing VM operation: ICBufferFull done
Event: 12.423 Executing VM operation: HandshakeAllThreads (Deoptimize)
Event: 12.423 Executing VM operation: HandshakeAllThreads (Deoptimize) done
Event: 12.453 Executing VM operation: HandshakeAllThreads (Deoptimize)
Event: 12.453 Executing VM operation: HandshakeAllThreads (Deoptimize) done
Event: 12.468 Executing VM operation: HandshakeAllThreads (Deoptimize)
Event: 12.468 Executing VM operation: HandshakeAllThreads (Deoptimize) done
Event: 12.554 Executing VM operation: ICBufferFull
Event: 12.554 Executing VM operation: ICBufferFull done
Event: 12.641 Executing VM operation: HandshakeAllThreads (Deoptimize)
Event: 12.641 Executing VM operation: HandshakeAllThreads (Deoptimize) done
Event: 12.657 Executing VM operation: HandshakeAllThreads (Deoptimize)
Event: 12.658 Executing VM operation: HandshakeAllThreads (Deoptimize) done
Event: 12.690 Executing VM operation: ICBufferFull
Event: 12.690 Executing VM operation: ICBufferFull done
Event: 12.690 Executing VM operation: ICBufferFull
Event: 12.690 Executing VM operation: ICBufferFull done
Event: 12.690 Executing VM operation: ICBufferFull
Event: 12.690 Executing VM operation: ICBufferFull done
Event: 12.769 Executing VM operation: HandshakeAllThreads (Deoptimize)
Event: 12.769 Executing VM operation: HandshakeAllThreads (Deoptimize) done
Event: 12.800 Executing VM operation: HandshakeAllThreads (Deoptimize)
Event: 12.800 Executing VM operation: HandshakeAllThreads (Deoptimize) done
Event: 12.802 Executing VM operation: HandshakeAllThreads (Deoptimize)
Event: 12.802 Executing VM operation: HandshakeAllThreads (Deoptimize) done
Event: 12.821 Executing VM operation: HandshakeAllThreads (Deoptimize)
Event: 12.821 Executing VM operation: HandshakeAllThreads (Deoptimize) done
Event: 12.857 Executing VM operation: ICBufferFull
Event: 12.857 Executing VM operation: ICBufferFull done
Event: 12.875 Executing VM operation: HandshakeAllThreads (Deoptimize)
Event: 12.875 Executing VM operation: HandshakeAllThreads (Deoptimize) done
Event: 12.879 Executing VM operation: HandshakeAllThreads (Deoptimize)
Event: 12.879 Executing VM operation: HandshakeAllThreads (Deoptimize) done
Event: 12.880 Executing VM operation: HandshakeAllThreads (Deoptimize)
Event: 12.880 Executing VM operation: HandshakeAllThreads (Deoptimize) done
Event: 12.979 Executing VM operation: ICBufferFull
Event: 13.047 Executing VM operation: ICBufferFull done
Event: 13.532 Executing VM operation: ICBufferFull
Event: 13.533 Executing VM operation: ICBufferFull done
Event: 13.544 Executing VM operation: HandshakeAllThreads (Deoptimize)
Event: 13.544 Executing VM operation: HandshakeAllThreads (Deoptimize) done
Event: 13.551 Executing VM operation: HandshakeAllThreads (Deoptimize)
Event: 13.551 Executing VM operation: HandshakeAllThreads (Deoptimize) done
Event: 13.625 Executing VM operation: HandshakeAllThreads (Deoptimize)
Event: 13.625 Executing VM operation: HandshakeAllThreads (Deoptimize) done
Event: 13.677 Executing VM operation: HandshakeAllThreads (Deoptimize)
Event: 13.678 Executing VM operation: HandshakeAllThreads (Deoptimize) done
Event: 13.774 Executing VM operation: ICBufferFull
Event: 13.774 Executing VM operation: ICBufferFull done
Event: 13.876 Executing VM operation: HandshakeAllThreads (Deoptimize)
Event: 13.876 Executing VM operation: HandshakeAllThreads (Deoptimize) done
Event: 14.119 Executing VM operation: HandshakeAllThreads (Deoptimize)
Event: 14.119 Executing VM operation: HandshakeAllThreads (Deoptimize) done
Event: 14.345 Executing VM operation: ICBufferFull
Event: 14.346 Executing VM operation: ICBufferFull done
Event: 15.346 Executing VM operation: Cleanup
Event: 15.346 Executing VM operation: Cleanup done
Event: 16.213 Executing VM operation: ICBufferFull
Event: 16.213 Executing VM operation: ICBufferFull done
Event: 16.522 Executing VM operation: HandshakeAllThreads (Deoptimize)
Event: 16.523 Executing VM operation: HandshakeAllThreads (Deoptimize) done
Event: 16.523 Executing VM operation: HandshakeAllThreads (Deoptimize)
Event: 16.523 Executing VM operation: HandshakeAllThreads (Deoptimize) done
Event: 16.716 Executing VM operation: ICBufferFull
Event: 16.716 Executing VM operation: ICBufferFull done
Event: 16.746 Executing VM operation: HandshakeAllThreads (Deoptimize)
Event: 16.746 Executing VM operation: HandshakeAllThreads (Deoptimize) done
Event: 16.747 Executing VM operation: HandshakeAllThreads (Deoptimize)
Event: 16.748 Executing VM operation: HandshakeAllThreads (Deoptimize) done
Event: 16.748 Executing VM operation: HandshakeAllThreads (Deoptimize)
Event: 16.748 Executing VM operation: HandshakeAllThreads (Deoptimize) done
Event: 16.903 Executing VM operation: HandshakeAllThreads (Deoptimize)
Event: 16.903 Executing VM operation: HandshakeAllThreads (Deoptimize) done
Event: 16.950 Executing VM operation: ICBufferFull
Event: 16.950 Executing VM operation: ICBufferFull done
Event: 16.981 Executing VM operation: HandshakeAllThreads (Deoptimize)
Event: 16.981 Executing VM operation: HandshakeAllThreads (Deoptimize) done
Event: 17.921 Executing VM operation: HandshakeAllThreads (Deoptimize)
Event: 17.921 Executing VM operation: HandshakeAllThreads (Deoptimize) done
Event: 17.924 Executing VM operation: HandshakeAllThreads (Deoptimize)
Event: 17.924 Executing VM operation: HandshakeAllThreads (Deoptimize) done
Event: 17.924 Executing VM operation: HandshakeAllThreads (Deoptimize)
Event: 17.924 Executing VM operation: HandshakeAllThreads (Deoptimize) done
Event: 17.929 Executing VM operation: HandshakeAllThreads (Deoptimize)
Event: 17.929 Executing VM operation: HandshakeAllThreads (Deoptimize) done
Event: 17.936 Executing VM operation: HandshakeAllThreads (Deoptimize)
Event: 17.936 Executing VM operation: HandshakeAllThreads (Deoptimize) done

Memory protections (0 events):
No events

Nmethod flushes (250 events):
Event: 11.065 Thread 0x00000202ac6520a0 flushing  nmethod 0x00000202b19bbf10
Event: 11.065 Thread 0x00000202ac6520a0 flushing  nmethod 0x00000202b09d9310
Event: 11.065 Thread 0x00000202ac6520a0 flushing  nmethod 0x00000202b1a6bf10
Event: 11.065 Thread 0x00000202ac6520a0 flushing  nmethod 0x00000202b163ea90
Event: 11.065 Thread 0x00000202ac6520a0 flushing  nmethod 0x00000202b8e88390
Event: 11.065 Thread 0x00000202ac6520a0 flushing  nmethod 0x00000202b147a810
Event: 11.065 Thread 0x00000202ac6520a0 flushing  nmethod 0x00000202b8a39c90
Event: 11.065 Thread 0x00000202ac6520a0 flushing  nmethod 0x00000202b1d92310
Event: 11.065 Thread 0x00000202ac6520a0 flushing  nmethod 0x00000202b1a18a90
Event: 11.065 Thread 0x00000202ac6520a0 flushing  nmethod 0x00000202b0a0ab90
Event: 11.065 Thread 0x00000202ac6520a0 flushing  nmethod 0x00000202b204b710
Event: 11.065 Thread 0x00000202ac6520a0 flushing  nmethod 0x00000202b0b68890
Event: 11.065 Thread 0x00000202ac6520a0 flushing  nmethod 0x00000202b18acd10
Event: 11.065 Thread 0x00000202ac6520a0 flushing  nmethod 0x00000202b0e83090
Event: 11.065 Thread 0x00000202ac6520a0 flushing  nmethod 0x00000202b1533d90
Event: 11.065 Thread 0x00000202ac6520a0 flushing  nmethod 0x00000202b0961210
Event: 11.065 Thread 0x00000202ac6520a0 flushing  nmethod 0x00000202b8a6a190
Event: 11.065 Thread 0x00000202ac6520a0 flushing  nmethod 0x00000202b0ea0390
Event: 11.065 Thread 0x00000202ac6520a0 flushing  nmethod 0x00000202b0bfa710
Event: 11.065 Thread 0x00000202ac6520a0 flushing  nmethod 0x00000202b15a5a90
Event: 11.065 Thread 0x00000202ac6520a0 flushing  nmethod 0x00000202b87ccc90
Event: 11.065 Thread 0x00000202ac6520a0 flushing  nmethod 0x00000202b09e4410
Event: 11.065 Thread 0x00000202ac6520a0 flushing  nmethod 0x00000202b0dbf410
Event: 11.065 Thread 0x00000202ac6520a0 flushing  nmethod 0x00000202b1656c90
Event: 11.065 Thread 0x00000202ac6520a0 flushing  nmethod 0x00000202b1a4ac90
Event: 11.065 Thread 0x00000202ac6520a0 flushing  nmethod 0x00000202b1136c10
Event: 11.065 Thread 0x00000202ac6520a0 flushing  nmethod 0x00000202b0c59010
Event: 11.065 Thread 0x00000202ac6520a0 flushing  nmethod 0x00000202b20c2710
Event: 11.065 Thread 0x00000202ac6520a0 flushing  nmethod 0x00000202b0cc8a90
Event: 11.065 Thread 0x00000202ac6520a0 flushing  nmethod 0x00000202b172ff90
Event: 11.065 Thread 0x00000202ac6520a0 flushing  nmethod 0x00000202b20d1790
Event: 11.065 Thread 0x00000202ac6520a0 flushing  nmethod 0x00000202b86c7890
Event: 11.065 Thread 0x00000202ac6520a0 flushing  nmethod 0x00000202b0d84710
Event: 11.065 Thread 0x00000202ac6520a0 flushing  nmethod 0x00000202b8df1990
Event: 11.065 Thread 0x00000202ac6520a0 flushing  nmethod 0x00000202b1912010
Event: 11.065 Thread 0x00000202ac6520a0 flushing  nmethod 0x00000202b1811d10
Event: 11.065 Thread 0x00000202ac6520a0 flushing osr nmethod 0x00000202b8aa6010
Event: 11.065 Thread 0x00000202ac6520a0 flushing  nmethod 0x00000202b214c190
Event: 11.065 Thread 0x00000202ac6520a0 flushing  nmethod 0x00000202b0e66010
Event: 11.065 Thread 0x00000202ac6520a0 flushing  nmethod 0x00000202b0febd90
Event: 11.065 Thread 0x00000202ac6520a0 flushing  nmethod 0x00000202b1078e90
Event: 11.065 Thread 0x00000202ac6520a0 flushing  nmethod 0x00000202b1498490
Event: 11.065 Thread 0x00000202ac6520a0 flushing  nmethod 0x00000202b18ad610
Event: 11.065 Thread 0x00000202ac6520a0 flushing  nmethod 0x00000202b124c010
Event: 11.065 Thread 0x00000202ac6520a0 flushing  nmethod 0x00000202b91e4c90
Event: 11.065 Thread 0x00000202ac6520a0 flushing  nmethod 0x00000202b215a090
Event: 11.065 Thread 0x00000202ac6520a0 flushing  nmethod 0x00000202b88cd910
Event: 11.065 Thread 0x00000202ac6520a0 flushing  nmethod 0x00000202b2019610
Event: 11.065 Thread 0x00000202ac6520a0 flushing  nmethod 0x00000202b1bcba10
Event: 11.065 Thread 0x00000202ac6520a0 flushing  nmethod 0x00000202b0c4cd90
Event: 11.065 Thread 0x00000202ac6520a0 flushing  nmethod 0x00000202b2132590
Event: 11.065 Thread 0x00000202ac6520a0 flushing  nmethod 0x00000202b145bd90
Event: 11.065 Thread 0x00000202ac6520a0 flushing  nmethod 0x00000202b8fb5f90
Event: 11.065 Thread 0x00000202ac6520a0 flushing  nmethod 0x00000202b1e8e510
Event: 11.065 Thread 0x00000202ac6520a0 flushing  nmethod 0x00000202b21a4190
Event: 11.065 Thread 0x00000202ac6520a0 flushing  nmethod 0x00000202b8a7f390
Event: 11.065 Thread 0x00000202ac6520a0 flushing  nmethod 0x00000202b0b54b10
Event: 11.065 Thread 0x00000202ac6520a0 flushing  nmethod 0x00000202b1799d10
Event: 11.065 Thread 0x00000202ac6520a0 flushing  nmethod 0x00000202b90ff990
Event: 11.065 Thread 0x00000202ac6520a0 flushing  nmethod 0x00000202b0b01a90
Event: 11.065 Thread 0x00000202ac6520a0 flushing  nmethod 0x00000202b18c4490
Event: 11.065 Thread 0x00000202ac6520a0 flushing  nmethod 0x00000202b8def990
Event: 11.065 Thread 0x00000202ac6520a0 flushing  nmethod 0x00000202b8802e10
Event: 11.065 Thread 0x00000202ac6520a0 flushing  nmethod 0x00000202b18c3410
Event: 11.065 Thread 0x00000202ac6520a0 flushing  nmethod 0x00000202b0d81d90
Event: 11.065 Thread 0x00000202ac6520a0 flushing  nmethod 0x00000202b20ca090
Event: 11.065 Thread 0x00000202ac6520a0 flushing  nmethod 0x00000202b14e5190
Event: 11.065 Thread 0x00000202ac6520a0 flushing  nmethod 0x00000202b1e19c90
Event: 11.065 Thread 0x00000202ac6520a0 flushing  nmethod 0x00000202b0a71a90
Event: 11.065 Thread 0x00000202ac6520a0 flushing  nmethod 0x00000202b0bfb190
Event: 11.065 Thread 0x00000202ac6520a0 flushing  nmethod 0x00000202b09ef610
Event: 11.065 Thread 0x00000202ac6520a0 flushing  nmethod 0x00000202b0aa6a90
Event: 11.065 Thread 0x00000202ac6520a0 flushing  nmethod 0x00000202b09cd590
Event: 11.065 Thread 0x00000202ac6520a0 flushing  nmethod 0x00000202b1fc0e90
Event: 11.065 Thread 0x00000202ac6520a0 flushing  nmethod 0x00000202b20f5d90
Event: 11.065 Thread 0x00000202ac6520a0 flushing  nmethod 0x00000202b8671310
Event: 11.065 Thread 0x00000202ac6520a0 flushing  nmethod 0x00000202b09a8110
Event: 11.065 Thread 0x00000202ac6520a0 flushing  nmethod 0x00000202b151ac90
Event: 11.065 Thread 0x00000202ac6520a0 flushing  nmethod 0x00000202b87fed90
Event: 11.065 Thread 0x00000202ac6520a0 flushing  nmethod 0x00000202b8e7fb90
Event: 11.065 Thread 0x00000202ac6520a0 flushing  nmethod 0x00000202b900d710
Event: 11.065 Thread 0x00000202ac6520a0 flushing  nmethod 0x00000202b0961c10
Event: 11.065 Thread 0x00000202ac6520a0 flushing  nmethod 0x00000202b1140490
Event: 11.065 Thread 0x00000202ac6520a0 flushing  nmethod 0x00000202b0c3e990
Event: 11.065 Thread 0x00000202ac6520a0 flushing  nmethod 0x00000202b1b43410
Event: 11.065 Thread 0x00000202ac6520a0 flushing  nmethod 0x00000202b902a590
Event: 11.065 Thread 0x00000202ac6520a0 flushing  nmethod 0x00000202b10a8310
Event: 11.065 Thread 0x00000202ac6520a0 flushing  nmethod 0x00000202b8efa110
Event: 11.065 Thread 0x00000202ac6520a0 flushing  nmethod 0x00000202b0ffca90
Event: 11.065 Thread 0x00000202ac6520a0 flushing  nmethod 0x00000202b9202010
Event: 11.065 Thread 0x00000202ac6520a0 flushing  nmethod 0x00000202b2100790
Event: 11.065 Thread 0x00000202ac6520a0 flushing  nmethod 0x00000202b8699210
Event: 11.065 Thread 0x00000202ac6520a0 flushing  nmethod 0x00000202b8858f90
Event: 11.065 Thread 0x00000202ac6520a0 flushing  nmethod 0x00000202b18fb890
Event: 11.065 Thread 0x00000202ac6520a0 flushing  nmethod 0x00000202b1008290
Event: 11.065 Thread 0x00000202ac6520a0 flushing  nmethod 0x00000202b160ff90
Event: 11.065 Thread 0x00000202ac6520a0 flushing  nmethod 0x00000202b0eaa890
Event: 11.065 Thread 0x00000202ac6520a0 flushing  nmethod 0x00000202b1ff1c10
Event: 11.065 Thread 0x00000202ac6520a0 flushing  nmethod 0x00000202b14b4810
Event: 11.065 Thread 0x00000202ac6520a0 flushing  nmethod 0x00000202b2121b10
Event: 11.065 Thread 0x00000202ac6520a0 flushing  nmethod 0x00000202b8f7e590
Event: 11.065 Thread 0x00000202ac6520a0 flushing  nmethod 0x00000202b20d7f10
Event: 11.065 Thread 0x00000202ac6520a0 flushing  nmethod 0x00000202b1697610
Event: 11.065 Thread 0x00000202ac6520a0 flushing  nmethod 0x00000202b0ca7810
Event: 11.065 Thread 0x00000202ac6520a0 flushing  nmethod 0x00000202b91def10
Event: 11.065 Thread 0x00000202ac6520a0 flushing  nmethod 0x00000202b098fc10
Event: 11.065 Thread 0x00000202ac6520a0 flushing  nmethod 0x00000202b8973190
Event: 11.065 Thread 0x00000202ac6520a0 flushing  nmethod 0x00000202b8599310
Event: 11.065 Thread 0x00000202ac6520a0 flushing  nmethod 0x00000202b0d49090
Event: 11.065 Thread 0x00000202ac6520a0 flushing  nmethod 0x00000202b16a8610
Event: 11.065 Thread 0x00000202ac6520a0 flushing  nmethod 0x00000202b0eb5010
Event: 11.065 Thread 0x00000202ac6520a0 flushing  nmethod 0x00000202b09fad90
Event: 11.065 Thread 0x00000202ac6520a0 flushing  nmethod 0x00000202b0f25690
Event: 11.065 Thread 0x00000202ac6520a0 flushing  nmethod 0x00000202b18c8590
Event: 11.065 Thread 0x00000202ac6520a0 flushing  nmethod 0x00000202b883bd90
Event: 11.065 Thread 0x00000202ac6520a0 flushing  nmethod 0x00000202b0d84d10
Event: 11.065 Thread 0x00000202ac6520a0 flushing  nmethod 0x00000202b0c85510
Event: 11.065 Thread 0x00000202ac6520a0 flushing  nmethod 0x00000202b09e9d10
Event: 11.065 Thread 0x00000202ac6520a0 flushing  nmethod 0x00000202b213d810
Event: 11.065 Thread 0x00000202ac6520a0 flushing  nmethod 0x00000202b0b08790
Event: 11.065 Thread 0x00000202ac6520a0 flushing  nmethod 0x00000202b18ed390
Event: 11.065 Thread 0x00000202ac6520a0 flushing  nmethod 0x00000202b0b33590
Event: 11.065 Thread 0x00000202ac6520a0 flushing  nmethod 0x00000202b0bfc610
Event: 11.066 Thread 0x00000202ac6520a0 flushing  nmethod 0x00000202b864bb90
Event: 11.066 Thread 0x00000202ac6520a0 flushing  nmethod 0x00000202b0cbd490
Event: 11.066 Thread 0x00000202ac6520a0 flushing  nmethod 0x00000202b15ada90
Event: 11.066 Thread 0x00000202ac6520a0 flushing osr nmethod 0x00000202b207de10
Event: 11.066 Thread 0x00000202ac6520a0 flushing  nmethod 0x00000202b1537490
Event: 11.066 Thread 0x00000202ac6520a0 flushing  nmethod 0x00000202b0a8e990
Event: 11.066 Thread 0x00000202ac6520a0 flushing  nmethod 0x00000202b176ed90
Event: 11.066 Thread 0x00000202ac6520a0 flushing  nmethod 0x00000202b0d47a90
Event: 11.066 Thread 0x00000202ac6520a0 flushing  nmethod 0x00000202b0b2c990
Event: 11.066 Thread 0x00000202ac6520a0 flushing  nmethod 0x00000202b8b2dd10
Event: 11.066 Thread 0x00000202ac6520a0 flushing  nmethod 0x00000202b1a5d190
Event: 11.066 Thread 0x00000202ac6520a0 flushing  nmethod 0x00000202b1c96690
Event: 11.066 Thread 0x00000202ac6520a0 flushing  nmethod 0x00000202b0e51890
Event: 11.066 Thread 0x00000202ac6520a0 flushing  nmethod 0x00000202b0e9d790
Event: 11.066 Thread 0x00000202ac6520a0 flushing  nmethod 0x00000202b0948610
Event: 11.066 Thread 0x00000202ac6520a0 flushing  nmethod 0x00000202b0a89c90
Event: 11.066 Thread 0x00000202ac6520a0 flushing  nmethod 0x00000202b0bf7f10
Event: 11.066 Thread 0x00000202ac6520a0 flushing  nmethod 0x00000202b101ff10
Event: 11.066 Thread 0x00000202ac6520a0 flushing  nmethod 0x00000202b170ba90
Event: 11.066 Thread 0x00000202ac6520a0 flushing  nmethod 0x00000202b134fb10
Event: 11.066 Thread 0x00000202ac6520a0 flushing  nmethod 0x00000202b2124d10
Event: 11.066 Thread 0x00000202ac6520a0 flushing  nmethod 0x00000202b0a65b10
Event: 11.066 Thread 0x00000202ac6520a0 flushing  nmethod 0x00000202b0950790
Event: 11.066 Thread 0x00000202ac6520a0 flushing  nmethod 0x00000202b18ecd90
Event: 11.066 Thread 0x00000202ac6520a0 flushing  nmethod 0x00000202b18c7d90
Event: 11.066 Thread 0x00000202ac6520a0 flushing  nmethod 0x00000202b1bc6390
Event: 11.066 Thread 0x00000202ac6520a0 flushing  nmethod 0x00000202b1932b90
Event: 11.066 Thread 0x00000202ac6520a0 flushing  nmethod 0x00000202b1af8310
Event: 11.066 Thread 0x00000202ac6520a0 flushing  nmethod 0x00000202b179a490
Event: 11.066 Thread 0x00000202ac6520a0 flushing  nmethod 0x00000202b89e8110
Event: 11.066 Thread 0x00000202ac6520a0 flushing  nmethod 0x00000202b20a9510
Event: 11.066 Thread 0x00000202ac6520a0 flushing  nmethod 0x00000202b0ecb610
Event: 11.066 Thread 0x00000202ac6520a0 flushing  nmethod 0x00000202b0bd8390
Event: 11.066 Thread 0x00000202ac6520a0 flushing  nmethod 0x00000202b0a3d790
Event: 11.066 Thread 0x00000202ac6520a0 flushing  nmethod 0x00000202b1a6fa90
Event: 11.066 Thread 0x00000202ac6520a0 flushing  nmethod 0x00000202b1ff5a90
Event: 11.066 Thread 0x00000202ac6520a0 flushing  nmethod 0x00000202b8671c90
Event: 11.066 Thread 0x00000202ac6520a0 flushing  nmethod 0x00000202b0ffd510
Event: 11.066 Thread 0x00000202ac6520a0 flushing  nmethod 0x00000202b1273710
Event: 11.066 Thread 0x00000202ac6520a0 flushing  nmethod 0x00000202b8684c10
Event: 11.066 Thread 0x00000202ac6520a0 flushing  nmethod 0x00000202b1e7a890
Event: 11.066 Thread 0x00000202ac6520a0 flushing  nmethod 0x00000202b196a790
Event: 11.066 Thread 0x00000202ac6520a0 flushing  nmethod 0x00000202b18c4910
Event: 11.066 Thread 0x00000202ac6520a0 flushing  nmethod 0x00000202b1b52290
Event: 11.066 Thread 0x00000202ac6520a0 flushing  nmethod 0x00000202b0eab090
Event: 11.066 Thread 0x00000202ac6520a0 flushing  nmethod 0x00000202b1893690
Event: 11.066 Thread 0x00000202ac6520a0 flushing  nmethod 0x00000202b0a6f490
Event: 11.066 Thread 0x00000202ac6520a0 flushing  nmethod 0x00000202b0d21690
Event: 11.066 Thread 0x00000202ac6520a0 flushing  nmethod 0x00000202b17d2210
Event: 11.066 Thread 0x00000202ac6520a0 flushing  nmethod 0x00000202b20dce90
Event: 11.066 Thread 0x00000202ac6520a0 flushing  nmethod 0x00000202b0b4a310
Event: 11.066 Thread 0x00000202ac6520a0 flushing  nmethod 0x00000202b0eaec10
Event: 11.066 Thread 0x00000202ac6520a0 flushing  nmethod 0x00000202b0c4b590
Event: 11.066 Thread 0x00000202ac6520a0 flushing  nmethod 0x00000202b907b310
Event: 11.066 Thread 0x00000202ac6520a0 flushing  nmethod 0x00000202b0ba2410
Event: 11.066 Thread 0x00000202ac6520a0 flushing  nmethod 0x00000202b0f46210
Event: 11.066 Thread 0x00000202ac6520a0 flushing  nmethod 0x00000202b917ed90
Event: 11.066 Thread 0x00000202ac6520a0 flushing  nmethod 0x00000202b105d710
Event: 11.066 Thread 0x00000202ac6520a0 flushing  nmethod 0x00000202b0be9210
Event: 11.066 Thread 0x00000202ac6520a0 flushing  nmethod 0x00000202b9037910
Event: 11.066 Thread 0x00000202ac6520a0 flushing  nmethod 0x00000202b10ba290
Event: 11.066 Thread 0x00000202ac6520a0 flushing  nmethod 0x00000202b8b53c10
Event: 11.066 Thread 0x00000202ac6520a0 flushing  nmethod 0x00000202b0bf9490
Event: 11.066 Thread 0x00000202ac6520a0 flushing  nmethod 0x00000202b188de10
Event: 11.066 Thread 0x00000202ac6520a0 flushing  nmethod 0x00000202b0f4dd90
Event: 11.066 Thread 0x00000202ac6520a0 flushing osr nmethod 0x00000202b896fc90
Event: 11.066 Thread 0x00000202ac6520a0 flushing  nmethod 0x00000202b140fd10
Event: 11.066 Thread 0x00000202ac6520a0 flushing  nmethod 0x00000202b9147790
Event: 11.066 Thread 0x00000202ac6520a0 flushing  nmethod 0x00000202b20d5c10
Event: 11.066 Thread 0x00000202ac6520a0 flushing  nmethod 0x00000202b13afd10
Event: 11.066 Thread 0x00000202ac6520a0 flushing  nmethod 0x00000202b0ecbe90
Event: 11.066 Thread 0x00000202ac6520a0 flushing osr nmethod 0x00000202b8b21790
Event: 11.066 Thread 0x00000202ac6520a0 flushing  nmethod 0x00000202b1639a10
Event: 11.066 Thread 0x00000202ac6520a0 flushing  nmethod 0x00000202b0cebc10
Event: 11.066 Thread 0x00000202ac6520a0 flushing  nmethod 0x00000202b2258810
Event: 11.066 Thread 0x00000202ac6520a0 flushing  nmethod 0x00000202b0b96910
Event: 11.066 Thread 0x00000202ac6520a0 flushing  nmethod 0x00000202b0a1aa10
Event: 11.066 Thread 0x00000202ac6520a0 flushing  nmethod 0x00000202b928ca90
Event: 11.066 Thread 0x00000202ac6520a0 flushing  nmethod 0x00000202b097c590
Event: 11.066 Thread 0x00000202ac6520a0 flushing  nmethod 0x00000202b1299b10
Event: 11.066 Thread 0x00000202ac6520a0 flushing  nmethod 0x00000202b0d5e710
Event: 11.066 Thread 0x00000202ac6520a0 flushing  nmethod 0x00000202b1f94110
Event: 11.066 Thread 0x00000202ac6520a0 flushing  nmethod 0x00000202b1e8bc10
Event: 11.066 Thread 0x00000202ac6520a0 flushing  nmethod 0x00000202b0c42010
Event: 11.066 Thread 0x00000202ac6520a0 flushing  nmethod 0x00000202b9101b10
Event: 11.066 Thread 0x00000202ac6520a0 flushing  nmethod 0x00000202b1a7e090
Event: 11.066 Thread 0x00000202ac6520a0 flushing  nmethod 0x00000202b1636f90
Event: 11.066 Thread 0x00000202ac6520a0 flushing  nmethod 0x00000202b9142810
Event: 11.066 Thread 0x00000202ac6520a0 flushing  nmethod 0x00000202b1fc4990
Event: 11.066 Thread 0x00000202ac6520a0 flushing  nmethod 0x00000202b86f5510
Event: 11.066 Thread 0x00000202ac6520a0 flushing  nmethod 0x00000202b196dc10
Event: 11.066 Thread 0x00000202ac6520a0 flushing  nmethod 0x00000202b202ab10
Event: 11.066 Thread 0x00000202ac6520a0 flushing  nmethod 0x00000202b9029a10
Event: 11.066 Thread 0x00000202ac6520a0 flushing  nmethod 0x00000202b1a6d410
Event: 11.066 Thread 0x00000202ac6520a0 flushing  nmethod 0x00000202b8baa810
Event: 11.066 Thread 0x00000202ac6520a0 flushing  nmethod 0x00000202b1fc3d10
Event: 11.066 Thread 0x00000202ac6520a0 flushing  nmethod 0x00000202b0d8f890
Event: 11.066 Thread 0x00000202ac6520a0 flushing  nmethod 0x00000202b2152110
Event: 11.066 Thread 0x00000202ac6520a0 flushing  nmethod 0x00000202b1fbcf10
Event: 11.066 Thread 0x00000202ac6520a0 flushing  nmethod 0x00000202b20fcf90
Event: 11.066 Thread 0x00000202ac6520a0 flushing  nmethod 0x00000202b85ec810
Event: 11.066 Thread 0x00000202ac6520a0 flushing  nmethod 0x00000202b201a110
Event: 11.066 Thread 0x00000202ac6520a0 flushing  nmethod 0x00000202b153a590
Event: 11.066 Thread 0x00000202ac6520a0 flushing  nmethod 0x00000202b0d67990
Event: 11.066 Thread 0x00000202ac6520a0 flushing  nmethod 0x00000202b1507010
Event: 11.066 Thread 0x00000202ac6520a0 flushing  nmethod 0x00000202b8928190
Event: 11.066 Thread 0x00000202ac6520a0 flushing  nmethod 0x00000202b9116d10
Event: 11.066 Thread 0x00000202ac6520a0 flushing  nmethod 0x00000202b0b9c990
Event: 11.066 Thread 0x00000202ac6520a0 flushing  nmethod 0x00000202b1642610
Event: 11.066 Thread 0x00000202ac6520a0 flushing  nmethod 0x00000202b0b25410
Event: 11.066 Thread 0x00000202ac6520a0 flushing  nmethod 0x00000202b0d46d90
Event: 11.066 Thread 0x00000202ac6520a0 flushing  nmethod 0x00000202b163ba90
Event: 11.066 Thread 0x00000202ac6520a0 flushing  nmethod 0x00000202b0dc2790
Event: 11.066 Thread 0x00000202ac6520a0 flushing  nmethod 0x00000202b1161210
Event: 11.066 Thread 0x00000202ac6520a0 flushing  nmethod 0x00000202b0a2c290
Event: 11.066 Thread 0x00000202ac6520a0 flushing  nmethod 0x00000202b1705e10
Event: 11.066 Thread 0x00000202ac6520a0 flushing  nmethod 0x00000202b211ba90
Event: 11.066 Thread 0x00000202ac6520a0 flushing  nmethod 0x00000202b1609810
Event: 11.066 Thread 0x00000202ac6520a0 flushing  nmethod 0x00000202b8b16b10
Event: 11.066 Thread 0x00000202ac6520a0 flushing  nmethod 0x00000202b2264290
Event: 11.066 Thread 0x00000202ac6520a0 flushing  nmethod 0x00000202b8cdf910
Event: 11.066 Thread 0x00000202ac6520a0 flushing  nmethod 0x00000202b1cba790
Event: 11.066 Thread 0x00000202ac6520a0 flushing  nmethod 0x00000202b145ba10
Event: 11.066 Thread 0x00000202ac6520a0 flushing  nmethod 0x00000202b8baf190
Event: 11.066 Thread 0x00000202ac6520a0 flushing  nmethod 0x00000202b1938110
Event: 11.066 Thread 0x00000202ac6520a0 flushing  nmethod 0x00000202b1249190
Event: 11.066 Thread 0x00000202ac6520a0 flushing  nmethod 0x00000202b9219f90

Events (250 events):
Event: 0.124 Thread 0x00000202acaa0440 Thread added: 0x00000206c70df270
Event: 0.137 Thread 0x00000202acb6ac20 Thread added: 0x00000206c718b080
Event: 0.153 Thread 0x00000202acb6ac20 Thread added: 0x00000206c721c8c0
Event: 0.252 Thread 0x00000202ace20540 Thread added: 0x00000206c70221b0
Event: 0.458 Thread 0x00000202ace20540 Thread added: 0x00000206c7022ed0
Event: 0.461 Thread 0x00000206c7022ed0 Thread exited: 0x00000206c7022ed0
Event: 0.465 Thread 0x00000202ace20540 Thread added: 0x00000206c7020e00
Event: 0.483 Thread 0x00000206c7020e00 Thread exited: 0x00000206c7020e00
Event: 0.544 Thread 0x00000202ace20540 Thread added: 0x00000206c7020770
Event: 0.799 Thread 0x00000206c721c8c0 Thread added: 0x00000206c8a1e010
Event: 0.799 Thread 0x00000206c721c8c0 Thread added: 0x00000206c8a1e6b0
Event: 0.813 Thread 0x00000206c70df270 Thread added: 0x00000206c8311b10
Event: 0.819 Thread 0x00000206c70df270 Thread added: 0x00000206c8ac23e0
Event: 0.819 Thread 0x00000206c70df270 Thread added: 0x00000206c864cf90
Event: 1.013 Thread 0x00000202ace20540 Thread added: 0x00000206c7022ed0
Event: 1.013 Thread 0x00000206c7022ed0 Thread added: 0x00000206c7023560
Event: 1.013 Thread 0x00000206c7022ed0 Thread added: 0x00000206c70200e0
Event: 1.013 Thread 0x00000206c7023560 Thread added: 0x00000206c7020e00
Event: 1.013 Thread 0x00000206c70200e0 Thread added: 0x00000206cb9baad0
Event: 1.013 Thread 0x00000206c7023560 Thread added: 0x00000206cb9bb160
Event: 1.013 Thread 0x00000206c70200e0 Thread added: 0x00000206cb9bbe80
Event: 1.013 Thread 0x00000206c7020e00 Thread added: 0x00000206cb9bb7f0
Event: 1.013 Thread 0x00000206c7020e00 Thread added: 0x00000206cb9b9720
Event: 1.013 Thread 0x00000206cb9baad0 Thread added: 0x00000206cb9b8a00
Event: 1.013 Thread 0x00000206c7020e00 Thread added: 0x00000206cb9b9090
Event: 1.013 Thread 0x00000206cb9bb7f0 Thread added: 0x00000206cb9b9db0
Event: 1.013 Thread 0x00000206cb9bbe80 Thread added: 0x00000206cb9ba440
Event: 1.014 Thread 0x00000206cb9bb160 Thread added: 0x00000206c9482660
Event: 1.014 Thread 0x00000206cb9baad0 Thread added: 0x00000206c947eb50
Event: 1.255 Thread 0x00000206c70221b0 Thread exited: 0x00000206c70221b0
Event: 1.603 Thread 0x00000206c864cf90 Thread exited: 0x00000206c864cf90
Event: 1.606 Thread 0x00000202ace20540 Thread added: 0x00000206c9480c20
Event: 1.607 Thread 0x00000206c8ac23e0 Thread exited: 0x00000206c8ac23e0
Event: 1.607 Thread 0x00000206c8311b10 Thread exited: 0x00000206c8311b10
Event: 1.608 Thread 0x00000206c8a1e6b0 Thread exited: 0x00000206c8a1e6b0
Event: 1.609 Thread 0x00000206c8a1e010 Thread exited: 0x00000206c8a1e010
Event: 1.609 Thread 0x00000206c721c8c0 Thread exited: 0x00000206c721c8c0
Event: 1.609 Thread 0x00000206c718b080 Thread exited: 0x00000206c718b080
Event: 1.631 Thread 0x00000202acb6ac20 Thread added: 0x00000206c8361d50
Event: 1.687 Thread 0x00000202aca9fda0 Thread added: 0x00000206c8362420
Event: 2.275 Thread 0x00000202aca9fda0 Thread added: 0x00000206c8361680
Event: 2.280 Thread 0x00000206c70df270 Thread added: 0x00000206c8362af0
Event: 2.281 Thread 0x00000202acaa0440 Thread added: 0x00000206c8363890
Event: 2.306 Thread 0x00000202ace20540 Thread added: 0x00000206c947d7a0
Event: 2.306 Thread 0x00000202ace20540 Thread added: 0x00000206c947ff00
Event: 2.306 Thread 0x00000202ace20540 Thread added: 0x00000206c947de30
Event: 2.306 Thread 0x00000202ace20540 Thread added: 0x00000206c947f870
Event: 2.306 Thread 0x00000202ace20540 Thread added: 0x00000206c947e4c0
Event: 2.307 Thread 0x00000202ace20540 Thread added: 0x00000206c94812b0
Event: 2.307 Thread 0x00000202ace20540 Thread added: 0x00000206c947f1e0
Event: 2.307 Thread 0x00000202ace20540 Thread added: 0x00000206c9481fd0
Event: 2.307 Thread 0x00000202ace20540 Thread added: 0x00000206c9482cf0
Event: 2.307 Thread 0x00000202ace20540 Thread added: 0x00000206c947c3f0
Event: 2.307 Thread 0x00000202ace20540 Thread added: 0x00000206c947bd60
Event: 2.307 Thread 0x00000202ace20540 Thread added: 0x00000206c9481940
Event: 2.307 Thread 0x00000202ace20540 Thread added: 0x00000206c9483380
Event: 2.307 Thread 0x00000202ace20540 Thread added: 0x00000206c947ca80
Event: 2.307 Thread 0x00000202ace20540 Thread added: 0x00000206c9480590
Event: 2.321 Thread 0x00000202acaa0440 Thread added: 0x00000206cd67a8c0
Event: 2.326 Thread 0x00000202acb6ac20 Thread added: 0x00000206cd679450
Event: 4.031 Thread 0x00000202ace20540 Thread added: 0x0000020718e11d50
Event: 4.042 Thread 0x00000202ace20540 Thread added: 0x0000020718e12a70
Event: 4.538 Thread 0x00000202ace20540 Thread added: 0x0000020718e15860
Event: 4.691 Thread 0x00000206cd679450 Thread exited: 0x00000206cd679450
Event: 4.693 Thread 0x00000202ace20540 Thread added: 0x0000020718e0e8d0
Event: 4.878 Thread 0x00000202ace20540 Thread added: 0x000002071c4f2c70
Event: 5.303 Thread 0x00000206cd67a8c0 Thread exited: 0x00000206cd67a8c0
Event: 5.450 Thread 0x00000206c8363890 Thread exited: 0x00000206c8363890
Event: 5.993 Thread 0x00000202acaa0440 Thread added: 0x0000020718e2a510
Event: 6.014 Thread 0x00000206c8362420 Thread added: 0x0000020718e29e40
Event: 6.014 Thread 0x00000206c8362420 Thread added: 0x0000020718e2abe0
Event: 6.353 Thread 0x0000020718e2abe0 Thread exited: 0x0000020718e2abe0
Event: 6.512 Thread 0x0000020718e29e40 Thread exited: 0x0000020718e29e40
Event: 6.695 Thread 0x0000020718e2a510 Thread exited: 0x0000020718e2a510
Event: 7.430 Thread 0x000002071c4f2c70 Thread exited: 0x000002071c4f2c70
Event: 7.432 Thread 0x00000202ace20540 Thread added: 0x000002071c4f2c70
Event: 7.555 Thread 0x00000202ace20540 Thread added: 0x000002071c4f4d40
Event: 7.559 Thread 0x00000202ace20540 Thread added: 0x000002071c4f5a60
Event: 7.560 Thread 0x00000202ace20540 Thread added: 0x000002071c4f60f0
Event: 7.742 Thread 0x00000206c9480c20 Thread exited: 0x00000206c9480c20
Event: 7.802 Thread 0x000002071c4f5a60 Thread added: 0x000002071c4f8850
Event: 7.802 Thread 0x000002071c4f8850 Thread exited: 0x000002071c4f8850
Event: 7.869 Thread 0x00000206c947bd60 Thread exited: 0x00000206c947bd60
Event: 7.869 Thread 0x00000206c9481fd0 Thread exited: 0x00000206c9481fd0
Event: 7.869 Thread 0x00000206c9481940 Thread exited: 0x00000206c9481940
Event: 7.869 Thread 0x00000206c947d7a0 Thread exited: 0x00000206c947d7a0
Event: 7.869 Thread 0x00000206c947e4c0 Thread exited: 0x00000206c947e4c0
Event: 7.869 Thread 0x00000206c94812b0 Thread exited: 0x00000206c94812b0
Event: 7.869 Thread 0x00000206c947ff00 Thread exited: 0x00000206c947ff00
Event: 7.869 Thread 0x00000206c947c3f0 Thread exited: 0x00000206c947c3f0
Event: 7.869 Thread 0x00000206c947f870 Thread exited: 0x00000206c947f870
Event: 7.869 Thread 0x00000206c947ca80 Thread exited: 0x00000206c947ca80
Event: 7.869 Thread 0x00000206c9482cf0 Thread exited: 0x00000206c9482cf0
Event: 7.869 Thread 0x00000206c9483380 Thread exited: 0x00000206c9483380
Event: 7.869 Thread 0x00000206c947f1e0 Thread exited: 0x00000206c947f1e0
Event: 7.869 Thread 0x00000206c947de30 Thread exited: 0x00000206c947de30
Event: 7.869 Thread 0x00000206c9480590 Thread exited: 0x00000206c9480590
Event: 7.880 Thread 0x000002071c4f4d40 Thread added: 0x000002071c4f8ee0
Event: 7.880 Thread 0x000002071c4f8ee0 Thread exited: 0x000002071c4f8ee0
Event: 7.900 Thread 0x00000202ace20540 Thread added: 0x000002071c4f8ee0
Event: 7.900 Thread 0x000002071c4f8ee0 Thread added: 0x00000206c947f1e0
Event: 7.900 Thread 0x00000202ace20540 Thread added: 0x00000206c9481fd0
Event: 7.900 Thread 0x00000206c947f1e0 Thread added: 0x00000206c947d7a0
Event: 7.900 Thread 0x00000206c9481fd0 Thread added: 0x00000206c947de30
Event: 7.900 Thread 0x00000206c947d7a0 Thread added: 0x00000206c947e4c0
Event: 7.901 Thread 0x00000206c947de30 Thread added: 0x00000206c947c3f0
Event: 7.901 Thread 0x00000206c947e4c0 Thread added: 0x00000206c947ca80
Event: 7.901 Thread 0x00000206c947c3f0 Thread added: 0x00000206c947f870
Event: 7.901 Thread 0x00000206c947ca80 Thread added: 0x00000206c9482cf0
Event: 7.901 Thread 0x00000206c947f870 Thread added: 0x00000206c947ff00
Event: 7.901 Thread 0x00000206c9482cf0 Thread added: 0x00000206c9480590
Event: 7.901 Thread 0x00000206c947ff00 Thread added: 0x00000206c9480c20
Event: 7.901 Thread 0x00000206c9480590 Thread added: 0x00000206c94812b0
Event: 7.901 Thread 0x00000206c9480c20 Thread added: 0x00000206c9481940
Event: 7.902 Thread 0x00000206c94812b0 Thread added: 0x00000206c947bd60
Event: 7.971 Thread 0x00000206c8361d50 Thread added: 0x0000020718e2e260
Event: 7.984 Thread 0x00000202acb6ac20 Thread added: 0x0000020718e2b980
Event: 7.985 Thread 0x000002071c4f4d40 Thread added: 0x0000020718e11030
Event: 8.025 Thread 0x00000206c947c3f0 Thread added: 0x0000020718e123e0
Event: 8.082 Thread 0x00000206c947c3f0 Thread added: 0x0000020718e14b40
Event: 8.086 Thread 0x000002071c4f5a60 Thread added: 0x0000020718e13100
Event: 8.086 Thread 0x0000020718e13100 Thread exited: 0x0000020718e13100
Event: 8.124 Thread 0x00000206c947de30 Thread added: 0x0000020718e13100
Event: 8.436 Thread 0x0000020718e2b980 Thread exited: 0x0000020718e2b980
Event: 8.739 Thread 0x0000020718e2e260 Thread exited: 0x0000020718e2e260
Event: 8.739 Thread 0x00000206c8362af0 Thread exited: 0x00000206c8362af0
Event: 8.789 Thread 0x00000206c8361680 Thread exited: 0x00000206c8361680
Event: 9.040 Thread 0x00000206c8362420 Thread exited: 0x00000206c8362420
Event: 9.040 Thread 0x00000206c8361d50 Thread exited: 0x00000206c8361d50
Event: 9.572 Thread 0x0000020718e13100 Thread added: 0x00000206c7021b20
Event: 9.573 Thread 0x00000206c7021b20 Thread exited: 0x00000206c7021b20
Event: 10.297 Thread 0x00000206c70df270 Thread exited: 0x00000206c70df270
Event: 10.311 Thread 0x00000206c7092df0 Thread exited: 0x00000206c7092df0
Event: 10.355 Thread 0x00000206c947c3f0 Thread added: 0x00000206c7021b20
Event: 10.447 Thread 0x00000202ace20540 Thread added: 0x00000206c70221b0
Event: 10.448 Thread 0x00000202acb6ac20 Thread added: 0x0000020718e2b980
Event: 10.449 Thread 0x00000202acb6ac20 Thread added: 0x0000020718e30b40
Event: 10.451 Thread 0x00000202acaa0440 Thread added: 0x0000020718e2abe0
Event: 10.451 Thread 0x00000202acaa0440 Thread added: 0x0000020718e2c050
Event: 10.497 Thread 0x0000020718e2abe0 Thread added: 0x0000020718e2c720
Event: 10.497 Thread 0x0000020718e2abe0 Thread added: 0x0000020718e29e40
Event: 10.508 Thread 0x00000202acb6ac20 Thread added: 0x0000020718e2e930
Event: 10.754 Thread 0x0000020718e2e930 Thread exited: 0x0000020718e2e930
Event: 10.791 Thread 0x0000020718e29e40 Thread exited: 0x0000020718e29e40
Event: 10.875 Thread 0x0000020718e2c720 Thread exited: 0x0000020718e2c720
Event: 10.875 Thread 0x0000020718e2c050 Thread exited: 0x0000020718e2c050
Event: 10.875 Thread 0x0000020718e2abe0 Thread exited: 0x0000020718e2abe0
Event: 11.067 Thread 0x00000202acb6ac20 Thread added: 0x0000020718e29e40
Event: 11.210 Thread 0x0000020718e13100 Thread added: 0x0000020718e151d0
Event: 11.210 Thread 0x0000020718e151d0 Thread exited: 0x0000020718e151d0
Event: 11.531 Thread 0x0000020718e30b40 Thread exited: 0x0000020718e30b40
Event: 11.604 Thread 0x0000020718e2b980 Thread exited: 0x0000020718e2b980
Event: 11.706 Thread 0x00000202aca9fda0 Thread added: 0x0000020718e2e260
Event: 11.716 Thread 0x00000202acaa0440 Thread added: 0x0000020718e2d4c0
Event: 11.717 Thread 0x0000020718e2d4c0 Thread added: 0x0000020718e2a510
Event: 11.728 Thread 0x00000206c70221b0 Thread added: 0x0000020718e151d0
Event: 11.728 Thread 0x00000206c70221b0 Thread added: 0x000002071eeaa3f0
Event: 11.829 Thread 0x00000202ace20540 Thread added: 0x000002071eeab7a0
Event: 12.268 Thread 0x00000202ace20540 Thread added: 0x000002071eea8320
Event: 12.374 Thread 0x00000202acaa0440 Thread added: 0x0000020718e2e930
Event: 12.374 Thread 0x00000202acaa0440 Thread added: 0x0000020718e2f000
Event: 12.385 Thread 0x00000206c947c3f0 Thread added: 0x000002071eeaaa80
Event: 12.385 Thread 0x000002071eeaaa80 Thread added: 0x000002071eea6f70
Event: 12.385 Thread 0x00000206c947c3f0 Thread added: 0x000002071eea7600
Event: 12.386 Thread 0x000002071eea6f70 Thread added: 0x000002071eea9d60
Event: 12.386 Thread 0x000002071eea7600 Thread added: 0x000002071eea89b0
Event: 12.386 Thread 0x000002071eea9d60 Thread added: 0x000002071eea9040
Event: 12.386 Thread 0x000002071eea7600 Thread added: 0x000002071eeab110
Event: 12.386 Thread 0x000002071eea89b0 Thread added: 0x000002071eeabe30
Event: 12.386 Thread 0x000002071eea9040 Thread added: 0x000002071eeacb50
Event: 12.386 Thread 0x000002071eea9d60 Thread added: 0x000002071eead1e0
Event: 12.386 Thread 0x000002071eeab110 Thread added: 0x000002071eea96d0
Event: 12.386 Thread 0x000002071eeabe30 Thread added: 0x000002071eead870
Event: 12.386 Thread 0x000002071eeab110 Thread added: 0x000002071eea68e0
Event: 12.386 Thread 0x000002071eeacb50 Thread added: 0x000002071eeadf00
Event: 12.389 Thread 0x000002071eea6f70 Thread added: 0x00000207191ddfa0
Event: 12.393 Thread 0x0000020718e29e40 Thread added: 0x0000020718e2f6d0
Event: 12.408 Thread 0x0000020718e29e40 Thread added: 0x0000020718e2abe0
Event: 12.410 Thread 0x00000202acb6ac20 Thread added: 0x0000020718e2b980
Event: 12.449 Thread 0x00000207191ddfa0 Thread added: 0x00000207191dcbf0
Event: 12.627 Thread 0x00000207191dcbf0 Thread added: 0x00000207191dc560
Event: 12.639 Thread 0x00000202ace20540 Thread added: 0x00000207191dd910
Event: 12.650 Thread 0x00000207191dcbf0 Thread added: 0x00000207191decc0
Event: 12.838 Thread 0x00000202ace20540 Thread added: 0x0000020738323900
Event: 12.851 Thread 0x00000202ace20540 Thread added: 0x0000020738323270
Event: 13.510 Thread 0x00000202ace20540 Thread added: 0x00000207383259d0
Event: 13.511 Thread 0x00000202ace20540 Thread added: 0x0000020738326060
Event: 13.528 Thread 0x00000202ace20540 Thread added: 0x000002073883ef20
Event: 13.603 Thread 0x000002071eea7600 Thread added: 0x000002073883db70
Event: 13.604 Thread 0x000002071eea7600 Thread added: 0x000002073883d4e0
Event: 13.708 Thread 0x00000202ace20540 Thread added: 0x000002073883a6f0
Event: 13.713 Thread 0x000002073883a6f0 Thread exited: 0x000002073883a6f0
Event: 13.725 Thread 0x00000202ace20540 Thread added: 0x000002073883b410
Event: 13.726 Thread 0x000002073883b410 Thread exited: 0x000002073883b410
Event: 13.726 Thread 0x00000202ace20540 Thread added: 0x000002073883a6f0
Event: 13.726 Thread 0x000002073883a6f0 Thread exited: 0x000002073883a6f0
Event: 14.331 Thread 0x0000020718e2b980 Thread exited: 0x0000020718e2b980
Event: 14.541 Thread 0x0000020718e2abe0 Thread exited: 0x0000020718e2abe0
Event: 14.644 Thread 0x0000020718e2f000 Thread exited: 0x0000020718e2f000
Event: 14.707 Thread 0x0000020718e2e930 Thread exited: 0x0000020718e2e930
Event: 14.862 Thread 0x0000020718e2a510 Thread exited: 0x0000020718e2a510
Event: 15.729 Thread 0x0000020718e2d4c0 Thread exited: 0x0000020718e2d4c0
Event: 15.943 Thread 0x00000207191ddfa0 Thread exited: 0x00000207191ddfa0
Event: 16.209 Thread 0x000002071eeaaa80 Thread added: 0x000002073883baa0
Event: 16.209 Thread 0x000002073883baa0 Thread exited: 0x000002073883baa0
Event: 16.775 Thread 0x00000202acb6ac20 Thread added: 0x0000020718e2a510
Event: 16.781 Thread 0x0000020718e29e40 Thread added: 0x0000020718e2abe0
Event: 16.803 Thread 0x00000202ace20540 Thread added: 0x000002073883fc40
Event: 16.939 Thread 0x00000202ace20540 Thread added: 0x000002073883c7c0
Event: 16.939 Thread 0x00000202ace20540 Thread added: 0x00000207388402d0
Event: 16.940 Thread 0x00000202ace20540 Thread added: 0x0000020738840960
Event: 16.940 Thread 0x000002073883c7c0 Thread exited: 0x000002073883c7c0
Event: 16.941 Thread 0x00000207388402d0 Thread exited: 0x00000207388402d0
Event: 16.941 Thread 0x0000020738840960 Thread exited: 0x0000020738840960
Event: 16.941 Thread 0x00000202ace20540 Thread added: 0x00000207388402d0
Event: 16.942 Thread 0x00000202ace20540 Thread added: 0x0000020738840960
Event: 16.942 Thread 0x00000202ace20540 Thread added: 0x0000020738840ff0
Event: 16.942 Thread 0x00000202ace20540 Thread added: 0x000002073883a060
Event: 16.942 Thread 0x00000207388402d0 Thread exited: 0x00000207388402d0
Event: 16.942 Thread 0x0000020738840960 Thread exited: 0x0000020738840960
Event: 16.942 Thread 0x000002073883a060 Thread exited: 0x000002073883a060
Event: 16.942 Thread 0x0000020738840ff0 Thread exited: 0x0000020738840ff0
Event: 16.943 Thread 0x00000202ace20540 Thread added: 0x000002073883c7c0
Event: 16.943 Thread 0x000002073883c7c0 Thread exited: 0x000002073883c7c0
Event: 16.943 Thread 0x00000202ace20540 Thread added: 0x00000207388402d0
Event: 16.965 Thread 0x00000202ace20540 Thread added: 0x0000020738840960
Event: 16.969 Thread 0x0000020738840960 Thread exited: 0x0000020738840960
Event: 16.971 Thread 0x00000202ace20540 Thread added: 0x000002073883baa0
Event: 16.971 Thread 0x000002073883baa0 Thread exited: 0x000002073883baa0
Event: 16.971 Thread 0x00000202ace20540 Thread added: 0x000002073883baa0
Event: 16.971 Thread 0x000002073883baa0 Thread exited: 0x000002073883baa0
Event: 17.175 Thread 0x0000020718e2abe0 Thread exited: 0x0000020718e2abe0
Event: 17.275 Thread 0x0000020718e2a510 Thread exited: 0x0000020718e2a510
Event: 17.316 Thread 0x0000020718e2e260 Thread exited: 0x0000020718e2e260
Event: 17.318 Thread 0x000002073883ef20 Thread added: 0x000002073883a060
Event: 17.318 Thread 0x000002073883a060 Thread exited: 0x000002073883a060
Event: 17.910 Thread 0x00000202ace20540 Thread added: 0x000002073883c7c0
Event: 17.910 Thread 0x00000202ace20540 Thread added: 0x0000020738840960
Event: 17.911 Thread 0x0000020738840960 Thread exited: 0x0000020738840960
Event: 17.936 Thread 0x00000202ace20540 Thread added: 0x0000020738840960
Event: 17.992 Thread 0x000002073883c7c0 Thread exited: 0x000002073883c7c0
Event: 17.994 Thread 0x0000020738840960 Thread added: 0x000002073883a060
Event: 17.994 Thread 0x0000020738840960 Thread added: 0x0000020738841680
Event: 17.994 Thread 0x0000020738840960 Thread exited: 0x0000020738840960
Event: 18.021 Thread 0x0000020738841680 Thread exited: 0x0000020738841680
Event: 18.034 Thread 0x00000202ace20540 Thread added: 0x0000020738840960
Event: 18.036 Thread 0x0000020738840960 Thread added: 0x0000020738841680
Event: 18.059 Thread 0x00000202aca9fda0 Thread added: 0x0000020718e2a510
Event: 18.118 Thread 0x0000020738840960 Thread added: 0x00000206ca246c70
Event: 18.118 Thread 0x0000020738840960 Thread added: 0x00000206ca24cee0


Dynamic libraries:
0x00007ff6dc730000 - 0x00007ff6dc745000 	C:\Games\Minecraft\Install\runtime\minecraft-java-exe\windows-x64\minecraft-java-exe\MinecraftJava.exe
0x00007ffdfb650000 - 0x00007ffdfb847000 	C:\Windows\SYSTEM32\ntdll.dll
0x00007ffdfa590000 - 0x00007ffdfa64d000 	C:\Windows\System32\KERNEL32.DLL
0x00007ffdf9190000 - 0x00007ffdf9486000 	C:\Windows\System32\KERNELBASE.dll
0x00007ffdfa800000 - 0x00007ffdfa99e000 	C:\Windows\System32\USER32.dll
0x00007ffdf8d60000 - 0x00007ffdf8d82000 	C:\Windows\System32\win32u.dll
0x00007ffdfa290000 - 0x00007ffdfa2bc000 	C:\Windows\System32\GDI32.dll
0x00007ffdf8ec0000 - 0x00007ffdf8fda000 	C:\Windows\System32\gdi32full.dll
0x00007ffdf8d90000 - 0x00007ffdf8e2d000 	C:\Windows\System32\msvcp_win.dll
0x00007ffdf9090000 - 0x00007ffdf9190000 	C:\Windows\System32\ucrtbase.dll
0x00007ffdd9890000 - 0x00007ffdd9918000 	C:\Windows\SYSTEM32\MSVCP140.dll
0x00007ffdd9930000 - 0x00007ffdd994e000 	C:\Windows\SYSTEM32\VCRUNTIME140.dll
0x00007ffdd9920000 - 0x00007ffdd992b000 	C:\Windows\SYSTEM32\VCRUNTIME140_1.dll
0x00007ffdf9990000 - 0x00007ffdf99c0000 	C:\Windows\System32\IMM32.DLL
0x00007ffdc7470000 - 0x00007ffdc7488000 	C:\Games\Minecraft\Install\runtime\java-runtime-delta\windows-x64\java-runtime-delta\bin\jli.dll
0x00007ffddcbb0000 - 0x00007ffddcc60000 	C:\Windows\WinSxS\amd64_microsoft.windows.common-controls_6595b64144ccf1df_5.82.19041.3570_none_793094a72440f60b\COMCTL32.dll
0x00007ffdfaa60000 - 0x00007ffdfab0e000 	C:\Windows\System32\ADVAPI32.dll
0x00007ffdfb210000 - 0x00007ffdfb2ae000 	C:\Windows\System32\msvcrt.dll
0x00007ffdfa2c0000 - 0x00007ffdfa35c000 	C:\Windows\System32\sechost.dll
0x00007ffdfab10000 - 0x00007ffdfac36000 	C:\Windows\System32\RPCRT4.dll
0x00007ffdc6e90000 - 0x00007ffdc6ead000 	C:\Games\Minecraft\Install\runtime\java-runtime-delta\windows-x64\java-runtime-delta\bin\vcruntime140.dll
0x00007ffdda250000 - 0x00007ffdda25c000 	C:\Games\Minecraft\Install\runtime\java-runtime-delta\windows-x64\java-runtime-delta\bin\vcruntime140_1.dll
0x00007ffda5550000 - 0x00007ffda55dd000 	C:\Games\Minecraft\Install\runtime\java-runtime-delta\windows-x64\java-runtime-delta\bin\msvcp140.dll
0x00007ffcd4870000 - 0x00007ffcd5608000 	C:\Games\Minecraft\Install\runtime\java-runtime-delta\windows-x64\java-runtime-delta\bin\server\jvm.dll
0x00007ffdfac50000 - 0x00007ffdfacbb000 	C:\Windows\System32\WS2_32.dll
0x00007ffdf8250000 - 0x00007ffdf829b000 	C:\Windows\SYSTEM32\POWRPROF.dll
0x00007ffdf2580000 - 0x00007ffdf258a000 	C:\Windows\SYSTEM32\VERSION.dll
0x00007ffdea710000 - 0x00007ffdea737000 	C:\Windows\SYSTEM32\WINMM.dll
0x00007ffdf80c0000 - 0x00007ffdf80d2000 	C:\Windows\SYSTEM32\UMPDC.dll
0x00007ffdf6b60000 - 0x00007ffdf6b72000 	C:\Windows\SYSTEM32\kernel.appcore.dll
0x00007ffdd6830000 - 0x00007ffdd683a000 	C:\Games\Minecraft\Install\runtime\java-runtime-delta\windows-x64\java-runtime-delta\bin\jimage.dll
0x00007ffdeefb0000 - 0x00007ffdef194000 	C:\Windows\SYSTEM32\DBGHELP.DLL
0x00007ffdee5b0000 - 0x00007ffdee5e4000 	C:\Windows\SYSTEM32\dbgcore.DLL
0x00007ffdf8e30000 - 0x00007ffdf8eb2000 	C:\Windows\System32\bcryptPrimitives.dll
0x00007ffdd3a40000 - 0x00007ffdd3a4f000 	C:\Games\Minecraft\Install\runtime\java-runtime-delta\windows-x64\java-runtime-delta\bin\instrument.dll
0x00007ffda5d80000 - 0x00007ffda5da0000 	C:\Games\Minecraft\Install\runtime\java-runtime-delta\windows-x64\java-runtime-delta\bin\java.dll
0x00007ffda5530000 - 0x00007ffda5548000 	C:\Games\Minecraft\Install\runtime\java-runtime-delta\windows-x64\java-runtime-delta\bin\zip.dll
0x00007ffdf9a70000 - 0x00007ffdfa1b4000 	C:\Windows\System32\SHELL32.dll
0x00007ffdf6d60000 - 0x00007ffdf74fb000 	C:\Windows\SYSTEM32\windows.storage.dll
0x00007ffdfb2b0000 - 0x00007ffdfb604000 	C:\Windows\System32\combase.dll
0x00007ffdf86e0000 - 0x00007ffdf870d000 	C:\Windows\SYSTEM32\Wldp.dll
0x00007ffdf9790000 - 0x00007ffdf983d000 	C:\Windows\System32\SHCORE.dll
0x00007ffdfa9a0000 - 0x00007ffdfa9f5000 	C:\Windows\System32\shlwapi.dll
0x00007ffdf8c60000 - 0x00007ffdf8c85000 	C:\Windows\SYSTEM32\profapi.dll
0x00007ffda5450000 - 0x00007ffda5526000 	C:\Games\Minecraft\Install\runtime\java-runtime-delta\windows-x64\java-runtime-delta\bin\jsvml.dll
0x00007ffdcfe80000 - 0x00007ffdcfe90000 	C:\Games\Minecraft\Install\runtime\java-runtime-delta\windows-x64\java-runtime-delta\bin\net.dll
0x00007ffdf1d30000 - 0x00007ffdf1e3a000 	C:\Windows\SYSTEM32\WINHTTP.dll
0x00007ffdf8440000 - 0x00007ffdf84aa000 	C:\Windows\system32\mswsock.dll
0x00007ffda5430000 - 0x00007ffda5446000 	C:\Games\Minecraft\Install\runtime\java-runtime-delta\windows-x64\java-runtime-delta\bin\nio.dll
0x00007ffdcda60000 - 0x00007ffdcda6a000 	C:\Games\Minecraft\Install\runtime\java-runtime-delta\windows-x64\java-runtime-delta\bin\management.dll
0x00007ffdcc250000 - 0x00007ffdcc25b000 	C:\Games\Minecraft\Install\runtime\java-runtime-delta\windows-x64\java-runtime-delta\bin\management_ext.dll
0x00007ffdf9840000 - 0x00007ffdf9848000 	C:\Windows\System32\PSAPI.DLL
0x00007ffdced00000 - 0x00007ffdced17000 	C:\Windows\system32\napinsp.dll
0x00007ffdcece0000 - 0x00007ffdcecfb000 	C:\Windows\system32\pnrpnsp.dll
0x00007ffdcecc0000 - 0x00007ffdcecd5000 	C:\Windows\system32\wshbth.dll
0x00007ffdf5860000 - 0x00007ffdf587d000 	C:\Windows\system32\NLAapi.dll
0x00007ffdf80e0000 - 0x00007ffdf811b000 	C:\Windows\SYSTEM32\IPHLPAPI.DLL
0x00007ffdf8130000 - 0x00007ffdf81fa000 	C:\Windows\SYSTEM32\DNSAPI.dll
0x00007ffdfac40000 - 0x00007ffdfac48000 	C:\Windows\System32\NSI.dll
0x00007ffdceca0000 - 0x00007ffdcecb2000 	C:\Windows\System32\winrnr.dll
0x00007ffdee860000 - 0x00007ffdee86a000 	C:\Windows\System32\rasadhlp.dll
0x00007ffdee5f0000 - 0x00007ffdee672000 	C:\Windows\System32\fwpuclnt.dll
0x00007ffdf8d30000 - 0x00007ffdf8d57000 	C:\Windows\System32\bcrypt.dll
0x00007ffdc6800000 - 0x00007ffdc6810000 	C:\Games\Minecraft\Install\runtime\java-runtime-delta\windows-x64\java-runtime-delta\bin\verify.dll
0x00007ffdf8640000 - 0x00007ffdf8658000 	C:\Windows\SYSTEM32\CRYPTSP.dll
0x00007ffdf7ce0000 - 0x00007ffdf7d14000 	C:\Windows\system32\rsaenh.dll
0x00007ffdf8be0000 - 0x00007ffdf8c0e000 	C:\Windows\SYSTEM32\USERENV.dll
0x00007ffdf8630000 - 0x00007ffdf863c000 	C:\Windows\SYSTEM32\CRYPTBASE.dll
0x00007ffda53b0000 - 0x00007ffda542b000 	C:\Games\Minecraft\Install\versions\neoforge-21.1.233\neoforge-21.1.233-natives-34356560489400\lwjgl.dll
0x00007ffda5140000 - 0x00007ffda53b0000 	C:\Games\Minecraft\Install\versions\neoforge-21.1.233\neoforge-21.1.233-natives-34356560489400\jemalloc.dll
0x00007ffda50b0000 - 0x00007ffda5132000 	C:\Games\Minecraft\Install\versions\neoforge-21.1.233\neoforge-21.1.233-natives-34356560489400\glfw.dll
0x00007ffda4ad0000 - 0x00007ffda4b15000 	C:\Windows\SYSTEM32\dinput8.dll
0x00007ffda9840000 - 0x00007ffda9851000 	C:\Windows\SYSTEM32\xinput1_4.dll
0x00007ffdf9500000 - 0x00007ffdf954e000 	C:\Windows\System32\cfgmgr32.dll
0x00007ffdf8ae0000 - 0x00007ffdf8b13000 	C:\Windows\SYSTEM32\DEVOBJ.dll
0x00007ffdf6a50000 - 0x00007ffdf6a7f000 	C:\Windows\SYSTEM32\dwmapi.dll
0x00007ffdf28d0000 - 0x00007ffdf2a22000 	C:\Windows\SYSTEM32\inputhost.dll
0x00007ffdfa1c0000 - 0x00007ffdfa28d000 	C:\Windows\System32\OLEAUT32.dll
0x00007ffdf62a0000 - 0x00007ffdf6392000 	C:\Windows\SYSTEM32\CoreMessaging.dll
0x00007ffdf5700000 - 0x00007ffdf5855000 	C:\Windows\SYSTEM32\wintypes.dll
0x00007ffdf43d0000 - 0x00007ffdf44c6000 	C:\Windows\SYSTEM32\PROPSYS.dll
0x00007ffdf5f40000 - 0x00007ffdf629b000 	C:\Windows\SYSTEM32\CoreUIComponents.dll
0x00007ffdf7e20000 - 0x00007ffdf7e53000 	C:\Windows\SYSTEM32\ntmarta.dll
0x00007ffdf65f0000 - 0x00007ffdf668e000 	C:\Windows\system32\uxtheme.dll
0x00007ffdfa6e0000 - 0x00007ffdfa7f4000 	C:\Windows\System32\MSCTF.dll
0x00007ffdced20000 - 0x00007ffdcee45000 	C:\Windows\SYSTEM32\opengl32.dll
0x00007ffdcec30000 - 0x00007ffdcec5c000 	C:\Windows\SYSTEM32\GLU32.dll
0x00007ffdf99c0000 - 0x00007ffdf9a69000 	C:\Windows\System32\clbcatq.dll
0x00007ffd63430000 - 0x00007ffd662b5000 	C:\Windows\System32\DriverStore\FileRepository\nv_dispi.inf_amd64_6f3cfb7117944855\nvoglv64.dll
0x00007ffdfada0000 - 0x00007ffdfb20e000 	C:\Windows\System32\SETUPAPI.dll
0x00007ffdf9860000 - 0x00007ffdf998b000 	C:\Windows\System32\ole32.dll
0x00007ffdf4620000 - 0x00007ffdf4634000 	C:\Windows\SYSTEM32\WTSAPI32.dll
0x00007ffdf8870000 - 0x00007ffdf8882000 	C:\Windows\SYSTEM32\msasn1.dll
0x00007ffdf0200000 - 0x00007ffdf0231000 	C:\Windows\SYSTEM32\cryptnet.dll
0x00007ffdf9550000 - 0x00007ffdf96ad000 	C:\Windows\System32\CRYPT32.dll
0x00007ffdef4b0000 - 0x00007ffdef5f8000 	C:\Windows\SYSTEM32\drvstore.dll
0x00007ffdf9490000 - 0x00007ffdf94f7000 	C:\Windows\System32\WINTRUST.dll
0x00007ffdfa360000 - 0x00007ffdfa37d000 	C:\Windows\System32\imagehlp.dll
0x00007ffde42f0000 - 0x00007ffdea0fd000 	C:\Windows\System32\DriverStore\FileRepository\nv_dispi.inf_amd64_6f3cfb7117944855\nvgpucomp64.dll
0x00007ffdebff0000 - 0x00007ffdec02b000 	C:\Windows\SYSTEM32\dxcore.dll
0x00007ffdf7970000 - 0x00007ffdf79cb000 	C:\Windows\SYSTEM32\WINSTA.dll
0x00007ffdf2a30000 - 0x00007ffdf2b2a000 	C:\Windows\SYSTEM32\textinputframework.dll
0x00007ffda4d50000 - 0x00007ffda4dae000 	C:\Games\Minecraft\Install\versions\neoforge-21.1.233\neoforge-21.1.233-natives-34356560489400\lwjgl_opengl.dll
0x00007ffda4d00000 - 0x00007ffda4d45000 	C:\Games\Minecraft\Install\versions\neoforge-21.1.233\neoforge-21.1.233-natives-34356560489400\jna6298404135648689263.dll
0x00007ffda4470000 - 0x00007ffda450c000 	C:\Users\Max\AppData\Local\Temp\discord-rpc\discord-rpc.dll
0x00007ffda4420000 - 0x00007ffda4465000 	C:\Games\Minecraft\Install\versions\neoforge-21.1.233\neoforge-21.1.233-natives-34356560489400\jna16896023759962214195.dll
0x00007ffde3100000 - 0x00007ffde311f000 	C:\Windows\SYSTEM32\amsi.dll
0x00007ffdeb930000 - 0x00007ffdeb979000 	C:\Windows\SYSTEM32\Pdh.dll
0x00007ffdf3be0000 - 0x00007ffdf3bef000 	C:\Windows\System32\perfos.dll
0x00007ffdc5f10000 - 0x00007ffdc5f1e000 	C:\Games\Minecraft\Install\runtime\java-runtime-delta\windows-x64\java-runtime-delta\bin\sunmscapi.dll
0x00007ffdf8750000 - 0x00007ffdf8777000 	C:\Windows\SYSTEM32\ncrypt.dll
0x00007ffdf8710000 - 0x00007ffdf874b000 	C:\Windows\SYSTEM32\NTASN1.dll
0x00007ffda50a0000 - 0x00007ffda50a9000 	C:\Games\Minecraft\Install\runtime\java-runtime-delta\windows-x64\java-runtime-delta\bin\extnet.dll
0x00007ffda4390000 - 0x00007ffda4412000 	C:\Games\Minecraft\Install\versions\neoforge-21.1.233\neoforge-21.1.233-natives-34356560489400\lwjgl_stb.dll
0x00007ffdeee70000 - 0x00007ffdeef1e000 	C:\Windows\SYSTEM32\mscms.dll
0x00007ffdeee50000 - 0x00007ffdeee61000 	C:\Windows\SYSTEM32\ColorAdapterClient.dll
0x00007ffda4340000 - 0x00007ffda4383000 	C:\Windows\SYSTEM32\icm32.dll
0x00007ffd6c030000 - 0x00007ffd6c1be000 	C:\Games\Minecraft\Install\runtime\java-runtime-delta\windows-x64\java-runtime-delta\bin\awt.dll
0x00007ffdf8a30000 - 0x00007ffdf8ac0000 	C:\Windows\SYSTEM32\apphelp.dll
0x0000020712ff0000 - 0x0000020712ff3000 	C:\Program Files (x86)\Windows Kits\10\Redist\ucrt\DLLs\x64\api-ms-win-crt-locale-l1-1-0.dll
0x00000207139e0000 - 0x00000207139e4000 	C:\Program Files (x86)\Windows Kits\10\Redist\ucrt\DLLs\x64\api-ms-win-crt-string-l1-1-0.dll
0x00000207139f0000 - 0x00000207139f4000 	C:\Program Files (x86)\Windows Kits\10\Redist\ucrt\DLLs\x64\api-ms-win-crt-stdio-l1-1-0.dll
0x0000020713a00000 - 0x0000020713a05000 	C:\Program Files (x86)\Windows Kits\10\Redist\ucrt\DLLs\x64\api-ms-win-crt-math-l1-1-0.dll
0x0000020713a10000 - 0x0000020713a13000 	C:\Program Files (x86)\Windows Kits\10\Redist\ucrt\DLLs\x64\api-ms-win-crt-heap-l1-1-0.dll
0x0000020713a20000 - 0x0000020713a24000 	C:\Program Files (x86)\Windows Kits\10\Redist\ucrt\DLLs\x64\api-ms-win-crt-runtime-l1-1-0.dll
0x0000020713a30000 - 0x0000020713a34000 	C:\Program Files (x86)\Windows Kits\10\Redist\ucrt\DLLs\x64\api-ms-win-crt-convert-l1-1-0.dll
0x0000020713a40000 - 0x0000020713a43000 	C:\Program Files (x86)\Windows Kits\10\Redist\ucrt\DLLs\x64\api-ms-win-crt-environment-l1-1-0.dll
0x0000020713a50000 - 0x0000020713a53000 	C:\Program Files (x86)\Windows Kits\10\Redist\ucrt\DLLs\x64\api-ms-win-crt-time-l1-1-0.dll

dbghelp: loaded successfully - version: 4.0.5 - missing functions: none
symbol engine: initialized successfully - sym options: 0x614 - pdb path: .;C:\Games\Minecraft\Install\runtime\minecraft-java-exe\windows-x64\minecraft-java-exe;C:\Windows\SYSTEM32;C:\Games\Minecraft\Install\runtime\java-runtime-delta\windows-x64\java-runtime-delta\bin;C:\Windows\WinSxS\amd64_microsoft.windows.common-controls_6595b64144ccf1df_5.82.19041.3570_none_793094a72440f60b;C:\Games\Minecraft\Install\runtime\java-runtime-delta\windows-x64\java-runtime-delta\bin\server;C:\Games\Minecraft\Install\versions\neoforge-21.1.233\neoforge-21.1.233-natives-34356560489400;C:\Windows\System32\DriverStore\FileRepository\nv_dispi.inf_amd64_6f3cfb7117944855;C:\Users\Max\AppData\Local\Temp\discord-rpc;C:\Program Files (x86)\Windows Kits\10\Redist\ucrt\DLLs\x64;C:\Users\Max\AppData\Local\Temp\watermedia\ffmpeg;C:\Windows\System32\Speech\Common

VM Arguments:
jvm_args: -Xmx16384m -Xms256m -Dminecraft.applet.TargetDirectory=C:\Games\Minecraft\Instances\Stonebound Eternal -Dfml.ignorePatchDiscrepancies=true -Dfml.ignoreInvalidMinecraftCertificates=true -Duser.language=en -Duser.country=US -DCFInstanceId=436d1a4b-4610-43de-92dd-87d69206f010 -DlibraryDirectory=C:\Games\Minecraft\Install\libraries -XX:+UseZGC -XX:+ZGenerational -XX:+AlwaysPreTouch -XX:+DisableExplicitGC -XX:+ParallelRefProcEnabled -javaagent:C:\Games\Minecraft\Install\sklauncher-fx.jar -DMcEmu=net.minecraft.client.main.Main -Dlog4j2.formatMsgNoLookups=true -Djava.rmi.server.useCodebaseOnly=true -Dcom.sun.jndi.rmi.object.trustURLCodebase=false -Dcom.sun.jndi.cosnaming.object.trustURLCodebase=false -Dsklauncher.discordrpc=true -Dsklauncher.gametype=neoforge -Dsklauncher.minecraft=1.21.1 -Dsklauncher.dns=true -XX:HeapDumpPath=MojangTricksIntelDriversForPerformance_javaw.exe_minecraft.exe.heapdump -Djava.library.path=C:\Games\Minecraft\Install\versions\neoforge-21.1.233\neoforge-21.1.233-natives-34356560489400 -Djna.tmpdir=C:\Games\Minecraft\Install\versions\neoforge-21.1.233\neoforge-21.1.233-natives-34356560489400 -Dorg.lwjgl.system.SharedLibraryExtractPath=C:\Games\Minecraft\Install\versions\neoforge-21.1.233\neoforge-21.1.233-natives-34356560489400 -Dio.netty.native.workdir=C:\Games\Minecraft\Install\versions\neoforge-21.1.233\neoforge-21.1.233-natives-34356560489400 -Dminecraft.launcher.brand=java-minecraft-launcher -Dminecraft.launcher.version=1.6.93 -Djava.net.preferIPv6Addresses=system -DignoreList=client-extra,neoforge-21.1.233.jar -DlibraryDirectory=C:\Games\Minecraft\Install\libraries --module-path=C:\Games\Minecraft\Install\libraries/cpw/mods/bootstraplauncher/2.0.2/bootstraplauncher-2.0.2.jar;C:\Games\Minecraft\Install\libraries/cpw/mods/securejarhandler/3.0.8/securejarhandler-3.0.8.jar;C:\Games\Minecraft\Install\libraries/org/ow2/asm/asm-commons/9.8/asm-commons-9.8.jar;C:\Games\Minecraft\Install\libraries/org/ow2/asm/asm-util/9.8/asm-util-9.8.jar;C:\Games\Minecraft\Install\libraries/org/ow2/asm/asm-analysis/9.8/asm-analysis-9.8.jar;C:\Games\Minecraft\Install\libraries/org/ow2/asm/asm-tree/9.8/asm-tree-9.8.jar;C:\Games\Minecraft\Install\libraries/org/ow2/asm/asm/9.8/asm-9.8.jar;C:\Games\Minecraft\Install\libraries/net/neoforged/JarJarFileSystems/0.4.1/JarJarFileSystems-0.4.1.jar --add-modules=ALL-MODULE-PATH --add-opens=java.base/java.util.jar=cpw.mods.securejarhandler --add-opens=java.base/java.lang.invoke=cpw.mods.securejarhandler --add-exports=java.base/sun.security.util=cpw.mods.securejarhandler --add-exports=jdk.naming.dns/com.sun.jndi.dns=java.naming 
java_command: cpw.mods.bootstraplauncher.BootstrapLauncher --username DedMaxim99 --version neoforge-21.1.233 --gameDir C:\Games\Minecraft\Instances\Stonebound Eternal --assetsDir C:\Games\Minecraft\Install\assets --assetIndex 17 --uuid fd7cca6a716d46b68ea6ecf8dbf25f08 --accessToken eyJraWQiOiIwNDkxODEiLCJhbGciOiJSUzI1NiJ9.eyJ4dWlkIjoiMjUzNTQ3MzYwMDI5NTY5MSIsImFnZyI6IkFkdWx0Iiwic3ViIjoiZDBkYmM1NWUtNDg1ZS00ZDg1LWIwMmMtZjA3YWE3ZjU0NTQ1IiwiYXV0aCI6IlhCT1giLCJucyI6ImRlZmF1bHQiLCJyb2xlcyI6W10sImlzcyI6ImF1dGhlbnRpY2F0aW9uIiwiZmxhZ3MiOlsibXVsdGlwbGF5ZXIiXSwicHJvZmlsZXMiOnsibWMiOiJmZDdjY2E2YS03MTZkLTQ2YjYtOGVhNi1lY2Y4ZGJmMjVmMDgifSwicG1pZCI6ImY2YWYzODQwLWZlODMtNWVlMS1iYWI3LWNmNmU3NjE2ZWI5OSIsInBsYXRmb3JtIjoiUENfTEFVTkNIRVIiLCJ0aWQiOiJFOTlCMCIsInBmZCI6W3sidHlwZSI6Im1jIiwiaWQiOiJmZDdjY2E2YS03MTZkLTQ2YjYtOGVhNi1lY2Y4ZGJmMjVmMDgiLCJuYW1lIjoiRGVkTWF4aW05OSJ9XSwieGlkIjoiMjUzNTQ3MzYwMDI5NTY5MSIsIm5iZiI6MTc4MzAyMjUyMiwiZXhwIjoxNzgzMTA4OTIyLCJpYXQiOjE3ODMwMjI1MjIsImFpZCI6IjkwN2EyNDhkLTNlYjUtNGQwMS05OWQyLWZmNzJkNzljNWViMSJ9.NbspDvI8KXwWfRTFTL9pySP67ktbLQCcIcI0Ls-7YIAp9g2y5VKO-fqt2WGgrYj1zV9sGUyReJbQQguGh_fI2t_fqbJlcSZoUudYfecOENoy4LiUBJFK9uVWQZtlXauWhAzlt1lTbi6Vj0L3jnUna5qnkopW08UdPANzt4iiOJl8d5jpdRMYFEvNJlc1hI8kM0i8-N_8peqoeBPgUYMs-RCuJe5U0hQFkCDjKNHEghb6bcuY2vCup8qpdzoKXeeaqwybmRLH8zWrDTCtqCqNYMY1bh82V1kx-rVe7B5v4CN7CQ6U90Vd4UrswNIZKcXdF8rGo-hwecTuGOpZEMrYIg --clientId 0 --xuid 0 --userType msa --versionType release --width 1024 --height 768 --fml.neoForgeVersion 21.1.233 --fml.fmlVersion 4.0.42 --fml.mcVersion 1.21.1 --fml.neoFormVersion 20240808.144430 --launchTarget forgeclient
java_class_path (initial): C:\Games\Minecraft\Install\libraries\net\neoforged\fancymodloader\earlydisplay\4.0.42\earlydisplay-4.0.42.jar;C:\Games\Minecraft\Install\libraries\net\neoforged\fancymodloader\loader\4.0.42\loader-4.0.42.jar;C:\Games\Minecraft\Install\libraries\net\neoforged\accesstransformers\at-modlauncher\10.0.1\at-modlauncher-10.0.1.jar;C:\Games\Minecraft\Install\libraries\net\neoforged\accesstransformers\10.0.1\accesstransformers-10.0.1.jar;C:\Games\Minecraft\Install\libraries\net\neoforged\bus\8.0.5\bus-8.0.5.jar;C:\Games\Minecraft\Install\libraries\net\neoforged\coremods\7.0.3\coremods-7.0.3.jar;C:\Games\Minecraft\Install\libraries\cpw\mods\modlauncher\11.0.5\modlauncher-11.0.5.jar;C:\Games\Minecraft\Install\libraries\net\neoforged\mergetool\2.0.0\mergetool-2.0.0-api.jar;C:\Games\Minecraft\Install\libraries\com\electronwill\night-config\toml\3.8.3\toml-3.8.3.jar;C:\Games\Minecraft\Install\libraries\com\electronwill\night-config\core\3.8.3\core-3.8.3.jar;C:\Games\Minecraft\Install\libraries\net\neoforged\JarJarSelector\0.4.1\JarJarSelector-0.4.1.jar;C:\Games\Minecraft\Install\libraries\net\neoforged\JarJarMetadata\0.4.1\JarJarMetadata-0.4.1.jar;C:\Games\Minecraft\Install\libraries\org\apache\maven\maven-artifact\3.8.5\maven-artifact-3.8.5.jar;C:\Games\Minecraft\Install\libraries\net\jodah\typetools\0.6.3\typetools-0.6.3.jar;C:\Games\Minecraft\Install\libraries\net\minecrell\terminalconsoleappender\1.3.0\terminalconsoleappender-1.3.0.jar;C:\Games\Minecraft\Install\libraries\net\fabricmc\sponge-mixin\0.15.2+mixin.0.8.7\sponge-mixin-0.15.2+mixin.0.8.7.jar;C:\Games\Minecraft\Install\libraries\org\openjdk\nashorn\nashorn-core\15.4\nashorn-core-15.4.jar;C:\Games\Minecraft\Install\libraries\org\apache\commons\commons-lang3\3.14.0\commons-lang3-3.14.0.jar;C:\Games\Minecraft\Install\libraries\cpw\mods\bootstraplauncher\2.0.2\bootstraplauncher-2.0.2.jar;C:\Games\Minecraft\Install\libraries\cpw\mods\securejarhandler\3.0.8\securejarhandler-3.0.8.jar;C:\Games\Minecraft\Install\libraries\org\ow2\asm\asm-commons\9.8\asm-commons-9.8.jar;C:\Games\Minecraft\Install\libraries\org\ow2\asm\asm-util\9.8\asm-util-9.8.jar;C:\Games\Minecraft\Install\libraries\org\ow2\asm\asm-analysis\9.8\asm-analysis-9.8.jar;C:\Games\Minecraft\Install\libraries\org\ow2\asm\asm-tree\9.8\asm-tree-9.8.jar;C:\Games\Minecraft\Install\libraries\org\ow2\asm\asm\9.8\asm-9.8.jar;C:\Games\Minecraft\Install\libraries\net\neoforged\JarJarFileSystems\0.4.1\JarJarFileSystems-0.4.1.jar;C:\Games\Minecraft\Install\libraries\net\sf\jopt-simple\jopt-simple\5.0.4\jopt-simple-5.0.4.jar;C:\Games\Minecraft\Install\libraries\org\slf4j\slf4j-api\2.0.9\slf4j-api-2.0.9.jar;C:\Games\Minecraft\Install\libraries\org\antlr\antlr4-runtime\4.13.1\antlr4-runtime-4.13.1.jar;C:\Games\Minecraft\Install\libraries\com\mojang\logging\1.2.7\logging-1.2.7.jar;C:\Games\Minecraft\Install\libraries\org\apache\logging\log4j\log4j-slf4j2-impl\2.22.1\log4j-slf4j2-impl-2.22.1.jar;C:\Games\Minecraft\Install\libraries\org\apache\logging\log4j\log4j-core\2.22.1\log4j-core-2.22.1.jar;C:\Games\Minecraft\Install\libraries\org\apache\logging\log4j\log4j-api\2.22.1\log4j-api-2.22.1.jar;C:\Games\Minecraft\Install\libraries\org\jline\jline-reader\3.20.0\jline-reader-3.20.0.jar;C:\Games\Minecraft\Install\libraries\org\jline\jline-terminal\3.20.0\jline-terminal-3.20.0.jar;C:\Games\Minecraft\Install\libraries\commons-io\commons-io\2.15.1\commons-io-2.15.1.jar;C:\Games\Minecraft\Install\libraries\net\minecraftforge\srgutils\0.4.15\srgutils-0.4.15.jar;C:\Games\Minecraft\Install\libraries\com\google\guava\guava\32.1.2-jre\guava-32.1.2-jre.jar;C:\Games\Minecraft\Install\libraries\com\google\guava\failureaccess\1.0.1\failureaccess-1.0.1.jar;C:\Games\Minecraft\Install\libraries\com\google\guava\listenablefuture\9999.0-empty-to-avoid-conflict-with-guava\listenablefuture-9999.0-empty-to-avoid-conflict-with-guava.jar;C:\Games\Minecraft\Install\libraries\com\google\code\findbugs\jsr305\3.0.2\jsr305-3.0.2.jar;C:\Games\Minecraft\Install\libraries\org\checkerframework\checker-qual\3.33.0\checker-qual-3.33.0.jar;C:\Games\Minecraft\Install\libraries\com\google\errorprone\error_prone_annotations\2.18.0\error_prone_annotations-2.18.0.jar;C:\Games\Minecraft\Install\libraries\com\google\j2objc\j2objc-annotations\2.8\j2objc-annotations-2.8.jar;C:\Games\Minecraft\Install\libraries\com\google\code\gson\gson\2.10.1\gson-2.10.1.jar;C:\Games\Minecraft\Install\libraries\org\codehaus\plexus\plexus-utils\3.3.0\plexus-utils-3.3.0.jar;C:\Games\Minecraft\Install\libraries\com\machinezoo\noexception\noexception\1.7.1\noexception-1.7.1.jar;C:\Games\Minecraft\Install\libraries\com\github\oshi\oshi-core\6.4.10\oshi-core-6.4.10.jar;C:\Games\Minecraft\Install\libraries\com\ibm\icu\icu4j\73.2\icu4j-73.2.jar;C:\Games\Minecraft\Install\libraries\com\mojang\authlib\6.0.54\authlib-6.0.54.jar;C:\Games\Minecraft\Install\libraries\com\mojang\blocklist\1.0.10\blocklist-1.0.10.jar;C:\Games\Minecraft\Install\libraries\com\mojang\brigadier\1.3.10\brigadier-1.3.10.jar;C:\Games\Minecraft\Install\libraries\com\mojang\datafixerupper\8.0.16\datafixerupper-8.0.16.jar;C:\Games\Minecraft\Install\libraries\com\mojang\patchy\2.2.10\patchy-2.2.10.jar;C:\Games\Minecraft\Install\libraries\com\mojang\text2speech\1.17.9\text2speech-1.17.9.jar;C:\Games\Minecraft\Install\libraries\commons-codec\commons-codec\1.16.0\commons-codec-1.16.0.jar;C:\Games\Minecraft\Install\libraries\commons-logging\commons-logging\1.2\commons-logging-1.2.jar;C:\Games\Minecraft\Install\libraries\io\netty\netty-buffer\4.1.97.Final\netty-buffer-4.1.97.Final.jar;C:\Games\Minecraft\Install\libraries\io\netty\netty-codec\4.1.97.Final\netty-codec-4.1.97.Final.jar;C:\Games\Minecraft\Install\libraries\io\netty\netty-common\4.1.97.Final\netty-common-4.1.97.Final.jar;C:\Games\Minecraft\Install\libraries\io\netty\netty-handler\4.1.97.Final\netty-handler-4.1.97.Final.jar;C:\Games\Minecraft\Install\libraries\io\netty\netty-resolver\4.1.97.Final\netty-resolver-4.1.97.Final.jar;C:\Games\Minecraft\Install\libraries\io\netty\netty-transport-classes-epoll\4.1.97.Final\netty-transport-classes-epoll-4.1.97.Final.jar;C:\Games\Minecraft\Install\libraries\io\netty\netty-transport-native-unix-common\4.1.97.Final\netty-transport-native-unix-common-4.1.97.Final.jar;C:\Games\Minecraft\Install\libraries\io\netty\netty-transport\4.1.97.Final\netty-transport-4.1.97.Final.jar;C:\Games\Minecraft\Install\libraries\it\unimi\dsi\fastutil\8.5.12\fastutil-8.5.12.jar;C:\Games\Minecraft\Install\libraries\net\java\dev\jna\jna-platform\5.14.0\jna-platform-5.14.0.jar;C:\Games\Minecraft\Install\libraries\net\java\dev\jna\jna\5.14.0\jna-5.14.0.jar;C:\Games\Minecraft\Install\libraries\org\apache\commons\commons-compress\1.26.0\commons-compress-1.26.0.jar;C:\Games\Minecraft\Install\libraries\org\apache\httpcomponents\httpclient\4.5.13\httpclient-4.5.13.jar;C:\Games\Minecraft\Install\libraries\org\apache\httpcomponents\httpcore\4.4.16\httpcore-4.4.16.jar;C:\Games\Minecraft\Install\libraries\org\jcraft\jorbis\0.0.17\jorbis-0.0.17.jar;C:\Games\Minecraft\Install\libraries\org\joml\joml\1.10.5\joml-1.10.5.jar;C:\Games\Minecraft\Install\libraries\org\lwjgl\lwjgl-freetype\3.3.3\lwjgl-freetype-3.3.3.jar;C:\Games\Minecraft\Install\libraries\org\lwjgl\lwjgl-freetype\3.3.3\lwjgl-freetype-3.3.3-natives-windows.jar;C:\Games\Minecraft\Install\libraries\org\lwjgl\lwjgl-freetype\3.3.3\lwjgl-freetype-3.3.3-natives-windows-arm64.jar;C:\Games\Minecraft\Install\libraries\org\lwjgl\lwjgl-freetype\3.3.3\lwjgl-freetype-3.3.3-natives-windows-x86.jar;C:\Games\Minecraft\Install\libraries\org\lwjgl\lwjgl-glfw\3.3.3\lwjgl-glfw-3.3.3.jar;C:\Games\Minecraft\Install\libraries\org\lwjgl\lwjgl-glfw\3.3.3\lwjgl-glfw-3.3.3-natives-windows.jar;C:\Games\Minecraft\Install\libraries\org\lwjgl\lwjgl-glfw\3.3.3\lwjgl-glfw-3.3.3-natives-windows-arm64.jar;C:\Games\Minecraft\Install\libraries\org\lwjgl\lwjgl-glfw\3.3.3\lwjgl-glfw-3.3.3-natives-windows-x86.jar;C:\Games\Minecraft\Install\libraries\org\lwjgl\lwjgl-jemalloc\3.3.3\lwjgl-jemalloc-3.3.3.jar;C:\Games\Minecraft\Install\libraries\org\lwjgl\lwjgl-jemalloc\3.3.3\lwjgl-jemalloc-3.3.3-natives-windows.jar;C:\Games\Minecraft\Install\libraries\org\lwjgl\lwjgl-jemalloc\3.3.3\lwjgl-jemalloc-3.3.3-natives-windows-arm64.jar;C:\Games\Minecraft\Install\libraries\org\lwjgl\lwjgl-jemalloc\3.3.3\lwjgl-jemalloc-3.3.3-natives-windows-x86.jar;C:\Games\Minecraft\Install\libraries\org\lwjgl\lwjgl-openal\3.3.3\lwjgl-openal-3.3.3.jar;C:\Games\Minecraft\Install\libraries\org\lwjgl\lwjgl-openal\3.3.3\lwjgl-openal-3.3.3-natives-windows.jar;C:\Games\Minecraft\Install\libraries\org\lwjgl\lwjgl-openal\3.3.3\lwjgl-openal-3.3.3-natives-windows-arm64.jar;C:\Games\Minecraft\Install\libraries\org\lwjgl\lwjgl-openal\3.3.3\lwjgl-openal-3.3.3-natives-windows-x86.jar;C:\Games\Minecraft\Install\libraries\org\lwjgl\lwjgl-opengl\3.3.3\lwjgl-opengl-3.3.3.jar;C:\Games\Minecraft\Install\libraries\org\lwjgl\lwjgl-opengl\3.3.3\lwjgl-opengl-3.3.3-natives-windows.jar;C:\Games\Minecraft\Install\libraries\org\lwjgl\lwjgl-opengl\3.3.3\lwjgl-opengl-3.3.3-natives-windows-arm64.jar;C:\Games\Minecraft\Install\libraries\org\lwjgl\lwjgl-opengl\3.3.3\lwjgl-opengl-3.3.3-natives-windows-x86.jar;C:\Games\Minecraft\Install\libraries\org\lwjgl\lwjgl-stb\3.3.3\lwjgl-stb-3.3.3.jar;C:\Games\Minecraft\Install\libraries\org\lwjgl\lwjgl-stb\3.3.3\lwjgl-stb-3.3.3-natives-windows.jar;C:\Games\Minecraft\Install\libraries\org\lwjgl\lwjgl-stb\3.3.3\lwjgl-stb-3.3.3-natives-windows-arm64.jar;C:\Games\Minecraft\Install\libraries\org\lwjgl\lwjgl-stb\3.3.3\lwjgl-stb-3.3.3-natives-windows-x86.jar;C:\Games\Minecraft\Install\libraries\org\lwjgl\lwjgl-tinyfd\3.3.3\lwjgl-tinyfd-3.3.3.jar;C:\Games\Minecraft\Install\libraries\org\lwjgl\lwjgl-tinyfd\3.3.3\lwjgl-tinyfd-3.3.3-natives-windows.jar;C:\Games\Minecraft\Install\libraries\org\lwjgl\lwjgl-tinyfd\3.3.3\lwjgl-tinyfd-3.3.3-natives-windows-arm64.jar;C:\Games\Minecraft\Install\libraries\org\lwjgl\lwjgl-tinyfd\3.3.3\lwjgl-tinyfd-3.3.3-natives-windows-x86.jar;C:\Games\Minecraft\Install\libraries\org\lwjgl\lwjgl\3.3.3\lwjgl-3.3.3.jar;C:\Games\Minecraft\Install\libraries\org\lwjgl\lwjgl\3.3.3\lwjgl-3.3.3-natives-windows.jar;C:\Games\Minecraft\Install\libraries\org\lwjgl\lwjgl\3.3.3\lwjgl-3.3.3-natives-windows-arm64.jar;C:\Games\Minecraft\Install\libraries\org\lwjgl\lwjgl\3.3.3\lwjgl-3.3.3-natives-windows-x86.jar;C:\Games\Minecraft\Install\libraries\org\lz4\lz4-java\1.8.0\lz4-java-1.8.0.jar;C:\Games\Minecraft\Install\versions\neoforge-21.1.233\neoforge-21.1.233.jar
Launcher Type: SUN_STANDARD

[Global flags]
     bool AlwaysPreTouch                           = true                                      {product} {command line}
     intx CICompilerCount                          = 12                                        {product} {ergonomic}
     bool DisableExplicitGC                        = true                                      {product} {command line}
    ccstr HeapDumpPath                             = MojangTricksIntelDriversForPerformance_javaw.exe_minecraft.exe.heapdump         {manageable} {command line}
   size_t InitialHeapSize                          = 268435456                                 {product} {command line}
   size_t MaxHeapSize                              = 17179869184                               {product} {command line}
   size_t MinHeapDeltaBytes                        = 2097152                                   {product} {ergonomic}
   size_t MinHeapSize                              = 268435456                                 {product} {command line}
    uintx NonNMethodCodeHeapSize                   = 7602480                                {pd product} {ergonomic}
    uintx NonProfiledCodeHeapSize                  = 122027880                              {pd product} {ergonomic}
     bool ParallelRefProcEnabled                   = true                                      {product} {command line}
    uintx ProfiledCodeHeapSize                     = 122027880                              {pd product} {ergonomic}
    uintx ReservedCodeCacheSize                    = 251658240                              {pd product} {ergonomic}
     bool SegmentedCodeCache                       = true                                      {product} {ergonomic}
   size_t SoftMaxHeapSize                          = 17179869184                            {manageable} {ergonomic}
     bool UseCompressedOops                        = false                          {product lp64_product} {ergonomic}
     bool UseLargePagesIndividualAllocation        = false                                  {pd product} {ergonomic}
     bool UseZGC                                   = true                                      {product} {command line}
     bool ZGenerational                            = true                                      {product} {command line}

Logging:
Log output configuration:
 #0: stdout all=warning uptime,level,tags foldmultilines=false
 #1: stderr all=off uptime,level,tags foldmultilines=false

Environment Variables:
PATH=c:\program files\java\jdk-25\bin;C:\Program Files (x86)\Alias\Maya6.0\bin;C:\Program Files (x86)\VMware\VMware Workstation\bin\;C:\Program Files\Common Files\Oracle\Java\javapath;C:\Windows\system32;C:\Windows;C:\Windows\System32\Wbem;C:\Windows\System32\WindowsPowerShell\v1.0\;C:\Windows\System32\OpenSSH\;C:\Program Files (x86)\NVIDIA Corporation\PhysX\Common;C:\Users\Max\AppData\Local\Microsoft\WindowsApps;C:\Windows\AtlasModules;C:\Windows\AtlasModules\Apps;C:\Windows\AtlasModules\Other;C:\Windows\AtlasModules\Tools;C:\Windows\AtlasModules\Scripts;C:\ProgramData\chocolatey\bin;E:\Program Files\PHP;C:\ProgramData\ComposerSetup\bin;C:\Program Files\Git\cmd;C:\ffmpeg\bin;C:\Program Files\dotnet\;C:\Program Files\Cloudflare\Cloudflare WARP\;C:\Program Files (x86)\ZeroTier\One\;C:\Program Files\cursor\resources\app\bin;C:\Users\Max\AppData\Local\Programs\Python\Python313\Scripts\;C:\Users\Max\AppData\Local\Programs\Python\Python313\;C:\Users\Max\AppData\Local\Programs\Python\Python310\Scripts\;C:\Users\Max\AppData\Local\Programs\Python\Python310\;C:\Users\Max\AppData\Local\Microsoft\WindowsApps;C:\Users\Max\AppData\Local\GitHubDesktop\bin;F:\Program Files\JetBrains\PhpStorm 2022.2\bin;;C:\Users\Max\AppData\Roaming\Composer\vendor\bin;C:\ffmpeg\bin;C:\Program Files\dotnet\;C:\Users\Max\.dotnet\tools
USERNAME=Max
OS=Windows_NT
PROCESSOR_IDENTIFIER=AMD64 Family 25 Model 97 Stepping 2, AuthenticAMD
TMP=C:\Users\Max\AppData\Local\Temp
TEMP=C:\Users\Max\AppData\Local\Temp




Periodic native trim disabled

---------------  S Y S T E M  ---------------

OS:
 Windows 10 , 64 bit Build 19041 (10.0.19041.3570)
OS uptime: 0 days 9:32 hours

CPU: total 16 (initial active 16) (16 cores per cpu, 2 threads per core) family 25 model 97 stepping 2 microcode 0x0, cx8, cmov, fxsr, ht, mmx, 3dnowpref, sse, sse2, sse3, ssse3, sse4a, sse4.1, sse4.2, popcnt, lzcnt, tsc, tscinvbit, avx, avx2, aes, erms, clmul, bmi1, bmi2, adx, avx512f, avx512dq, avx512cd, avx512bw, avx512vl, sha, fma, vzeroupper, avx512_vpopcntdq, avx512_vpclmulqdq, avx512_vaes, avx512_vnni, clflush, clflushopt, avx512_vbmi2, avx512_vbmi, rdtscp, rdpid, fsrm, gfni, avx512_bitalg, f16c, pku, cet_ss, avx512_ifma
Processor Information for the first 16 processors :
  Max Mhz: 4201, Current Mhz: 4201, Mhz Limit: 4201

Memory: 4k page, system-wide physical 31962M (8081M free)
TotalPageFile size 70874M (AvailPageFile size 28936M)
current process WorkingSet (physical memory assigned to process): 9998M, peak: 9998M
current process commit charge ("private bytes"): 1857M, peak: 1864M

vm_info: OpenJDK 64-Bit Server VM (21.0.7+6-LTS) for windows-amd64 JRE (21.0.7+6-LTS), built on 2025-04-09T22:17:25Z by "MicrosoftCorporation" with unknown MS VC++:1939

END.
