#
# A fatal error has been detected by the Java Runtime Environment:
#
#  EXCEPTION_ACCESS_VIOLATION (0xc0000005) at pc=0x00007ffd649e8bc3, pid=26596, tid=30084
#
# JRE version: OpenJDK Runtime Environment Microsoft-11369940 (21.0.7+6) (build 21.0.7+6-LTS)
# Java VM: OpenJDK 64-Bit Server VM Microsoft-11369940 (21.0.7+6-LTS, mixed mode, tiered, compressed class ptrs, z gc, windows-amd64)
# Problematic frame:
# C  [nvoglv64.dll+0x15b8bc3]
#
# No core dump will be written. Minidumps are not enabled by default on client versions of Windows
#
# If you would like to submit a bug report, please visit:
#   https://aka.ms/minecraftjavacrashes
# The crash happened outside the Java Virtual Machine in native code.
# See problematic frame for where to report the bug.
#

---------------  S U M M A R Y ------------

Command Line: -Xmx16384m -Xms256m -Dminecraft.applet.TargetDirectory=C:\Games\Minecraft\Instances\Stonebound Eternal -Dfml.ignorePatchDiscrepancies=true -Dfml.ignoreInvalidMinecraftCertificates=true -Duser.language=en -Duser.country=US -DCFInstanceId=436d1a4b-4610-43de-92dd-87d69206f010 -DlibraryDirectory=C:\Games\Minecraft\Install\libraries -XX:+UseZGC -XX:+ZGenerational -XX:+AlwaysPreTouch -XX:+DisableExplicitGC -XX:+ParallelRefProcEnabled -javaagent:C:\Games\Minecraft\Install\sklauncher-fx.jar -DMcEmu=net.minecraft.client.main.Main -Dlog4j2.formatMsgNoLookups=true -Djava.rmi.server.useCodebaseOnly=true -Dcom.sun.jndi.rmi.object.trustURLCodebase=false -Dcom.sun.jndi.cosnaming.object.trustURLCodebase=false -Dsklauncher.discordrpc=true -Dsklauncher.gametype=neoforge -Dsklauncher.minecraft=1.21.1 -Dsklauncher.dns=true -XX:HeapDumpPath=MojangTricksIntelDriversForPerformance_javaw.exe_minecraft.exe.heapdump -Djava.library.path=C:\Games\Minecraft\Install\versions\neoforge-21.1.233\neoforge-21.1.233-natives-33481481960600 -Djna.tmpdir=C:\Games\Minecraft\Install\versions\neoforge-21.1.233\neoforge-21.1.233-natives-33481481960600 -Dorg.lwjgl.system.SharedLibraryExtractPath=C:\Games\Minecraft\Install\versions\neoforge-21.1.233\neoforge-21.1.233-natives-33481481960600 -Dio.netty.native.workdir=C:\Games\Minecraft\Install\versions\neoforge-21.1.233\neoforge-21.1.233-natives-33481481960600 -Dminecraft.launcher.brand=java-minecraft-launcher -Dminecraft.launcher.version=1.6.93 -Djava.net.preferIPv6Addresses=system -DignoreList=client-extra,neoforge-21.1.233.jar -DlibraryDirectory=C:\Games\Minecraft\Install\libraries --module-path=C:\Games\Minecraft\Install\libraries/cpw/mods/bootstraplauncher/2.0.2/bootstraplauncher-2.0.2.jar;C:\Games\Minecraft\Install\libraries/cpw/mods/securejarhandler/3.0.8/securejarhandler-3.0.8.jar;C:\Games\Minecraft\Install\libraries/org/ow2/asm/asm-commons/9.8/asm-commons-9.8.jar;C:\Games\Minecraft\Install\libraries/org/ow2/asm/asm-util/9.8/asm-util-9.8.jar;C:\Games\Minecraft\Install\libraries/org/ow2/asm/asm-analysis/9.8/asm-analysis-9.8.jar;C:\Games\Minecraft\Install\libraries/org/ow2/asm/asm-tree/9.8/asm-tree-9.8.jar;C:\Games\Minecraft\Install\libraries/org/ow2/asm/asm/9.8/asm-9.8.jar;C:\Games\Minecraft\Install\libraries/net/neoforged/JarJarFileSystems/0.4.1/JarJarFileSystems-0.4.1.jar --add-modules=ALL-MODULE-PATH --add-opens=java.base/java.util.jar=cpw.mods.securejarhandler --add-opens=java.base/java.lang.invoke=cpw.mods.securejarhandler --add-exports=java.base/sun.security.util=cpw.mods.securejarhandler --add-exports=jdk.naming.dns/com.sun.jndi.dns=java.naming cpw.mods.bootstraplauncher.BootstrapLauncher --username DedMaxim99 --version neoforge-21.1.233 --gameDir C:\Games\Minecraft\Instances\Stonebound Eternal --assetsDir C:\Games\Minecraft\Install\assets --assetIndex 17 --uuid fd7cca6a716d46b68ea6ecf8dbf25f08 --accessToken eyJraWQiOiIwNDkxODEiLCJhbGciOiJSUzI1NiJ9.eyJ4dWlkIjoiMjUzNTQ3MzYwMDI5NTY5MSIsImFnZyI6IkFkdWx0Iiwic3ViIjoiZDBkYmM1NWUtNDg1ZS00ZDg1LWIwMmMtZjA3YWE3ZjU0NTQ1IiwiYXV0aCI6IlhCT1giLCJucyI6ImRlZmF1bHQiLCJyb2xlcyI6W10sImlzcyI6ImF1dGhlbnRpY2F0aW9uIiwiZmxhZ3MiOlsibXVsdGlwbGF5ZXIiXSwicHJvZmlsZXMiOnsibWMiOiJmZDdjY2E2YS03MTZkLTQ2YjYtOGVhNi1lY2Y4ZGJmMjVmMDgifSwicG1pZCI6IjdhNmE5YjM4LTJlM2YtNWFlNy1iMzcyLTJjZWNjOTM0MjIyNiIsInBsYXRmb3JtIjoiUENfTEFVTkNIRVIiLCJ0aWQiOiJFOTlCMCIsInBmZCI6W3sidHlwZSI6Im1jIiwiaWQiOiJmZDdjY2E2YS03MTZkLTQ2YjYtOGVhNi1lY2Y4ZGJmMjVmMDgiLCJuYW1lIjoiRGVkTWF4aW05OSJ9XSwieGlkIjoiMjUzNTQ3MzYwMDI5NTY5MSIsIm5iZiI6MTc4MzAyMTQxNiwiZXhwIjoxNzgzMTA3ODE2LCJpYXQiOjE3ODMwMjE0MTYsImFpZCI6IjkwN2EyNDhkLTNlYjUtNGQwMS05OWQyLWZmNzJkNzljNWViMSJ9.Cm7Sy9U1AhfM_4zjr_c7pVtFII1qVDAb8OTyqwDQJWjnXDjT4NKdZmkHacMNa_2XvAYOI7ZpUiUtjtSt3xvJie3pRRBxnHBTYrOyoeEd5-2qycjguDghLKNgvvUeCdizYixB_ZKKpN5x5JeOW2AkO5YJOT44aW23L-Wcgiwd26T3aSm5M_9eGq8Y9n6UH-uN2D9P7D6TS66urAboijmZYX2yXlgRyFxvS1yuZk0oPw0ZZviVZbvuErT8k-EDVjemDo6Sk3NtbOuccf-TeUKCmgmL-wUaD9RjDcVh549jAnY25xkqd0ZAEiLGxlYz8wnvcmcbVeCwVSSoOm1gKJo4lA --clientId 0 --xuid 0 --userType msa --versionType release --width 1024 --height 768 --fml.neoForgeVersion 21.1.233 --fml.fmlVersion 4.0.42 --fml.mcVersion 1.21.1 --fml.neoFormVersion 20240808.144430 --launchTarget forgeclient

Host: AMD Ryzen 7 7800X3D 8-Core Processor           , 16 cores, 31G,  Windows 10 , 64 bit Build 19041 (10.0.19041.3570)
Time: Fri Jul  3 00:49:06 2026 West Asia Standard Time elapsed time: 32.064650 seconds (0d 0h 0m 32s)

---------------  T H R E A D  ---------------

Current thread (0x0000017619c83ba0):  JavaThread "Render thread"        [_thread_in_native, id=30084, stack(0x0000003717c00000,0x0000003717d00000) (1024K)]

Stack: [0x0000003717c00000,0x0000003717d00000],  sp=0x0000003717cfd498,  free space=1013k
Native frames: (J=compiled Java code, j=interpreted, Vv=VM code, C=native code)
C  [nvoglv64.dll+0x15b8bc3]

Java frames: (J=compiled Java code, j=interpreted, Vv=VM code)
J 24615  org.lwjgl.opengl.GL11C.nglDrawElements(IIIJ)V org.lwjgl.opengl@3.3.3+5 (0 bytes) @ 0x00000176270f8e1e [0x00000176270f8dc0+0x000000000000005e]
J 24966 c1 org.lwjgl.opengl.GL11C.glDrawElements(IIIJ)V org.lwjgl.opengl@3.3.3+5 (8 bytes) @ 0x0000017620119c9c [0x0000017620119c40+0x000000000000005c]
J 24965 c1 org.lwjgl.opengl.GL11.glDrawElements(IIIJ)V org.lwjgl.opengl@3.3.3+5 (8 bytes) @ 0x000001762011991c [0x00000176201198c0+0x000000000000005c]
J 24964 c1 com.mojang.blaze3d.platform.GlStateManager._drawElements(IIIJ)V minecraft@1.21.1 (11 bytes) @ 0x0000017620118e14 [0x0000017620118c80+0x0000000000000194]
J 24963 c1 com.mojang.blaze3d.systems.RenderSystem.drawElements(III)V minecraft@1.21.1 (11 bytes) @ 0x000001762011869c [0x0000017620118500+0x000000000000019c]
J 29188 c1 com.mojang.blaze3d.vertex.VertexBuffer._drawWithShader(Lorg/joml/Matrix4f;Lorg/joml/Matrix4f;Lnet/minecraft/client/renderer/ShaderInstance;)V minecraft@1.21.1 (29 bytes) @ 0x0000017620a3f764 [0x0000017620a3f3c0+0x00000000000003a4]
J 24912 c1 com.mojang.blaze3d.vertex.BufferUploader._drawWithShader(Lcom/mojang/blaze3d/vertex/MeshData;)V minecraft@1.21.1 (23 bytes) @ 0x0000017620102054 [0x0000017620101140+0x0000000000000f14]
J 25165 c1 net.minecraft.client.renderer.MultiBufferSource$BufferSource.endBatch(Lnet/minecraft/client/renderer/RenderType;Lcom/mojang/blaze3d/vertex/BufferBuilder;)V minecraft@1.21.1 (67 bytes) @ 0x000001762018d5cc [0x000001762018c960+0x0000000000000c6c]
J 29109 c1 net.minecraft.client.renderer.MultiBufferSource$BufferSource.endBatch(Lnet/minecraft/client/renderer/RenderType;)V minecraft@1.21.1 (25 bytes) @ 0x00000176209a1c14 [0x00000176209a1b40+0x00000000000000d4]
J 29119 c2 net.minecraft.client.renderer.MultiBufferSource$BufferSource.endBatch()V minecraft@1.21.1 (47 bytes) @ 0x0000017627752e80 [0x0000017627752e20+0x0000000000000060]
J 25386 c1 net.minecraft.client.gui.GuiGraphics.flushIfUnmanaged()V minecraft@1.21.1 (36 bytes) @ 0x00000176201eba14 [0x00000176201eb4c0+0x0000000000000554]
J 25147 c1 net.minecraft.client.gui.GuiGraphics.fill(Lnet/minecraft/client/renderer/RenderType;IIIIII)V minecraft@1.21.1 (167 bytes) @ 0x000001762017c74c [0x000001762017bb60+0x0000000000000bec]
J 26359 c1 net.minecraft.client.gui.GuiGraphics.fill(IIIIII)V minecraft@1.21.1 (17 bytes) @ 0x00000176203994a4 [0x0000017620399340+0x0000000000000164]
J 26358 c1 net.minecraft.client.gui.GuiGraphics.fill(IIIII)V minecraft@1.21.1 (13 bytes) @ 0x0000017620397bbc [0x0000017620397ac0+0x00000000000000fc]
j  net.minecraft.client.gui.screens.TitleScreen.wrapOperation$ekb000$fancymenu$wrap_renderPanorama_FancyMenu(Lnet/minecraft/client/gui/screens/TitleScreen;Lnet/minecraft/client/gui/GuiGraphics;FLcom/llamalad7/mixinextras/injector/wrapoperation/Operation;)V+49 minecraft@1.21.1
j  net.minecraft.client.gui.screens.TitleScreen.render(Lnet/minecraft/client/gui/GuiGraphics;IIF)V+142 minecraft@1.21.1
j  net.minecraft.client.gui.screens.Screen.mixinextras$bridge$render$149([Ljava/lang/Object;)Ljava/lang/Void;+60 minecraft@1.21.1
j  net.minecraft.client.gui.screens.Screen$$Lambda+0x0000000082cac828.call([Ljava/lang/Object;)Ljava/lang/Object;+1 minecraft@1.21.1
j  net.minecraft.client.gui.screens.Screen.wrapOperation$ejk000$fancymenu$wrap_render_in_renderWithTooltip_FancyMenu(Lnet/minecraft/client/gui/screens/Screen;Lnet/minecraft/client/gui/GuiGraphics;IIFLcom/llamalad7/mixinextras/injector/wrapoperation/Operation;)V+57 minecraft@1.21.1
j  net.minecraft.client.gui.screens.Screen.renderWithTooltip(Lnet/minecraft/client/gui/GuiGraphics;IIF)V+32 minecraft@1.21.1
j  net.minecraft.client.gui.screens.LoadingOverlay.wrapOperation$bnc000$drippyloadingscreen$wrap_Screen_render_in_render_Drippy(Lnet/minecraft/client/gui/screens/Screen;Lnet/minecraft/client/gui/GuiGraphics;IIFLcom/llamalad7/mixinextras/injector/wrapoperation/Operation;)V+48 minecraft@1.21.1
J 29165 c1 net.minecraft.client.gui.screens.LoadingOverlay.render(Lnet/minecraft/client/gui/GuiGraphics;IIF)V minecraft@1.21.1 (1180 bytes) @ 0x0000017620a328e4 [0x0000017620a321c0+0x0000000000000724]
J 29141 c1 net.minecraft.client.renderer.GameRenderer.render(Lnet/minecraft/client/DeltaTracker;Z)V minecraft@1.21.1 (1131 bytes) @ 0x0000017620a219ac [0x0000017620a1cf20+0x0000000000004a8c]
J 26663 c1 net.minecraft.client.Minecraft.runTick(Z)V minecraft@1.21.1 (1156 bytes) @ 0x00000176204676f4 [0x0000017620463a60+0x0000000000003c94]
j  net.minecraft.client.Minecraft.run()V+107 minecraft@1.21.1
j  net.minecraft.client.main.Main.main([Ljava/lang/String;)V+1619 minecraft@1.21.1
j  java.lang.invoke.LambdaForm$DMH+0x000000008021a400.invokeStatic(Ljava/lang/Object;Ljava/lang/Object;)V+10 java.base@21.0.7
j  java.lang.invoke.LambdaForm$MH+0x0000000080610800.invoke(Ljava/lang/Object;Ljava/lang/Object;Ljava/lang/Object;)Ljava/lang/Object;+33 java.base@21.0.7
J 1070 c1 jdk.internal.reflect.DirectMethodHandleAccessor.invoke(Ljava/lang/Object;[Ljava/lang/Object;)Ljava/lang/Object; java.base@21.0.7 (92 bytes) @ 0x000001761e249a84 [0x000001761e248880+0x0000000000001204]
J 1069 c1 java.lang.reflect.Method.invoke(Ljava/lang/Object;[Ljava/lang/Object;)Ljava/lang/Object; java.base@21.0.7 (108 bytes) @ 0x000001761e23b054 [0x000001761e23ab40+0x0000000000000514]
j  net.neoforged.fml.loading.targets.CommonLaunchHandler.runTarget(Ljava/lang/String;[Ljava/lang/String;Ljava/lang/ModuleLayer;)V+42 fml_loader@4.0.42
j  net.neoforged.fml.loading.targets.CommonLaunchHandler.clientService([Ljava/lang/String;Ljava/lang/ModuleLayer;)V+6 fml_loader@4.0.42
j  net.neoforged.fml.loading.targets.CommonClientLaunchHandler.runService([Ljava/lang/String;Ljava/lang/ModuleLayer;)V+3 fml_loader@4.0.42
j  net.neoforged.fml.loading.targets.CommonLaunchHandler.lambda$launchService$4([Ljava/lang/String;Ljava/lang/ModuleLayer;)V+3 fml_loader@4.0.42
j  net.neoforged.fml.loading.targets.CommonLaunchHandler$$Lambda+0x0000000080609a80.run()V+12 fml_loader@4.0.42
j  cpw.mods.modlauncher.LaunchServiceHandlerDecorator.launch([Ljava/lang/String;Ljava/lang/ModuleLayer;)V+11 cpw.mods.modlauncher@11.0.5
j  cpw.mods.modlauncher.LaunchServiceHandler.launch(Ljava/lang/String;[Ljava/lang/String;Ljava/lang/ModuleLayer;Lcpw/mods/modlauncher/TransformingClassLoader;Lcpw/mods/modlauncher/LaunchPluginHandler;)V+58 cpw.mods.modlauncher@11.0.5
j  cpw.mods.modlauncher.LaunchServiceHandler.launch(Lcpw/mods/modlauncher/ArgumentHandler;Ljava/lang/ModuleLayer;Lcpw/mods/modlauncher/TransformingClassLoader;Lcpw/mods/modlauncher/LaunchPluginHandler;)V+21 cpw.mods.modlauncher@11.0.5
j  cpw.mods.modlauncher.Launcher.run([Ljava/lang/String;)V+288 cpw.mods.modlauncher@11.0.5
j  cpw.mods.modlauncher.Launcher.main([Ljava/lang/String;)V+123 cpw.mods.modlauncher@11.0.5
j  cpw.mods.modlauncher.BootstrapLaunchConsumer.accept([Ljava/lang/String;)V+1 cpw.mods.modlauncher@11.0.5
j  cpw.mods.modlauncher.BootstrapLaunchConsumer.accept(Ljava/lang/Object;)V+5 cpw.mods.modlauncher@11.0.5
j  cpw.mods.bootstraplauncher.BootstrapLauncher.run(Z[Ljava/lang/String;)V+703 cpw.mods.bootstraplauncher@2.0.2
j  cpw.mods.bootstraplauncher.BootstrapLauncher.main([Ljava/lang/String;)V+2 cpw.mods.bootstraplauncher@2.0.2
v  ~StubRoutines::call_stub 0x00000176254c10d9

siginfo: EXCEPTION_ACCESS_VIOLATION (0xc0000005), reading address 0x0000000000000000


Registers:
RAX=0x0000017a44d54394, RBX=0x0000017a44d54378, RCX=0x0000017a44d54394, RDX=0x0000000000000000
RSP=0x0000003717cfd498, RBP=0x0000000000000038, RSI=0x0000000000000006, RDI=0x0000017a3d5400c0
R8 =0x000000000000000c, R9 =0x00007ffd649e8bc3, R10=0x00007ffd63430000, R11=0x0000000000000006
R12=0x0000000000000004, R13=0x0000000000001403, R14=0x000000000000000c, R15=0x0000000000000000
RIP=0x00007ffd649e8bc3, EFLAGS=0x0000000000010206

XMM[0]=0x0000000000000000 0x000000003b4d4795
XMM[1]=0x3f8000003f800000 0x3f8000003f800000
XMM[2]=0x3f8000003f800000 0x3f8000003f800000
XMM[3]=0x0000000000000000 0x43b3800000000000
XMM[4]=0x0000000000000000 0x0000000000000000
XMM[5]=0x00000000b8d1b717 0x0000000000000000
XMM[6]=0x0000000000000000 0x0000000000000000
XMM[7]=0x0000000000000000 0x0000000000000000
XMM[8]=0x0000000000000000 0x0000000000000000
XMM[9]=0x0000000000000000 0x0000000000000000
XMM[10]=0x0000000000000000 0x00000000bf443718
XMM[11]=0x0000000000000000 0x000000003f338192
XMM[12]=0x0000000000000000 0x00000000bf443718
XMM[13]=0x0000000000000000 0x000000003dc911fa
XMM[14]=0x0000000000000000 0x000000003d803be9
XMM[15]=0x0000000000000000 0x00000000bd0d7da0
  MXCSR=0x00001fa7


Register to memory mapping:

RAX=0x0000017a44d54394 points into unknown readable memory: b6 b6 b6 ff
RBX=0x0000017a44d54378 points into unknown readable memory: 0x000000040001c006 | 06 c0 01 00 04 00 00 00
RCX=0x0000017a44d54394 points into unknown readable memory: b6 b6 b6 ff
RDX=0x0 is null
RSP=0x0000003717cfd498 is pointing into the stack for thread: 0x0000017619c83ba0
RBP=0x0000000000000038 is an unknown value
RSI=0x0000000000000006 is an unknown value
RDI=0x0000017a3d5400c0 points into unknown readable memory: 0x0000000000000000 | 00 00 00 00 00 00 00 00
R8 =0x000000000000000c is an unknown value
R9 =0x00007ffd649e8bc3 nvoglv64.dll
R10=0x00007ffd63430000 nvoglv64.dll
R11=0x0000000000000006 is an unknown value
R12=0x0000000000000004 is an unknown value
R13=0x0000000000001403 is an unknown value
R14=0x000000000000000c is an unknown value
R15=0x0 is null

Top of Stack: (sp=0x0000003717cfd498)
0x0000003717cfd498:   00007ffd639d64dd 0000003717cfdd38
0x0000003717cfd4a8:   0000017620076894 0000003717cfdd38
0x0000003717cfd4b8:   0000017620a85244 000004005bc42468
0x0000003717cfd4c8:   00007ffdfb6834f1 0000003717cfdd38
0x0000003717cfd4d8:   00000176200cf334 0000017a3917d1b0
0x0000003717cfd4e8:   0000017618138370 0000017619c83ba0
0x0000003717cfd4f8:   0000000000000288 0000000000000000
0x0000003717cfd508:   0000000000000000 0000017ab38fdb58
0x0000003717cfd518:   00000176270f8eb9 0000003717cfd590
0x0000003717cfd528:   0000003717cfd500 0000003717cfd580
0x0000003717cfd538:   000000000000065a 0000000000001403
0x0000003717cfd548:   0000000000000000 0000000100000009
0x0000003717cfd558:   00007ffcd4cef360 0000017618138370
0x0000003717cfd568:   0000000000000000 000000003c6e4986
0x0000003717cfd578:   0000000000000002 0000040005006138
0x0000003717cfd588:   0000000000000009 0000003717cfdd38
0x0000003717cfd598:   0000017620119c9c 0000003717cfdd38
0x0000003717cfd5a8:   0000017620110664 000000003f800000
0x0000003717cfd5b8:   00000176270e03a8 000000000000000b
0x0000003717cfd5c8:   00000402bff34808 0000040282cbc010
0x0000003717cfd5d8:   0000040282cbbfc0 0000003717cfdd38
0x0000003717cfd5e8:   000001762011991c 0000000000000009
0x0000003717cfd5f8:   0000040282cbdc38 00000402bff3de58
0x0000003717cfd608:   00000402bff3de98 000004005bc425d8
0x0000003717cfd618:   00000402bff3e200 0000003717cfdd38
0x0000003717cfd628:   0000017620aaac0c 0000003717cfdd38
0x0000003717cfd638:   0000017620118e14 0000000000000000
0x0000003717cfd648:   0000003717cfd760 0000000000000000
0x0000003717cfd658:   0000040282cbd970 0000000000000000
0x0000003717cfd668:   0000000000000000 0000003717cfdd38
0x0000003717cfd678:   0000000000000000 0000003717cfd738
0x0000003717cfd688:   0000000000000000 0000017a7f8d05c0 

Instructions: (pc=0x00007ffd649e8bc3)
0x00007ffd649e8ac3:   cc cc cc 66 66 0f 1f 84 00 00 00 00 00 57 56 48
0x00007ffd649e8ad3:   8b f9 48 8b f2 49 8b c8 f3 a4 5e 5f c3 48 8b c1
0x00007ffd649e8ae3:   4c 8d 15 16 75 a4 fe 49 83 f8 0f 0f 87 0c 01 00
0x00007ffd649e8af3:   00 66 66 66 66 0f 1f 84 00 00 00 00 00 47 8b 8c
0x00007ffd649e8b03:   82 30 1c a4 02 4d 03 ca 41 ff e1 c3 90 4c 8b 02
0x00007ffd649e8b13:   8b 4a 08 44 0f b7 4a 0c 44 0f b6 52 0e 4c 89 00
0x00007ffd649e8b23:   89 48 08 66 44 89 48 0c 44 88 50 0e c3 4c 8b 02
0x00007ffd649e8b33:   0f b7 4a 08 44 0f b6 4a 0a 4c 89 00 66 89 48 08
0x00007ffd649e8b43:   44 88 48 0a c3 0f b7 0a 66 89 08 c3 90 8b 0a 44
0x00007ffd649e8b53:   0f b7 42 04 44 0f b6 4a 06 89 08 66 44 89 40 04
0x00007ffd649e8b63:   44 88 48 06 c3 4c 8b 02 8b 4a 08 44 0f b7 4a 0c
0x00007ffd649e8b73:   4c 89 00 89 48 08 66 44 89 48 0c c3 0f b7 0a 44
0x00007ffd649e8b83:   0f b6 42 02 66 89 08 44 88 40 02 c3 90 4c 8b 02
0x00007ffd649e8b93:   8b 4a 08 44 0f b6 4a 0c 4c 89 00 89 48 08 44 88
0x00007ffd649e8ba3:   48 0c c3 4c 8b 02 0f b7 4a 08 4c 89 00 66 89 48
0x00007ffd649e8bb3:   08 c3 4c 8b 02 0f b6 4a 08 4c 89 00 88 48 08 c3
0x00007ffd649e8bc3:   4c 8b 02 8b 4a 08 4c 89 00 89 48 08 c3 8b 0a 44
0x00007ffd649e8bd3:   0f b7 42 04 89 08 66 44 89 40 04 c3 8b 0a 44 0f
0x00007ffd649e8be3:   b6 42 04 89 08 44 88 40 04 c3 48 8b 0a 48 89 08
0x00007ffd649e8bf3:   c3 0f b6 0a 88 08 c3 8b 0a 89 08 c3 90 49 83 f8
0x00007ffd649e8c03:   20 77 17 f3 0f 6f 0a f3 42 0f 6f 54 02 f0 f3 0f
0x00007ffd649e8c13:   7f 09 f3 42 0f 7f 54 01 f0 c3 4e 8d 0c 02 48 3b
0x00007ffd649e8c23:   ca 4c 0f 46 c9 49 3b c9 0f 82 3f 04 00 00 83 3d
0x00007ffd649e8c33:   d8 19 6c 01 03 0f 82 e2 02 00 00 49 81 f8 00 20
0x00007ffd649e8c43:   00 00 76 16 49 81 f8 00 00 18 00 77 0d f6 05 91
0x00007ffd649e8c53:   72 77 01 02 0f 85 73 fe ff ff c5 fe 6f 02 c4 a1
0x00007ffd649e8c63:   7e 6f 6c 02 e0 49 81 f8 00 01 00 00 0f 86 c3 00
0x00007ffd649e8c73:   00 00 4c 8b c9 49 83 e1 1f 49 83 e9 20 49 2b c9
0x00007ffd649e8c83:   49 2b d1 4d 03 c1 49 81 f8 00 01 00 00 0f 86 a2
0x00007ffd649e8c93:   00 00 00 49 81 f8 00 00 18 00 0f 87 3d 01 00 00
0x00007ffd649e8ca3:   66 66 66 66 66 0f 1f 84 00 00 00 00 00 c5 fe 6f
0x00007ffd649e8cb3:   0a c5 fe 6f 52 20 c5 fe 6f 5a 40 c5 fe 6f 62 60 


Stack slot to memory mapping:

stack at sp + 0 slots: 0x00007ffd639d64dd nvoglv64.dll
stack at sp + 1 slots: 0x0000003717cfdd38 is pointing into the stack for thread: 0x0000017619c83ba0
stack at sp + 2 slots: 0x0000017620076894 is at entry_point+1236 in (nmethod*)0x0000017620076010
Compiled method (c1) 32094 24669       3       com.mojang.blaze3d.shaders.Uniform::uploadAsMatrix (83 bytes)
 total in heap  [0x0000017620076010,0x0000017620078250] = 8768
 relocation     [0x0000017620076170,0x00000176200763b8] = 584
 main code      [0x00000176200763c0,0x0000017620077b50] = 6032
 stub code      [0x0000017620077b50,0x0000017620077bc0] = 112
 oops           [0x0000017620077bc0,0x0000017620077bd0] = 16
 metadata       [0x0000017620077bd0,0x0000017620077c50] = 128
 scopes data    [0x0000017620077c50,0x0000017620077eb8] = 616
 scopes pcs     [0x0000017620077eb8,0x0000017620078218] = 864
 dependencies   [0x0000017620078218,0x0000017620078240] = 40
 nul chk table  [0x0000017620078240,0x0000017620078250] = 16
stack at sp + 3 slots: 0x0000003717cfdd38 is pointing into the stack for thread: 0x0000017619c83ba0
stack at sp + 4 slots: 0x0000017620a85244 is at entry_point+15972 in (nmethod*)0x0000017620a80910
Compiled method (c1) 32095 29274       3       net.minecraft.client.renderer.ShaderInstance::setDefaultUniforms (270 bytes)
 total in heap  [0x0000017620a80910,0x0000017620a89a18] = 37128
 relocation     [0x0000017620a80a70,0x0000017620a813d8] = 2408
 main code      [0x0000017620a813e0,0x0000017620a87670] = 25232
 stub code      [0x0000017620a87670,0x0000017620a87930] = 704
 oops           [0x0000017620a87930,0x0000017620a87998] = 104
 metadata       [0x0000017620a87998,0x0000017620a87b88] = 496
 scopes data    [0x0000017620a87b88,0x0000017620a889d0] = 3656
 scopes pcs     [0x0000017620a889d0,0x0000017620a89800] = 3632
 dependencies   [0x0000017620a89800,0x0000017620a89878] = 120
 nul chk table  [0x0000017620a89878,0x0000017620a89a18] = 416
stack at sp + 5 slots: 0x000004005bc42468 is a zaddress: java.lang.Class 
{0x000004005bc42468} - klass: 'java/lang/Class'
 - ---- fields (total size 37 words):
 - private volatile transient 'classRedefinedCount' 'I' @12  0 (0x00000000)
 - injected 'klass' 'J' @16  2164849824 (0x000000008108fca0)
 - injected 'array_klass' 'J' @24  0 (0x0000000000000000)
 - injected 'oop_size' 'I' @32  37 (0x00000025)
 - injected 'static_oop_field_count' 'I' @36  0 (0x00000000)
 - private volatile transient 'cachedConstructor' 'Ljava/lang/reflect/Constructor;' @40  null (0x0000000000008630)
 - private transient 'name' 'Ljava/lang/String;' @48  "org.lwjgl.opengl.GL15C"{0x000004005bc42590} (0x04005bc425908930)
 - private transient 'module' 'Ljava/lang/Module;' @56  a 'java/lang/Module'{0x0000040016d94688} (0x040016d946888930)
 - private final 'classLoader' 'Ljava/lang/ClassLoader;' @64  a 'cpw/mods/cl/ModuleClassLoader'{0x0000040014800130} (0x0400148001308930)
 - private transient 'classData' 'Ljava/lang/Object;' @72  null (0x0000000000008630)
 - private transient 'packageName' 'Ljava/lang/String;' @80  "org.lwjgl.opengl"{0x00000400051eaba0} (0x0400051eaba08930)
 - private final 'componentType' 'Ljava/lang/Class;' @88  null (0x0000000000008630)
 - private volatile transient 'reflectionData' 'Ljava/lang/ref/SoftReference;' @96  null (0x0000000000008630)
 - private volatile transient 'genericInfo' 'Lsun/reflect/generics/repository/ClassRepository;' @104  null (0x0000000000008630)
 - private volatile transient 'enumConstants' '[Ljava/lang/Object;' @112  null (0x0000000000008630)
 - private volatile transient 'enumConstantDirectory' 'Ljava/util/Map;' @120  null (0x0000000000008630)
 - private volatile transient 'annotationData' 'Ljava/lang/Class$AnnotationData;' @128  null (0x0000000000008630)
 - private volatile transient 'annotationType' 'Lsun/reflect/annotation/AnnotationType;' @136  null (0x0000000000008630)
 - transient 'classValueMap' 'Ljava/lang/ClassValue$ClassValueMap;' @144  null (0x0000000000008630)
 - injected 'protection_domain' 'Ljava/lang/Object;' @152  a 'java/security/ProtectionDomain'{0x00000400051eb010} (0x0400051eb0108930)
 - injected 'signers_name' 'Ljava/lang/Object;' @160  null (0x0000000000008630)
 - injected 'source_file' 'Ljava/lang/Object;' @168  null (0x0000000000008630)
 - injected '<init_lock>' 'Ljava/lang/Object;' @176  null (0x0000000000008630)
 - signature: Lorg/lwjgl/opengl/GL15C;
 - ---- static fields (0):
 - public static final 'GL_SRC1_ALPHA' 'I' @184  34185 (0x00008589)
 - public static final 'GL_ARRAY_BUFFER' 'I' @188  34962 (0x00008892)
 - public static final 'GL_ELEMENT_ARRAY_BUFFER' 'I' @192  34963 (0x00008893)
 - public static final 'GL_ARRAY_BUFFER_BINDING' 'I' @196  34964 (0x00008894)
 - public static final 'GL_ELEMENT_ARRAY_BUFFER_BINDING' 'I' @200  34965 (0x00008895)
 - public static final 'GL_VERTEX_ATTRIB_ARRAY_BUFFER_BINDING' 'I' @204  34975 (0x0000889f)
 - public static final 'GL_STREAM_DRAW' 'I' @208  35040 (0x000088e0)
 - public static final 'GL_STREAM_READ' 'I' @212  35041 (0x000088e1)
 - public static final 'GL_STREAM_COPY' 'I' @216  35042 (0x000088e2)
 - public static final 'GL_STATIC_DRAW' 'I' @220  35044 (0x000088e4)
 - public static final 'GL_STATIC_READ' 'I' @224  35045 (0x000088e5)
 - public static final 'GL_STATIC_COPY' 'I' @228  35046 (0x000088e6)
 - public static final 'GL_DYNAMIC_DRAW' 'I' @232  35048 (0x000088e8)
 - public static final 'GL_DYNAMIC_READ' 'I' @236  35049 (0x000088e9)
 - public static final 'GL_DYNAMIC_COPY' 'I' @240  35050 (0x000088ea)
 - public static final 'GL_READ_ONLY' 'I' @244  35000 (0x000088b8)
 - public static final 'GL_WRITE_ONLY' 'I' @248  35001 (0x000088b9)
 - public static final 'GL_READ_WRITE' 'I' @252  35002 (0x000088ba)
 - public static final 'GL_BUFFER_SIZE' 'I' @256  34660 (0x00008764)
 - public static final 'GL_BUFFER_USAGE' 'I' @260  34661 (0x00008765)
 - public static final 'GL_BUFFER_ACCESS' 'I' @264  35003 (0x000088bb)
 - public static final 'GL_BUFFER_MAPPED' 'I' @268  35004 (0x000088bc)
 - public static final 'GL_BUFFER_MAP_POINTER' 'I' @272  35005 (0x000088bd)
 - public static final 'GL_SAMPLES_PASSED' 'I' @276  35092 (0x00008914)
 - public static final 'GL_QUERY_COUNTER_BITS' 'I' @280  34916 (0x00008864)
 - public static final 'GL_CURRENT_QUERY' 'I' @284  34917 (0x00008865)
 - public static final 'GL_QUERY_RESULT' 'I' @288  34918 (0x00008866)
 - public static final 'GL_QUERY_RESULT_AVAILABLE' 'I' @292  34919 (0x00008867)
stack at sp + 6 slots: 0x00007ffdfb6834f1 ntdll.dll
stack at sp + 7 slots: 0x0000003717cfdd38 is pointing into the stack for thread: 0x0000017619c83ba0


Compiled method (n/a) 32098 24615     n 0       org.lwjgl.opengl.GL11C::nglDrawElements (native)
 total in heap  [0x00000176270f8c10,0x00000176270f8fe0] = 976
 relocation     [0x00000176270f8d70,0x00000176270f8da8] = 56
 main code      [0x00000176270f8dc0,0x00000176270f8fd7] = 535
 stub code      [0x00000176270f8fd7,0x00000176270f8fd8] = 1
 oops           [0x00000176270f8fd8,0x00000176270f8fe0] = 8

[Constant Pool (empty)]

[MachCode]
[Entry Point]
  # {method} {0x0000017a33047068} 'nglDrawElements' '(IIIJ)V' in 'org/lwjgl/opengl/GL11C'
  # parm0:    rdx       = int
  # parm1:    r8        = int
  # parm2:    r9        = int
  # parm3:    rdi:rdi   = long
  #           [sp+0x80]  (sp of caller)
  0x00000176270f8dc0: 448b 5208 | 493b c20f | 840b 0000 

  0x00000176270f8dcc: ;   {runtime_call ic_miss_stub}
  0x00000176270f8dcc: 00e9 ae58 | 41fe 660f | 1f44 0000 
[Verified Entry Point]
  0x00000176270f8dd8: 8984 2400 | 80ff ff55 | 488b ec48 | 83ec 7090 | 4181 7f58 | 2086 0000 

  0x00000176270f8df0: ;   {runtime_call StubRoutines (final stubs)}
  0x00000176270f8df0: 7405 e8a9 | 6540 fe48 | 897c 2428 | 4c89 4c24 | 204d 8bc8 

  0x00000176270f8e04: ;   {oop(a 'java/lang/Class'{0x0000040005006138} = 'org/lwjgl/opengl/GL11C')}
  0x00000176270f8e04: 4c8b c249 | be38 6100 | 0500 0400 | 004c 8974 | 2460 4c8d | 7424 6049 | 8bd6 c5f8 

  0x00000176270f8e20: ;   {internal_word}
  0x00000176270f8e20: 7749 ba1e | 8e0f 2776 | 0100 004d | 8997 a003 | 0000 4989 | a798 0300 

  0x00000176270f8e38: ;   {external_word}
  0x00000176270f8e38: 0049 ba2f | dc50 d5fc | 7f00 0041 | 803a 000f | 844e 0000 | 0052 4150 

  0x00000176270f8e50: ;   {metadata({method} {0x0000017a33047068} 'nglDrawElements' '(IIIJ)V' in 'org/lwjgl/opengl/GL11C')}
  0x00000176270f8e50: 4151 48ba | 6070 0433 | 7a01 0000 | 498b cf48 | 83ec 2040 | f6c4 0f0f | 8419 0000 | 0048 83ec 
  0x00000176270f8e70: ;   {runtime_call}
  0x00000176270f8e70: 0848 b830 | bbfa d4fc | 7f00 00ff | d048 83c4 | 08e9 0c00 

  0x00000176270f8e84: ;   {runtime_call}
  0x00000176270f8e84: 0000 48b8 | 30bb fad4 | fc7f 0000 | ffd0 4883 | c420 4159 | 4158 5a49 | 8d8f b803 | 0000 41c7 
  0x00000176270f8ea4: 8744 0400 | 0004 0000 

  0x00000176270f8eac: ;   {runtime_call}
  0x00000176270f8eac: 0048 b8e0 | c616 6cfd | 7f00 00ff | d0c5 f877 | 41c7 8744 | 0400 0005 | 0000 00f0 | 8344 24c0 
  0x00000176270f8ecc: 0049 3baf | 4804 0000 | 0f87 0e00 | 0000 4183 | bf40 0400 | 0000 0f84 | 2000 0000 | c5f8 7749 
  0x00000176270f8eec: 8bcf 4c8b | e448 83ec | 2048 83e4 

  0x00000176270f8ef8: ;   {runtime_call}
  0x00000176270f8ef8: f048 b8f0 | 27c6 d4fc | 7f00 00ff | d049 8be4 | 41c7 8744 | 0400 0008 | 0000 0041 | 83bf c004 
  0x00000176270f8f18: 0000 020f | 8494 0000 

  0x00000176270f8f20: ;   {external_word}
  0x00000176270f8f20: 0049 ba2f | dc50 d5fc | 7f00 0041 | 803a 000f | 8444 0000 

  0x00000176270f8f34: ;   {metadata({method} {0x0000017a33047068} 'nglDrawElements' '(IIIJ)V' in 'org/lwjgl/opengl/GL11C')}
  0x00000176270f8f34: 0048 ba60 | 7004 337a | 0100 0049 | 8bcf 4883 | ec20 40f6 | c40f 0f84 | 1900 0000 | 4883 ec08 
  0x00000176270f8f54: ;   {runtime_call}
  0x00000176270f8f54: 48b8 30bb | fad4 fc7f | 0000 ffd0 | 4883 c408 | e90c 0000 

  0x00000176270f8f68: ;   {runtime_call}
  0x00000176270f8f68: 0048 b830 | bbfa d4fc | 7f00 00ff | d048 83c4 | 2049 c787 | 9803 0000 | 0000 0000 | 49c7 87a0 
  0x00000176270f8f88: 0300 0000 | 0000 00c5 | f877 498b | 8f28 0400 | 00c7 8100 | 0100 0000 | 0000 00c9 | 4983 7f08 
  0x00000176270f8fa8: 000f 8501 | 0000 00c3 

  0x00000176270f8fb0: ;   {runtime_call StubRoutines (initial stubs)}
  0x00000176270f8fb0: e94b 7f3c | fec5 f877 | 4c8b e448 | 83ec 2048 

  0x00000176270f8fc0: ;   {runtime_call}
  0x00000176270f8fc0: 83e4 f048 | b800 f3fa | d4fc 7f00 | 00ff d049 | 8be4 e94a | ffff fff4 
[/MachCode]


Compiled method (c1) 32102 24966       3       org.lwjgl.opengl.GL11C::glDrawElements (8 bytes)
 total in heap  [0x0000017620119a90,0x0000017620119dd8] = 840
 relocation     [0x0000017620119bf0,0x0000017620119c30] = 64
 main code      [0x0000017620119c40,0x0000017620119d18] = 216
 stub code      [0x0000017620119d18,0x0000017620119d58] = 64
 oops           [0x0000017620119d58,0x0000017620119d60] = 8
 metadata       [0x0000017620119d60,0x0000017620119d68] = 8
 scopes data    [0x0000017620119d68,0x0000017620119d90] = 40
 scopes pcs     [0x0000017620119d90,0x0000017620119dd0] = 64
 dependencies   [0x0000017620119dd0,0x0000017620119dd8] = 8

[Constant Pool (empty)]

[MachCode]
[Verified Entry Point]
  # {method} {0x0000017a33047150} 'glDrawElements' '(IIIJ)V' in 'org/lwjgl/opengl/GL11C'
  # parm0:    rdx       = int
  # parm1:    r8        = int
  # parm2:    r9        = int
  # parm3:    rdi:rdi   = long
  #           [sp+0x50]  (sp of caller)
  0x0000017620119c40: 8984 2400 | 80ff ff55 | 4883 ec40 | 4181 7f58 | 2086 0000 

  0x0000017620119c54: ;   {runtime_call StubRoutines (final stubs)}
  0x0000017620119c54: 7405 e845 

  0x0000017620119c58: ;   {metadata(method data for {method} {0x0000017a33047150} 'glDrawElements' '(IIIJ)V' in 'org/lwjgl/opengl/GL11C')}
  0x0000017620119c58: 573e 0548 | be58 db8f | b37a 0100 | 008b 9ecc | 0000 0083 | c302 899e | cc00 0000 | 81e3 fe07 
  0x0000017620119c78: 0000 85db | 0f84 3500 

  0x0000017620119c80: ;   {metadata(method data for {method} {0x0000017a33047150} 'glDrawElements' '(IIIJ)V' in 'org/lwjgl/opengl/GL11C')}
  0x0000017620119c80: 0000 48be | 58db 8fb3 | 7a01 0000 | 4883 8610 | 0100 0001 

  0x0000017620119c94: ;   {static_call}
  0x0000017620119c94: 6666 90e8 

  0x0000017620119c98: ; ImmutableOopMap {}
                      ;*invokestatic nglDrawElements {reexecute=0 rethrow=0 return_oop=0}
                      ; - org.lwjgl.opengl.GL11C::glDrawElements@4 (line 543)
  0x0000017620119c98: 3cf1 fd06 

  0x0000017620119c9c: ;   {other}
  0x0000017620119c9c: 0f1f 8400 | 0c02 0000 | 4883 c440 

  0x0000017620119ca8: ;   {poll_return}
  0x0000017620119ca8: 5d49 3ba7 | 4804 0000 | 0f87 1f00 

  0x0000017620119cb4: ;   {metadata({method} {0x0000017a33047150} 'glDrawElements' '(IIIJ)V' in 'org/lwjgl/opengl/GL11C')}
  0x0000017620119cb4: 0000 c349 | ba48 7104 | 337a 0100 | 004c 8954 | 2408 48c7 | 0424 ffff 

  0x0000017620119ccc: ;   {runtime_call counter_overflow Runtime1 stub}
  0x0000017620119ccc: ffff e82d 

  0x0000017620119cd0: ; ImmutableOopMap {}
                      ;*synchronization entry
                      ; - org.lwjgl.opengl.GL11C::glDrawElements@-1 (line 543)
  0x0000017620119cd0: 804b 05eb 

  0x0000017620119cd4: ;   {internal_word}
  0x0000017620119cd4: ad49 baa9 | 9c11 2076 | 0100 004d | 8997 6004 

  0x0000017620119ce4: ;   {runtime_call SafepointBlob}
  0x0000017620119ce4: 0000 e995 | c43f 0549 | 8b87 f804 | 0000 49c7 | 87f8 0400 | 0000 0000 | 0049 c787 | 0005 0000 
  0x0000017620119d04: 0000 0000 | 4883 c440 

  0x0000017620119d0c: ;   {runtime_call unwind_exception Runtime1 stub}
  0x0000017620119d0c: 5de9 6e0e | 4b05 f4f4 | f4f4 f4f4 
[Stub Code]
  0x0000017620119d18: ;   {no_reloc}
  0x0000017620119d18: 48bb 0000 | 0000 0000 

  0x0000017620119d20: ;   {runtime_call nmethod}
  0x0000017620119d20: 0000 e9fb 

  0x0000017620119d24: ;   {runtime_call handle_exception_from_callee Runtime1 stub}
  0x0000017620119d24: ffff ffe8 | 5443 4b05 

  0x0000017620119d2c: ;   {external_word}
  0x0000017620119d2c: 48b9 d0ef | 26d5 fc7f | 0000 4883 

  0x0000017620119d38: ;   {runtime_call}
  0x0000017620119d38: e4f0 48b8 | 10ad e9d4 | fc7f 0000 

  0x0000017620119d44: ;   {section_word}
  0x0000017620119d44: ffd0 f449 | ba47 9d11 | 2076 0100 

  0x0000017620119d50: ;   {runtime_call DeoptimizationBlob}
  0x0000017620119d50: 0041 52e9 | c8d8 3f05 
[/MachCode]


Compiled method (c1) 32103 24965       3       org.lwjgl.opengl.GL11::glDrawElements (8 bytes)
 total in heap  [0x0000017620119710,0x0000017620119a58] = 840
 relocation     [0x0000017620119870,0x00000176201198b0] = 64
 main code      [0x00000176201198c0,0x0000017620119998] = 216
 stub code      [0x0000017620119998,0x00000176201199d8] = 64
 oops           [0x00000176201199d8,0x00000176201199e0] = 8
 metadata       [0x00000176201199e0,0x00000176201199e8] = 8
 scopes data    [0x00000176201199e8,0x0000017620119a10] = 40
 scopes pcs     [0x0000017620119a10,0x0000017620119a50] = 64
 dependencies   [0x0000017620119a50,0x0000017620119a58] = 8

[Constant Pool (empty)]

[MachCode]
[Verified Entry Point]
  # {method} {0x0000017a330086d0} 'glDrawElements' '(IIIJ)V' in 'org/lwjgl/opengl/GL11'
  # parm0:    rdx       = int
  # parm1:    r8        = int
  # parm2:    r9        = int
  # parm3:    rdi:rdi   = long
  #           [sp+0x50]  (sp of caller)
  0x00000176201198c0: 8984 2400 | 80ff ff55 | 4883 ec40 | 4181 7f58 | 2086 0000 

  0x00000176201198d4: ;   {runtime_call StubRoutines (final stubs)}
  0x00000176201198d4: 7405 e8c5 

  0x00000176201198d8: ;   {metadata(method data for {method} {0x0000017a330086d0} 'glDrawElements' '(IIIJ)V' in 'org/lwjgl/opengl/GL11')}
  0x00000176201198d8: 5a3e 0548 | bed8 d98f | b37a 0100 | 008b 9ecc | 0000 0083 | c302 899e | cc00 0000 | 81e3 fe07 
  0x00000176201198f8: 0000 85db | 0f84 3500 

  0x0000017620119900: ;   {metadata(method data for {method} {0x0000017a330086d0} 'glDrawElements' '(IIIJ)V' in 'org/lwjgl/opengl/GL11')}
  0x0000017620119900: 0000 48be | d8d9 8fb3 | 7a01 0000 | 4883 8610 | 0100 0001 

  0x0000017620119914: ;   {static_call}
  0x0000017620119914: 6666 90e8 

  0x0000017620119918: ; ImmutableOopMap {}
                      ;*invokestatic glDrawElements {reexecute=0 rethrow=0 return_oop=0}
                      ; - org.lwjgl.opengl.GL11::glDrawElements@4 (line 1870)
  0x0000017620119918: 2403 0000 

  0x000001762011991c: ;   {other}
  0x000001762011991c: 0f1f 8400 | 0c02 0000 | 4883 c440 

  0x0000017620119928: ;   {poll_return}
  0x0000017620119928: 5d49 3ba7 | 4804 0000 | 0f87 1f00 

  0x0000017620119934: ;   {metadata({method} {0x0000017a330086d0} 'glDrawElements' '(IIIJ)V' in 'org/lwjgl/opengl/GL11')}
  0x0000017620119934: 0000 c349 | bac8 8600 | 337a 0100 | 004c 8954 | 2408 48c7 | 0424 ffff 

  0x000001762011994c: ;   {runtime_call counter_overflow Runtime1 stub}
  0x000001762011994c: ffff e8ad 

  0x0000017620119950: ; ImmutableOopMap {}
                      ;*synchronization entry
                      ; - org.lwjgl.opengl.GL11::glDrawElements@-1 (line 1870)
  0x0000017620119950: 834b 05eb 

  0x0000017620119954: ;   {internal_word}
  0x0000017620119954: ad49 ba29 | 9911 2076 | 0100 004d | 8997 6004 

  0x0000017620119964: ;   {runtime_call SafepointBlob}
  0x0000017620119964: 0000 e915 | c83f 0549 | 8b87 f804 | 0000 49c7 | 87f8 0400 | 0000 0000 | 0049 c787 | 0005 0000 
  0x0000017620119984: 0000 0000 | 4883 c440 

  0x000001762011998c: ;   {runtime_call unwind_exception Runtime1 stub}
  0x000001762011998c: 5de9 ee11 | 4b05 f4f4 | f4f4 f4f4 
[Stub Code]
  0x0000017620119998: ;   {no_reloc}
  0x0000017620119998: 48bb 0000 | 0000 0000 

  0x00000176201199a0: ;   {runtime_call nmethod}
  0x00000176201199a0: 0000 e9fb 

  0x00000176201199a4: ;   {runtime_call handle_exception_from_callee Runtime1 stub}
  0x00000176201199a4: ffff ffe8 | d446 4b05 

  0x00000176201199ac: ;   {external_word}
  0x00000176201199ac: 48b9 d0ef | 26d5 fc7f | 0000 4883 

  0x00000176201199b8: ;   {runtime_call}
  0x00000176201199b8: e4f0 48b8 | 10ad e9d4 | fc7f 0000 

  0x00000176201199c4: ;   {section_word}
  0x00000176201199c4: ffd0 f449 | bac7 9911 | 2076 0100 

  0x00000176201199d0: ;   {runtime_call DeoptimizationBlob}
  0x00000176201199d0: 0041 52e9 | 48dc 3f05 
[/MachCode]


---------------  P R O C E S S  ---------------

Threads class SMR info:
_java_thread_list=0x0000017a90700af0, length=134, elements={
0x0000017619c83ba0, 0x000001761a1c0040, 0x000001761a1c26b0, 0x000001761a1f4fc0,
0x000001761a1f0b00, 0x000001761a1cd130, 0x000001761a1cd790, 0x000001761a1e00e0,
0x000001761a2433b0, 0x000001761a244a60, 0x0000017a301caf70, 0x0000017a30223050,
0x0000017a301cb600, 0x0000017a301cbc90, 0x0000017a301cc320, 0x0000017a301cd040,
0x0000017a301cdd60, 0x0000017a301ca8e0, 0x0000017a36c2e2d0, 0x0000017a36c29410,
0x0000017a36c2d5b0, 0x0000017a36c29aa0, 0x0000017a36c2bb70, 0x0000017a36c28060,
0x0000017a36c28d80, 0x0000017a36c2eff0, 0x0000017a36c2f680, 0x0000017a36c2a130,
0x00000176030552b0, 0x000001760304f6d0, 0x0000017603054c20, 0x0000017603055fd0,
0x0000017603053f00, 0x0000017603054590, 0x000001760304fd60, 0x00000176030524c0,
0x0000017a36c2e960, 0x000001760bb61420, 0x000001760bb634f0, 0x000001760bb62e60,
0x000001760bb655c0, 0x000001760bb67000, 0x000001760bb60070, 0x000001760bb60700,
0x00000176049ed9f0, 0x00000176049ee710, 0x00000176049ed360, 0x00000176049f0150,
0x0000017603055940, 0x0000017603051110, 0x0000017603051e30, 0x000001760304e9b0,
0x00000176030517a0, 0x0000017603050a80, 0x0000017603052b50, 0x00000176030531e0,
0x0000017603053870, 0x0000017a36c2cf20, 0x0000017a36c2dc40, 0x0000017a36c2ae50,
0x0000017a36c2c200, 0x0000017a36c2b4e0, 0x0000017a36c2c890, 0x0000017a36c2a7c0,
0x0000017a301cc9b0, 0x000001760bb662e0, 0x000001760bb67690, 0x0000017a3612eec0,
0x0000017a3612f550, 0x0000017a3612db10, 0x0000017a3612e830, 0x0000017a3612fbe0,
0x0000017a3612ad20, 0x0000017a3612c0d0, 0x0000017a36129970, 0x0000017616b03c80,
0x0000017616b056c0, 0x0000017616b08b40, 0x0000017616b0b2a0, 0x0000017616b063e0,
0x0000017616b049a0, 0x0000017616b09860, 0x0000017616b07100, 0x0000017616b07e20,
0x0000017616b0a580, 0x0000017616b0ac10, 0x0000017616b04310, 0x00000176049ea570,
0x00000176049efac0, 0x00000176030503f0, 0x0000017a36c286f0, 0x0000017a301cd6d0,
0x0000017a8f927fb0, 0x0000017a8f926c00, 0x0000017a8f92a710, 0x0000017a8f927290,
0x0000017a8f92ada0, 0x0000017a8f925850, 0x0000017a8f9251c0, 0x0000017a8f928640,
0x0000017a8f92a080, 0x0000017a8f928cd0, 0x0000017a8f92b430, 0x0000017a8f929360,
0x0000017a8f925ee0, 0x0000017a8f92bac0, 0x0000017a8f927920, 0x0000017a8f92c150,
0x0000017a8f92c7e0, 0x0000017a8fcda740, 0x0000017a8fcda0b0, 0x0000017a8fcd37b0,
0x0000017a8fcd9390, 0x0000017a8fcd5f10, 0x0000017a8fcd7fe0, 0x0000017abfe71d10,
0x0000017abfe778f0, 0x0000017abfe75820, 0x0000017abfe74470, 0x0000017abfe77260,
0x0000017abfe730c0, 0x0000017abfe78610, 0x0000017abfe73750, 0x0000017ab96545a0,
0x0000017a8f9299f0, 0x0000017607f47f80, 0x0000017607f4ad70, 0x0000017607f48ca0,
0x0000017607f49330, 0x0000017607f4a050, 0x0000017607f45820, 0x0000017607f45eb0,
0x0000017607f4a6e0, 0x0000017607f47260
}

Java Threads: ( => current thread )
=>0x0000017619c83ba0 JavaThread "Render thread"                     [_thread_in_native, id=30084, stack(0x0000003717c00000,0x0000003717d00000) (1024K)]
  0x000001761a1c0040 JavaThread "Reference Handler"          daemon [_thread_blocked, id=25280, stack(0x0000003719700000,0x0000003719800000) (1024K)]
  0x000001761a1c26b0 JavaThread "Finalizer"                  daemon [_thread_blocked, id=29476, stack(0x0000003719800000,0x0000003719900000) (1024K)]
  0x000001761a1f4fc0 JavaThread "Signal Dispatcher"          daemon [_thread_blocked, id=29156, stack(0x0000003719900000,0x0000003719a00000) (1024K)]
  0x000001761a1f0b00 JavaThread "Attach Listener"            daemon [_thread_blocked, id=31224, stack(0x0000003719a00000,0x0000003719b00000) (1024K)]
  0x000001761a1cd130 JavaThread "Service Thread"             daemon [_thread_blocked, id=17812, stack(0x0000003719b00000,0x0000003719c00000) (1024K)]
  0x000001761a1cd790 JavaThread "Monitor Deflation Thread"   daemon [_thread_blocked, id=19964, stack(0x0000003719c00000,0x0000003719d00000) (1024K)]
  0x000001761a1e00e0 JavaThread "C2 CompilerThread0"         daemon [_thread_blocked, id=25032, stack(0x0000003719d00000,0x0000003719e00000) (1024K)]
  0x000001761a2433b0 JavaThread "C1 CompilerThread0"         daemon [_thread_blocked, id=2220, stack(0x0000003719e00000,0x0000003719f00000) (1024K)]
  0x000001761a244a60 JavaThread "C1 CompilerThread1"         daemon [_thread_blocked, id=19612, stack(0x0000003719f00000,0x000000371a000000) (1024K)]
  0x0000017a301caf70 JavaThread "Common-Cleaner"             daemon [_thread_blocked, id=31528, stack(0x000000371a000000,0x000000371a100000) (1024K)]
  0x0000017a30223050 JavaThread "C1 CompilerThread2"         daemon [_thread_blocked, id=7216, stack(0x000000371a100000,0x000000371a200000) (1024K)]
  0x0000017a301cb600 JavaThread "Notification Thread"        daemon [_thread_blocked, id=2728, stack(0x000000371a700000,0x000000371a800000) (1024K)]
  0x0000017a301cbc90 JavaThread "ForkJoinPool.commonPool-worker-1" daemon [_thread_blocked, id=18712, stack(0x000000371ac00000,0x000000371ad00000) (1024K)]
  0x0000017a301cc320 JavaThread "ForkJoinPool.commonPool-worker-2" daemon [_thread_blocked, id=7500, stack(0x000000371ad00000,0x000000371ae00000) (1024K)]
  0x0000017a301cd040 JavaThread "ForkJoinPool.commonPool-worker-3" daemon [_thread_blocked, id=25432, stack(0x000000371ae00000,0x000000371af00000) (1024K)]
  0x0000017a301cdd60 JavaThread "ForkJoinPool.commonPool-worker-4" daemon [_thread_blocked, id=24384, stack(0x000000371af00000,0x000000371b000000) (1024K)]
  0x0000017a301ca8e0 JavaThread "ForkJoinPool.commonPool-worker-5" daemon [_thread_blocked, id=8164, stack(0x000000371b000000,0x000000371b100000) (1024K)]
  0x0000017a36c2e2d0 JavaThread "ForkJoinPool.commonPool-worker-6" daemon [_thread_blocked, id=26792, stack(0x000000371b100000,0x000000371b200000) (1024K)]
  0x0000017a36c29410 JavaThread "ForkJoinPool.commonPool-worker-7" daemon [_thread_blocked, id=31008, stack(0x000000371b200000,0x000000371b300000) (1024K)]
  0x0000017a36c2d5b0 JavaThread "ForkJoinPool.commonPool-worker-8" daemon [_thread_blocked, id=28336, stack(0x000000371b300000,0x000000371b400000) (1024K)]
  0x0000017a36c29aa0 JavaThread "ForkJoinPool.commonPool-worker-9" daemon [_thread_blocked, id=24824, stack(0x000000371b400000,0x000000371b500000) (1024K)]
  0x0000017a36c2bb70 JavaThread "ForkJoinPool.commonPool-worker-10" daemon [_thread_blocked, id=25980, stack(0x000000371b500000,0x000000371b600000) (1024K)]
  0x0000017a36c28060 JavaThread "ForkJoinPool.commonPool-worker-11" daemon [_thread_blocked, id=27584, stack(0x000000371b600000,0x000000371b700000) (1024K)]
  0x0000017a36c28d80 JavaThread "ForkJoinPool.commonPool-worker-13" daemon [_thread_blocked, id=29200, stack(0x000000371b700000,0x000000371b800000) (1024K)]
  0x0000017a36c2eff0 JavaThread "ForkJoinPool.commonPool-worker-15" daemon [_thread_blocked, id=15612, stack(0x000000371b800000,0x000000371b900000) (1024K)]
  0x0000017a36c2f680 JavaThread "ForkJoinPool.commonPool-worker-12" daemon [_thread_blocked, id=17416, stack(0x000000371b900000,0x000000371ba00000) (1024K)]
  0x0000017a36c2a130 JavaThread "ForkJoinPool.commonPool-worker-14" daemon [_thread_blocked, id=31104, stack(0x000000371ba00000,0x000000371bb00000) (1024K)]
  0x00000176030552b0 JavaThread "c2me-worker-0"              daemon [_thread_blocked, id=29580, stack(0x000000371cf00000,0x000000371d000000) (1024K)]
  0x000001760304f6d0 JavaThread "c2me-worker-1"              daemon [_thread_blocked, id=28144, stack(0x000000371d000000,0x000000371d100000) (1024K)]
  0x0000017603054c20 JavaThread "c2me-worker-2"              daemon [_thread_blocked, id=31540, stack(0x000000371d100000,0x000000371d200000) (1024K)]
  0x0000017603055fd0 JavaThread "c2me-worker-3"              daemon [_thread_blocked, id=11760, stack(0x000000371d200000,0x000000371d300000) (1024K)]
  0x0000017603053f00 JavaThread "c2me-worker-4"              daemon [_thread_blocked, id=18628, stack(0x000000371d300000,0x000000371d400000) (1024K)]
  0x0000017603054590 JavaThread "c2me-worker-5"              daemon [_thread_blocked, id=6468, stack(0x000000371d400000,0x000000371d500000) (1024K)]
  0x000001760304fd60 JavaThread "c2me-worker-6"              daemon [_thread_blocked, id=16688, stack(0x000000371d500000,0x000000371d600000) (1024K)]
  0x00000176030524c0 JavaThread "c2me-worker-7"              daemon [_thread_blocked, id=29604, stack(0x000000371d600000,0x000000371d700000) (1024K)]
  0x0000017a36c2e960 JavaThread "c2me-worker-8"              daemon [_thread_blocked, id=23364, stack(0x000000371d700000,0x000000371d800000) (1024K)]
  0x000001760bb61420 JavaThread "c2me-sched"                 daemon [_thread_blocked, id=20568, stack(0x000000371d800000,0x000000371d900000) (1024K)]
  0x000001760bb634f0 JavaThread "JNA Cleaner"                daemon [_thread_blocked, id=7408, stack(0x000000371dc00000,0x000000371dd00000) (1024K)]
  0x000001760bb62e60 JavaThread "pool-19-thread-1"                  [_thread_blocked, id=19884, stack(0x000000371de00000,0x000000371df00000) (1024K)]
  0x000001760bb655c0 JavaThread "EuphoriaConfigWatcher"      daemon [_thread_blocked, id=808, stack(0x000000371df00000,0x000000371e000000) (1024K)]
  0x000001760bb67000 JavaThread "EuphoriaPatcher-FileWriter" daemon [_thread_blocked, id=11428, stack(0x000000371a600000,0x000000371a700000) (1024K)]
  0x000001760bb60070 JavaThread "Datafixer Bootstrap"        daemon [_thread_blocked, id=8656, stack(0x000000371e100000,0x000000371e200000) (1024K)]
  0x000001760bb60700 JavaThread "JNA Cleaner"                daemon [_thread_blocked, id=1496, stack(0x000000371db00000,0x000000371dc00000) (1024K)]
  0x00000176049ed9f0 JavaThread "Timer hack thread"          daemon [_thread_blocked, id=23652, stack(0x000000371e200000,0x000000371e300000) (1024K)]
  0x00000176049ee710 JavaThread "Yggdrasil Key Fetcher"      daemon [_thread_blocked, id=19712, stack(0x000000371e600000,0x000000371e700000) (1024K)]
  0x00000176049ed360 JavaThread "Download-1"                 daemon [_thread_blocked, id=20344, stack(0x000000371e700000,0x000000371e800000) (1024K)]
  0x00000176049f0150 JavaThread "Download-2"                 daemon [_thread_blocked, id=29648, stack(0x000000371e800000,0x000000371e900000) (1024K)]
  0x0000017603055940 JavaThread "modloading-worker-0"        daemon [_thread_blocked, id=25100, stack(0x000000371a900000,0x000000371aa00000) (1024K)]
  0x0000017603051110 JavaThread "modloading-worker-0"        daemon [_thread_blocked, id=18880, stack(0x000000371aa00000,0x000000371ab00000) (1024K)]
  0x0000017603051e30 JavaThread "modloading-worker-0"        daemon [_thread_blocked, id=26200, stack(0x000000371ab00000,0x000000371ac00000) (1024K)]
  0x000001760304e9b0 JavaThread "modloading-worker-0"        daemon [_thread_blocked, id=8032, stack(0x000000371c100000,0x000000371c200000) (1024K)]
  0x00000176030517a0 JavaThread "modloading-worker-0"        daemon [_thread_blocked, id=14824, stack(0x000000371c200000,0x000000371c300000) (1024K)]
  0x0000017603050a80 JavaThread "modloading-worker-0"        daemon [_thread_blocked, id=16804, stack(0x000000371c300000,0x000000371c400000) (1024K)]
  0x0000017603052b50 JavaThread "modloading-worker-0"        daemon [_thread_blocked, id=20276, stack(0x000000371c400000,0x000000371c500000) (1024K)]
  0x00000176030531e0 JavaThread "modloading-worker-0"        daemon [_thread_blocked, id=31204, stack(0x000000371c500000,0x000000371c600000) (1024K)]
  0x0000017603053870 JavaThread "modloading-worker-0"        daemon [_thread_blocked, id=25564, stack(0x000000371c600000,0x000000371c700000) (1024K)]
  0x0000017a36c2cf20 JavaThread "modloading-worker-0"        daemon [_thread_blocked, id=6936, stack(0x000000371c700000,0x000000371c800000) (1024K)]
  0x0000017a36c2dc40 JavaThread "modloading-worker-0"        daemon [_thread_blocked, id=28320, stack(0x000000371c800000,0x000000371c900000) (1024K)]
  0x0000017a36c2ae50 JavaThread "modloading-worker-0"        daemon [_thread_blocked, id=17992, stack(0x000000371c900000,0x000000371ca00000) (1024K)]
  0x0000017a36c2c200 JavaThread "modloading-worker-0"        daemon [_thread_blocked, id=12336, stack(0x000000371ca00000,0x000000371cb00000) (1024K)]
  0x0000017a36c2b4e0 JavaThread "modloading-worker-0"        daemon [_thread_blocked, id=22152, stack(0x000000371cb00000,0x000000371cc00000) (1024K)]
  0x0000017a36c2c890 JavaThread "modloading-worker-0"        daemon [_thread_blocked, id=11228, stack(0x000000371cc00000,0x000000371cd00000) (1024K)]
  0x0000017a36c2a7c0 JavaThread "modloading-worker-0"        daemon [_thread_blocked, id=12696, stack(0x000000371cd00000,0x000000371ce00000) (1024K)]
  0x0000017a301cc9b0 JavaThread "Java2D Disposer"            daemon [_thread_blocked, id=1724, stack(0x000000371ce00000,0x000000371cf00000) (1024K)]
  0x000001760bb662e0 JavaThread "AWT-Windows"                daemon [_thread_in_native, id=8172, stack(0x000000371ea00000,0x000000371eb00000) (1024K)]
  0x000001760bb67690 JavaThread "WaterConfig-Worker"         daemon [_thread_blocked, id=8000, stack(0x000000371eb00000,0x000000371ec00000) (1024K)]
  0x0000017a3612eec0 JavaThread "WaterConfig-IO"             daemon [_thread_blocked, id=8540, stack(0x000000371ec00000,0x000000371ed00000) (1024K)]
  0x0000017a3612f550 JavaThread "FileSystemWatchService"     daemon [_thread_in_native, id=6448, stack(0x000000371ed00000,0x000000371ee00000) (1024K)]
  0x0000017a3612db10 JavaThread "HttpClient-1-SelectorManager" daemon [_thread_in_native, id=31184, stack(0x000000371ee00000,0x000000371ef00000) (1024K)]
  0x0000017a3612e830 JavaThread "FileSystemWatchService"     daemon [_thread_in_native, id=28608, stack(0x000000371ef00000,0x000000371f000000) (1024K)]
  0x0000017a3612fbe0 JavaThread "config-file-watcher-0-0"    daemon [_thread_blocked, id=25900, stack(0x000000371f000000,0x000000371f100000) (1024K)]
  0x0000017a3612ad20 JavaThread "HttpClient-1-Worker-0"      daemon [_thread_blocked, id=29620, stack(0x000000371f100000,0x000000371f200000) (1024K)]
  0x0000017a3612c0d0 JavaThread "HttpClient-1-Worker-1"      daemon [_thread_blocked, id=30928, stack(0x000000371f200000,0x000000371f300000) (1024K)]
  0x0000017a36129970 JavaThread "JEI Config File Watcher"    daemon [_thread_blocked, id=4780, stack(0x000000371f300000,0x000000371f400000) (1024K)]
  0x0000017616b03c80 JavaThread "HttpClient-2-SelectorManager" daemon [_thread_in_native, id=31640, stack(0x000000371f700000,0x000000371f800000) (1024K)]
  0x0000017616b056c0 JavaThread "FancyMenu-WebUtils-Thread"  daemon [_thread_blocked, id=25800, stack(0x000000371f900000,0x000000371fa00000) (1024K)]
  0x0000017616b08b40 JavaThread "HttpClient-2-Worker-0"      daemon [_thread_blocked, id=23168, stack(0x000000371fa00000,0x000000371fb00000) (1024K)]
  0x0000017616b0b2a0 JavaThread "HttpClient-2-Worker-1"      daemon [_thread_blocked, id=25540, stack(0x000000371fb00000,0x000000371fc00000) (1024K)]
  0x0000017616b063e0 JavaThread "SentryHostnameCache-0"      daemon [_thread_blocked, id=24496, stack(0x000000371fc00000,0x000000371fd00000) (1024K)]
  0x0000017616b049a0 JavaThread "FTB Backups Config Watcher 0" daemon [_thread_blocked, id=31040, stack(0x000000371fd00000,0x000000371fe00000) (1024K)]
  0x0000017616b09860 JavaThread "FileSystemWatchService"     daemon [_thread_in_native, id=31504, stack(0x000000371fe00000,0x000000371ff00000) (1024K)]
  0x0000017616b07100 JavaThread "FTB Backups scheduled executor 0" daemon [_thread_blocked, id=23432, stack(0x000000371ff00000,0x0000003720000000) (1024K)]
  0x0000017616b07e20 JavaThread "ftbbackups2_Worker-1"       daemon [_thread_blocked, id=29588, stack(0x000000371f800000,0x000000371f900000) (1024K)]
  0x0000017616b0a580 JavaThread "ftbbackups2_QuartzSchedulerThread" daemon [_thread_blocked, id=13652, stack(0x0000003720000000,0x0000003720100000) (1024K)]
  0x0000017616b0ac10 JavaThread "Timer-0"                    daemon [_thread_blocked, id=20260, stack(0x0000003720100000,0x0000003720200000) (1024K)]
  0x0000017616b04310 JavaThread "FileSystemWatchService"     daemon [_thread_in_native, id=27004, stack(0x0000003720200000,0x0000003720300000) (1024K)]
  0x00000176049ea570 JavaThread "JavaCPP Deallocator"        daemon [_thread_blocked, id=27348, stack(0x000000371a200000,0x000000371a300000) (1024K)]
  0x00000176049efac0 JavaThread "modloading-sync-worker"     daemon [_thread_blocked, id=30696, stack(0x000000371a800000,0x000000371a900000) (1024K)]
  0x00000176030503f0 JavaThread "Sound engine"               daemon [_thread_blocked, id=27908, stack(0x000000371f500000,0x000000371f600000) (1024K)]
  0x0000017a36c286f0 JavaThread "Worker-Main-1"              daemon [_thread_blocked, id=26444, stack(0x000000371f400000,0x000000371f500000) (1024K)]
  0x0000017a301cd6d0 JavaThread "Worker-Main-2"              daemon [_thread_blocked, id=27104, stack(0x000000371da00000,0x000000371db00000) (1024K)]
  0x0000017a8f927fb0 JavaThread "Worker-Main-3"              daemon [_thread_blocked, id=12080, stack(0x000000371e900000,0x000000371ea00000) (1024K)]
  0x0000017a8f926c00 JavaThread "Worker-Main-4"              daemon [_thread_blocked, id=20048, stack(0x000000371f600000,0x000000371f700000) (1024K)]
  0x0000017a8f92a710 JavaThread "Worker-Main-5"              daemon [_thread_blocked, id=22904, stack(0x0000003720300000,0x0000003720400000) (1024K)]
  0x0000017a8f927290 JavaThread "Worker-Main-6"              daemon [_thread_blocked, id=31092, stack(0x0000003720400000,0x0000003720500000) (1024K)]
  0x0000017a8f92ada0 JavaThread "Worker-Main-7"              daemon [_thread_blocked, id=264, stack(0x0000003720500000,0x0000003720600000) (1024K)]
  0x0000017a8f925850 JavaThread "Worker-Main-8"              daemon [_thread_blocked, id=10056, stack(0x0000003720600000,0x0000003720700000) (1024K)]
  0x0000017a8f9251c0 JavaThread "Worker-Main-9"              daemon [_thread_blocked, id=31612, stack(0x0000003720700000,0x0000003720800000) (1024K)]
  0x0000017a8f928640 JavaThread "Worker-Main-10"             daemon [_thread_blocked, id=29760, stack(0x0000003720800000,0x0000003720900000) (1024K)]
  0x0000017a8f92a080 JavaThread "Worker-Main-11"             daemon [_thread_blocked, id=1704, stack(0x0000003720900000,0x0000003720a00000) (1024K)]
  0x0000017a8f928cd0 JavaThread "Worker-Main-12"             daemon [_thread_blocked, id=16064, stack(0x0000003720a00000,0x0000003720b00000) (1024K)]
  0x0000017a8f92b430 JavaThread "Worker-Main-13"             daemon [_thread_blocked, id=30652, stack(0x0000003720b00000,0x0000003720c00000) (1024K)]
  0x0000017a8f929360 JavaThread "Worker-Main-14"             daemon [_thread_blocked, id=22344, stack(0x0000003720c00000,0x0000003720d00000) (1024K)]
  0x0000017a8f925ee0 JavaThread "Worker-Main-15"             daemon [_thread_blocked, id=18520, stack(0x0000003720d00000,0x0000003720e00000) (1024K)]
  0x0000017a8f92bac0 JavaThread "HttpClient-3-SelectorManager" daemon [_thread_in_native, id=26404, stack(0x0000003721200000,0x0000003721300000) (1024K)]
  0x0000017a8f927920 JavaThread "ConfigSaver"                daemon [_thread_blocked, id=30456, stack(0x0000003721500000,0x0000003721600000) (1024K)]
  0x0000017a8f92c150 JavaThread "HttpClient-3-Worker-0"      daemon [_thread_blocked, id=24028, stack(0x0000003721700000,0x0000003721800000) (1024K)]
  0x0000017a8f92c7e0 JavaThread "HttpClient-3-Worker-1"      daemon [_thread_blocked, id=3488, stack(0x0000003721800000,0x0000003721900000) (1024K)]
  0x0000017a8fcda740 JavaThread "FancyMenu-JsonPlaceholder-Cleanup" daemon [_thread_blocked, id=28020, stack(0x0000003721900000,0x0000003721a00000) (1024K)]
  0x0000017a8fcda0b0 JavaThread "pool-29-thread-1"                  [_thread_blocked, id=26348, stack(0x0000003721a00000,0x0000003721b00000) (1024K)]
  0x0000017a8fcd37b0 JavaThread "pool-30-thread-1"                  [_thread_blocked, id=25088, stack(0x0000003721b00000,0x0000003721c00000) (1024K)]
  0x0000017a8fcd9390 JavaThread "Thread-22"                         [_thread_blocked, id=25624, stack(0x0000003721c00000,0x0000003721d00000) (1024K)]
  0x0000017a8fcd5f10 JavaThread "Thread-23"                         [_thread_blocked, id=28264, stack(0x0000003721d00000,0x0000003721e00000) (1024K)]
  0x0000017a8fcd7fe0 JavaThread "Thread-24"                         [_thread_blocked, id=27132, stack(0x0000003722000000,0x0000003722100000) (1024K)]
  0x0000017abfe71d10 JavaThread "IO-Worker-1"                       [_thread_blocked, id=7368, stack(0x0000003722100000,0x0000003722200000) (1024K)]
  0x0000017abfe778f0 JavaThread "spark-monitoring-thread"    daemon [_thread_blocked, id=28680, stack(0x0000003722200000,0x0000003722300000) (1024K)]
  0x0000017abfe75820 JavaThread "spark-worker-pool-1-thread-1" daemon [_thread_blocked, id=29160, stack(0x0000003722300000,0x0000003722400000) (1024K)]
  0x0000017abfe74470 JavaThread "Java Sound Sequencer"              [_thread_blocked, id=12312, stack(0x0000003720f00000,0x0000003721000000) (1024K)]
  0x0000017abfe77260 JavaThread "Download-3"                 daemon [_thread_blocked, id=27716, stack(0x0000003722500000,0x0000003722600000) (1024K)]
  0x0000017abfe730c0 JavaThread "Download-4"                 daemon [_thread_blocked, id=28560, stack(0x0000003722600000,0x0000003722700000) (1024K)]
  0x0000017abfe78610 JavaThread "Download-5"                 daemon [_thread_blocked, id=1252, stack(0x0000003722700000,0x0000003722800000) (1024K)]
  0x0000017abfe73750 JavaThread "Download-6"                 daemon [_thread_blocked, id=21888, stack(0x0000003722800000,0x0000003722900000) (1024K)]
  0x0000017ab96545a0 JavaThread "C1 CompilerThread3"         daemon [_thread_blocked, id=26648, stack(0x0000003721100000,0x0000003721200000) (1024K)]
  0x0000017a8f9299f0 JavaThread "ForkJoinPool-4-worker-1"    daemon [_thread_blocked, id=27456, stack(0x0000003721400000,0x0000003721500000) (1024K)]
  0x0000017607f47f80 JavaThread "VirtualThread-unparker"     daemon [_thread_blocked, id=13724, stack(0x0000003721600000,0x0000003721700000) (1024K)]
  0x0000017607f4ad70 JavaThread "pool-33-thread-1"                  [_thread_blocked, id=20364, stack(0x0000003721e00000,0x0000003721f00000) (1024K)]
  0x0000017607f48ca0 JavaThread "Keep-Alive-Timer"           daemon [_thread_blocked, id=19624, stack(0x000000371a400000,0x000000371a500000) (1024K)]
  0x0000017607f49330 JavaThread "pool-34-thread-1"                  [_thread_blocked, id=27604, stack(0x0000003721000000,0x0000003721100000) (1024K)]
  0x0000017607f4a050 JavaThread "MRL-Loader-0"               daemon [_thread_blocked, id=19004, stack(0x000000371a500000,0x000000371a600000) (1024K)]
  0x0000017607f45820 JavaThread "FFThread-1-lifecycle"       daemon [_thread_blocked, id=13264, stack(0x000000371be00000,0x000000371bf00000) (1024K)]
  0x0000017607f45eb0 JavaThread "FFThread-1-demux"           daemon [_thread_blocked, id=23300, stack(0x0000003722a00000,0x0000003722b00000) (1024K)]
  0x0000017607f4a6e0 JavaThread "FFThread-1-video"           daemon [_thread_blocked, id=27720, stack(0x0000003722c00000,0x0000003722d00000) (1024K)]
  0x0000017607f47260 JavaThread "FFThread-1-audio"           daemon [_thread_blocked, id=30588, stack(0x0000003722d00000,0x0000003722e00000) (1024K)]
Total: 134

Other Threads:
  0x0000017619cff7b0 VMThread "VM Thread"                           [id=4944, stack(0x0000003719600000,0x0000003719700000) (1024K)]
  0x0000017619e4a9c0 WatcherThread "VM Periodic Task Thread"        [id=19600, stack(0x0000003719500000,0x0000003719600000) (1024K)]
  0x0000017619d87920 ConcurrentGCThread "ZDirector"                 [id=19848, stack(0x0000003718900000,0x0000003718a00000) (1024K)]
  0x0000017619d85d10 ConcurrentGCThread "ZDriverMajor"              [id=29180, stack(0x0000003718800000,0x0000003718900000) (1024K)]
  0x0000017619d84fb0 ConcurrentGCThread "ZDriverMinor"              [id=27532, stack(0x0000003718700000,0x0000003718800000) (1024K)]
  0x0000017619d89610 ConcurrentGCThread "ZStat"                     [id=27576, stack(0x0000003718a00000,0x0000003718b00000) (1024K)]
  0x0000017618158f70 ConcurrentGCThread "ZUnmapper"                 [id=31692, stack(0x0000003717d00000,0x0000003717e00000) (1024K)]
  0x0000017619cdc720 ConcurrentGCThread "ZUncommitter"              [id=29104, stack(0x0000003717e00000,0x0000003717f00000) (1024K)]
  0x0000017618125110 WorkerThread "ZWorkerYoung#0"                  [id=6860, stack(0x0000003718300000,0x0000003718400000) (1024K)]
  0x0000017619d014b0 WorkerThread "ZWorkerYoung#1"                  [id=2112, stack(0x0000003718400000,0x0000003718500000) (1024K)]
  0x0000017619cff070 WorkerThread "ZWorkerYoung#2"                  [id=25140, stack(0x0000003718500000,0x0000003718600000) (1024K)]
  0x0000017619d009d0 WorkerThread "ZWorkerYoung#3"                  [id=25828, stack(0x0000003718600000,0x0000003718700000) (1024K)]
  0x0000017618126330 WorkerThread "ZWorkerOld#0"                    [id=10356, stack(0x0000003717f00000,0x0000003718000000) (1024K)]
  0x00000176181254b0 WorkerThread "ZWorkerOld#1"                    [id=23948, stack(0x0000003718000000,0x0000003718100000) (1024K)]
  0x0000017618125f90 WorkerThread "ZWorkerOld#2"                    [id=13476, stack(0x0000003718100000,0x0000003718200000) (1024K)]
  0x0000017618126a70 WorkerThread "ZWorkerOld#3"                    [id=31200, stack(0x0000003718200000,0x0000003718300000) (1024K)]
  0x0000017619d00d70 WorkerThread "RuntimeWorker#0"                 [id=2300, stack(0x0000003718b00000,0x0000003718c00000) (1024K)]
  0x0000017619cffef0 WorkerThread "RuntimeWorker#1"                 [id=19400, stack(0x0000003718c00000,0x0000003718d00000) (1024K)]
  0x0000017619cff410 WorkerThread "RuntimeWorker#2"                 [id=27196, stack(0x0000003718d00000,0x0000003718e00000) (1024K)]
  0x0000017619cfecd0 WorkerThread "RuntimeWorker#3"                 [id=30608, stack(0x0000003718e00000,0x0000003718f00000) (1024K)]
  0x0000017619d00630 WorkerThread "RuntimeWorker#4"                 [id=8120, stack(0x0000003718f00000,0x0000003719000000) (1024K)]
  0x0000017619d01f90 WorkerThread "RuntimeWorker#5"                 [id=7012, stack(0x0000003719000000,0x0000003719100000) (1024K)]
  0x0000017619cffb50 WorkerThread "RuntimeWorker#6"                 [id=17120, stack(0x0000003719100000,0x0000003719200000) (1024K)]
  0x0000017619d01110 WorkerThread "RuntimeWorker#7"                 [id=24476, stack(0x0000003719200000,0x0000003719300000) (1024K)]
  0x0000017619d026d0 WorkerThread "RuntimeWorker#8"                 [id=17868, stack(0x0000003719300000,0x0000003719400000) (1024K)]
  0x0000017619d02330 WorkerThread "RuntimeWorker#9"                 [id=12436, stack(0x0000003719400000,0x0000003719500000) (1024K)]
Total: 26

Threads with active compile tasks:
Total: 0

VM state: not at safepoint (normal execution)

VM Mutex/Monitor currently owned by a thread: None

CDS archive(s) not mapped
Compressed class space mapped at: 0x0000000080000000-0x00000000c0000000, reserved size: 1073741824
Narrow klass base: 0x0000000000000000, Narrow klass shift: 0, Narrow klass range: 0xc0000000

GC Precious Log:
 NUMA Support: Disabled
 CPUs: 16 total, 16 available
 Memory: 31962M
 Large Page Support: Disabled
 Address Space Type: Contiguous/Unrestricted/Complete
 Address Space Size: 262144M
 Min Capacity: 256M
 Initial Capacity: 256M
 Max Capacity: 16384M
 Soft Max Capacity: 16384M
 Medium Page Size: 32M
 Pre-touch: Enabled
 Uncommit: Enabled
 Uncommit Delay: 300s
 GC Workers for Old Generation: 4 (dynamic)
 GC Workers for Young Generation: 4 (dynamic)
 GC Workers Max: 4 (dynamic)
 Runtime Workers: 10

ZGC Globals:
 Young Collection:   Relocate/12
 Old Collection:     Mark/9
 Offset Max:         4096G (0x0000040000000000)
 Page Size Small:    2M
 Page Size Medium:   32M

ZGC Metadata Bits:
 LoadGood:           0x0000000000008000
 LoadBad:            0x0000000000007000
 MarkGood:           0x0000000000008600
 MarkBad:            0x00000000000079c0
 StoreGood:          0x0000000000008620
 StoreBad:           0x00000000000079d0
 ------------------- 
 Remapped:           0x0000000000008000
 RemappedYoung:      0x000000000000a000
 RemappedOld:        0x000000000000c000
 MarkedYoung:        0x0000000000000200
 MarkedOld:          0x0000000000000400
 Remembered:         0x0000000000000020

Heap:
 ZHeap           used 3570M, capacity 15800M, max capacity 16384M
 Metaspace       used 263377K, committed 266304K, reserved 1310720K
  class space    used 44413K, committed 45760K, reserved 1048576K

ZGC Page Table:
 Small   0x0000000000000000 0x00000000001fffb8 0x0000000000200000 O/7     Relocatable
 Small   0x0000000000600000 0x00000000007ff668 0x0000000000800000 O/7     Relocatable
 Small   0x0000000000800000 0x00000000009ffff0 0x0000000000a00000 O/7     Relocatable
 Small   0x0000000001200000 0x00000000013fffe0 0x0000000001400000 O/9     Allocating 
 Small   0x0000000001400000 0x00000000015fffc0 0x0000000001600000 O/8     Relocatable
 Small   0x0000000001600000 0x00000000017ffff8 0x0000000001800000 O/8     Relocatable
 Small   0x0000000001a00000 0x0000000001c00000 0x0000000001c00000 Y/12    Allocating 
 Small   0x0000000001c00000 0x0000000001dfffc8 0x0000000001e00000 O/9     Allocating 
 Small   0x0000000002600000 0x0000000002800000 0x0000000002800000 Y/12    Allocating 
 Small   0x0000000002a00000 0x0000000002c00000 0x0000000002c00000 Y/12    Allocating 
 Small   0x0000000003000000 0x00000000031fffc8 0x0000000003200000 O/9     Allocating 
 Small   0x0000000003400000 0x00000000035ff440 0x0000000003600000 O/7     Relocatable
 Small   0x0000000003600000 0x0000000003800000 0x0000000003800000 O/7     Relocatable
 Small   0x0000000003a00000 0x0000000003bffbd8 0x0000000003c00000 O/8     Relocatable
 Small   0x0000000004200000 0x00000000043ffff0 0x0000000004400000 O/8     Relocatable
 Small   0x0000000004600000 0x00000000047ffff8 0x0000000004800000 O/8     Relocatable
 Small   0x0000000004c00000 0x0000000004e00000 0x0000000004e00000 Y/12    Allocating 
 Small   0x0000000004e00000 0x0000000004ffffe8 0x0000000005000000 O/7     Relocatable
 Small   0x0000000005000000 0x00000000051ffff8 0x0000000005200000 O/7     Relocatable
 Small   0x0000000005600000 0x0000000005800000 0x0000000005800000 Y/12    Allocating 
 Small   0x0000000005800000 0x00000000059fffe0 0x0000000005a00000 O/8     Relocatable
 Small   0x0000000005a00000 0x0000000005bffff8 0x0000000005c00000 O/9     Allocating 
 Small   0x0000000005c00000 0x0000000005df8328 0x0000000005e00000 O/7     Relocatable
 Small   0x0000000005e00000 0x0000000005ffff98 0x0000000006000000 O/7     Relocatable
 Medium  0x0000000006000000 0x0000000007ef7000 0x0000000008000000 O/7     Relocatable
 Small   0x0000000008000000 0x0000000008200000 0x0000000008200000 O/8     Relocatable
 Small   0x0000000008400000 0x00000000085fffe8 0x0000000008600000 O/8     Relocatable
 Small   0x0000000008800000 0x0000000008a00000 0x0000000008a00000 Y/12    Allocating 
 Small   0x0000000008e00000 0x0000000009000000 0x0000000009000000 Y/12    Allocating 
 Small   0x0000000009200000 0x0000000009400000 0x0000000009400000 Y/12    Allocating 
 Small   0x0000000009400000 0x00000000095fffe8 0x0000000009600000 O/8     Relocatable
 Small   0x0000000009c00000 0x0000000009dffff0 0x0000000009e00000 O/8     Relocatable
 Small   0x000000000a000000 0x000000000a1fffe8 0x000000000a200000 O/7     Relocatable
 Small   0x000000000a800000 0x000000000a9fffd0 0x000000000aa00000 O/7     Relocatable
 Small   0x000000000ac00000 0x000000000adfffe8 0x000000000ae00000 O/7     Relocatable
 Small   0x000000000b000000 0x000000000b1fffe8 0x000000000b200000 O/8     Relocatable
 Small   0x000000000b800000 0x000000000b9ffff8 0x000000000ba00000 O/8     Relocatable
 Small   0x000000000bc00000 0x000000000be00000 0x000000000be00000 Y/12    Allocating 
 Small   0x000000000be00000 0x000000000bfed9f8 0x000000000c000000 O/7     Relocatable
 Small   0x000000000c400000 0x000000000c5fffd0 0x000000000c600000 O/9     Allocating 
 Small   0x000000000c600000 0x000000000c7f8c70 0x000000000c800000 O/7     Relocatable
 Small   0x000000000ca00000 0x000000000cbffff8 0x000000000cc00000 O/7     Relocatable
 Small   0x000000000dc00000 0x000000000ddfffb8 0x000000000de00000 O/8     Relocatable
 Small   0x000000000e200000 0x000000000e3ffff0 0x000000000e400000 O/9     Allocating 
 Small   0x000000000e600000 0x000000000e7fff90 0x000000000e800000 O/9     Allocating 
 Small   0x000000000ec00000 0x000000000ee00000 0x000000000ee00000 Y/12    Allocating 
 Small   0x000000000f000000 0x000000000f1ffff8 0x000000000f200000 O/8     Relocatable
 Small   0x000000000f200000 0x000000000f3ffff8 0x000000000f400000 O/7     Relocatable
 Small   0x000000000f400000 0x000000000f5ff308 0x000000000f600000 O/7     Relocatable
 Small   0x000000000f600000 0x000000000f800000 0x000000000f800000 Y/12    Allocating 
 Small   0x000000000f800000 0x000000000f9f9248 0x000000000fa00000 O/7     Relocatable
 Small   0x000000000fe00000 0x000000000fff2e70 0x0000000010000000 O/7     Relocatable
 Small   0x0000000010200000 0x00000000103ffff8 0x0000000010400000 O/9     Allocating 
 Small   0x0000000010400000 0x0000000010600000 0x0000000010600000 Y/12    Allocating 
 Small   0x0000000010600000 0x0000000010800000 0x0000000010800000 Y/12    Allocating 
 Small   0x0000000010c00000 0x0000000010e00000 0x0000000010e00000 O/7     Relocatable
 Small   0x0000000011e00000 0x0000000011ffffe8 0x0000000012000000 O/8     Relocatable
 Small   0x0000000012200000 0x00000000123ea760 0x0000000012400000 O/8     Relocatable
 Small   0x0000000012800000 0x00000000129eb0c8 0x0000000012a00000 O/7     Relocatable
 Small   0x0000000012c00000 0x0000000012e00000 0x0000000012e00000 O/7     Relocatable
 Small   0x0000000013800000 0x00000000139ffff8 0x0000000013a00000 O/7     Relocatable
 Small   0x0000000013c00000 0x0000000013dfffb0 0x0000000013e00000 O/9     Allocating 
 Small   0x0000000014000000 0x00000000141ff410 0x0000000014200000 O/7     Relocatable
 Small   0x0000000014400000 0x00000000145ed9a0 0x0000000014600000 O/7     Relocatable
 Small   0x0000000014600000 0x00000000147ffff0 0x0000000014800000 O/9     Allocating 
 Small   0x0000000014800000 0x00000000148005d8 0x0000000014a00000 O/8     Relocatable
 Small   0x0000000014c00000 0x0000000014dfffd8 0x0000000014e00000 O/8     Relocatable
 Small   0x0000000015400000 0x00000000155ffff0 0x0000000015600000 O/8     Relocatable
 Small   0x0000000015600000 0x00000000157fdce8 0x0000000015800000 O/7     Relocatable
 Small   0x0000000015c00000 0x0000000015e00000 0x0000000015e00000 Y/12    Allocating 
 Small   0x0000000015e00000 0x0000000015feb058 0x0000000016000000 O/7     Relocatable
 Small   0x0000000016000000 0x0000000016200000 0x0000000016200000 O/9     Allocating 
 Small   0x0000000016c00000 0x0000000016dffff0 0x0000000016e00000 O/7     Relocatable
 Small   0x0000000016e00000 0x0000000016ffffe8 0x0000000017000000 O/7     Relocatable
 Small   0x0000000017800000 0x00000000179ffff0 0x0000000017a00000 O/7     Relocatable
 Small   0x0000000017e00000 0x0000000018000000 0x0000000018000000 O/8     Relocatable
 Small   0x0000000018400000 0x00000000185fffd8 0x0000000018600000 O/7     Relocatable
 Small   0x0000000018600000 0x0000000018726cf8 0x0000000018800000 O/8     Relocatable
 Small   0x0000000018a00000 0x0000000018bfffd8 0x0000000018c00000 O/7     Relocatable
 Small   0x0000000018e00000 0x0000000018ffffc0 0x0000000019000000 O/7     Relocatable
 Small   0x0000000019000000 0x0000000019200000 0x0000000019200000 O/8     Relocatable
 Small   0x0000000019200000 0x00000000193f2910 0x0000000019400000 O/7     Relocatable
 Small   0x0000000019400000 0x00000000195fffd8 0x0000000019600000 O/8     Relocatable
 Small   0x0000000019600000 0x0000000019800000 0x0000000019800000 O/7     Relocatable
 Small   0x0000000019e00000 0x0000000019ffffb0 0x000000001a000000 O/7     Relocatable
 Small   0x000000001ae00000 0x000000001affff58 0x000000001b000000 O/8     Relocatable
 Small   0x000000001b000000 0x000000001b1ffff8 0x000000001b200000 O/7     Relocatable
 Small   0x000000001ba00000 0x000000001bbf6b98 0x000000001bc00000 O/7     Relocatable
 Small   0x000000001c000000 0x000000001c200000 0x000000001c200000 O/7     Relocatable
 Small   0x000000001c400000 0x000000001c5fffe8 0x000000001c600000 O/7     Relocatable
 Small   0x000000001c800000 0x000000001c9fffc8 0x000000001ca00000 O/7     Relocatable
 Small   0x000000001cc00000 0x000000001cdfffb8 0x000000001ce00000 O/7     Relocatable
 Small   0x000000001ce00000 0x000000001cf7d1f8 0x000000001d000000 O/7     Relocatable
 Small   0x000000001d000000 0x000000001d1ffbe0 0x000000001d200000 O/8     Relocatable
 Small   0x000000001d600000 0x000000001d7fffe8 0x000000001d800000 O/7     Relocatable
 Small   0x000000001de00000 0x000000001e000000 0x000000001e000000 Y/12    Allocating 
 Small   0x000000001e400000 0x000000001e5fffe0 0x000000001e600000 O/7     Relocatable
 Small   0x000000001ee00000 0x000000001efffff8 0x000000001f000000 O/7     Relocatable
 Small   0x000000001f000000 0x000000001f200000 0x000000001f200000 Y/12    Allocating 
 Small   0x000000001f200000 0x000000001f400000 0x000000001f400000 O/7     Relocatable
 Small   0x000000001fc00000 0x000000001fe00000 0x000000001fe00000 O/7     Relocatable
 Small   0x0000000020800000 0x0000000020a00000 0x0000000020a00000 O/9     Allocating 
 Small   0x0000000020c00000 0x0000000020dffe58 0x0000000020e00000 O/8     Relocatable
 Small   0x0000000022400000 0x00000000225fa8f0 0x0000000022600000 O/7     Relocatable
 Small   0x0000000022600000 0x0000000022800000 0x0000000022800000 Y/12    Allocating 
 Small   0x0000000023000000 0x00000000231ffff0 0x0000000023200000 O/8     Relocatable
 Small   0x0000000023e00000 0x0000000023ffff88 0x0000000024000000 O/8     Relocatable
 Small   0x0000000024600000 0x00000000247ffff8 0x0000000024800000 O/7     Relocatable
 Small   0x0000000024e00000 0x0000000024ffffc0 0x0000000025000000 O/8     Relocatable
 Small   0x0000000025400000 0x00000000255fffe0 0x0000000025600000 O/8     Relocatable
 Small   0x0000000025e00000 0x0000000026000000 0x0000000026000000 O/7     Relocatable
 Small   0x0000000026000000 0x0000000026200000 0x0000000026200000 Y/12    Allocating 
 Small   0x0000000026200000 0x0000000026400000 0x0000000026400000 Y/12    Allocating 
 Small   0x0000000026a00000 0x0000000026c00000 0x0000000026c00000 Y/12    Allocating 
 Small   0x0000000026e00000 0x0000000027000000 0x0000000027000000 O/7     Relocatable
 Small   0x0000000027000000 0x00000000271fffe0 0x0000000027200000 O/8     Relocatable
 Small   0x0000000027c00000 0x0000000027e00000 0x0000000027e00000 Y/12    Allocating 
 Small   0x0000000027e00000 0x0000000027fffff8 0x0000000028000000 O/8     Relocatable
 Small   0x0000000028200000 0x00000000283ffff8 0x0000000028400000 O/8     Relocatable
 Small   0x0000000028400000 0x00000000285fffe8 0x0000000028600000 O/8     Relocatable
 Small   0x0000000028600000 0x0000000028800000 0x0000000028800000 Y/12    Allocating 
 Small   0x0000000028c00000 0x0000000028e00000 0x0000000028e00000 Y/12    Allocating 
 Small   0x0000000029000000 0x00000000291fff88 0x0000000029200000 O/8     Relocatable
 Small   0x0000000029200000 0x0000000029400000 0x0000000029400000 Y/12    Allocating 
 Small   0x0000000029600000 0x0000000029800000 0x0000000029800000 Y/12    Allocating 
 Small   0x0000000029a00000 0x0000000029bfffe8 0x0000000029c00000 O/8     Relocatable
 Small   0x0000000029e00000 0x0000000029fffff8 0x000000002a000000 O/8     Relocatable
 Small   0x000000002a000000 0x000000002a1ffff8 0x000000002a200000 O/9     Allocating 
 Small   0x000000002aa00000 0x000000002abfffd0 0x000000002ac00000 O/9     Allocating 
 Small   0x000000002ac00000 0x000000002ae00000 0x000000002ae00000 Y/12    Allocating 
 Small   0x000000002ae00000 0x000000002afffff0 0x000000002b000000 O/8     Relocatable
 Small   0x000000002b000000 0x000000002b1ffff0 0x000000002b200000 O/8     Relocatable
 Small   0x000000002b400000 0x000000002b5fffb0 0x000000002b600000 O/9     Allocating 
 Small   0x000000002b600000 0x000000002b800000 0x000000002b800000 Y/12    Allocating 
 Small   0x000000002c000000 0x000000002c1ffff8 0x000000002c200000 O/8     Relocatable
 Small   0x000000002c400000 0x000000002c600000 0x000000002c600000 Y/12    Allocating 
 Small   0x000000002c600000 0x000000002c800000 0x000000002c800000 Y/12    Allocating 
 Small   0x000000002c800000 0x000000002ca00000 0x000000002ca00000 Y/12    Allocating 
 Small   0x000000002d000000 0x000000002d200000 0x000000002d200000 Y/12    Allocating 
 Small   0x000000002d600000 0x000000002d7fffe8 0x000000002d800000 O/7     Relocatable
 Small   0x000000002da00000 0x000000002dc00000 0x000000002dc00000 Y/12    Allocating 
 Small   0x000000002de00000 0x000000002e000000 0x000000002e000000 O/8     Relocatable
 Small   0x000000002e400000 0x000000002e5ffff0 0x000000002e600000 O/8     Relocatable
 Small   0x000000002ec00000 0x000000002edfffe0 0x000000002ee00000 O/8     Relocatable
 Small   0x000000002f200000 0x000000002f3fffe0 0x000000002f400000 O/9     Allocating 
 Small   0x000000002f400000 0x000000002f5fffd0 0x000000002f600000 O/8     Relocatable
 Small   0x000000002f600000 0x000000002f800000 0x000000002f800000 Y/12    Allocating 
 Small   0x000000002fa00000 0x000000002fc00000 0x000000002fc00000 Y/12    Allocating 
 Small   0x000000002fc00000 0x000000002fdfffe8 0x000000002fe00000 O/8     Relocatable
 Small   0x000000002fe00000 0x0000000030000000 0x0000000030000000 Y/12    Allocating 
 Small   0x0000000030000000 0x00000000301ffff8 0x0000000030200000 O/8     Relocatable
 Small   0x0000000030a00000 0x0000000030c00000 0x0000000030c00000 Y/12    Allocating 
 Small   0x0000000030e00000 0x0000000030ffffd8 0x0000000031000000 O/9     Allocating 
 Small   0x0000000031200000 0x0000000031400000 0x0000000031400000 Y/12    Allocating 
 Small   0x0000000031800000 0x0000000031a00000 0x0000000031a00000 O/9     Allocating 
 Small   0x0000000032000000 0x00000000321ffff0 0x0000000032200000 O/7     Relocatable
 Small   0x0000000032200000 0x00000000323ffff8 0x0000000032400000 O/9     Allocating 
 Small   0x0000000032400000 0x0000000032600000 0x0000000032600000 Y/12    Allocating 
 Small   0x0000000032600000 0x00000000326c0000 0x0000000032800000 Y/12    Allocating 
 Small   0x0000000032800000 0x0000000032a00000 0x0000000032a00000 O/8     Relocatable
 Small   0x0000000032e00000 0x0000000032ffffd0 0x0000000033000000 O/9     Allocating 
 Small   0x0000000033200000 0x00000000333ffff8 0x0000000033400000 O/8     Relocatable
 Small   0x0000000033c00000 0x0000000033dffff8 0x0000000033e00000 O/8     Relocatable
 Small   0x0000000033e00000 0x0000000034000000 0x0000000034000000 Y/12    Allocating 
 Small   0x0000000035000000 0x00000000351ffff8 0x0000000035200000 O/8     Relocatable
 Small   0x0000000036400000 0x00000000365fffe8 0x0000000036600000 O/8     Relocatable
 Small   0x0000000036c00000 0x0000000036e00000 0x0000000036e00000 Y/12    Allocating 
 Small   0x0000000037e00000 0x0000000038000000 0x0000000038000000 O/8     Relocatable
 Small   0x0000000038e00000 0x0000000038ffffe0 0x0000000039000000 O/8     Relocatable
 Small   0x000000003aa00000 0x000000003ac00000 0x000000003ac00000 Y/12    Allocating 
 Small   0x000000003be00000 0x000000003bfffff0 0x000000003c000000 O/7     Relocatable
 Small   0x000000003d000000 0x000000003d1ffff8 0x000000003d200000 O/8     Relocatable
 Small   0x000000003e000000 0x000000003e1f6038 0x000000003e200000 O/8     Relocatable
 Small   0x000000003ea00000 0x000000003ebfffc8 0x000000003ec00000 O/7     Relocatable
 Small   0x0000000041200000 0x0000000041400000 0x0000000041400000 Y/12    Allocating 
 Small   0x0000000041800000 0x00000000419fffe0 0x0000000041a00000 O/7     Relocatable
 Small   0x0000000044400000 0x00000000445fffe0 0x0000000044600000 O/7     Relocatable
 Small   0x0000000044c00000 0x0000000044dfffe0 0x0000000044e00000 O/9     Allocating 
 Small   0x0000000047600000 0x00000000477fffe8 0x0000000047800000 O/8     Relocatable
 Small   0x0000000047c00000 0x0000000047dfff88 0x0000000047e00000 O/7     Relocatable
 Small   0x0000000048200000 0x00000000483fffd8 0x0000000048400000 O/8     Relocatable
 Small   0x0000000048400000 0x0000000048600000 0x0000000048600000 O/7     Relocatable
 Small   0x0000000048a00000 0x0000000048bfffe0 0x0000000048c00000 O/8     Relocatable
 Small   0x0000000049a00000 0x0000000049bfffd0 0x0000000049c00000 O/8     Relocatable
 Small   0x0000000049c00000 0x0000000049dbc8d8 0x0000000049e00000 O/7     Relocatable
 Small   0x000000004a000000 0x000000004a200000 0x000000004a200000 O/8     Relocatable
 Small   0x000000004a400000 0x000000004a5ffff8 0x000000004a600000 O/9     Allocating 
 Small   0x000000004ac00000 0x000000004adfffd8 0x000000004ae00000 O/7     Relocatable
 Small   0x000000004c000000 0x000000004c200000 0x000000004c200000 Y/12    Allocating 
 Small   0x000000004ca00000 0x000000004cbff5d0 0x000000004cc00000 O/7     Relocatable
 Small   0x000000004d400000 0x000000004d5ffff8 0x000000004d600000 O/8     Relocatable
 Small   0x000000004d600000 0x000000004d7fffe8 0x000000004d800000 O/7     Relocatable
 Small   0x000000004e000000 0x000000004e200000 0x000000004e200000 Y/12    Allocating 
 Small   0x000000004e400000 0x000000004e600000 0x000000004e600000 O/8     Relocatable
 Small   0x000000004fa00000 0x000000004fc00000 0x000000004fc00000 O/9     Allocating 
 Small   0x000000004fc00000 0x000000004fdfffd8 0x000000004fe00000 O/7     Relocatable
 Small   0x0000000051200000 0x00000000513ffff0 0x0000000051400000 O/7     Relocatable
 Small   0x0000000052c00000 0x0000000052dfffd0 0x0000000052e00000 O/8     Relocatable
 Small   0x0000000052e00000 0x0000000053000000 0x0000000053000000 O/8     Relocatable
 Small   0x0000000053000000 0x0000000053200000 0x0000000053200000 Y/12    Allocating 
 Small   0x0000000053e00000 0x0000000053ffffb8 0x0000000054000000 O/8     Relocatable
 Small   0x0000000054000000 0x0000000054200000 0x0000000054200000 Y/12    Allocating 
 Small   0x0000000056a00000 0x0000000056bffff8 0x0000000056c00000 O/7     Relocatable
 Small   0x0000000057000000 0x0000000057200000 0x0000000057200000 O/8     Relocatable
 Small   0x0000000058000000 0x00000000581fec68 0x0000000058200000 O/7     Relocatable
 Small   0x0000000058400000 0x00000000585ffff8 0x0000000058600000 O/8     Relocatable
 Small   0x0000000059000000 0x00000000591ffff8 0x0000000059200000 O/8     Relocatable
 Small   0x0000000059200000 0x0000000059400000 0x0000000059400000 Y/12    Allocating 
 Small   0x0000000059400000 0x00000000595fffd0 0x0000000059600000 O/8     Relocatable
 Small   0x0000000059600000 0x0000000059800000 0x0000000059800000 O/7     Relocatable
 Small   0x0000000059800000 0x00000000599fffb0 0x0000000059a00000 O/9     Allocating 
 Small   0x0000000059a00000 0x0000000059c00000 0x0000000059c00000 Y/12    Allocating 
 Small   0x0000000059e00000 0x0000000059ffffe8 0x000000005a000000 O/8     Relocatable
 Small   0x000000005a000000 0x000000005a200000 0x000000005a200000 O/8     Relocatable
 Small   0x000000005a200000 0x000000005a3fffc8 0x000000005a400000 O/8     Relocatable
 Small   0x000000005a400000 0x000000005a600000 0x000000005a600000 Y/12    Allocating 
 Small   0x000000005a600000 0x000000005a7fbc28 0x000000005a800000 O/7     Relocatable
 Small   0x000000005a800000 0x000000005a9ffff0 0x000000005aa00000 O/9     Allocating 
 Small   0x000000005aa00000 0x000000005abfffc8 0x000000005ac00000 O/8     Relocatable
 Small   0x000000005b400000 0x000000005b600000 0x000000005b600000 Y/12    Allocating 
 Small   0x000000005b800000 0x000000005b9fffe8 0x000000005ba00000 O/8     Relocatable
 Small   0x000000005bc00000 0x000000005bdfff90 0x000000005be00000 O/8     Relocatable
 Small   0x000000005c000000 0x000000005c1fffc0 0x000000005c200000 O/8     Relocatable
 Small   0x000000005c600000 0x000000005c800000 0x000000005c800000 Y/12    Allocating 
 Small   0x000000005c800000 0x000000005ca00000 0x000000005ca00000 Y/12    Allocating 
 Small   0x000000005ca00000 0x000000005cc00000 0x000000005cc00000 Y/12    Allocating 
 Small   0x000000005d200000 0x000000005d3ff888 0x000000005d400000 O/8     Relocatable
 Small   0x000000005d800000 0x000000005d9c35b8 0x000000005da00000 Y/12    Allocating 
 Small   0x000000005dc00000 0x000000005ddfe870 0x000000005de00000 O/8     Relocatable
 Small   0x000000005e000000 0x000000005e1ffff0 0x000000005e200000 O/8     Relocatable
 Small   0x000000005e400000 0x000000005e5fffd8 0x000000005e600000 O/9     Allocating 
 Small   0x000000005ec00000 0x000000005ee00000 0x000000005ee00000 Y/12    Allocating 
 Small   0x000000005ee00000 0x000000005f000000 0x000000005f000000 Y/12    Allocating 
 Small   0x000000005f000000 0x000000005f200000 0x000000005f200000 Y/12    Allocating 
 Small   0x000000005f400000 0x000000005f600000 0x000000005f600000 Y/12    Allocating 
 Small   0x000000005f600000 0x000000005f800000 0x000000005f800000 Y/12    Allocating 
 Small   0x000000005f800000 0x000000005fa00000 0x000000005fa00000 Y/12    Allocating 
 Small   0x000000005fa00000 0x000000005fbfecc8 0x000000005fc00000 O/7     Relocatable
 Small   0x000000005fe00000 0x0000000060000000 0x0000000060000000 O/8     Relocatable
 Small   0x0000000060000000 0x0000000060200000 0x0000000060200000 Y/12    Allocating 
 Small   0x0000000060600000 0x0000000060800000 0x0000000060800000 Y/12    Allocating 
 Small   0x0000000060c00000 0x0000000060dfffe8 0x0000000060e00000 O/8     Relocatable
 Small   0x0000000060e00000 0x0000000061000000 0x0000000061000000 Y/12    Allocating 
 Small   0x0000000061400000 0x0000000061600000 0x0000000061600000 Y/12    Allocating 
 Small   0x0000000061a00000 0x0000000061bfffe8 0x0000000061c00000 O/7     Relocatable
 Small   0x0000000061e00000 0x0000000062000000 0x0000000062000000 Y/12    Allocating 
 Small   0x0000000062000000 0x0000000062200000 0x0000000062200000 O/8     Relocatable
 Small   0x0000000062200000 0x00000000623fffe8 0x0000000062400000 O/8     Relocatable
 Small   0x0000000062400000 0x0000000062600000 0x0000000062600000 Y/12    Allocating 
 Small   0x0000000062600000 0x00000000627fffc8 0x0000000062800000 O/9     Allocating 
 Small   0x0000000062800000 0x0000000062a00000 0x0000000062a00000 Y/12    Allocating 
 Small   0x0000000062a00000 0x0000000062bfffe0 0x0000000062c00000 O/8     Relocatable
 Small   0x0000000063a00000 0x0000000063bfffe8 0x0000000063c00000 O/9     Allocating 
 Small   0x0000000063e00000 0x0000000063ffffe0 0x0000000064000000 O/9     Allocating 
 Small   0x0000000064200000 0x00000000643fff90 0x0000000064400000 O/8     Relocatable
 Small   0x0000000064600000 0x0000000064800000 0x0000000064800000 O/8     Relocatable
 Small   0x0000000064c00000 0x0000000064e00000 0x0000000064e00000 Y/12    Allocating 
 Small   0x0000000065400000 0x0000000065600000 0x0000000065600000 Y/12    Allocating 
 Small   0x0000000065600000 0x00000000657ffff0 0x0000000065800000 O/9     Allocating 
 Small   0x0000000065800000 0x00000000659ffff8 0x0000000065a00000 O/8     Relocatable
 Small   0x0000000065a00000 0x0000000065bfffd8 0x0000000065c00000 O/7     Relocatable
 Small   0x0000000065c00000 0x0000000065dfffd0 0x0000000065e00000 O/9     Allocating 
 Small   0x0000000067200000 0x0000000067400000 0x0000000067400000 Y/12    Allocating 
 Small   0x0000000067a00000 0x0000000067bfffd0 0x0000000067c00000 O/8     Relocatable
 Small   0x0000000067c00000 0x0000000067dffff0 0x0000000067e00000 O/8     Relocatable
 Small   0x0000000068200000 0x0000000068400000 0x0000000068400000 Y/12    Allocating 
 Small   0x0000000068400000 0x0000000068600000 0x0000000068600000 Y/12    Allocating 
 Small   0x0000000068600000 0x00000000687ffff0 0x0000000068800000 O/8     Relocatable
 Small   0x0000000068a00000 0x0000000068bffff0 0x0000000068c00000 O/8     Relocatable
 Small   0x0000000069200000 0x0000000069400000 0x0000000069400000 Y/12    Allocating 
 Small   0x0000000069800000 0x0000000069a00000 0x0000000069a00000 Y/12    Allocating 
 Small   0x0000000069a00000 0x0000000069bffff0 0x0000000069c00000 O/7     Relocatable
 Small   0x0000000069c00000 0x0000000069e00000 0x0000000069e00000 Y/12    Allocating 
 Small   0x0000000069e00000 0x0000000069ffffe8 0x000000006a000000 O/8     Relocatable
 Small   0x000000006a000000 0x000000006a200000 0x000000006a200000 Y/12    Allocating 
 Small   0x000000006a600000 0x000000006a800000 0x000000006a800000 Y/12    Allocating 
 Small   0x000000006a800000 0x000000006aa00000 0x000000006aa00000 Y/12    Allocating 
 Small   0x000000006ac00000 0x000000006ae00000 0x000000006ae00000 Y/12    Allocating 
 Small   0x000000006ae00000 0x000000006affffe8 0x000000006b000000 O/9     Allocating 
 Small   0x000000006b000000 0x000000006b200000 0x000000006b200000 Y/12    Allocating 
 Small   0x000000006b200000 0x000000006b400000 0x000000006b400000 Y/12    Allocating 
 Small   0x000000006b600000 0x000000006b800000 0x000000006b800000 Y/12    Allocating 
 Small   0x000000006bc00000 0x000000006be00000 0x000000006be00000 Y/12    Allocating 
 Small   0x000000006c000000 0x000000006c1fffd8 0x000000006c200000 O/7     Relocatable
 Small   0x000000006c200000 0x000000006c400000 0x000000006c400000 Y/12    Allocating 
 Small   0x000000006c400000 0x000000006c5fffa8 0x000000006c600000 O/9     Allocating 
 Small   0x000000006cc00000 0x000000006cdfff90 0x000000006ce00000 O/8     Relocatable
 Small   0x000000006d000000 0x000000006d000088 0x000000006d200000 O/8     Relocatable
 Small   0x000000006d400000 0x000000006d5ffff0 0x000000006d600000 O/7     Relocatable
 Small   0x000000006d600000 0x000000006d7fffb0 0x000000006d800000 O/8     Relocatable
 Small   0x000000006de00000 0x000000006dffffe8 0x000000006e000000 O/8     Relocatable
 Small   0x000000006e800000 0x000000006e9ffff8 0x000000006ea00000 O/9     Allocating 
 Small   0x000000006ea00000 0x000000006ebfffe8 0x000000006ec00000 O/9     Allocating 
 Small   0x000000006f400000 0x000000006f5fffc0 0x000000006f600000 O/8     Relocatable
 Small   0x000000006fa00000 0x000000006fc00000 0x000000006fc00000 O/8     Relocatable
 Small   0x0000000070400000 0x00000000705fffe8 0x0000000070600000 O/8     Relocatable
 Small   0x0000000071400000 0x0000000071600000 0x0000000071600000 Y/12    Allocating 
 Small   0x0000000075000000 0x00000000751fffe8 0x0000000075200000 O/7     Relocatable
 Small   0x0000000075a00000 0x0000000075c00000 0x0000000075c00000 Y/12    Allocating 
 Small   0x0000000076400000 0x00000000765febd8 0x0000000076600000 O/7     Relocatable
 Small   0x0000000076a00000 0x0000000076bfffe8 0x0000000076c00000 O/8     Relocatable
 Small   0x0000000077600000 0x0000000077800000 0x0000000077800000 O/8     Relocatable
 Small   0x0000000079000000 0x00000000791ffff8 0x0000000079200000 O/8     Relocatable
 Small   0x0000000079600000 0x00000000797fffe0 0x0000000079800000 O/7     Relocatable
 Small   0x0000000079800000 0x0000000079a00000 0x0000000079a00000 O/8     Relocatable
 Small   0x000000007a800000 0x000000007aa00000 0x000000007aa00000 O/8     Relocatable
 Small   0x000000007aa00000 0x000000007abdfbe8 0x000000007ac00000 O/8     Relocatable
 Small   0x000000007ba00000 0x000000007bb4a1e8 0x000000007bc00000 O/8     Relocatable
 Small   0x000000007da00000 0x000000007dbfffc0 0x000000007dc00000 O/8     Relocatable
 Small   0x000000007e200000 0x000000007e400000 0x000000007e400000 O/7     Relocatable
 Small   0x000000007e400000 0x000000007e5fffd0 0x000000007e600000 O/7     Relocatable
 Small   0x000000007e600000 0x000000007e800000 0x000000007e800000 O/8     Relocatable
 Small   0x000000007f400000 0x000000007f5fff98 0x000000007f600000 O/8     Relocatable
 Small   0x000000007fe00000 0x000000007fffffe8 0x0000000080000000 O/8     Relocatable
 Small   0x0000000080e00000 0x0000000081000000 0x0000000081000000 O/8     Relocatable
 Small   0x0000000081e00000 0x0000000081ffffc8 0x0000000082000000 O/8     Relocatable
 Small   0x0000000082c00000 0x0000000082dffff8 0x0000000082e00000 O/8     Relocatable
 Small   0x0000000085000000 0x0000000085200000 0x0000000085200000 Y/12    Allocating 
 Small   0x0000000086400000 0x00000000865ffff8 0x0000000086600000 O/7     Relocatable
 Small   0x0000000086a00000 0x0000000086bffff8 0x0000000086c00000 O/8     Relocatable
 Small   0x0000000087200000 0x0000000087400000 0x0000000087400000 O/8     Relocatable
 Small   0x0000000087800000 0x00000000879ffff0 0x0000000087a00000 O/8     Relocatable
 Small   0x0000000089a00000 0x0000000089bfffe8 0x0000000089c00000 O/8     Relocatable
 Small   0x000000008a600000 0x000000008a7ffff0 0x000000008a800000 O/8     Relocatable
 Small   0x000000008b200000 0x000000008b3fffb8 0x000000008b400000 O/8     Relocatable
 Small   0x000000008d200000 0x000000008d39bfe0 0x000000008d400000 O/8     Relocatable
 Small   0x000000008ee00000 0x000000008f000000 0x000000008f000000 O/8     Relocatable
 Small   0x000000008f800000 0x000000008fa00000 0x000000008fa00000 O/8     Relocatable
 Small   0x0000000090400000 0x0000000090600000 0x0000000090600000 O/8     Relocatable
 Small   0x0000000092000000 0x0000000092200000 0x0000000092200000 O/7     Relocatable
 Small   0x0000000092200000 0x00000000923ffff0 0x0000000092400000 O/8     Relocatable
 Small   0x0000000092c00000 0x0000000092dffff0 0x0000000092e00000 O/8     Relocatable
 Small   0x0000000092e00000 0x0000000093000000 0x0000000093000000 Y/12    Allocating 
 Small   0x0000000093400000 0x00000000935fffe0 0x0000000093600000 O/8     Relocatable
 Small   0x0000000095400000 0x00000000955fffe0 0x0000000095600000 O/9     Allocating 
 Small   0x0000000096000000 0x0000000096200000 0x0000000096200000 O/8     Relocatable
 Small   0x0000000096800000 0x0000000096a00000 0x0000000096a00000 O/8     Relocatable
 Small   0x0000000096e00000 0x0000000097000000 0x0000000097000000 O/8     Relocatable
 Small   0x0000000099000000 0x00000000991fff90 0x0000000099200000 O/7     Relocatable
 Small   0x000000009a600000 0x000000009a7fff98 0x000000009a800000 O/8     Relocatable
 Small   0x000000009b400000 0x000000009b572d80 0x000000009b600000 O/8     Relocatable
 Small   0x000000009c400000 0x000000009c5fffe0 0x000000009c600000 O/8     Relocatable
 Small   0x000000009d600000 0x000000009d778118 0x000000009d800000 O/8     Relocatable
 Small   0x000000009f000000 0x000000009f1fffc8 0x000000009f200000 O/8     Relocatable
 Small   0x000000009f400000 0x000000009f5fffe8 0x000000009f600000 O/8     Relocatable
 Small   0x000000009fa00000 0x000000009fbffff8 0x000000009fc00000 Y/12    Allocating 
 Small   0x00000000a1a00000 0x00000000a1c00000 0x00000000a1c00000 Y/12    Allocating 
 Small   0x00000000a3600000 0x00000000a3800000 0x00000000a3800000 O/7     Relocatable
 Small   0x00000000a4200000 0x00000000a4400000 0x00000000a4400000 Y/12    Allocating 
 Small   0x00000000a4a00000 0x00000000a4bfffe0 0x00000000a4c00000 O/8     Relocatable
 Small   0x00000000a5400000 0x00000000a55fffe0 0x00000000a5600000 O/8     Relocatable
 Small   0x00000000a5a00000 0x00000000a5bffff0 0x00000000a5c00000 O/8     Relocatable
 Small   0x00000000a7400000 0x00000000a75fffe8 0x00000000a7600000 O/8     Relocatable
 Small   0x00000000a8e00000 0x00000000a8ffffd8 0x00000000a9000000 O/7     Relocatable
 Small   0x00000000a9200000 0x00000000a93fffe0 0x00000000a9400000 O/8     Relocatable
 Small   0x00000000a9400000 0x00000000a95ffff8 0x00000000a9600000 O/7     Relocatable
 Small   0x00000000aac00000 0x00000000aae00000 0x00000000aae00000 O/8     Relocatable
 Small   0x00000000ab200000 0x00000000ab400000 0x00000000ab400000 Y/12    Allocating 
 Small   0x00000000ae200000 0x00000000ae3fffe8 0x00000000ae400000 O/8     Relocatable
 Small   0x00000000aea00000 0x00000000aec00000 0x00000000aec00000 O/8     Relocatable
 Small   0x00000000b3200000 0x00000000b33fffe8 0x00000000b3400000 O/8     Relocatable
 Small   0x00000000b3800000 0x00000000b39fffd8 0x00000000b3a00000 O/8     Relocatable
 Small   0x00000000b7a00000 0x00000000b7bffda8 0x00000000b7c00000 O/8     Relocatable
 Small   0x00000000b8000000 0x00000000b8200000 0x00000000b8200000 Y/12    Allocating 
 Small   0x00000000b8200000 0x00000000b8400000 0x00000000b8400000 O/8     Relocatable
 Small   0x00000000b8400000 0x00000000b8600000 0x00000000b8600000 Y/12    Allocating 
 Small   0x00000000b9c00000 0x00000000b9dfffe0 0x00000000b9e00000 O/8     Relocatable
 Small   0x00000000bb800000 0x00000000bb9ffff8 0x00000000bba00000 O/8     Relocatable
 Small   0x00000000bbc00000 0x00000000bbdfffe8 0x00000000bbe00000 O/8     Relocatable
 Small   0x00000000bbe00000 0x00000000bbffffe0 0x00000000bc000000 O/8     Relocatable
 Small   0x00000000bcc00000 0x00000000bcdfff88 0x00000000bce00000 O/8     Relocatable
 Small   0x00000000be600000 0x00000000be7ffff0 0x00000000be800000 O/8     Relocatable
 Small   0x00000000c0800000 0x00000000c09fffc0 0x00000000c0a00000 O/8     Relocatable
 Small   0x00000000c1e00000 0x00000000c1fffff8 0x00000000c2000000 Y/12    Allocating 
 Small   0x00000000c4000000 0x00000000c4200000 0x00000000c4200000 O/9     Allocating 
 Small   0x00000000c6800000 0x00000000c69ffba8 0x00000000c6a00000 O/8     Relocatable
 Small   0x00000000c7200000 0x00000000c7400000 0x00000000c7400000 Y/12    Allocating 
 Small   0x00000000c7e00000 0x00000000c7fffff8 0x00000000c8000000 O/8     Relocatable
 Small   0x00000000c8800000 0x00000000c89ffff0 0x00000000c8a00000 O/8     Relocatable
 Small   0x00000000c9400000 0x00000000c95fffd0 0x00000000c9600000 O/8     Relocatable
 Small   0x00000000c9800000 0x00000000c99fffe8 0x00000000c9a00000 O/8     Relocatable
 Small   0x00000000c9c00000 0x00000000c9dfffc8 0x00000000c9e00000 O/8     Relocatable
 Small   0x00000000ca800000 0x00000000caa00000 0x00000000caa00000 O/8     Relocatable
 Small   0x00000000cb800000 0x00000000cb9ffff8 0x00000000cba00000 O/8     Relocatable
 Small   0x00000000cc600000 0x00000000cc67a618 0x00000000cc800000 O/8     Relocatable
 Small   0x00000000cd800000 0x00000000cda00000 0x00000000cda00000 O/8     Relocatable
 Small   0x00000000cf000000 0x00000000cf200000 0x00000000cf200000 Y/12    Allocating 
 Small   0x00000000cfe00000 0x00000000d0000000 0x00000000d0000000 Y/12    Allocating 
 Small   0x00000000d0200000 0x00000000d03fffe8 0x00000000d0400000 O/8     Relocatable
 Small   0x00000000d1800000 0x00000000d19fffe8 0x00000000d1a00000 O/8     Relocatable
 Small   0x00000000d4600000 0x00000000d4800000 0x00000000d4800000 Y/12    Allocating 
 Small   0x00000000d4800000 0x00000000d4a00000 0x00000000d4a00000 Y/12    Allocating 
 Small   0x00000000d6a00000 0x00000000d6c00000 0x00000000d6c00000 O/8     Relocatable
 Small   0x00000000dc400000 0x00000000dc5fffe0 0x00000000dc600000 O/8     Relocatable
 Small   0x00000000dcc00000 0x00000000dcdffff8 0x00000000dce00000 O/9     Allocating 
 Small   0x00000000e0400000 0x00000000e0405f20 0x00000000e0600000 O/8     Relocatable
 Small   0x00000000e1400000 0x00000000e1600000 0x00000000e1600000 Y/12    Allocating 
 Small   0x00000000e3000000 0x00000000e3200000 0x00000000e3200000 Y/12    Allocating 
 Small   0x00000000e4600000 0x00000000e47fffe0 0x00000000e4800000 O/8     Relocatable
 Small   0x00000000e4a00000 0x00000000e4c00000 0x00000000e4c00000 O/8     Relocatable
 Small   0x00000000e5a00000 0x00000000e5c00000 0x00000000e5c00000 Y/12    Allocating 
 Small   0x00000000e6200000 0x00000000e6400000 0x00000000e6400000 Y/12    Allocating 
 Small   0x00000000e7400000 0x00000000e7600000 0x00000000e7600000 Y/12    Allocating 
 Small   0x00000000e7600000 0x00000000e7800000 0x00000000e7800000 O/9     Allocating 
 Small   0x00000000e8600000 0x00000000e8800000 0x00000000e8800000 O/9     Allocating 
 Small   0x00000000e8800000 0x00000000e8a00000 0x00000000e8a00000 Y/12    Allocating 
 Small   0x00000000e8e00000 0x00000000e8fffff0 0x00000000e9000000 O/8     Relocatable
 Small   0x00000000e9400000 0x00000000e95fffd0 0x00000000e9600000 O/8     Relocatable
 Small   0x00000000ea200000 0x00000000ea3fffb8 0x00000000ea400000 O/8     Relocatable
 Small   0x00000000ec200000 0x00000000ec3ffff8 0x00000000ec400000 O/9     Allocating 
 Small   0x00000000ec600000 0x00000000ec7fffe0 0x00000000ec800000 O/9     Allocating 
 Small   0x00000000eda00000 0x00000000edc00000 0x00000000edc00000 Y/12    Allocating 
 Small   0x00000000ef000000 0x00000000ef1ffbc0 0x00000000ef200000 O/8     Relocatable
 Small   0x00000000ef400000 0x00000000ef600000 0x00000000ef600000 Y/12    Allocating 
 Small   0x00000000efa00000 0x00000000efbfffa0 0x00000000efc00000 O/9     Allocating 
 Small   0x00000000efe00000 0x00000000eff91d70 0x00000000f0000000 O/8     Relocatable
 Small   0x00000000f1600000 0x00000000f17fffe8 0x00000000f1800000 O/8     Relocatable
 Small   0x00000000f2a00000 0x00000000f2bffff8 0x00000000f2c00000 O/9     Allocating 
 Small   0x00000000f2e00000 0x00000000f2ffffa0 0x00000000f3000000 O/9     Allocating 
 Small   0x00000000f3400000 0x00000000f3600000 0x00000000f3600000 Y/12    Allocating 
 Small   0x00000000f3c00000 0x00000000f3e00000 0x00000000f3e00000 Y/12    Allocating 
 Small   0x00000000f4000000 0x00000000f41fffd8 0x00000000f4200000 O/8     Relocatable
 Small   0x00000000f4600000 0x00000000f4800000 0x00000000f4800000 Y/12    Allocating 
 Small   0x00000000f4c00000 0x00000000f4e00000 0x00000000f4e00000 O/8     Relocatable
 Small   0x00000000f5000000 0x00000000f5200000 0x00000000f5200000 O/9     Allocating 
 Small   0x00000000f5200000 0x00000000f53fffc8 0x00000000f5400000 O/8     Relocatable
 Small   0x00000000f5600000 0x00000000f57fffd0 0x00000000f5800000 O/9     Allocating 
 Small   0x00000000f5800000 0x00000000f5a00000 0x00000000f5a00000 Y/12    Allocating 
 Small   0x00000000f6000000 0x00000000f6200000 0x00000000f6200000 Y/12    Allocating 
 Small   0x00000000f6400000 0x00000000f6600000 0x00000000f6600000 Y/12    Allocating 
 Small   0x00000000f6600000 0x00000000f6800000 0x00000000f6800000 Y/12    Allocating 
 Small   0x00000000fc000000 0x00000000fc200000 0x00000000fc200000 Y/12    Allocating 
 Small   0x00000000fd600000 0x00000000fd7ffff0 0x00000000fd800000 O/8     Relocatable
 Small   0x00000000fe000000 0x00000000fe200000 0x00000000fe200000 Y/12    Allocating 
 Small   0x00000000fea00000 0x00000000fec00000 0x00000000fec00000 O/9     Allocating 
 Small   0x00000000ff000000 0x00000000ff1fffe0 0x00000000ff200000 O/9     Allocating 
 Small   0x00000000ff200000 0x00000000ff3fffd0 0x00000000ff400000 O/9     Allocating 
 Small   0x00000000ff400000 0x00000000ff600000 0x00000000ff600000 Y/12    Allocating 
 Small   0x00000000ffa00000 0x00000000ffc00000 0x00000000ffc00000 Y/12    Allocating 
 Small   0x00000000ffc00000 0x00000000ffe00000 0x00000000ffe00000 Y/12    Allocating 
 Small   0x00000000ffe00000 0x0000000100000000 0x0000000100000000 Y/12    Allocating 
 Small   0x0000000100200000 0x0000000100400000 0x0000000100400000 Y/12    Allocating 
 Small   0x0000000100400000 0x0000000100600000 0x0000000100600000 Y/12    Allocating 
 Small   0x0000000100600000 0x0000000100800000 0x0000000100800000 Y/12    Allocating 
 Small   0x0000000102200000 0x0000000102400000 0x0000000102400000 Y/12    Allocating 
 Small   0x0000000102400000 0x00000001025ffff0 0x0000000102600000 O/9     Allocating 
 Small   0x0000000102600000 0x00000001027fffa0 0x0000000102800000 O/9     Allocating 
 Small   0x0000000102800000 0x00000001029fff90 0x0000000102a00000 O/9     Allocating 
 Small   0x0000000102a00000 0x0000000102c00000 0x0000000102c00000 Y/12    Allocating 
 Small   0x0000000107000000 0x0000000107200000 0x0000000107200000 Y/12    Allocating 
 Small   0x0000000107c00000 0x0000000107dfff80 0x0000000107e00000 O/8     Relocatable
 Small   0x0000000108200000 0x0000000108240000 0x0000000108400000 Y/12    Allocating 
 Small   0x0000000108800000 0x00000001089fffe8 0x0000000108a00000 O/8     Relocatable
 Small   0x0000000109400000 0x00000001095ffff8 0x0000000109600000 O/8     Relocatable
 Small   0x000000010a800000 0x000000010a9fffd0 0x000000010aa00000 O/9     Allocating 
 Small   0x000000010aa00000 0x000000010abfffd0 0x000000010ac00000 O/9     Allocating 
 Small   0x000000010f600000 0x000000010f800000 0x000000010f800000 O/8     Relocatable
 Small   0x0000000110800000 0x00000001109fffb0 0x0000000110a00000 O/8     Relocatable
 Small   0x0000000115c00000 0x0000000115dffff0 0x0000000115e00000 O/8     Relocatable
 Small   0x000000011a800000 0x000000011a9ffff0 0x000000011aa00000 O/9     Allocating 
 Small   0x000000011b200000 0x000000011b400000 0x000000011b400000 Y/12    Allocating 
 Small   0x000000011d600000 0x000000011d800000 0x000000011d800000 O/8     Relocatable
 Small   0x0000000121200000 0x00000001213ffff8 0x0000000121400000 O/8     Relocatable
 Small   0x0000000122c00000 0x0000000122dfff78 0x0000000122e00000 O/8     Relocatable
 Small   0x0000000128c00000 0x0000000128dfff78 0x0000000128e00000 O/8     Relocatable
 Small   0x000000012a600000 0x000000012a7ffff0 0x000000012a800000 O/8     Relocatable
 Small   0x000000012be00000 0x000000012bfffff8 0x000000012c000000 O/8     Relocatable
 Small   0x000000012e800000 0x000000012e9fffc8 0x000000012ea00000 O/8     Relocatable
 Small   0x000000012f000000 0x000000012f1fffd0 0x000000012f200000 O/8     Relocatable
 Small   0x0000000134800000 0x0000000134a00000 0x0000000134a00000 Y/12    Allocating 
 Small   0x000000013e200000 0x000000013e3fffe0 0x000000013e400000 O/8     Relocatable
 Small   0x0000000142e00000 0x0000000142f89a48 0x0000000143000000 O/8     Relocatable
 Small   0x0000000143600000 0x00000001437fffe8 0x0000000143800000 O/8     Relocatable
 Small   0x0000000146c00000 0x0000000146dffff8 0x0000000146e00000 O/8     Relocatable
 Small   0x0000000147a00000 0x0000000147bfffe0 0x0000000147c00000 O/8     Relocatable
 Small   0x0000000155e00000 0x0000000155ffffe0 0x0000000156000000 O/8     Relocatable
 Small   0x0000000156600000 0x00000001567fffe0 0x0000000156800000 O/8     Relocatable
 Small   0x000000015fa00000 0x000000015fc00000 0x000000015fc00000 O/8     Relocatable
 Small   0x0000000160400000 0x00000001605fffe8 0x0000000160600000 O/8     Relocatable
 Small   0x0000000161800000 0x00000001619ffff8 0x0000000161a00000 O/8     Relocatable
 Small   0x0000000167a00000 0x0000000167bffff0 0x0000000167c00000 O/8     Relocatable
 Small   0x000000016c200000 0x000000016c400000 0x000000016c400000 O/9     Allocating 
 Small   0x000000016d000000 0x000000016d200000 0x000000016d200000 Y/12    Allocating 
 Small   0x0000000171000000 0x00000001710692a8 0x0000000171200000 O/8     Relocatable
 Small   0x0000000171600000 0x00000001717fffe8 0x0000000171800000 O/8     Relocatable
 Small   0x0000000175800000 0x00000001759fffd8 0x0000000175a00000 O/8     Relocatable
 Small   0x0000000175e00000 0x0000000176000000 0x0000000176000000 Y/12    Allocating 
 Small   0x0000000179600000 0x0000000179800000 0x0000000179800000 Y/12    Allocating 
 Small   0x000000017a800000 0x000000017a9fffe8 0x000000017aa00000 O/9     Allocating 
 Small   0x000000017ae00000 0x000000017b000000 0x000000017b000000 Y/12    Allocating 
 Small   0x000000017b000000 0x000000017b1ffff0 0x000000017b200000 O/9     Allocating 
 Small   0x000000017b200000 0x000000017b400000 0x000000017b400000 Y/12    Allocating 
 Small   0x000000017b600000 0x000000017b7ffff8 0x000000017b800000 O/9     Allocating 
 Small   0x000000017b800000 0x000000017ba00000 0x000000017ba00000 Y/12    Allocating 
 Small   0x000000017ba00000 0x000000017bc00000 0x000000017bc00000 Y/12    Allocating 
 Small   0x000000017be00000 0x000000017c000000 0x000000017c000000 Y/12    Allocating 
 Small   0x000000017c000000 0x000000017c200000 0x000000017c200000 Y/12    Allocating 
 Small   0x000000017c200000 0x000000017c3ffff0 0x000000017c400000 O/9     Allocating 
 Small   0x000000017c600000 0x000000017c7ffff0 0x000000017c800000 O/9     Allocating 
 Small   0x000000017fa00000 0x000000017fc00000 0x000000017fc00000 Y/12    Allocating 
 Small   0x0000000185400000 0x00000001855ffff8 0x0000000185600000 O/9     Allocating 
 Small   0x0000000186a00000 0x0000000186bfffd0 0x0000000186c00000 O/8     Relocatable
 Small   0x0000000186e00000 0x0000000186ffffe8 0x0000000187000000 O/9     Allocating 
 Small   0x0000000188e00000 0x0000000189000000 0x0000000189000000 Y/12    Allocating 
 Small   0x000000018d000000 0x000000018d200000 0x000000018d200000 Y/12    Allocating 
 Small   0x000000018e800000 0x000000018ea00000 0x000000018ea00000 O/8     Relocatable
 Small   0x0000000192200000 0x00000001923ffff0 0x0000000192400000 O/9     Allocating 
 Small   0x0000000192800000 0x00000001929fffe8 0x0000000192a00000 O/9     Allocating 
 Small   0x0000000193200000 0x0000000193400000 0x0000000193400000 Y/12    Allocating 
 Small   0x0000000194200000 0x0000000194400000 0x0000000194400000 Y/12    Allocating 
 Small   0x000000019d400000 0x000000019d600000 0x000000019d600000 Y/12    Allocating 
 Small   0x000000019fe00000 0x00000001a0000000 0x00000001a0000000 O/9     Allocating 
 Small   0x00000001a0000000 0x00000001a01fffa8 0x00000001a0200000 O/8     Relocatable
 Small   0x00000001a0e00000 0x00000001a1000000 0x00000001a1000000 Y/12    Allocating 
 Small   0x00000001a3000000 0x00000001a31fffe0 0x00000001a3200000 O/9     Allocating 
 Small   0x00000001a5200000 0x00000001a5400000 0x00000001a5400000 Y/12    Allocating 
 Small   0x00000001a6200000 0x00000001a6400000 0x00000001a6400000 Y/12    Allocating 
 Small   0x00000001a6600000 0x00000001a67ffff8 0x00000001a6800000 O/8     Relocatable
 Small   0x00000001a9400000 0x00000001a95fffe0 0x00000001a9600000 O/9     Allocating 
 Small   0x00000001aa400000 0x00000001aa600000 0x00000001aa600000 Y/12    Allocating 
 Small   0x00000001aa600000 0x00000001aa800000 0x00000001aa800000 Y/12    Allocating 
 Small   0x00000001abc00000 0x00000001abdffff0 0x00000001abe00000 O/8     Relocatable
 Small   0x00000001afa00000 0x00000001afbfffe0 0x00000001afc00000 O/8     Relocatable
 Small   0x00000001b4a00000 0x00000001b4c00000 0x00000001b4c00000 Y/12    Allocating 
 Small   0x00000001b5e00000 0x00000001b6000000 0x00000001b6000000 Y/12    Allocating 
 Small   0x00000001b9600000 0x00000001b9800000 0x00000001b9800000 Y/12    Allocating 
 Small   0x00000001bbe00000 0x00000001bc000000 0x00000001bc000000 Y/12    Allocating 
 Small   0x00000001bc400000 0x00000001bc5ffff8 0x00000001bc600000 O/9     Allocating 
 Small   0x00000001bc600000 0x00000001bc800000 0x00000001bc800000 Y/12    Allocating 
 Small   0x00000001bc800000 0x00000001bca00000 0x00000001bca00000 Y/12    Allocating 
 Small   0x00000001bcc00000 0x00000001bce00000 0x00000001bce00000 Y/12    Allocating 
 Small   0x00000001bd200000 0x00000001bd400000 0x00000001bd400000 O/9     Allocating 
 Small   0x00000001bd600000 0x00000001bd800000 0x00000001bd800000 Y/12    Allocating 
 Small   0x00000001c3a00000 0x00000001c3c00000 0x00000001c3c00000 Y/12    Allocating 
 Small   0x00000001c3c00000 0x00000001c3e00000 0x00000001c3e00000 Y/12    Allocating 
 Small   0x00000001c3e00000 0x00000001c4000000 0x00000001c4000000 Y/12    Allocating 
 Small   0x00000001c4a00000 0x00000001c4c00000 0x00000001c4c00000 Y/12    Allocating 
 Small   0x00000001c5400000 0x00000001c5600000 0x00000001c5600000 Y/12    Allocating 
 Small   0x00000001c6e00000 0x00000001c7000000 0x00000001c7000000 Y/12    Allocating 
 Small   0x00000001c7800000 0x00000001c79ffff8 0x00000001c7a00000 O/8     Relocatable
 Small   0x00000001c8600000 0x00000001c87fffe8 0x00000001c8800000 O/8     Relocatable
 Small   0x00000001cba00000 0x00000001cbbfff88 0x00000001cbc00000 O/9     Allocating 
 Small   0x00000001cd000000 0x00000001cd1fffe8 0x00000001cd200000 O/9     Allocating 
 Small   0x00000001ce000000 0x00000001ce200000 0x00000001ce200000 Y/12    Allocating 
 Small   0x00000001ce800000 0x00000001ce9fffe8 0x00000001cea00000 O/9     Allocating 
 Small   0x00000001cfe00000 0x00000001d0000000 0x00000001d0000000 Y/12    Allocating 
 Small   0x00000001d0800000 0x00000001d09fff98 0x00000001d0a00000 O/9     Allocating 
 Small   0x00000001d0c00000 0x00000001d0e00000 0x00000001d0e00000 O/9     Allocating 
 Small   0x00000001d1600000 0x00000001d17fff70 0x00000001d1800000 O/8     Relocatable
 Small   0x00000001d2200000 0x00000001d2200140 0x00000001d2400000 Y/12    Allocating 
 Small   0x00000001d4400000 0x00000001d4600000 0x00000001d4600000 Y/12    Allocating 
 Small   0x00000001d4600000 0x00000001d4800000 0x00000001d4800000 Y/12    Allocating 
 Small   0x00000001d8400000 0x00000001d8600000 0x00000001d8600000 Y/12    Allocating 
 Small   0x00000001d8600000 0x00000001d8800000 0x00000001d8800000 Y/12    Allocating 
 Small   0x00000001d8e00000 0x00000001d9000000 0x00000001d9000000 Y/12    Allocating 
 Small   0x00000001d9600000 0x00000001d97fffd0 0x00000001d9800000 O/8     Relocatable
 Small   0x00000001dd000000 0x00000001dd200000 0x00000001dd200000 Y/12    Allocating 
 Small   0x00000001dd200000 0x00000001dd299a88 0x00000001dd400000 O/8     Relocatable
 Small   0x00000001dde00000 0x00000001dde000f0 0x00000001de000000 O/8     Relocatable
 Small   0x00000001de400000 0x00000001de600000 0x00000001de600000 Y/12    Allocating 
 Small   0x00000001dee00000 0x00000001deffffe0 0x00000001df000000 O/8     Relocatable
 Small   0x00000001df000000 0x00000001df200000 0x00000001df200000 Y/12    Allocating 
 Small   0x00000001e2400000 0x00000001e25fffe0 0x00000001e2600000 O/9     Allocating 
 Small   0x00000001e2600000 0x00000001e2800000 0x00000001e2800000 Y/12    Allocating 
 Small   0x00000001e2800000 0x00000001e29fffd8 0x00000001e2a00000 O/9     Allocating 
 Small   0x00000001e3e00000 0x00000001e4000000 0x00000001e4000000 O/9     Allocating 
 Small   0x00000001e4000000 0x00000001e4200000 0x00000001e4200000 Y/12    Allocating 
 Small   0x00000001e4600000 0x00000001e47fffd0 0x00000001e4800000 O/9     Allocating 
 Small   0x00000001e5400000 0x00000001e55fff90 0x00000001e5600000 O/9     Allocating 
 Small   0x00000001e5800000 0x00000001e5809010 0x00000001e5a00000 O/8     Relocatable
 Small   0x00000001e5a00000 0x00000001e5c00000 0x00000001e5c00000 Y/12    Allocating 
 Small   0x00000001eac00000 0x00000001eadfffd0 0x00000001eae00000 O/8     Relocatable
 Small   0x00000001eae00000 0x00000001eaffff90 0x00000001eb000000 O/9     Allocating 
 Small   0x00000001ebe00000 0x00000001ebfffff8 0x00000001ec000000 O/9     Allocating 
 Small   0x00000001ec600000 0x00000001ec800000 0x00000001ec800000 Y/12    Allocating 
 Small   0x00000001ec800000 0x00000001eca00000 0x00000001eca00000 Y/12    Allocating 
 Small   0x00000001ecc00000 0x00000001ece00000 0x00000001ece00000 Y/12    Allocating 
 Small   0x00000001ed400000 0x00000001ed600000 0x00000001ed600000 Y/12    Allocating 
 Small   0x00000001ed600000 0x00000001ed7fffc0 0x00000001ed800000 O/9     Allocating 
 Small   0x00000001ef200000 0x00000001ef400000 0x00000001ef400000 Y/12    Allocating 
 Small   0x00000001efc00000 0x00000001efe00000 0x00000001efe00000 Y/12    Allocating 
 Small   0x00000001f0e00000 0x00000001f1000000 0x00000001f1000000 Y/12    Allocating 
 Small   0x00000001f1a00000 0x00000001f1c00000 0x00000001f1c00000 Y/12    Allocating 
 Small   0x00000001f2800000 0x00000001f29ff890 0x00000001f2a00000 Y/12    Allocating 
 Small   0x00000001f5400000 0x00000001f5600000 0x00000001f5600000 Y/12    Allocating 
 Small   0x00000001f7400000 0x00000001f7600000 0x00000001f7600000 O/9     Allocating 
 Small   0x00000001fb000000 0x00000001fb200000 0x00000001fb200000 Y/12    Allocating 
 Small   0x00000001fd200000 0x00000001fd400000 0x00000001fd400000 Y/12    Allocating 
 Small   0x00000001fde00000 0x00000001fdfffff8 0x00000001fe000000 O/8     Relocatable
 Small   0x00000001fe000000 0x00000001fe200000 0x00000001fe200000 Y/12    Allocating 
 Small   0x00000001fe200000 0x00000001fe400000 0x00000001fe400000 Y/12    Allocating 
 Small   0x00000001fe400000 0x00000001fe5fffd8 0x00000001fe600000 O/8     Relocatable
 Small   0x00000001fee00000 0x00000001ff000000 0x00000001ff000000 Y/12    Allocating 
 Small   0x00000001ff400000 0x00000001ff600000 0x00000001ff600000 Y/12    Allocating 
 Small   0x00000001ff600000 0x00000001ff800000 0x00000001ff800000 O/9     Allocating 
 Small   0x00000001ffc00000 0x00000001ffe00000 0x00000001ffe00000 Y/12    Allocating 
 Small   0x0000000200000000 0x0000000200200000 0x0000000200200000 Y/12    Allocating 
 Small   0x0000000200400000 0x00000002005fffc8 0x0000000200600000 O/8     Relocatable
 Small   0x0000000200800000 0x00000002009fffe0 0x0000000200a00000 O/9     Allocating 
 Small   0x0000000200c00000 0x0000000200e00000 0x0000000200e00000 O/9     Allocating 
 Small   0x0000000200e00000 0x0000000201000000 0x0000000201000000 Y/12    Allocating 
 Small   0x0000000201200000 0x00000002013fffc0 0x0000000201400000 O/9     Allocating 
 Small   0x0000000201400000 0x0000000201600000 0x0000000201600000 Y/12    Allocating 
 Small   0x0000000202200000 0x0000000202400000 0x0000000202400000 Y/12    Allocating 
 Small   0x0000000202600000 0x00000002027ffff8 0x0000000202800000 O/8     Relocatable
 Small   0x0000000202800000 0x0000000202a00000 0x0000000202a00000 Y/12    Allocating 
 Small   0x0000000202a00000 0x0000000202c00000 0x0000000202c00000 Y/12    Allocating 
 Small   0x0000000203200000 0x0000000203400000 0x0000000203400000 Y/12    Allocating 
 Small   0x0000000205a00000 0x0000000205bffff0 0x0000000205c00000 O/8     Relocatable
 Small   0x0000000206200000 0x00000002063fffa8 0x0000000206400000 O/9     Allocating 
 Small   0x0000000207000000 0x0000000207200000 0x0000000207200000 Y/12    Allocating 
 Small   0x0000000208400000 0x00000002085ffff0 0x0000000208600000 O/8     Relocatable
 Small   0x0000000208c00000 0x0000000208e00000 0x0000000208e00000 Y/12    Allocating 
 Small   0x0000000209e00000 0x0000000209ffffe8 0x000000020a000000 O/8     Relocatable
 Small   0x000000020a000000 0x000000020a1fffd8 0x000000020a200000 O/8     Relocatable
 Small   0x000000020ea00000 0x000000020ec00000 0x000000020ec00000 O/8     Relocatable
 Small   0x000000020ee00000 0x000000020f000000 0x000000020f000000 Y/12    Allocating 
 Small   0x000000020f200000 0x000000020f3ffff8 0x000000020f400000 O/9     Allocating 
 Small   0x000000020f400000 0x000000020f600000 0x000000020f600000 O/9     Allocating 
 Small   0x000000020f800000 0x000000020f9ffff0 0x000000020fa00000 O/8     Relocatable
 Small   0x0000000211800000 0x0000000211a00000 0x0000000211a00000 Y/12    Allocating 
 Small   0x0000000211a00000 0x0000000211c00000 0x0000000211c00000 Y/12    Allocating 
 Small   0x0000000213e00000 0x0000000214000000 0x0000000214000000 Y/12    Allocating 
 Small   0x0000000214200000 0x0000000214400000 0x0000000214400000 Y/12    Allocating 
 Small   0x0000000214400000 0x0000000214600000 0x0000000214600000 Y/12    Allocating 
 Small   0x0000000214600000 0x0000000214800000 0x0000000214800000 Y/12    Allocating 
 Small   0x0000000214e00000 0x0000000214ffffc8 0x0000000215000000 O/9     Allocating 
 Small   0x0000000215000000 0x00000002151fff98 0x0000000215200000 O/9     Allocating 
 Small   0x0000000215200000 0x00000002153ffff8 0x0000000215400000 O/8     Relocatable
 Small   0x0000000215e00000 0x0000000215ffffc8 0x0000000216000000 O/8     Relocatable
 Small   0x0000000216000000 0x0000000216200000 0x0000000216200000 Y/12    Allocating 
 Small   0x0000000216200000 0x0000000216400000 0x0000000216400000 Y/12    Allocating 
 Small   0x0000000216a00000 0x0000000216bfff78 0x0000000216c00000 O/9     Allocating 
 Small   0x0000000218e00000 0x0000000218ffffa0 0x0000000219000000 O/8     Relocatable
 Small   0x0000000219000000 0x0000000219200000 0x0000000219200000 Y/12    Allocating 
 Small   0x0000000219200000 0x0000000219280000 0x0000000219400000 Y/12    Allocating 
 Small   0x0000000219400000 0x00000002195fffc8 0x0000000219600000 O/9     Allocating 
 Small   0x0000000219a00000 0x0000000219c00000 0x0000000219c00000 Y/12    Allocating 
 Small   0x000000021a000000 0x000000021a200000 0x000000021a200000 Y/12    Allocating 
 Small   0x000000021a600000 0x000000021a800000 0x000000021a800000 Y/12    Allocating 
 Small   0x000000021ae00000 0x000000021b000000 0x000000021b000000 Y/12    Allocating 
 Small   0x000000021b000000 0x000000021b200000 0x000000021b200000 Y/12    Allocating 
 Small   0x000000021b200000 0x000000021b400000 0x000000021b400000 Y/12    Allocating 
 Small   0x000000021b400000 0x000000021b5fffe8 0x000000021b600000 O/8     Relocatable
 Small   0x000000021b600000 0x000000021b800000 0x000000021b800000 Y/12    Allocating 
 Small   0x000000021b800000 0x000000021b9fffd0 0x000000021ba00000 O/9     Allocating 
 Small   0x000000021ba00000 0x000000021bbfffe8 0x000000021bc00000 O/8     Relocatable
 Small   0x000000021bc00000 0x000000021be00000 0x000000021be00000 Y/12    Allocating 
 Small   0x000000021be00000 0x000000021bffffd0 0x000000021c000000 O/8     Relocatable
 Small   0x000000021c800000 0x000000021c9fffe8 0x000000021ca00000 O/9     Allocating 
 Small   0x000000021ce00000 0x000000021cffffb0 0x000000021d000000 O/9     Allocating 
 Small   0x000000021d000000 0x000000021d200000 0x000000021d200000 Y/12    Allocating 
 Small   0x000000021d400000 0x000000021d5fffe0 0x000000021d600000 O/9     Allocating 
 Small   0x000000021e000000 0x000000021e200000 0x000000021e200000 Y/12    Allocating 
 Small   0x000000021e800000 0x000000021e9fffe8 0x000000021ea00000 O/9     Allocating 
 Small   0x000000021ea00000 0x000000021ec00000 0x000000021ec00000 Y/12    Allocating 
 Small   0x000000021ee00000 0x000000021effffe8 0x000000021f000000 O/8     Relocatable
 Small   0x000000021f400000 0x000000021f5fffc0 0x000000021f600000 O/9     Allocating 
 Small   0x000000021f600000 0x000000021f800000 0x000000021f800000 Y/12    Allocating 
 Small   0x000000021f800000 0x000000021fa00000 0x000000021fa00000 Y/12    Allocating 
 Small   0x000000021fe00000 0x0000000220000000 0x0000000220000000 Y/12    Allocating 
 Small   0x0000000220600000 0x0000000220800000 0x0000000220800000 Y/12    Allocating 
 Small   0x0000000220c00000 0x0000000220e00000 0x0000000220e00000 Y/12    Allocating 
 Small   0x0000000220e00000 0x0000000221000000 0x0000000221000000 Y/12    Allocating 
 Small   0x0000000221000000 0x00000002211fffe8 0x0000000221200000 O/9     Allocating 
 Small   0x0000000221600000 0x00000002217fffe0 0x0000000221800000 O/8     Relocatable
 Small   0x0000000221c00000 0x0000000221dffff0 0x0000000221e00000 O/9     Allocating 
 Small   0x0000000222800000 0x0000000222a00000 0x0000000222a00000 Y/12    Allocating 
 Small   0x0000000222a00000 0x0000000222c00000 0x0000000222c00000 Y/12    Allocating 
 Small   0x0000000223000000 0x0000000223200000 0x0000000223200000 Y/12    Allocating 
 Small   0x0000000223c00000 0x0000000223dfffe8 0x0000000223e00000 O/8     Relocatable
 Small   0x0000000224800000 0x0000000224a00000 0x0000000224a00000 Y/12    Allocating 
 Small   0x0000000224e00000 0x0000000224ffffe0 0x0000000225000000 O/8     Relocatable
 Small   0x0000000225000000 0x00000002251fffe0 0x0000000225200000 O/9     Allocating 
 Small   0x0000000225800000 0x00000002259ffff8 0x0000000225a00000 O/8     Relocatable
 Small   0x0000000226000000 0x0000000226200000 0x0000000226200000 Y/12    Allocating 
 Small   0x0000000226200000 0x0000000226400000 0x0000000226400000 Y/12    Allocating 
 Small   0x0000000226e00000 0x0000000226ffffd0 0x0000000227000000 O/8     Relocatable
 Small   0x0000000227600000 0x0000000227800000 0x0000000227800000 O/8     Relocatable
 Small   0x0000000227800000 0x0000000227a00000 0x0000000227a00000 Y/12    Allocating 
 Small   0x0000000227e00000 0x0000000228000000 0x0000000228000000 O/8     Relocatable
 Small   0x0000000228000000 0x00000002281fffd0 0x0000000228200000 O/9     Allocating 
 Small   0x0000000228600000 0x0000000228800000 0x0000000228800000 Y/12    Allocating 
 Small   0x0000000228c00000 0x0000000228dfffe8 0x0000000228e00000 O/8     Relocatable
 Small   0x0000000229a00000 0x0000000229bffff8 0x0000000229c00000 O/8     Relocatable
 Small   0x0000000229c00000 0x0000000229c636c8 0x0000000229e00000 O/8     Relocatable
 Small   0x0000000229e00000 0x000000022a000000 0x000000022a000000 Y/12    Allocating 
 Small   0x000000022a200000 0x000000022a400000 0x000000022a400000 Y/12    Allocating 
 Small   0x000000022a600000 0x000000022a7fffe0 0x000000022a800000 O/9     Allocating 
 Small   0x000000022a800000 0x000000022aa00000 0x000000022aa00000 Y/12    Allocating 
 Small   0x000000022ae00000 0x000000022b000000 0x000000022b000000 Y/12    Allocating 
 Small   0x000000022b000000 0x000000022b1ffff0 0x000000022b200000 O/9     Allocating 
 Small   0x000000022b200000 0x000000022b200768 0x000000022b400000 O/8     Relocatable
 Small   0x000000022b800000 0x000000022b9fffa8 0x000000022ba00000 O/9     Allocating 
 Small   0x000000022bc00000 0x000000022be00000 0x000000022be00000 Y/12    Allocating 
 Small   0x000000022c000000 0x000000022c200000 0x000000022c200000 Y/12    Allocating 
 Small   0x000000022c200000 0x000000022c400000 0x000000022c400000 Y/12    Allocating 
 Small   0x000000022c600000 0x000000022c76e318 0x000000022c800000 O/8     Relocatable
 Small   0x000000022c800000 0x000000022c8004c0 0x000000022ca00000 O/8     Relocatable
 Small   0x000000022cc00000 0x000000022cdfffd8 0x000000022ce00000 O/9     Allocating 
 Small   0x000000022d400000 0x000000022d5fe760 0x000000022d600000 O/8     Relocatable
 Small   0x000000022d800000 0x000000022d9fff60 0x000000022da00000 O/8     Relocatable
 Small   0x000000022dc00000 0x000000022de00000 0x000000022de00000 Y/12    Allocating 
 Small   0x0000000230400000 0x0000000230600000 0x0000000230600000 O/8     Relocatable
 Small   0x0000000230c00000 0x0000000230e00000 0x0000000230e00000 O/8     Relocatable
 Small   0x0000000230e00000 0x0000000231000000 0x0000000231000000 O/8     Relocatable
 Small   0x0000000231200000 0x00000002313ffff0 0x0000000231400000 O/8     Relocatable
 Small   0x0000000231800000 0x00000002319fffe8 0x0000000231a00000 O/9     Allocating 
 Small   0x0000000232c00000 0x0000000232e00000 0x0000000232e00000 Y/12    Allocating 
 Small   0x0000000232e00000 0x0000000232ffffe8 0x0000000233000000 O/8     Relocatable
 Small   0x0000000233000000 0x0000000233200000 0x0000000233200000 O/8     Relocatable
 Small   0x0000000233600000 0x0000000233800000 0x0000000233800000 Y/12    Allocating 
 Small   0x0000000233a00000 0x0000000233c00000 0x0000000233c00000 Y/12    Allocating 
 Small   0x0000000233c00000 0x0000000233dfffe0 0x0000000233e00000 O/8     Relocatable
 Small   0x0000000234400000 0x0000000234600000 0x0000000234600000 Y/12    Allocating 
 Small   0x0000000234a00000 0x0000000234bffff8 0x0000000234c00000 O/8     Relocatable
 Small   0x0000000234e00000 0x0000000235000000 0x0000000235000000 Y/12    Allocating 
 Small   0x0000000235000000 0x0000000235200000 0x0000000235200000 Y/12    Allocating 
 Small   0x0000000235800000 0x0000000235a00000 0x0000000235a00000 Y/12    Allocating 
 Small   0x0000000235a00000 0x0000000235bfffd8 0x0000000235c00000 O/9     Allocating 
 Small   0x0000000235c00000 0x0000000235dfffd8 0x0000000235e00000 O/9     Allocating 
 Small   0x0000000236600000 0x00000002367fffb8 0x0000000236800000 O/9     Allocating 
 Small   0x0000000236c00000 0x0000000236dfff28 0x0000000236e00000 O/9     Allocating 
 Small   0x0000000236e00000 0x0000000236ffffc0 0x0000000237000000 O/8     Relocatable
 Small   0x0000000237000000 0x0000000237200000 0x0000000237200000 Y/12    Allocating 
 Small   0x0000000237400000 0x0000000237600000 0x0000000237600000 Y/12    Allocating 
 Small   0x0000000237600000 0x00000002377ffff0 0x0000000237800000 O/9     Allocating 
 Small   0x0000000237800000 0x0000000237a00000 0x0000000237a00000 Y/12    Allocating 
 Small   0x0000000237a00000 0x0000000237c00000 0x0000000237c00000 Y/12    Allocating 
 Small   0x0000000237c00000 0x0000000237e00000 0x0000000237e00000 Y/12    Allocating 
 Small   0x0000000237e00000 0x0000000238000000 0x0000000238000000 O/9     Allocating 
 Small   0x0000000238200000 0x00000002383fffd8 0x0000000238400000 O/8     Relocatable
 Small   0x0000000238400000 0x00000002384002e8 0x0000000238600000 O/8     Relocatable
 Small   0x0000000238600000 0x0000000238800000 0x0000000238800000 Y/12    Allocating 
 Small   0x0000000239000000 0x000000023918fc58 0x0000000239200000 O/8     Relocatable
 Small   0x0000000239200000 0x0000000239400000 0x0000000239400000 O/9     Allocating 
 Small   0x0000000239800000 0x00000002399ffff8 0x0000000239a00000 O/8     Relocatable
 Small   0x0000000239a00000 0x0000000239bffff0 0x0000000239c00000 O/8     Relocatable
 Small   0x0000000239c00000 0x0000000239e00000 0x0000000239e00000 Y/12    Allocating 
 Small   0x0000000239e00000 0x0000000239fffff0 0x000000023a000000 O/8     Relocatable
 Small   0x000000023a000000 0x000000023a1fffd0 0x000000023a200000 O/9     Allocating 
 Small   0x000000023a800000 0x000000023aa00000 0x000000023aa00000 Y/12    Allocating 
 Small   0x000000023ac00000 0x000000023adfff90 0x000000023ae00000 O/9     Allocating 
 Small   0x000000023ae00000 0x000000023affffe8 0x000000023b000000 O/9     Allocating 
 Small   0x000000023b000000 0x000000023b200000 0x000000023b200000 Y/12    Allocating 
 Small   0x000000023b400000 0x000000023b5ffff8 0x000000023b600000 O/8     Relocatable
 Small   0x000000023b600000 0x000000023b800000 0x000000023b800000 O/8     Relocatable
 Small   0x000000023ba00000 0x000000023bbfffe0 0x000000023bc00000 O/8     Relocatable
 Small   0x000000023bc00000 0x000000023bdffff0 0x000000023be00000 O/9     Allocating 
 Small   0x000000023be00000 0x000000023c000000 0x000000023c000000 Y/12    Allocating 
 Small   0x000000023c000000 0x000000023c200000 0x000000023c200000 Y/12    Allocating 
 Small   0x000000023c600000 0x000000023c800000 0x000000023c800000 Y/12    Allocating 
 Small   0x000000023cc00000 0x000000023cdfffe0 0x000000023ce00000 O/8     Relocatable
 Small   0x000000023d400000 0x000000023d600000 0x000000023d600000 Y/12    Allocating 
 Small   0x000000023d600000 0x000000023d800000 0x000000023d800000 O/8     Relocatable
 Small   0x000000023de00000 0x000000023e000000 0x000000023e000000 Y/12    Allocating 
 Small   0x000000023e400000 0x000000023e5fffc0 0x000000023e600000 O/8     Relocatable
 Small   0x000000023f000000 0x000000023f1fff90 0x000000023f200000 O/8     Relocatable
 Small   0x000000023f400000 0x000000023f5fffe8 0x000000023f600000 O/9     Allocating 
 Small   0x000000023f600000 0x000000023f800000 0x000000023f800000 Y/12    Allocating 
 Small   0x000000023f800000 0x000000023fa00000 0x000000023fa00000 Y/12    Allocating 
 Small   0x000000023fc00000 0x000000023fe00000 0x000000023fe00000 O/8     Relocatable
 Small   0x0000000240000000 0x00000002401ffff8 0x0000000240200000 O/8     Relocatable
 Small   0x0000000240200000 0x0000000240400000 0x0000000240400000 Y/12    Allocating 
 Small   0x0000000240800000 0x00000002409ffff0 0x0000000240a00000 O/8     Relocatable
 Small   0x0000000241400000 0x0000000241551580 0x0000000241600000 O/8     Relocatable
 Small   0x0000000241600000 0x0000000241800000 0x0000000241800000 Y/12    Allocating 
 Small   0x0000000241800000 0x0000000241a00000 0x0000000241a00000 O/8     Relocatable
 Small   0x0000000241c00000 0x0000000241dfffc0 0x0000000241e00000 O/8     Relocatable
 Small   0x0000000242000000 0x00000002421ffff0 0x0000000242200000 O/8     Relocatable
 Small   0x0000000242200000 0x00000002423ffff8 0x0000000242400000 O/9     Allocating 
 Small   0x0000000242400000 0x0000000242600000 0x0000000242600000 Y/12    Allocating 
 Small   0x0000000242800000 0x00000002429fffd8 0x0000000242a00000 O/8     Relocatable
 Small   0x0000000242c00000 0x0000000242dffff8 0x0000000242e00000 O/8     Relocatable
 Small   0x0000000242e00000 0x0000000242ffffe8 0x0000000243000000 O/8     Relocatable
 Small   0x0000000243200000 0x00000002433fffd8 0x0000000243400000 O/8     Relocatable
 Small   0x0000000243400000 0x0000000243600000 0x0000000243600000 Y/12    Allocating 
 Small   0x0000000243c00000 0x0000000243dfffd0 0x0000000243e00000 O/8     Relocatable
 Small   0x0000000243e00000 0x0000000244000000 0x0000000244000000 Y/12    Allocating 
 Small   0x0000000244000000 0x0000000244200000 0x0000000244200000 Y/12    Allocating 
 Small   0x0000000244600000 0x00000002447ffff0 0x0000000244800000 O/8     Relocatable
 Small   0x0000000244800000 0x0000000244a00000 0x0000000244a00000 Y/12    Allocating 
 Small   0x0000000244e00000 0x0000000244fffff0 0x0000000245000000 O/9     Allocating 
 Small   0x0000000245400000 0x00000002455fffe0 0x0000000245600000 O/9     Allocating 
 Small   0x0000000245600000 0x00000002456f2ed0 0x0000000245800000 O/8     Relocatable
 Small   0x0000000245800000 0x0000000245a00000 0x0000000245a00000 Y/12    Allocating 
 Small   0x0000000245c00000 0x0000000245e00000 0x0000000245e00000 Y/12    Allocating 
 Small   0x0000000246200000 0x0000000246400000 0x0000000246400000 Y/12    Allocating 
 Small   0x0000000246400000 0x0000000246600000 0x0000000246600000 Y/12    Allocating 
 Small   0x0000000246a00000 0x0000000246bfff90 0x0000000246c00000 O/9     Allocating 
 Small   0x0000000247600000 0x0000000247800000 0x0000000247800000 Y/12    Allocating 
 Small   0x0000000247800000 0x00000002479fffc8 0x0000000247a00000 O/9     Allocating 
 Small   0x0000000247a00000 0x0000000247c00000 0x0000000247c00000 Y/12    Allocating 
 Small   0x0000000247e00000 0x0000000248000000 0x0000000248000000 Y/12    Allocating 
 Small   0x0000000248400000 0x0000000248600000 0x0000000248600000 Y/12    Allocating 
 Small   0x0000000248a00000 0x0000000248c00000 0x0000000248c00000 Y/12    Allocating 
 Small   0x0000000248c00000 0x0000000248dffff0 0x0000000248e00000 O/8     Relocatable
 Small   0x0000000248e00000 0x0000000249000000 0x0000000249000000 O/8     Relocatable
 Small   0x0000000249200000 0x0000000249400000 0x0000000249400000 Y/12    Allocating 
 Small   0x0000000249600000 0x0000000249800000 0x0000000249800000 Y/12    Allocating 
 Small   0x0000000249800000 0x00000002499fffb0 0x0000000249a00000 O/8     Relocatable
 Small   0x0000000249e00000 0x0000000249ffffd0 0x000000024a000000 O/8     Relocatable
 Small   0x000000024a000000 0x000000024a1fffb8 0x000000024a200000 O/8     Relocatable
 Small   0x000000024a200000 0x000000024a3ffd18 0x000000024a400000 O/8     Relocatable
 Small   0x000000024a400000 0x000000024a5fffd0 0x000000024a600000 O/9     Allocating 
 Small   0x000000024aa00000 0x000000024abfffd8 0x000000024ac00000 O/9     Allocating 
 Small   0x000000024ac00000 0x000000024adfffd8 0x000000024ae00000 O/9     Allocating 
 Small   0x000000024ae00000 0x000000024b000000 0x000000024b000000 Y/12    Allocating 
 Small   0x000000024b600000 0x000000024b800000 0x000000024b800000 Y/12    Allocating 
 Small   0x000000024c600000 0x000000024c7ffff8 0x000000024c800000 O/8     Relocatable
 Small   0x000000024c800000 0x000000024ca00000 0x000000024ca00000 Y/12    Allocating 
 Small   0x000000024ca00000 0x000000024cc00000 0x000000024cc00000 Y/12    Allocating 
 Small   0x000000024cc00000 0x000000024cdfffe8 0x000000024ce00000 O/8     Relocatable
 Small   0x000000024d000000 0x000000024d200000 0x000000024d200000 Y/12    Allocating 
 Small   0x000000024d600000 0x000000024d800000 0x000000024d800000 Y/12    Allocating 
 Small   0x000000024da00000 0x000000024dc00000 0x000000024dc00000 Y/12    Allocating 
 Small   0x000000024dc00000 0x000000024de00000 0x000000024de00000 Y/12    Allocating 
 Small   0x000000024e200000 0x000000024e3fffc0 0x000000024e400000 O/8     Relocatable
 Small   0x000000024e400000 0x000000024e600000 0x000000024e600000 O/9     Allocating 
 Small   0x000000024e800000 0x000000024e9fffe8 0x000000024ea00000 O/9     Allocating 
 Small   0x000000024ea00000 0x000000024ec00000 0x000000024ec00000 Y/12    Allocating 
 Small   0x000000024ec00000 0x000000024ee00000 0x000000024ee00000 Y/12    Allocating 
 Small   0x000000024ee00000 0x000000024efffff8 0x000000024f000000 O/8     Relocatable
 Small   0x000000024f200000 0x000000024f400000 0x000000024f400000 Y/12    Allocating 
 Small   0x000000024f400000 0x000000024f5fffc8 0x000000024f600000 O/9     Allocating 
 Small   0x000000024fa00000 0x000000024fbffff8 0x000000024fc00000 O/8     Relocatable
 Small   0x000000024fc00000 0x000000024fe00000 0x000000024fe00000 Y/12    Allocating 
 Small   0x0000000250000000 0x00000002501fffc0 0x0000000250200000 O/8     Relocatable
 Small   0x0000000250600000 0x0000000250800000 0x0000000250800000 O/8     Relocatable
 Small   0x0000000250800000 0x00000002509ffff8 0x0000000250a00000 O/8     Relocatable
 Small   0x0000000250a00000 0x0000000250c00000 0x0000000250c00000 O/9     Allocating 
 Small   0x0000000250e00000 0x0000000251000000 0x0000000251000000 Y/12    Allocating 
 Small   0x0000000251400000 0x00000002515ffff8 0x0000000251600000 O/8     Relocatable
 Small   0x0000000251600000 0x00000002517fffc8 0x0000000251800000 O/9     Allocating 
 Small   0x0000000252000000 0x00000002521ffff8 0x0000000252200000 O/8     Relocatable
 Small   0x0000000252c00000 0x0000000252dffff0 0x0000000252e00000 O/9     Allocating 
 Small   0x0000000252e00000 0x0000000253000000 0x0000000253000000 Y/12    Allocating 
 Small   0x0000000253400000 0x00000002535fffc8 0x0000000253600000 O/9     Allocating 
 Small   0x0000000253600000 0x00000002537ffff0 0x0000000253800000 O/8     Relocatable
 Small   0x0000000253800000 0x00000002539ffff0 0x0000000253a00000 O/9     Allocating 
 Small   0x0000000253c00000 0x0000000253e00000 0x0000000253e00000 Y/12    Allocating 
 Small   0x0000000254000000 0x0000000254200000 0x0000000254200000 Y/12    Allocating 
 Small   0x0000000254400000 0x00000002545fff80 0x0000000254600000 O/8     Relocatable
 Small   0x0000000255600000 0x00000002557fffe8 0x0000000255800000 O/9     Allocating 
 Small   0x0000000255800000 0x00000002559fffd0 0x0000000255a00000 O/9     Allocating 
 Small   0x0000000255c00000 0x0000000255e00000 0x0000000255e00000 O/8     Relocatable
 Small   0x0000000256000000 0x0000000256200000 0x0000000256200000 O/8     Relocatable
 Small   0x0000000256600000 0x00000002567fffe8 0x0000000256800000 O/9     Allocating 
 Small   0x0000000256800000 0x00000002569ffff0 0x0000000256a00000 O/9     Allocating 
 Small   0x0000000256a00000 0x0000000256bfffd0 0x0000000256c00000 O/9     Allocating 
 Small   0x0000000257200000 0x0000000257400000 0x0000000257400000 Y/12    Allocating 
 Small   0x0000000257e00000 0x0000000257ffffd8 0x0000000258000000 O/8     Relocatable
 Small   0x0000000258200000 0x00000002583ffff8 0x0000000258400000 O/9     Allocating 
 Small   0x0000000258600000 0x0000000258800000 0x0000000258800000 Y/12    Allocating 
 Small   0x0000000258800000 0x0000000258a00000 0x0000000258a00000 Y/12    Allocating 
 Small   0x0000000259000000 0x00000002591eeb60 0x0000000259200000 O/8     Relocatable
 Small   0x0000000259200000 0x00000002593ffff0 0x0000000259400000 O/8     Relocatable
 Small   0x0000000259600000 0x0000000259800000 0x0000000259800000 O/8     Relocatable
 Small   0x0000000259c00000 0x0000000259e00000 0x0000000259e00000 Y/12    Allocating 
 Small   0x000000025a200000 0x000000025a400000 0x000000025a400000 O/8     Relocatable
 Small   0x000000025a400000 0x000000025a5fffd0 0x000000025a600000 O/8     Relocatable
 Small   0x000000025ae00000 0x000000025afffff0 0x000000025b000000 O/9     Allocating 
 Small   0x000000025b000000 0x000000025b200000 0x000000025b200000 Y/12    Allocating 
 Small   0x000000025b200000 0x000000025b400000 0x000000025b400000 Y/12    Allocating 
 Small   0x000000025b400000 0x000000025b600000 0x000000025b600000 Y/12    Allocating 
 Small   0x000000025bc00000 0x000000025be00000 0x000000025be00000 Y/12    Allocating 
 Small   0x000000025c000000 0x000000025c200000 0x000000025c200000 O/8     Relocatable
 Small   0x000000025c400000 0x000000025c600000 0x000000025c600000 O/8     Relocatable
 Small   0x000000025cc00000 0x000000025cdffff0 0x000000025ce00000 O/8     Relocatable
 Small   0x000000025ce00000 0x000000025d000000 0x000000025d000000 Y/12    Allocating 
 Small   0x000000025d200000 0x000000025d3fff98 0x000000025d400000 O/8     Relocatable
 Small   0x000000025d400000 0x000000025d5fffb8 0x000000025d600000 O/8     Relocatable
 Small   0x000000025d800000 0x000000025d9fffb0 0x000000025da00000 O/8     Relocatable
 Small   0x000000025de00000 0x000000025e000000 0x000000025e000000 O/9     Allocating 
 Small   0x000000025e200000 0x000000025e400000 0x000000025e400000 Y/12    Allocating 
 Small   0x000000025ea00000 0x000000025ec00000 0x000000025ec00000 Y/12    Allocating 
 Small   0x000000025f000000 0x000000025f1fffe8 0x000000025f200000 O/9     Allocating 
 Small   0x000000025f400000 0x000000025f600000 0x000000025f600000 Y/12    Allocating 
 Small   0x0000000260200000 0x0000000260400000 0x0000000260400000 Y/12    Allocating 
 Small   0x0000000260400000 0x0000000260600000 0x0000000260600000 Y/12    Allocating 
 Small   0x0000000260600000 0x0000000260800000 0x0000000260800000 O/8     Relocatable
 Small   0x0000000260a00000 0x0000000260bfffe8 0x0000000260c00000 O/8     Relocatable
 Small   0x0000000260c00000 0x0000000260dfffb0 0x0000000260e00000 O/9     Allocating 
 Small   0x0000000261000000 0x0000000261200000 0x0000000261200000 Y/12    Allocating 
 Small   0x0000000261200000 0x0000000261400000 0x0000000261400000 Y/12    Allocating 
 Small   0x0000000261400000 0x00000002615fffe8 0x0000000261600000 O/9     Allocating 
 Small   0x0000000261a00000 0x0000000261bfffb8 0x0000000261c00000 O/8     Relocatable
 Small   0x0000000262600000 0x00000002627ffff8 0x0000000262800000 O/8     Relocatable
 Small   0x0000000262800000 0x00000002629fffd0 0x0000000262a00000 O/8     Relocatable
 Small   0x0000000263400000 0x00000002635ffff0 0x0000000263600000 O/8     Relocatable
 Small   0x0000000263600000 0x00000002637ffff0 0x0000000263800000 O/8     Relocatable
 Small   0x0000000263c00000 0x0000000263dfff88 0x0000000263e00000 O/9     Allocating 
 Small   0x0000000264000000 0x00000002641fffe8 0x0000000264200000 O/8     Relocatable
 Small   0x0000000264200000 0x00000002643ffff8 0x0000000264400000 O/8     Relocatable
 Small   0x0000000264800000 0x00000002649fffe8 0x0000000264a00000 O/9     Allocating 
 Small   0x0000000265200000 0x00000002653ffff8 0x0000000265400000 O/8     Relocatable
 Small   0x0000000265600000 0x0000000265800000 0x0000000265800000 Y/12    Allocating 
 Small   0x0000000265e00000 0x0000000266000000 0x0000000266000000 Y/12    Allocating 
 Small   0x0000000266200000 0x0000000266400000 0x0000000266400000 Y/12    Allocating 
 Small   0x0000000266600000 0x00000002667fffd0 0x0000000266800000 O/8     Relocatable
 Small   0x0000000266800000 0x0000000266a00000 0x0000000266a00000 Y/12    Allocating 
 Small   0x0000000266a00000 0x0000000266c00000 0x0000000266c00000 Y/12    Allocating 
 Small   0x0000000267400000 0x0000000267600000 0x0000000267600000 O/8     Relocatable
 Small   0x0000000267600000 0x0000000267800000 0x0000000267800000 Y/12    Allocating 
 Small   0x0000000267800000 0x00000002679fffb8 0x0000000267a00000 O/8     Relocatable
 Small   0x0000000267c00000 0x0000000267dffff8 0x0000000267e00000 O/9     Allocating 
 Small   0x0000000268200000 0x0000000268400000 0x0000000268400000 Y/12    Allocating 
 Small   0x0000000268400000 0x0000000268600000 0x0000000268600000 Y/12    Allocating 
 Small   0x0000000269200000 0x00000002693ffff0 0x0000000269400000 O/9     Allocating 
 Small   0x0000000269600000 0x00000002697fffc8 0x0000000269800000 O/9     Allocating 
 Small   0x0000000269c00000 0x0000000269e00000 0x0000000269e00000 Y/12    Allocating 
 Small   0x000000026a000000 0x000000026a200000 0x000000026a200000 Y/12    Allocating 
 Small   0x000000026a400000 0x000000026a5fffa0 0x000000026a600000 O/9     Allocating 
 Small   0x000000026a600000 0x000000026a800000 0x000000026a800000 Y/12    Allocating 
 Small   0x000000026ac00000 0x000000026adfffe8 0x000000026ae00000 O/8     Relocatable
 Small   0x000000026b000000 0x000000026b200000 0x000000026b200000 Y/12    Allocating 
 Small   0x000000026b200000 0x000000026b400000 0x000000026b400000 O/8     Relocatable
 Small   0x000000026ba00000 0x000000026bbffff0 0x000000026bc00000 O/9     Allocating 
 Small   0x000000026c000000 0x000000026c200000 0x000000026c200000 Y/12    Allocating 
 Small   0x000000026c600000 0x000000026c7ffff0 0x000000026c800000 O/8     Relocatable
 Small   0x000000026c800000 0x000000026ca00000 0x000000026ca00000 Y/12    Allocating 
 Small   0x000000026de00000 0x000000026e000000 0x000000026e000000 Y/12    Allocating 
 Small   0x000000026e000000 0x000000026e200000 0x000000026e200000 Y/12    Allocating 
 Small   0x000000026e200000 0x000000026e3fffd0 0x000000026e400000 O/9     Allocating 
 Small   0x000000026e600000 0x000000026e7ffff0 0x000000026e800000 O/9     Allocating 
 Small   0x000000026f000000 0x000000026f200000 0x000000026f200000 Y/12    Allocating 
 Small   0x000000026f200000 0x000000026f400000 0x000000026f400000 O/9     Allocating 
 Small   0x000000026f600000 0x000000026f7fffb8 0x000000026f800000 O/8     Relocatable
 Small   0x000000026fa00000 0x000000026fbf3fe0 0x000000026fc00000 O/8     Relocatable
 Small   0x000000026fc00000 0x000000026fdfffa8 0x000000026fe00000 O/9     Allocating 
 Small   0x0000000270000000 0x00000002701fffe0 0x0000000270200000 O/9     Allocating 
 Small   0x0000000270200000 0x00000002703ffff8 0x0000000270400000 O/8     Relocatable
 Small   0x0000000270400000 0x0000000270600000 0x0000000270600000 Y/12    Allocating 
 Small   0x0000000270c00000 0x0000000270dfffc8 0x0000000270e00000 O/8     Relocatable
 Small   0x0000000270e00000 0x0000000270ffffc0 0x0000000271000000 O/9     Allocating 
 Small   0x0000000271000000 0x00000002711fffd8 0x0000000271200000 O/8     Relocatable
 Small   0x0000000271200000 0x00000002713ffff0 0x0000000271400000 O/9     Allocating 
 Small   0x0000000271400000 0x00000002715fffe0 0x0000000271600000 O/9     Allocating 
 Small   0x0000000271600000 0x00000002717fffc0 0x0000000271800000 O/9     Allocating 
 Small   0x0000000271c00000 0x0000000271e00000 0x0000000271e00000 Y/12    Allocating 
 Small   0x0000000272000000 0x00000002721ffff8 0x0000000272200000 O/9     Allocating 
 Small   0x0000000272400000 0x0000000272600000 0x0000000272600000 Y/12    Allocating 
 Small   0x0000000272600000 0x0000000272800000 0x0000000272800000 Y/12    Allocating 
 Small   0x0000000272800000 0x0000000272a00000 0x0000000272a00000 Y/12    Allocating 
 Small   0x0000000272c00000 0x0000000272dffff8 0x0000000272e00000 O/8     Relocatable
 Small   0x0000000272e00000 0x0000000272fffff8 0x0000000273000000 O/9     Allocating 
 Small   0x0000000273200000 0x00000002733ffff8 0x0000000273400000 O/8     Relocatable
 Small   0x0000000273600000 0x0000000273800000 0x0000000273800000 Y/12    Allocating 
 Small   0x0000000273a00000 0x0000000273c00000 0x0000000273c00000 Y/12    Allocating 
 Small   0x0000000273c00000 0x0000000273e00000 0x0000000273e00000 Y/12    Allocating 
 Small   0x0000000273e00000 0x0000000273ffffd0 0x0000000274000000 O/8     Relocatable
 Small   0x0000000274200000 0x0000000274400000 0x0000000274400000 Y/12    Allocating 
 Small   0x0000000274400000 0x00000002745fffe0 0x0000000274600000 O/8     Relocatable
 Small   0x0000000274a00000 0x0000000274c00000 0x0000000274c00000 Y/12    Allocating 
 Small   0x0000000274e00000 0x0000000275000000 0x0000000275000000 Y/12    Allocating 
 Small   0x0000000275000000 0x00000002751ffff8 0x0000000275200000 O/8     Relocatable
 Small   0x0000000275200000 0x0000000275400000 0x0000000275400000 O/8     Relocatable
 Small   0x0000000275e00000 0x0000000276000000 0x0000000276000000 Y/12    Allocating 
 Small   0x0000000276200000 0x0000000276340000 0x0000000276400000 Y/12    Allocating 
 Small   0x0000000276400000 0x0000000276600000 0x0000000276600000 O/8     Relocatable
 Small   0x0000000276600000 0x0000000276800000 0x0000000276800000 Y/12    Allocating 
 Small   0x0000000276c00000 0x0000000276e00000 0x0000000276e00000 Y/12    Allocating 
 Small   0x0000000276e00000 0x0000000276fffd08 0x0000000277000000 O/9     Allocating 
 Small   0x0000000277000000 0x0000000277200000 0x0000000277200000 Y/12    Allocating 
 Small   0x0000000277400000 0x0000000277600000 0x0000000277600000 Y/12    Allocating 
 Small   0x0000000277600000 0x0000000277800000 0x0000000277800000 Y/12    Allocating 
 Small   0x0000000277800000 0x0000000277800208 0x0000000277a00000 O/8     Relocatable
 Small   0x0000000277a00000 0x0000000277c00000 0x0000000277c00000 Y/12    Allocating 
 Small   0x0000000278000000 0x00000002781fffd8 0x0000000278200000 O/9     Allocating 
 Small   0x0000000278400000 0x0000000278600000 0x0000000278600000 Y/12    Allocating 
 Small   0x0000000278600000 0x00000002787ffff0 0x0000000278800000 O/9     Allocating 
 Small   0x0000000278800000 0x00000002789ffff0 0x0000000278a00000 O/9     Allocating 
 Small   0x0000000278a00000 0x0000000278bfffe8 0x0000000278c00000 O/9     Allocating 
 Small   0x0000000278e00000 0x0000000278fffff8 0x0000000279000000 O/8     Relocatable
 Small   0x0000000279000000 0x0000000279200000 0x0000000279200000 O/8     Relocatable
 Small   0x0000000279200000 0x00000002793ffff0 0x0000000279400000 O/8     Relocatable
 Small   0x0000000279800000 0x00000002799fffd8 0x0000000279a00000 O/9     Allocating 
 Small   0x0000000279a00000 0x0000000279bfffe8 0x0000000279c00000 O/8     Relocatable
 Small   0x0000000279e00000 0x0000000279ffffa0 0x000000027a000000 O/9     Allocating 
 Small   0x000000027a400000 0x000000027a5fffd0 0x000000027a600000 O/9     Allocating 
 Small   0x000000027ac00000 0x000000027ae00000 0x000000027ae00000 Y/12    Allocating 
 Small   0x000000027ae00000 0x000000027b000000 0x000000027b000000 O/9     Allocating 
 Small   0x000000027b000000 0x000000027b1fffe0 0x000000027b200000 O/8     Relocatable
 Small   0x000000027b200000 0x000000027b3fffc0 0x000000027b400000 O/8     Relocatable
 Small   0x000000027b400000 0x000000027b5fff88 0x000000027b600000 O/9     Allocating 
 Small   0x000000027b800000 0x000000027ba00000 0x000000027ba00000 Y/12    Allocating 
 Small   0x000000027bc00000 0x000000027be00000 0x000000027be00000 Y/12    Allocating 
 Small   0x000000027be00000 0x000000027c000000 0x000000027c000000 Y/12    Allocating 
 Small   0x000000027c200000 0x000000027c400000 0x000000027c400000 Y/12    Allocating 
 Small   0x000000027d600000 0x000000027d800000 0x000000027d800000 Y/12    Allocating 
 Small   0x000000027de00000 0x000000027e000000 0x000000027e000000 Y/12    Allocating 
 Small   0x000000027e200000 0x000000027e400000 0x000000027e400000 Y/12    Allocating 
 Small   0x000000027e400000 0x000000027e5fffe8 0x000000027e600000 O/9     Allocating 
 Small   0x000000027ee00000 0x000000027f000000 0x000000027f000000 O/8     Relocatable
 Small   0x000000027f000000 0x000000027f1ffff0 0x000000027f200000 O/9     Allocating 
 Small   0x000000027f400000 0x000000027f600000 0x000000027f600000 Y/12    Allocating 
 Small   0x000000027fa00000 0x000000027fc00000 0x000000027fc00000 Y/12    Allocating 
 Small   0x000000027fe00000 0x000000027fec0000 0x0000000280000000 Y/12    Allocating 
 Small   0x0000000280000000 0x0000000280200000 0x0000000280200000 Y/12    Allocating 
 Small   0x0000000280400000 0x00000002805fff88 0x0000000280600000 O/9     Allocating 
 Small   0x0000000280600000 0x00000002807ffff8 0x0000000280800000 O/8     Relocatable
 Small   0x0000000280c00000 0x0000000280dfffb8 0x0000000280e00000 O/9     Allocating 
 Small   0x0000000281000000 0x0000000281200000 0x0000000281200000 Y/12    Allocating 
 Small   0x0000000281600000 0x0000000281800000 0x0000000281800000 Y/12    Allocating 
 Small   0x0000000281800000 0x00000002819ffff0 0x0000000281a00000 O/8     Relocatable
 Small   0x0000000281a00000 0x0000000281c00000 0x0000000281c00000 O/9     Allocating 
 Small   0x0000000281c00000 0x0000000281e00000 0x0000000281e00000 Y/12    Allocating 
 Small   0x0000000282200000 0x00000002823ffff8 0x0000000282400000 O/9     Allocating 
 Small   0x0000000282600000 0x00000002827fffc0 0x0000000282800000 O/9     Allocating 
 Small   0x0000000282800000 0x00000002829fffd0 0x0000000282a00000 O/9     Allocating 
 Small   0x0000000282a00000 0x0000000282bfffc8 0x0000000282c00000 O/9     Allocating 
 Small   0x0000000282c00000 0x0000000282cc0000 0x0000000282e00000 Y/12    Allocating 
 Small   0x0000000282e00000 0x0000000283000000 0x0000000283000000 Y/12    Allocating 
 Small   0x0000000283a00000 0x0000000283c00000 0x0000000283c00000 Y/12    Allocating 
 Small   0x0000000283c00000 0x0000000283e00000 0x0000000283e00000 Y/12    Allocating 
 Small   0x0000000284200000 0x00000002843ffff8 0x0000000284400000 O/8     Relocatable
 Small   0x0000000285200000 0x00000002853fffe8 0x0000000285400000 O/9     Allocating 
 Small   0x0000000285400000 0x0000000285600000 0x0000000285600000 Y/12    Allocating 
 Small   0x0000000285600000 0x00000002857fffd8 0x0000000285800000 O/9     Allocating 
 Small   0x0000000286000000 0x0000000286200000 0x0000000286200000 Y/12    Allocating 
 Small   0x0000000286200000 0x0000000286400000 0x0000000286400000 Y/12    Allocating 
 Small   0x0000000286600000 0x0000000286800000 0x0000000286800000 Y/12    Allocating 
 Small   0x0000000286800000 0x0000000286a00000 0x0000000286a00000 Y/12    Allocating 
 Small   0x0000000287000000 0x0000000287200000 0x0000000287200000 Y/12    Allocating 
 Small   0x0000000287200000 0x0000000287400000 0x0000000287400000 Y/12    Allocating 
 Small   0x0000000287400000 0x00000002875fffe0 0x0000000287600000 O/9     Allocating 
 Small   0x0000000287600000 0x00000002877fffc8 0x0000000287800000 O/9     Allocating 
 Small   0x0000000287800000 0x00000002879fffc0 0x0000000287a00000 O/9     Allocating 
 Small   0x0000000288400000 0x00000002885fffe8 0x0000000288600000 O/9     Allocating 
 Small   0x0000000289200000 0x0000000289400000 0x0000000289400000 Y/12    Allocating 
 Small   0x0000000289400000 0x00000002895fffa8 0x0000000289600000 O/9     Allocating 
 Small   0x0000000289600000 0x0000000289800000 0x0000000289800000 Y/12    Allocating 
 Small   0x000000028a600000 0x000000028a800000 0x000000028a800000 Y/12    Allocating 
 Small   0x000000028a800000 0x000000028aa00000 0x000000028aa00000 Y/12    Allocating 
 Small   0x000000028aa00000 0x000000028ac00000 0x000000028ac00000 Y/12    Allocating 
 Small   0x000000028ae00000 0x000000028affffd8 0x000000028b000000 O/9     Allocating 
 Small   0x000000028b000000 0x000000028b200000 0x000000028b200000 Y/12    Allocating 
 Small   0x000000028b200000 0x000000028b400000 0x000000028b400000 Y/12    Allocating 
 Small   0x000000028b400000 0x000000028b600000 0x000000028b600000 Y/12    Allocating 
 Small   0x000000028b800000 0x000000028ba00000 0x000000028ba00000 Y/12    Allocating 
 Small   0x000000028bc00000 0x000000028be00000 0x000000028be00000 Y/12    Allocating 
 Small   0x000000028be00000 0x000000028c000000 0x000000028c000000 Y/12    Allocating 
 Small   0x000000028c000000 0x000000028c200000 0x000000028c200000 Y/12    Allocating 
 Small   0x000000028c200000 0x000000028c400000 0x000000028c400000 Y/12    Allocating 
 Small   0x000000028c800000 0x000000028ca00000 0x000000028ca00000 Y/12    Allocating 
 Small   0x000000028cc00000 0x000000028ce00000 0x000000028ce00000 Y/12    Allocating 
 Small   0x000000028ce00000 0x000000028d000000 0x000000028d000000 Y/12    Allocating 
 Small   0x000000028d000000 0x000000028d200000 0x000000028d200000 Y/12    Allocating 
 Small   0x000000028da00000 0x000000028dc00000 0x000000028dc00000 Y/12    Allocating 
 Small   0x000000028dc00000 0x000000028ddffff8 0x000000028de00000 O/8     Relocatable
 Small   0x000000028de00000 0x000000028e000000 0x000000028e000000 Y/12    Allocating 
 Small   0x000000028e200000 0x000000028e400000 0x000000028e400000 Y/12    Allocating 
 Small   0x000000028e400000 0x000000028e600000 0x000000028e600000 Y/12    Allocating 
 Small   0x000000028e600000 0x000000028e800000 0x000000028e800000 Y/12    Allocating 
 Small   0x000000028ec00000 0x000000028edffff8 0x000000028ee00000 O/9     Allocating 
 Small   0x000000028f000000 0x000000028f200000 0x000000028f200000 Y/12    Allocating 
 Small   0x000000028f400000 0x000000028f600000 0x000000028f600000 Y/12    Allocating 
 Small   0x000000028f600000 0x000000028f800000 0x000000028f800000 Y/12    Allocating 
 Small   0x000000028f800000 0x000000028fa00000 0x000000028fa00000 Y/12    Allocating 
 Small   0x000000028fa00000 0x000000028fc00000 0x000000028fc00000 Y/12    Allocating 
 Small   0x000000028fc00000 0x000000028fdfffb8 0x000000028fe00000 O/9     Allocating 
 Small   0x000000028fe00000 0x000000028fffffa0 0x0000000290000000 O/9     Allocating 
 Small   0x0000000290000000 0x0000000290200000 0x0000000290200000 Y/12    Allocating 
 Small   0x0000000290200000 0x00000002903ffff8 0x0000000290400000 O/8     Relocatable
 Small   0x0000000290800000 0x0000000290a00000 0x0000000290a00000 Y/12    Allocating 
 Small   0x0000000290a00000 0x0000000290c00000 0x0000000290c00000 Y/12    Allocating 
 Small   0x0000000290c00000 0x0000000290e00000 0x0000000290e00000 Y/12    Allocating 
 Small   0x0000000290e00000 0x0000000291000000 0x0000000291000000 Y/12    Allocating 
 Small   0x0000000291200000 0x00000002913ffff0 0x0000000291400000 O/8     Relocatable
 Small   0x0000000291400000 0x0000000291600000 0x0000000291600000 Y/12    Allocating 
 Small   0x0000000291600000 0x00000002917fffa8 0x0000000291800000 O/9     Allocating 
 Small   0x0000000291a00000 0x0000000291c00000 0x0000000291c00000 Y/12    Allocating 
 Small   0x0000000291c00000 0x0000000291e00000 0x0000000291e00000 Y/12    Allocating 
 Small   0x0000000291e00000 0x0000000292000000 0x0000000292000000 Y/12    Allocating 
 Small   0x0000000292200000 0x00000002923ffdf0 0x0000000292400000 O/9     Allocating 
 Small   0x0000000292400000 0x0000000292600000 0x0000000292600000 Y/12    Allocating 
 Small   0x0000000292600000 0x00000002927fffb0 0x0000000292800000 O/9     Allocating 
 Small   0x0000000292800000 0x0000000292a00000 0x0000000292a00000 O/9     Allocating 
 Small   0x0000000292a00000 0x0000000292c00000 0x0000000292c00000 Y/12    Allocating 
 Small   0x0000000292c00000 0x0000000292e00000 0x0000000292e00000 Y/12    Allocating 
 Small   0x0000000292e00000 0x0000000293000000 0x0000000293000000 Y/12    Allocating 
 Small   0x0000000293000000 0x00000002931fff78 0x0000000293200000 O/9     Allocating 
 Small   0x0000000293200000 0x0000000293400000 0x0000000293400000 Y/12    Allocating 
 Small   0x0000000293400000 0x0000000293600000 0x0000000293600000 Y/12    Allocating 
 Small   0x0000000293600000 0x0000000293800000 0x0000000293800000 Y/12    Allocating 
 Small   0x0000000293800000 0x0000000293a00000 0x0000000293a00000 Y/12    Allocating 
 Small   0x0000000293e00000 0x0000000294000000 0x0000000294000000 Y/12    Allocating 
 Small   0x0000000294000000 0x0000000294200000 0x0000000294200000 Y/12    Allocating 
 Small   0x0000000294200000 0x0000000294400000 0x0000000294400000 Y/12    Allocating 
 Small   0x0000000294800000 0x00000002949fffb8 0x0000000294a00000 O/9     Allocating 
 Small   0x0000000294a00000 0x0000000294c00000 0x0000000294c00000 Y/12    Allocating 
 Small   0x0000000295000000 0x00000002951fffe8 0x0000000295200000 O/8     Relocatable
 Small   0x0000000295400000 0x00000002955fff80 0x0000000295600000 O/9     Allocating 
 Small   0x0000000295600000 0x0000000295800000 0x0000000295800000 Y/12    Allocating 
 Small   0x0000000295a00000 0x0000000295c00000 0x0000000295c00000 Y/12    Allocating 
 Small   0x0000000295c00000 0x0000000295e00000 0x0000000295e00000 Y/12    Allocating 
 Small   0x0000000295e00000 0x0000000296000000 0x0000000296000000 Y/12    Allocating 
 Small   0x0000000296600000 0x0000000296800000 0x0000000296800000 Y/12    Allocating 
 Small   0x0000000296c00000 0x0000000296dfffc8 0x0000000296e00000 O/8     Relocatable
 Small   0x0000000296e00000 0x0000000297000000 0x0000000297000000 Y/12    Allocating 
 Small   0x0000000297400000 0x00000002975fffe0 0x0000000297600000 O/9     Allocating 
 Small   0x0000000297600000 0x0000000297800000 0x0000000297800000 Y/12    Allocating 
 Small   0x0000000297a00000 0x0000000297c00000 0x0000000297c00000 Y/12    Allocating 
 Small   0x0000000297c00000 0x0000000297e00000 0x0000000297e00000 O/9     Allocating 
 Small   0x0000000298200000 0x00000002983fffa8 0x0000000298400000 O/9     Allocating 
 Small   0x0000000298400000 0x0000000298600000 0x0000000298600000 Y/12    Allocating 
 Small   0x0000000298800000 0x00000002989fff90 0x0000000298a00000 O/9     Allocating 
 Small   0x0000000299a00000 0x0000000299c00000 0x0000000299c00000 Y/12    Allocating 
 Small   0x000000029a800000 0x000000029a9fffd0 0x000000029aa00000 O/9     Allocating 
 Small   0x000000029aa00000 0x000000029ac00000 0x000000029ac00000 Y/12    Allocating 
 Small   0x000000029ac00000 0x000000029adffff0 0x000000029ae00000 O/9     Allocating 
 Small   0x000000029ae00000 0x000000029b000000 0x000000029b000000 O/9     Allocating 
 Small   0x000000029b400000 0x000000029b5ffff0 0x000000029b600000 O/9     Allocating 
 Small   0x000000029c200000 0x000000029c3fffd8 0x000000029c400000 O/9     Allocating 
 Small   0x000000029c400000 0x000000029c600000 0x000000029c600000 Y/12    Allocating 
 Small   0x000000029c600000 0x000000029c7fffd8 0x000000029c800000 O/9     Allocating 
 Small   0x000000029ca00000 0x000000029cc00000 0x000000029cc00000 O/9     Allocating 
 Small   0x000000029cc00000 0x000000029cdfffd0 0x000000029ce00000 O/9     Allocating 
 Small   0x000000029d200000 0x000000029d3fffa0 0x000000029d400000 O/9     Allocating 
 Small   0x000000029da00000 0x000000029dbffff8 0x000000029dc00000 O/9     Allocating 
 Small   0x000000029de00000 0x000000029e000000 0x000000029e000000 Y/12    Allocating 
 Small   0x000000029e000000 0x000000029e200000 0x000000029e200000 Y/12    Allocating 
 Small   0x000000029e200000 0x000000029e3fffe8 0x000000029e400000 O/9     Allocating 
 Small   0x000000029ea00000 0x000000029ec00000 0x000000029ec00000 Y/12    Allocating 
 Small   0x000000029f200000 0x000000029f3ffe70 0x000000029f400000 O/9     Allocating 
 Small   0x000000029fa00000 0x000000029fbfffe8 0x000000029fc00000 O/9     Allocating 
 Small   0x00000002a0e00000 0x00000002a1000000 0x00000002a1000000 O/9     Allocating 
 Small   0x00000002a1600000 0x00000002a17ffff0 0x00000002a1800000 O/9     Allocating 
 Small   0x00000002a1a00000 0x00000002a1c00000 0x00000002a1c00000 Y/12    Allocating 
 Small   0x00000002a2000000 0x00000002a21fffc0 0x00000002a2200000 O/9     Allocating 
 Small   0x00000002a2c00000 0x00000002a2dfffb0 0x00000002a2e00000 O/9     Allocating 
 Small   0x00000002a2e00000 0x00000002a2ffff90 0x00000002a3000000 O/9     Allocating 
 Small   0x00000002a5400000 0x00000002a55ffff8 0x00000002a5600000 Y/12    Allocating 
 Small   0x00000002a7200000 0x00000002a7400000 0x00000002a7400000 Y/12    Allocating 
 Small   0x00000002a7600000 0x00000002a7800000 0x00000002a7800000 O/9     Allocating 
 Small   0x00000002a7a00000 0x00000002a7c00000 0x00000002a7c00000 Y/12    Allocating 
 Small   0x00000002a9200000 0x00000002a9400000 0x00000002a9400000 Y/12    Allocating 
 Small   0x00000002a9400000 0x00000002a95fffd0 0x00000002a9600000 O/9     Allocating 
 Small   0x00000002a9600000 0x00000002a97fffc8 0x00000002a9800000 O/9     Allocating 
 Small   0x00000002a9e00000 0x00000002aa000000 0x00000002aa000000 Y/12    Allocating 
 Small   0x00000002aa200000 0x00000002aa3fffa8 0x00000002aa400000 O/9     Allocating 
 Small   0x00000002aa400000 0x00000002aa5ffff0 0x00000002aa600000 O/9     Allocating 
 Small   0x00000002aa800000 0x00000002aa9fffb0 0x00000002aaa00000 O/9     Allocating 
 Small   0x00000002aac00000 0x00000002aae00000 0x00000002aae00000 Y/12    Allocating 
 Small   0x00000002ab200000 0x00000002ab3fffe0 0x00000002ab400000 O/9     Allocating 
 Small   0x00000002ac400000 0x00000002ac600000 0x00000002ac600000 O/9     Allocating 
 Small   0x00000002ac800000 0x00000002aca00000 0x00000002aca00000 Y/12    Allocating 
 Small   0x00000002aca00000 0x00000002acc00000 0x00000002acc00000 Y/12    Allocating 
 Small   0x00000002ad000000 0x00000002ad200000 0x00000002ad200000 O/9     Allocating 
 Small   0x00000002ad800000 0x00000002ad9ffff8 0x00000002ada00000 O/9     Allocating 
 Small   0x00000002ada00000 0x00000002adbffff8 0x00000002adc00000 O/9     Allocating 
 Small   0x00000002ae200000 0x00000002ae3fffc0 0x00000002ae400000 O/9     Allocating 
 Small   0x00000002af200000 0x00000002af400000 0x00000002af400000 Y/12    Allocating 
 Small   0x00000002b0a00000 0x00000002b0c00000 0x00000002b0c00000 Y/12    Allocating 
 Small   0x00000002b0e00000 0x00000002b1000000 0x00000002b1000000 Y/12    Allocating 
 Small   0x00000002b1a00000 0x00000002b1c00000 0x00000002b1c00000 Y/12    Allocating 
 Small   0x00000002b2400000 0x00000002b25fffc8 0x00000002b2600000 O/9     Allocating 
 Small   0x00000002b2e00000 0x00000002b3000000 0x00000002b3000000 O/9     Allocating 
 Small   0x00000002b3000000 0x00000002b31fffb0 0x00000002b3200000 O/9     Allocating 
 Small   0x00000002b3400000 0x00000002b35fffb8 0x00000002b3600000 O/9     Allocating 
 Small   0x00000002b3800000 0x00000002b39ffff8 0x00000002b3a00000 O/9     Allocating 
 Small   0x00000002b3a00000 0x00000002b3bfffe0 0x00000002b3c00000 O/9     Allocating 
 Small   0x00000002b5000000 0x00000002b51fffd0 0x00000002b5200000 O/9     Allocating 
 Small   0x00000002b6200000 0x00000002b6400000 0x00000002b6400000 Y/12    Allocating 
 Small   0x00000002b6800000 0x00000002b6a00000 0x00000002b6a00000 Y/12    Allocating 
 Small   0x00000002b6c00000 0x00000002b6e00000 0x00000002b6e00000 O/9     Allocating 
 Small   0x00000002b8000000 0x00000002b8200000 0x00000002b8200000 Y/12    Allocating 
 Small   0x00000002ba000000 0x00000002ba1fffd8 0x00000002ba200000 O/9     Allocating 
 Small   0x00000002bb800000 0x00000002bb9ffff8 0x00000002bba00000 O/9     Allocating 
 Small   0x00000002bbc00000 0x00000002bbdfffe8 0x00000002bbe00000 O/9     Allocating 
 Small   0x00000002bd600000 0x00000002bd800000 0x00000002bd800000 Y/12    Allocating 
 Small   0x00000002bde00000 0x00000002be000000 0x00000002be000000 O/9     Allocating 
 Small   0x00000002bec00000 0x00000002bedfffe8 0x00000002bee00000 O/9     Allocating 
 Small   0x00000002bf000000 0x00000002bf200000 0x00000002bf200000 Y/12    Allocating 
 Small   0x00000002bf400000 0x00000002bf5ffff8 0x00000002bf600000 O/9     Allocating 
 Small   0x00000002bf600000 0x00000002bf7ffff8 0x00000002bf800000 O/9     Allocating 
 Small   0x00000002bfc00000 0x00000002bfe00000 0x00000002bfe00000 Y/12    Allocating 
 Small   0x00000002bfe00000 0x00000002c0000000 0x00000002c0000000 Y/12    Allocating 
 Small   0x00000002c0200000 0x00000002c0400000 0x00000002c0400000 Y/12    Allocating 
 Small   0x00000002c1400000 0x00000002c1600000 0x00000002c1600000 O/9     Allocating 
 Small   0x00000002c2600000 0x00000002c2800000 0x00000002c2800000 Y/12    Allocating 
 Small   0x00000002c5600000 0x00000002c57ffff8 0x00000002c5800000 O/9     Allocating 
 Small   0x00000002c5a00000 0x00000002c5bfff98 0x00000002c5c00000 O/9     Allocating 
 Small   0x00000002c6600000 0x00000002c67fffd0 0x00000002c6800000 O/9     Allocating 
 Small   0x00000002c7200000 0x00000002c7400000 0x00000002c7400000 Y/12    Allocating 
 Small   0x00000002c7600000 0x00000002c77ffff8 0x00000002c7800000 O/9     Allocating 
 Small   0x00000002c8200000 0x00000002c8400000 0x00000002c8400000 Y/12    Allocating 
 Small   0x00000002c8400000 0x00000002c85fffe8 0x00000002c8600000 O/9     Allocating 
 Small   0x00000002c8600000 0x00000002c87ffff0 0x00000002c8800000 O/9     Allocating 
 Small   0x00000002c8800000 0x00000002c89fffa0 0x00000002c8a00000 O/9     Allocating 
 Small   0x00000002c8a00000 0x00000002c8bfffe8 0x00000002c8c00000 O/9     Allocating 
 Small   0x00000002c9800000 0x00000002c9a00000 0x00000002c9a00000 Y/12    Allocating 
 Small   0x00000002ca400000 0x00000002ca5ffff0 0x00000002ca600000 O/9     Allocating 
 Small   0x00000002cae00000 0x00000002cb000000 0x00000002cb000000 O/9     Allocating 
 Small   0x00000002cb200000 0x00000002cb3fffe0 0x00000002cb400000 O/9     Allocating 
 Small   0x00000002cb800000 0x00000002cb9fffe0 0x00000002cba00000 O/9     Allocating 
 Small   0x00000002cba00000 0x00000002cbc00000 0x00000002cbc00000 Y/12    Allocating 
 Small   0x00000002cbe00000 0x00000002cc000000 0x00000002cc000000 O/9     Allocating 
 Small   0x00000002cc200000 0x00000002cc400000 0x00000002cc400000 Y/12    Allocating 
 Small   0x00000002cc600000 0x00000002cc800000 0x00000002cc800000 Y/12    Allocating 
 Small   0x00000002cca00000 0x00000002ccbfffe8 0x00000002ccc00000 O/9     Allocating 
 Small   0x00000002cd000000 0x00000002cd200000 0x00000002cd200000 Y/12    Allocating 
 Small   0x00000002cdc00000 0x00000002cddfffd0 0x00000002cde00000 O/9     Allocating 
 Small   0x00000002cde00000 0x00000002cdffff90 0x00000002ce000000 O/9     Allocating 
 Small   0x00000002ce600000 0x00000002ce7ffff0 0x00000002ce800000 O/9     Allocating 
 Small   0x00000002cfa00000 0x00000002cfbfffb0 0x00000002cfc00000 O/9     Allocating 
 Small   0x00000002cfc00000 0x00000002cfdfffa0 0x00000002cfe00000 O/9     Allocating 
 Small   0x00000002cfe00000 0x00000002cfffffc8 0x00000002d0000000 O/9     Allocating 
 Small   0x00000002d0400000 0x00000002d0600000 0x00000002d0600000 Y/12    Allocating 
 Small   0x00000002d1200000 0x00000002d1400000 0x00000002d1400000 Y/12    Allocating 
 Small   0x00000002d1400000 0x00000002d15fffd8 0x00000002d1600000 O/9     Allocating 
 Small   0x00000002d3400000 0x00000002d35fffd8 0x00000002d3600000 O/9     Allocating 
 Small   0x00000002d3800000 0x00000002d3a00000 0x00000002d3a00000 Y/12    Allocating 
 Small   0x00000002d3e00000 0x00000002d3ffffc8 0x00000002d4000000 O/9     Allocating 
 Small   0x00000002d4200000 0x00000002d43ffff8 0x00000002d4400000 Y/12    Allocating 
 Small   0x00000002d5a00000 0x00000002d5bfff90 0x00000002d5c00000 O/9     Allocating 
 Small   0x00000002d6000000 0x00000002d60028d8 0x00000002d6200000 O/9     Allocating 
 Small   0x00000002d6400000 0x00000002d65ffff0 0x00000002d6600000 O/9     Allocating 
 Small   0x00000002d7400000 0x00000002d75fffa8 0x00000002d7600000 O/9     Allocating 
 Small   0x00000002d7600000 0x00000002d7800000 0x00000002d7800000 O/9     Allocating 
 Small   0x00000002d7a00000 0x00000002d7bfffe8 0x00000002d7c00000 O/9     Allocating 
 Small   0x00000002d7c00000 0x00000002d7dffff0 0x00000002d7e00000 O/9     Allocating 
 Small   0x00000002d9c00000 0x00000002d9dfffe8 0x00000002d9e00000 O/9     Allocating 
 Small   0x00000002da400000 0x00000002da5fffc0 0x00000002da600000 O/9     Allocating 
 Small   0x00000002db400000 0x00000002db600000 0x00000002db600000 Y/12    Allocating 
 Small   0x00000002dc200000 0x00000002dc3fff98 0x00000002dc400000 O/9     Allocating 
 Small   0x00000002dc400000 0x00000002dc600000 0x00000002dc600000 Y/12    Allocating 
 Small   0x00000002dc800000 0x00000002dca00000 0x00000002dca00000 Y/12    Allocating 
 Small   0x00000002dce00000 0x00000002dcfffff8 0x00000002dd000000 O/9     Allocating 
 Small   0x00000002dd000000 0x00000002dd200000 0x00000002dd200000 Y/12    Allocating 
 Small   0x00000002dd200000 0x00000002dd3fffc8 0x00000002dd400000 O/9     Allocating 
 Small   0x00000002dd400000 0x00000002dd600000 0x00000002dd600000 Y/12    Allocating 
 Small   0x00000002de000000 0x00000002de1ffea0 0x00000002de200000 O/9     Allocating 
 Small   0x00000002de600000 0x00000002de7fffb0 0x00000002de800000 O/9     Allocating 
 Small   0x00000002dea00000 0x00000002dec00000 0x00000002dec00000 Y/12    Allocating 
 Small   0x00000002df600000 0x00000002df7ffff0 0x00000002df800000 O/9     Allocating 
 Small   0x00000002e0200000 0x00000002e03ffff8 0x00000002e0400000 O/9     Allocating 
 Small   0x00000002e0a00000 0x00000002e0c00000 0x00000002e0c00000 Y/12    Allocating 
 Small   0x00000002e0e00000 0x00000002e1000000 0x00000002e1000000 Y/12    Allocating 
 Small   0x00000002e2400000 0x00000002e25ffff8 0x00000002e2600000 O/9     Allocating 
 Small   0x00000002e2800000 0x00000002e29fffe8 0x00000002e2a00000 O/9     Allocating 
 Small   0x00000002e9e00000 0x00000002e9fffff8 0x00000002ea000000 O/9     Allocating 
 Small   0x00000002ea200000 0x00000002ea3fff78 0x00000002ea400000 O/9     Allocating 
 Small   0x00000002eb800000 0x00000002eb9fffc0 0x00000002eba00000 O/9     Allocating 
 Small   0x00000002ed200000 0x00000002ed400000 0x00000002ed400000 O/9     Allocating 
 Small   0x00000002ed600000 0x00000002ed7ffff8 0x00000002ed800000 O/9     Allocating 
 Small   0x00000002eec00000 0x00000002eedfffd8 0x00000002eee00000 O/9     Allocating 
 Small   0x00000002ef200000 0x00000002ef400000 0x00000002ef400000 Y/12    Allocating 
 Small   0x00000002ef600000 0x00000002ef800000 0x00000002ef800000 O/9     Allocating 
 Small   0x00000002f0200000 0x00000002f03fff90 0x00000002f0400000 O/9     Allocating 
 Small   0x00000002f0400000 0x00000002f0600000 0x00000002f0600000 Y/12    Allocating 
 Small   0x00000002f1600000 0x00000002f1800000 0x00000002f1800000 Y/12    Allocating 
 Small   0x00000002f1800000 0x00000002f19ffff0 0x00000002f1a00000 O/9     Allocating 
 Small   0x00000002f2000000 0x00000002f2200000 0x00000002f2200000 Y/12    Allocating 
 Small   0x00000002f2800000 0x00000002f29fffe8 0x00000002f2a00000 O/9     Allocating 
 Small   0x00000002f2a00000 0x00000002f2c00000 0x00000002f2c00000 Y/12    Allocating 
 Small   0x00000002f3000000 0x00000002f31fffb8 0x00000002f3200000 O/9     Allocating 
 Small   0x00000002f3200000 0x00000002f33ffff0 0x00000002f3400000 O/9     Allocating 
 Small   0x00000002f3600000 0x00000002f37fffe8 0x00000002f3800000 O/9     Allocating 
 Small   0x00000002f4000000 0x00000002f4200000 0x00000002f4200000 Y/12    Allocating 
 Small   0x00000002f4600000 0x00000002f4800000 0x00000002f4800000 Y/12    Allocating 
 Small   0x00000002f4800000 0x00000002f49ffff8 0x00000002f4a00000 Y/12    Allocating 
 Small   0x00000002f5000000 0x00000002f51ffff0 0x00000002f5200000 O/9     Allocating 
 Small   0x00000002f5200000 0x00000002f5400000 0x00000002f5400000 Y/12    Allocating 
 Small   0x00000002f5400000 0x00000002f55ffff0 0x00000002f5600000 O/9     Allocating 
 Small   0x00000002f6200000 0x00000002f6400000 0x00000002f6400000 Y/12    Allocating 
 Small   0x00000002f6400000 0x00000002f65ffff0 0x00000002f6600000 O/9     Allocating 
 Small   0x00000002f6600000 0x00000002f67fffd8 0x00000002f6800000 O/9     Allocating 
 Small   0x00000002f7400000 0x00000002f75fffe0 0x00000002f7600000 O/9     Allocating 
 Small   0x00000002f7800000 0x00000002f7a00000 0x00000002f7a00000 Y/12    Allocating 
 Small   0x00000002f7a00000 0x00000002f7c00000 0x00000002f7c00000 Y/12    Allocating 
 Small   0x00000002f8400000 0x00000002f8600000 0x00000002f8600000 Y/12    Allocating 
 Small   0x00000002f8800000 0x00000002f8a00000 0x00000002f8a00000 Y/12    Allocating 
 Small   0x00000002f9200000 0x00000002f9400000 0x00000002f9400000 Y/12    Allocating 
 Small   0x00000002f9400000 0x00000002f9600000 0x00000002f9600000 Y/12    Allocating 
 Small   0x00000002f9600000 0x00000002f9800000 0x00000002f9800000 Y/12    Allocating 
 Small   0x00000002f9800000 0x00000002f9a00000 0x00000002f9a00000 Y/12    Allocating 
 Small   0x00000002f9e00000 0x00000002fa000000 0x00000002fa000000 Y/12    Allocating 
 Small   0x00000002fa400000 0x00000002fa600000 0x00000002fa600000 Y/12    Allocating 
 Small   0x00000002fae00000 0x00000002fb000000 0x00000002fb000000 O/9     Allocating 
 Small   0x00000002fce00000 0x00000002fd000000 0x00000002fd000000 O/9     Allocating 
 Small   0x00000002fd000000 0x00000002fd1fffd0 0x00000002fd200000 O/9     Allocating 
 Small   0x00000002fdc00000 0x00000002fde00000 0x00000002fde00000 Y/12    Allocating 
 Small   0x00000002fe600000 0x00000002fe7fffb8 0x00000002fe800000 O/9     Allocating 
 Small   0x00000002ffe00000 0x0000000300000000 0x0000000300000000 O/9     Allocating 
 Small   0x0000000301200000 0x00000003013fffe0 0x0000000301400000 O/9     Allocating 
 Small   0x0000000303600000 0x00000003037fffd8 0x0000000303800000 O/9     Allocating 
 Small   0x0000000304800000 0x0000000304a00000 0x0000000304a00000 Y/12    Allocating 
 Small   0x0000000304a00000 0x0000000304bfffa0 0x0000000304c00000 O/9     Allocating 
 Small   0x0000000305600000 0x0000000305800000 0x0000000305800000 Y/12    Allocating 
 Small   0x0000000305800000 0x00000003059ffff8 0x0000000305a00000 O/9     Allocating 
 Small   0x0000000305e00000 0x0000000305ffffe8 0x0000000306000000 O/9     Allocating 
 Small   0x0000000306c00000 0x0000000306e00000 0x0000000306e00000 Y/12    Allocating 
 Small   0x0000000307400000 0x0000000307600000 0x0000000307600000 O/9     Allocating 
 Small   0x0000000308000000 0x00000003081ffff8 0x0000000308200000 O/9     Allocating 
 Small   0x0000000309800000 0x0000000309a00000 0x0000000309a00000 O/9     Allocating 
 Small   0x000000030a200000 0x000000030a3ffff8 0x000000030a400000 O/9     Allocating 
 Small   0x000000030a800000 0x000000030aa00000 0x000000030aa00000 Y/12    Allocating 
 Small   0x000000030c000000 0x000000030c200000 0x000000030c200000 Y/12    Allocating 
 Small   0x000000030c600000 0x000000030c7fffe8 0x000000030c800000 O/9     Allocating 
 Small   0x000000030d600000 0x000000030d7ffff8 0x000000030d800000 O/9     Allocating 
 Small   0x000000030d800000 0x000000030d9fffe8 0x000000030da00000 O/9     Allocating 
 Small   0x000000030e400000 0x000000030e5ffff8 0x000000030e600000 O/9     Allocating 
 Small   0x000000030ec00000 0x000000030ee00000 0x000000030ee00000 Y/12    Allocating 
 Small   0x000000030f400000 0x000000030f5fffc0 0x000000030f600000 O/9     Allocating 
 Small   0x000000030f600000 0x000000030f800000 0x000000030f800000 Y/12    Allocating 
 Small   0x0000000310400000 0x00000003105fffd8 0x0000000310600000 O/9     Allocating 
 Small   0x0000000311400000 0x00000003115fffd0 0x0000000311600000 O/9     Allocating 
 Small   0x0000000311e00000 0x0000000312000000 0x0000000312000000 Y/12    Allocating 
 Small   0x0000000312e00000 0x0000000312ffffe0 0x0000000313000000 O/9     Allocating 
 Small   0x0000000313000000 0x00000003131fffe8 0x0000000313200000 O/9     Allocating 
 Small   0x0000000314c00000 0x0000000314e00000 0x0000000314e00000 Y/12    Allocating 
 Small   0x0000000315600000 0x0000000315800000 0x0000000315800000 Y/12    Allocating 
 Small   0x0000000315a00000 0x0000000315c00000 0x0000000315c00000 Y/12    Allocating 
 Small   0x0000000315c00000 0x0000000315e00000 0x0000000315e00000 Y/12    Allocating 
 Small   0x0000000316000000 0x0000000316200000 0x0000000316200000 Y/12    Allocating 
 Small   0x0000000316200000 0x00000003163fff98 0x0000000316400000 O/9     Allocating 
 Small   0x0000000316400000 0x00000003165ffff0 0x0000000316600000 O/9     Allocating 
 Small   0x0000000316800000 0x0000000316a00000 0x0000000316a00000 Y/12    Allocating 
 Small   0x0000000317200000 0x00000003173fffd0 0x0000000317400000 O/9     Allocating 
 Small   0x0000000317400000 0x0000000317600000 0x0000000317600000 Y/12    Allocating 
 Small   0x0000000317600000 0x0000000317800000 0x0000000317800000 O/9     Allocating 
 Small   0x0000000317e00000 0x0000000317fffff0 0x0000000318000000 O/9     Allocating 
 Small   0x0000000318200000 0x00000003183ffff8 0x0000000318400000 O/9     Allocating 
 Small   0x0000000318800000 0x0000000318a00000 0x0000000318a00000 O/9     Allocating 
 Small   0x0000000318a00000 0x0000000318bffff0 0x0000000318c00000 O/9     Allocating 
 Small   0x0000000318c00000 0x0000000318dfffe0 0x0000000318e00000 O/9     Allocating 
 Small   0x0000000319200000 0x00000003193ffed0 0x0000000319400000 O/9     Allocating 
 Small   0x0000000319c00000 0x0000000319e00000 0x0000000319e00000 O/9     Allocating 
 Small   0x0000000319e00000 0x000000031a000000 0x000000031a000000 Y/12    Allocating 
 Small   0x000000031a000000 0x000000031a1fffd8 0x000000031a200000 O/9     Allocating 
 Small   0x000000031a600000 0x000000031a800000 0x000000031a800000 Y/12    Allocating 
 Small   0x000000031a800000 0x000000031a9ffff8 0x000000031aa00000 O/9     Allocating 
 Small   0x000000031ae00000 0x000000031b000000 0x000000031b000000 O/9     Allocating 
 Small   0x000000031b600000 0x000000031b7fffc8 0x000000031b800000 O/9     Allocating 
 Small   0x000000031b800000 0x000000031b9fffd8 0x000000031ba00000 O/9     Allocating 
 Small   0x000000031c400000 0x000000031c5ffff8 0x000000031c600000 O/9     Allocating 
 Small   0x000000031d400000 0x000000031d5ffff0 0x000000031d600000 O/9     Allocating 
 Small   0x000000031e200000 0x000000031e3ffff0 0x000000031e400000 O/9     Allocating 
 Small   0x000000031ea00000 0x000000031ebffff0 0x000000031ec00000 O/9     Allocating 
 Small   0x0000000322000000 0x00000003221fffe0 0x0000000322200000 O/9     Allocating 
 Small   0x0000000323c00000 0x0000000323dfff88 0x0000000323e00000 O/9     Allocating 
 Small   0x0000000327200000 0x0000000327400000 0x0000000327400000 O/9     Allocating 
 Small   0x0000000329a00000 0x0000000329bfffc8 0x0000000329c00000 O/9     Allocating 
 Small   0x0000000329c00000 0x0000000329e00000 0x0000000329e00000 Y/12    Allocating 
 Small   0x000000032b400000 0x000000032b5fffe8 0x000000032b600000 O/9     Allocating 
 Small   0x000000032c000000 0x000000032c140000 0x000000032c200000 Y/12    Allocating 
 Small   0x000000032cc00000 0x000000032cdfffe8 0x000000032ce00000 O/9     Allocating 
 Small   0x000000032ce00000 0x000000032cffffe8 0x000000032d000000 O/9     Allocating 
 Small   0x000000032d600000 0x000000032d7fffc8 0x000000032d800000 O/9     Allocating 
 Small   0x000000032f200000 0x000000032f400000 0x000000032f400000 O/9     Allocating 
 Small   0x0000000330200000 0x00000003303fffe8 0x0000000330400000 O/9     Allocating 
 Small   0x0000000331a00000 0x0000000331c00000 0x0000000331c00000 Y/12    Allocating 
 Small   0x0000000332a00000 0x0000000332bffff8 0x0000000332c00000 O/9     Allocating 
 Small   0x0000000332c00000 0x0000000332e00000 0x0000000332e00000 Y/12    Allocating 
 Small   0x0000000333200000 0x00000003333ffff8 0x0000000333400000 O/9     Allocating 
 Small   0x0000000335200000 0x00000003353ffff0 0x0000000335400000 O/9     Allocating 
 Small   0x0000000335600000 0x00000003357ffff8 0x0000000335800000 O/9     Allocating 
 Small   0x0000000335c00000 0x0000000335dffff0 0x0000000335e00000 O/9     Allocating 
 Small   0x0000000336200000 0x00000003363ffff8 0x0000000336400000 O/9     Allocating 
 Small   0x0000000338200000 0x00000003383fffb8 0x0000000338400000 O/8     Relocatable
 Small   0x0000000338a00000 0x0000000338bfffb0 0x0000000338c00000 O/9     Allocating 
 Small   0x000000033aa00000 0x000000033abffff8 0x000000033ac00000 O/9     Allocating 
 Small   0x000000033ae00000 0x000000033b000000 0x000000033b000000 Y/12    Allocating 
 Small   0x000000033b200000 0x000000033b400000 0x000000033b400000 Y/12    Allocating 
 Small   0x000000033b600000 0x000000033b7ffff8 0x000000033b800000 O/9     Allocating 
 Small   0x000000033be00000 0x000000033c000000 0x000000033c000000 Y/12    Allocating 
 Small   0x000000033d800000 0x000000033d9fffb0 0x000000033da00000 O/9     Allocating 
 Small   0x000000033ec00000 0x000000033edfffe0 0x000000033ee00000 O/9     Allocating 
 Small   0x000000033ee00000 0x000000033effffa8 0x000000033f000000 O/9     Allocating 
 Small   0x000000033f600000 0x000000033f7fffe8 0x000000033f800000 O/9     Allocating 
 Small   0x000000033f800000 0x000000033fa00000 0x000000033fa00000 Y/12    Allocating 
 Small   0x0000000340200000 0x00000003403ffff8 0x0000000340400000 O/9     Allocating 
 Small   0x0000000341e00000 0x0000000342000000 0x0000000342000000 Y/12    Allocating 
 Small   0x0000000342000000 0x00000003421fffe8 0x0000000342200000 O/9     Allocating 
 Small   0x0000000342400000 0x00000003425fffd0 0x0000000342600000 O/9     Allocating 
 Small   0x0000000342a00000 0x0000000342c00000 0x0000000342c00000 O/9     Allocating 
 Small   0x0000000342e00000 0x0000000343000000 0x0000000343000000 Y/12    Allocating 
 Small   0x0000000343000000 0x0000000343200000 0x0000000343200000 Y/12    Allocating 
 Small   0x0000000343600000 0x0000000343800000 0x0000000343800000 Y/12    Allocating 
 Small   0x0000000343800000 0x00000003439fffe8 0x0000000343a00000 O/9     Allocating 
 Small   0x0000000343c00000 0x0000000343dfff90 0x0000000343e00000 O/9     Allocating 
 Small   0x0000000345000000 0x00000003451fffd0 0x0000000345200000 O/9     Allocating 
 Small   0x0000000345c00000 0x0000000345dfffc0 0x0000000345e00000 O/9     Allocating 
 Small   0x0000000346000000 0x0000000346200000 0x0000000346200000 Y/12    Allocating 
 Small   0x0000000346600000 0x00000003467ffff0 0x0000000346800000 O/9     Allocating 
 Small   0x0000000346800000 0x00000003469fffc0 0x0000000346a00000 O/9     Allocating 
 Small   0x0000000346c00000 0x0000000346e00000 0x0000000346e00000 Y/12    Allocating 
 Small   0x0000000347000000 0x0000000347200000 0x0000000347200000 Y/12    Allocating 
 Small   0x0000000347a00000 0x0000000347c00000 0x0000000347c00000 Y/12    Allocating 
 Small   0x0000000347e00000 0x0000000348000000 0x0000000348000000 Y/12    Allocating 
 Small   0x0000000348000000 0x0000000348200000 0x0000000348200000 O/9     Allocating 
 Small   0x0000000348200000 0x0000000348400000 0x0000000348400000 Y/12    Allocating 
 Small   0x0000000348600000 0x00000003487fffb0 0x0000000348800000 O/9     Allocating 
 Small   0x0000000348a00000 0x0000000348bffff8 0x0000000348c00000 O/9     Allocating 
 Small   0x0000000348c00000 0x0000000348e00000 0x0000000348e00000 Y/12    Allocating 
 Small   0x0000000349200000 0x0000000349400000 0x0000000349400000 Y/12    Allocating 
 Small   0x0000000349600000 0x0000000349800000 0x0000000349800000 Y/12    Allocating 
 Small   0x0000000349e00000 0x0000000349ffffa0 0x000000034a000000 O/9     Allocating 
 Small   0x000000034a000000 0x000000034a200000 0x000000034a200000 Y/12    Allocating 
 Small   0x000000034a200000 0x000000034a400000 0x000000034a400000 Y/12    Allocating 
 Small   0x000000034a600000 0x000000034a800000 0x000000034a800000 Y/12    Allocating 
 Small   0x000000034aa00000 0x000000034ac00000 0x000000034ac00000 Y/12    Allocating 
 Small   0x000000034ac00000 0x000000034ae00000 0x000000034ae00000 Y/12    Allocating 
 Small   0x000000034ba00000 0x000000034bbfffd0 0x000000034bc00000 O/9     Allocating 
 Small   0x000000034c000000 0x000000034c200000 0x000000034c200000 Y/12    Allocating 
 Small   0x000000034d000000 0x000000034d1fffc8 0x000000034d200000 O/9     Allocating 
 Small   0x000000034d400000 0x000000034d5ffff0 0x000000034d600000 O/9     Allocating 
 Small   0x000000034da00000 0x000000034dbfffe0 0x000000034dc00000 Y/12    Allocating 
 Small   0x000000034dc00000 0x000000034de00000 0x000000034de00000 Y/12    Allocating 
 Small   0x000000034ec00000 0x000000034edfffc8 0x000000034ee00000 O/9     Allocating 
 Small   0x0000000350000000 0x00000003501fffb8 0x0000000350200000 O/9     Allocating 
 Small   0x0000000350c00000 0x0000000350dffff0 0x0000000350e00000 O/9     Allocating 
 Small   0x0000000351800000 0x00000003519fff88 0x0000000351a00000 O/9     Allocating 
 Small   0x0000000351e00000 0x0000000352000000 0x0000000352000000 Y/12    Allocating 
 Small   0x0000000352e00000 0x0000000353000000 0x0000000353000000 Y/12    Allocating 
 Small   0x0000000353000000 0x00000003531ffff0 0x0000000353200000 O/9     Allocating 
 Small   0x0000000353a00000 0x0000000353bfffd0 0x0000000353c00000 O/9     Allocating 
 Small   0x0000000354200000 0x00000003543ffff0 0x0000000354400000 O/9     Allocating 
 Small   0x0000000355000000 0x00000003551fffe0 0x0000000355200000 O/9     Allocating 
 Small   0x0000000356000000 0x0000000356200000 0x0000000356200000 Y/12    Allocating 
 Small   0x0000000356200000 0x00000003563fffc8 0x0000000356400000 O/9     Allocating 
 Small   0x0000000356c00000 0x0000000356dfffd0 0x0000000356e00000 O/9     Allocating 
 Small   0x0000000357a00000 0x0000000357c00000 0x0000000357c00000 Y/12    Allocating 
 Small   0x0000000358200000 0x00000003583ffff8 0x0000000358400000 O/9     Allocating 
 Small   0x0000000358c00000 0x0000000358dfffe8 0x0000000358e00000 O/9     Allocating 
 Small   0x0000000359600000 0x00000003597fffc8 0x0000000359800000 O/9     Allocating 
 Small   0x0000000359800000 0x0000000359a00000 0x0000000359a00000 Y/12    Allocating 
 Small   0x0000000359c00000 0x0000000359dffff8 0x0000000359e00000 O/9     Allocating 
 Small   0x000000035a200000 0x000000035a3ffff0 0x000000035a400000 O/9     Allocating 
 Small   0x000000035a400000 0x000000035a600000 0x000000035a600000 Y/12    Allocating 
 Small   0x000000035b800000 0x000000035ba00000 0x000000035ba00000 Y/12    Allocating 
 Small   0x000000035ca00000 0x000000035cc00000 0x000000035cc00000 Y/12    Allocating 
 Small   0x000000035cc00000 0x000000035ce00000 0x000000035ce00000 Y/12    Allocating 
 Small   0x000000035d000000 0x000000035d200000 0x000000035d200000 Y/12    Allocating 
 Small   0x000000035d200000 0x000000035d400000 0x000000035d400000 Y/12    Allocating 
 Small   0x000000035d400000 0x000000035d600000 0x000000035d600000 Y/12    Allocating 
 Small   0x000000035d600000 0x000000035d800000 0x000000035d800000 Y/12    Allocating 
 Small   0x000000035d800000 0x000000035da00000 0x000000035da00000 O/9     Allocating 
 Small   0x000000035e000000 0x000000035e200000 0x000000035e200000 Y/12    Allocating 
 Small   0x000000035ea00000 0x000000035ec00000 0x000000035ec00000 Y/12    Allocating 
 Small   0x000000035ec00000 0x000000035edfffd8 0x000000035ee00000 O/9     Allocating 
 Small   0x000000035f200000 0x000000035f400000 0x000000035f400000 O/9     Allocating 
 Small   0x000000035f600000 0x000000035f800000 0x000000035f800000 Y/12    Allocating 
 Small   0x000000035f800000 0x000000035fa00000 0x000000035fa00000 Y/12    Allocating 
 Small   0x0000000360000000 0x00000003601fff78 0x0000000360200000 O/9     Allocating 
 Small   0x0000000360200000 0x0000000360400000 0x0000000360400000 Y/12    Allocating 
 Small   0x0000000361800000 0x00000003619fffb0 0x0000000361a00000 O/9     Allocating 
 Small   0x0000000362400000 0x00000003625fffc8 0x0000000362600000 O/9     Allocating 
 Small   0x0000000362e00000 0x0000000363000000 0x0000000363000000 Y/12    Allocating 
 Small   0x0000000363600000 0x00000003637fffc8 0x0000000363800000 O/9     Allocating 
 Small   0x0000000363c00000 0x0000000363e00000 0x0000000363e00000 Y/12    Allocating 
 Small   0x0000000364200000 0x0000000364400000 0x0000000364400000 Y/12    Allocating 
 Small   0x0000000364600000 0x00000003647fffe8 0x0000000364800000 O/9     Allocating 
 Small   0x0000000365000000 0x00000003651fffc0 0x0000000365200000 O/9     Allocating 
 Small   0x0000000365400000 0x00000003655fffd0 0x0000000365600000 O/9     Allocating 
 Small   0x0000000365800000 0x00000003659fffe0 0x0000000365a00000 O/9     Allocating 
 Small   0x0000000365c00000 0x0000000365dfffa0 0x0000000365e00000 O/9     Allocating 
 Small   0x0000000365e00000 0x0000000365ffffe0 0x0000000366000000 O/9     Allocating 
 Small   0x0000000366a00000 0x0000000366c00000 0x0000000366c00000 Y/12    Allocating 
 Small   0x0000000370e00000 0x0000000371000000 0x0000000371000000 O/9     Allocating 
 Small   0x0000000371e00000 0x0000000371ffffe8 0x0000000372000000 O/9     Allocating 
 Small   0x0000000372000000 0x00000003721fffc8 0x0000000372200000 O/9     Allocating 
 Small   0x0000000373a00000 0x0000000373b7bd98 0x0000000373c00000 O/9     Allocating 
 Small   0x0000000378000000 0x00000003781ffff8 0x0000000378200000 O/9     Allocating 
 Small   0x0000000378a00000 0x0000000378bffff0 0x0000000378c00000 O/9     Allocating 
 Small   0x0000000381000000 0x00000003811fffe8 0x0000000381200000 O/9     Allocating 
 Small   0x0000000381e00000 0x0000000381ffffa8 0x0000000382000000 O/9     Allocating 
 Small   0x000000038d800000 0x000000038d9fffe8 0x000000038da00000 O/9     Allocating 
 Small   0x000000038da00000 0x000000038dbfffc8 0x000000038dc00000 O/9     Allocating 
 Small   0x000000038f000000 0x000000038f200000 0x000000038f200000 Y/12    Allocating 
 Small   0x000000038f400000 0x000000038f600000 0x000000038f600000 Y/12    Allocating 
 Small   0x000000038f600000 0x000000038f800000 0x000000038f800000 Y/12    Allocating 
 Small   0x000000038f800000 0x000000038fa00000 0x000000038fa00000 Y/12    Allocating 
 Small   0x0000000390400000 0x0000000390600000 0x0000000390600000 Y/12    Allocating 
 Small   0x0000000390800000 0x00000003909fc680 0x0000000390a00000 O/9     Allocating 
 Small   0x0000000392600000 0x00000003927fffc8 0x0000000392800000 O/9     Allocating 
 Small   0x0000000393000000 0x00000003931fffa8 0x0000000393200000 O/9     Allocating 
 Small   0x0000000393200000 0x00000003933fffe8 0x0000000393400000 O/9     Allocating 
 Small   0x0000000395600000 0x0000000395800000 0x0000000395800000 Y/12    Allocating 
 Small   0x0000000395a00000 0x0000000395c00000 0x0000000395c00000 O/9     Allocating 
 Small   0x0000000395c00000 0x0000000395e00000 0x0000000395e00000 Y/12    Allocating 
 Small   0x0000000396c00000 0x0000000396e00000 0x0000000396e00000 Y/12    Allocating 
 Small   0x0000000396e00000 0x0000000397000000 0x0000000397000000 O/9     Allocating 
 Small   0x0000000397c00000 0x0000000397e00000 0x0000000397e00000 Y/12    Allocating 
 Small   0x0000000398600000 0x0000000398800000 0x0000000398800000 Y/12    Allocating 
 Small   0x0000000398a00000 0x0000000398c00000 0x0000000398c00000 Y/12    Allocating 
 Small   0x0000000399800000 0x00000003999ffff8 0x0000000399a00000 O/9     Allocating 
 Small   0x0000000399c00000 0x0000000399dfffe8 0x0000000399e00000 O/9     Allocating 
 Small   0x0000000399e00000 0x0000000399ffffd8 0x000000039a000000 O/9     Allocating 
 Small   0x000000039a000000 0x000000039a1fff98 0x000000039a200000 O/9     Allocating 
 Small   0x000000039a400000 0x000000039a5fffd8 0x000000039a600000 O/9     Allocating 
 Small   0x000000039f400000 0x000000039f600000 0x000000039f600000 Y/12    Allocating 
 Small   0x000000039f600000 0x000000039f800000 0x000000039f800000 Y/12    Allocating 
 Small   0x00000003a0c00000 0x00000003a0dfffc0 0x00000003a0e00000 O/9     Allocating 
 Small   0x00000003a2200000 0x00000003a2400000 0x00000003a2400000 Y/12    Allocating 
 Small   0x00000003a3a00000 0x00000003a3c00000 0x00000003a3c00000 Y/12    Allocating 
 Small   0x00000003a3e00000 0x00000003a4000000 0x00000003a4000000 Y/12    Allocating 
 Small   0x00000003a4000000 0x00000003a41fffd8 0x00000003a4200000 O/9     Allocating 
 Small   0x00000003a4200000 0x00000003a4400000 0x00000003a4400000 Y/12    Allocating 
 Small   0x00000003a4a00000 0x00000003a4c00000 0x00000003a4c00000 Y/12    Allocating 
 Small   0x00000003a5a00000 0x00000003a5c00000 0x00000003a5c00000 Y/12    Allocating 
 Small   0x00000003a5c00000 0x00000003a5dfffe0 0x00000003a5e00000 O/9     Allocating 
 Small   0x00000003a6000000 0x00000003a6200000 0x00000003a6200000 Y/12    Allocating 
 Small   0x00000003a6200000 0x00000003a6400000 0x00000003a6400000 O/9     Allocating 
 Small   0x00000003a6400000 0x00000003a6600000 0x00000003a6600000 Y/12    Allocating 
 Small   0x00000003a6800000 0x00000003a6a00000 0x00000003a6a00000 Y/12    Allocating 
 Small   0x00000003a6a00000 0x00000003a6bfffc8 0x00000003a6c00000 O/9     Allocating 
 Small   0x00000003a6c00000 0x00000003a6e00000 0x00000003a6e00000 Y/12    Allocating 
 Small   0x00000003a6e00000 0x00000003a7000000 0x00000003a7000000 Y/12    Allocating 
 Small   0x00000003a7200000 0x00000003a73ffff0 0x00000003a7400000 O/9     Allocating 
 Small   0x00000003a7400000 0x00000003a7600000 0x00000003a7600000 Y/12    Allocating 
 Small   0x00000003a7800000 0x00000003a79fffe8 0x00000003a7a00000 O/9     Allocating 
 Small   0x00000003a7c00000 0x00000003a7dfff98 0x00000003a7e00000 O/9     Allocating 
 Small   0x00000003a8400000 0x00000003a8600000 0x00000003a8600000 O/9     Allocating 
 Small   0x00000003a8600000 0x00000003a87fff88 0x00000003a8800000 O/9     Allocating 
 Small   0x00000003a8c00000 0x00000003a8dfff80 0x00000003a8e00000 O/9     Allocating 
 Small   0x00000003a9200000 0x00000003a93fffe8 0x00000003a9400000 O/9     Allocating 
 Small   0x00000003a9600000 0x00000003a97fffb0 0x00000003a9800000 O/9     Allocating 
 Small   0x00000003a9800000 0x00000003a9a00000 0x00000003a9a00000 Y/12    Allocating 
 Small   0x00000003a9e00000 0x00000003aa000000 0x00000003aa000000 Y/12    Allocating 
 Small   0x00000003aa000000 0x00000003aa200000 0x00000003aa200000 Y/12    Allocating 
 Small   0x00000003aa200000 0x00000003aa400000 0x00000003aa400000 Y/12    Allocating 
 Small   0x00000003aa400000 0x00000003aa5fffd8 0x00000003aa600000 O/9     Allocating 
 Small   0x00000003aa600000 0x00000003aa800000 0x00000003aa800000 Y/12    Allocating 
 Small   0x00000003aa800000 0x00000003aaa00000 0x00000003aaa00000 Y/12    Allocating 
 Small   0x00000003aaa00000 0x00000003aac00000 0x00000003aac00000 Y/12    Allocating 
 Small   0x00000003ab200000 0x00000003ab3fffc0 0x00000003ab400000 O/9     Allocating 
 Small   0x00000003ab400000 0x00000003ab600000 0x00000003ab600000 Y/12    Allocating 
 Small   0x00000003ab800000 0x00000003ab9fffd8 0x00000003aba00000 O/9     Allocating 
 Small   0x00000003aba00000 0x00000003abbfffb8 0x00000003abc00000 O/9     Allocating 
 Small   0x00000003abc00000 0x00000003abe00000 0x00000003abe00000 Y/12    Allocating 
 Small   0x00000003ac000000 0x00000003ac200000 0x00000003ac200000 Y/12    Allocating 
 Small   0x00000003ac400000 0x00000003ac600000 0x00000003ac600000 Y/12    Allocating 
 Small   0x00000003ac600000 0x00000003ac800000 0x00000003ac800000 Y/12    Allocating 
 Small   0x00000003ac800000 0x00000003ac9ffff8 0x00000003aca00000 O/9     Allocating 
 Small   0x00000003aca00000 0x00000003acbffff0 0x00000003acc00000 O/9     Allocating 
 Small   0x00000003acc00000 0x00000003ace00000 0x00000003ace00000 O/9     Allocating 
 Small   0x00000003ad200000 0x00000003ad400000 0x00000003ad400000 Y/12    Allocating 
 Small   0x00000003ad400000 0x00000003ad600000 0x00000003ad600000 Y/12    Allocating 
 Small   0x00000003ad600000 0x00000003ad800000 0x00000003ad800000 Y/12    Allocating 
 Small   0x00000003ada00000 0x00000003adbfffe0 0x00000003adc00000 O/9     Allocating 
 Small   0x00000003ae000000 0x00000003ae200000 0x00000003ae200000 Y/12    Allocating 
 Small   0x00000003ae400000 0x00000003ae5fffd0 0x00000003ae600000 O/9     Allocating 
 Small   0x00000003ae600000 0x00000003ae800000 0x00000003ae800000 Y/12    Allocating 
 Small   0x00000003ae800000 0x00000003aea00000 0x00000003aea00000 Y/12    Allocating 
 Small   0x00000003af200000 0x00000003af400000 0x00000003af400000 Y/12    Allocating 
 Small   0x00000003af800000 0x00000003afa00000 0x00000003afa00000 O/9     Allocating 
 Small   0x00000003afe00000 0x00000003b0000000 0x00000003b0000000 Y/12    Allocating 
 Small   0x00000003b0200000 0x00000003b0400000 0x00000003b0400000 Y/12    Allocating 
 Small   0x00000003b0600000 0x00000003b0640000 0x00000003b0800000 Y/12    Allocating 
 Small   0x00000003b0a00000 0x00000003b0c00000 0x00000003b0c00000 Y/12    Allocating 
 Small   0x00000003b0e00000 0x00000003b0f4d978 0x00000003b1000000 O/8     Relocatable
 Small   0x00000003b1c00000 0x00000003b1e00000 0x00000003b1e00000 Y/12    Allocating 
 Small   0x00000003b2000000 0x00000003b2200000 0x00000003b2200000 Y/12    Allocating 
 Small   0x00000003b2400000 0x00000003b2600000 0x00000003b2600000 Y/12    Allocating 
 Small   0x00000003b2600000 0x00000003b2800000 0x00000003b2800000 Y/12    Allocating 
 Small   0x00000003b2a00000 0x00000003b2c00000 0x00000003b2c00000 Y/12    Allocating 
 Small   0x00000003b2c00000 0x00000003b2c80000 0x00000003b2e00000 Y/12    Allocating 
 Small   0x00000003b2e00000 0x00000003b2e80000 0x00000003b3000000 Y/12    Allocating 
 Small   0x00000003b3200000 0x00000003b33ff9c0 0x00000003b3400000 O/9     Allocating 
 Small   0x00000003b3600000 0x00000003b37ffff8 0x00000003b3800000 O/9     Allocating 
 Small   0x00000003b3800000 0x00000003b3a00000 0x00000003b3a00000 Y/12    Allocating 
 Small   0x00000003b3a00000 0x00000003b3c00000 0x00000003b3c00000 Y/12    Allocating 
 Small   0x00000003b3e00000 0x00000003b3f00000 0x00000003b4000000 Y/12    Allocating 
 Small   0x00000003b4000000 0x00000003b4200000 0x00000003b4200000 Y/12    Allocating 
 Small   0x00000003b4400000 0x00000003b4600000 0x00000003b4600000 Y/12    Allocating 
 Small   0x00000003b4a00000 0x00000003b4c00000 0x00000003b4c00000 Y/12    Allocating 
 Small   0x00000003b4c00000 0x00000003b4e00000 0x00000003b4e00000 Y/12    Allocating 
 Small   0x00000003b4e00000 0x00000003b4ffffe0 0x00000003b5000000 O/9     Allocating 
 Small   0x00000003b5200000 0x00000003b5400000 0x00000003b5400000 Y/12    Allocating 
 Small   0x00000003b5600000 0x00000003b5800000 0x00000003b5800000 Y/12    Allocating 
 Small   0x00000003b5a00000 0x00000003b5c00000 0x00000003b5c00000 Y/12    Allocating 
 Small   0x00000003b6000000 0x00000003b61fffd0 0x00000003b6200000 O/9     Allocating 
 Small   0x00000003b6600000 0x00000003b6800000 0x00000003b6800000 Y/12    Allocating 
 Small   0x00000003b6a00000 0x00000003b6a40000 0x00000003b6c00000 Y/12    Allocating 
 Small   0x00000003b6c00000 0x00000003b6e00000 0x00000003b6e00000 Y/12    Allocating 
 Small   0x00000003b7e00000 0x00000003b8000000 0x00000003b8000000 O/9     Allocating 
 Small   0x00000003b8000000 0x00000003b81fffe8 0x00000003b8200000 O/9     Allocating 
 Small   0x00000003b8400000 0x00000003b8600000 0x00000003b8600000 O/9     Allocating 
 Small   0x00000003b9000000 0x00000003b9200000 0x00000003b9200000 O/9     Allocating 
 Small   0x00000003b9600000 0x00000003b97fff78 0x00000003b9800000 O/9     Allocating 
 Small   0x00000003b9a00000 0x00000003b9c00000 0x00000003b9c00000 O/9     Allocating 
 Small   0x00000003ba400000 0x00000003ba450f28 0x00000003ba600000 O/9     Allocating 
 Small   0x00000003ba800000 0x00000003baa00000 0x00000003baa00000 Y/12    Allocating 
 Small   0x00000003baa00000 0x00000003bac00000 0x00000003bac00000 O/9     Allocating 
 Small   0x00000003bac00000 0x00000003bae00000 0x00000003bae00000 O/9     Allocating 
 Small   0x00000003bae00000 0x00000003bb000000 0x00000003bb000000 Y/12    Allocating 
 Medium  0x0000003fe5000000 0x0000003fe5243000 0x0000003fe7000000 O/8     Relocatable
 Large   0x0000003fe9000000 0x0000003fe9a00000 0x0000003fe9a00000 Y/12    Allocating 
 Medium  0x0000003fe9a00000 0x0000003feadd4000 0x0000003feba00000 Y/12    Allocating 
 Medium  0x0000003feba00000 0x0000003febb83000 0x0000003feda00000 O/8     Relocatable
 Medium  0x0000003feda00000 0x0000003fedb03000 0x0000003fefa00000 Y/12    Allocating 
 Medium  0x0000003fefa00000 0x0000003ff0ab5000 0x0000003ff1a00000 O/8     Relocatable
 Large   0x0000003ff1a00000 0x0000003ff2c00000 0x0000003ff2c00000 O/9     Allocating 
 Large   0x0000003ff2c00000 0x0000003ff3200000 0x0000003ff3200000 O/9     Allocating 
 Large   0x0000003ff3200000 0x0000003ff3800000 0x0000003ff3800000 Y/12    Allocating 
 Medium  0x0000003ff3a00000 0x0000003ff4536000 0x0000003ff5a00000 O/8     Relocatable
 Medium  0x0000003ff5a00000 0x0000003ff718f000 0x0000003ff7a00000 O/7     Relocatable
 Medium  0x0000003ff7a00000 0x0000003ff82c6000 0x0000003ff9a00000 O/9     Allocating 
 Medium  0x0000003ff9a00000 0x0000003ffb961000 0x0000003ffba00000 O/7     Relocatable
 Large   0x0000003ffc800000 0x0000003ffce00000 0x0000003ffce00000 Y/12    Allocating 
 Large   0x0000003ffce00000 0x0000003ffd400000 0x0000003ffd400000 O/8     Relocatable
 Large   0x0000003ffd400000 0x0000003ffe000000 0x0000003ffe000000 O/8     Relocatable
 Large   0x0000003ffe000000 0x0000003ffe600000 0x0000003ffe600000 O/9     Allocating 
 Large   0x0000003ffe600000 0x0000003ffec00000 0x0000003ffec00000 O/9     Allocating 

ZBarrierSet

Polling page: 0x00000176199d0000

Metaspace:

Usage:
  Non-class:    213.83 MB used.
      Class:     43.37 MB used.
       Both:    257.21 MB used.

Virtual space:
  Non-class space:      256.00 MB reserved,     215.38 MB ( 84%) committed,  4 nodes.
      Class space:        1.00 GB reserved,      44.69 MB (  4%) committed,  1 nodes.
             Both:        1.25 GB reserved,     260.06 MB ( 20%) committed. 

Chunk freelists:
   Non-Class:  8.45 MB
       Class:  3.19 MB
        Both:  11.64 MB

MaxMetaspaceSize: unlimited
CompressedClassSpaceSize: 1.00 GB
Initial GC threshold: 21.00 MB
Current GC threshold: 325.75 MB
CDS: off
 - commit_granule_bytes: 65536.
 - commit_granule_words: 8192.
 - virtual_space_node_default_size: 8388608.
 - enlarge_chunks_in_place: 1.
 - use_allocation_guard: 0.


Internal statistics:

num_allocs_failed_limit: 225.
num_arena_births: 5534.
num_arena_deaths: 378.
num_vsnodes_births: 5.
num_vsnodes_deaths: 0.
num_space_committed: 4148.
num_space_uncommitted: 0.
num_chunks_returned_to_freelist: 771.
num_chunks_taken_from_freelist: 18339.
num_chunk_merges: 453.
num_chunk_splits: 10853.
num_chunks_enlarged: 6221.
num_inconsistent_stats: 0.

CodeHeap 'non-profiled nmethods': size=119168Kb used=28143Kb max_used=28143Kb free=91024Kb
 bounds [0x0000017625c10000, 0x0000017627790000, 0x000001762d070000]
CodeHeap 'profiled nmethods': size=119104Kb used=43469Kb max_used=43469Kb free=75634Kb
 bounds [0x000001761e070000, 0x0000017620af0000, 0x00000176254c0000]
CodeHeap 'non-nmethods': size=7488Kb used=5331Kb max_used=5426Kb free=2157Kb
 bounds [0x00000176254c0000, 0x0000017625a20000, 0x0000017625c10000]
 total_blobs=24681 nmethods=22003 adapters=2576
 compilation: enabled
              stopped_count=0, restarted_count=0
 full_count=0

Compilation events (250 events):
Event: 31.852 Thread 0x0000017a30223050 nmethod 29275 0x0000017620a7b090 code [0x0000017620a7b260, 0x0000017620a7b638]
Event: 31.853 Thread 0x000001761a2433b0 nmethod 29259 0x0000017620a7b790 code [0x0000017620a7be00, 0x0000017620a7f598]
Event: 31.854 Thread 0x000001761a244a60 nmethod 29274 0x0000017620a80910 code [0x0000017620a813e0, 0x0000017620a87930]
Event: 31.856 Thread 0x000001761a1e00e0 nmethod 29273 0x0000017627775890 code [0x0000017627775b60, 0x00000176277769d8]
Event: 31.857 Thread 0x000001761a1e00e0 29271       4       net.minecraft.client.gui.GuiGraphics::setColor (13 bytes)
Event: 31.857 Thread 0x000001761a1e00e0 nmethod 29271 0x0000017627777010 code [0x00000176277771a0, 0x00000176277773c0]
Event: 31.868 Thread 0x000001761a244a60 29276       3       net.minecraft.client.gui.Font::handler$dpm000$jade$renderChar (162 bytes)
Event: 31.868 Thread 0x0000017ab96545a0 29277       3       net.minecraft.client.gui.font.glyphs.BakedGlyph::render (445 bytes)
Event: 31.868 Thread 0x0000017a30223050 29278   !   3       net.minecraft.client.gui.font.glyphs.BakedGlyph::handler$bkd000$sodium$drawFast (315 bytes)
Event: 31.868 Thread 0x000001761a2433b0 29279       3       net.caffeinemc.mods.sodium.client.render.vertex.VertexConsumerUtils::convertOrLog (15 bytes)
Event: 31.868 Thread 0x000001761a2433b0 nmethod 29279 0x0000017620a89a90 code [0x0000017620a89c60, 0x0000017620a8a140]
Event: 31.868 Thread 0x000001761a2433b0 29280       3       net.caffeinemc.mods.sodium.api.vertex.buffer.VertexBufferWriter::tryOf (25 bytes)
Event: 31.868 Thread 0x000001761a2433b0 nmethod 29280 0x0000017620a8a290 code [0x0000017620a8a460, 0x0000017620a8a8a8]
Event: 31.868 Thread 0x000001761a2433b0 29281       3       org.lwjgl.system.MemoryStack::nmalloc (9 bytes)
Event: 31.868 Thread 0x000001761a2433b0 nmethod 29281 0x0000017620a8aa10 code [0x0000017620a8abc0, 0x0000017620a8ad80]
Event: 31.868 Thread 0x000001761a2433b0 29282       3       com.mojang.blaze3d.vertex.BufferBuilder::push (84 bytes)
Event: 31.868 Thread 0x000001761a244a60 nmethod 29276 0x0000017620a8ae10 code [0x0000017620a8b0e0, 0x0000017620a8bb28]
Event: 31.868 Thread 0x000001761a244a60 29283       3       net.caffeinemc.mods.sodium.api.memory.MemoryIntrinsics::copyMemory (12 bytes)
Event: 31.868 Thread 0x000001761a2433b0 nmethod 29282 0x0000017620a8bf10 code [0x0000017620a8c0e0, 0x0000017620a8c3e8]
Event: 31.868 Thread 0x000001761a2433b0 29284       3       sun.misc.Unsafe::copyMemory (11 bytes)
Event: 31.868 Thread 0x000001761a2433b0 nmethod 29284 0x0000017620a8c590 code [0x0000017620a8c740, 0x0000017620a8c888]
Event: 31.868 Thread 0x000001761a244a60 nmethod 29283 0x0000017620a8c990 code [0x0000017620a8cb40, 0x0000017620a8ccf0]
Event: 31.868 Thread 0x000001761a2433b0 29285       3       jdk.internal.misc.Unsafe::copyMemory (11 bytes)
Event: 31.868 Thread 0x000001761a244a60 29286       3       net.minecraft.client.gui.font.GlyphRenderTypes::select (65 bytes)
Event: 31.868 Thread 0x000001761a2433b0 nmethod 29285 0x0000017620a8ce10 code [0x0000017620a8cfc0, 0x0000017620a8d128]
Event: 31.868 Thread 0x000001761a2433b0 29287       3       net.minecraft.client.gui.Font$StringRenderOutput::redirect$cei000$immediatelyfast$reduceGetBufferCalls (70 bytes)
Event: 31.868 Thread 0x000001761a244a60 nmethod 29286 0x0000017620a8d210 code [0x0000017620a8d400, 0x0000017620a8d7b8]
Event: 31.868 Thread 0x0000017a30223050 nmethod 29278 0x0000017620a8d910 code [0x0000017620a8dce0, 0x0000017620a8f4c0]
Event: 31.868 Thread 0x000001761a2433b0 nmethod 29287 0x0000017620a90010 code [0x0000017620a90200, 0x0000017620a907f8]
Event: 31.868 Thread 0x000001761a244a60 29288       3       net.minecraft.client.gui.Font::renderChar (105 bytes)
Event: 31.868 Thread 0x0000017a30223050 29289       3       de.keksuccino.fancymenu.customization.element.elements.button.custombutton.ButtonElement::getAbsoluteX (43 bytes)
Event: 31.868 Thread 0x000001761a2433b0 29291       3       de.keksuccino.fancymenu.customization.element.elements.button.custombutton.ButtonElement::getAbsoluteY (43 bytes)
Event: 31.869 Thread 0x0000017a30223050 nmethod 29289 0x0000017620a90910 code [0x0000017620a90b60, 0x0000017620a915c8]
Event: 31.869 Thread 0x000001761a2433b0 nmethod 29291 0x0000017620a91810 code [0x0000017620a91a60, 0x0000017620a924c8]
Event: 31.869 Thread 0x000001761a244a60 nmethod 29288 0x0000017620a92710 code [0x0000017620a92900, 0x0000017620a92fd0]
Event: 31.869 Thread 0x0000017ab96545a0 nmethod 29277 0x0000017620a93210 code [0x0000017620a93800, 0x0000017620a96110]
Event: 31.869 Thread 0x000001761a2433b0 29290       3       de.keksuccino.fancymenu.customization.element.elements.button.custombutton.ButtonElement::getAbsoluteX (42 bytes)
Event: 31.869 Thread 0x0000017a30223050 29292       3       de.keksuccino.fancymenu.customization.element.elements.button.custombutton.ButtonElement::getAbsoluteY (42 bytes)
Event: 31.869 Thread 0x000001761a244a60 29293       3       net.caffeinemc.mods.sodium.api.util.ColorABGR::pack (35 bytes)
Event: 31.869 Thread 0x000001761a244a60 nmethod 29293 0x0000017620a97210 code [0x0000017620a973a0, 0x0000017620a974c0]
Event: 31.869 Thread 0x000001761a1e00e0 29294   !   4       de.keksuccino.fancymenu.customization.screen.identifier.ScreenIdentifierHandler::isValidIdentifier (43 bytes)
Event: 31.869 Thread 0x000001761a2433b0 nmethod 29290 0x0000017620a97590 code [0x0000017620a97800, 0x0000017620a98248]
Event: 31.869 Thread 0x0000017a30223050 nmethod 29292 0x0000017620a98590 code [0x0000017620a98800, 0x0000017620a99248]
Event: 31.876 Thread 0x000001761a1e00e0 nmethod 29294 0x0000017627777510 code [0x0000017627777820, 0x0000017627778a00]
Event: 31.884 Thread 0x000001761a1e00e0 29295       4       de.keksuccino.fancymenu.customization.element.elements.button.custombutton.ButtonElement::isCopyrightButton (61 bytes)
Event: 31.884 Thread 0x000001761a2433b0 29296       1       net.minecraft.client.gui.components.AbstractWidget::setMessageFieldFancyMenu (6 bytes)
Event: 31.884 Thread 0x0000017ab96545a0 29297       3       net.minecraft.network.chat.Style::equals (152 bytes)
Event: 31.884 Thread 0x000001761a2433b0 nmethod 29296 0x0000017627779310 code [0x00000176277794a0, 0x00000176277795d8]
Event: 31.884 Thread 0x000001761a2433b0 29299       3       net.minecraft.network.chat.SubStringSource::lambda$create$2 (40 bytes)
Event: 31.884 Thread 0x0000017a30223050 29298       3       net.minecraft.network.chat.SubStringSource$$Lambda/0x0000000082cad9c8::accept (15 bytes)
Event: 31.884 Thread 0x000001761a244a60 29300       3       java.lang.StringBuilder::appendCodePoint (8 bytes)
Event: 31.884 Thread 0x0000017a30223050 nmethod 29298 0x0000017620a99590 code [0x0000017620a99740, 0x0000017620a99900]
Event: 31.884 Thread 0x0000017a30223050 29301       3       java.lang.AbstractStringBuilder::appendCodePoint (23 bytes)
Event: 31.884 Thread 0x0000017a30223050 nmethod 29301 0x0000017620a99990 code [0x0000017620a99b80, 0x0000017620a99f40]
Event: 31.884 Thread 0x0000017a30223050 29302       3       java.lang.StringBuilder::append (6 bytes)
Event: 31.884 Thread 0x000001761a244a60 nmethod 29300 0x0000017620a9a010 code [0x0000017620a9a220, 0x0000017620a9a6b8]
Event: 31.884 Thread 0x000001761a244a60 29303       3       com.ibm.icu.text.ArabicShaping::getLink (72 bytes)
Event: 31.884 Thread 0x0000017a30223050 nmethod 29302 0x0000017620a9a890 code [0x0000017620a9aa40, 0x0000017620a9abf0]
Event: 31.884 Thread 0x0000017a30223050 29304       3       com.ibm.icu.text.ArabicShaping::isTashkeelChar (20 bytes)
Event: 31.884 Thread 0x000001761a2433b0 nmethod 29299 0x0000017620a9ad10 code [0x0000017620a9af40, 0x0000017620a9b670]
Event: 31.884 Thread 0x000001761a1e00e0 nmethod 29295 0x0000017627779690 code [0x0000017627779840, 0x0000017627779af0]
Event: 31.884 Thread 0x0000017a30223050 nmethod 29304 0x0000017620a9ba10 code [0x0000017620a9bba0, 0x0000017620a9bd18]
Event: 31.884 Thread 0x0000017a30223050 29307       3       net.minecraft.client.gui.GuiGraphics::handler$cfc000$immediatelyfast$drawTexturedQuadIntoBuffer (488 bytes)
Event: 31.885 Thread 0x0000017ab96545a0 nmethod 29297 0x0000017620a9bd90 code [0x0000017620a9c080, 0x0000017620a9d178]
Event: 31.885 Thread 0x000001761a2433b0 29305       3       com.ibm.icu.text.UTF16::charAt (116 bytes)
Event: 31.885 Thread 0x000001761a244a60 nmethod 29303 0x0000017620a9d490 code [0x0000017620a9d660, 0x0000017620a9d998]
Event: 31.885 Thread 0x0000017ab96545a0 29306       3       com.ibm.icu.text.UTF16::isSurrogate (16 bytes)
Event: 31.885 Thread 0x0000017ab96545a0 nmethod 29306 0x0000017620a9da90 code [0x0000017620a9dc20, 0x0000017620a9dd68]
Event: 31.885 Thread 0x000001761a2433b0 nmethod 29305 0x0000017620a9de10 code [0x0000017620a9e040, 0x0000017620a9e7c8]
Event: 31.886 Thread 0x0000017a30223050 nmethod 29307 0x0000017620a9ea90 code [0x0000017620a9f180, 0x0000017620aa2c18]
Event: 31.901 Thread 0x000001761a2433b0 29308       3       com.ibm.icu.text.Bidi::DirPropFlag (4 bytes)
Event: 31.901 Thread 0x000001761a2433b0 nmethod 29308 0x0000017620aa4290 code [0x0000017620aa4420, 0x0000017620aa4518]
Event: 31.901 Thread 0x000001761a2433b0 29310       3       com.mojang.blaze3d.shaders.Uniform::uploadInteger (6 bytes)
Event: 31.901 Thread 0x000001761a244a60 29311       3       com.mojang.blaze3d.systems.RenderSystem::glUniform1i (9 bytes)
Event: 31.901 Thread 0x0000017a30223050 29313       3       org.lwjgl.opengl.GL20::glUniform1i (6 bytes)
Event: 31.901 Thread 0x0000017ab96545a0 29312       3       com.mojang.blaze3d.platform.GlStateManager::_glUniform1i (9 bytes)
Event: 31.901 Thread 0x0000017a30223050 nmethod 29313 0x0000017620aa4590 code [0x0000017620aa4740, 0x0000017620aa4858]
Event: 31.901 Thread 0x0000017a30223050 29314       3       com.mojang.blaze3d.systems.RenderSystem::activeTexture (8 bytes)
Event: 31.901 Thread 0x000001761a2433b0 nmethod 29310 0x0000017620aa4910 code [0x0000017620aa4b40, 0x0000017620aa5300]
Event: 31.901 Thread 0x000001761a244a60 nmethod 29311 0x0000017620aa5590 code [0x0000017620aa57c0, 0x0000017620aa5f10]
Event: 31.901 Thread 0x000001761a2433b0 29317       3       net.minecraft.client.renderer.ShaderInstance::apply (248 bytes)
Event: 31.901 Thread 0x0000017ab96545a0 nmethod 29312 0x0000017620aa6190 code [0x0000017620aa6380, 0x0000017620aa67e0]
Event: 31.901 Thread 0x000001761a244a60 29315       3       com.mojang.blaze3d.systems.RenderSystem::bindTexture (5 bytes)
Event: 31.901 Thread 0x0000017ab96545a0 29316       3       net.minecraft.client.renderer.ShaderInstance::redirect$bkl000$sodium$redirectGetUniformLocation (29 bytes)
Event: 31.901 Thread 0x000001761a244a60 nmethod 29315 0x0000017620aa6990 code [0x0000017620aa6b40, 0x0000017620aa6c58]
Event: 31.901 Thread 0x0000017a30223050 nmethod 29314 0x0000017620aa6d10 code [0x0000017620aa6fa0, 0x0000017620aa7a40]
Event: 31.901 Thread 0x0000017ab96545a0 nmethod 29316 0x0000017620aa7d90 code [0x0000017620aa7f60, 0x0000017620aa8260]
Event: 31.902 Thread 0x000001761a2433b0 nmethod 29317 0x0000017620aa8390 code [0x0000017620aa89e0, 0x0000017620aac2a0]
Event: 31.905 Thread 0x0000017ab96545a0 29318 %     3       org.watermedia.api.util.MathUtil::<clinit> @ 475 (512 bytes)
Event: 31.906 Thread 0x0000017ab96545a0 nmethod 29318% 0x0000017620aad110 code [0x0000017620aadb00, 0x0000017620ab4998]
Event: 31.906 Thread 0x000001761a244a60 29319       3       org.watermedia.api.util.MathUtil::<clinit> (512 bytes)
Event: 31.908 Thread 0x000001761a244a60 nmethod 29319 0x0000017620ab6290 code [0x0000017620ab6c80, 0x0000017620abdac0]
Event: 31.910 Thread 0x000001761a2433b0 29320       3       java.util.AbstractList$RandomAccessSpliterator::<init> (82 bytes)
Event: 31.910 Thread 0x000001761a2433b0 nmethod 29320 0x0000017620abf390 code [0x0000017620abf560, 0x0000017620abfa60]
Event: 31.922 Thread 0x0000017ab96545a0 29322       3       java.lang.invoke.LambdaFormEditor$1::compare (10 bytes)
Event: 31.922 Thread 0x000001761a2433b0 29323       3       java.lang.invoke.LambdaFormEditor$1::compare (13 bytes)
Event: 31.922 Thread 0x0000017ab96545a0 nmethod 29322 0x0000017620abfb90 code [0x0000017620abfd20, 0x0000017620abfe40]
Event: 31.922 Thread 0x000001761a2433b0 nmethod 29323 0x0000017620abff10 code [0x0000017620ac00c0, 0x0000017620ac0400]
Event: 31.923 Thread 0x0000017ab96545a0 29325       3       java.lang.invoke.DelegatingMethodHandle::internalMemberName (8 bytes)
Event: 31.923 Thread 0x0000017ab96545a0 nmethod 29325 0x0000017620ac0510 code [0x0000017620ac06e0, 0x0000017620ac0960]
Event: 31.924 Thread 0x0000017a30223050 29326       3       java.lang.invoke.ClassSpecializer$Factory$1Var::emitVarInstruction (73 bytes)
Event: 31.924 Thread 0x0000017ab96545a0 29327       3       java.lang.invoke.ClassSpecializer$Factory::typeLoadOp (102 bytes)
Event: 31.924 Thread 0x000001761a2433b0 29328       3       java.lang.invoke.ClassSpecializer$Factory$1Var::emitFieldInsn (18 bytes)
Event: 31.924 Thread 0x000001761a2433b0 nmethod 29328 0x0000017620ac0a10 code [0x0000017620ac0bc0, 0x0000017620ac0e30]
Event: 31.924 Thread 0x0000017ab96545a0 nmethod 29327 0x0000017620ac0f10 code [0x0000017620ac1180, 0x0000017620ac1970]
Event: 31.924 Thread 0x0000017a30223050 nmethod 29326 0x0000017620ac1c10 code [0x0000017620ac1ea0, 0x0000017620ac27d0]
Event: 31.926 Thread 0x0000017ab96545a0 29331       3       java.lang.Thread::threadState (11 bytes)
Event: 31.926 Thread 0x000001761a244a60 29332       3       jdk.internal.misc.VM::toThreadState (68 bytes)
Event: 31.926 Thread 0x0000017ab96545a0 nmethod 29331 0x0000017620ac2b90 code [0x0000017620ac2d40, 0x0000017620ac2eb0]
Event: 31.926 Thread 0x000001761a244a60 nmethod 29332 0x0000017620ac2f90 code [0x0000017620ac3180, 0x0000017620ac34e0]
Event: 31.928 Thread 0x000001761a1e00e0 29337       4       de.keksuccino.fancymenu.customization.element.AbstractElement::getAbsoluteWidth (61 bytes)
Event: 31.929 Thread 0x000001761a244a60 29338   !   3       jdk.proxy4.$Proxy114::extension (29 bytes)
Event: 31.930 Thread 0x000001761a244a60 nmethod 29338 0x0000017620ac3590 code [0x0000017620ac3760, 0x0000017620ac3b68]
Event: 31.930 Thread 0x000001761a1e00e0 nmethod 29337 0x000001762777bc10 code [0x000001762777be20, 0x000001762777c500]
Event: 31.931 Thread 0x000001761a244a60 29339   !   3       jdk.proxy4.$Proxy114::value (29 bytes)
Event: 31.931 Thread 0x000001761a244a60 nmethod 29339 0x0000017620ac3d10 code [0x0000017620ac3ee0, 0x0000017620ac42e8]
Event: 31.932 Thread 0x0000017a30223050 29340       1       net.minecraft.client.gui.components.AbstractWidget::setX (6 bytes)
Event: 31.932 Thread 0x000001761a244a60 29341       1       net.minecraft.client.gui.components.AbstractWidget::setY (6 bytes)
Event: 31.932 Thread 0x0000017a30223050 nmethod 29340 0x000001762777c910 code [0x000001762777caa0, 0x000001762777cb68]
Event: 31.932 Thread 0x000001761a244a60 nmethod 29341 0x000001762777cc10 code [0x000001762777cda0, 0x000001762777ce68]
Event: 31.932 Thread 0x0000017a30223050 29342       3       de.keksuccino.fancymenu.util.rendering.ui.widget.button.ExtendedButton::isFocused (14 bytes)
Event: 31.932 Thread 0x0000017a30223050 nmethod 29342 0x0000017620ac4490 code [0x0000017620ac4640, 0x0000017620ac47d0]
Event: 31.932 Thread 0x000001761a244a60 29343       3       com.ibm.icu.text.UTF16::getCharCount (10 bytes)
Event: 31.932 Thread 0x0000017ab96545a0 29344       3       com.ibm.icu.text.Bidi::getCustomizedClass (42 bytes)
Event: 31.932 Thread 0x000001761a2433b0 29345       3       com.ibm.icu.impl.UBiDiProps::getClass (12 bytes)
Event: 31.932 Thread 0x0000017a30223050 29346       3       com.ibm.icu.impl.Trie2_16::get (170 bytes)
Event: 31.932 Thread 0x000001761a244a60 nmethod 29343 0x0000017620ac4890 code [0x0000017620ac4a40, 0x0000017620ac4b90]
Event: 31.932 Thread 0x000001761a244a60 29347       3       com.ibm.icu.impl.UBiDiProps::getClassFromProps (5 bytes)
Event: 31.932 Thread 0x000001761a244a60 nmethod 29347 0x0000017620ac4c10 code [0x0000017620ac4da0, 0x0000017620ac4e90]
Event: 31.932 Thread 0x000001761a2433b0 nmethod 29345 0x0000017620ac4f10 code [0x0000017620ac50c0, 0x0000017620ac5298]
Event: 31.932 Thread 0x000001761a2433b0 29348       1       net.minecraft.client.gui.components.AbstractWidget::setWidth (6 bytes)
Event: 31.932 Thread 0x000001761a244a60 29349       1       net.minecraft.client.gui.components.AbstractWidget::setHeightFancyMenu (6 bytes)
Event: 31.932 Thread 0x0000017a30223050 nmethod 29346 0x0000017620ac5390 code [0x0000017620ac5580, 0x0000017620ac5ac8]
Event: 31.932 Thread 0x000001761a2433b0 nmethod 29348 0x000001762777cf10 code [0x000001762777d0a0, 0x000001762777d168]
Event: 31.932 Thread 0x0000017ab96545a0 nmethod 29344 0x0000017620ac5d10 code [0x0000017620ac5f00, 0x0000017620ac6290]
Event: 31.932 Thread 0x000001761a244a60 nmethod 29349 0x000001762777d210 code [0x000001762777d3a0, 0x000001762777d468]
Event: 31.932 Thread 0x0000017a30223050 29350       1       de.keksuccino.fancymenu.util.rendering.ui.widget.button.ExtendedButton::setNavigatable (6 bytes)
Event: 31.932 Thread 0x0000017a30223050 nmethod 29350 0x000001762777d510 code [0x000001762777d6a0, 0x000001762777d770]
Event: 31.932 Thread 0x000001761a1e00e0 29351       4       java.lang.Class::copyMethods (36 bytes)
Event: 31.935 Thread 0x0000017ab96545a0 29352       3       org.bytedeco.javacpp.ClassProperties::setProperty (53 bytes)
Event: 31.935 Thread 0x0000017ab96545a0 nmethod 29352 0x0000017620ac6410 code [0x0000017620ac6680, 0x0000017620ac7168]
Event: 31.936 Thread 0x000001761a1e00e0 nmethod 29351 0x000001762777d810 code [0x000001762777da40, 0x000001762777e570]
Event: 31.938 Thread 0x000001761a1e00e0 29353       4       java.util.TimeZone::getDefault (10 bytes)
Event: 31.939 Thread 0x000001761a1e00e0 nmethod 29353 0x000001762777e890 code [0x000001762777ea20, 0x000001762777ec00]
Event: 31.939 Thread 0x000001761a2433b0 29354       3       net.minecraft.client.renderer.texture.AbstractTexture::bind (26 bytes)
Event: 31.939 Thread 0x000001761a2433b0 nmethod 29354 0x0000017620ac7490 code [0x0000017620ac76c0, 0x0000017620ac7dd8]
Event: 31.939 Thread 0x000001761a244a60 29355   !   3       jdk.proxy4.$Proxy114::not (29 bytes)
Event: 31.939 Thread 0x0000017ab96545a0 29356   !   3       jdk.proxy4.$Proxy114::pattern (29 bytes)
Event: 31.939 Thread 0x0000017ab96545a0 nmethod 29356 0x0000017620ac7f90 code [0x0000017620ac8160, 0x0000017620ac8568]
Event: 31.939 Thread 0x000001761a244a60 nmethod 29355 0x0000017620ac8710 code [0x0000017620ac88e0, 0x0000017620ac8ce8]
Event: 31.939 Thread 0x000001761a1e00e0 29357       4       java.io.WinNTFileSystem::prefixLength (91 bytes)
Event: 31.940 Thread 0x000001761a244a60 29358   !   3       jdk.proxy4.$Proxy114::preload (29 bytes)
Event: 31.941 Thread 0x000001761a244a60 nmethod 29358 0x0000017620ac8e90 code [0x0000017620ac9060, 0x0000017620ac9468]
Event: 31.941 Thread 0x000001761a1e00e0 nmethod 29357 0x000001762777ed10 code [0x000001762777ef00, 0x000001762777f370]
Event: 31.950 Thread 0x000001761a1e00e0 29359       4       de.keksuccino.fancymenu.util.rendering.RenderingUtils::resetShaderColor (9 bytes)
Event: 31.951 Thread 0x000001761a1e00e0 nmethod 29359 0x000001762777f790 code [0x000001762777f920, 0x000001762777fab8]
Event: 31.951 Thread 0x000001761a1e00e0 29360       4       net.caffeinemc.mods.sodium.api.util.ColorABGR::pack (35 bytes)
Event: 31.951 Thread 0x000001761a1e00e0 nmethod 29360 0x000001762777fc90 code [0x000001762777fe00, 0x000001762777fe88]
Event: 31.951 Thread 0x000001761a1e00e0 29361       4       net.minecraft.client.gui.font.glyphs.BakedGlyph::write (52 bytes)
Event: 31.951 Thread 0x0000017ab96545a0 29362       1       org.apache.commons.lang3.mutable.MutableFloat::floatValue (5 bytes)
Event: 31.951 Thread 0x0000017ab96545a0 nmethod 29362 0x000001762777ff90 code [0x0000017627780120, 0x00000176277801e8]
Event: 31.951 Thread 0x000001761a244a60 29363       1       net.minecraft.client.gui.components.AbstractWidget::getAlphaFancyMenu (5 bytes)
Event: 31.951 Thread 0x0000017a30223050 29364       3       net.minecraft.client.gui.components.AbstractWidget::isGlobalLabelCustomizationTarget_FancyMenu (20 bytes)
Event: 31.951 Thread 0x000001761a2433b0 29365       3       net.minecraft.client.gui.components.AbstractWidget::isSliderWidget_FancyMenu (5 bytes)
Event: 31.951 Thread 0x000001761a244a60 nmethod 29363 0x0000017627780290 code [0x0000017627780420, 0x00000176277804e8]
Event: 31.951 Thread 0x000001761a2433b0 nmethod 29365 0x0000017620ac9610 code [0x0000017620ac97c0, 0x0000017620ac99a8]
Event: 31.952 Thread 0x0000017a30223050 nmethod 29364 0x0000017620ac9a10 code [0x0000017620ac9be0, 0x0000017620ac9fe0]
Event: 31.952 Thread 0x000001761a1e00e0 nmethod 29361 0x0000017627780590 code [0x0000017627780720, 0x0000017627780848]
Event: 31.952 Thread 0x000001761a1e00e0 29366       4       org.joml.Matrix4f::translate (25 bytes)
Event: 31.953 Thread 0x000001761a1e00e0 nmethod 29366 0x0000017627780a90 code [0x0000017627780c20, 0x0000017627780d68]
Event: 31.968 Thread 0x0000017a30223050 29367       3       net.minecraft.util.StringDecomposer::iterateFormatted (255 bytes)
Event: 31.969 Thread 0x000001761a1e00e0 29368       4       de.keksuccino.fancymenu.customization.element.AbstractElement::getHorizontalTiltDegrees (48 bytes)
Event: 31.969 Thread 0x0000017a30223050 nmethod 29367 0x0000017620aca090 code [0x0000017620aca500, 0x0000017620acc768]
Event: 31.970 Thread 0x000001761a1e00e0 nmethod 29368 0x0000017627780f90 code [0x0000017627781160, 0x0000017627781430]
Event: 31.984 Thread 0x000001761a1e00e0 29370       4       net.minecraft.client.gui.font.CodepointMap::computeIfAbsent (88 bytes)
Event: 31.985 Thread 0x000001761a2433b0 29371       3       com.mojang.blaze3d.font.SpaceProvider$$Lambda/0x00000000827703d8::getAdvance (8 bytes)
Event: 31.985 Thread 0x0000017ab96545a0 29372       3       com.mojang.blaze3d.font.SpaceProvider::lambda$new$0 (5 bytes)
Event: 31.985 Thread 0x0000017ab96545a0 nmethod 29372 0x0000017620acd390 code [0x0000017620acd520, 0x0000017620acd630]
Event: 31.985 Thread 0x000001761a2433b0 nmethod 29371 0x0000017620acd710 code [0x0000017620acd8c0, 0x0000017620acda80]
Event: 31.987 Thread 0x000001761a1e00e0 nmethod 29370 0x0000017627781a10 code [0x0000017627781c20, 0x0000017627782310]
Event: 32.000 Thread 0x000001761a1e00e0 29373       4       de.keksuccino.fancymenu.customization.element.elements.button.custombutton.ButtonElement::getTopActiveTemplateElement (199 bytes)
Event: 32.001 Thread 0x0000017ab96545a0 29374       3       net.minecraft.client.gui.components.AbstractWidget::getWidgetFancyMenu (2 bytes)
Event: 32.001 Thread 0x0000017ab96545a0 nmethod 29374 0x0000017620acdb90 code [0x0000017620acdd20, 0x0000017620acde30]
Event: 32.001 Thread 0x0000017ab96545a0 29375       3       net.minecraft.network.chat.Style::applyTo (206 bytes)
Event: 32.001 Thread 0x0000017a30223050 29376       3       net.minecraft.network.chat.Component::visit (101 bytes)
Event: 32.001 Thread 0x000001761a2433b0 29377       3       net.minecraft.util.StringDecomposer::iterate (140 bytes)
Event: 32.001 Thread 0x0000017ab96545a0 nmethod 29375 0x0000017620acdf10 code [0x0000017620ace160, 0x0000017620aceb68]
Event: 32.002 Thread 0x0000017a30223050 nmethod 29376 0x0000017620aced90 code [0x0000017620acf020, 0x0000017620acfb98]
Event: 32.002 Thread 0x000001761a2433b0 nmethod 29377 0x0000017620acff90 code [0x0000017620ad0300, 0x0000017620ad1a20]
Event: 32.003 Thread 0x000001761a1e00e0 nmethod 29373 0x0000017627782690 code [0x0000017627782880, 0x0000017627782d40]
Event: 32.003 Thread 0x000001761a1e00e0 29378       4       org.apache.commons.lang3.StringUtils::replace (9 bytes)
Event: 32.008 Thread 0x000001761a1e00e0 nmethod 29378 0x0000017627783090 code [0x00000176277832e0, 0x0000017627784268]
Event: 32.015 Thread 0x0000017a30223050 29379   !   3       jdk.proxy4.$Proxy114::cinclude (29 bytes)
Event: 32.015 Thread 0x000001761a244a60 29380   !   3       jdk.proxy4.$Proxy114::link (29 bytes)
Event: 32.015 Thread 0x000001761a244a60 nmethod 29380 0x0000017620ad2210 code [0x0000017620ad23e0, 0x0000017620ad27e8]
Event: 32.015 Thread 0x0000017a30223050 nmethod 29379 0x0000017620ad2990 code [0x0000017620ad2b60, 0x0000017620ad2f68]
Event: 32.017 Thread 0x000001761a244a60 29383       3       org.apache.logging.log4j.util.StringBuilders::appendSpecificTypes (272 bytes)
Event: 32.017 Thread 0x0000017a30223050 29384       3       org.lwjgl.opengl.GL20::glBindAttribLocation (7 bytes)
Event: 32.017 Thread 0x0000017ab96545a0 29385   !   3       org.lwjgl.opengl.GL20C::glBindAttribLocation (51 bytes)
Event: 32.018 Thread 0x0000017a30223050 nmethod 29384 0x0000017620ad3110 code [0x0000017620ad32c0, 0x0000017620ad33d8]
Event: 32.018 Thread 0x0000017ab96545a0 nmethod 29385 0x0000017620ad3490 code [0x0000017620ad3700, 0x0000017620ad4228]
Event: 32.018 Thread 0x0000017a30223050 29386   !   3       jdk.proxy4.$Proxy114::preloadpath (29 bytes)
Event: 32.018 Thread 0x0000017ab96545a0 29387   !   3       jdk.proxy4.$Proxy114::compiler (29 bytes)
Event: 32.018 Thread 0x000001761a2433b0 29388   !   3       jdk.proxy4.$Proxy114::includepath (29 bytes)
Event: 32.018 Thread 0x000001761a244a60 nmethod 29383 0x0000017620ad4610 code [0x0000017620ad4b20, 0x0000017620ad7928]
Event: 32.018 Thread 0x000001761a2433b0 nmethod 29388 0x0000017620ad8490 code [0x0000017620ad8660, 0x0000017620ad8a68]
Event: 32.018 Thread 0x0000017ab96545a0 nmethod 29387 0x0000017620ad8c10 code [0x0000017620ad8de0, 0x0000017620ad91e8]
Event: 32.018 Thread 0x0000017a30223050 nmethod 29386 0x0000017620ad9390 code [0x0000017620ad9560, 0x0000017620ad9968]
Event: 32.018 Thread 0x000001761a1e00e0 29389   !   4       de.keksuccino.fancymenu.util.resource.ResourceSupplier::get (150 bytes)
Event: 32.021 Thread 0x000001761a1e00e0 nmethod 29389 0x0000017627785410 code [0x0000017627785640, 0x0000017627785f68]
Event: 32.021 Thread 0x000001761a1e00e0 29390       4       java.lang.reflect.Method::getParameterTypes (11 bytes)
Event: 32.021 Thread 0x000001761a1e00e0 nmethod 29390 0x0000017627786290 code [0x0000017627786420, 0x00000176277865b0]
Event: 32.021 Thread 0x000001761a1e00e0 29391   !   4       sun.reflect.generics.factory.CoreReflectionFactory::makeNamedType (21 bytes)
Event: 32.021 Thread 0x0000017ab96545a0 29394       1       org.watermedia.api.media.players.util.MasterClock::pauseRequested (5 bytes)
Event: 32.021 Thread 0x0000017ab96545a0 nmethod 29394 0x0000017627786a90 code [0x0000017627786c20, 0x0000017627786cf0]
Event: 32.022 Thread 0x000001761a1e00e0 nmethod 29391 0x0000017627788090 code [0x0000017627788240, 0x00000176277884c8]
Event: 32.022 Thread 0x000001761a1e00e0 29392       4       sun.reflect.generics.factory.CoreReflectionFactory::getDeclsLoader (85 bytes)
Event: 32.023 Thread 0x000001761a1e00e0 nmethod 29392 0x0000017627788690 code [0x0000017627788840, 0x0000017627788a30]
Event: 32.023 Thread 0x0000017ab96545a0 29399       3       org.lwjgl.openal.ALC::check (16 bytes)
Event: 32.023 Thread 0x000001761a1e00e0 29400       4       org.lwjgl.system.MemoryUtil::memAddress (13 bytes)
Event: 32.023 Thread 0x0000017ab96545a0 nmethod 29399 0x0000017620ad9b10 code [0x0000017620ad9cc0, 0x0000017620ad9ea0]
Event: 32.023 Thread 0x0000017ab96545a0 29401       3       java.nio.MappedByteBuffer::<init> (22 bytes)
Event: 32.023 Thread 0x0000017ab96545a0 nmethod 29401 0x0000017620ad9f90 code [0x0000017620ada140, 0x0000017620ada310]
Event: 32.024 Thread 0x000001761a1e00e0 nmethod 29400 0x0000017627788b10 code [0x0000017627788ca0, 0x0000017627788d28]
Event: 32.024 Thread 0x0000017ab96545a0 29402   !   3       org.watermedia.api.media.players.util.MasterClock::consumeSeek (38 bytes)
Event: 32.024 Thread 0x000001761a244a60 29403       3       org.watermedia.api.media.players.util.PacketQueue$Entry::<init> (15 bytes)
Event: 32.024 Thread 0x000001761a244a60 nmethod 29403 0x0000017620ada410 code [0x0000017620ada5c0, 0x0000017620ada7a0]
Event: 32.024 Thread 0x0000017ab96545a0 nmethod 29402 0x0000017620ada890 code [0x0000017620adab00, 0x0000017620adb5e8]
Event: 32.028 Thread 0x000001761a244a60 29404   !   3       org.watermedia.api.media.players.util.PacketQueue::tryPut (99 bytes)
Event: 32.028 Thread 0x000001761a244a60 nmethod 29404 0x0000017620adb910 code [0x0000017620adbb40, 0x0000017620adc2b8]
Event: 32.030 Thread 0x000001761a2433b0 29405       3       org.watermedia.api.media.players.FFMediaPlayer$1::call (16 bytes)
Event: 32.031 Thread 0x000001761a2433b0 nmethod 29405 0x0000017620adc610 code [0x0000017620adc7c0, 0x0000017620adc980]
Event: 32.031 Thread 0x0000017a30223050 29406   !   3       org.watermedia.api.media.players.util.PacketQueue::put (132 bytes)
Event: 32.031 Thread 0x0000017a30223050 nmethod 29406 0x0000017620adca10 code [0x0000017620adcca0, 0x0000017620add760]
Event: 32.034 Thread 0x000001761a1e00e0 29407       4       de.keksuccino.fancymenu.customization.element.AbstractElement::getAbsoluteHeight (61 bytes)
Event: 32.034 Thread 0x000001761a244a60 29408       3       com.ibm.icu.text.BidiRun::<init> (20 bytes)
Event: 32.034 Thread 0x000001761a244a60 nmethod 29408 0x0000017620addc90 code [0x0000017620adde40, 0x0000017620addfb0]
Event: 32.034 Thread 0x000001761a244a60 29409       3       de.keksuccino.fancymenu.util.rendering.ui.widget.button.ExtendedButton::setLabel (22 bytes)
Event: 32.034 Thread 0x000001761a2433b0 29410       3       de.keksuccino.fancymenu.util.rendering.ui.widget.button.ExtendedButton$$Lambda/0x0000000082ca5810::<init> (10 bytes)
Event: 32.034 Thread 0x000001761a2433b0 nmethod 29410 0x0000017620ade090 code [0x0000017620ade240, 0x0000017620ade420]
Event: 32.035 Thread 0x000001761a244a60 nmethod 29409 0x0000017620ade510 code [0x0000017620ade720, 0x0000017620adeee0]
Event: 32.036 Thread 0x000001761a1e00e0 nmethod 29407 0x0000017627788e10 code [0x0000017627789020, 0x0000017627789700]
Event: 32.036 Thread 0x000001761a1e00e0 29411   !   4       java.nio.DirectIntBufferU::put (37 bytes)
Event: 32.036 Thread 0x000001761a1e00e0 nmethod 29411 0x0000017627789b10 code [0x0000017627789ca0, 0x0000017627789e00]
Event: 32.047 Thread 0x000001761a244a60 29412       1       org.watermedia.api.media.players.util.MasterClock::status (5 bytes)
Event: 32.047 Thread 0x000001761a244a60 nmethod 29412 0x0000017627789f90 code [0x000001762778a120, 0x000001762778a218]
Event: 32.056 Thread 0x0000017a30223050 29413       3       java.nio.file.Path::of (119 bytes)
Event: 32.057 Thread 0x0000017a30223050 nmethod 29413 0x0000017620adf190 code [0x0000017620adf500, 0x0000017620ae06d8]
Event: 32.057 Thread 0x0000017a30223050 29414       1       org.watermedia.api.media.players.util.MasterClock::serial (5 bytes)
Event: 32.057 Thread 0x0000017a30223050 nmethod 29414 0x000001762778a290 code [0x000001762778a420, 0x000001762778a4e8]

GC Heap History (37 events):
Event: 0.507 GC heap before
{Heap before GC invocations=0 (full 0):
 ZHeap           used 86M, capacity 256M, max capacity 16384M
 Metaspace       used 21150K, committed 21504K, reserved 1114112K
  class space    used 2153K, committed 2304K, reserved 1048576K
}
Event: 0.524 GC heap after
{Heap after GC invocations=1 (full 1):
 ZHeap           used 60M, capacity 256M, max capacity 16384M
 Metaspace       used 21445K, committed 21888K, reserved 1114112K
  class space    used 2178K, committed 2368K, reserved 1048576K
}
Event: 0.524 GC heap before
{Heap before GC invocations=1 (full 1):
 ZHeap           used 60M, capacity 256M, max capacity 16384M
 Metaspace       used 21445K, committed 21888K, reserved 1114112K
  class space    used 2178K, committed 2368K, reserved 1048576K
}
Event: 0.546 GC heap after
{Heap after GC invocations=1 (full 1):
 ZHeap           used 62M, capacity 256M, max capacity 16384M
 Metaspace       used 21825K, committed 22272K, reserved 1114112K
  class space    used 2237K, committed 2432K, reserved 1048576K
}
Event: 1.891 GC heap before
{Heap before GC invocations=1 (full 1):
 ZHeap           used 520M, capacity 520M, max capacity 16384M
 Metaspace       used 36522K, committed 37120K, reserved 1114112K
  class space    used 3844K, committed 4160K, reserved 1048576K
}
Event: 1.981 GC heap after
{Heap after GC invocations=2 (full 2):
 ZHeap           used 204M, capacity 604M, max capacity 16384M
 Metaspace       used 37085K, committed 37632K, reserved 1114112K
  class space    used 3896K, committed 4160K, reserved 1048576K
}
Event: 1.981 GC heap before
{Heap before GC invocations=2 (full 2):
 ZHeap           used 204M, capacity 604M, max capacity 16384M
 Metaspace       used 37085K, committed 37632K, reserved 1114112K
  class space    used 3896K, committed 4160K, reserved 1048576K
}
Event: 2.010 GC heap after
{Heap after GC invocations=2 (full 2):
 ZHeap           used 244M, capacity 604M, max capacity 16384M
 Metaspace       used 37111K, committed 37696K, reserved 1114112K
  class space    used 3896K, committed 4160K, reserved 1048576K
}
Event: 3.026 GC heap before
{Heap before GC invocations=2 (full 2):
 ZHeap           used 1700M, capacity 1700M, max capacity 16384M
 Metaspace       used 42088K, committed 42944K, reserved 1114112K
  class space    used 4602K, committed 4992K, reserved 1048576K
}
Event: 3.183 GC heap after
{Heap after GC invocations=3 (full 3):
 ZHeap           used 1458M, capacity 2610M, max capacity 16384M
 Metaspace       used 42144K, committed 42944K, reserved 1114112K
  class space    used 4604K, committed 4992K, reserved 1048576K
}
Event: 3.183 GC heap before
{Heap before GC invocations=3 (full 3):
 ZHeap           used 1460M, capacity 2610M, max capacity 16384M
 Metaspace       used 42144K, committed 42944K, reserved 1114112K
  class space    used 4604K, committed 4992K, reserved 1048576K
}
Event: 3.275 GC heap after
{Heap after GC invocations=3 (full 3):
 ZHeap           used 2508M, capacity 2610M, max capacity 16384M
 Metaspace       used 42149K, committed 42944K, reserved 1114112K
  class space    used 4604K, committed 4992K, reserved 1048576K
}
Event: 3.625 GC heap before
{Heap before GC invocations=3 (full 3):
 ZHeap           used 3300M, capacity 3300M, max capacity 16384M
 Metaspace       used 42163K, committed 42944K, reserved 1114112K
  class space    used 4605K, committed 4992K, reserved 1048576K
}
Event: 3.720 GC heap after
{Heap after GC invocations=4 (full 4):
 ZHeap           used 626M, capacity 3432M, max capacity 16384M
 Metaspace       used 42163K, committed 42944K, reserved 1114112K
  class space    used 4605K, committed 4992K, reserved 1048576K
}
Event: 3.720 GC heap before
{Heap before GC invocations=4 (full 4):
 ZHeap           used 626M, capacity 3432M, max capacity 16384M
 Metaspace       used 42163K, committed 42944K, reserved 1114112K
  class space    used 4605K, committed 4992K, reserved 1048576K
}
Event: 3.740 GC heap after
{Heap after GC invocations=4 (full 4):
 ZHeap           used 684M, capacity 3432M, max capacity 16384M
 Metaspace       used 42166K, committed 43008K, reserved 1114112K
  class space    used 4605K, committed 4992K, reserved 1048576K
}
Event: 7.076 GC heap before
{Heap before GC invocations=4 (full 4):
 ZHeap           used 3572M, capacity 3572M, max capacity 16384M
 Metaspace       used 70336K, committed 71616K, reserved 1114112K
  class space    used 8057K, committed 8640K, reserved 1048576K
}
Event: 7.587 GC heap after
{Heap after GC invocations=5 (full 5):
 ZHeap           used 1082M, capacity 3934M, max capacity 16384M
 Metaspace       used 74132K, committed 75392K, reserved 1179648K
  class space    used 8497K, committed 9088K, reserved 1048576K
}
Event: 7.587 GC heap before
{Heap before GC invocations=5 (full 5):
 ZHeap           used 1082M, capacity 3934M, max capacity 16384M
 Metaspace       used 74132K, committed 75392K, reserved 1179648K
  class space    used 8497K, committed 9088K, reserved 1048576K
}
Event: 7.644 GC heap after
{Heap after GC invocations=5 (full 5):
 ZHeap           used 1124M, capacity 3934M, max capacity 16384M
 Metaspace       used 74685K, committed 75968K, reserved 1179648K
  class space    used 8613K, committed 9216K, reserved 1048576K
}
Event: 10.633 GC heap before
{Heap before GC invocations=5 (full 5):
 ZHeap           used 4740M, capacity 4740M, max capacity 16384M
 Metaspace       used 124946K, committed 126656K, reserved 1179648K
  class space    used 18893K, committed 19712K, reserved 1048576K
}
Event: 11.638 GC heap after
{Heap after GC invocations=6 (full 6):
 ZHeap           used 2382M, capacity 6216M, max capacity 16384M
 Metaspace       used 187788K, committed 189952K, reserved 1245184K
  class space    used 31077K, committed 32192K, reserved 1048576K
}
Event: 11.638 GC heap before
{Heap before GC invocations=6 (full 6):
 ZHeap           used 2382M, capacity 6216M, max capacity 16384M
 Metaspace       used 187788K, committed 189952K, reserved 1245184K
  class space    used 31077K, committed 32192K, reserved 1048576K
}
Event: 11.705 GC heap after
{Heap after GC invocations=6 (full 6):
 ZHeap           used 2418M, capacity 6216M, max capacity 16384M
 Metaspace       used 190338K, committed 192448K, reserved 1245184K
  class space    used 31812K, committed 32960K, reserved 1048576K
}
Event: 12.740 GC heap before
{Heap before GC invocations=6 (full 6):
 ZHeap           used 4930M, capacity 6216M, max capacity 16384M
 Metaspace       used 197908K, committed 200128K, reserved 1245184K
  class space    used 33508K, committed 34688K, reserved 1048576K
}
Event: 12.888 GC heap after
{Heap after GC invocations=7 (full 7):
 ZHeap           used 1162M, capacity 6216M, max capacity 16384M
 Metaspace       used 197908K, committed 200128K, reserved 1245184K
  class space    used 33508K, committed 34688K, reserved 1048576K
}
Event: 12.888 GC heap before
{Heap before GC invocations=7 (full 7):
 ZHeap           used 1162M, capacity 6216M, max capacity 16384M
 Metaspace       used 197908K, committed 200128K, reserved 1245184K
  class space    used 33508K, committed 34688K, reserved 1048576K
}
Event: 13.104 GC heap after
{Heap after GC invocations=7 (full 7):
 ZHeap           used 1728M, capacity 6216M, max capacity 16384M
 Metaspace       used 197555K, committed 200128K, reserved 1245184K
  class space    used 33415K, committed 34688K, reserved 1048576K
}
Event: 19.236 GC heap before
{Heap before GC invocations=7 (full 7):
 ZHeap           used 10864M, capacity 10864M, max capacity 16384M
 Metaspace       used 236039K, committed 238656K, reserved 1310720K
  class space    used 40134K, committed 41408K, reserved 1048576K
}
Event: 20.681 GC heap after
{Heap after GC invocations=8 (full 7):
 ZHeap           used 5896M, capacity 15586M, max capacity 16384M
 Metaspace       used 245622K, committed 248384K, reserved 1310720K
  class space    used 41646K, committed 42944K, reserved 1048576K
}
Event: 22.883 GC heap before
{Heap before GC invocations=8 (full 7):
 ZHeap           used 8702M, capacity 15586M, max capacity 16384M
 Metaspace       used 246701K, committed 249472K, reserved 1310720K
  class space    used 41722K, committed 43008K, reserved 1048576K
}
Event: 23.525 GC heap after
{Heap after GC invocations=9 (full 7):
 ZHeap           used 2290M, capacity 15618M, max capacity 16384M
 Metaspace       used 247500K, committed 250368K, reserved 1310720K
  class space    used 41808K, committed 43136K, reserved 1048576K
}
Event: 27.658 GC heap before
{Heap before GC invocations=9 (full 7):
 ZHeap           used 7960M, capacity 15618M, max capacity 16384M
 Metaspace       used 248622K, committed 251456K, reserved 1310720K
  class space    used 41928K, committed 43264K, reserved 1048576K
}
Event: 29.229 GC heap after
{Heap after GC invocations=10 (full 7):
 ZHeap           used 4086M, capacity 15800M, max capacity 16384M
 Metaspace       used 257819K, committed 260736K, reserved 1310720K
  class space    used 43704K, committed 45056K, reserved 1048576K
}
Event: 29.229 GC heap before
{Heap before GC invocations=10 (full 7):
 ZHeap           used 4086M, capacity 15800M, max capacity 16384M
 Metaspace       used 257819K, committed 260736K, reserved 1310720K
  class space    used 43704K, committed 45056K, reserved 1048576K
}
Event: 31.509 GC heap after
{Heap after GC invocations=11 (full 8):
 ZHeap           used 3538M, capacity 15800M, max capacity 16384M
 Metaspace       used 262088K, committed 265024K, reserved 1310720K
  class space    used 44277K, committed 45632K, reserved 1048576K
}
Event: 31.509 GC heap before
{Heap before GC invocations=11 (full 8):
 ZHeap           used 3538M, capacity 15800M, max capacity 16384M
 Metaspace       used 262088K, committed 265024K, reserved 1310720K
  class space    used 44277K, committed 45632K, reserved 1048576K
}

Dll operation events (77 events):
Event: 0.003 Loaded shared library C:\Games\Minecraft\Install\runtime\java-runtime-delta\windows-x64\java-runtime-delta\bin\java.dll
Event: 0.005 Loaded shared library KernelBase
Event: 0.028 Loaded shared library C:\Games\Minecraft\Install\runtime\java-runtime-delta\windows-x64\java-runtime-delta\bin\zip.dll
Event: 0.054 Loaded shared library C:\Games\Minecraft\Install\runtime\java-runtime-delta\windows-x64\java-runtime-delta\bin\jsvml.dll
Event: 0.119 Loaded shared library C:\Games\Minecraft\Install\runtime\java-runtime-delta\windows-x64\java-runtime-delta\bin\net.dll
Event: 0.120 Loaded shared library C:\Games\Minecraft\Install\runtime\java-runtime-delta\windows-x64\java-runtime-delta\bin\nio.dll
Event: 0.123 Loaded shared library C:\Games\Minecraft\Install\runtime\java-runtime-delta\windows-x64\java-runtime-delta\bin\zip.dll
Event: 0.152 Loaded shared library C:\Games\Minecraft\Install\runtime\java-runtime-delta\windows-x64\java-runtime-delta\bin\instrument.dll
Event: 0.216 Loaded shared library C:\Games\Minecraft\Install\runtime\java-runtime-delta\windows-x64\java-runtime-delta\bin\jimage.dll
Event: 0.340 Loaded shared library C:\Games\Minecraft\Install\runtime\java-runtime-delta\windows-x64\java-runtime-delta\bin\management.dll
Event: 0.341 Loaded shared library C:\Games\Minecraft\Install\runtime\java-runtime-delta\windows-x64\java-runtime-delta\bin\management_ext.dll
Event: 0.555 Loaded shared library C:\Games\Minecraft\Install\runtime\java-runtime-delta\windows-x64\java-runtime-delta\bin\verify.dll
Event: 1.519 Loaded shared library C:\Games\Minecraft\Install\versions\neoforge-21.1.233\neoforge-21.1.233-natives-33481481960600\lwjgl.dll
Event: 1.715 Loaded shared library C:\Games\Minecraft\Install\versions\neoforge-21.1.233\neoforge-21.1.233-natives-33481481960600\lwjgl_opengl.dll
Event: 5.460 Loaded shared library C:\Games\Minecraft\Install\versions\neoforge-21.1.233\neoforge-21.1.233-natives-33481481960600\jna14315322317271297015.dll
Event: 5.469 Loaded shared library C:\Users\Max\AppData\Local\Temp\discord-rpc\discord-rpc.dll
Event: 5.648 Loaded shared library C:\Games\Minecraft\Install\runtime\java-runtime-delta\windows-x64\java-runtime-delta\bin\sunmscapi.dll
Event: 5.713 Loaded shared library C:\Games\Minecraft\Install\runtime\java-runtime-delta\windows-x64\java-runtime-delta\bin\extnet.dll
Event: 6.868 Loaded shared library C:\Games\Minecraft\Install\versions\neoforge-21.1.233\neoforge-21.1.233-natives-33481481960600\jna16893047500062517483.dll
Event: 10.306 Loaded shared library C:\Games\Minecraft\Install\versions\neoforge-21.1.233\neoforge-21.1.233-natives-33481481960600\lwjgl_stb.dll
Event: 10.672 Loaded shared library C:\Games\Minecraft\Install\runtime\java-runtime-delta\windows-x64\java-runtime-delta\bin\awt.dll
Event: 11.928 Loaded shared library C:\Program Files (x86)\Windows Kits\10\Redist\ucrt\DLLs\x64\api-ms-win-crt-locale-l1-1-0.dll
Event: 11.932 Loaded shared library C:\Program Files (x86)\Windows Kits\10\Redist\ucrt\DLLs\x64\api-ms-win-crt-string-l1-1-0.dll
Event: 11.936 Loaded shared library C:\Program Files (x86)\Windows Kits\10\Redist\ucrt\DLLs\x64\api-ms-win-crt-stdio-l1-1-0.dll
Event: 11.942 Loaded shared library C:\Program Files (x86)\Windows Kits\10\Redist\ucrt\DLLs\x64\api-ms-win-crt-math-l1-1-0.dll
Event: 11.948 Loaded shared library C:\Program Files (x86)\Windows Kits\10\Redist\ucrt\DLLs\x64\api-ms-win-crt-heap-l1-1-0.dll
Event: 11.956 Loaded shared library C:\Program Files (x86)\Windows Kits\10\Redist\ucrt\DLLs\x64\api-ms-win-crt-runtime-l1-1-0.dll
Event: 11.965 Loaded shared library C:\Program Files (x86)\Windows Kits\10\Redist\ucrt\DLLs\x64\api-ms-win-crt-convert-l1-1-0.dll
Event: 11.976 Loaded shared library C:\Program Files (x86)\Windows Kits\10\Redist\ucrt\DLLs\x64\api-ms-win-crt-environment-l1-1-0.dll
Event: 11.988 Loaded shared library C:\Program Files (x86)\Windows Kits\10\Redist\ucrt\DLLs\x64\api-ms-win-crt-time-l1-1-0.dll
Event: 12.000 Loaded shared library C:\Program Files (x86)\Windows Kits\10\Redist\ucrt\DLLs\x64\api-ms-win-crt-filesystem-l1-1-0.dll
Event: 12.013 Loaded shared library C:\Program Files (x86)\Windows Kits\10\Redist\ucrt\DLLs\x64\api-ms-win-crt-utility-l1-1-0.dll
Event: 12.028 Loaded shared library C:\Program Files (x86)\Windows Kits\10\Redist\ucrt\DLLs\x64\api-ms-win-crt-multibyte-l1-1-0.dll
Event: 12.044 Loaded shared library C:\Program Files (x86)\Windows Kits\10\Redist\ucrt\DLLs\x64\api-ms-win-crt-conio-l1-1-0.dll
Event: 12.061 Loaded shared library C:\Program Files (x86)\Windows Kits\10\Redist\ucrt\DLLs\x64\api-ms-win-crt-private-l1-1-0.dll
Event: 12.079 Loaded shared library C:\Program Files (x86)\Windows Kits\10\Redist\ucrt\DLLs\x64\api-ms-win-crt-process-l1-1-0.dll
Event: 12.098 Loaded shared library C:\Games\Minecraft\Install\runtime\java-runtime-delta\windows-x64\java-runtime-delta\bin\api-ms-win-core-console-l1-2-0.dll
Event: 12.119 Loaded shared library C:\Program Files (x86)\Windows Kits\10\Redist\ucrt\DLLs\x64\api-ms-win-core-string-l1-1-0.dll
Event: 12.141 Loaded shared library C:\Program Files (x86)\Windows Kits\10\Redist\ucrt\DLLs\x64\api-ms-win-core-errorhandling-l1-1-0.dll
Event: 12.164 Loaded shared library C:\Program Files (x86)\Windows Kits\10\Redist\ucrt\DLLs\x64\api-ms-win-core-timezone-l1-1-0.dll
Event: 12.188 Loaded shared library C:\Program Files (x86)\Windows Kits\10\Redist\ucrt\DLLs\x64\api-ms-win-core-file-l1-1-0.dll
Event: 12.214 Loaded shared library C:\Program Files (x86)\Windows Kits\10\Redist\ucrt\DLLs\x64\api-ms-win-core-namedpipe-l1-1-0.dll
Event: 12.240 Loaded shared library C:\Program Files (x86)\Windows Kits\10\Redist\ucrt\DLLs\x64\api-ms-win-core-handle-l1-1-0.dll
Event: 12.268 Loaded shared library C:\Program Files (x86)\Windows Kits\10\Redist\ucrt\DLLs\x64\api-ms-win-core-file-l2-1-0.dll
Event: 12.299 Loaded shared library C:\Program Files (x86)\Windows Kits\10\Redist\ucrt\DLLs\x64\api-ms-win-core-heap-l1-1-0.dll
Event: 12.330 Loaded shared library C:\Program Files (x86)\Windows Kits\10\Redist\ucrt\DLLs\x64\api-ms-win-core-libraryloader-l1-1-0.dll
Event: 12.362 Loaded shared library C:\Program Files (x86)\Windows Kits\10\Redist\ucrt\DLLs\x64\api-ms-win-core-synch-l1-1-0.dll
Event: 12.397 Loaded shared library C:\Program Files (x86)\Windows Kits\10\Redist\ucrt\DLLs\x64\api-ms-win-core-processthreads-l1-1-0.dll
Event: 12.432 Loaded shared library C:\Program Files (x86)\Windows Kits\10\Redist\ucrt\DLLs\x64\api-ms-win-core-processenvironment-l1-1-0.dll
Event: 12.468 Loaded shared library C:\Program Files (x86)\Windows Kits\10\Redist\ucrt\DLLs\x64\api-ms-win-core-datetime-l1-1-0.dll
Event: 12.505 Loaded shared library C:\Program Files (x86)\Windows Kits\10\Redist\ucrt\DLLs\x64\api-ms-win-core-localization-l1-2-0.dll
Event: 12.542 Loaded shared library C:\Program Files (x86)\Windows Kits\10\Redist\ucrt\DLLs\x64\api-ms-win-core-sysinfo-l1-1-0.dll
Event: 12.581 Loaded shared library C:\Program Files (x86)\Windows Kits\10\Redist\ucrt\DLLs\x64\api-ms-win-core-synch-l1-2-0.dll
Event: 12.621 Loaded shared library C:\Program Files (x86)\Windows Kits\10\Redist\ucrt\DLLs\x64\api-ms-win-core-console-l1-1-0.dll
Event: 12.662 Loaded shared library C:\Program Files (x86)\Windows Kits\10\Redist\ucrt\DLLs\x64\api-ms-win-core-debug-l1-1-0.dll
Event: 12.703 Loaded shared library C:\Program Files (x86)\Windows Kits\10\Redist\ucrt\DLLs\x64\api-ms-win-core-rtlsupport-l1-1-0.dll
Event: 12.748 Loaded shared library C:\Program Files (x86)\Windows Kits\10\Redist\ucrt\DLLs\x64\api-ms-win-core-processthreads-l1-1-1.dll
Event: 12.795 Loaded shared library C:\Program Files (x86)\Windows Kits\10\Redist\ucrt\DLLs\x64\api-ms-win-core-file-l1-2-0.dll
Event: 12.841 Loaded shared library C:\Program Files (x86)\Windows Kits\10\Redist\ucrt\DLLs\x64\api-ms-win-core-profile-l1-1-0.dll
Event: 12.894 Loaded shared library C:\Program Files (x86)\Windows Kits\10\Redist\ucrt\DLLs\x64\api-ms-win-core-memory-l1-1-0.dll
Event: 12.943 Loaded shared library C:\Program Files (x86)\Windows Kits\10\Redist\ucrt\DLLs\x64\api-ms-win-core-util-l1-1-0.dll
Event: 12.993 Loaded shared library C:\Program Files (x86)\Windows Kits\10\Redist\ucrt\DLLs\x64\api-ms-win-core-interlocked-l1-1-0.dll
Event: 13.040 Loaded shared library C:\Program Files (x86)\Windows Kits\10\Redist\ucrt\DLLs\x64\ucrtbase.dll
Event: 13.093 Loaded shared library C:\Games\Minecraft\Install\runtime\java-runtime-delta\windows-x64\java-runtime-delta\bin\vcruntime140.dll
Event: 13.142 Loaded shared library C:\Games\Minecraft\Install\runtime\java-runtime-delta\windows-x64\java-runtime-delta\bin\vcruntime140_1.dll
Event: 13.243 Loaded shared library C:\Games\Minecraft\Install\runtime\java-runtime-delta\windows-x64\java-runtime-delta\bin\msvcp140.dll
Event: 13.677 Loaded shared library C:\Users\Max\AppData\Local\Temp\watermedia\ffmpeg\avutil-60.dll
Event: 13.907 Loaded shared library C:\Users\Max\AppData\Local\Temp\watermedia\ffmpeg\jniavutil.dll
Event: 13.926 Loaded shared library C:\Users\Max\AppData\Local\Temp\watermedia\ffmpeg\swresample-6.dll
Event: 13.937 Loaded shared library C:\Users\Max\AppData\Local\Temp\watermedia\ffmpeg\jniswresample.dll
Event: 13.946 Loaded shared library C:\Users\Max\AppData\Local\Temp\watermedia\ffmpeg\avcodec-62.dll
Event: 13.957 Loaded shared library C:\Users\Max\AppData\Local\Temp\watermedia\ffmpeg\jniavcodec.dll
Event: 13.963 Loaded shared library C:\Users\Max\AppData\Local\Temp\watermedia\ffmpeg\avformat-62.dll
Event: 13.974 Loaded shared library C:\Users\Max\AppData\Local\Temp\watermedia\ffmpeg\jniavformat.dll
Event: 13.980 Loaded shared library C:\Users\Max\AppData\Local\Temp\watermedia\ffmpeg\swscale-9.dll
Event: 13.991 Loaded shared library C:\Users\Max\AppData\Local\Temp\watermedia\ffmpeg\jniswscale.dll
Event: 25.269 Loaded shared library C:\Games\Minecraft\Install\runtime\java-runtime-delta\windows-x64\java-runtime-delta\bin\jsound.dll

Deoptimization events (250 events):
Event: 30.785 Thread 0x0000017619c83ba0 Uncommon trap: trap_request=0xffffff76 fr.pc=0x00000176261e9fe8 relative=0x0000000000000368
Event: 30.785 Thread 0x0000017619c83ba0 Uncommon trap: reason=predicate action=maybe_recompile pc=0x00000176261e9fe8 method=java.util.AbstractList$RandomAccessSpliterator.forEachRemaining(Ljava/util/function/Consumer;)V @ 29 c2
Event: 30.785 Thread 0x0000017619c83ba0 DEOPT PACKING pc=0x00000176261e9fe8 sp=0x0000003717cfde20
Event: 30.785 Thread 0x0000017619c83ba0 DEOPT UNPACKING pc=0x00000176255173a2 sp=0x0000003717cfddc0 mode 2
Event: 30.785 Thread 0x0000017619c83ba0 Uncommon trap: trap_request=0xffffff45 fr.pc=0x00000176261e8f54 relative=0x00000000000000b4
Event: 30.785 Thread 0x0000017619c83ba0 Uncommon trap: reason=unstable_if action=reinterpret pc=0x00000176261e8f54 method=java.util.AbstractList$RandomAccessSpliterator.<init>(Ljava/util/List;)V @ 45 c2
Event: 30.785 Thread 0x0000017619c83ba0 DEOPT PACKING pc=0x00000176261e8f54 sp=0x0000003717cfdf50
Event: 30.785 Thread 0x0000017619c83ba0 DEOPT UNPACKING pc=0x00000176255173a2 sp=0x0000003717cfdee8 mode 2
Event: 30.785 Thread 0x0000017619c83ba0 Uncommon trap: trap_request=0xffffff45 fr.pc=0x0000017625d4e090 relative=0x00000000000000d0
Event: 30.785 Thread 0x0000017619c83ba0 Uncommon trap: reason=unstable_if action=reinterpret pc=0x0000017625d4e090 method=java.util.AbstractList$RandomAccessSpliterator.getFence()I @ 18 c2
Event: 30.785 Thread 0x0000017619c83ba0 DEOPT PACKING pc=0x0000017625d4e090 sp=0x0000003717cfddc0
Event: 30.785 Thread 0x0000017619c83ba0 DEOPT UNPACKING pc=0x00000176255173a2 sp=0x0000003717cfdd50 mode 2
Event: 30.807 Thread 0x0000017619c83ba0 Uncommon trap: trap_request=0xffffffc6 fr.pc=0x0000017626c95948 relative=0x00000000000000a8
Event: 30.807 Thread 0x0000017619c83ba0 Uncommon trap: reason=bimorphic_or_optimized_type_check action=maybe_recompile pc=0x0000017626c95948 method=net.minecraft.server.packs.PackResources.packId()Ljava/lang/String; @ 1 c2
Event: 30.807 Thread 0x0000017619c83ba0 DEOPT PACKING pc=0x0000017626c95948 sp=0x0000003717cfd1c0
Event: 30.807 Thread 0x0000017619c83ba0 DEOPT UNPACKING pc=0x00000176255173a2 sp=0x0000003717cfd150 mode 2
Event: 30.807 Thread 0x0000017619c83ba0 Uncommon trap: trap_request=0xffffffc6 fr.pc=0x0000017626c95948 relative=0x00000000000000a8
Event: 30.807 Thread 0x0000017619c83ba0 Uncommon trap: reason=bimorphic_or_optimized_type_check action=maybe_recompile pc=0x0000017626c95948 method=net.minecraft.server.packs.PackResources.packId()Ljava/lang/String; @ 1 c2
Event: 30.807 Thread 0x0000017619c83ba0 DEOPT PACKING pc=0x0000017626c95948 sp=0x0000003717cfd1c0
Event: 30.807 Thread 0x0000017619c83ba0 DEOPT UNPACKING pc=0x00000176255173a2 sp=0x0000003717cfd150 mode 2
Event: 30.807 Thread 0x0000017619c83ba0 Uncommon trap: trap_request=0xffffffc6 fr.pc=0x0000017626c95948 relative=0x00000000000000a8
Event: 30.807 Thread 0x0000017619c83ba0 Uncommon trap: reason=bimorphic_or_optimized_type_check action=maybe_recompile pc=0x0000017626c95948 method=net.minecraft.server.packs.PackResources.packId()Ljava/lang/String; @ 1 c2
Event: 30.807 Thread 0x0000017619c83ba0 DEOPT PACKING pc=0x0000017626c95948 sp=0x0000003717cfd1c0
Event: 30.807 Thread 0x0000017619c83ba0 DEOPT UNPACKING pc=0x00000176255173a2 sp=0x0000003717cfd150 mode 2
Event: 30.811 Thread 0x0000017619c83ba0 Uncommon trap: trap_request=0xffffffc6 fr.pc=0x0000017626c95948 relative=0x00000000000000a8
Event: 30.811 Thread 0x0000017619c83ba0 Uncommon trap: reason=bimorphic_or_optimized_type_check action=maybe_recompile pc=0x0000017626c95948 method=net.minecraft.server.packs.PackResources.packId()Ljava/lang/String; @ 1 c2
Event: 30.811 Thread 0x0000017619c83ba0 DEOPT PACKING pc=0x0000017626c95948 sp=0x0000003717cfded0
Event: 30.811 Thread 0x0000017619c83ba0 DEOPT UNPACKING pc=0x00000176255173a2 sp=0x0000003717cfde60 mode 2
Event: 30.821 Thread 0x0000017619c83ba0 Uncommon trap: trap_request=0xffffff45 fr.pc=0x0000017625daffe0 relative=0x0000000000000740
Event: 30.821 Thread 0x0000017619c83ba0 Uncommon trap: reason=unstable_if action=reinterpret pc=0x0000017625daffe0 method=org.apache.logging.log4j.message.ParameterFormatter.isMaybeRecursive(Ljava/lang/Object;)Z @ 7 c2
Event: 30.821 Thread 0x0000017619c83ba0 DEOPT PACKING pc=0x0000017625daffe0 sp=0x0000003717cfdaa0
Event: 30.821 Thread 0x0000017619c83ba0 DEOPT UNPACKING pc=0x00000176255173a2 sp=0x0000003717cfd8b8 mode 2
Event: 30.827 Thread 0x0000017619c83ba0 Uncommon trap: trap_request=0xffffff45 fr.pc=0x0000017627101388 relative=0x0000000000000368
Event: 30.827 Thread 0x0000017619c83ba0 Uncommon trap: reason=unstable_if action=reinterpret pc=0x0000017627101388 method=de.keksuccino.fancymenu.customization.screen.identifier.UniversalScreenIdentifierRegistry.getUniversalIdentifierFor(Ljava/lang/String;)Ljava/lang/String; @ 29 c2
Event: 30.827 Thread 0x0000017619c83ba0 DEOPT PACKING pc=0x0000017627101388 sp=0x0000003717cfd6f0
Event: 30.827 Thread 0x0000017619c83ba0 DEOPT UNPACKING pc=0x00000176255173a2 sp=0x0000003717cfd698 mode 2
Event: 30.830 Thread 0x0000017a8fcd37b0 DEOPT PACKING pc=0x000001762002555c sp=0x0000003721bff260
Event: 30.830 Thread 0x0000017a8fcda0b0 DEOPT PACKING pc=0x000001762002555c sp=0x0000003721afedb0
Event: 30.830 Thread 0x0000017a8fcd37b0 DEOPT UNPACKING pc=0x0000017625517ee2 sp=0x0000003721bfe740 mode 0
Event: 30.830 Thread 0x0000017a8fcda0b0 DEOPT UNPACKING pc=0x0000017625517ee2 sp=0x0000003721afe290 mode 0
Event: 30.830 Thread 0x0000017619c83ba0 Uncommon trap: trap_request=0xffffff45 fr.pc=0x000001762628e064 relative=0x00000000000004a4
Event: 30.830 Thread 0x0000017619c83ba0 Uncommon trap: reason=unstable_if action=reinterpret pc=0x000001762628e064 method=java.util.concurrent.ForkJoinPool.execute(Ljava/lang/Runnable;)V @ 6 c2
Event: 30.830 Thread 0x0000017619c83ba0 DEOPT PACKING pc=0x000001762628e064 sp=0x0000003717cfd620
Event: 30.830 Thread 0x0000017619c83ba0 DEOPT UNPACKING pc=0x00000176255173a2 sp=0x0000003717cfd5f0 mode 2
Event: 30.831 Thread 0x0000017a8fcda0b0 DEOPT PACKING pc=0x000001762007096c sp=0x0000003721afee90
Event: 30.831 Thread 0x0000017a8fcd37b0 DEOPT PACKING pc=0x000001762007096c sp=0x0000003721bff340
Event: 30.831 Thread 0x0000017a8fcda0b0 DEOPT UNPACKING pc=0x0000017625517ee2 sp=0x0000003721afe3d8 mode 0
Event: 30.831 Thread 0x0000017a8fcd37b0 DEOPT UNPACKING pc=0x0000017625517ee2 sp=0x0000003721bfe888 mode 0
Event: 30.831 Thread 0x0000017a8f9299f0 Uncommon trap: trap_request=0xffffff45 fr.pc=0x0000017625fa9510 relative=0x00000000000000d0
Event: 30.831 Thread 0x0000017a8f9299f0 Uncommon trap: reason=unstable_if action=reinterpret pc=0x0000017625fa9510 method=java.util.concurrent.locks.LockSupport.parkNanos(Ljava/lang/Object;J)V @ 19 c2
Event: 30.831 Thread 0x0000017a8f9299f0 DEOPT PACKING pc=0x0000017625fa9510 sp=0x00000037214fea60
Event: 30.831 Thread 0x0000017a8f9299f0 DEOPT UNPACKING pc=0x00000176255173a2 sp=0x00000037214fe9f0 mode 2
Event: 30.832 Thread 0x0000017a8f9299f0 Uncommon trap: trap_request=0xffffff45 fr.pc=0x0000017626e63d50 relative=0x0000000000000530
Event: 30.832 Thread 0x0000017a8f9299f0 Uncommon trap: reason=unstable_if action=reinterpret pc=0x0000017626e63d50 method=java.util.concurrent.ForkJoinTask.doExec()I @ 27 c2
Event: 30.832 Thread 0x0000017a8f9299f0 DEOPT PACKING pc=0x0000017626e63d50 sp=0x00000037214ff220
Event: 30.832 Thread 0x0000017a8f9299f0 DEOPT UNPACKING pc=0x00000176255173a2 sp=0x00000037214ff148 mode 2
Event: 30.832 Thread 0x0000017619c83ba0 Uncommon trap: trap_request=0xffffff45 fr.pc=0x000001762707d874 relative=0x00000000000000b4
Event: 30.832 Thread 0x0000017619c83ba0 Uncommon trap: reason=unstable_if action=reinterpret pc=0x000001762707d874 method=com.mojang.blaze3d.font.GlyphInfo.getAdvance(Z)F @ 7 c2
Event: 30.832 Thread 0x0000017619c83ba0 DEOPT PACKING pc=0x000001762707d874 sp=0x0000003717cfd3b0
Event: 30.832 Thread 0x0000017619c83ba0 DEOPT UNPACKING pc=0x00000176255173a2 sp=0x0000003717cfd348 mode 2
Event: 30.838 Thread 0x0000017abfe71d10 Uncommon trap: trap_request=0xffffff45 fr.pc=0x0000017626401264 relative=0x0000000000000204
Event: 30.838 Thread 0x0000017abfe71d10 Uncommon trap: reason=unstable_if action=reinterpret pc=0x0000017626401264 method=java.net.URI.appendAuthority(Ljava/lang/StringBuilder;Ljava/lang/String;Ljava/lang/String;Ljava/lang/String;I)V @ 130 c2
Event: 30.838 Thread 0x0000017abfe71d10 DEOPT PACKING pc=0x0000017626401264 sp=0x00000037221fea90
Event: 30.838 Thread 0x0000017abfe71d10 DEOPT UNPACKING pc=0x00000176255173a2 sp=0x00000037221fea00 mode 2
Event: 30.853 Thread 0x0000017619c83ba0 Uncommon trap: trap_request=0xffffff45 fr.pc=0x0000017626c98120 relative=0x00000000000000e0
Event: 30.853 Thread 0x0000017619c83ba0 Uncommon trap: reason=unstable_if action=reinterpret pc=0x0000017626c98120 method=com.google.common.collect.Lists.reverse(Ljava/util/List;)Ljava/util/List; @ 4 c2
Event: 30.853 Thread 0x0000017619c83ba0 DEOPT PACKING pc=0x0000017626c98120 sp=0x0000003717cfdb30
Event: 30.853 Thread 0x0000017619c83ba0 DEOPT UNPACKING pc=0x00000176255173a2 sp=0x0000003717cfdac0 mode 2
Event: 30.855 Thread 0x0000017619c83ba0 Uncommon trap: trap_request=0xffffff45 fr.pc=0x0000017625c973dc relative=0x000000000000029c
Event: 30.855 Thread 0x0000017619c83ba0 Uncommon trap: reason=unstable_if action=reinterpret pc=0x0000017625c973dc method=java.util.ArrayList.indexOfRange(Ljava/lang/Object;II)I @ 7 c2
Event: 30.855 Thread 0x0000017619c83ba0 DEOPT PACKING pc=0x0000017625c973dc sp=0x0000003717cfd770
Event: 30.855 Thread 0x0000017619c83ba0 DEOPT UNPACKING pc=0x00000176255173a2 sp=0x0000003717cfd630 mode 2
Event: 30.855 Thread 0x0000017619c83ba0 Uncommon trap: trap_request=0xffffff45 fr.pc=0x00000176261de744 relative=0x0000000000000284
Event: 30.855 Thread 0x0000017619c83ba0 Uncommon trap: reason=unstable_if action=reinterpret pc=0x00000176261de744 method=java.util.ArrayList.indexOfRange(Ljava/lang/Object;II)I @ 7 c2
Event: 30.855 Thread 0x0000017619c83ba0 DEOPT PACKING pc=0x00000176261de744 sp=0x0000003717cfd710
Event: 30.855 Thread 0x0000017619c83ba0 DEOPT UNPACKING pc=0x00000176255173a2 sp=0x0000003717cfd638 mode 2
Event: 30.856 Thread 0x0000017619c83ba0 DEOPT PACKING pc=0x000001761fcd20ec sp=0x0000003717cfcff0
Event: 30.856 Thread 0x0000017619c83ba0 DEOPT UNPACKING pc=0x0000017625517ee2 sp=0x0000003717cfc450 mode 0
Event: 30.857 Thread 0x0000017619c83ba0 Uncommon trap: trap_request=0xffffff45 fr.pc=0x000001762742e204 relative=0x0000000000000144
Event: 30.857 Thread 0x0000017619c83ba0 Uncommon trap: reason=unstable_if action=reinterpret pc=0x000001762742e204 method=de.keksuccino.fancymenu.customization.element.AbstractElement.updateAutoSizing(Z)V @ 34 c2
Event: 30.857 Thread 0x0000017619c83ba0 DEOPT PACKING pc=0x000001762742e204 sp=0x0000003717cfd470
Event: 30.857 Thread 0x0000017619c83ba0 DEOPT UNPACKING pc=0x00000176255173a2 sp=0x0000003717cfd3b8 mode 2
Event: 30.859 Thread 0x0000017619c83ba0 DEOPT PACKING pc=0x000001761fcd20ec sp=0x0000003717cfce80
Event: 30.859 Thread 0x0000017619c83ba0 DEOPT UNPACKING pc=0x0000017625517ee2 sp=0x0000003717cfc2e0 mode 0
Event: 30.859 Thread 0x0000017619c83ba0 Uncommon trap: trap_request=0xffffff45 fr.pc=0x0000017627482b9c relative=0x00000000000008bc
Event: 30.859 Thread 0x0000017619c83ba0 Uncommon trap: reason=unstable_if action=reinterpret pc=0x0000017627482b9c method=org.apache.commons.lang3.StringUtils.isEmpty(Ljava/lang/CharSequence;)Z @ 10 c2
Event: 30.859 Thread 0x0000017619c83ba0 DEOPT PACKING pc=0x0000017627482b9c sp=0x0000003717cfd440
Event: 30.859 Thread 0x0000017619c83ba0 DEOPT UNPACKING pc=0x00000176255173a2 sp=0x0000003717cfd2a0 mode 2
Event: 30.859 Thread 0x0000017619c83ba0 DEOPT PACKING pc=0x000001761e13c267 sp=0x0000003717cfd1c0
Event: 30.859 Thread 0x0000017619c83ba0 DEOPT UNPACKING pc=0x0000017625517ee2 sp=0x0000003717cfc6c0 mode 0
Event: 30.860 Thread 0x0000017619c83ba0 Uncommon trap: trap_request=0xffffffbe fr.pc=0x0000017627733e88 relative=0x00000000000002e8
Event: 30.860 Thread 0x0000017619c83ba0 Uncommon trap: reason=profile_predicate action=maybe_recompile pc=0x0000017627733e88 method=sun.security.provider.HashDrbg.addBytes([BI[[B)V @ 36 c2
Event: 30.860 Thread 0x0000017619c83ba0 DEOPT PACKING pc=0x0000017627733e88 sp=0x0000003717cfce80
Event: 30.860 Thread 0x0000017619c83ba0 DEOPT UNPACKING pc=0x00000176255173a2 sp=0x0000003717cfcde0 mode 2
Event: 30.860 Thread 0x0000017619c83ba0 Uncommon trap: trap_request=0xffffffbe fr.pc=0x0000017627733e88 relative=0x00000000000002e8
Event: 30.860 Thread 0x0000017619c83ba0 Uncommon trap: reason=profile_predicate action=maybe_recompile pc=0x0000017627733e88 method=sun.security.provider.HashDrbg.addBytes([BI[[B)V @ 36 c2
Event: 30.860 Thread 0x0000017619c83ba0 DEOPT PACKING pc=0x0000017627733e88 sp=0x0000003717cfce80
Event: 30.860 Thread 0x0000017619c83ba0 DEOPT UNPACKING pc=0x00000176255173a2 sp=0x0000003717cfcde0 mode 2
Event: 30.860 Thread 0x0000017619c83ba0 Uncommon trap: trap_request=0xffffffbe fr.pc=0x0000017627733e88 relative=0x00000000000002e8
Event: 30.860 Thread 0x0000017619c83ba0 Uncommon trap: reason=profile_predicate action=maybe_recompile pc=0x0000017627733e88 method=sun.security.provider.HashDrbg.addBytes([BI[[B)V @ 36 c2
Event: 30.860 Thread 0x0000017619c83ba0 DEOPT PACKING pc=0x0000017627733e88 sp=0x0000003717cfcf00
Event: 30.860 Thread 0x0000017619c83ba0 DEOPT UNPACKING pc=0x00000176255173a2 sp=0x0000003717cfce60 mode 2
Event: 30.860 Thread 0x0000017619c83ba0 Uncommon trap: trap_request=0xffffffbe fr.pc=0x0000017627733e88 relative=0x00000000000002e8
Event: 30.860 Thread 0x0000017619c83ba0 Uncommon trap: reason=profile_predicate action=maybe_recompile pc=0x0000017627733e88 method=sun.security.provider.HashDrbg.addBytes([BI[[B)V @ 36 c2
Event: 30.860 Thread 0x0000017619c83ba0 DEOPT PACKING pc=0x0000017627733e88 sp=0x0000003717cfcf00
Event: 30.860 Thread 0x0000017619c83ba0 DEOPT UNPACKING pc=0x00000176255173a2 sp=0x0000003717cfce60 mode 2
Event: 30.867 Thread 0x0000017619c83ba0 Uncommon trap: trap_request=0xffffffde fr.pc=0x0000017626c96578 relative=0x00000000000001b8
Event: 30.867 Thread 0x0000017619c83ba0 Uncommon trap: reason=class_check action=maybe_recompile pc=0x0000017626c96578 method=com.google.common.collect.Lists$ReverseList.size()I @ 4 c2
Event: 30.867 Thread 0x0000017619c83ba0 DEOPT PACKING pc=0x0000017626c96578 sp=0x0000003717cfd900
Event: 30.867 Thread 0x0000017619c83ba0 DEOPT UNPACKING pc=0x00000176255173a2 sp=0x0000003717cfd708 mode 2
Event: 30.867 Thread 0x0000017619c83ba0 Uncommon trap: trap_request=0xffffffde fr.pc=0x0000017626c9ad94 relative=0x0000000000000074
Event: 30.867 Thread 0x0000017619c83ba0 Uncommon trap: reason=class_check action=maybe_recompile pc=0x0000017626c9ad94 method=com.google.common.collect.Lists$ReverseList$1.hasNext()Z @ 4 c2
Event: 30.867 Thread 0x0000017619c83ba0 DEOPT PACKING pc=0x0000017626c9ad94 sp=0x0000003717cfd920
Event: 30.867 Thread 0x0000017619c83ba0 DEOPT UNPACKING pc=0x00000176255173a2 sp=0x0000003717cfd8b0 mode 2
Event: 30.867 Thread 0x0000017619c83ba0 Uncommon trap: trap_request=0xffffffde fr.pc=0x0000017626c9a188 relative=0x0000000000000128
Event: 30.867 Thread 0x0000017619c83ba0 Uncommon trap: reason=class_check action=maybe_recompile pc=0x0000017626c9a188 method=com.google.common.collect.Lists$ReverseList$1.hasNext()Z @ 4 c2
Event: 30.867 Thread 0x0000017619c83ba0 DEOPT PACKING pc=0x0000017626c9a188 sp=0x0000003717cfd910
Event: 30.867 Thread 0x0000017619c83ba0 DEOPT UNPACKING pc=0x00000176255173a2 sp=0x0000003717cfd850 mode 2
Event: 30.867 Thread 0x0000017619c83ba0 Uncommon trap: trap_request=0xffffffde fr.pc=0x0000017626c9ad94 relative=0x0000000000000074
Event: 30.867 Thread 0x0000017619c83ba0 Uncommon trap: reason=class_check action=maybe_recompile pc=0x0000017626c9ad94 method=com.google.common.collect.Lists$ReverseList$1.hasNext()Z @ 4 c2
Event: 30.867 Thread 0x0000017619c83ba0 DEOPT PACKING pc=0x0000017626c9ad94 sp=0x0000003717cfd920
Event: 30.867 Thread 0x0000017619c83ba0 DEOPT UNPACKING pc=0x00000176255173a2 sp=0x0000003717cfd8b0 mode 2
Event: 30.867 Thread 0x0000017619c83ba0 Uncommon trap: trap_request=0xffffffde fr.pc=0x00000176273da508 relative=0x00000000000009e8
Event: 30.867 Thread 0x0000017619c83ba0 Uncommon trap: reason=class_check action=maybe_recompile pc=0x00000176273da508 method=de.keksuccino.fancymenu.customization.element.elements.button.custombutton.ButtonElement.getTopActiveTemplateElement(Z)Lde/keksuccino/fancymenu/customization/element/ele
Event: 30.867 Thread 0x0000017619c83ba0 DEOPT PACKING pc=0x00000176273da508 sp=0x0000003717cfd7e0
Event: 30.867 Thread 0x0000017619c83ba0 DEOPT UNPACKING pc=0x00000176255173a2 sp=0x0000003717cfd6c0 mode 2
Event: 30.867 Thread 0x0000017619c83ba0 Uncommon trap: trap_request=0xffffffde fr.pc=0x0000017626c96578 relative=0x00000000000001b8
Event: 30.867 Thread 0x0000017619c83ba0 Uncommon trap: reason=class_check action=maybe_recompile pc=0x0000017626c96578 method=com.google.common.collect.Lists$ReverseList.size()I @ 4 c2
Event: 30.867 Thread 0x0000017619c83ba0 DEOPT PACKING pc=0x0000017626c96578 sp=0x0000003717cfd900
Event: 30.867 Thread 0x0000017619c83ba0 DEOPT UNPACKING pc=0x00000176255173a2 sp=0x0000003717cfd708 mode 2
Event: 30.867 Thread 0x0000017619c83ba0 Uncommon trap: trap_request=0xffffffde fr.pc=0x0000017626c9ad94 relative=0x0000000000000074
Event: 30.867 Thread 0x0000017619c83ba0 Uncommon trap: reason=class_check action=maybe_recompile pc=0x0000017626c9ad94 method=com.google.common.collect.Lists$ReverseList$1.hasNext()Z @ 4 c2
Event: 30.867 Thread 0x0000017619c83ba0 DEOPT PACKING pc=0x0000017626c9ad94 sp=0x0000003717cfd920
Event: 30.867 Thread 0x0000017619c83ba0 DEOPT UNPACKING pc=0x00000176255173a2 sp=0x0000003717cfd8b0 mode 2
Event: 30.867 Thread 0x0000017619c83ba0 Uncommon trap: trap_request=0xffffffde fr.pc=0x0000017626c9a188 relative=0x0000000000000128
Event: 30.867 Thread 0x0000017619c83ba0 Uncommon trap: reason=class_check action=maybe_recompile pc=0x0000017626c9a188 method=com.google.common.collect.Lists$ReverseList$1.hasNext()Z @ 4 c2
Event: 30.867 Thread 0x0000017619c83ba0 DEOPT PACKING pc=0x0000017626c9a188 sp=0x0000003717cfd910
Event: 30.867 Thread 0x0000017619c83ba0 DEOPT UNPACKING pc=0x00000176255173a2 sp=0x0000003717cfd850 mode 2
Event: 30.867 Thread 0x0000017619c83ba0 Uncommon trap: trap_request=0xffffffde fr.pc=0x0000017626c96578 relative=0x00000000000001b8
Event: 30.867 Thread 0x0000017619c83ba0 Uncommon trap: reason=class_check action=maybe_recompile pc=0x0000017626c96578 method=com.google.common.collect.Lists$ReverseList.size()I @ 4 c2
Event: 30.867 Thread 0x0000017619c83ba0 DEOPT PACKING pc=0x0000017626c96578 sp=0x0000003717cfd900
Event: 30.867 Thread 0x0000017619c83ba0 DEOPT UNPACKING pc=0x00000176255173a2 sp=0x0000003717cfd708 mode 2
Event: 30.867 Thread 0x0000017619c83ba0 Uncommon trap: trap_request=0xffffffde fr.pc=0x0000017626c96578 relative=0x00000000000001b8
Event: 30.867 Thread 0x0000017619c83ba0 Uncommon trap: reason=class_check action=maybe_recompile pc=0x0000017626c96578 method=com.google.common.collect.Lists$ReverseList.size()I @ 4 c2
Event: 30.867 Thread 0x0000017619c83ba0 DEOPT PACKING pc=0x0000017626c96578 sp=0x0000003717cfd900
Event: 30.867 Thread 0x0000017619c83ba0 DEOPT UNPACKING pc=0x00000176255173a2 sp=0x0000003717cfd708 mode 2
Event: 30.867 Thread 0x0000017619c83ba0 Uncommon trap: trap_request=0xffffffde fr.pc=0x0000017626c96c40 relative=0x00000000000001e0
Event: 30.867 Thread 0x0000017619c83ba0 Uncommon trap: reason=class_check action=maybe_recompile pc=0x0000017626c96c40 method=com.google.common.collect.Lists$ReverseList.size()I @ 4 c2
Event: 30.867 Thread 0x0000017619c83ba0 DEOPT PACKING pc=0x0000017626c96c40 sp=0x0000003717cfd880
Event: 30.867 Thread 0x0000017619c83ba0 DEOPT UNPACKING pc=0x00000176255173a2 sp=0x0000003717cfd740 mode 2
Event: 30.868 Thread 0x0000017619c83ba0 Uncommon trap: trap_request=0xffffff45 fr.pc=0x00000176270fd4c4 relative=0x0000000000000344
Event: 30.868 Thread 0x0000017619c83ba0 Uncommon trap: reason=unstable_if action=reinterpret pc=0x00000176270fd4c4 method=de.keksuccino.fancymenu.customization.screen.identifier.UniversalScreenIdentifierRegistry.getUniversalIdentifierFor(Ljava/lang/String;)Ljava/lang/String; @ 29 c2
Event: 30.868 Thread 0x0000017619c83ba0 DEOPT PACKING pc=0x00000176270fd4c4 sp=0x0000003717cfd570
Event: 30.868 Thread 0x0000017619c83ba0 DEOPT UNPACKING pc=0x00000176255173a2 sp=0x0000003717cfd528 mode 2
Event: 30.869 Thread 0x0000017619c83ba0 Uncommon trap: trap_request=0xffffffde fr.pc=0x00000176271262ac relative=0x0000000000001a6c
Event: 30.869 Thread 0x0000017619c83ba0 Uncommon trap: reason=class_check action=maybe_recompile pc=0x00000176271262ac method=de.keksuccino.konkrete.config.Config.getOrDefault(Ljava/lang/String;Ljava/lang/Object;)Ljava/lang/Object; @ 40 c2
Event: 30.869 Thread 0x0000017619c83ba0 DEOPT PACKING pc=0x00000176271262ac sp=0x0000003717cfd550
Event: 30.869 Thread 0x0000017619c83ba0 DEOPT UNPACKING pc=0x00000176255173a2 sp=0x0000003717cfd500 mode 2
Event: 30.869 Thread 0x0000017619c83ba0 Uncommon trap: trap_request=0xffffffde fr.pc=0x00000176271262ac relative=0x0000000000001a6c
Event: 30.869 Thread 0x0000017619c83ba0 Uncommon trap: reason=class_check action=maybe_recompile pc=0x00000176271262ac method=de.keksuccino.konkrete.config.Config.getOrDefault(Ljava/lang/String;Ljava/lang/Object;)Ljava/lang/Object; @ 40 c2
Event: 30.869 Thread 0x0000017619c83ba0 DEOPT PACKING pc=0x00000176271262ac sp=0x0000003717cfd550
Event: 30.869 Thread 0x0000017619c83ba0 DEOPT UNPACKING pc=0x00000176255173a2 sp=0x0000003717cfd500 mode 2
Event: 30.872 Thread 0x0000017619c83ba0 Uncommon trap: trap_request=0xffffff45 fr.pc=0x00000176263ef94c relative=0x000000000000028c
Event: 30.872 Thread 0x0000017619c83ba0 Uncommon trap: reason=unstable_if action=reinterpret pc=0x00000176263ef94c method=java.util.ArrayList.indexOfRange(Ljava/lang/Object;II)I @ 7 c2
Event: 30.872 Thread 0x0000017619c83ba0 DEOPT PACKING pc=0x00000176263ef94c sp=0x0000003717cfdb30
Event: 30.872 Thread 0x0000017619c83ba0 DEOPT UNPACKING pc=0x00000176255173a2 sp=0x0000003717cfdab0 mode 2
Event: 30.878 Thread 0x0000017619c83ba0 Uncommon trap: trap_request=0xffffffde fr.pc=0x00000176273da508 relative=0x00000000000009e8
Event: 30.878 Thread 0x0000017619c83ba0 Uncommon trap: reason=class_check action=maybe_recompile pc=0x00000176273da508 method=de.keksuccino.fancymenu.customization.element.elements.button.custombutton.ButtonElement.getTopActiveTemplateElement(Z)Lde/keksuccino/fancymenu/customization/element/ele
Event: 30.878 Thread 0x0000017619c83ba0 DEOPT PACKING pc=0x00000176273da508 sp=0x0000003717cfdc00
Event: 30.878 Thread 0x0000017619c83ba0 DEOPT UNPACKING pc=0x00000176255173a2 sp=0x0000003717cfdae0 mode 2
Event: 30.879 Thread 0x0000017619c83ba0 Uncommon trap: trap_request=0xffffffde fr.pc=0x00000176271262ac relative=0x0000000000001a6c
Event: 30.879 Thread 0x0000017619c83ba0 Uncommon trap: reason=class_check action=maybe_recompile pc=0x00000176271262ac method=de.keksuccino.konkrete.config.Config.getOrDefault(Ljava/lang/String;Ljava/lang/Object;)Ljava/lang/Object; @ 40 c2
Event: 30.879 Thread 0x0000017619c83ba0 DEOPT PACKING pc=0x00000176271262ac sp=0x0000003717cfd970
Event: 30.879 Thread 0x0000017619c83ba0 DEOPT UNPACKING pc=0x00000176255173a2 sp=0x0000003717cfd920 mode 2
Event: 30.879 Thread 0x0000017619c83ba0 Uncommon trap: trap_request=0xffffffde fr.pc=0x00000176271262ac relative=0x0000000000001a6c
Event: 30.879 Thread 0x0000017619c83ba0 Uncommon trap: reason=class_check action=maybe_recompile pc=0x00000176271262ac method=de.keksuccino.konkrete.config.Config.getOrDefault(Ljava/lang/String;Ljava/lang/Object;)Ljava/lang/Object; @ 40 c2
Event: 30.879 Thread 0x0000017619c83ba0 DEOPT PACKING pc=0x00000176271262ac sp=0x0000003717cfd970
Event: 30.879 Thread 0x0000017619c83ba0 DEOPT UNPACKING pc=0x00000176255173a2 sp=0x0000003717cfd920 mode 2
Event: 30.882 Thread 0x0000017619c83ba0 DEOPT PACKING pc=0x0000017620002dca sp=0x0000003717cfd4c0
Event: 30.882 Thread 0x0000017619c83ba0 DEOPT UNPACKING pc=0x0000017625517ee2 sp=0x0000003717cfc970 mode 0
Event: 31.009 Thread 0x0000017a3612fbe0 DEOPT PACKING pc=0x000001762002555c sp=0x000000371f0fefe0
Event: 31.009 Thread 0x0000017a3612fbe0 DEOPT UNPACKING pc=0x0000017625517ee2 sp=0x000000371f0fe4d8 mode 0
Event: 31.074 Thread 0x0000017a36129970 DEOPT PACKING pc=0x000001762002555c sp=0x000000371f3ff1a0
Event: 31.074 Thread 0x0000017a36129970 DEOPT UNPACKING pc=0x0000017625517ee2 sp=0x000000371f3fe698 mode 0
Event: 31.332 Thread 0x0000017a8f9299f0 Uncommon trap: trap_request=0xffffff45 fr.pc=0x0000017626af2c8c relative=0x000000000000024c
Event: 31.332 Thread 0x0000017a8f9299f0 Uncommon trap: reason=unstable_if action=reinterpret pc=0x0000017626af2c8c method=java.util.concurrent.ForkJoinTask.doExec()I @ 27 c2
Event: 31.332 Thread 0x0000017a8f9299f0 DEOPT PACKING pc=0x0000017626af2c8c sp=0x00000037214ff1a0
Event: 31.332 Thread 0x0000017a8f9299f0 DEOPT UNPACKING pc=0x00000176255173a2 sp=0x00000037214ff138 mode 2
Event: 31.367 Thread 0x0000017abfe778f0 DEOPT PACKING pc=0x000001762002555c sp=0x00000037222fef80
Event: 31.367 Thread 0x0000017abfe778f0 DEOPT UNPACKING pc=0x0000017625517ee2 sp=0x00000037222fe460 mode 0
Event: 31.368 Thread 0x0000017abfe778f0 DEOPT PACKING pc=0x000001762007096c sp=0x00000037222ff060
Event: 31.368 Thread 0x0000017abfe778f0 DEOPT UNPACKING pc=0x0000017625517ee2 sp=0x00000037222fe5a8 mode 0
Event: 31.518 Thread 0x0000017abfe71d10 Uncommon trap: trap_request=0xffffff45 fr.pc=0x0000017627132864 relative=0x0000000000001364
Event: 31.518 Thread 0x0000017abfe71d10 Uncommon trap: reason=unstable_if action=reinterpret pc=0x0000017627132864 method=sun.nio.cs.StreamDecoder.lockedRead0()I @ 30 c2
Event: 31.518 Thread 0x0000017abfe71d10 DEOPT PACKING pc=0x0000017627132864 sp=0x00000037221fec60
Event: 31.518 Thread 0x0000017abfe71d10 DEOPT UNPACKING pc=0x00000176255173a2 sp=0x00000037221feb18 mode 2
Event: 31.551 Thread 0x0000017616b049a0 DEOPT PACKING pc=0x000001762002555c sp=0x000000371fdff1d0
Event: 31.551 Thread 0x0000017616b049a0 DEOPT UNPACKING pc=0x0000017625517ee2 sp=0x000000371fdfe6b0 mode 0
Event: 31.551 Thread 0x0000017616b049a0 DEOPT PACKING pc=0x000001762007096c sp=0x000000371fdff2b0
Event: 31.551 Thread 0x0000017616b049a0 DEOPT UNPACKING pc=0x0000017625517ee2 sp=0x000000371fdfe7f8 mode 0
Event: 31.793 Thread 0x0000017619c83ba0 Uncommon trap: trap_request=0xffffff45 fr.pc=0x00000176273da464 relative=0x0000000000000944
Event: 31.793 Thread 0x0000017619c83ba0 Uncommon trap: reason=unstable_if action=reinterpret pc=0x00000176273da464 method=de.keksuccino.fancymenu.customization.element.AbstractElement.shouldRender()Z @ 49 c2
Event: 31.793 Thread 0x0000017619c83ba0 DEOPT PACKING pc=0x00000176273da464 sp=0x0000003717cfd8d0
Event: 31.793 Thread 0x0000017619c83ba0 DEOPT UNPACKING pc=0x00000176255173a2 sp=0x0000003717cfd848 mode 2
Event: 31.793 Thread 0x0000017619c83ba0 Uncommon trap: trap_request=0xffffff45 fr.pc=0x00000176272f019c relative=0x000000000000051c
Event: 31.793 Thread 0x0000017619c83ba0 Uncommon trap: reason=unstable_if action=reinterpret pc=0x00000176272f019c method=de.keksuccino.fancymenu.customization.element.AbstractElement.shouldRender()Z @ 49 c2
Event: 31.793 Thread 0x0000017619c83ba0 DEOPT PACKING pc=0x00000176272f019c sp=0x0000003717cfd690
Event: 31.793 Thread 0x0000017619c83ba0 DEOPT UNPACKING pc=0x00000176255173a2 sp=0x0000003717cfd668 mode 2
Event: 31.822 Thread 0x0000017619c83ba0 Uncommon trap: trap_request=0xffffffde fr.pc=0x00000176265f9f90 relative=0x0000000000000e10
Event: 31.822 Thread 0x0000017619c83ba0 Uncommon trap: reason=class_check action=maybe_recompile pc=0x00000176265f9f90 method=java.util.Properties$LineReader.readLine()I @ 479 c2
Event: 31.822 Thread 0x0000017619c83ba0 DEOPT PACKING pc=0x00000176265f9f90 sp=0x0000003717cfa8a0
Event: 31.822 Thread 0x0000017619c83ba0 DEOPT UNPACKING pc=0x00000176255173a2 sp=0x0000003717cfa810 mode 2
Event: 31.836 Thread 0x0000017619c83ba0 Uncommon trap: trap_request=0xffffff45 fr.pc=0x00000176273d5898 relative=0x0000000000000ab8
Event: 31.836 Thread 0x0000017619c83ba0 Uncommon trap: reason=unstable_if action=reinterpret pc=0x00000176273d5898 method=net.minecraft.client.renderer.ShaderInstance.setDefaultUniforms(Lcom/mojang/blaze3d/vertex/VertexFormat$Mode;Lorg/joml/Matrix4f;Lorg/joml/Matrix4f;Lcom/mojang/blaze3d/platfo
Event: 31.836 Thread 0x0000017619c83ba0 DEOPT PACKING pc=0x00000176273d5898 sp=0x0000003717cfcc30
Event: 31.836 Thread 0x0000017619c83ba0 DEOPT UNPACKING pc=0x00000176255173a2 sp=0x0000003717cfcc08 mode 2
Event: 31.836 Thread 0x0000017619c83ba0 Uncommon trap: trap_request=0xffffff45 fr.pc=0x0000017627389b9c relative=0x000000000000021c
Event: 31.836 Thread 0x0000017619c83ba0 Uncommon trap: reason=unstable_if action=reinterpret pc=0x0000017627389b9c method=com.mojang.blaze3d.shaders.Uniform.uploadAsFloat()V @ 12 c2
Event: 31.836 Thread 0x0000017619c83ba0 DEOPT PACKING pc=0x0000017627389b9c sp=0x0000003717cfcb40
Event: 31.836 Thread 0x0000017619c83ba0 DEOPT UNPACKING pc=0x00000176255173a2 sp=0x0000003717cfca88 mode 2
Event: 31.847 Thread 0x0000017619c83ba0 Uncommon trap: trap_request=0xffffff45 fr.pc=0x00000176273d9654 relative=0x00000000000000b4
Event: 31.847 Thread 0x0000017619c83ba0 Uncommon trap: reason=unstable_if action=reinterpret pc=0x00000176273d9654 method=com.mojang.blaze3d.platform.GlStateManager._activeTexture(I)V @ 11 c2
Event: 31.847 Thread 0x0000017619c83ba0 DEOPT PACKING pc=0x00000176273d9654 sp=0x0000003717cfd3c0
Event: 31.847 Thread 0x0000017619c83ba0 DEOPT UNPACKING pc=0x00000176255173a2 sp=0x0000003717cfd358 mode 2
Event: 31.900 Thread 0x0000017619c83ba0 Uncommon trap: trap_request=0xffffffde fr.pc=0x000001762711da30 relative=0x0000000000000310
Event: 31.900 Thread 0x0000017619c83ba0 Uncommon trap: reason=class_check action=maybe_recompile pc=0x000001762711da30 method=de.keksuccino.fancymenu.customization.element.elements.button.custombutton.ButtonElement.getTopActiveTemplateElement(Z)Lde/keksuccino/fancymenu/customization/element/ele
Event: 31.900 Thread 0x0000017619c83ba0 DEOPT PACKING pc=0x000001762711da30 sp=0x0000003717cfdba0
Event: 31.900 Thread 0x0000017619c83ba0 DEOPT UNPACKING pc=0x00000176255173a2 sp=0x0000003717cfdb28 mode 2
Event: 31.903 Thread 0x0000017607f478f0 DEOPT PACKING pc=0x0000017626781f24 sp=0x000000371a5ff150
Event: 31.903 Thread 0x0000017607f478f0 DEOPT UNPACKING pc=0x0000017625517ee2 sp=0x000000371a5fe558 mode 0
Event: 31.909 Thread 0x0000017607f4a050 Uncommon trap: trap_request=0xffffff45 fr.pc=0x0000017626743f24 relative=0x0000000000000464
Event: 31.909 Thread 0x0000017607f4a050 Uncommon trap: reason=unstable_if action=reinterpret pc=0x0000017626743f24 method=sun.util.calendar.ZoneInfo.getOffsets(J[II)I @ 4 c2
Event: 31.909 Thread 0x0000017607f4a050 DEOPT PACKING pc=0x0000017626743f24 sp=0x000000371a5fe7a0
Event: 31.909 Thread 0x0000017607f4a050 DEOPT UNPACKING pc=0x00000176255173a2 sp=0x000000371a5fe720 mode 2
Event: 31.924 Thread 0x0000017619c83ba0 Uncommon trap: trap_request=0xffffff45 fr.pc=0x00000176262714e0 relative=0x0000000000000100
Event: 31.924 Thread 0x0000017619c83ba0 Uncommon trap: reason=unstable_if action=reinterpret pc=0x00000176262714e0 method=java.lang.invoke.BoundMethodHandle.tooComplex()Z @ 18 c2
Event: 31.924 Thread 0x0000017619c83ba0 DEOPT PACKING pc=0x00000176262714e0 sp=0x0000003717cfc6a0
Event: 31.924 Thread 0x0000017619c83ba0 DEOPT UNPACKING pc=0x00000176255173a2 sp=0x0000003717cfc5d0 mode 2
Event: 31.929 Thread 0x0000017607f45eb0 Uncommon trap: trap_request=0xffffff45 fr.pc=0x0000017626569edc relative=0x00000000000017fc
Event: 31.929 Thread 0x0000017607f45eb0 Uncommon trap: reason=unstable_if action=reinterpret pc=0x0000017626569edc method=java.nio.file.Path.of(Ljava/net/URI;)Ljava/nio/file/Path; @ 25 c2
Event: 31.929 Thread 0x0000017607f45eb0 DEOPT PACKING pc=0x0000017626569edc sp=0x0000003722afec60
Event: 31.929 Thread 0x0000017607f45eb0 DEOPT UNPACKING pc=0x00000176255173a2 sp=0x0000003722afec28 mode 2
Event: 31.938 Thread 0x0000017607f45eb0 Uncommon trap: trap_request=0xffffff45 fr.pc=0x0000017627595788 relative=0x0000000000000b88
Event: 31.938 Thread 0x0000017607f45eb0 Uncommon trap: reason=unstable_if action=reinterpret pc=0x0000017627595788 method=org.apache.logging.log4j.util.StringBuilders.appendSpecificTypes(Ljava/lang/StringBuilder;Ljava/lang/Object;)Z @ 198 c2
Event: 31.938 Thread 0x0000017607f45eb0 DEOPT PACKING pc=0x0000017627595788 sp=0x0000003722afe660
Event: 31.938 Thread 0x0000017607f45eb0 DEOPT UNPACKING pc=0x00000176255173a2 sp=0x0000003722afe640 mode 2
Event: 32.000 Thread 0x0000017619c83ba0 Uncommon trap: trap_request=0xffffffde fr.pc=0x000001762711da30 relative=0x0000000000000310
Event: 32.000 Thread 0x0000017619c83ba0 Uncommon trap: reason=class_check action=maybe_recompile pc=0x000001762711da30 method=de.keksuccino.fancymenu.customization.element.elements.button.custombutton.ButtonElement.getTopActiveTemplateElement(Z)Lde/keksuccino/fancymenu/customization/element/ele
Event: 32.000 Thread 0x0000017619c83ba0 DEOPT PACKING pc=0x000001762711da30 sp=0x0000003717cfdba0
Event: 32.000 Thread 0x0000017619c83ba0 DEOPT UNPACKING pc=0x00000176255173a2 sp=0x0000003717cfdb28 mode 2

Classes loaded (250 events):
Event: 25.294 Loading class com/sun/media/sound/MidiOutDeviceProvider$MidiOutDeviceInfo
Event: 25.294 Loading class com/sun/media/sound/MidiOutDeviceProvider$MidiOutDeviceInfo done
Event: 25.295 Loading class javax/sound/sampled/AudioFormat
Event: 25.295 Loading class javax/sound/sampled/AudioFormat done
Event: 25.295 Loading class javax/sound/sampled/AudioFormat$Encoding
Event: 25.295 Loading class javax/sound/sampled/AudioFormat$Encoding done
Event: 25.295 Loading class com/sun/media/sound/SoftLinearResampler
Event: 25.295 Loading class com/sun/media/sound/SoftAbstractResampler
Event: 25.295 Loading class com/sun/media/sound/SoftResampler
Event: 25.295 Loading class com/sun/media/sound/SoftResampler done
Event: 25.295 Loading class com/sun/media/sound/SoftAbstractResampler done
Event: 25.295 Loading class com/sun/media/sound/SoftLinearResampler done
Event: 25.295 Loading class com/sun/media/sound/MidiUtils$TempoCache
Event: 25.295 Loading class com/sun/media/sound/MidiUtils$TempoCache done
Event: 25.295 Loading class com/sun/media/sound/RealTimeSequencer$PlayThread
Event: 25.295 Loading class com/sun/media/sound/RealTimeSequencer$PlayThread done
Event: 25.295 Loading class com/sun/media/sound/RealTimeSequencer$DataPump
Event: 25.295 Loading class com/sun/media/sound/RealTimeSequencer$DataPump done
Event: 25.296 Loading class com/sun/media/sound/RealTimeSequencer$SequencerTransmitter
Event: 25.296 Loading class com/sun/media/sound/AbstractMidiDevice$BasicTransmitter
Event: 25.296 Loading class javax/sound/midi/MidiDeviceTransmitter
Event: 25.296 Loading class javax/sound/midi/Transmitter
Event: 25.296 Loading class javax/sound/midi/Transmitter done
Event: 25.296 Loading class javax/sound/midi/MidiDeviceTransmitter done
Event: 25.296 Loading class com/sun/media/sound/AbstractMidiDevice$BasicTransmitter done
Event: 25.296 Loading class com/sun/media/sound/RealTimeSequencer$SequencerTransmitter done
Event: 25.296 Loading class com/sun/media/sound/AbstractMidiDevice$TransmitterList
Event: 25.296 Loading class com/sun/media/sound/AbstractMidiDevice$TransmitterList done
Event: 25.296 Loading class com/sun/media/sound/MidiOutDevice$MidiOutReceiver
Event: 25.296 Loading class com/sun/media/sound/AbstractMidiDevice$AbstractReceiver
Event: 25.296 Loading class javax/sound/midi/MidiDeviceReceiver
Event: 25.296 Loading class javax/sound/midi/MidiDeviceReceiver done
Event: 25.296 Loading class com/sun/media/sound/AbstractMidiDevice$AbstractReceiver done
Event: 25.296 Loading class com/sun/media/sound/MidiOutDevice$MidiOutReceiver done
Event: 25.297 Loading class com/sun/media/sound/MidiOutDevice
Event: 25.297 Loading class com/sun/media/sound/MidiOutDevice done
Event: 28.765 Loading class java/util/Scanner
Event: 28.766 Loading class java/util/Scanner done
Event: 28.767 Loading class java/util/Scanner$PatternLRUCache
Event: 28.767 Loading class java/util/Scanner$PatternLRUCache done
Event: 28.768 Loading class java/util/regex/Matcher$ImmutableMatchResult
Event: 28.768 Loading class java/util/regex/Matcher$ImmutableMatchResult done
Event: 28.804 Loading class java/util/stream/Stream$1
Event: 28.804 Loading class java/util/stream/Stream$1 done
Event: 28.830 Loading class java/lang/FunctionalInterface
Event: 28.830 Loading class java/lang/FunctionalInterface done
Event: 28.849 Loading class java/util/function/DoubleBinaryOperator
Event: 28.849 Loading class java/util/function/DoubleBinaryOperator done
Event: 30.079 Loading class sun/security/ssl/Alert$AlertMessage
Event: 30.079 Loading class sun/security/ssl/Alert$AlertMessage done
Event: 30.691 Loading class javax/imageio/ImageIO
Event: 30.692 Loading class javax/imageio/ImageIO done
Event: 30.692 Loading class javax/imageio/spi/IIORegistry
Event: 30.692 Loading class javax/imageio/spi/ServiceRegistry
Event: 30.693 Loading class javax/imageio/spi/ServiceRegistry done
Event: 30.693 Loading class javax/imageio/spi/IIORegistry done
Event: 30.693 Loading class javax/imageio/spi/ImageReaderSpi
Event: 30.693 Loading class javax/imageio/spi/ImageReaderWriterSpi
Event: 30.693 Loading class javax/imageio/spi/IIOServiceProvider
Event: 30.693 Loading class javax/imageio/spi/RegisterableService
Event: 30.693 Loading class javax/imageio/spi/RegisterableService done
Event: 30.693 Loading class javax/imageio/spi/IIOServiceProvider done
Event: 30.693 Loading class javax/imageio/spi/ImageReaderWriterSpi done
Event: 30.693 Loading class javax/imageio/spi/ImageReaderSpi done
Event: 30.693 Loading class javax/imageio/spi/ImageWriterSpi
Event: 30.693 Loading class javax/imageio/spi/ImageWriterSpi done
Event: 30.693 Loading class javax/imageio/spi/ImageTranscoderSpi
Event: 30.693 Loading class javax/imageio/spi/ImageTranscoderSpi done
Event: 30.693 Loading class javax/imageio/spi/ImageInputStreamSpi
Event: 30.693 Loading class javax/imageio/spi/ImageInputStreamSpi done
Event: 30.693 Loading class javax/imageio/spi/ImageOutputStreamSpi
Event: 30.693 Loading class javax/imageio/spi/ImageOutputStreamSpi done
Event: 30.693 Loading class javax/imageio/spi/SubRegistry
Event: 30.693 Loading class javax/imageio/spi/SubRegistry done
Event: 30.693 Loading class javax/imageio/spi/PartiallyOrderedSet
Event: 30.693 Loading class javax/imageio/spi/PartiallyOrderedSet done
Event: 30.693 Loading class com/sun/imageio/plugins/gif/GIFImageReaderSpi
Event: 30.694 Loading class com/sun/imageio/plugins/gif/GIFImageReaderSpi done
Event: 30.694 Loading class javax/imageio/stream/ImageInputStream
Event: 30.694 Loading class javax/imageio/stream/ImageInputStream done
Event: 30.694 Loading class javax/imageio/spi/DigraphNode
Event: 30.694 Loading class javax/imageio/spi/DigraphNode done
Event: 30.694 Loading class com/sun/imageio/plugins/gif/GIFImageWriterSpi
Event: 30.695 Loading class com/sun/imageio/plugins/gif/GIFImageWriterSpi done
Event: 30.695 Loading class javax/imageio/stream/ImageOutputStream
Event: 30.695 Loading class javax/imageio/stream/ImageOutputStream done
Event: 30.695 Loading class com/sun/imageio/plugins/bmp/BMPImageReaderSpi
Event: 30.695 Loading class com/sun/imageio/plugins/bmp/BMPImageReaderSpi done
Event: 30.695 Loading class com/sun/imageio/plugins/bmp/BMPImageWriterSpi
Event: 30.695 Loading class com/sun/imageio/plugins/bmp/BMPImageWriterSpi done
Event: 30.695 Loading class com/sun/imageio/plugins/wbmp/WBMPImageReaderSpi
Event: 30.696 Loading class com/sun/imageio/plugins/wbmp/WBMPImageReaderSpi done
Event: 30.696 Loading class com/sun/imageio/plugins/wbmp/WBMPImageWriterSpi
Event: 30.696 Loading class com/sun/imageio/plugins/wbmp/WBMPImageWriterSpi done
Event: 30.696 Loading class com/sun/imageio/plugins/tiff/TIFFImageReaderSpi
Event: 30.696 Loading class com/sun/imageio/plugins/tiff/TIFFImageReaderSpi done
Event: 30.696 Loading class com/sun/imageio/plugins/tiff/TIFFImageWriterSpi
Event: 30.697 Loading class com/sun/imageio/plugins/tiff/TIFFImageWriterSpi done
Event: 30.697 Loading class com/sun/imageio/plugins/png/PNGImageReaderSpi
Event: 30.697 Loading class com/sun/imageio/plugins/png/PNGImageReaderSpi done
Event: 30.697 Loading class com/sun/imageio/plugins/png/PNGImageWriterSpi
Event: 30.697 Loading class com/sun/imageio/plugins/png/PNGImageWriterSpi done
Event: 30.697 Loading class com/sun/imageio/plugins/jpeg/JPEGImageReaderSpi
Event: 30.697 Loading class com/sun/imageio/plugins/jpeg/JPEGImageReaderSpi done
Event: 30.697 Loading class com/sun/imageio/plugins/jpeg/JPEG
Event: 30.698 Loading class com/sun/imageio/plugins/jpeg/JPEG done
Event: 30.698 Loading class com/sun/imageio/plugins/jpeg/JPEGImageWriterSpi
Event: 30.698 Loading class com/sun/imageio/plugins/jpeg/JPEGImageWriterSpi done
Event: 30.698 Loading class com/sun/imageio/spi/FileImageInputStreamSpi
Event: 30.698 Loading class com/sun/imageio/spi/FileImageInputStreamSpi done
Event: 30.698 Loading class com/sun/imageio/spi/FileImageOutputStreamSpi
Event: 30.698 Loading class com/sun/imageio/spi/FileImageOutputStreamSpi done
Event: 30.698 Loading class com/sun/imageio/spi/InputStreamImageInputStreamSpi
Event: 30.698 Loading class com/sun/imageio/spi/InputStreamImageInputStreamSpi done
Event: 30.698 Loading class com/sun/imageio/spi/OutputStreamImageOutputStreamSpi
Event: 30.698 Loading class com/sun/imageio/spi/OutputStreamImageOutputStreamSpi done
Event: 30.698 Loading class com/sun/imageio/spi/RAFImageInputStreamSpi
Event: 30.698 Loading class com/sun/imageio/spi/RAFImageInputStreamSpi done
Event: 30.698 Loading class com/sun/imageio/spi/RAFImageOutputStreamSpi
Event: 30.698 Loading class com/sun/imageio/spi/RAFImageOutputStreamSpi done
Event: 30.698 Loading class javax/imageio/spi/IIORegistry$1
Event: 30.698 Loading class javax/imageio/spi/IIORegistry$1 done
Event: 30.698 Loading class javax/imageio/ImageReader
Event: 30.699 Loading class javax/imageio/ImageReader done
Event: 30.701 Loading class javax/imageio/spi/ServiceRegistry$Filter
Event: 30.701 Loading class javax/imageio/spi/ServiceRegistry$Filter done
Event: 30.701 Loading class javax/imageio/spi/PartialOrderIterator
Event: 30.701 Loading class javax/imageio/spi/PartialOrderIterator done
Event: 30.701 Loading class javax/imageio/spi/FilterIterator
Event: 30.701 Loading class javax/imageio/spi/FilterIterator done
Event: 30.701 Loading class java/awt/image/ColorConvertOp
Event: 30.702 Loading class java/awt/image/BufferedImageOp
Event: 30.702 Loading class java/awt/image/BufferedImageOp done
Event: 30.702 Loading class java/awt/image/RasterOp
Event: 30.702 Loading class java/awt/image/RasterOp done
Event: 30.702 Loading class java/awt/image/ColorConvertOp done
Event: 30.703 Loading class javax/imageio/metadata/IIOMetadataFormat
Event: 30.703 Loading class javax/imageio/metadata/IIOMetadataFormat done
Event: 30.703 Loading class javax/imageio/ImageWriter
Event: 30.704 Loading class javax/imageio/ImageTranscoder
Event: 30.704 Loading class javax/imageio/ImageTranscoder done
Event: 30.704 Loading class javax/imageio/ImageWriter done
Event: 30.704 Loading class javax/imageio/ImageTypeSpecifier
Event: 30.704 Loading class javax/imageio/ImageTypeSpecifier done
Event: 30.704 Loading class javax/imageio/ImageIO$CacheInfo
Event: 30.704 Loading class javax/imageio/ImageIO$CacheInfo done
Event: 30.704 Loading class javax/imageio/stream/ImageInputStreamImpl
Event: 30.705 Loading class javax/imageio/stream/ImageInputStreamImpl done
Event: 30.705 Loading class java/nio/file/TempFileHelper
Event: 30.705 Loading class java/nio/file/TempFileHelper done
Event: 30.706 Loading class javax/imageio/ImageIO$CanDecodeInputFilter
Event: 30.706 Loading class javax/imageio/ImageIO$CanDecodeInputFilter done
Event: 30.706 Loading class com/sun/imageio/plugins/common/ReaderUtil
Event: 30.706 Loading class com/sun/imageio/plugins/common/ReaderUtil done
Event: 30.706 Loading class javax/imageio/ImageIO$ImageReaderIterator
Event: 30.706 Loading class javax/imageio/ImageIO$ImageReaderIterator done
Event: 30.706 Loading class com/sun/imageio/plugins/png/PNGImageReader
Event: 30.707 Loading class com/sun/imageio/plugins/png/PNGImageReader done
Event: 30.708 Loading class com/sun/imageio/plugins/png/PNGMetadata
Event: 30.709 Loading class javax/imageio/metadata/IIOMetadata
Event: 30.709 Loading class javax/imageio/metadata/IIOMetadata done
Event: 30.709 Loading class com/sun/imageio/plugins/png/PNGMetadata done
Event: 30.709 Loading class javax/imageio/ImageReadParam
Event: 30.709 Loading class javax/imageio/IIOParam
Event: 30.710 Loading class javax/imageio/IIOParam done
Event: 30.710 Loading class javax/imageio/ImageReadParam done
Event: 30.710 Loading class com/sun/imageio/plugins/png/PNGImageDataEnumeration
Event: 30.710 Loading class com/sun/imageio/plugins/png/PNGImageDataEnumeration done
Event: 30.710 Loading class com/sun/imageio/plugins/common/SubImageInputStream
Event: 30.710 Loading class com/sun/imageio/plugins/common/SubImageInputStream done
Event: 30.710 Loading class com/sun/imageio/plugins/common/InputStreamAdapter
Event: 30.710 Loading class com/sun/imageio/plugins/common/InputStreamAdapter done
Event: 30.710 Loading class javax/imageio/ImageTypeSpecifier$Indexed
Event: 30.710 Loading class javax/imageio/ImageTypeSpecifier$Indexed done
Event: 30.710 Loading class java/awt/image/MultiPixelPackedSampleModel
Event: 30.710 Loading class java/awt/image/SampleModel
Event: 30.710 Loading class java/awt/image/SampleModel done
Event: 30.710 Loading class java/awt/image/MultiPixelPackedSampleModel done
Event: 30.711 Loading class java/awt/image/DataBuffer
Event: 30.711 Loading class java/awt/image/DataBuffer done
Event: 30.711 Loading class java/awt/image/DataBuffer$1
Event: 30.711 Loading class sun/awt/image/SunWritableRaster$DataStealer
Event: 30.711 Loading class sun/awt/image/SunWritableRaster$DataStealer done
Event: 30.711 Loading class java/awt/image/DataBuffer$1 done
Event: 30.711 Loading class sun/awt/image/SunWritableRaster
Event: 30.711 Loading class java/awt/image/WritableRaster
Event: 30.711 Loading class java/awt/image/Raster
Event: 30.716 Loading class java/awt/image/Raster done
Event: 30.716 Loading class java/awt/image/WritableRaster done
Event: 30.716 Loading class sun/awt/image/SunWritableRaster done
Event: 30.716 Loading class java/awt/Rectangle
Event: 30.716 Loading class java/awt/Shape
Event: 30.716 Loading class java/awt/Shape done
Event: 30.716 Loading class java/awt/geom/Rectangle2D
Event: 30.716 Loading class java/awt/geom/RectangularShape
Event: 30.716 Loading class java/awt/geom/RectangularShape done
Event: 30.716 Loading class java/awt/geom/Rectangle2D done
Event: 30.716 Loading class java/awt/Rectangle done
Event: 30.716 Loading class java/awt/image/DataBufferByte
Event: 30.716 Loading class java/awt/image/DataBufferByte done
Event: 30.716 Loading class java/awt/image/PixelInterleavedSampleModel
Event: 30.716 Loading class java/awt/image/ComponentSampleModel
Event: 30.717 Loading class java/awt/image/ComponentSampleModel done
Event: 30.717 Loading class java/awt/image/PixelInterleavedSampleModel done
Event: 30.717 Loading class java/awt/image/SinglePixelPackedSampleModel
Event: 30.717 Loading class java/awt/image/SinglePixelPackedSampleModel done
Event: 30.717 Loading class sun/awt/image/BytePackedRaster
Event: 30.717 Loading class sun/awt/image/BytePackedRaster done
Event: 30.717 Loading class sun/awt/image/NativeLibLoader
Event: 30.717 Loading class sun/awt/image/NativeLibLoader done
Event: 30.717 Loading class sun/awt/image/NativeLibLoader$1
Event: 30.717 Loading class sun/awt/image/NativeLibLoader$1 done
Event: 30.718 Loading class java/awt/image/BufferedImage$1
Event: 30.718 Loading class java/awt/image/BufferedImage$1 done
Event: 30.718 Loading class sun/awt/image/IntegerComponentRaster
Event: 30.718 Loading class sun/awt/image/IntegerComponentRaster done
Event: 30.718 Loading class sun/awt/image/ByteInterleavedRaster
Event: 30.719 Loading class sun/awt/image/ByteComponentRaster
Event: 30.719 Loading class sun/awt/image/ByteComponentRaster done
Event: 30.719 Loading class sun/awt/image/ByteInterleavedRaster done
Event: 30.828 Loading class jdk/internal/vm/ContinuationSupport
Event: 30.828 Loading class jdk/internal/vm/ContinuationSupport done
Event: 30.830 Loading class java/lang/Thread$Constants$1
Event: 30.830 Loading class java/lang/Thread$Constants$1 done
Event: 30.830 Loading class java/lang/VirtualThread$VThreadContinuation
Event: 30.830 Loading class java/lang/VirtualThread$VThreadContinuation done
Event: 30.830 Loading class jdk/internal/vm/Continuation$Pinned
Event: 30.830 Loading class jdk/internal/vm/Continuation$Pinned done
Event: 30.830 Loading class java/lang/VirtualThread$VThreadContinuation$1
Event: 30.830 Loading class java/lang/VirtualThread$VThreadContinuation$1 done
Event: 30.830 Loading class java/util/concurrent/ForkJoinTask$RunnableExecuteAction
Event: 30.830 Loading class java/util/concurrent/ForkJoinTask$RunnableExecuteAction done
Event: 30.831 Loading class jdk/internal/misc/CarrierThread$1
Event: 30.831 Loading class jdk/internal/misc/CarrierThread$1 done
Event: 30.831 Loading class jdk/internal/event/VirtualThreadStartEvent
Event: 30.831 Loading class jdk/internal/event/VirtualThreadStartEvent done
Event: 30.831 Loading class jdk/internal/misc/VirtualThreads
Event: 30.831 Loading class jdk/internal/misc/VirtualThreads done
Event: 30.851 Loading class java/text/MessageFormat
Event: 30.852 Loading class java/text/MessageFormat done
Event: 30.852 Loading class java/text/MessageFormat$Field
Event: 30.852 Loading class java/text/MessageFormat$Field done
Event: 30.853 Loading class java/text/FieldPosition$Delegate
Event: 30.853 Loading class java/text/FieldPosition$Delegate done
Event: 31.823 Loading class java/nio/ByteBufferAsCharBufferB
Event: 31.824 Loading class java/nio/ByteBufferAsCharBufferB done
Event: 31.824 Loading class java/nio/ByteBufferAsIntBufferB
Event: 31.824 Loading class java/nio/ByteBufferAsIntBufferB done
Event: 31.923 Loading class java/lang/invoke/BoundMethodHandle$Species_LLLLLLLLLL
Event: 31.923 Loading class java/lang/invoke/BoundMethodHandle$Species_LLLLLLLLLL done

Classes unloaded (189 events):
Event: 13.043 Thread 0x0000017619d85d10 Unloading class 0x00000000804d7000 'java/lang/invoke/LambdaForm$MH+0x00000000804d7000'
Event: 13.043 Thread 0x0000017619d85d10 Unloading class 0x00000000804d6c00 'java/lang/invoke/LambdaForm$MH+0x00000000804d6c00'
Event: 13.043 Thread 0x0000017619d85d10 Unloading class 0x00000000804d6400 'java/lang/invoke/LambdaForm$MH+0x00000000804d6400'
Event: 13.043 Thread 0x0000017619d85d10 Unloading class 0x00000000804d6800 'java/lang/invoke/LambdaForm$MH+0x00000000804d6800'
Event: 13.043 Thread 0x0000017619d85d10 Unloading class 0x00000000804d6000 'java/lang/invoke/LambdaForm$MH+0x00000000804d6000'
Event: 13.043 Thread 0x0000017619d85d10 Unloading class 0x00000000804d5c00 'java/lang/invoke/LambdaForm$MH+0x00000000804d5c00'
Event: 13.043 Thread 0x0000017619d85d10 Unloading class 0x00000000804d5400 'java/lang/invoke/LambdaForm$MH+0x00000000804d5400'
Event: 13.043 Thread 0x0000017619d85d10 Unloading class 0x00000000804d5800 'java/lang/invoke/LambdaForm$MH+0x00000000804d5800'
Event: 13.043 Thread 0x0000017619d85d10 Unloading class 0x00000000804d4c00 'java/lang/invoke/LambdaForm$MH+0x00000000804d4c00'
Event: 13.043 Thread 0x0000017619d85d10 Unloading class 0x00000000804d5000 'java/lang/invoke/LambdaForm$MH+0x00000000804d5000'
Event: 13.043 Thread 0x0000017619d85d10 Unloading class 0x00000000804d4800 'java/lang/invoke/LambdaForm$MH+0x00000000804d4800'
Event: 13.043 Thread 0x0000017619d85d10 Unloading class 0x00000000804d4400 'java/lang/invoke/LambdaForm$MH+0x00000000804d4400'
Event: 13.043 Thread 0x0000017619d85d10 Unloading class 0x00000000804d4000 'java/lang/invoke/LambdaForm$MH+0x00000000804d4000'
Event: 13.043 Thread 0x0000017619d85d10 Unloading class 0x00000000804d3c00 'java/lang/invoke/LambdaForm$DMH+0x00000000804d3c00'
Event: 13.043 Thread 0x0000017619d85d10 Unloading class 0x00000000804d3800 'java/lang/invoke/LambdaForm$DMH+0x00000000804d3800'
Event: 13.043 Thread 0x0000017619d85d10 Unloading class 0x00000000804d3000 'java/lang/invoke/LambdaForm$DMH+0x00000000804d3000'
Event: 13.043 Thread 0x0000017619d85d10 Unloading class 0x00000000804d3400 'java/lang/invoke/LambdaForm$DMH+0x00000000804d3400'
Event: 13.043 Thread 0x0000017619d85d10 Unloading class 0x00000000804d2800 'java/lang/invoke/LambdaForm$DMH+0x00000000804d2800'
Event: 13.043 Thread 0x0000017619d85d10 Unloading class 0x00000000804d2c00 'java/lang/invoke/LambdaForm$DMH+0x00000000804d2c00'
Event: 13.043 Thread 0x0000017619d85d10 Unloading class 0x00000000804d1800 'java/lang/invoke/LambdaForm$DMH+0x00000000804d1800'
Event: 13.043 Thread 0x0000017619d85d10 Unloading class 0x00000000804d2400 'java/lang/invoke/LambdaForm$DMH+0x00000000804d2400'
Event: 13.043 Thread 0x0000017619d85d10 Unloading class 0x00000000804d2000 'java/lang/invoke/LambdaForm$DMH+0x00000000804d2000'
Event: 13.043 Thread 0x0000017619d85d10 Unloading class 0x00000000804d1c00 'java/lang/invoke/LambdaForm$DMH+0x00000000804d1c00'
Event: 13.043 Thread 0x0000017619d85d10 Unloading class 0x00000000804d1000 'java/lang/invoke/LambdaForm$DMH+0x00000000804d1000'
Event: 13.043 Thread 0x0000017619d85d10 Unloading class 0x00000000804d0c00 'java/lang/invoke/LambdaForm$DMH+0x00000000804d0c00'
Event: 13.043 Thread 0x0000017619d85d10 Unloading class 0x00000000804d1400 'java/lang/invoke/LambdaForm$DMH+0x00000000804d1400'
Event: 13.043 Thread 0x0000017619d85d10 Unloading class 0x00000000804d0400 'java/lang/invoke/LambdaForm$MH+0x00000000804d0400'
Event: 13.043 Thread 0x0000017619d85d10 Unloading class 0x00000000804cfc00 'java/lang/invoke/LambdaForm$MH+0x00000000804cfc00'
Event: 13.043 Thread 0x0000017619d85d10 Unloading class 0x00000000804cf400 'java/lang/invoke/LambdaForm$MH+0x00000000804cf400'
Event: 13.043 Thread 0x0000017619d85d10 Unloading class 0x00000000804cf000 'java/lang/invoke/LambdaForm$MH+0x00000000804cf000'
Event: 13.043 Thread 0x0000017619d85d10 Unloading class 0x00000000804cf800 'java/lang/invoke/LambdaForm$MH+0x00000000804cf800'
Event: 13.043 Thread 0x0000017619d85d10 Unloading class 0x00000000804cec00 'java/lang/invoke/LambdaForm$MH+0x00000000804cec00'
Event: 13.043 Thread 0x0000017619d85d10 Unloading class 0x00000000804ce400 'java/lang/invoke/LambdaForm$MH+0x00000000804ce400'
Event: 13.043 Thread 0x0000017619d85d10 Unloading class 0x00000000804ce800 'java/lang/invoke/LambdaForm$MH+0x00000000804ce800'
Event: 13.043 Thread 0x0000017619d85d10 Unloading class 0x00000000804ce000 'java/lang/invoke/LambdaForm$MH+0x00000000804ce000'
Event: 13.043 Thread 0x0000017619d85d10 Unloading class 0x00000000804cdc00 'java/lang/invoke/LambdaForm$MH+0x00000000804cdc00'
Event: 13.043 Thread 0x0000017619d85d10 Unloading class 0x00000000804cd800 'java/lang/invoke/LambdaForm$MH+0x00000000804cd800'
Event: 13.043 Thread 0x0000017619d85d10 Unloading class 0x00000000804cd400 'java/lang/invoke/LambdaForm$MH+0x00000000804cd400'
Event: 13.043 Thread 0x0000017619d85d10 Unloading class 0x00000000804cd000 'java/lang/invoke/LambdaForm$MH+0x00000000804cd000'
Event: 13.043 Thread 0x0000017619d85d10 Unloading class 0x00000000804cc800 'java/lang/invoke/LambdaForm$MH+0x00000000804cc800'
Event: 13.043 Thread 0x0000017619d85d10 Unloading class 0x00000000804cc400 'java/lang/invoke/LambdaForm$MH+0x00000000804cc400'
Event: 13.043 Thread 0x0000017619d85d10 Unloading class 0x00000000804cc000 'java/lang/invoke/LambdaForm$MH+0x00000000804cc000'
Event: 13.043 Thread 0x0000017619d85d10 Unloading class 0x00000000804cbc00 'java/lang/invoke/LambdaForm$MH+0x00000000804cbc00'
Event: 13.043 Thread 0x0000017619d85d10 Unloading class 0x00000000804cb800 'java/lang/invoke/LambdaForm$MH+0x00000000804cb800'
Event: 13.043 Thread 0x0000017619d85d10 Unloading class 0x00000000804cb400 'java/lang/invoke/LambdaForm$MH+0x00000000804cb400'
Event: 13.043 Thread 0x0000017619d85d10 Unloading class 0x00000000804cb000 'java/lang/invoke/LambdaForm$MH+0x00000000804cb000'
Event: 13.043 Thread 0x0000017619d85d10 Unloading class 0x00000000804cac00 'java/lang/invoke/LambdaForm$MH+0x00000000804cac00'
Event: 13.043 Thread 0x0000017619d85d10 Unloading class 0x00000000804ca400 'java/lang/invoke/LambdaForm$MH+0x00000000804ca400'
Event: 13.043 Thread 0x0000017619d85d10 Unloading class 0x00000000804ca800 'java/lang/invoke/LambdaForm$MH+0x00000000804ca800'
Event: 13.043 Thread 0x0000017619d85d10 Unloading class 0x00000000804ca000 'java/lang/invoke/LambdaForm$MH+0x00000000804ca000'
Event: 13.043 Thread 0x0000017619d85d10 Unloading class 0x00000000804c9c00 'java/lang/invoke/LambdaForm$MH+0x00000000804c9c00'
Event: 13.043 Thread 0x0000017619d85d10 Unloading class 0x00000000804c9800 'java/lang/invoke/LambdaForm$MH+0x00000000804c9800'
Event: 13.043 Thread 0x0000017619d85d10 Unloading class 0x00000000804c8c00 'java/lang/invoke/LambdaForm$MH+0x00000000804c8c00'
Event: 13.043 Thread 0x0000017619d85d10 Unloading class 0x00000000804c8400 'java/lang/invoke/LambdaForm$MH+0x00000000804c8400'
Event: 13.043 Thread 0x0000017619d85d10 Unloading class 0x00000000804c8000 'java/lang/invoke/LambdaForm$MH+0x00000000804c8000'
Event: 13.043 Thread 0x0000017619d85d10 Unloading class 0x00000000804c7800 'java/lang/invoke/LambdaForm$MH+0x00000000804c7800'
Event: 13.043 Thread 0x0000017619d85d10 Unloading class 0x00000000804c7c00 'java/lang/invoke/LambdaForm$MH+0x00000000804c7c00'
Event: 13.043 Thread 0x0000017619d85d10 Unloading class 0x00000000804c7400 'java/lang/invoke/LambdaForm$MH+0x00000000804c7400'
Event: 13.043 Thread 0x0000017619d85d10 Unloading class 0x00000000804c7000 'java/lang/invoke/LambdaForm$MH+0x00000000804c7000'
Event: 13.043 Thread 0x0000017619d85d10 Unloading class 0x00000000804c6c00 'java/lang/invoke/LambdaForm$MH+0x00000000804c6c00'
Event: 13.043 Thread 0x0000017619d85d10 Unloading class 0x00000000804c6800 'java/lang/invoke/LambdaForm$MH+0x00000000804c6800'
Event: 13.043 Thread 0x0000017619d85d10 Unloading class 0x00000000804c6400 'java/lang/invoke/LambdaForm$MH+0x00000000804c6400'
Event: 13.043 Thread 0x0000017619d85d10 Unloading class 0x00000000804c5c00 'java/lang/invoke/LambdaForm$MH+0x00000000804c5c00'
Event: 13.043 Thread 0x0000017619d85d10 Unloading class 0x00000000804c6000 'java/lang/invoke/LambdaForm$MH+0x00000000804c6000'
Event: 13.043 Thread 0x0000017619d85d10 Unloading class 0x00000000804c5800 'java/lang/invoke/LambdaForm$MH+0x00000000804c5800'
Event: 13.043 Thread 0x0000017619d85d10 Unloading class 0x00000000804c4c00 'java/lang/invoke/LambdaForm$MH+0x00000000804c4c00'
Event: 13.043 Thread 0x0000017619d85d10 Unloading class 0x00000000804c5000 'java/lang/invoke/LambdaForm$MH+0x00000000804c5000'
Event: 13.043 Thread 0x0000017619d85d10 Unloading class 0x00000000804c4800 'java/lang/invoke/LambdaForm$MH+0x00000000804c4800'
Event: 13.043 Thread 0x0000017619d85d10 Unloading class 0x00000000804c4400 'java/lang/invoke/LambdaForm$MH+0x00000000804c4400'
Event: 13.043 Thread 0x0000017619d85d10 Unloading class 0x00000000804c4000 'java/lang/invoke/LambdaForm$MH+0x00000000804c4000'
Event: 13.043 Thread 0x0000017619d85d10 Unloading class 0x00000000804c3c00 'java/lang/invoke/LambdaForm$MH+0x00000000804c3c00'
Event: 13.043 Thread 0x0000017619d85d10 Unloading class 0x00000000804c3400 'java/lang/invoke/LambdaForm$MH+0x00000000804c3400'
Event: 13.043 Thread 0x0000017619d85d10 Unloading class 0x00000000804c3800 'java/lang/invoke/LambdaForm$MH+0x00000000804c3800'
Event: 13.043 Thread 0x0000017619d85d10 Unloading class 0x00000000804c3000 'java/lang/invoke/LambdaForm$MH+0x00000000804c3000'
Event: 13.043 Thread 0x0000017619d85d10 Unloading class 0x00000000804c2c00 'java/lang/invoke/LambdaForm$MH+0x00000000804c2c00'
Event: 13.043 Thread 0x0000017619d85d10 Unloading class 0x00000000804c2800 'java/lang/invoke/LambdaForm$MH+0x00000000804c2800'
Event: 13.043 Thread 0x0000017619d85d10 Unloading class 0x00000000804c2000 'java/lang/invoke/LambdaForm$MH+0x00000000804c2000'
Event: 13.043 Thread 0x0000017619d85d10 Unloading class 0x00000000804c1c00 'java/lang/invoke/LambdaForm$MH+0x00000000804c1c00'
Event: 13.043 Thread 0x0000017619d85d10 Unloading class 0x00000000804c1800 'java/lang/invoke/LambdaForm$MH+0x00000000804c1800'
Event: 13.043 Thread 0x0000017619d85d10 Unloading class 0x00000000804c1400 'java/lang/invoke/LambdaForm$MH+0x00000000804c1400'
Event: 13.043 Thread 0x0000017619d85d10 Unloading class 0x00000000804c1000 'java/lang/invoke/LambdaForm$MH+0x00000000804c1000'
Event: 13.043 Thread 0x0000017619d85d10 Unloading class 0x00000000804c0c00 'java/lang/invoke/LambdaForm$MH+0x00000000804c0c00'
Event: 13.043 Thread 0x0000017619d85d10 Unloading class 0x00000000804c0800 'java/lang/invoke/LambdaForm$MH+0x00000000804c0800'
Event: 13.043 Thread 0x0000017619d85d10 Unloading class 0x00000000804c0400 'java/lang/invoke/LambdaForm$MH+0x00000000804c0400'
Event: 13.043 Thread 0x0000017619d85d10 Unloading class 0x00000000804c0000 'java/lang/invoke/LambdaForm$MH+0x00000000804c0000'
Event: 13.043 Thread 0x0000017619d85d10 Unloading class 0x00000000804bfc00 'java/lang/invoke/LambdaForm$MH+0x00000000804bfc00'
Event: 13.043 Thread 0x0000017619d85d10 Unloading class 0x00000000804bf800 'java/lang/invoke/LambdaForm$MH+0x00000000804bf800'
Event: 13.043 Thread 0x0000017619d85d10 Unloading class 0x00000000804bf400 'java/lang/invoke/LambdaForm$MH+0x00000000804bf400'
Event: 13.043 Thread 0x0000017619d85d10 Unloading class 0x00000000804bf000 'java/lang/invoke/LambdaForm$MH+0x00000000804bf000'
Event: 13.043 Thread 0x0000017619d85d10 Unloading class 0x00000000804be800 'java/lang/invoke/LambdaForm$MH+0x00000000804be800'
Event: 13.043 Thread 0x0000017619d85d10 Unloading class 0x00000000804be400 'java/lang/invoke/LambdaForm$MH+0x00000000804be400'
Event: 13.043 Thread 0x0000017619d85d10 Unloading class 0x00000000804be000 'java/lang/invoke/LambdaForm$MH+0x00000000804be000'
Event: 13.043 Thread 0x0000017619d85d10 Unloading class 0x00000000804bd800 'java/lang/invoke/LambdaForm$MH+0x00000000804bd800'
Event: 13.043 Thread 0x0000017619d85d10 Unloading class 0x00000000804bd400 'java/lang/invoke/LambdaForm$MH+0x00000000804bd400'
Event: 13.043 Thread 0x0000017619d85d10 Unloading class 0x00000000804bdc00 'java/lang/invoke/LambdaForm$MH+0x00000000804bdc00'
Event: 13.043 Thread 0x0000017619d85d10 Unloading class 0x00000000804bd000 'java/lang/invoke/LambdaForm$MH+0x00000000804bd000'
Event: 13.043 Thread 0x0000017619d85d10 Unloading class 0x00000000804bcc00 'java/lang/invoke/LambdaForm$MH+0x00000000804bcc00'
Event: 13.043 Thread 0x0000017619d85d10 Unloading class 0x00000000804bc400 'java/lang/invoke/LambdaForm$MH+0x00000000804bc400'
Event: 13.043 Thread 0x0000017619d85d10 Unloading class 0x00000000804bc800 'java/lang/invoke/LambdaForm$MH+0x00000000804bc800'
Event: 13.043 Thread 0x0000017619d85d10 Unloading class 0x00000000804bc000 'java/lang/invoke/LambdaForm$MH+0x00000000804bc000'
Event: 13.043 Thread 0x0000017619d85d10 Unloading class 0x00000000804bb400 'java/lang/invoke/LambdaForm$MH+0x00000000804bb400'
Event: 13.043 Thread 0x0000017619d85d10 Unloading class 0x00000000804bb800 'java/lang/invoke/LambdaForm$MH+0x00000000804bb800'
Event: 13.043 Thread 0x0000017619d85d10 Unloading class 0x00000000804bb000 'java/lang/invoke/LambdaForm$MH+0x00000000804bb000'
Event: 13.043 Thread 0x0000017619d85d10 Unloading class 0x00000000804ba400 'java/lang/invoke/LambdaForm$MH+0x00000000804ba400'
Event: 13.043 Thread 0x0000017619d85d10 Unloading class 0x00000000804ba800 'java/lang/invoke/LambdaForm$MH+0x00000000804ba800'
Event: 13.043 Thread 0x0000017619d85d10 Unloading class 0x00000000804bac00 'java/lang/invoke/LambdaForm$MH+0x00000000804bac00'
Event: 13.043 Thread 0x0000017619d85d10 Unloading class 0x00000000804ba000 'java/lang/invoke/LambdaForm$MH+0x00000000804ba000'
Event: 13.043 Thread 0x0000017619d85d10 Unloading class 0x00000000804b9c00 'java/lang/invoke/LambdaForm$MH+0x00000000804b9c00'
Event: 13.043 Thread 0x0000017619d85d10 Unloading class 0x00000000804b9400 'java/lang/invoke/LambdaForm$MH+0x00000000804b9400'
Event: 13.043 Thread 0x0000017619d85d10 Unloading class 0x00000000804b9800 'java/lang/invoke/LambdaForm$MH+0x00000000804b9800'
Event: 13.043 Thread 0x0000017619d85d10 Unloading class 0x00000000804b9000 'java/lang/invoke/LambdaForm$MH+0x00000000804b9000'
Event: 13.043 Thread 0x0000017619d85d10 Unloading class 0x00000000804b8c00 'java/lang/invoke/LambdaForm$MH+0x00000000804b8c00'
Event: 13.043 Thread 0x0000017619d85d10 Unloading class 0x00000000804b8400 'java/lang/invoke/LambdaForm$MH+0x00000000804b8400'
Event: 13.043 Thread 0x0000017619d85d10 Unloading class 0x00000000804b8000 'java/lang/invoke/LambdaForm$MH+0x00000000804b8000'
Event: 13.043 Thread 0x0000017619d85d10 Unloading class 0x00000000804b7800 'java/lang/invoke/LambdaForm$MH+0x00000000804b7800'
Event: 13.043 Thread 0x0000017619d85d10 Unloading class 0x00000000804b6c00 'java/lang/invoke/LambdaForm$MH+0x00000000804b6c00'
Event: 13.043 Thread 0x0000017619d85d10 Unloading class 0x00000000804b6400 'java/lang/invoke/LambdaForm$MH+0x00000000804b6400'
Event: 13.043 Thread 0x0000017619d85d10 Unloading class 0x00000000804b6000 'java/lang/invoke/LambdaForm$MH+0x00000000804b6000'
Event: 13.043 Thread 0x0000017619d85d10 Unloading class 0x00000000804b5c00 'java/lang/invoke/LambdaForm$MH+0x00000000804b5c00'
Event: 13.043 Thread 0x0000017619d85d10 Unloading class 0x00000000804b7c00 'java/lang/invoke/LambdaForm$MH+0x00000000804b7c00'
Event: 13.043 Thread 0x0000017619d85d10 Unloading class 0x00000000804b7400 'java/lang/invoke/LambdaForm$MH+0x00000000804b7400'
Event: 13.043 Thread 0x0000017619d85d10 Unloading class 0x00000000804b7000 'java/lang/invoke/LambdaForm$MH+0x00000000804b7000'
Event: 13.043 Thread 0x0000017619d85d10 Unloading class 0x00000000804b6800 'java/lang/invoke/LambdaForm$MH+0x00000000804b6800'
Event: 13.043 Thread 0x0000017619d85d10 Unloading class 0x00000000804b5800 'java/lang/invoke/LambdaForm$MH+0x00000000804b5800'
Event: 13.043 Thread 0x0000017619d85d10 Unloading class 0x00000000804b5000 'java/lang/invoke/LambdaForm$MH+0x00000000804b5000'
Event: 13.043 Thread 0x0000017619d85d10 Unloading class 0x00000000804b4800 'java/lang/invoke/LambdaForm$MH+0x00000000804b4800'
Event: 13.043 Thread 0x0000017619d85d10 Unloading class 0x00000000804b4000 'java/lang/invoke/LambdaForm$MH+0x00000000804b4000'
Event: 13.043 Thread 0x0000017619d85d10 Unloading class 0x00000000804b4c00 'java/lang/invoke/LambdaForm$MH+0x00000000804b4c00'
Event: 13.043 Thread 0x0000017619d85d10 Unloading class 0x00000000804b3c00 'java/lang/invoke/LambdaForm$MH+0x00000000804b3c00'
Event: 13.043 Thread 0x0000017619d85d10 Unloading class 0x00000000804b3800 'java/lang/invoke/LambdaForm$MH+0x00000000804b3800'
Event: 13.043 Thread 0x0000017619d85d10 Unloading class 0x00000000804b4400 'java/lang/invoke/LambdaForm$MH+0x00000000804b4400'
Event: 13.043 Thread 0x0000017619d85d10 Unloading class 0x00000000804b3400 'java/lang/invoke/LambdaForm$MH+0x00000000804b3400'
Event: 13.043 Thread 0x0000017619d85d10 Unloading class 0x00000000804b3000 'java/lang/invoke/LambdaForm$MH+0x00000000804b3000'
Event: 13.043 Thread 0x0000017619d85d10 Unloading class 0x00000000804b2c00 'java/lang/invoke/LambdaForm$MH+0x00000000804b2c00'
Event: 13.043 Thread 0x0000017619d85d10 Unloading class 0x00000000804b2800 'java/lang/invoke/LambdaForm$MH+0x00000000804b2800'
Event: 13.043 Thread 0x0000017619d85d10 Unloading class 0x00000000804b2400 'java/lang/invoke/LambdaForm$MH+0x00000000804b2400'
Event: 13.043 Thread 0x0000017619d85d10 Unloading class 0x00000000804b2000 'java/lang/invoke/LambdaForm$MH+0x00000000804b2000'
Event: 13.043 Thread 0x0000017619d85d10 Unloading class 0x00000000804b1800 'java/lang/invoke/LambdaForm$MH+0x00000000804b1800'
Event: 13.043 Thread 0x0000017619d85d10 Unloading class 0x00000000804b1400 'java/lang/invoke/LambdaForm$MH+0x00000000804b1400'
Event: 13.043 Thread 0x0000017619d85d10 Unloading class 0x00000000804b1000 'java/lang/invoke/LambdaForm$MH+0x00000000804b1000'
Event: 13.043 Thread 0x0000017619d85d10 Unloading class 0x00000000804b0800 'java/lang/invoke/LambdaForm$MH+0x00000000804b0800'
Event: 13.043 Thread 0x0000017619d85d10 Unloading class 0x00000000804b0400 'java/lang/invoke/LambdaForm$MH+0x00000000804b0400'
Event: 13.043 Thread 0x0000017619d85d10 Unloading class 0x00000000804af800 'java/lang/invoke/LambdaForm$MH+0x00000000804af800'
Event: 13.043 Thread 0x0000017619d85d10 Unloading class 0x00000000804af000 'java/lang/invoke/LambdaForm$MH+0x00000000804af000'
Event: 13.043 Thread 0x0000017619d85d10 Unloading class 0x00000000804ae800 'java/lang/invoke/LambdaForm$MH+0x00000000804ae800'
Event: 13.043 Thread 0x0000017619d85d10 Unloading class 0x00000000804aec00 'java/lang/invoke/LambdaForm$MH+0x00000000804aec00'
Event: 13.043 Thread 0x0000017619d85d10 Unloading class 0x00000000804b0c00 'java/lang/invoke/LambdaForm$MH+0x00000000804b0c00'
Event: 13.043 Thread 0x0000017619d85d10 Unloading class 0x00000000804b0000 'java/lang/invoke/LambdaForm$MH+0x00000000804b0000'
Event: 13.043 Thread 0x0000017619d85d10 Unloading class 0x00000000804afc00 'java/lang/invoke/LambdaForm$MH+0x00000000804afc00'
Event: 13.043 Thread 0x0000017619d85d10 Unloading class 0x00000000804af400 'java/lang/invoke/LambdaForm$MH+0x00000000804af400'
Event: 13.043 Thread 0x0000017619d85d10 Unloading class 0x00000000804ae400 'java/lang/invoke/LambdaForm$MH+0x00000000804ae400'
Event: 13.043 Thread 0x0000017619d85d10 Unloading class 0x00000000804adc00 'java/lang/invoke/LambdaForm$MH+0x00000000804adc00'
Event: 13.043 Thread 0x0000017619d85d10 Unloading class 0x00000000804ad800 'java/lang/invoke/LambdaForm$MH+0x00000000804ad800'
Event: 13.043 Thread 0x0000017619d85d10 Unloading class 0x00000000804ad000 'java/lang/invoke/LambdaForm$MH+0x00000000804ad000'
Event: 13.043 Thread 0x0000017619d85d10 Unloading class 0x00000000804ac400 'java/lang/invoke/LambdaForm$MH+0x00000000804ac400'
Event: 13.043 Thread 0x0000017619d85d10 Unloading class 0x00000000804ad400 'java/lang/invoke/LambdaForm$MH+0x00000000804ad400'
Event: 13.043 Thread 0x0000017619d85d10 Unloading class 0x00000000804ac800 'java/lang/invoke/LambdaForm$MH+0x00000000804ac800'
Event: 13.043 Thread 0x0000017619d85d10 Unloading class 0x00000000804acc00 'java/lang/invoke/LambdaForm$MH+0x00000000804acc00'
Event: 13.043 Thread 0x0000017619d85d10 Unloading class 0x00000000804ac000 'java/lang/invoke/LambdaForm$MH+0x00000000804ac000'
Event: 13.043 Thread 0x0000017619d85d10 Unloading class 0x00000000804abc00 'java/lang/invoke/LambdaForm$MH+0x00000000804abc00'
Event: 13.043 Thread 0x0000017619d85d10 Unloading class 0x00000000804ab800 'java/lang/invoke/LambdaForm$MH+0x00000000804ab800'
Event: 13.043 Thread 0x0000017619d85d10 Unloading class 0x00000000804ab400 'java/lang/invoke/LambdaForm$MH+0x00000000804ab400'
Event: 13.043 Thread 0x0000017619d85d10 Unloading class 0x00000000804ab000 'java/lang/invoke/LambdaForm$MH+0x00000000804ab000'
Event: 13.043 Thread 0x0000017619d85d10 Unloading class 0x00000000804aac00 'java/lang/invoke/LambdaForm$MH+0x00000000804aac00'
Event: 13.043 Thread 0x0000017619d85d10 Unloading class 0x00000000804aa400 'java/lang/invoke/LambdaForm$MH+0x00000000804aa400'
Event: 13.043 Thread 0x0000017619d85d10 Unloading class 0x00000000804aa000 'java/lang/invoke/LambdaForm$MH+0x00000000804aa000'
Event: 13.043 Thread 0x0000017619d85d10 Unloading class 0x00000000804a9c00 'java/lang/invoke/LambdaForm$MH+0x00000000804a9c00'
Event: 13.043 Thread 0x0000017619d85d10 Unloading class 0x00000000804a9400 'java/lang/invoke/LambdaForm$MH+0x00000000804a9400'
Event: 13.043 Thread 0x0000017619d85d10 Unloading class 0x00000000804a9800 'java/lang/invoke/LambdaForm$MH+0x00000000804a9800'
Event: 13.043 Thread 0x0000017619d85d10 Unloading class 0x00000000804a9000 'java/lang/invoke/LambdaForm$MH+0x00000000804a9000'
Event: 13.043 Thread 0x0000017619d85d10 Unloading class 0x00000000804a8c00 'java/lang/invoke/LambdaForm$MH+0x00000000804a8c00'
Event: 13.043 Thread 0x0000017619d85d10 Unloading class 0x00000000804a8400 'java/lang/invoke/LambdaForm$MH+0x00000000804a8400'
Event: 13.043 Thread 0x0000017619d85d10 Unloading class 0x00000000804a8800 'java/lang/invoke/LambdaForm$MH+0x00000000804a8800'
Event: 13.043 Thread 0x0000017619d85d10 Unloading class 0x00000000804a7c00 'java/lang/invoke/LambdaForm$MH+0x00000000804a7c00'
Event: 13.043 Thread 0x0000017619d85d10 Unloading class 0x00000000804a8000 'java/lang/invoke/LambdaForm$MH+0x00000000804a8000'
Event: 13.043 Thread 0x0000017619d85d10 Unloading class 0x00000000804a7800 'java/lang/invoke/LambdaForm$MH+0x00000000804a7800'
Event: 13.043 Thread 0x0000017619d85d10 Unloading class 0x00000000804a7400 'java/lang/invoke/LambdaForm$MH+0x00000000804a7400'
Event: 13.043 Thread 0x0000017619d85d10 Unloading class 0x00000000804a7000 'java/lang/invoke/LambdaForm$MH+0x00000000804a7000'
Event: 13.043 Thread 0x0000017619d85d10 Unloading class 0x00000000804a6c00 'java/lang/invoke/LambdaForm$MH+0x00000000804a6c00'
Event: 13.043 Thread 0x0000017619d85d10 Unloading class 0x00000000804a6800 'java/lang/invoke/LambdaForm$MH+0x00000000804a6800'
Event: 13.043 Thread 0x0000017619d85d10 Unloading class 0x00000000804a6000 'java/lang/invoke/LambdaForm$MH+0x00000000804a6000'
Event: 13.043 Thread 0x0000017619d85d10 Unloading class 0x00000000804a6400 'java/lang/invoke/LambdaForm$MH+0x00000000804a6400'
Event: 13.043 Thread 0x0000017619d85d10 Unloading class 0x00000000804a5400 'java/lang/invoke/LambdaForm$MH+0x00000000804a5400'
Event: 13.043 Thread 0x0000017619d85d10 Unloading class 0x00000000804a5c00 'java/lang/invoke/LambdaForm$MH+0x00000000804a5c00'
Event: 13.043 Thread 0x0000017619d85d10 Unloading class 0x00000000804a5000 'java/lang/invoke/LambdaForm$MH+0x00000000804a5000'
Event: 13.043 Thread 0x0000017619d85d10 Unloading class 0x00000000804a5800 'java/lang/invoke/LambdaForm$MH+0x00000000804a5800'
Event: 13.043 Thread 0x0000017619d85d10 Unloading class 0x00000000804a4800 'java/lang/invoke/LambdaForm$MH+0x00000000804a4800'
Event: 13.043 Thread 0x0000017619d85d10 Unloading class 0x00000000804a4c00 'java/lang/invoke/LambdaForm$MH+0x00000000804a4c00'
Event: 13.043 Thread 0x0000017619d85d10 Unloading class 0x00000000804a4400 'java/lang/invoke/LambdaForm$MH+0x00000000804a4400'

Classes redefined (0 events):
No events

Internal exceptions (250 events):
Event: 18.329 Thread 0x0000017619c83ba0 Exception <a 'java/lang/NoSuchMethodError'{0x0000040200529cc8}: 'double java.lang.invoke.DirectMethodHandle$Holder.invokeStaticInit(java.lang.Object, java.lang.Object, double)'> (0x0000040200529cc8) 
thrown [s\src\hotspot\share\interpreter\linkResolver.cpp, line 773]
Event: 18.332 Thread 0x0000017619c83ba0 Exception <a 'java/lang/NoSuchMethodError'{0x00000402005e26a0}: 'java.lang.Object java.lang.invoke.DirectMethodHandle$Holder.invokeStatic(java.lang.Object, java.lang.Object, int, int, int)'> (0x00000402005e26a0) 
thrown [s\src\hotspot\share\interpreter\linkResolver.cpp, line 773]
Event: 18.332 Thread 0x0000017619c83ba0 Exception <a 'java/lang/NoSuchMethodError'{0x00000402005e72b0}: 'java.lang.Object java.lang.invoke.DirectMethodHandle$Holder.invokeStaticInit(java.lang.Object, java.lang.Object, int, int, int)'> (0x00000402005e72b0) 
thrown [s\src\hotspot\share\interpreter\linkResolver.cpp, line 773]
Event: 18.333 Thread 0x0000017619c83ba0 Exception <a 'java/lang/NoSuchMethodError'{0x0000040200610b40}: 'int java.lang.invoke.DirectMethodHandle$Holder.invokeStatic(java.lang.Object, java.lang.Object, double)'> (0x0000040200610b40) 
thrown [s\src\hotspot\share\interpreter\linkResolver.cpp, line 773]
Event: 18.333 Thread 0x0000017619c83ba0 Exception <a 'java/lang/NoSuchMethodError'{0x00000402006153d8}: 'int java.lang.invoke.DirectMethodHandle$Holder.invokeStaticInit(java.lang.Object, java.lang.Object, double)'> (0x00000402006153d8) 
thrown [s\src\hotspot\share\interpreter\linkResolver.cpp, line 773]
Event: 18.333 Thread 0x0000017619c83ba0 Exception <a 'java/lang/NoSuchMethodError'{0x000004020061f168}: 'int java.lang.invoke.DirectMethodHandle$Holder.invokeStaticInit(java.lang.Object, java.lang.Object, java.lang.Object, double)'> (0x000004020061f168) 
thrown [s\src\hotspot\share\interpreter\linkResolver.cpp, line 773]
Event: 18.333 Thread 0x0000017619c83ba0 Exception <a 'java/lang/NoSuchMethodError'{0x0000040200623df8}: 'int java.lang.invoke.DirectMethodHandle$Holder.invokeStaticInit(java.lang.Object, java.lang.Object, java.lang.Object, int)'> (0x0000040200623df8) 
thrown [s\src\hotspot\share\interpreter\linkResolver.cpp, line 773]
Event: 18.333 Thread 0x0000017619c83ba0 Exception <a 'java/lang/NoSuchMethodError'{0x000004020062ab68}: 'java.lang.Object java.lang.invoke.DirectMethodHandle$Holder.invokeStatic(java.lang.Object, java.lang.Object, double, double)'> (0x000004020062ab68) 
thrown [s\src\hotspot\share\interpreter\linkResolver.cpp, line 773]
Event: 18.333 Thread 0x0000017619c83ba0 Exception <a 'java/lang/NoSuchMethodError'{0x000004020062f700}: 'java.lang.Object java.lang.invoke.DirectMethodHandle$Holder.invokeStaticInit(java.lang.Object, java.lang.Object, double, double)'> (0x000004020062f700) 
thrown [s\src\hotspot\share\interpreter\linkResolver.cpp, line 773]
Event: 18.334 Thread 0x0000017619c83ba0 Exception <a 'java/lang/NoSuchMethodError'{0x000004020066e508}: 'long java.lang.invoke.DirectMethodHandle$Holder.invokeStatic(java.lang.Object, java.lang.Object, long)'> (0x000004020066e508) 
thrown [s\src\hotspot\share\interpreter\linkResolver.cpp, line 773]
Event: 18.334 Thread 0x0000017619c83ba0 Exception <a 'java/lang/NoSuchMethodError'{0x00000402006730a0}: 'long java.lang.invoke.DirectMethodHandle$Holder.invokeStaticInit(java.lang.Object, java.lang.Object, long)'> (0x00000402006730a0) 
thrown [s\src\hotspot\share\interpreter\linkResolver.cpp, line 773]
Event: 18.334 Thread 0x0000017619c83ba0 Exception <a 'java/lang/NoSuchMethodError'{0x000004020067db10}: 'double java.lang.invoke.DirectMethodHandle$Holder.invokeStaticInit(java.lang.Object, java.lang.Object, double, double)'> (0x000004020067db10) 
thrown [s\src\hotspot\share\interpreter\linkResolver.cpp, line 773]
Event: 18.335 Thread 0x0000017619c83ba0 Exception <a 'java/lang/NoSuchMethodError'{0x0000040200685738}: 'int java.lang.invoke.DirectMethodHandle$Holder.invokeStatic(java.lang.Object, java.lang.Object, int, int)'> (0x0000040200685738) 
thrown [s\src\hotspot\share\interpreter\linkResolver.cpp, line 773]
Event: 18.335 Thread 0x0000017619c83ba0 Exception <a 'java/lang/NoSuchMethodError'{0x000004020068a068}: 'int java.lang.invoke.DirectMethodHandle$Holder.invokeStaticInit(java.lang.Object, java.lang.Object, int, int)'> (0x000004020068a068) 
thrown [s\src\hotspot\share\interpreter\linkResolver.cpp, line 773]
Event: 18.335 Thread 0x0000017619c83ba0 Exception <a 'java/lang/NoSuchMethodError'{0x000004020068ec60}: 'long java.lang.invoke.DirectMethodHandle$Holder.invokeStatic(java.lang.Object, java.lang.Object, long, long)'> (0x000004020068ec60) 
thrown [s\src\hotspot\share\interpreter\linkResolver.cpp, line 773]
Event: 18.335 Thread 0x0000017619c83ba0 Exception <a 'java/lang/NoSuchMethodError'{0x00000402006938a8}: 'long java.lang.invoke.DirectMethodHandle$Holder.invokeStaticInit(java.lang.Object, java.lang.Object, long, long)'> (0x00000402006938a8) 
thrown [s\src\hotspot\share\interpreter\linkResolver.cpp, line 773]
Event: 18.336 Thread 0x0000017619c83ba0 Exception <a 'java/lang/NoSuchMethodError'{0x00000402006ba798}: 'java.lang.Object java.lang.invoke.DirectMethodHandle$Holder.invokeStatic(java.lang.Object, java.lang.Object, java.lang.Object, java.lang.Object, java.lang.Object, int, java.lang.Object, java.lang.Object)'> (0x00000402006ba798) 
thrown [s\src\hotspot\share\interpreter\linkResolver.cpp, line 773]
Event: 18.338 Thread 0x0000017619c83ba0 Exception <a 'java/lang/NoSuchMethodError'{0x0000040200739338}: 'void java.lang.invoke.DirectMethodHandle$Holder.invokeSpecial(java.lang.Object, java.lang.Object, int, java.lang.Object)'> (0x0000040200739338) 
thrown [s\src\hotspot\share\interpreter\linkResolver.cpp, line 773]
Event: 18.340 Thread 0x0000017619c83ba0 Exception <a 'java/lang/NoSuchMethodError'{0x000004020077bd70}: 'java.lang.Object java.lang.invoke.DirectMethodHandle$Holder.invokeSpecial(java.lang.Object, java.lang.Object, java.lang.Object, int, java.lang.Object, java.lang.Object, java.lang.Object)'> (0x000004020077bd70) 
thrown [s\src\hotspot\share\interpreter\linkResolver.cpp, line 773]
Event: 18.340 Thread 0x0000017619c83ba0 Exception <a 'java/lang/NoSuchMethodError'{0x0000040200780aa0}: 'java.lang.Object java.lang.invoke.Invokers$Holder.linkToTargetMethod(java.lang.Object, int, java.lang.Object, java.lang.Object, java.lang.Object, java.lang.Object)'> (0x0000040200780aa0) 
thrown [s\src\hotspot\share\interpreter\linkResolver.cpp, line 773]
Event: 18.398 Thread 0x0000017619c83ba0 Exception <a 'java/lang/NoSuchMethodError'{0x00000402028f3090}: 'java.lang.Object java.lang.invoke.DirectMethodHandle$Holder.invokeStatic(java.lang.Object, float, float, float)'> (0x00000402028f3090) 
thrown [s\src\hotspot\share\interpreter\linkResolver.cpp, line 773]
Event: 18.398 Thread 0x0000017619c83ba0 Exception <a 'java/lang/NoSuchMethodError'{0x00000402028f74e0}: 'java.lang.Object java.lang.invoke.DirectMethodHandle$Holder.invokeStaticInit(java.lang.Object, float, float, float)'> (0x00000402028f74e0) 
thrown [s\src\hotspot\share\interpreter\linkResolver.cpp, line 773]
Event: 18.399 Thread 0x0000017619c83ba0 Exception <a 'java/lang/NoSuchMethodError'{0x00000402029058d8}: 'java.lang.Object java.lang.invoke.DirectMethodHandle$Holder.invokeStatic(java.lang.Object, double, double, double)'> (0x00000402029058d8) 
thrown [s\src\hotspot\share\interpreter\linkResolver.cpp, line 773]
Event: 18.399 Thread 0x0000017619c83ba0 Exception <a 'java/lang/NoSuchMethodError'{0x0000040202909d30}: 'java.lang.Object java.lang.invoke.DirectMethodHandle$Holder.invokeStaticInit(java.lang.Object, double, double, double)'> (0x0000040202909d30) 
thrown [s\src\hotspot\share\interpreter\linkResolver.cpp, line 773]
Event: 18.399 Thread 0x0000017619c83ba0 Exception <a 'java/lang/NoSuchMethodError'{0x0000040202946de8}: 'java.lang.Object java.lang.invoke.DirectMethodHandle$Holder.invokeStaticInit(java.lang.Object, java.lang.Object, float, java.lang.Object, int, int, float)'> (0x0000040202946de8) 
thrown [s\src\hotspot\share\interpreter\linkResolver.cpp, line 773]
Event: 18.403 Thread 0x0000017619c83ba0 Exception <a 'java/lang/IncompatibleClassChangeError'{0x00000402029d7be0}: Found class java.lang.Object, but interface was expected> (0x00000402029d7be0) 
thrown [s\src\hotspot\share\interpreter\linkResolver.cpp, line 840]
Event: 18.403 Thread 0x0000017619c83ba0 Exception <a 'java/lang/IncompatibleClassChangeError'{0x00000402029daf48}: Found class java.lang.Object, but interface was expected> (0x00000402029daf48) 
thrown [s\src\hotspot\share\interpreter\linkResolver.cpp, line 840]
Event: 18.410 Thread 0x0000017619c83ba0 Exception <a 'java/lang/NoSuchMethodError'{0x0000040202d685e8}: 'void java.lang.invoke.DirectMethodHandle$Holder.invokeStatic(java.lang.Object, int, int, java.lang.Object)'> (0x0000040202d685e8) 
thrown [s\src\hotspot\share\interpreter\linkResolver.cpp, line 773]
Event: 18.427 Thread 0x0000017a36c286f0 Exception <a 'sun/nio/fs/WindowsException'{0x000004013d3725a0}> (0x000004013d3725a0) 
thrown [s\src\hotspot\share\prims\jni.cpp, line 520]
Event: 18.430 Thread 0x0000017619c83ba0 Exception <a 'java/lang/UnsatisfiedLinkError'{0x0000040203485988}: The specified procedure could not be found.
> (0x0000040203485988) 
thrown [s\src\hotspot\share\prims\jni.cpp, line 539]
Event: 18.440 Thread 0x0000017619c83ba0 Implicit null exception at 0x00000176261ef824 to 0x00000176261efb6c
Event: 18.643 Thread 0x0000017619c83ba0 Exception <a 'java/lang/NoSuchMethodError'{0x0000040211c7cce8}: 'void java.lang.invoke.DirectMethodHandle$Holder.invokeStaticInit(java.lang.Object, java.lang.Object, java.lang.Object, java.lang.Object, int, int)'> (0x0000040211c7cce8) 
thrown [s\src\hotspot\share\interpreter\linkResolver.cpp, line 773]
Event: 18.654 Thread 0x0000017619c83ba0 Exception <a 'java/lang/IncompatibleClassChangeError'{0x00000402124b33f8}: Found class java.lang.Object, but interface was expected> (0x00000402124b33f8) 
thrown [s\src\hotspot\share\interpreter\linkResolver.cpp, line 840]
Event: 18.654 Thread 0x0000017619c83ba0 Exception <a 'java/lang/IncompatibleClassChangeError'{0x00000402124b6598}: Found class java.lang.Object, but interface was expected> (0x00000402124b6598) 
thrown [s\src\hotspot\share\interpreter\linkResolver.cpp, line 840]
Event: 18.662 Thread 0x0000017619c83ba0 Exception <a 'java/lang/IncompatibleClassChangeError'{0x0000040212e37620}: Found class java.lang.Object, but interface was expected> (0x0000040212e37620) 
thrown [s\src\hotspot\share\interpreter\linkResolver.cpp, line 840]
Event: 18.662 Thread 0x0000017619c83ba0 Exception <a 'java/lang/IncompatibleClassChangeError'{0x0000040212e48468}: Found class java.lang.Object, but interface was expected> (0x0000040212e48468) 
thrown [s\src\hotspot\share\interpreter\linkResolver.cpp, line 840]
Event: 18.673 Thread 0x0000017a36c286f0 Exception <a 'java/lang/NoSuchMethodError'{0x000004013d3a8c30}: 'java.lang.Object java.lang.invoke.DirectMethodHandle$Holder.newInvokeSpecial(java.lang.Object, java.lang.Object, java.lang.Object, java.lang.Object, int, java.lang.Object)'> (0x000004013d3a8c30) 
thrown [s\src\hotspot\share\interpreter\linkResolver.cpp, line 773]
Event: 18.674 Thread 0x0000017a36c286f0 Exception <a 'java/lang/NoSuchMethodError'{0x000004013d3adbd0}: 'java.lang.Object java.lang.invoke.DirectMethodHandle$Holder.invokeSpecial(java.lang.Object, java.lang.Object, java.lang.Object, java.lang.Object, java.lang.Object, int, java.lang.Object)'> (0x000004013d3adbd0) 
thrown [s\src\hotspot\share\interpreter\linkResolver.cpp, line 773]
Event: 18.674 Thread 0x0000017a301cd6d0 Exception <a 'java/lang/NoSuchMethodError'{0x000004006eb45580}: 'java.lang.Object java.lang.invoke.DirectMethodHandle$Holder.invokeSpecial(java.lang.Object, java.lang.Object, java.lang.Object, java.lang.Object, java.lang.Object, int, java.lang.Object)'> (0x000004006eb45580) 
thrown [s\src\hotspot\share\interpreter\linkResolver.cpp, line 773]
Event: 18.674 Thread 0x0000017a36c286f0 Exception <a 'java/lang/NoSuchMethodError'{0x000004013d3b2030}: 'java.lang.Object java.lang.invoke.Invokers$Holder.linkToTargetMethod(java.lang.Object, java.lang.Object, java.lang.Object, int, java.lang.Object, java.lang.Object)'> (0x000004013d3b2030) 
thrown [s\src\hotspot\share\interpreter\linkResolver.cpp, line 773]
Event: 18.674 Thread 0x0000017a8f927fb0 Exception <a 'java/lang/NoSuchMethodError'{0x000004013d3c4530}: 'java.lang.Object java.lang.invoke.Invokers$Holder.linkToTargetMethod(java.lang.Object, java.lang.Object, java.lang.Object, int, java.lang.Object, java.lang.Object)'> (0x000004013d3c4530) 
thrown [s\src\hotspot\share\interpreter\linkResolver.cpp, line 773]
Event: 18.674 Thread 0x0000017a301cd6d0 Exception <a 'java/lang/NoSuchMethodError'{0x000004006eb49970}: 'java.lang.Object java.lang.invoke.Invokers$Holder.linkToTargetMethod(java.lang.Object, java.lang.Object, java.lang.Object, int, java.lang.Object, java.lang.Object)'> (0x000004006eb49970) 
thrown [s\src\hotspot\share\interpreter\linkResolver.cpp, line 773]
Event: 18.676 Thread 0x0000017a8f92a080 Exception <a 'java/lang/IllegalArgumentException'{0x0000040213e87f60}: Wrong type at constant pool index> (0x0000040213e87f60) 
thrown [s\src\hotspot\share\prims\jvm.cpp, line 2168]
Event: 18.676 Thread 0x0000017a8f92a080 Exception <a 'java/lang/IllegalArgumentException'{0x0000040213e88a20}: Wrong type at constant pool index> (0x0000040213e88a20) 
thrown [s\src\hotspot\share\prims\jvm.cpp, line 2168]
Event: 18.677 Thread 0x0000017a8f92a080 Exception <a 'java/lang/IllegalArgumentException'{0x0000040213e8ce18}: Wrong type at constant pool index> (0x0000040213e8ce18) 
thrown [s\src\hotspot\share\prims\jvm.cpp, line 2168]
Event: 18.677 Thread 0x0000017a8f92a080 Exception <a 'java/lang/IllegalArgumentException'{0x0000040213e8d8d8}: Wrong type at constant pool index> (0x0000040213e8d8d8) 
thrown [s\src\hotspot\share\prims\jvm.cpp, line 2168]
Event: 18.677 Thread 0x0000017a8f92a080 Exception <a 'java/lang/IllegalArgumentException'{0x0000040213e91f80}: Wrong type at constant pool index> (0x0000040213e91f80) 
thrown [s\src\hotspot\share\prims\jvm.cpp, line 2168]
Event: 18.677 Thread 0x0000017a8f92a080 Exception <a 'java/lang/IllegalArgumentException'{0x0000040213e92a40}: Wrong type at constant pool index> (0x0000040213e92a40) 
thrown [s\src\hotspot\share\prims\jvm.cpp, line 2168]
Event: 18.678 Thread 0x0000017a8f92a080 Exception <a 'java/lang/IllegalArgumentException'{0x0000040213ea7740}: Wrong type at constant pool index> (0x0000040213ea7740) 
thrown [s\src\hotspot\share\prims\jvm.cpp, line 2168]
Event: 18.678 Thread 0x0000017a8f92a080 Exception <a 'java/lang/IllegalArgumentException'{0x0000040213ea8200}: Wrong type at constant pool index> (0x0000040213ea8200) 
thrown [s\src\hotspot\share\prims\jvm.cpp, line 2168]
Event: 18.678 Thread 0x0000017a8f92a080 Exception <a 'java/lang/IllegalArgumentException'{0x0000040213eac708}: Wrong type at constant pool index> (0x0000040213eac708) 
thrown [s\src\hotspot\share\prims\jvm.cpp, line 2168]
Event: 18.678 Thread 0x0000017a8f92a080 Exception <a 'java/lang/IllegalArgumentException'{0x0000040213ead1c8}: Wrong type at constant pool index> (0x0000040213ead1c8) 
thrown [s\src\hotspot\share\prims\jvm.cpp, line 2168]
Event: 18.679 Thread 0x0000017a8f92a080 Exception <a 'java/lang/IllegalArgumentException'{0x0000040213eb34b0}: Wrong type at constant pool index> (0x0000040213eb34b0) 
thrown [s\src\hotspot\share\prims\jvm.cpp, line 2168]
Event: 18.679 Thread 0x0000017a8f92a080 Exception <a 'java/lang/IllegalArgumentException'{0x0000040213eb3f70}: Wrong type at constant pool index> (0x0000040213eb3f70) 
thrown [s\src\hotspot\share\prims\jvm.cpp, line 2168]
Event: 18.690 Thread 0x0000017a8f92b430 Exception <a 'sun/nio/fs/WindowsException'{0x00000401c3d3f6a8}> (0x00000401c3d3f6a8) 
thrown [s\src\hotspot\share\prims\jni.cpp, line 520]
Event: 18.695 Thread 0x0000017a36c286f0 Exception <a 'java/lang/NoSuchMethodError'{0x0000040213dcf630}: 'float java.lang.invoke.DirectMethodHandle$Holder.invokeInterface(java.lang.Object, java.lang.Object)'> (0x0000040213dcf630) 
thrown [s\src\hotspot\share\interpreter\linkResolver.cpp, line 773]
Event: 18.695 Thread 0x0000017a8f926c00 Exception <a 'java/lang/NoSuchMethodError'{0x000004017978def8}: 'java.lang.Object java.lang.invoke.DirectMethodHandle$Holder.invokeSpecialIFC(java.lang.Object, java.lang.Object, java.lang.Object, java.lang.Object, java.lang.Object, java.lang.Object, java.lang.Object, java.lang.Object, java.lang.Object, java.lang.Object)'> (0x000004017978def8) 
thrown [s\src\hotspot\share\interpreter\linkResolver.cpp, line 773]
Event: 18.698 Thread 0x0000017a8f92b430 Exception <a 'java/lang/NoSuchMethodError'{0x000004021609ce50}: 'java.lang.Object java.lang.invoke.DirectMethodHandle$Holder.invokeSpecial(java.lang.Object, java.lang.Object, int, int, int)'> (0x000004021609ce50) 
thrown [s\src\hotspot\share\interpreter\linkResolver.cpp, line 773]
Event: 18.724 Thread 0x0000017a8f929360 Implicit null exception at 0x0000017626ba1c4a to 0x0000017626ba1cf0
Event: 18.725 Thread 0x0000017a8f92a080 Exception <a 'java/lang/NoSuchMethodError'{0x0000040219a91028}: 'java.lang.Object java.lang.invoke.DirectMethodHandle$Holder.newInvokeSpecial(java.lang.Object, java.lang.Object, int, int, java.lang.Object)'> (0x0000040219a91028) 
thrown [s\src\hotspot\share\interpreter\linkResolver.cpp, line 773]
Event: 18.726 Thread 0x0000017a8f925ee0 Exception <a 'java/lang/IllegalArgumentException'{0x000004021a8433d8}: Wrong type at constant pool index> (0x000004021a8433d8) 
thrown [s\src\hotspot\share\prims\jvm.cpp, line 2168]
Event: 18.726 Thread 0x0000017a8f925ee0 Exception <a 'java/lang/IllegalArgumentException'{0x000004021a843b50}: Wrong type at constant pool index> (0x000004021a843b50) 
thrown [s\src\hotspot\share\prims\jvm.cpp, line 2168]
Event: 18.731 Thread 0x0000017a8f925ee0 Exception <a 'java/lang/IllegalArgumentException'{0x000004021a8c6718}: Wrong type at constant pool index> (0x000004021a8c6718) 
thrown [s\src\hotspot\share\prims\jvm.cpp, line 2168]
Event: 18.731 Thread 0x0000017a8f925ee0 Exception <a 'java/lang/IllegalArgumentException'{0x000004021a8c71d8}: Wrong type at constant pool index> (0x000004021a8c71d8) 
thrown [s\src\hotspot\share\prims\jvm.cpp, line 2168]
Event: 18.732 Thread 0x0000017a8f927920 Exception <a 'sun/nio/fs/WindowsException'{0x000004021a900430}> (0x000004021a900430) 
thrown [s\src\hotspot\share\prims\jni.cpp, line 520]
Event: 18.734 Thread 0x0000017a8f925ee0 Exception <a 'java/lang/NoSuchMethodError'{0x000004021a1d5380}: 'java.lang.Object java.lang.invoke.DirectMethodHandle$Holder.invokeSpecial(java.lang.Object, java.lang.Object, java.lang.Object, int, int, int)'> (0x000004021a1d5380) 
thrown [s\src\hotspot\share\interpreter\linkResolver.cpp, line 773]
Event: 18.734 Thread 0x0000017a8f925ee0 Exception <a 'java/lang/NoSuchMethodError'{0x000004021a1d9598}: 'java.lang.Object java.lang.invoke.Invokers$Holder.linkToTargetMethod(java.lang.Object, int, int, int, java.lang.Object)'> (0x000004021a1d9598) 
thrown [s\src\hotspot\share\interpreter\linkResolver.cpp, line 773]
Event: 18.749 Thread 0x0000017a8f92a080 Exception <a 'java/lang/NoSuchMethodError'{0x000004021ce319a8}: 'void java.lang.invoke.DirectMethodHandle$Holder.invokeSpecial(java.lang.Object, java.lang.Object, java.lang.Object, java.lang.Object, java.lang.Object, java.lang.Object, java.lang.Object, java.lang.Object)'> (0x000004021ce319a8) 
thrown [s\src\hotspot\share\interpreter\linkResolver.cpp, line 773]
Event: 18.749 Thread 0x0000017a8f927290 Exception <a 'java/lang/NoSuchMethodError'{0x0000040219497a18}: 'void java.lang.invoke.DirectMethodHandle$Holder.invokeSpecial(java.lang.Object, java.lang.Object, java.lang.Object, java.lang.Object, java.lang.Object, java.lang.Object, java.lang.Object, java.lang.Object)'> (0x0000040219497a18) 
thrown [s\src\hotspot\share\interpreter\linkResolver.cpp, line 773]
Event: 18.772 Thread 0x0000017a8f928cd0 Exception <a 'java/lang/IllegalArgumentException'{0x000004021e36f4d8}: Wrong type at constant pool index> (0x000004021e36f4d8) 
thrown [s\src\hotspot\share\prims\jvm.cpp, line 2168]
Event: 18.772 Thread 0x0000017a8f928cd0 Exception <a 'java/lang/IllegalArgumentException'{0x000004021e36fc50}: Wrong type at constant pool index> (0x000004021e36fc50) 
thrown [s\src\hotspot\share\prims\jvm.cpp, line 2168]
Event: 18.794 Thread 0x0000017a301cd6d0 Exception <a 'java/lang/NoSuchMethodError'{0x00000402229f3c90}: 'java.lang.Object java.lang.invoke.DirectMethodHandle$Holder.invokeSpecial(java.lang.Object, java.lang.Object, java.lang.Object, java.lang.Object, int, int)'> (0x00000402229f3c90) 
thrown [s\src\hotspot\share\interpreter\linkResolver.cpp, line 773]
Event: 18.794 Thread 0x0000017a301cd6d0 Exception <a 'java/lang/NoSuchMethodError'{0x00000402229f81f8}: 'java.lang.Object java.lang.invoke.Invokers$Holder.linkToTargetMethod(java.lang.Object, java.lang.Object, int, int, java.lang.Object)'> (0x00000402229f81f8) 
thrown [s\src\hotspot\share\interpreter\linkResolver.cpp, line 773]
Event: 18.798 Thread 0x0000017a301cd6d0 Exception <a 'java/lang/NoSuchMethodError'{0x0000040225000788}: 'void java.lang.invoke.DirectMethodHandle$Holder.invokeStatic(java.lang.Object, int, java.lang.Object)'> (0x0000040225000788) 
thrown [s\src\hotspot\share\interpreter\linkResolver.cpp, line 773]
Event: 18.861 Thread 0x0000017619c83ba0 Exception <a 'java/lang/NoSuchMethodError'{0x000004022d268898}: 'void java.lang.invoke.DirectMethodHandle$Holder.invokeStaticInit(java.lang.Object, java.lang.Object, int, int, float)'> (0x000004022d268898) 
thrown [s\src\hotspot\share\interpreter\linkResolver.cpp, line 773]
Event: 18.897 Thread 0x0000017a8f927fb0 Exception <a 'java/lang/NoSuchMethodError'{0x0000040234951f80}: 'java.lang.Object java.lang.invoke.DirectMethodHandle$Holder.invokeSpecialIFC(java.lang.Object, java.lang.Object, java.lang.Object, java.lang.Object, java.lang.Object, java.lang.Object, java.lang.Object, java.lang.Object, java.lang.Object)'> (0x0000040234951f80) 
thrown [s\src\hotspot\share\interpreter\linkResolver.cpp, line 773]
Event: 19.181 Thread 0x0000017a8f925850 Exception <a 'java/lang/IncompatibleClassChangeError'{0x0000040286fab400}: Found class java.lang.Object, but interface was expected> (0x0000040286fab400) 
thrown [s\src\hotspot\share\interpreter\linkResolver.cpp, line 840]
Event: 19.184 Thread 0x0000017a8f927290 Exception <a 'java/lang/IncompatibleClassChangeError'{0x0000040287aa9b10}: Found class java.lang.Object, but interface was expected> (0x0000040287aa9b10) 
thrown [s\src\hotspot\share\interpreter\linkResolver.cpp, line 840]
Event: 19.184 Thread 0x0000017a8f92a080 Exception <a 'java/lang/IncompatibleClassChangeError'{0x000004028828be50}: Found class java.lang.Object, but interface was expected> (0x000004028828be50) 
thrown [s\src\hotspot\share\interpreter\linkResolver.cpp, line 840]
Event: 19.184 Thread 0x0000017a8f926c00 Exception <a 'java/lang/IncompatibleClassChangeError'{0x000004028843a6b0}: Found class java.lang.Object, but interface was expected> (0x000004028843a6b0) 
thrown [s\src\hotspot\share\interpreter\linkResolver.cpp, line 840]
Event: 19.184 Thread 0x0000017a301cd6d0 Exception <a 'java/lang/IncompatibleClassChangeError'{0x00000402876ad080}: Found class java.lang.Object, but interface was expected> (0x00000402876ad080) 
thrown [s\src\hotspot\share\interpreter\linkResolver.cpp, line 840]
Event: 19.184 Thread 0x0000017a8f925850 Exception <a 'java/lang/IncompatibleClassChangeError'{0x0000040286fce220}: Found class java.lang.Object, but interface was expected> (0x0000040286fce220) 
thrown [s\src\hotspot\share\interpreter\linkResolver.cpp, line 840]
Event: 19.184 Thread 0x0000017a8f925ee0 Exception <a 'java/lang/IncompatibleClassChangeError'{0x00000402867a3000}: Found class java.lang.Object, but interface was expected> (0x00000402867a3000) 
thrown [s\src\hotspot\share\interpreter\linkResolver.cpp, line 840]
Event: 19.184 Thread 0x0000017a8f92ada0 Exception <a 'java/lang/IncompatibleClassChangeError'{0x000004028749a3d0}: Found class java.lang.Object, but interface was expected> (0x000004028749a3d0) 
thrown [s\src\hotspot\share\interpreter\linkResolver.cpp, line 840]
Event: 19.184 Thread 0x0000017a8f928640 Exception <a 'java/lang/IncompatibleClassChangeError'{0x00000402871184a0}: Found class java.lang.Object, but interface was expected> (0x00000402871184a0) 
thrown [s\src\hotspot\share\interpreter\linkResolver.cpp, line 840]
Event: 19.184 Thread 0x0000017a8f928cd0 Exception <a 'java/lang/IncompatibleClassChangeError'{0x0000040287c73e70}: Found class java.lang.Object, but interface was expected> (0x0000040287c73e70) 
thrown [s\src\hotspot\share\interpreter\linkResolver.cpp, line 840]
Event: 19.184 Thread 0x0000017a8f92b430 Exception <a 'java/lang/IncompatibleClassChangeError'{0x00000402878bd590}: Found class java.lang.Object, but interface was expected> (0x00000402878bd590) 
thrown [s\src\hotspot\share\interpreter\linkResolver.cpp, line 840]
Event: 19.184 Thread 0x0000017a8f927fb0 Exception <a 'java/lang/IncompatibleClassChangeError'{0x00000402863a8dd0}: Found class java.lang.Object, but interface was expected> (0x00000402863a8dd0) 
thrown [s\src\hotspot\share\interpreter\linkResolver.cpp, line 840]
Event: 19.184 Thread 0x0000017a8f92a710 Exception <a 'java/lang/IncompatibleClassChangeError'{0x00000402872f7748}: Found class java.lang.Object, but interface was expected> (0x00000402872f7748) 
thrown [s\src\hotspot\share\interpreter\linkResolver.cpp, line 840]
Event: 19.184 Thread 0x0000017a8f9251c0 Exception <a 'java/lang/IncompatibleClassChangeError'{0x0000040288c0cca8}: Found class java.lang.Object, but interface was expected> (0x0000040288c0cca8) 
thrown [s\src\hotspot\share\interpreter\linkResolver.cpp, line 840]
Event: 19.203 Thread 0x0000017619c83ba0 Exception <a 'java/lang/NoSuchMethodError'{0x000004028cae8080}: 'java.lang.Object java.lang.invoke.DirectMethodHandle$Holder.invokeStatic(java.lang.Object, java.lang.Object, int, java.lang.Object, java.lang.Object, java.lang.Object)'> (0x000004028cae8080) 
thrown [s\src\hotspot\share\interpreter\linkResolver.cpp, line 773]
Event: 19.208 Thread 0x0000017619c83ba0 Exception <a 'java/lang/NoSuchMethodError'{0x000004028cb47b30}: 'java.lang.Object java.lang.invoke.Invokers$Holder.linkToTargetMethod(java.lang.Object, java.lang.Object, java.lang.Object, int, int, int, java.lang.Object)'> (0x000004028cb47b30) 
thrown [s\src\hotspot\share\interpreter\linkResolver.cpp, line 773]
Event: 19.210 Thread 0x0000017619c83ba0 Exception <a 'java/lang/NoSuchMethodError'{0x000004028cb80ac8}: 'java.lang.Object java.lang.invoke.DirectMethodHandle$Holder.newInvokeSpecial(java.lang.Object, java.lang.Object, java.lang.Object, java.lang.Object, java.lang.Object, float)'> (0x000004028cb80ac8) 
thrown [s\src\hotspot\share\interpreter\linkResolver.cpp, line 773]
Event: 19.210 Thread 0x0000017619c83ba0 Exception <a 'java/lang/NoSuchMethodError'{0x000004028cb86220}: 'java.lang.Object java.lang.invoke.DirectMethodHandle$Holder.invokeSpecial(java.lang.Object, java.lang.Object, java.lang.Object, java.lang.Object, java.lang.Object, java.lang.Object, float)'> (0x000004028cb86220) 
thrown [s\src\hotspot\share\interpreter\linkResolver.cpp, line 773]
Event: 19.223 Thread 0x0000017619c83ba0 Exception <a 'java/lang/NoSuchMethodError'{0x0000040291b25bf8}: 'java.lang.Object java.lang.invoke.DirectMethodHandle$Holder.newInvokeSpecial(java.lang.Object, java.lang.Object, java.lang.Object, java.lang.Object, java.lang.Object, int, int, int)'> (0x0000040291b25bf8) 
thrown [s\src\hotspot\share\interpreter\linkResolver.cpp, line 773]
Event: 19.223 Thread 0x0000017619c83ba0 Exception <a 'java/lang/NoSuchMethodError'{0x0000040291b2f558}: 'java.lang.Object java.lang.invoke.Invokers$Holder.linkToTargetMethod(java.lang.Object, java.lang.Object, java.lang.Object, java.lang.Object, int, int, int, java.lang.Object)'> (0x0000040291b2f558) 
thrown [s\src\hotspot\share\interpreter\linkResolver.cpp, line 773]
Event: 19.245 Thread 0x0000017619c83ba0 Exception <a 'java/lang/NoSuchMethodError'{0x000004029b26b808}: 'java.lang.Object java.lang.invoke.DirectMethodHandle$Holder.invokeSpecial(java.lang.Object, java.lang.Object, java.lang.Object, java.lang.Object, java.lang.Object, java.lang.Object, int)'> (0x000004029b26b808) 
thrown [s\src\hotspot\share\interpreter\linkResolver.cpp, line 773]
Event: 19.245 Thread 0x0000017619c83ba0 Exception <a 'java/lang/NoSuchMethodError'{0x000004029b26fc68}: 'java.lang.Object java.lang.invoke.Invokers$Holder.linkToTargetMethod(java.lang.Object, java.lang.Object, java.lang.Object, java.lang.Object, int, java.lang.Object)'> (0x000004029b26fc68) 
thrown [s\src\hotspot\share\interpreter\linkResolver.cpp, line 773]
Event: 20.114 Thread 0x0000017619c83ba0 Exception <a 'java/lang/NoSuchMethodError'{0x00000403a53bd340}: 'java.lang.Object java.lang.invoke.DirectMethodHandle$Holder.invokeStatic(java.lang.Object, float, float, float, float)'> (0x00000403a53bd340) 
thrown [s\src\hotspot\share\interpreter\linkResolver.cpp, line 773]
Event: 20.114 Thread 0x0000017619c83ba0 Exception <a 'java/lang/NoSuchMethodError'{0x00000403a53c1de8}: 'java.lang.Object java.lang.invoke.DirectMethodHandle$Holder.invokeStaticInit(java.lang.Object, float, float, float, float)'> (0x00000403a53c1de8) 
thrown [s\src\hotspot\share\interpreter\linkResolver.cpp, line 773]
Event: 20.114 Thread 0x0000017619c83ba0 Exception <a 'java/lang/NoSuchMethodError'{0x00000403a53c93f8}: 'java.lang.Object java.lang.invoke.DirectMethodHandle$Holder.invokeSpecial(java.lang.Object, java.lang.Object, float, float, float)'> (0x00000403a53c93f8) 
thrown [s\src\hotspot\share\interpreter\linkResolver.cpp, line 773]
Event: 20.115 Thread 0x0000017619c83ba0 Exception <a 'java/lang/NoSuchMethodError'{0x00000403a53d6ee0}: 'java.lang.Object java.lang.invoke.DirectMethodHandle$Holder.invokeStatic(java.lang.Object, float, float, float, float, float)'> (0x00000403a53d6ee0) 
thrown [s\src\hotspot\share\interpreter\linkResolver.cpp, line 773]
Event: 20.115 Thread 0x0000017619c83ba0 Exception <a 'java/lang/NoSuchMethodError'{0x00000403a53db3e8}: 'java.lang.Object java.lang.invoke.DirectMethodHandle$Holder.invokeStaticInit(java.lang.Object, float, float, float, float, float)'> (0x00000403a53db3e8) 
thrown [s\src\hotspot\share\interpreter\linkResolver.cpp, line 773]
Event: 20.122 Thread 0x0000017619c83ba0 Exception <a 'java/lang/NoSuchMethodError'{0x00000403a5f9ff28}: 'java.lang.Object java.lang.invoke.DirectMethodHandle$Holder.invokeSpecial(java.lang.Object, java.lang.Object, java.lang.Object, java.lang.Object, java.lang.Object, java.lang.Object, int, int, int, java.lang.Object, java.lang.Object)'> (0x00000403a5f9ff28) 
thrown [s\src\hotspot\share\interpreter\linkResolver.cpp, line 773]
Event: 20.122 Thread 0x0000017619c83ba0 Exception <a 'java/lang/NoSuchMethodError'{0x00000403a5fa4b38}: 'java.lang.Object java.lang.invoke.Invokers$Holder.linkToTargetMethod(java.lang.Object, java.lang.Object, java.lang.Object, java.lang.Object, int, int, int, java.lang.Object, java.lang.Object, java.lang.Object)'> (0x00000403a5fa4b38) 
thrown [s\src\hotspot\share\interpreter\linkResolver.cpp, line 773]
Event: 20.127 Thread 0x0000017619c83ba0 Exception <a 'java/lang/NoSuchMethodError'{0x00000403a6c96348}: 'void java.lang.invoke.DirectMethodHandle$Holder.invokeStatic(java.lang.Object, java.lang.Object, java.lang.Object, java.lang.Object, java.lang.Object, java.lang.Object, java.lang.Object, java.lang.Object)'> (0x00000403a6c96348) 
thrown [s\src\hotspot\share\interpreter\linkResolver.cpp, line 773]
Event: 20.133 Thread 0x0000017619c83ba0 Exception <a 'java/lang/NoSuchMethodError'{0x00000403a6dbfb78}: 'java.lang.Object java.lang.invoke.DirectMethodHandle$Holder.invokeSpecial(java.lang.Object, java.lang.Object, java.lang.Object, java.lang.Object, float, java.lang.Object)'> (0x00000403a6dbfb78) 
thrown [s\src\hotspot\share\interpreter\linkResolver.cpp, line 773]
Event: 20.134 Thread 0x0000017619c83ba0 Exception <a 'java/lang/NoSuchMethodError'{0x00000403a7c09eb0}: 'java.lang.Object java.lang.invoke.DirectMethodHandle$Holder.newInvokeSpecial(java.lang.Object, java.lang.Object, java.lang.Object, java.lang.Object, java.lang.Object, java.lang.Object, java.lang.Object, float)'> (0x00000403a7c09eb0) 
thrown [s\src\hotspot\share\interpreter\linkResolver.cpp, line 773]
Event: 20.134 Thread 0x0000017619c83ba0 Exception <a 'java/lang/NoSuchMethodError'{0x00000403a7c0fb18}: 'java.lang.Object java.lang.invoke.DirectMethodHandle$Holder.invokeSpecial(java.lang.Object, java.lang.Object, java.lang.Object, java.lang.Object, java.lang.Object, java.lang.Object, java.lang.Object, java.lang.Object, float)'> (0x00000403a7c0fb18) 
thrown [s\src\hotspot\share\interpreter\linkResolver.cpp, line 773]
Event: 20.136 Thread 0x0000017619c83ba0 Exception <a 'java/lang/NoSuchMethodError'{0x00000403a7c2d498}: 'java.lang.Object java.lang.invoke.DirectMethodHandle$Holder.invokeStatic(java.lang.Object, java.lang.Object, java.lang.Object, float, java.lang.Object, java.lang.Object)'> (0x00000403a7c2d498) 
thrown [s\src\hotspot\share\interpreter\linkResolver.cpp, line 773]
Event: 20.136 Thread 0x0000017619c83ba0 Exception <a 'java/lang/NoSuchMethodError'{0x00000403a7c36b88}: 'java.lang.Object java.lang.invoke.DirectMethodHandle$Holder.invokeSpecial(java.lang.Object, java.lang.Object, java.lang.Object, java.lang.Object, float)'> (0x00000403a7c36b88) 
thrown [s\src\hotspot\share\interpreter\linkResolver.cpp, line 773]
Event: 20.136 Thread 0x0000017619c83ba0 Exception <a 'java/lang/NoSuchMethodError'{0x00000403a7c3aff0}: 'java.lang.Object java.lang.invoke.Invokers$Holder.linkToTargetMethod(java.lang.Object, java.lang.Object, float, java.lang.Object)'> (0x00000403a7c3aff0) 
thrown [s\src\hotspot\share\interpreter\linkResolver.cpp, line 773]
Event: 20.158 Thread 0x0000017619c83ba0 Implicit null exception at 0x0000017626feb7f4 to 0x0000017626feb8b0
Event: 20.159 Thread 0x0000017619c83ba0 Implicit null exception at 0x0000017626fed8fa to 0x0000017626fed9c0
Event: 20.171 Thread 0x00000176049ed360 Exception <a 'sun/nio/fs/WindowsException'{0x0000040370fcdff8}> (0x0000040370fcdff8) 
thrown [s\src\hotspot\share\prims\jni.cpp, line 520]
Event: 20.186 Thread 0x0000017619c83ba0 Exception <a 'java/lang/NoSuchMethodError'{0x00000403ac1d1b78}: 'void java.lang.invoke.DirectMethodHandle$Holder.invokeVirtual(java.lang.Object, java.lang.Object, java.lang.Object, java.lang.Object, java.lang.Object)'> (0x00000403ac1d1b78) 
thrown [s\src\hotspot\share\interpreter\linkResolver.cpp, line 773]
Event: 20.187 Thread 0x0000017619c83ba0 Exception <a 'java/lang/NoSuchMethodError'{0x00000403ac1eda28}: 'void java.lang.invoke.DirectMethodHandle$Holder.invokeSpecial(java.lang.Object, java.lang.Object, java.lang.Object, float, float)'> (0x00000403ac1eda28) 
thrown [s\src\hotspot\share\interpreter\linkResolver.cpp, line 773]
Event: 20.190 Thread 0x0000017619c83ba0 Exception <a 'sun/nio/fs/WindowsException'{0x00000403aca58460}> (0x00000403aca58460) 
thrown [s\src\hotspot\share\prims\jni.cpp, line 520]
Event: 20.190 Thread 0x0000017619c83ba0 Exception <a 'sun/nio/fs/WindowsException'{0x00000403aca58c48}> (0x00000403aca58c48) 
thrown [s\src\hotspot\share\prims\jni.cpp, line 520]
Event: 20.192 Thread 0x0000017619c83ba0 Exception <a 'sun/nio/fs/WindowsException'{0x00000403aca8c878}> (0x00000403aca8c878) 
thrown [s\src\hotspot\share\prims\jni.cpp, line 520]
Event: 20.192 Thread 0x0000017619c83ba0 Exception <a 'sun/nio/fs/WindowsException'{0x00000403aca8d060}> (0x00000403aca8d060) 
thrown [s\src\hotspot\share\prims\jni.cpp, line 520]
Event: 20.212 Thread 0x0000017619c83ba0 Implicit null exception at 0x0000017626a2eee9 to 0x0000017626a2f380
Event: 20.212 Thread 0x0000017619c83ba0 Implicit null exception at 0x0000017626a2926d to 0x0000017626a29324
Event: 20.233 Thread 0x0000017a8f927290 Exception <a 'java/lang/IllegalArgumentException'{0x000004038f0a0888}: Wrong type at constant pool index> (0x000004038f0a0888) 
thrown [s\src\hotspot\share\prims\jvm.cpp, line 2168]
Event: 20.233 Thread 0x0000017a8f927290 Exception <a 'java/lang/IllegalArgumentException'{0x000004038f0a1348}: Wrong type at constant pool index> (0x000004038f0a1348) 
thrown [s\src\hotspot\share\prims\jvm.cpp, line 2168]
Event: 20.233 Thread 0x0000017a8f927290 Exception <a 'java/lang/IllegalArgumentException'{0x000004038f0a5a20}: Wrong type at constant pool index> (0x000004038f0a5a20) 
thrown [s\src\hotspot\share\prims\jvm.cpp, line 2168]
Event: 20.233 Thread 0x0000017a8f927290 Exception <a 'java/lang/IllegalArgumentException'{0x000004038f0a64e0}: Wrong type at constant pool index> (0x000004038f0a64e0) 
thrown [s\src\hotspot\share\prims\jvm.cpp, line 2168]
Event: 20.233 Thread 0x0000017a8f927290 Exception <a 'java/lang/IllegalArgumentException'{0x000004038f0aaab0}: Wrong type at constant pool index> (0x000004038f0aaab0) 
thrown [s\src\hotspot\share\prims\jvm.cpp, line 2168]
Event: 20.233 Thread 0x0000017a8f927290 Exception <a 'java/lang/IllegalArgumentException'{0x000004038f0ab570}: Wrong type at constant pool index> (0x000004038f0ab570) 
thrown [s\src\hotspot\share\prims\jvm.cpp, line 2168]
Event: 20.233 Thread 0x0000017a8f927290 Exception <a 'java/lang/IllegalArgumentException'{0x000004038f0afe48}: Wrong type at constant pool index> (0x000004038f0afe48) 
thrown [s\src\hotspot\share\prims\jvm.cpp, line 2168]
Event: 20.233 Thread 0x0000017a8f929360 Exception <a 'java/lang/IllegalArgumentException'{0x000004038f814508}: Wrong type at constant pool index> (0x000004038f814508) 
thrown [s\src\hotspot\share\prims\jvm.cpp, line 2168]
Event: 20.233 Thread 0x0000017a8f927290 Exception <a 'java/lang/IllegalArgumentException'{0x000004038f0b0908}: Wrong type at constant pool index> (0x000004038f0b0908) 
thrown [s\src\hotspot\share\prims\jvm.cpp, line 2168]
Event: 20.233 Thread 0x0000017a8f929360 Exception <a 'java/lang/IllegalArgumentException'{0x000004038f814c80}: Wrong type at constant pool index> (0x000004038f814c80) 
thrown [s\src\hotspot\share\prims\jvm.cpp, line 2168]
Event: 20.234 Thread 0x0000017a8f929360 Exception <a 'java/lang/IllegalArgumentException'{0x000004038f818890}: Wrong type at constant pool index> (0x000004038f818890) 
thrown [s\src\hotspot\share\prims\jvm.cpp, line 2168]
Event: 20.234 Thread 0x0000017a8f929360 Exception <a 'java/lang/IllegalArgumentException'{0x000004038f819008}: Wrong type at constant pool index> (0x000004038f819008) 
thrown [s\src\hotspot\share\prims\jvm.cpp, line 2168]
Event: 20.234 Thread 0x0000017a8f929360 Exception <a 'java/lang/IllegalArgumentException'{0x000004038f81ced8}: Wrong type at constant pool index> (0x000004038f81ced8) 
thrown [s\src\hotspot\share\prims\jvm.cpp, line 2168]
Event: 20.234 Thread 0x0000017a8f929360 Exception <a 'java/lang/IllegalArgumentException'{0x000004038f81d650}: Wrong type at constant pool index> (0x000004038f81d650) 
thrown [s\src\hotspot\share\prims\jvm.cpp, line 2168]
Event: 20.234 Thread 0x0000017a8f929360 Exception <a 'java/lang/IllegalArgumentException'{0x000004038f821528}: Wrong type at constant pool index> (0x000004038f821528) 
thrown [s\src\hotspot\share\prims\jvm.cpp, line 2168]
Event: 20.234 Thread 0x0000017a8f929360 Exception <a 'java/lang/IllegalArgumentException'{0x000004038f821ca0}: Wrong type at constant pool index> (0x000004038f821ca0) 
thrown [s\src\hotspot\share\prims\jvm.cpp, line 2168]
Event: 20.236 Thread 0x0000017a8f926c00 Exception <a 'sun/nio/fs/WindowsException'{0x00000403afc42cb0}> (0x00000403afc42cb0) 
thrown [s\src\hotspot\share\prims\jni.cpp, line 520]
Event: 20.252 Thread 0x0000017a8f925ee0 Implicit null exception at 0x0000017626f7f026 to 0x0000017626f8325c
Event: 20.259 Thread 0x0000017a8f927290 Exception <a 'java/lang/IllegalArgumentException'{0x00000403acb4c788}: Wrong type at constant pool index> (0x00000403acb4c788) 
thrown [s\src\hotspot\share\prims\jvm.cpp, line 2168]
Event: 20.259 Thread 0x0000017a8f927290 Exception <a 'java/lang/IllegalArgumentException'{0x00000403acb4cf00}: Wrong type at constant pool index> (0x00000403acb4cf00) 
thrown [s\src\hotspot\share\prims\jvm.cpp, line 2168]
Event: 20.262 Thread 0x0000017a8f927290 Exception <a 'java/lang/IllegalArgumentException'{0x00000403acb5d4f8}: Wrong type at constant pool index> (0x00000403acb5d4f8) 
thrown [s\src\hotspot\share\prims\jvm.cpp, line 2168]
Event: 20.262 Thread 0x0000017a8f927290 Exception <a 'java/lang/IllegalArgumentException'{0x00000403acb5dc70}: Wrong type at constant pool index> (0x00000403acb5dc70) 
thrown [s\src\hotspot\share\prims\jvm.cpp, line 2168]
Event: 20.262 Thread 0x0000017a8f927290 Exception <a 'java/lang/IllegalArgumentException'{0x00000403acb621d0}: Wrong type at constant pool index> (0x00000403acb621d0) 
thrown [s\src\hotspot\share\prims\jvm.cpp, line 2168]
Event: 20.262 Thread 0x0000017a8f927290 Exception <a 'java/lang/IllegalArgumentException'{0x00000403acb62948}: Wrong type at constant pool index> (0x00000403acb62948) 
thrown [s\src\hotspot\share\prims\jvm.cpp, line 2168]
Event: 20.262 Thread 0x0000017a8f927290 Exception <a 'java/lang/IllegalArgumentException'{0x00000403acb66c18}: Wrong type at constant pool index> (0x00000403acb66c18) 
thrown [s\src\hotspot\share\prims\jvm.cpp, line 2168]
Event: 20.262 Thread 0x0000017a8f927290 Exception <a 'java/lang/IllegalArgumentException'{0x00000403acb67390}: Wrong type at constant pool index> (0x00000403acb67390) 
thrown [s\src\hotspot\share\prims\jvm.cpp, line 2168]
Event: 20.263 Thread 0x0000017a8f927290 Exception <a 'java/lang/IllegalArgumentException'{0x00000403acb6b2d8}: Wrong type at constant pool index> (0x00000403acb6b2d8) 
thrown [s\src\hotspot\share\prims\jvm.cpp, line 2168]
Event: 20.263 Thread 0x0000017a8f927290 Exception <a 'java/lang/IllegalArgumentException'{0x00000403acb6ba50}: Wrong type at constant pool index> (0x00000403acb6ba50) 
thrown [s\src\hotspot\share\prims\jvm.cpp, line 2168]
Event: 20.263 Thread 0x0000017a301cd6d0 Exception <a 'sun/nio/fs/WindowsException'{0x00000403afeb2f58}> (0x00000403afeb2f58) 
thrown [s\src\hotspot\share\prims\jni.cpp, line 520]
Event: 20.263 Thread 0x0000017a8f927290 Exception <a 'java/lang/IllegalArgumentException'{0x00000403acb6fe08}: Wrong type at constant pool index> (0x00000403acb6fe08) 
thrown [s\src\hotspot\share\prims\jvm.cpp, line 2168]
Event: 20.263 Thread 0x0000017a8f927290 Exception <a 'java/lang/IllegalArgumentException'{0x00000403acb70580}: Wrong type at constant pool index> (0x00000403acb70580) 
thrown [s\src\hotspot\share\prims\jvm.cpp, line 2168]
Event: 20.263 Thread 0x0000017a8f927290 Exception <a 'java/lang/IllegalArgumentException'{0x00000403acb74640}: Wrong type at constant pool index> (0x00000403acb74640) 
thrown [s\src\hotspot\share\prims\jvm.cpp, line 2168]
Event: 20.263 Thread 0x0000017a8f927290 Exception <a 'java/lang/IllegalArgumentException'{0x00000403acb74db8}: Wrong type at constant pool index> (0x00000403acb74db8) 
thrown [s\src\hotspot\share\prims\jvm.cpp, line 2168]
Event: 20.263 Thread 0x0000017a8f927290 Exception <a 'java/lang/IllegalArgumentException'{0x00000403acb792d8}: Wrong type at constant pool index> (0x00000403acb792d8) 
thrown [s\src\hotspot\share\prims\jvm.cpp, line 2168]
Event: 20.263 Thread 0x0000017a8f927290 Exception <a 'java/lang/IllegalArgumentException'{0x00000403acb79d98}: Wrong type at constant pool index> (0x00000403acb79d98) 
thrown [s\src\hotspot\share\prims\jvm.cpp, line 2168]
Event: 20.266 Thread 0x0000017a8f928cd0 Exception <a 'java/lang/NoSuchMethodError'{0x00000403af928508}: 'java.lang.Object java.lang.invoke.DirectMethodHandle$Holder.newInvokeSpecial(java.lang.Object, long, java.lang.Object, java.lang.Object)'> (0x00000403af928508) 
thrown [s\src\hotspot\share\interpreter\linkResolver.cpp, line 773]
Event: 20.267 Thread 0x0000017a301cd6d0 Exception <a 'java/lang/NoSuchMethodError'{0x00000403aff9b328}: 'float java.lang.invoke.DirectMethodHandle$Holder.invokeStaticInit(java.lang.Object, java.lang.Object, java.lang.Object, java.lang.Object, int)'> (0x00000403aff9b328) 
thrown [s\src\hotspot\share\interpreter\linkResolver.cpp, line 773]
Event: 20.268 Thread 0x0000017619c83ba0 Exception <a 'java/lang/IncompatibleClassChangeError'{0x00000402a8bd33b8}: Found class java.lang.Object, but interface was expected> (0x00000402a8bd33b8) 
thrown [s\src\hotspot\share\interpreter\linkResolver.cpp, line 840]
Event: 20.270 Thread 0x0000017a8f926c00 Exception <a 'sun/nio/fs/WindowsException'{0x00000403afdb2b58}> (0x00000403afdb2b58) 
thrown [s\src\hotspot\share\prims\jni.cpp, line 520]
Event: 20.274 Thread 0x0000017a8f92b430 Exception <a 'java/lang/IllegalArgumentException'{0x00000403b027dca0}: Wrong type at constant pool index> (0x00000403b027dca0) 
thrown [s\src\hotspot\share\prims\jvm.cpp, line 2168]
Event: 20.274 Thread 0x0000017a8f92b430 Exception <a 'java/lang/IllegalArgumentException'{0x00000403b027e418}: Wrong type at constant pool index> (0x00000403b027e418) 
thrown [s\src\hotspot\share\prims\jvm.cpp, line 2168]
Event: 20.275 Thread 0x0000017a8f92b430 Exception <a 'java/lang/IllegalArgumentException'{0x00000403b0282920}: Wrong type at constant pool index> (0x00000403b0282920) 
thrown [s\src\hotspot\share\prims\jvm.cpp, line 2168]
Event: 20.275 Thread 0x0000017a8f92b430 Exception <a 'java/lang/IllegalArgumentException'{0x00000403b0283098}: Wrong type at constant pool index> (0x00000403b0283098) 
thrown [s\src\hotspot\share\prims\jvm.cpp, line 2168]
Event: 20.275 Thread 0x0000017a8f92b430 Exception <a 'java/lang/IllegalArgumentException'{0x00000403b0287058}: Wrong type at constant pool index> (0x00000403b0287058) 
thrown [s\src\hotspot\share\prims\jvm.cpp, line 2168]
Event: 20.275 Thread 0x0000017a8f92b430 Exception <a 'java/lang/IllegalArgumentException'{0x00000403b02877d0}: Wrong type at constant pool index> (0x00000403b02877d0) 
thrown [s\src\hotspot\share\prims\jvm.cpp, line 2168]
Event: 20.275 Thread 0x0000017a8f92b430 Exception <a 'java/lang/IllegalArgumentException'{0x00000403b028b708}: Wrong type at constant pool index> (0x00000403b028b708) 
thrown [s\src\hotspot\share\prims\jvm.cpp, line 2168]
Event: 20.275 Thread 0x0000017a8f92b430 Exception <a 'java/lang/IllegalArgumentException'{0x00000403b028be80}: Wrong type at constant pool index> (0x00000403b028be80) 
thrown [s\src\hotspot\share\prims\jvm.cpp, line 2168]
Event: 20.276 Thread 0x0000017a8f92b430 Exception <a 'java/lang/IllegalArgumentException'{0x00000403b0292c08}: Wrong type at constant pool index> (0x00000403b0292c08) 
thrown [s\src\hotspot\share\prims\jvm.cpp, line 2168]
Event: 20.276 Thread 0x0000017a8f92b430 Exception <a 'java/lang/IllegalArgumentException'{0x00000403b0293380}: Wrong type at constant pool index> (0x00000403b0293380) 
thrown [s\src\hotspot\share\prims\jvm.cpp, line 2168]
Event: 20.278 Thread 0x0000017a8f926c00 Exception <a 'sun/nio/fs/WindowsException'{0x00000403b648db40}> (0x00000403b648db40) 
thrown [s\src\hotspot\share\prims\jni.cpp, line 520]
Event: 20.281 Thread 0x0000017a8f92a710 Exception <a 'sun/nio/fs/WindowsException'{0x00000403b5eb4250}> (0x00000403b5eb4250) 
thrown [s\src\hotspot\share\prims\jni.cpp, line 520]
Event: 20.285 Thread 0x0000017a8f92a710 Exception <a 'sun/nio/fs/WindowsException'{0x00000403b5f2eca0}> (0x00000403b5f2eca0) 
thrown [s\src\hotspot\share\prims\jni.cpp, line 520]
Event: 20.293 Thread 0x0000017a8f926c00 Exception <a 'sun/nio/fs/WindowsException'{0x00000403b71df728}> (0x00000403b71df728) 
thrown [s\src\hotspot\share\prims\jni.cpp, line 520]
Event: 20.345 Thread 0x0000017a8f92a710 Exception <a 'sun/nio/fs/WindowsException'{0x00000403b8e6e5f0}> (0x00000403b8e6e5f0) 
thrown [s\src\hotspot\share\prims\jni.cpp, line 520]
Event: 20.358 Thread 0x0000017a8f92a710 Exception <a 'sun/nio/fs/WindowsException'{0x00000403b96f2260}> (0x00000403b96f2260) 
thrown [s\src\hotspot\share\prims\jni.cpp, line 520]
Event: 20.403 Thread 0x0000017619c83ba0 Exception <a 'java/lang/IncompatibleClassChangeError'{0x00000403b7c29058}: Found class java.lang.Object, but interface was expected> (0x00000403b7c29058) 
thrown [s\src\hotspot\share\interpreter\linkResolver.cpp, line 840]
Event: 20.504 Thread 0x0000017619c83ba0 Exception <a 'java/lang/NoSuchMethodError'{0x00000400f59d6db8}: 'java.lang.Object java.lang.invoke.DirectMethodHandle$Holder.invokeSpecial(java.lang.Object, java.lang.Object, java.lang.Object, java.lang.Object, int, int, float)'> (0x00000400f59d6db8) 
thrown [s\src\hotspot\share\interpreter\linkResolver.cpp, line 773]
Event: 20.507 Thread 0x0000017a8fcd65a0 Implicit null exception at 0x000001762702d33f to 0x000001762702ef20
Event: 21.370 Thread 0x0000017abfe778f0 Exception <a 'java/lang/NoSuchMethodError'{0x00000403ba20ecf8}: 'double java.lang.invoke.DirectMethodHandle$Holder.invokeInterface(java.lang.Object, java.lang.Object)'> (0x00000403ba20ecf8) 
thrown [s\src\hotspot\share\interpreter\linkResolver.cpp, line 773]
Event: 21.370 Thread 0x0000017abfe778f0 Exception <a 'java/lang/IncompatibleClassChangeError'{0x00000403ba212c88}: Found class java.lang.Object, but interface was expected> (0x00000403ba212c88) 
thrown [s\src\hotspot\share\interpreter\linkResolver.cpp, line 840]
Event: 21.370 Thread 0x0000017abfe778f0 Implicit null exception at 0x0000017626e51bc6 to 0x0000017626e52224
Event: 21.391 Thread 0x0000017abfe778f0 Exception <a 'sun/nio/fs/WindowsException'{0x000004002ce95f38}> (0x000004002ce95f38) 
thrown [s\src\hotspot\share\prims\jni.cpp, line 520]
Event: 21.391 Thread 0x0000017abfe778f0 Exception <a 'sun/nio/fs/WindowsException'{0x000004002ce96118}> (0x000004002ce96118) 
thrown [s\src\hotspot\share\prims\jni.cpp, line 520]
Event: 21.391 Thread 0x0000017abfe778f0 Exception <a 'sun/nio/fs/WindowsException'{0x000004002ce96b70}> (0x000004002ce96b70) 
thrown [s\src\hotspot\share\prims\jni.cpp, line 520]
Event: 21.391 Thread 0x0000017abfe778f0 Exception <a 'sun/nio/fs/WindowsException'{0x000004002ce96d28}> (0x000004002ce96d28) 
thrown [s\src\hotspot\share\prims\jni.cpp, line 520]
Event: 21.391 Thread 0x0000017abfe778f0 Exception <a 'sun/nio/fs/WindowsException'{0x000004002ce97780}> (0x000004002ce97780) 
thrown [s\src\hotspot\share\prims\jni.cpp, line 520]
Event: 21.391 Thread 0x0000017abfe778f0 Exception <a 'sun/nio/fs/WindowsException'{0x000004002ce97938}> (0x000004002ce97938) 
thrown [s\src\hotspot\share\prims\jni.cpp, line 520]
Event: 21.391 Thread 0x0000017abfe778f0 Exception <a 'sun/nio/fs/WindowsException'{0x000004002ce98398}> (0x000004002ce98398) 
thrown [s\src\hotspot\share\prims\jni.cpp, line 520]
Event: 21.391 Thread 0x0000017abfe778f0 Exception <a 'sun/nio/fs/WindowsException'{0x000004002ce98550}> (0x000004002ce98550) 
thrown [s\src\hotspot\share\prims\jni.cpp, line 520]
Event: 22.739 Thread 0x0000017a8f92c150 Exception <a 'java/lang/NoSuchMethodError'{0x00000402497b2a10}: 'java.lang.Object java.lang.invoke.DirectMethodHandle$Holder.newInvokeSpecial(java.lang.Object, java.lang.Object, long, java.lang.Object, java.lang.Object, java.lang.Object)'> (0x00000402497b2a10) 
thrown [s\src\hotspot\share\interpreter\linkResolver.cpp, line 773]
Event: 22.739 Thread 0x0000017a8f92c150 Exception <a 'java/lang/NoSuchMethodError'{0x00000402497bc360}: 'java.lang.Object java.lang.invoke.Invokers$Holder.linkToTargetMethod(java.lang.Object, long, java.lang.Object, java.lang.Object, java.lang.Object, java.lang.Object)'> (0x00000402497bc360) 
thrown [s\src\hotspot\share\interpreter\linkResolver.cpp, line 773]
Event: 22.946 Thread 0x0000017a8f925ee0 Exception <a 'java/lang/IncompatibleClassChangeError'{0x00000401ace37f58}: Found class java.lang.Object, but interface was expected> (0x00000401ace37f58) 
thrown [s\src\hotspot\share\interpreter\linkResolver.cpp, line 840]
Event: 23.379 Thread 0x0000017a8f925ee0 Implicit null exception at 0x0000017626943f2c to 0x000001762694416c
Event: 23.383 Thread 0x0000017a8f925ee0 Implicit null exception at 0x000001762691420f to 0x00000176269143e4
Event: 23.385 Thread 0x0000017a8f925ee0 Implicit null exception at 0x00000176263a0168 to 0x00000176263a02e4
Event: 23.641 Thread 0x0000017a8f925ee0 Exception <a 'java/lang/NoSuchMethodError'{0x00000402375f0148}: 'void java.lang.invoke.DirectMethodHandle$Holder.invokeStaticInit(java.lang.Object, int, java.lang.Object)'> (0x00000402375f0148) 
thrown [s\src\hotspot\share\interpreter\linkResolver.cpp, line 773]
Event: 24.548 Thread 0x0000017a8f925ee0 Implicit null exception at 0x0000017627282c55 to 0x00000176272839e8
Event: 26.159 Thread 0x0000017a8f925ee0 Exception <a 'java/lang/NoSuchMethodError'{0x000004033367c810}: 'int java.lang.invoke.DirectMethodHandle$Holder.invokeInterface(java.lang.Object, java.lang.Object, java.lang.Object, int)'> (0x000004033367c810) 
thrown [s\src\hotspot\share\interpreter\linkResolver.cpp, line 773]
Event: 28.677 Thread 0x0000017619c83ba0 Exception <a 'java/lang/NoSuchMethodError'{0x00000403839cfa00}: 'java.lang.Object java.lang.invoke.DirectMethodHandle$Holder.invokeSpecialIFC(java.lang.Object, java.lang.Object, java.lang.Object, java.lang.Object, java.lang.Object, java.lang.Object, java.lang.Object, java.lang.Object, java.lang.Object, java.lang.Object, java.lang.Object, java.lang.Object, java.lang.Object)'> (0x00000403839cfa00) 
thrown [s\src\hotspot\share\interpreter\linkResolver.cpp, line 773]
Event: 28.805 Thread 0x0000017a8f927290 Exception <a 'java/lang/NoSuchMethodError'{0x00000401f3667b90}: 'java.lang.Object java.lang.invoke.DirectMethodHandle$Holder.newInvokeSpecial(java.lang.Object, java.lang.Object, int, java.lang.Object, int)'> (0x00000401f3667b90) 
thrown [s\src\hotspot\share\interpreter\linkResolver.cpp, line 773]
Event: 28.811 Thread 0x0000017a8f927290 Exception <a 'java/lang/NoSuchMethodError'{0x00000401f377df78}: 'java.lang.Object java.lang.invoke.DirectMethodHandle$Holder.invokeSpecialIFC(java.lang.Object, java.lang.Object, java.lang.Object, java.lang.Object, java.lang.Object, java.lang.Object, java.lang.Object, java.lang.Object, java.lang.Object, java.lang.Object, java.lang.Object, java.lang.Object, java.lang.Object, java.lang.Object, java.lang.Object, java.lang.Object, java.lang.Object, java.lang.Object)'> (0x00000401f377df78) 
thrown [s\src\hotspot
Event: 28.812 Thread 0x0000017a8f927290 Exception <a 'java/lang/NoSuchMethodError'{0x00000401f378ed98}: 'java.lang.Object java.lang.invoke.DirectMethodHandle$Holder.invokeSpecialIFC(java.lang.Object, java.lang.Object, java.lang.Object, java.lang.Object, java.lang.Object, java.lang.Object, java.lang.Object, java.lang.Object, java.lang.Object, java.lang.Object, java.lang.Object, java.lang.Object, java.lang.Object, java.lang.Object, java.lang.Object)'> (0x00000401f378ed98) 
thrown [s\src\hotspot\share\interpreter\linkResolver.cpp, line 773]
Event: 28.816 Thread 0x0000017a8f927290 Exception <a 'java/lang/IncompatibleClassChangeError'{0x00000401e08bb528}: Found class java.lang.Object, but interface was expected> (0x00000401e08bb528) 
thrown [s\src\hotspot\share\interpreter\linkResolver.cpp, line 840]
Event: 28.817 Thread 0x0000017abfe78610 Exception <a 'java/lang/NoSuchMethodError'{0x00000401e78bd2f8}: 'double java.lang.invoke.DirectMethodHandle$Holder.invokeStaticInit(java.lang.Object, double, double, float)'> (0x00000401e78bd2f8) 
thrown [s\src\hotspot\share\interpreter\linkResolver.cpp, line 773]
Event: 28.817 Thread 0x0000017abfe78610 Exception <a 'java/lang/NoSuchMethodError'{0x00000401e78d5dd8}: 'double java.lang.invoke.DirectMethodHandle$Holder.invokeStaticInit(java.lang.Object, java.lang.Object, double, double, float)'> (0x00000401e78d5dd8) 
thrown [s\src\hotspot\share\interpreter\linkResolver.cpp, line 773]
Event: 28.826 Thread 0x0000017a8f927290 Exception <a 'java/lang/IllegalArgumentException'{0x000004003392a070}: Wrong type at constant pool index> (0x000004003392a070) 
thrown [s\src\hotspot\share\prims\jvm.cpp, line 2168]
Event: 28.826 Thread 0x0000017a8f927290 Exception <a 'java/lang/IllegalArgumentException'{0x000004003392ae78}: Wrong type at constant pool index> (0x000004003392ae78) 
thrown [s\src\hotspot\share\prims\jvm.cpp, line 2168]
Event: 28.827 Thread 0x0000017abfe78610 Exception <a 'java/lang/NoSuchMethodError'{0x0000040321c4ccb8}: 'java.lang.Object java.lang.invoke.DirectMethodHandle$Holder.invokeStaticInit(java.lang.Object, float, long)'> (0x0000040321c4ccb8) 
thrown [s\src\hotspot\share\interpreter\linkResolver.cpp, line 773]
Event: 28.839 Thread 0x0000017a8f927290 Exception <a 'java/lang/IllegalArgumentException'{0x00000402fcd4fc70}: Wrong type at constant pool index> (0x00000402fcd4fc70) 
thrown [s\src\hotspot\share\prims\jvm.cpp, line 2168]
Event: 28.839 Thread 0x0000017a8f927290 Exception <a 'java/lang/IllegalArgumentException'{0x00000402fcd50a78}: Wrong type at constant pool index> (0x00000402fcd50a78) 
thrown [s\src\hotspot\share\prims\jvm.cpp, line 2168]
Event: 28.934 Thread 0x0000017abfe78610 Exception <a 'java/lang/NoSuchMethodError'{0x00000403327f70b8}: 'void java.lang.invoke.DirectMethodHandle$Holder.invokeSpecial(java.lang.Object, java.lang.Object, int, java.lang.Object, java.lang.Object)'> (0x00000403327f70b8) 
thrown [s\src\hotspot\share\interpreter\linkResolver.cpp, line 773]
Event: 28.968 Thread 0x0000017619c83ba0 Exception <a 'java/lang/NoSuchMethodError'{0x000004000033aaf0}: 'java.lang.Object java.lang.invoke.DirectMethodHandle$Holder.newInvokeSpecial(java.lang.Object, int, java.lang.Object, int)'> (0x000004000033aaf0) 
thrown [s\src\hotspot\share\interpreter\linkResolver.cpp, line 773]
Event: 29.031 Thread 0x0000017619c83ba0 Exception <a 'java/lang/IncompatibleClassChangeError'{0x0000040263083b40}: Found class java.lang.Object, but interface was expected> (0x0000040263083b40) 
thrown [s\src\hotspot\share\interpreter\linkResolver.cpp, line 840]
Event: 29.037 Thread 0x0000017619c83ba0 Exception <a 'java/lang/NoSuchMethodError'{0x0000040293abf2b8}: 'java.lang.Object java.lang.invoke.DirectMethodHandle$Holder.newInvokeSpecial(java.lang.Object, java.lang.Object, java.lang.Object, int, java.lang.Object, java.lang.Object)'> (0x0000040293abf2b8) 
thrown [s\src\hotspot\share\interpreter\linkResolver.cpp, line 773]
Event: 29.038 Thread 0x0000017619c83ba0 Exception <a 'java/lang/NoSuchMethodError'{0x0000040293b48190}: 'java.lang.Object java.lang.invoke.DirectMethodHandle$Holder.newInvokeSpecial(java.lang.Object, java.lang.Object, java.lang.Object, java.lang.Object, double)'> (0x0000040293b48190) 
thrown [s\src\hotspot\share\interpreter\linkResolver.cpp, line 773]
Event: 29.091 Thread 0x0000017619c83ba0 Exception <a 'java/lang/NoSuchMethodError'{0x00000402450ebbd8}: 'java.lang.Object java.lang.invoke.DirectMethodHandle$Holder.newInvokeSpecial(java.lang.Object, java.lang.Object, java.lang.Object, java.lang.Object, java.lang.Object, java.lang.Object, int, int, int)'> (0x00000402450ebbd8) 
thrown [s\src\hotspot\share\interpreter\linkResolver.cpp, line 773]
Event: 29.562 Thread 0x0000017619c83ba0 Implicit null exception at 0x0000017625da5ae6 to 0x0000017625da5e08
Event: 29.692 Thread 0x0000017619c83ba0 Implicit null exception at 0x0000017627316f86 to 0x000001762731713c
Event: 30.017 Thread 0x0000017619c83ba0 Implicit null exception at 0x00000176276557c9 to 0x0000017627656424
Event: 30.017 Thread 0x0000017619c83ba0 Implicit null exception at 0x00000176276557c9 to 0x0000017627656424
Event: 30.017 Thread 0x0000017619c83ba0 Implicit null exception at 0x00000176276557c9 to 0x0000017627656424
Event: 30.017 Thread 0x0000017619c83ba0 Implicit null exception at 0x00000176276557c9 to 0x0000017627656424
Event: 30.091 Thread 0x0000017619c83ba0 Exception <a 'java/lang/NoSuchMethodError'{0x00000402d135ba98}: 'java.lang.Object java.lang.invoke.DirectMethodHandle$Holder.invokeStatic(java.lang.Object, double, double, java.lang.Object, java.lang.Object)'> (0x00000402d135ba98) 
thrown [s\src\hotspot\share\interpreter\linkResolver.cpp, line 773]
Event: 30.091 Thread 0x0000017619c83ba0 Exception <a 'java/lang/NoSuchMethodError'{0x00000402d1360100}: 'java.lang.Object java.lang.invoke.DirectMethodHandle$Holder.invokeStaticInit(java.lang.Object, double, double, java.lang.Object, java.lang.Object)'> (0x00000402d1360100) 
thrown [s\src\hotspot\share\interpreter\linkResolver.cpp, line 773]
Event: 30.722 Thread 0x0000017619c83ba0 Implicit null exception at 0x00000176276f69ee to 0x00000176276f6bd0
Event: 30.724 Thread 0x0000017619c83ba0 Implicit null exception at 0x00000176276f751a to 0x00000176276f76ac
Event: 30.776 Thread 0x0000017619c83ba0 Exception <a 'java/lang/IncompatibleClassChangeError'{0x000004002ac9bfe0}: Found class java.lang.Object, but interface was expected> (0x000004002ac9bfe0) 
thrown [s\src\hotspot\share\interpreter\linkResolver.cpp, line 840]
Event: 30.777 Thread 0x0000017619c83ba0 Exception <a 'java/lang/NoSuchMethodError'{0x000004002ad11b40}: 'void java.lang.invoke.DirectMethodHandle$Holder.invokeSpecialIFC(java.lang.Object, java.lang.Object, java.lang.Object)'> (0x000004002ad11b40) 
thrown [s\src\hotspot\share\interpreter\linkResolver.cpp, line 773]
Event: 30.792 Thread 0x0000017619c83ba0 Exception <a 'java/lang/NoSuchMethodError'{0x00000402a7abe378}: 'float java.lang.invoke.DirectMethodHandle$Holder.invokeStatic(java.lang.Object)'> (0x00000402a7abe378) 
thrown [s\src\hotspot\share\interpreter\linkResolver.cpp, line 773]
Event: 30.792 Thread 0x0000017619c83ba0 Exception <a 'java/lang/NoSuchMethodError'{0x00000402a7ac2a38}: 'float java.lang.invoke.DirectMethodHandle$Holder.invokeStaticInit(java.lang.Object)'> (0x00000402a7ac2a38) 
thrown [s\src\hotspot\share\interpreter\linkResolver.cpp, line 773]
Event: 30.827 Thread 0x0000017619c83ba0 Exception <a 'java/lang/NoSuchMethodError'{0x0000040102aae718}: 'void java.lang.invoke.DirectMethodHandle$Holder.invokeStatic(java.lang.Object, java.lang.Object, int, java.lang.Object, java.lang.Object, java.lang.Object)'> (0x0000040102aae718) 
thrown [s\src\hotspot\share\interpreter\linkResolver.cpp, line 773]
Event: 30.855 Thread 0x0000017619c83ba0 Implicit null exception at 0x0000017625c9717c to 0x0000017625c973c0
Event: 30.855 Thread 0x0000017619c83ba0 Implicit null exception at 0x00000176261de4ff to 0x00000176261de728
Event: 30.872 Thread 0x0000017619c83ba0 Implicit null exception at 0x00000176263ef6ff to 0x00000176263ef930
Event: 31.817 Thread 0x0000017619c83ba0 Exception <a 'java/lang/NoSuchMethodError'{0x0000040059aa1b40}: 'int java.lang.invoke.DirectMethodHandle$Holder.invokeStatic(java.lang.Object, java.lang.Object, java.lang.Object, int, java.lang.Object, int)'> (0x0000040059aa1b40) 
thrown [s\src\hotspot\share\interpreter\linkResolver.cpp, line 773]
Event: 31.848 Thread 0x0000017619c83ba0 Exception <a 'java/lang/NoSuchMethodError'{0x0000040188f3ad60}: 'java.lang.Object java.lang.invoke.DirectMethodHandle$Holder.newInvokeSpecial(java.lang.Object, java.lang.Object, int, int, float)'> (0x0000040188f3ad60) 
thrown [s\src\hotspot\share\interpreter\linkResolver.cpp, line 773]
Event: 31.848 Thread 0x0000017619c83ba0 Exception <a 'java/lang/NoSuchMethodError'{0x0000040188f3f9f0}: 'java.lang.Object java.lang.invoke.DirectMethodHandle$Holder.invokeSpecial(java.lang.Object, java.lang.Object, java.lang.Object, int, int, float)'> (0x0000040188f3f9f0) 
thrown [s\src\hotspot\share\interpreter\linkResolver.cpp, line 773]
Event: 31.909 Thread 0x0000017607f4a050 Implicit null exception at 0x0000017626743b06 to 0x0000017626743f0c
Event: 31.921 Thread 0x0000017619c83ba0 Exception <a 'java/lang/NoSuchMethodError'{0x000004032c024888}: 'java.lang.Object java.lang.invoke.DelegatingMethodHandle$Holder.reinvoke_L(java.lang.Object, java.lang.Object, int, java.lang.Object, java.lang.Object)'> (0x000004032c024888) 
thrown [s\src\hotspot\share\interpreter\linkResolver.cpp, line 773]
Event: 31.923 Thread 0x0000017619c83ba0 Exception <a 'java/lang/NoSuchMethodError'{0x000004032c080148}: 'java.lang.Object java.lang.invoke.Invokers$Holder.invoker(java.lang.Object, java.lang.Object, java.lang.Object, java.lang.Object, java.lang.Object, java.lang.Object, java.lang.Object, java.lang.Object, java.lang.Object, java.lang.Object, java.lang.Object, java.lang.Object, java.lang.Object, java.lang.Object)'> (0x000004032c080148) 
thrown [s\src\hotspot\share\interpreter\linkResolver.cpp, line 773]
Event: 31.923 Thread 0x0000017619c83ba0 Exception <a 'java/lang/NoSuchMethodError'{0x000004032c086870}: 'java.lang.Object java.lang.invoke.DirectMethodHandle$Holder.invokeSpecial(java.lang.Object, java.lang.Object, java.lang.Object, java.lang.Object, java.lang.Object, java.lang.Object, java.lang.Object, java.lang.Object, java.lang.Object, java.lang.Object, java.lang.Object, java.lang.Object, java.lang.Object, java.lang.Object, java.lang.Object)'> (0x000004032c086870) 
thrown [s\src\hotspot\share\interpreter\linkResolver.cpp, line 773]
Event: 31.923 Thread 0x0000017619c83ba0 Exception <a 'java/lang/NoSuchMethodError'{0x000004032c08bdf8}: 'java.lang.Object java.lang.invoke.DelegatingMethodHandle$Holder.delegate(java.lang.Object, java.lang.Object, java.lang.Object, java.lang.Object, java.lang.Object, java.lang.Object, java.lang.Object, java.lang.Object, java.lang.Object, java.lang.Object, java.lang.Object, java.lang.Object, java.lang.Object, java.lang.Object)'> (0x000004032c08bdf8) 
thrown [s\src\hotspot\share\interpreter\linkResolver.cpp, line 773]
Event: 31.924 Thread 0x0000017619c83ba0 Exception <a 'java/lang/NoSuchMethodError'{0x000004032c0e8f90}: 'java.lang.Object java.lang.invoke.DirectMethodHandle$Holder.invokeStatic(java.lang.Object, java.lang.Object, java.lang.Object, java.lang.Object, java.lang.Object, java.lang.Object, java.lang.Object, java.lang.Object, java.lang.Object, java.lang.Object, java.lang.Object, java.lang.Object, java.lang.Object)'> (0x000004032c0e8f90) 
thrown [s\src\hotspot\share\interpreter\linkResolver.cpp, line 773]
Event: 31.926 Thread 0x0000017619c83ba0 Exception <a 'java/lang/NoSuchMethodError'{0x00000403b2b9dd28}: 'int java.lang.invoke.DirectMethodHandle$Holder.invokeVirtual(java.lang.Object, java.lang.Object, int)'> (0x00000403b2b9dd28) 
thrown [s\src\hotspot\share\interpreter\linkResolver.cpp, line 773]
Event: 32.016 Thread 0x0000017607f45eb0 Exception <a 'java/lang/NoSuchMethodError'{0x00000402762c5890}: 'void java.lang.invoke.DirectMethodHandle$Holder.invokeSpecial(java.lang.Object, java.lang.Object, java.lang.Object, int, int, int)'> (0x00000402762c5890) 
thrown [s\src\hotspot\share\interpreter\linkResolver.cpp, line 773]
Event: 32.016 Thread 0x0000017607f45eb0 Exception <a 'java/lang/NoSuchMethodError'{0x00000402762cd728}: 'java.lang.Object java.lang.invoke.DirectMethodHandle$Holder.invokeSpecial(java.lang.Object, java.lang.Object, java.lang.Object, java.lang.Object, int, int, int)'> (0x00000402762cd728) 
thrown [s\src\hotspot\share\interpreter\linkResolver.cpp, line 773]
Event: 32.016 Thread 0x0000017607f45eb0 Exception <a 'java/lang/NoSuchMethodError'{0x00000402762d1938}: 'java.lang.Object java.lang.invoke.Invokers$Holder.linkToTargetMethod(java.lang.Object, java.lang.Object, int, int, int, java.lang.Object)'> (0x00000402762d1938) 
thrown [s\src\hotspot\share\interpreter\linkResolver.cpp, line 773]

ZGC Phase Switch (55 events):
Event: 0.507 Young Mark Start         2
Event: 0.507 Old Mark Start           2
Event: 0.517 Young Mark End           2
Event: 0.521 Young Relocate Start     2
Event: 0.525 Old Mark End             2
Event: 0.546 Old Relocate Start       2
Event: 1.891 Young Mark Start         3
Event: 1.891 Old Mark Start           3
Event: 1.951 Young Mark End           3
Event: 1.954 Young Relocate Start     3
Event: 1.981 Old Mark End             3
Event: 2.010 Old Relocate Start       3
Event: 3.027 Young Mark Start         4
Event: 3.027 Old Mark Start           4
Event: 3.143 Young Mark End           4
Event: 3.152 Young Relocate Start     4
Event: 3.190 Old Mark End             4
Event: 3.275 Old Relocate Start       4
Event: 3.625 Young Mark Start         5
Event: 3.625 Old Mark Start           5
Event: 3.698 Young Mark End           5
Event: 3.704 Young Relocate Start     5
Event: 3.721 Old Mark End             5
Event: 3.740 Old Relocate Start       5
Event: 7.076 Young Mark Start         6
Event: 7.076 Old Mark Start           6
Event: 7.465 Young Mark End           6
Event: 7.474 Young Relocate Start     6
Event: 7.587 Old Mark End             6
Event: 7.644 Old Relocate Start       6
Event: 10.633 Young Mark Start         7
Event: 10.633 Old Mark Start           7
Event: 11.359 Young Mark End           7
Event: 11.440 Young Relocate Start     7
Event: 11.639 Old Mark End             7
Event: 11.705 Old Relocate Start       7
Event: 12.740 Young Mark Start         8
Event: 12.741 Old Mark Start           8
Event: 12.873 Young Mark End           8
Event: 12.875 Young Relocate Start     8
Event: 13.035 Old Mark End             8
Event: 13.089 Old Relocate Start       8
Event: 19.236 Young Mark Start         9
Event: 20.388 Young Mark End           9
Event: 20.461 Young Relocate Start     9
Event: 22.883 Young Mark Start        10
Event: 23.394 Young Mark End          10
Event: 23.403 Young Relocate Start    10
Event: 27.658 Young Mark Start        11
Event: 28.699 Young Mark End          11
Event: 28.819 Young Relocate Start    11
Event: 29.229 Young Mark Start        12
Event: 29.229 Old Mark Start           9
Event: 30.837 Young Mark End          12
Event: 31.068 Young Relocate Start    12

VM Operations (250 events):
Event: 18.401 Executing VM operation: HandshakeAllThreads (Deoptimize)
Event: 18.401 Executing VM operation: HandshakeAllThreads (Deoptimize) done
Event: 18.416 Executing VM operation: HandshakeAllThreads (Deoptimize)
Event: 18.416 Executing VM operation: HandshakeAllThreads (Deoptimize) done
Event: 18.578 Executing VM operation: ICBufferFull
Event: 18.578 Executing VM operation: ICBufferFull done
Event: 18.580 Executing VM operation: HandshakeAllThreads (Deoptimize)
Event: 18.580 Executing VM operation: HandshakeAllThreads (Deoptimize) done
Event: 18.583 Executing VM operation: HandshakeAllThreads (Deoptimize)
Event: 18.583 Executing VM operation: HandshakeAllThreads (Deoptimize) done
Event: 18.584 Executing VM operation: HandshakeAllThreads (Deoptimize)
Event: 18.584 Executing VM operation: HandshakeAllThreads (Deoptimize) done
Event: 18.702 Executing VM operation: ICBufferFull
Event: 18.702 Executing VM operation: ICBufferFull done
Event: 18.795 Executing VM operation: ICBufferFull
Event: 18.795 Executing VM operation: ICBufferFull done
Event: 18.843 Executing VM operation: HandshakeAllThreads (Deoptimize)
Event: 18.851 Executing VM operation: HandshakeAllThreads (Deoptimize) done
Event: 18.876 Executing VM operation: HandshakeAllThreads (Deoptimize)
Event: 18.880 Executing VM operation: HandshakeAllThreads (Deoptimize) done
Event: 19.017 Executing VM operation: HandshakeAllThreads (Deoptimize)
Event: 19.021 Executing VM operation: HandshakeAllThreads (Deoptimize) done
Event: 19.031 Executing VM operation: ICBufferFull
Event: 19.031 Executing VM operation: ICBufferFull done
Event: 19.069 Executing VM operation: HandshakeAllThreads (Deoptimize)
Event: 19.069 Executing VM operation: HandshakeAllThreads (Deoptimize) done
Event: 19.180 Executing VM operation: HandshakeAllThreads (Deoptimize)
Event: 19.180 Executing VM operation: HandshakeAllThreads (Deoptimize) done
Event: 19.189 Executing VM operation: HandshakeAllThreads (Deoptimize)
Event: 19.189 Executing VM operation: HandshakeAllThreads (Deoptimize) done
Event: 19.192 Executing VM operation: HandshakeAllThreads (Deoptimize)
Event: 19.192 Executing VM operation: HandshakeAllThreads (Deoptimize) done
Event: 19.236 Executing VM operation: ZMarkStartYoung (Allocation Rate)
Event: 19.236 Executing VM operation: ZMarkStartYoung (Allocation Rate) done
Event: 19.779 Executing VM operation: ICBufferFull
Event: 19.845 Executing VM operation: ICBufferFull done
Event: 20.052 Executing VM operation: ICBufferFull
Event: 20.052 Executing VM operation: ICBufferFull done
Event: 20.225 Executing VM operation: HandshakeAllThreads (ZMarkFlushAndFreeStacks)
Event: 20.225 Executing VM operation: HandshakeAllThreads (ZMarkFlushAndFreeStacks) done
Event: 20.225 Executing VM operation: ZMarkFlushOperation
Event: 20.225 Executing VM operation: ZMarkFlushOperation done
Event: 20.238 Executing VM operation: HandshakeAllThreads (Deoptimize)
Event: 20.238 Executing VM operation: HandshakeAllThreads (Deoptimize) done
Event: 20.256 Executing VM operation: HandshakeAllThreads (ZMarkFlushAndFreeStacks)
Event: 20.257 Executing VM operation: HandshakeAllThreads (ZMarkFlushAndFreeStacks) done
Event: 20.257 Executing VM operation: ZMarkFlushOperation
Event: 20.257 Executing VM operation: ZMarkFlushOperation done
Event: 20.257 Executing VM operation: HandshakeAllThreads (ZMarkFlushAndFreeStacks)
Event: 20.257 Executing VM operation: HandshakeAllThreads (ZMarkFlushAndFreeStacks) done
Event: 20.257 Executing VM operation: ZMarkFlushOperation
Event: 20.257 Executing VM operation: ZMarkFlushOperation done
Event: 20.258 Executing VM operation: HandshakeAllThreads (ZMarkFlushAndFreeStacks)
Event: 20.258 Executing VM operation: HandshakeAllThreads (ZMarkFlushAndFreeStacks) done
Event: 20.258 Executing VM operation: ZMarkFlushOperation
Event: 20.258 Executing VM operation: ZMarkFlushOperation done
Event: 20.258 Executing VM operation: HandshakeAllThreads (ZMarkFlushAndFreeStacks)
Event: 20.258 Executing VM operation: HandshakeAllThreads (ZMarkFlushAndFreeStacks) done
Event: 20.258 Executing VM operation: ZMarkFlushOperation
Event: 20.258 Executing VM operation: ZMarkFlushOperation done
Event: 20.259 Executing VM operation: HandshakeAllThreads (ZMarkFlushAndFreeStacks)
Event: 20.259 Executing VM operation: HandshakeAllThreads (ZMarkFlushAndFreeStacks) done
Event: 20.259 Executing VM operation: ZMarkFlushOperation
Event: 20.259 Executing VM operation: ZMarkFlushOperation done
Event: 20.259 Executing VM operation: HandshakeAllThreads (ZMarkFlushAndFreeStacks)
Event: 20.259 Executing VM operation: HandshakeAllThreads (ZMarkFlushAndFreeStacks) done
Event: 20.259 Executing VM operation: ZMarkFlushOperation
Event: 20.259 Executing VM operation: ZMarkFlushOperation done
Event: 20.259 Executing VM operation: HandshakeAllThreads (ZMarkFlushAndFreeStacks)
Event: 20.259 Executing VM operation: HandshakeAllThreads (ZMarkFlushAndFreeStacks) done
Event: 20.259 Executing VM operation: ZMarkFlushOperation
Event: 20.259 Executing VM operation: ZMarkFlushOperation done
Event: 20.259 Executing VM operation: HandshakeAllThreads (ZMarkFlushAndFreeStacks)
Event: 20.259 Executing VM operation: HandshakeAllThreads (ZMarkFlushAndFreeStacks) done
Event: 20.259 Executing VM operation: ZMarkFlushOperation
Event: 20.259 Executing VM operation: ZMarkFlushOperation done
Event: 20.259 Executing VM operation: HandshakeAllThreads (ZMarkFlushAndFreeStacks)
Event: 20.259 Executing VM operation: HandshakeAllThreads (ZMarkFlushAndFreeStacks) done
Event: 20.259 Executing VM operation: ZMarkFlushOperation
Event: 20.259 Executing VM operation: ZMarkFlushOperation done
Event: 20.276 Executing VM operation: HandshakeAllThreads (Deoptimize)
Event: 20.277 Executing VM operation: HandshakeAllThreads (Deoptimize) done
Event: 20.287 Executing VM operation: HandshakeAllThreads (Deoptimize)
Event: 20.288 Executing VM operation: HandshakeAllThreads (Deoptimize) done
Event: 20.301 Executing VM operation: ICBufferFull
Event: 20.302 Executing VM operation: ICBufferFull done
Event: 20.388 Executing VM operation: HandshakeAllThreads (ZMarkFlushAndFreeStacks)
Event: 20.388 Executing VM operation: HandshakeAllThreads (ZMarkFlushAndFreeStacks) done
Event: 20.388 Executing VM operation: ZMarkFlushOperation
Event: 20.388 Executing VM operation: ZMarkFlushOperation done
Event: 20.388 Executing VM operation: ZMarkEndYoung (Allocation Rate)
Event: 20.388 Executing VM operation: ZMarkEndYoung (Allocation Rate) done
Event: 20.405 Executing VM operation: HandshakeAllThreads (Deoptimize)
Event: 20.405 Executing VM operation: HandshakeAllThreads (Deoptimize) done
Event: 20.461 Executing VM operation: ZRelocateStartYoung (Allocation Rate)
Event: 20.461 Executing VM operation: ZRelocateStartYoung (Allocation Rate) done
Event: 21.461 Executing VM operation: Cleanup
Event: 21.461 Executing VM operation: Cleanup done
Event: 22.328 Executing VM operation: HandshakeAllThreads (Deoptimize)
Event: 22.329 Executing VM operation: HandshakeAllThreads (Deoptimize) done
Event: 22.883 Executing VM operation: ZMarkStartYoung (Allocation Rate)
Event: 22.883 Executing VM operation: ZMarkStartYoung (Allocation Rate) done
Event: 23.377 Executing VM operation: HandshakeAllThreads (Deoptimize)
Event: 23.377 Executing VM operation: HandshakeAllThreads (Deoptimize) done
Event: 23.390 Executing VM operation: HandshakeAllThreads (ZMarkFlushAndFreeStacks)
Event: 23.390 Executing VM operation: HandshakeAllThreads (ZMarkFlushAndFreeStacks) done
Event: 23.390 Executing VM operation: ZMarkFlushOperation
Event: 23.390 Executing VM operation: ZMarkFlushOperation done
Event: 23.390 Executing VM operation: HandshakeAllThreads (ZMarkFlushAndFreeStacks)
Event: 23.390 Executing VM operation: HandshakeAllThreads (ZMarkFlushAndFreeStacks) done
Event: 23.390 Executing VM operation: ZMarkFlushOperation
Event: 23.390 Executing VM operation: ZMarkFlushOperation done
Event: 23.390 Executing VM operation: HandshakeAllThreads (ZMarkFlushAndFreeStacks)
Event: 23.390 Executing VM operation: HandshakeAllThreads (ZMarkFlushAndFreeStacks) done
Event: 23.390 Executing VM operation: ZMarkFlushOperation
Event: 23.390 Executing VM operation: ZMarkFlushOperation done
Event: 23.390 Executing VM operation: HandshakeAllThreads (ZMarkFlushAndFreeStacks)
Event: 23.390 Executing VM operation: HandshakeAllThreads (ZMarkFlushAndFreeStacks) done
Event: 23.390 Executing VM operation: ZMarkFlushOperation
Event: 23.390 Executing VM operation: ZMarkFlushOperation done
Event: 23.390 Executing VM operation: HandshakeAllThreads (ZMarkFlushAndFreeStacks)
Event: 23.390 Executing VM operation: HandshakeAllThreads (ZMarkFlushAndFreeStacks) done
Event: 23.390 Executing VM operation: ZMarkFlushOperation
Event: 23.390 Executing VM operation: ZMarkFlushOperation done
Event: 23.390 Executing VM operation: HandshakeAllThreads (ZMarkFlushAndFreeStacks)
Event: 23.390 Executing VM operation: HandshakeAllThreads (ZMarkFlushAndFreeStacks) done
Event: 23.390 Executing VM operation: ZMarkFlushOperation
Event: 23.390 Executing VM operation: ZMarkFlushOperation done
Event: 23.390 Executing VM operation: HandshakeAllThreads (ZMarkFlushAndFreeStacks)
Event: 23.390 Executing VM operation: HandshakeAllThreads (ZMarkFlushAndFreeStacks) done
Event: 23.390 Executing VM operation: ZMarkFlushOperation
Event: 23.390 Executing VM operation: ZMarkFlushOperation done
Event: 23.390 Executing VM operation: HandshakeAllThreads (ZMarkFlushAndFreeStacks)
Event: 23.390 Executing VM operation: HandshakeAllThreads (ZMarkFlushAndFreeStacks) done
Event: 23.390 Executing VM operation: ZMarkFlushOperation
Event: 23.390 Executing VM operation: ZMarkFlushOperation done
Event: 23.390 Executing VM operation: HandshakeAllThreads (ZMarkFlushAndFreeStacks)
Event: 23.390 Executing VM operation: HandshakeAllThreads (ZMarkFlushAndFreeStacks) done
Event: 23.390 Executing VM operation: ZMarkFlushOperation
Event: 23.390 Executing VM operation: ZMarkFlushOperation done
Event: 23.390 Executing VM operation: HandshakeAllThreads (ZMarkFlushAndFreeStacks)
Event: 23.390 Executing VM operation: HandshakeAllThreads (ZMarkFlushAndFreeStacks) done
Event: 23.390 Executing VM operation: ZMarkFlushOperation
Event: 23.390 Executing VM operation: ZMarkFlushOperation done
Event: 23.394 Executing VM operation: HandshakeAllThreads (ZMarkFlushAndFreeStacks)
Event: 23.394 Executing VM operation: HandshakeAllThreads (ZMarkFlushAndFreeStacks) done
Event: 23.394 Executing VM operation: ZMarkFlushOperation
Event: 23.394 Executing VM operation: ZMarkFlushOperation done
Event: 23.394 Executing VM operation: ZMarkEndYoung (Allocation Rate)
Event: 23.394 Executing VM operation: ZMarkEndYoung (Allocation Rate) done
Event: 23.403 Executing VM operation: ZRelocateStartYoung (Allocation Rate)
Event: 23.403 Executing VM operation: ZRelocateStartYoung (Allocation Rate) done
Event: 23.445 Executing VM operation: HandshakeAllThreads (Deoptimize)
Event: 23.445 Executing VM operation: HandshakeAllThreads (Deoptimize) done
Event: 23.860 Executing VM operation: HandshakeAllThreads (Deoptimize)
Event: 23.860 Executing VM operation: HandshakeAllThreads (Deoptimize) done
Event: 24.141 Executing VM operation: ICBufferFull
Event: 24.141 Executing VM operation: ICBufferFull done
Event: 25.141 Executing VM operation: Cleanup
Event: 25.141 Executing VM operation: Cleanup done
Event: 26.142 Executing VM operation: Cleanup
Event: 26.142 Executing VM operation: Cleanup done
Event: 26.158 Executing VM operation: HandshakeAllThreads (Deoptimize)
Event: 26.158 Executing VM operation: HandshakeAllThreads (Deoptimize) done
Event: 27.158 Executing VM operation: Cleanup
Event: 27.158 Executing VM operation: Cleanup done
Event: 27.572 Executing VM operation: HandshakeAllThreads (Deoptimize)
Event: 27.572 Executing VM operation: HandshakeAllThreads (Deoptimize) done
Event: 27.572 Executing VM operation: HandshakeAllThreads (Deoptimize)
Event: 27.573 Executing VM operation: HandshakeAllThreads (Deoptimize) done
Event: 27.658 Executing VM operation: ZMarkStartYoung (Allocation Rate)
Event: 27.658 Executing VM operation: ZMarkStartYoung (Allocation Rate) done
Event: 28.658 Executing VM operation: Cleanup
Event: 28.658 Executing VM operation: Cleanup done
Event: 28.663 Executing VM operation: HandshakeAllThreads (ZMarkFlushAndFreeStacks)
Event: 28.663 Executing VM operation: HandshakeAllThreads (ZMarkFlushAndFreeStacks) done
Event: 28.663 Executing VM operation: ZMarkFlushOperation
Event: 28.663 Executing VM operation: ZMarkFlushOperation done
Event: 28.664 Executing VM operation: HandshakeAllThreads (ZMarkFlushAndFreeStacks)
Event: 28.664 Executing VM operation: HandshakeAllThreads (ZMarkFlushAndFreeStacks) done
Event: 28.664 Executing VM operation: ZMarkFlushOperation
Event: 28.664 Executing VM operation: ZMarkFlushOperation done
Event: 28.673 Executing VM operation: HandshakeAllThreads (Deoptimize)
Event: 28.673 Executing VM operation: HandshakeAllThreads (Deoptimize) done
Event: 28.675 Executing VM operation: HandshakeAllThreads (Deoptimize)
Event: 28.675 Executing VM operation: HandshakeAllThreads (Deoptimize) done
Event: 28.699 Executing VM operation: HandshakeAllThreads (ZMarkFlushAndFreeStacks)
Event: 28.699 Executing VM operation: HandshakeAllThreads (ZMarkFlushAndFreeStacks) done
Event: 28.699 Executing VM operation: ZMarkFlushOperation
Event: 28.699 Executing VM operation: ZMarkFlushOperation done
Event: 28.699 Executing VM operation: HandshakeAllThreads (ZMarkFlushAndFreeStacks)
Event: 28.699 Executing VM operation: HandshakeAllThreads (ZMarkFlushAndFreeStacks) done
Event: 28.699 Executing VM operation: ZMarkFlushOperation
Event: 28.699 Executing VM operation: ZMarkFlushOperation done
Event: 28.699 Executing VM operation: ZMarkEndYoung (Allocation Rate)
Event: 28.699 Executing VM operation: ZMarkEndYoung (Allocation Rate) done
Event: 28.819 Executing VM operation: ZRelocateStartYoung (Allocation Rate)
Event: 28.819 Executing VM operation: ZRelocateStartYoung (Allocation Rate) done
Event: 28.876 Executing VM operation: ICBufferFull
Event: 28.876 Executing VM operation: ICBufferFull done
Event: 29.229 Executing VM operation: ZMarkStartYoungAndOld (CodeCache GC Threshold)
Event: 29.229 Executing VM operation: ZMarkStartYoungAndOld (CodeCache GC Threshold) done
Event: 29.449 Executing VM operation: HandshakeAllThreads (Deoptimize)
Event: 29.449 Executing VM operation: HandshakeAllThreads (Deoptimize) done
Event: 29.574 Executing VM operation: HandshakeAllThreads (Deoptimize)
Event: 29.574 Executing VM operation: HandshakeAllThreads (Deoptimize) done
Event: 29.575 Executing VM operation: HandshakeAllThreads (Deoptimize)
Event: 29.575 Executing VM operation: HandshakeAllThreads (Deoptimize) done
Event: 29.883 Executing VM operation: HandshakeAllThreads (Deoptimize)
Event: 29.883 Executing VM operation: HandshakeAllThreads (Deoptimize) done
Event: 29.884 Executing VM operation: HandshakeAllThreads (Deoptimize)
Event: 29.884 Executing VM operation: HandshakeAllThreads (Deoptimize) done
Event: 29.886 Executing VM operation: HandshakeAllThreads (Deoptimize)
Event: 29.886 Executing VM operation: HandshakeAllThreads (Deoptimize) done
Event: 30.082 Executing VM operation: ICBufferFull
Event: 30.083 Executing VM operation: ICBufferFull done
Event: 30.091 Executing VM operation: HandshakeAllThreads (Deoptimize)
Event: 30.091 Executing VM operation: HandshakeAllThreads (Deoptimize) done
Event: 30.798 Executing VM operation: HandshakeAllThreads (Deoptimize)
Event: 30.798 Executing VM operation: HandshakeAllThreads (Deoptimize) done
Event: 30.800 Executing VM operation: HandshakeAllThreads (Deoptimize)
Event: 30.800 Executing VM operation: HandshakeAllThreads (Deoptimize) done
Event: 30.800 Executing VM operation: ICBufferFull
Event: 30.800 Executing VM operation: ICBufferFull done
Event: 30.829 Executing VM operation: HandshakeAllThreads (Deoptimize)
Event: 30.829 Executing VM operation: HandshakeAllThreads (Deoptimize) done
Event: 30.837 Executing VM operation: HandshakeAllThreads (ZMarkFlushAndFreeStacks)
Event: 30.837 Executing VM operation: HandshakeAllThreads (ZMarkFlushAndFreeStacks) done
Event: 30.837 Executing VM operation: ZMarkFlushOperation
Event: 30.837 Executing VM operation: ZMarkFlushOperation done
Event: 30.837 Executing VM operation: HandshakeAllThreads (ZMarkFlushAndFreeStacks)
Event: 30.837 Executing VM operation: HandshakeAllThreads (ZMarkFlushAndFreeStacks) done
Event: 30.837 Executing VM operation: ZMarkFlushOperation
Event: 30.837 Executing VM operation: ZMarkFlushOperation done
Event: 30.837 Executing VM operation: HandshakeAllThreads (ZMarkFlushAndFreeStacks)
Event: 30.837 Executing VM operation: HandshakeAllThreads (ZMarkFlushAndFreeStacks) done
Event: 30.837 Executing VM operation: ZMarkFlushOperation
Event: 30.837 Executing VM operation: ZMarkFlushOperation done
Event: 30.837 Executing VM operation: ZMarkEndYoung (CodeCache GC Threshold)
Event: 30.837 Executing VM operation: ZMarkEndYoung (CodeCache GC Threshold) done
Event: 31.068 Executing VM operation: ZRelocateStartYoung (CodeCache GC Threshold)
Event: 31.068 Executing VM operation: ZRelocateStartYoung (CodeCache GC Threshold) done
Event: 31.826 Executing VM operation: HandshakeAllThreads (Deoptimize)
Event: 31.826 Executing VM operation: HandshakeAllThreads (Deoptimize) done
Event: 31.827 Executing VM operation: HandshakeAllThreads (Deoptimize)
Event: 31.827 Executing VM operation: HandshakeAllThreads (Deoptimize) done
Event: 31.834 Executing VM operation: HandshakeAllThreads (Deoptimize)
Event: 31.834 Executing VM operation: HandshakeAllThreads (Deoptimize) done
Event: 31.845 Executing VM operation: HandshakeAllThreads (Deoptimize)
Event: 31.845 Executing VM operation: HandshakeAllThreads (Deoptimize) done

Memory protections (0 events):
No events

Nmethod flushes (250 events):
Event: 13.070 Thread 0x0000017619d85d10 flushing  nmethod 0x000001761ea96d10
Event: 13.070 Thread 0x0000017619d85d10 flushing  nmethod 0x000001761ee14f90
Event: 13.070 Thread 0x0000017619d85d10 flushing  nmethod 0x0000017625e44410
Event: 13.070 Thread 0x0000017619d85d10 flushing  nmethod 0x000001761f03d910
Event: 13.070 Thread 0x0000017619d85d10 flushing  nmethod 0x000001761f373a90
Event: 13.070 Thread 0x0000017619d85d10 flushing  nmethod 0x000001761e613810
Event: 13.070 Thread 0x0000017619d85d10 flushing  nmethod 0x0000017625fd2890
Event: 13.070 Thread 0x0000017619d85d10 flushing  nmethod 0x000001761e84f510
Event: 13.070 Thread 0x0000017619d85d10 flushing  nmethod 0x000001761e4e0210
Event: 13.070 Thread 0x0000017619d85d10 flushing  nmethod 0x0000017626a9c410
Event: 13.070 Thread 0x0000017619d85d10 flushing  nmethod 0x0000017625c43c90
Event: 13.070 Thread 0x0000017619d85d10 flushing  nmethod 0x000001761fb9a190
Event: 13.070 Thread 0x0000017619d85d10 flushing  nmethod 0x000001761fb8a690
Event: 13.070 Thread 0x0000017619d85d10 flushing  nmethod 0x000001761f49f110
Event: 13.070 Thread 0x0000017619d85d10 flushing  nmethod 0x000001761e414c10
Event: 13.070 Thread 0x0000017619d85d10 flushing  nmethod 0x00000176261b6310
Event: 13.070 Thread 0x0000017619d85d10 flushing  nmethod 0x000001761ef01810
Event: 13.070 Thread 0x0000017619d85d10 flushing  nmethod 0x0000017626805110
Event: 13.070 Thread 0x0000017619d85d10 flushing  nmethod 0x000001761fa81190
Event: 13.070 Thread 0x0000017619d85d10 flushing  nmethod 0x0000017626388f10
Event: 13.070 Thread 0x0000017619d85d10 flushing  nmethod 0x000001761fac7d90
Event: 13.070 Thread 0x0000017619d85d10 flushing  nmethod 0x000001761e3bc310
Event: 13.070 Thread 0x0000017619d85d10 flushing  nmethod 0x000001761ec98110
Event: 13.070 Thread 0x0000017619d85d10 flushing  nmethod 0x000001761ea48810
Event: 13.070 Thread 0x0000017619d85d10 flushing  nmethod 0x000001761fbb4d90
Event: 13.070 Thread 0x0000017619d85d10 flushing  nmethod 0x000001761e92df90
Event: 13.070 Thread 0x0000017619d85d10 flushing  nmethod 0x000001761f6ed490
Event: 13.070 Thread 0x0000017619d85d10 flushing  nmethod 0x000001761e63a510
Event: 13.070 Thread 0x0000017619d85d10 flushing  nmethod 0x000001761f4c3010
Event: 13.070 Thread 0x0000017619d85d10 flushing  nmethod 0x000001762688a290
Event: 13.070 Thread 0x0000017619d85d10 flushing  nmethod 0x00000176261d3010
Event: 13.070 Thread 0x0000017619d85d10 flushing  nmethod 0x00000176261e1d90
Event: 13.070 Thread 0x0000017619d85d10 flushing  nmethod 0x000001761e395110
Event: 13.070 Thread 0x0000017619d85d10 flushing  nmethod 0x00000176269e3910
Event: 13.070 Thread 0x0000017619d85d10 flushing  nmethod 0x000001761e575710
Event: 13.070 Thread 0x0000017619d85d10 flushing  nmethod 0x000001761e1e8810
Event: 13.070 Thread 0x0000017619d85d10 flushing  nmethod 0x000001761f0eb790
Event: 13.070 Thread 0x0000017619d85d10 flushing  nmethod 0x000001761ef24610
Event: 13.070 Thread 0x0000017619d85d10 flushing  nmethod 0x00000176261a9790
Event: 13.070 Thread 0x0000017619d85d10 flushing  nmethod 0x000001761f05f090
Event: 13.070 Thread 0x0000017619d85d10 flushing  nmethod 0x000001761f086890
Event: 13.070 Thread 0x0000017619d85d10 flushing  nmethod 0x000001761fc7f310
Event: 13.070 Thread 0x0000017619d85d10 flushing  nmethod 0x000001761e41ce10
Event: 13.070 Thread 0x0000017619d85d10 flushing  nmethod 0x000001761e305e10
Event: 13.070 Thread 0x0000017619d85d10 flushing  nmethod 0x000001761e235310
Event: 13.070 Thread 0x0000017619d85d10 flushing  nmethod 0x000001761e414290
Event: 13.070 Thread 0x0000017619d85d10 flushing  nmethod 0x000001761e74dc90
Event: 13.070 Thread 0x0000017619d85d10 flushing  nmethod 0x000001761faa4d10
Event: 13.070 Thread 0x0000017619d85d10 flushing  nmethod 0x0000017626a51090
Event: 13.070 Thread 0x0000017619d85d10 flushing  nmethod 0x000001761ef76510
Event: 13.070 Thread 0x0000017619d85d10 flushing  nmethod 0x000001761f7f7090
Event: 13.070 Thread 0x0000017619d85d10 flushing  nmethod 0x0000017625dc7210
Event: 13.070 Thread 0x0000017619d85d10 flushing  nmethod 0x000001761fac6c90
Event: 13.070 Thread 0x0000017619d85d10 flushing  nmethod 0x000001761f9f8d10
Event: 13.070 Thread 0x0000017619d85d10 flushing  nmethod 0x0000017626ba2110
Event: 13.070 Thread 0x0000017619d85d10 flushing  nmethod 0x0000017626015410
Event: 13.070 Thread 0x0000017619d85d10 flushing  nmethod 0x0000017626be8510
Event: 13.070 Thread 0x0000017619d85d10 flushing  nmethod 0x000001761f934c90
Event: 13.070 Thread 0x0000017619d85d10 flushing  nmethod 0x000001761ed1d490
Event: 13.070 Thread 0x0000017619d85d10 flushing  nmethod 0x0000017625eec610
Event: 13.070 Thread 0x0000017619d85d10 flushing  nmethod 0x0000017625c46390
Event: 13.070 Thread 0x0000017619d85d10 flushing  nmethod 0x000001761ef6b990
Event: 13.070 Thread 0x0000017619d85d10 flushing  nmethod 0x000001761fb8df90
Event: 13.070 Thread 0x0000017619d85d10 flushing  nmethod 0x0000017626ada690
Event: 13.070 Thread 0x0000017619d85d10 flushing  nmethod 0x000001761f0c5a90
Event: 13.070 Thread 0x0000017619d85d10 flushing  nmethod 0x0000017626b88210
Event: 13.070 Thread 0x0000017619d85d10 flushing  nmethod 0x000001761e28ab90
Event: 13.070 Thread 0x0000017619d85d10 flushing  nmethod 0x000001761e0bee90
Event: 13.070 Thread 0x0000017619d85d10 flushing  nmethod 0x000001761e7a5f10
Event: 13.070 Thread 0x0000017619d85d10 flushing  nmethod 0x000001761e23d810
Event: 13.070 Thread 0x0000017619d85d10 flushing  nmethod 0x000001761e5da390
Event: 13.070 Thread 0x0000017619d85d10 flushing  nmethod 0x000001761ede9290
Event: 13.070 Thread 0x0000017619d85d10 flushing  nmethod 0x000001761e8f3d10
Event: 13.070 Thread 0x0000017619d85d10 flushing  nmethod 0x000001762613a010
Event: 13.070 Thread 0x0000017619d85d10 flushing  nmethod 0x000001761e4a8d90
Event: 13.070 Thread 0x0000017619d85d10 flushing  nmethod 0x000001761e14a490
Event: 13.070 Thread 0x0000017619d85d10 flushing  nmethod 0x000001761f44f290
Event: 13.070 Thread 0x0000017619d85d10 flushing  nmethod 0x000001761e7bbf10
Event: 13.070 Thread 0x0000017619d85d10 flushing  nmethod 0x000001761fcbe890
Event: 13.070 Thread 0x0000017619d85d10 flushing  nmethod 0x0000017625f5c010
Event: 13.070 Thread 0x0000017619d85d10 flushing  nmethod 0x0000017625f58490
Event: 13.070 Thread 0x0000017619d85d10 flushing  nmethod 0x00000176261cdb90
Event: 13.070 Thread 0x0000017619d85d10 flushing  nmethod 0x000001761e520710
Event: 13.070 Thread 0x0000017619d85d10 flushing  nmethod 0x000001761e19a610
Event: 13.070 Thread 0x0000017619d85d10 flushing  nmethod 0x000001761f0c4110
Event: 13.070 Thread 0x0000017619d85d10 flushing  nmethod 0x000001761f125e90
Event: 13.070 Thread 0x0000017619d85d10 flushing  nmethod 0x000001761f414a90
Event: 13.070 Thread 0x0000017619d85d10 flushing  nmethod 0x00000176266c9290
Event: 13.070 Thread 0x0000017619d85d10 flushing  nmethod 0x000001761f590c10
Event: 13.070 Thread 0x0000017619d85d10 flushing  nmethod 0x000001762637e610
Event: 13.070 Thread 0x0000017619d85d10 flushing  nmethod 0x0000017626bb5210
Event: 13.070 Thread 0x0000017619d85d10 flushing  nmethod 0x000001761e52f690
Event: 13.070 Thread 0x0000017619d85d10 flushing  nmethod 0x0000017626960d90
Event: 13.070 Thread 0x0000017619d85d10 flushing  nmethod 0x00000176266b7190
Event: 13.070 Thread 0x0000017619d85d10 flushing  nmethod 0x000001761fb2cd90
Event: 13.070 Thread 0x0000017619d85d10 flushing  nmethod 0x00000176260cb490
Event: 13.070 Thread 0x0000017619d85d10 flushing  nmethod 0x0000017626a87190
Event: 13.070 Thread 0x0000017619d85d10 flushing  nmethod 0x000001761f464890
Event: 13.070 Thread 0x0000017619d85d10 flushing  nmethod 0x000001761f6f5d90
Event: 13.070 Thread 0x0000017619d85d10 flushing  nmethod 0x000001761e32af10
Event: 13.070 Thread 0x0000017619d85d10 flushing  nmethod 0x000001761fbad810
Event: 13.070 Thread 0x0000017619d85d10 flushing osr nmethod 0x0000017626ac9590
Event: 13.070 Thread 0x0000017619d85d10 flushing  nmethod 0x000001761eb43090
Event: 13.070 Thread 0x0000017619d85d10 flushing  nmethod 0x000001761e588c90
Event: 13.070 Thread 0x0000017619d85d10 flushing  nmethod 0x000001761edc0c90
Event: 13.070 Thread 0x0000017619d85d10 flushing  nmethod 0x000001761e908110
Event: 13.070 Thread 0x0000017619d85d10 flushing  nmethod 0x0000017625ef3c90
Event: 13.070 Thread 0x0000017619d85d10 flushing  nmethod 0x000001761f0d0710
Event: 13.070 Thread 0x0000017619d85d10 flushing  nmethod 0x000001761e1e1190
Event: 13.070 Thread 0x0000017619d85d10 flushing  nmethod 0x000001761f065b10
Event: 13.070 Thread 0x0000017619d85d10 flushing  nmethod 0x000001761f06e490
Event: 13.070 Thread 0x0000017619d85d10 flushing  nmethod 0x000001761eaa1890
Event: 13.070 Thread 0x0000017619d85d10 flushing  nmethod 0x0000017626aea410
Event: 13.070 Thread 0x0000017619d85d10 flushing  nmethod 0x0000017626118d10
Event: 13.070 Thread 0x0000017619d85d10 flushing  nmethod 0x000001761e8f0210
Event: 13.070 Thread 0x0000017619d85d10 flushing  nmethod 0x000001761e255f10
Event: 13.070 Thread 0x0000017619d85d10 flushing  nmethod 0x000001761e56a810
Event: 13.070 Thread 0x0000017619d85d10 flushing  nmethod 0x000001761e2ba590
Event: 13.070 Thread 0x0000017619d85d10 flushing  nmethod 0x000001761e635190
Event: 13.070 Thread 0x0000017619d85d10 flushing  nmethod 0x000001762613f290
Event: 13.070 Thread 0x0000017619d85d10 flushing  nmethod 0x0000017626c0bf10
Event: 13.070 Thread 0x0000017619d85d10 flushing  nmethod 0x000001761e0a4a90
Event: 13.070 Thread 0x0000017619d85d10 flushing  nmethod 0x00000176262cd210
Event: 13.070 Thread 0x0000017619d85d10 flushing  nmethod 0x000001761e0d9b90
Event: 13.070 Thread 0x0000017619d85d10 flushing osr nmethod 0x0000017626ac4e10
Event: 13.070 Thread 0x0000017619d85d10 flushing  nmethod 0x0000017626a12210
Event: 13.070 Thread 0x0000017619d85d10 flushing  nmethod 0x000001761e4e1a90
Event: 13.070 Thread 0x0000017619d85d10 flushing  nmethod 0x000001761e4c3b90
Event: 13.070 Thread 0x0000017619d85d10 flushing  nmethod 0x000001761f9a2590
Event: 13.070 Thread 0x0000017619d85d10 flushing  nmethod 0x000001761e089e90
Event: 13.070 Thread 0x0000017619d85d10 flushing  nmethod 0x000001762663ca90
Event: 13.070 Thread 0x0000017619d85d10 flushing  nmethod 0x0000017626b4cd10
Event: 13.070 Thread 0x0000017619d85d10 flushing  nmethod 0x00000176261b1810
Event: 13.070 Thread 0x0000017619d85d10 flushing  nmethod 0x000001761e12ec10
Event: 13.070 Thread 0x0000017619d85d10 flushing  nmethod 0x0000017625d2ce90
Event: 13.070 Thread 0x0000017619d85d10 flushing  nmethod 0x0000017625ee7190
Event: 13.070 Thread 0x0000017619d85d10 flushing  nmethod 0x000001761f4d1b10
Event: 13.070 Thread 0x0000017619d85d10 flushing  nmethod 0x000001761e701290
Event: 13.070 Thread 0x0000017619d85d10 flushing  nmethod 0x000001761e792910
Event: 13.070 Thread 0x0000017619d85d10 flushing  nmethod 0x000001762698ce90
Event: 13.070 Thread 0x0000017619d85d10 flushing  nmethod 0x000001761e7d3610
Event: 13.070 Thread 0x0000017619d85d10 flushing  nmethod 0x000001761fad8d10
Event: 13.070 Thread 0x0000017619d85d10 flushing  nmethod 0x000001761e388290
Event: 13.070 Thread 0x0000017619d85d10 flushing  nmethod 0x000001761e7d7510
Event: 13.070 Thread 0x0000017619d85d10 flushing  nmethod 0x000001761fb8fa10
Event: 13.070 Thread 0x0000017619d85d10 flushing  nmethod 0x000001761f39ab90
Event: 13.070 Thread 0x0000017619d85d10 flushing  nmethod 0x000001761ee90210
Event: 13.070 Thread 0x0000017619d85d10 flushing  nmethod 0x000001761ea80710
Event: 13.070 Thread 0x0000017619d85d10 flushing  nmethod 0x0000017626bb2e90
Event: 13.070 Thread 0x0000017619d85d10 flushing  nmethod 0x000001761e4fb490
Event: 13.070 Thread 0x0000017619d85d10 flushing  nmethod 0x000001761f69b710
Event: 13.070 Thread 0x0000017619d85d10 flushing  nmethod 0x0000017625ef7310
Event: 13.070 Thread 0x0000017619d85d10 flushing  nmethod 0x000001761fb60290
Event: 13.070 Thread 0x0000017619d85d10 flushing  nmethod 0x000001761e670d10
Event: 13.070 Thread 0x0000017619d85d10 flushing  nmethod 0x000001761fb5fc90
Event: 13.070 Thread 0x0000017619d85d10 flushing  nmethod 0x0000017626711e90
Event: 13.070 Thread 0x0000017619d85d10 flushing  nmethod 0x000001761f9ac510
Event: 13.070 Thread 0x0000017619d85d10 flushing  nmethod 0x0000017625d03a90
Event: 13.070 Thread 0x0000017619d85d10 flushing  nmethod 0x000001761e7c4a10
Event: 13.070 Thread 0x0000017619d85d10 flushing  nmethod 0x000001761e7c2a10
Event: 13.070 Thread 0x0000017619d85d10 flushing  nmethod 0x00000176267e2210
Event: 13.070 Thread 0x0000017619d85d10 flushing  nmethod 0x000001762644df10
Event: 13.070 Thread 0x0000017619d85d10 flushing  nmethod 0x0000017626b74f10
Event: 13.070 Thread 0x0000017619d85d10 flushing  nmethod 0x0000017626b7f510
Event: 13.070 Thread 0x0000017619d85d10 flushing  nmethod 0x000001761e17a210
Event: 13.070 Thread 0x0000017619d85d10 flushing  nmethod 0x000001761e4f1010
Event: 13.070 Thread 0x0000017619d85d10 flushing  nmethod 0x0000017625cb0290
Event: 13.070 Thread 0x0000017619d85d10 flushing  nmethod 0x000001761f0b0310
Event: 13.070 Thread 0x0000017619d85d10 flushing  nmethod 0x000001761f7a5410
Event: 13.070 Thread 0x0000017619d85d10 flushing  nmethod 0x000001761ef21510
Event: 13.070 Thread 0x0000017619d85d10 flushing  nmethod 0x000001761fb2aa90
Event: 13.070 Thread 0x0000017619d85d10 flushing  nmethod 0x000001761e674d90
Event: 13.070 Thread 0x0000017619d85d10 flushing  nmethod 0x0000017626956c10
Event: 13.070 Thread 0x0000017619d85d10 flushing  nmethod 0x000001761f03aa90
Event: 13.070 Thread 0x0000017619d85d10 flushing  nmethod 0x000001761ecc9990
Event: 13.070 Thread 0x0000017619d85d10 flushing  nmethod 0x00000176264d0610
Event: 13.070 Thread 0x0000017619d85d10 flushing  nmethod 0x000001761e7c4110
Event: 13.070 Thread 0x0000017619d85d10 flushing  nmethod 0x000001761f2f0290
Event: 13.070 Thread 0x0000017619d85d10 flushing  nmethod 0x000001761fb08790
Event: 13.070 Thread 0x0000017619d85d10 flushing  nmethod 0x000001761f4c1590
Event: 13.070 Thread 0x0000017619d85d10 flushing  nmethod 0x00000176264eb610
Event: 13.070 Thread 0x0000017619d85d10 flushing  nmethod 0x000001761e7a3810
Event: 13.070 Thread 0x0000017619d85d10 flushing  nmethod 0x000001761fa8c510
Event: 13.070 Thread 0x0000017619d85d10 flushing  nmethod 0x0000017626a81410
Event: 13.070 Thread 0x0000017619d85d10 flushing  nmethod 0x000001761fa6ca10
Event: 13.070 Thread 0x0000017619d85d10 flushing  nmethod 0x0000017626b01a90
Event: 13.070 Thread 0x0000017619d85d10 flushing  nmethod 0x000001761fa1dc90
Event: 13.070 Thread 0x0000017619d85d10 flushing  nmethod 0x000001761fa4bd10
Event: 13.070 Thread 0x0000017619d85d10 flushing  nmethod 0x0000017625f64410
Event: 13.070 Thread 0x0000017619d85d10 flushing  nmethod 0x000001761ead2010
Event: 13.070 Thread 0x0000017619d85d10 flushing  nmethod 0x000001761e110890
Event: 13.070 Thread 0x0000017619d85d10 flushing  nmethod 0x00000176269c5790
Event: 13.070 Thread 0x0000017619d85d10 flushing  nmethod 0x000001761fb54390
Event: 13.070 Thread 0x0000017619d85d10 flushing  nmethod 0x000001761f0b2990
Event: 13.070 Thread 0x0000017619d85d10 flushing  nmethod 0x0000017625c77610
Event: 13.070 Thread 0x0000017619d85d10 flushing  nmethod 0x00000176260d8b90
Event: 13.070 Thread 0x0000017619d85d10 flushing  nmethod 0x000001761e084d90
Event: 13.070 Thread 0x0000017619d85d10 flushing  nmethod 0x0000017626154910
Event: 13.070 Thread 0x0000017619d85d10 flushing  nmethod 0x000001761fb95410
Event: 13.070 Thread 0x0000017619d85d10 flushing  nmethod 0x000001761e529f90
Event: 13.070 Thread 0x0000017619d85d10 flushing  nmethod 0x000001761ed20490
Event: 13.070 Thread 0x0000017619d85d10 flushing  nmethod 0x000001761e1bfd10
Event: 13.070 Thread 0x0000017619d85d10 flushing  nmethod 0x000001761ee43590
Event: 13.070 Thread 0x0000017619d85d10 flushing  nmethod 0x00000176265f8f10
Event: 13.070 Thread 0x0000017619d85d10 flushing  nmethod 0x00000176261a3d10
Event: 13.070 Thread 0x0000017619d85d10 flushing  nmethod 0x000001761ea9c990
Event: 13.070 Thread 0x0000017619d85d10 flushing  nmethod 0x0000017626bb9b90
Event: 13.070 Thread 0x0000017619d85d10 flushing  nmethod 0x000001761f372f10
Event: 13.070 Thread 0x0000017619d85d10 flushing  nmethod 0x000001761f354d10
Event: 13.070 Thread 0x0000017619d85d10 flushing  nmethod 0x000001761f9bdf90
Event: 13.070 Thread 0x0000017619d85d10 flushing  nmethod 0x0000017625f3ee90
Event: 13.070 Thread 0x0000017619d85d10 flushing  nmethod 0x000001761f23c190
Event: 13.070 Thread 0x0000017619d85d10 flushing  nmethod 0x000001761f128390
Event: 13.070 Thread 0x0000017619d85d10 flushing  nmethod 0x0000017625fccd90
Event: 13.070 Thread 0x0000017619d85d10 flushing  nmethod 0x000001761e3e1010
Event: 13.070 Thread 0x0000017619d85d10 flushing  nmethod 0x000001762646b490
Event: 13.070 Thread 0x0000017619d85d10 flushing  nmethod 0x0000017626717610
Event: 13.070 Thread 0x0000017619d85d10 flushing  nmethod 0x000001761e8a3b10
Event: 13.070 Thread 0x0000017619d85d10 flushing  nmethod 0x000001761e40ff10
Event: 13.070 Thread 0x0000017619d85d10 flushing  nmethod 0x000001761f0b2390
Event: 13.070 Thread 0x0000017619d85d10 flushing  nmethod 0x000001761e0e0e90
Event: 13.070 Thread 0x0000017619d85d10 flushing  nmethod 0x0000017626d02090
Event: 13.070 Thread 0x0000017619d85d10 flushing  nmethod 0x000001761f3e3a90
Event: 13.070 Thread 0x0000017619d85d10 flushing  nmethod 0x000001761ec74190
Event: 13.070 Thread 0x0000017619d85d10 flushing  nmethod 0x000001761e8f6d90
Event: 13.070 Thread 0x0000017619d85d10 flushing  nmethod 0x0000017626b49510
Event: 13.070 Thread 0x0000017619d85d10 flushing  nmethod 0x000001761e581790
Event: 13.070 Thread 0x0000017619d85d10 flushing  nmethod 0x0000017625fcdc90
Event: 13.070 Thread 0x0000017619d85d10 flushing  nmethod 0x000001762658e290
Event: 13.070 Thread 0x0000017619d85d10 flushing  nmethod 0x0000017625f5a710
Event: 13.070 Thread 0x0000017619d85d10 flushing  nmethod 0x000001761f718990
Event: 13.070 Thread 0x0000017619d85d10 flushing  nmethod 0x000001761f62d390
Event: 13.070 Thread 0x0000017619d85d10 flushing  nmethod 0x0000017626add690
Event: 13.070 Thread 0x0000017619d85d10 flushing  nmethod 0x000001761e8efe10
Event: 13.070 Thread 0x0000017619d85d10 flushing  nmethod 0x000001761ef64590
Event: 13.070 Thread 0x0000017619d85d10 flushing  nmethod 0x000001761eb15b90
Event: 13.070 Thread 0x0000017619d85d10 flushing  nmethod 0x000001762627fb90
Event: 13.070 Thread 0x0000017619d85d10 flushing  nmethod 0x0000017626a87510
Event: 13.070 Thread 0x0000017619d85d10 flushing  nmethod 0x0000017625da9a90
Event: 13.070 Thread 0x0000017619d85d10 flushing  nmethod 0x000001761ef2a690
Event: 13.070 Thread 0x0000017619d85d10 flushing  nmethod 0x000001761f867e90
Event: 13.070 Thread 0x0000017619d85d10 flushing  nmethod 0x00000176265a7490
Event: 13.070 Thread 0x0000017619d85d10 flushing  nmethod 0x00000176262ed210
Event: 13.070 Thread 0x0000017619d85d10 flushing  nmethod 0x000001761ea9d110
Event: 13.070 Thread 0x0000017619d85d10 flushing  nmethod 0x000001761f293c90
Event: 13.070 Thread 0x0000017619d85d10 flushing  nmethod 0x000001761e092e10
Event: 13.070 Thread 0x0000017619d85d10 flushing  nmethod 0x000001761fa83f90
Event: 13.070 Thread 0x0000017619d85d10 flushing  nmethod 0x0000017626cf6f10
Event: 13.070 Thread 0x0000017619d85d10 flushing  nmethod 0x0000017626711610
Event: 13.070 Thread 0x0000017619d85d10 flushing  nmethod 0x0000017625df0b90

Events (250 events):
Event: 10.412 Thread 0x0000017603050a80 Thread exited: 0x0000017603050a80
Event: 10.412 Thread 0x0000017a301cd6d0 Thread exited: 0x0000017a301cd6d0
Event: 10.412 Thread 0x00000176030531e0 Thread exited: 0x00000176030531e0
Event: 10.412 Thread 0x0000017603052b50 Thread exited: 0x0000017603052b50
Event: 10.412 Thread 0x0000017603055940 Thread exited: 0x0000017603055940
Event: 10.412 Thread 0x0000017a36c2c200 Thread exited: 0x0000017a36c2c200
Event: 10.478 Thread 0x0000017619c83ba0 Thread added: 0x0000017603055940
Event: 10.478 Thread 0x0000017619c83ba0 Thread added: 0x0000017603051110
Event: 10.478 Thread 0x0000017603055940 Thread added: 0x0000017603051e30
Event: 10.478 Thread 0x0000017603051110 Thread added: 0x000001760304e9b0
Event: 10.478 Thread 0x0000017603051e30 Thread added: 0x00000176030517a0
Event: 10.478 Thread 0x000001760304e9b0 Thread added: 0x0000017603050a80
Event: 10.479 Thread 0x00000176030517a0 Thread added: 0x0000017603052b50
Event: 10.479 Thread 0x0000017603050a80 Thread added: 0x00000176030531e0
Event: 10.479 Thread 0x00000176030531e0 Thread added: 0x0000017603053870
Event: 10.479 Thread 0x0000017603052b50 Thread added: 0x0000017a36c2cf20
Event: 10.479 Thread 0x0000017603053870 Thread added: 0x0000017a36c2dc40
Event: 10.479 Thread 0x0000017a36c2cf20 Thread added: 0x0000017a36c2ae50
Event: 10.479 Thread 0x0000017a36c2dc40 Thread added: 0x0000017a36c2c200
Event: 10.479 Thread 0x0000017a36c2ae50 Thread added: 0x0000017a36c2b4e0
Event: 10.479 Thread 0x0000017a36c2c200 Thread added: 0x0000017a36c2c890
Event: 10.480 Thread 0x0000017a36c2b4e0 Thread added: 0x0000017a36c2a7c0
Event: 10.706 Thread 0x0000017a36c2c890 Thread added: 0x0000017a301cc9b0
Event: 10.706 Thread 0x0000017a36c2c890 Thread added: 0x0000017a301cd6d0
Event: 10.707 Thread 0x0000017a36c2c890 Thread added: 0x000001760bb662e0
Event: 10.751 Thread 0x00000176030531e0 Thread added: 0x000001760bb67690
Event: 10.804 Thread 0x00000176030531e0 Thread added: 0x0000017a3612eec0
Event: 10.875 Thread 0x0000017603053870 Thread added: 0x0000017a3612f550
Event: 10.898 Thread 0x0000017603052b50 Thread added: 0x0000017a3612db10
Event: 10.988 Thread 0x0000017a36c2ae50 Thread added: 0x0000017a3612e830
Event: 10.988 Thread 0x0000017a36c2ae50 Thread added: 0x0000017a3612fbe0
Event: 11.010 Thread 0x0000017a3612db10 Thread added: 0x0000017a3612ad20
Event: 11.017 Thread 0x0000017a3612db10 Thread added: 0x0000017a3612c0d0
Event: 11.065 Thread 0x0000017603053870 Thread added: 0x0000017a36129970
Event: 11.071 Thread 0x0000017603053870 Thread added: 0x0000017a3612a000
Event: 11.082 Thread 0x0000017a3612a000 Thread exited: 0x0000017a3612a000
Event: 11.242 Thread 0x0000017a30223050 Thread added: 0x000001761543fe70
Event: 11.242 Thread 0x0000017a30223050 Thread added: 0x00000176154419b0
Event: 11.242 Thread 0x0000017a30223050 Thread added: 0x000001761543f0d0
Event: 11.246 Thread 0x0000017603053870 Thread added: 0x0000017616b03c80
Event: 11.247 Thread 0x0000017603053870 Thread added: 0x0000017616b07e20
Event: 11.329 Thread 0x00000176030517a0 Thread added: 0x0000017616b056c0
Event: 11.382 Thread 0x0000017616b03c80 Thread added: 0x0000017616b08b40
Event: 11.382 Thread 0x0000017616b03c80 Thread added: 0x0000017616b0b2a0
Event: 11.507 Thread 0x0000017a36c2c200 Thread added: 0x0000017616b063e0
Event: 11.551 Thread 0x0000017603051e30 Thread added: 0x0000017616b049a0
Event: 11.551 Thread 0x0000017616b049a0 Thread added: 0x0000017616b09860
Event: 11.574 Thread 0x0000017603051e30 Thread added: 0x0000017616b07100
Event: 11.591 Thread 0x0000017616b07e20 Thread exited: 0x0000017616b07e20
Event: 11.628 Thread 0x0000017603051e30 Thread added: 0x0000017616b07e20
Event: 11.635 Thread 0x0000017603051e30 Thread added: 0x0000017616b0a580
Event: 11.637 Thread 0x0000017603051e30 Thread added: 0x0000017616b0ac10
Event: 11.638 Thread 0x0000017a36c2dc40 Thread added: 0x0000017616b04310
Event: 11.711 Thread 0x0000017a301cd6d0 Thread exited: 0x0000017a301cd6d0
Event: 11.720 Thread 0x0000017a36c2f680 Thread added: 0x0000017a3612a690
Event: 11.721 Thread 0x0000017a3612a690 Thread exited: 0x0000017a3612a690
Event: 11.746 Thread 0x0000017616b056c0 Thread added: 0x0000017a3612a690
Event: 11.746 Thread 0x0000017a3612a690 Thread exited: 0x0000017a3612a690
Event: 11.822 Thread 0x000001761543f0d0 Thread exited: 0x000001761543f0d0
Event: 11.852 Thread 0x00000176154419b0 Thread exited: 0x00000176154419b0
Event: 11.859 Thread 0x000001761543fe70 Thread exited: 0x000001761543fe70
Event: 11.859 Thread 0x000001760cd46400 Thread exited: 0x000001760cd46400
Event: 12.065 Thread 0x000001760cd48ce0 Thread exited: 0x000001760cd48ce0
Event: 12.265 Thread 0x000001760cd45660 Thread exited: 0x000001760cd45660
Event: 12.267 Thread 0x0000017a35e61e90 Thread exited: 0x0000017a35e61e90
Event: 12.411 Thread 0x0000017616b056c0 Thread added: 0x00000176049ea570
Event: 12.411 Thread 0x00000176049ea570 Thread exited: 0x00000176049ea570
Event: 13.910 Thread 0x00000176030531e0 Thread added: 0x00000176049ea570
Event: 13.996 Thread 0x0000017619c83ba0 Thread added: 0x00000176049efac0
Event: 14.003 Thread 0x000001761a1e00e0 Thread added: 0x000001761543f0d0
Event: 14.004 Thread 0x000001761a1e00e0 Thread added: 0x000001761543cec0
Event: 14.004 Thread 0x000001761a1e00e0 Thread added: 0x00000176154419b0
Event: 14.094 Thread 0x000001761a2433b0 Thread added: 0x000001761543d590
Event: 14.095 Thread 0x0000017a3548ef70 Thread added: 0x000001761543fe70
Event: 14.097 Thread 0x000001761543d590 Thread added: 0x0000017a35e60a20
Event: 14.549 Thread 0x0000017a35e60a20 Thread exited: 0x0000017a35e60a20
Event: 14.549 Thread 0x000001761543fe70 Thread exited: 0x000001761543fe70
Event: 14.921 Thread 0x000001761543d590 Thread exited: 0x000001761543d590
Event: 14.929 Thread 0x00000176154419b0 Thread exited: 0x00000176154419b0
Event: 14.929 Thread 0x000001761543cec0 Thread exited: 0x000001761543cec0
Event: 15.451 Thread 0x000001761543f0d0 Thread exited: 0x000001761543f0d0
Event: 17.327 Thread 0x000001761a244a60 Thread added: 0x0000017a35e617c0
Event: 17.391 Thread 0x0000017a35e617c0 Thread added: 0x0000017a35e61e90
Event: 17.403 Thread 0x0000017a35e617c0 Thread added: 0x0000017a35e5eee0
Event: 17.453 Thread 0x000001761a2433b0 Thread added: 0x0000017a35e5f5b0
Event: 17.554 Thread 0x0000017619c83ba0 Thread added: 0x00000176030503f0
Event: 18.021 Thread 0x0000017a35e5f5b0 Thread exited: 0x0000017a35e5f5b0
Event: 18.426 Thread 0x0000017619c83ba0 Thread added: 0x0000017a36c286f0
Event: 18.529 Thread 0x0000017a35e5eee0 Thread exited: 0x0000017a35e5eee0
Event: 18.533 Thread 0x0000017a35e61e90 Thread exited: 0x0000017a35e61e90
Event: 18.549 Thread 0x0000017a35e617c0 Thread exited: 0x0000017a35e617c0
Event: 18.592 Thread 0x0000017a30223050 Thread added: 0x000001761543f0d0
Event: 18.673 Thread 0x0000017619c83ba0 Thread added: 0x0000017a301cd6d0
Event: 18.673 Thread 0x0000017a301cd6d0 Thread added: 0x0000017a8f927fb0
Event: 18.674 Thread 0x0000017619c83ba0 Thread added: 0x0000017a8f926c00
Event: 18.674 Thread 0x00000176030531e0 Thread added: 0x0000017a8f92a710
Event: 18.674 Thread 0x0000017a8f92a710 Thread added: 0x0000017a8f927290
Event: 18.674 Thread 0x00000176030531e0 Thread added: 0x0000017a8f92ada0
Event: 18.675 Thread 0x0000017a8f927290 Thread added: 0x0000017a8f925850
Event: 18.675 Thread 0x0000017a8f92ada0 Thread added: 0x0000017a8f9251c0
Event: 18.675 Thread 0x0000017a8f925850 Thread added: 0x0000017a8f928640
Event: 18.675 Thread 0x0000017a8f9251c0 Thread added: 0x0000017a8f92a080
Event: 18.675 Thread 0x0000017a8f9251c0 Thread added: 0x0000017a8f928cd0
Event: 18.675 Thread 0x0000017a8f9251c0 Thread added: 0x0000017a8f92b430
Event: 18.675 Thread 0x0000017a8f928640 Thread added: 0x0000017a8f929360
Event: 18.676 Thread 0x0000017a8f92a080 Thread added: 0x0000017a8f925ee0
Event: 18.676 Thread 0x000001761a2433b0 Thread added: 0x000001761543fe70
Event: 18.677 Thread 0x000001761a2433b0 Thread added: 0x0000017a35e5f5b0
Event: 18.677 Thread 0x000001761a2433b0 Thread added: 0x0000017a35e617c0
Event: 18.678 Thread 0x0000017a8f927290 Thread added: 0x0000017a8f9299f0
Event: 18.680 Thread 0x0000017a8f9299f0 Thread added: 0x0000017a8f92bac0
Event: 18.684 Thread 0x000001761543fe70 Thread added: 0x0000017a35e61e90
Event: 18.730 Thread 0x0000017a30223050 Thread added: 0x000001760cd45660
Event: 18.732 Thread 0x0000017a8f9251c0 Thread added: 0x0000017a8f927920
Event: 18.732 Thread 0x000001761a244a60 Thread added: 0x000001760cd48ce0
Event: 18.763 Thread 0x0000017a8f92bac0 Thread added: 0x0000017a8f92c150
Event: 18.764 Thread 0x0000017a8f92bac0 Thread added: 0x0000017a8f92c7e0
Event: 19.026 Thread 0x0000017619c83ba0 Thread added: 0x0000017a8fcda740
Event: 19.213 Thread 0x0000017619c83ba0 Thread added: 0x0000017a8fcda0b0
Event: 19.225 Thread 0x0000017619c83ba0 Thread added: 0x0000017a8fcd37b0
Event: 20.169 Thread 0x0000017619c83ba0 Thread added: 0x0000017a8fcd9390
Event: 20.172 Thread 0x0000017619c83ba0 Thread added: 0x0000017a8fcd5f10
Event: 20.233 Thread 0x0000017a8f929360 Thread added: 0x0000017a8fcd65a0
Event: 20.233 Thread 0x0000017a8f929360 Thread added: 0x0000017a8fcd7950
Event: 20.264 Thread 0x0000017619c83ba0 Thread added: 0x0000017a8fcd7fe0
Event: 20.268 Thread 0x0000017619c83ba0 Thread added: 0x0000017abfe71d10
Event: 20.368 Thread 0x0000017a8f92a710 Thread added: 0x0000017abfe778f0
Event: 20.368 Thread 0x0000017a8f92a710 Thread added: 0x0000017abfe75820
Event: 20.414 Thread 0x0000017a8fcd65a0 Thread added: 0x0000017abfe76540
Event: 20.414 Thread 0x0000017abfe76540 Thread exited: 0x0000017abfe76540
Event: 20.420 Thread 0x0000017a8fcd7950 Thread added: 0x0000017abfe77f80
Event: 20.420 Thread 0x0000017abfe77f80 Thread exited: 0x0000017abfe77f80
Event: 20.508 Thread 0x0000017a8fcd65a0 Thread exited: 0x0000017a8fcd65a0
Event: 20.512 Thread 0x0000017619c83ba0 Thread added: 0x0000017abfe730c0
Event: 20.516 Thread 0x0000017a8fcd7950 Thread exited: 0x0000017a8fcd7950
Event: 20.518 Thread 0x0000017abfe730c0 Thread exited: 0x0000017abfe730c0
Event: 20.535 Thread 0x0000017619c83ba0 Thread added: 0x0000017abfe74b00
Event: 20.535 Thread 0x0000017abfe74b00 Thread exited: 0x0000017abfe74b00
Event: 20.536 Thread 0x0000017619c83ba0 Thread added: 0x0000017abfe73de0
Event: 20.536 Thread 0x0000017abfe73de0 Thread exited: 0x0000017abfe73de0
Event: 20.753 Thread 0x000001760cd48ce0 Thread exited: 0x000001760cd48ce0
Event: 20.953 Thread 0x000001760cd45660 Thread exited: 0x000001760cd45660
Event: 21.025 Thread 0x0000017a35e61e90 Thread exited: 0x0000017a35e61e90
Event: 21.025 Thread 0x0000017a35e617c0 Thread exited: 0x0000017a35e617c0
Event: 21.026 Thread 0x0000017a35e5f5b0 Thread exited: 0x0000017a35e5f5b0
Event: 22.270 Thread 0x000001761543fe70 Thread exited: 0x000001761543fe70
Event: 22.453 Thread 0x000001761543f0d0 Thread exited: 0x000001761543f0d0
Event: 22.911 Thread 0x000001761a1e00e0 Thread added: 0x0000017ab96545a0
Event: 22.955 Thread 0x000001761a244a60 Thread added: 0x0000017ab9654c70
Event: 23.130 Thread 0x0000017ab96545a0 Thread exited: 0x0000017ab96545a0
Event: 23.130 Thread 0x0000017ab9654c70 Thread exited: 0x0000017ab9654c70
Event: 23.355 Thread 0x0000017a30223050 Thread added: 0x0000017ab96560e0
Event: 23.394 Thread 0x000001761a2433b0 Thread added: 0x0000017ab9655340
Event: 23.396 Thread 0x0000017a3548ef70 Thread added: 0x0000017ab9650f20
Event: 23.400 Thread 0x000001761a2433b0 Thread added: 0x0000017ab9655a10
Event: 23.408 Thread 0x0000017ab9655a10 Thread added: 0x0000017ab9650180
Event: 23.442 Thread 0x000001761a244a60 Thread added: 0x0000017ab9656e80
Event: 24.404 Thread 0x0000017ab9656e80 Thread exited: 0x0000017ab9656e80
Event: 24.474 Thread 0x0000017ab9650180 Thread exited: 0x0000017ab9650180
Event: 24.787 Thread 0x0000017ab9655a10 Thread exited: 0x0000017ab9655a10
Event: 24.787 Thread 0x0000017ab9650f20 Thread exited: 0x0000017ab9650f20
Event: 24.921 Thread 0x0000017ab9655340 Thread exited: 0x0000017ab9655340
Event: 24.970 Thread 0x0000017ab96560e0 Thread exited: 0x0000017ab96560e0
Event: 25.078 Thread 0x0000017a3548ef70 Thread added: 0x0000017ab9650180
Event: 25.078 Thread 0x0000017a8f9299f0 Thread exited: 0x0000017a8f9299f0
Event: 25.220 Thread 0x0000017ab9650180 Thread exited: 0x0000017ab9650180
Event: 25.296 Thread 0x0000017a8fcd7fe0 Thread added: 0x0000017abfe74470
Event: 26.765 Thread 0x0000017a3548ef70 Thread exited: 0x0000017a3548ef70
Event: 26.954 Thread 0x000001761a2433b0 Thread added: 0x0000017ab9652390
Event: 27.170 Thread 0x000001761a244a60 Thread added: 0x0000017ab9653130
Event: 27.175 Thread 0x0000017a30223050 Thread added: 0x0000017ab96545a0
Event: 27.859 Thread 0x0000017ab96545a0 Thread exited: 0x0000017ab96545a0
Event: 28.121 Thread 0x0000017ab9652390 Thread exited: 0x0000017ab9652390
Event: 28.204 Thread 0x0000017ab9653130 Thread exited: 0x0000017ab9653130
Event: 28.681 Thread 0x0000017a30223050 Thread added: 0x0000017ab9653130
Event: 28.686 Thread 0x0000017a30223050 Thread added: 0x0000017ab9655340
Event: 28.691 Thread 0x0000017ab9655340 Thread added: 0x0000017ab96545a0
Event: 28.763 Thread 0x0000017a8f925ee0 Thread added: 0x0000017abfe78610
Event: 28.777 Thread 0x000001761a244a60 Thread added: 0x0000017ab9655a10
Event: 28.781 Thread 0x000001761a2433b0 Thread added: 0x0000017ab9654c70
Event: 28.782 Thread 0x000001761a244a60 Thread added: 0x0000017ab9650f20
Event: 28.863 Thread 0x0000017a8f927290 Thread added: 0x0000017abfe730c0
Event: 28.864 Thread 0x0000017abfe730c0 Thread exited: 0x0000017abfe730c0
Event: 28.938 Thread 0x0000017abfe78610 Thread exited: 0x0000017abfe78610
Event: 29.230 Thread 0x0000017619c83ba0 Thread added: 0x0000017abfe77260
Event: 29.230 Thread 0x0000017619c83ba0 Thread added: 0x0000017abfe730c0
Event: 29.230 Thread 0x0000017619c83ba0 Thread added: 0x0000017abfe78610
Event: 29.230 Thread 0x0000017619c83ba0 Thread added: 0x0000017abfe73750
Event: 29.528 Thread 0x0000017ab9650f20 Thread exited: 0x0000017ab9650f20
Event: 29.998 Thread 0x0000017ab9654c70 Thread exited: 0x0000017ab9654c70
Event: 29.998 Thread 0x0000017ab9655a10 Thread exited: 0x0000017ab9655a10
Event: 29.999 Thread 0x0000017ab96545a0 Thread exited: 0x0000017ab96545a0
Event: 29.999 Thread 0x0000017ab9655340 Thread exited: 0x0000017ab9655340
Event: 29.999 Thread 0x0000017ab9653130 Thread exited: 0x0000017ab9653130
Event: 30.016 Thread 0x000001761a2433b0 Thread added: 0x0000017a35e617c0
Event: 30.024 Thread 0x000001761a1e00e0 Thread added: 0x0000017a35e61e90
Event: 30.027 Thread 0x000001761a244a60 Thread added: 0x0000017ab9650f20
Event: 30.076 Thread 0x000001761a1e00e0 Thread added: 0x0000017ab96545a0
Event: 30.471 Thread 0x0000017ab96545a0 Thread exited: 0x0000017ab96545a0
Event: 30.689 Thread 0x0000017ab9650f20 Thread exited: 0x0000017ab9650f20
Event: 30.689 Thread 0x0000017a35e61e90 Thread exited: 0x0000017a35e61e90
Event: 30.694 Thread 0x0000017a35e617c0 Thread exited: 0x0000017a35e617c0
Event: 30.720 Thread 0x000001761a2433b0 Thread added: 0x0000017ab9650f20
Event: 30.722 Thread 0x0000017a30223050 Thread added: 0x0000017ab9654c70
Event: 30.782 Thread 0x000001761a244a60 Thread added: 0x0000017ab96545a0
Event: 30.831 Thread 0x0000017619c83ba0 Thread added: 0x0000017a8f9299f0
Event: 30.831 Thread 0x0000017a8f9299f0 Thread added: 0x0000017607f47f80
Event: 30.857 Thread 0x0000017619c83ba0 Thread added: 0x0000017607f48610
Event: 30.857 Thread 0x0000017619c83ba0 Thread added: 0x0000017607f4a050
Event: 30.857 Thread 0x0000017619c83ba0 Thread added: 0x0000017607f4a6e0
Event: 30.858 Thread 0x0000017607f48610 Thread exited: 0x0000017607f48610
Event: 30.858 Thread 0x0000017607f4a6e0 Thread exited: 0x0000017607f4a6e0
Event: 30.858 Thread 0x0000017607f4a050 Thread exited: 0x0000017607f4a050
Event: 30.859 Thread 0x0000017619c83ba0 Thread added: 0x0000017607f45eb0
Event: 30.859 Thread 0x0000017619c83ba0 Thread added: 0x0000017607f48610
Event: 30.860 Thread 0x0000017619c83ba0 Thread added: 0x0000017607f4a6e0
Event: 30.860 Thread 0x0000017607f45eb0 Thread exited: 0x0000017607f45eb0
Event: 30.860 Thread 0x0000017619c83ba0 Thread added: 0x0000017607f4c7b0
Event: 30.860 Thread 0x0000017607f48610 Thread exited: 0x0000017607f48610
Event: 30.860 Thread 0x0000017607f4a6e0 Thread exited: 0x0000017607f4a6e0
Event: 30.860 Thread 0x0000017607f4c7b0 Thread exited: 0x0000017607f4c7b0
Event: 30.861 Thread 0x0000017619c83ba0 Thread added: 0x0000017607f4c120
Event: 30.861 Thread 0x0000017607f4c120 Thread exited: 0x0000017607f4c120
Event: 30.862 Thread 0x0000017619c83ba0 Thread added: 0x0000017607f4ad70
Event: 30.882 Thread 0x0000017619c83ba0 Thread added: 0x0000017607f478f0
Event: 30.886 Thread 0x0000017607f478f0 Thread exited: 0x0000017607f478f0
Event: 30.888 Thread 0x0000017619c83ba0 Thread added: 0x0000017607f4c120
Event: 30.888 Thread 0x0000017607f4c120 Thread exited: 0x0000017607f4c120
Event: 30.888 Thread 0x0000017619c83ba0 Thread added: 0x0000017607f4b400
Event: 30.889 Thread 0x0000017607f4b400 Thread exited: 0x0000017607f4b400
Event: 31.121 Thread 0x000001760bb63b80 Thread exited: 0x000001760bb63b80
Event: 31.133 Thread 0x0000017ab9654c70 Thread exited: 0x0000017ab9654c70
Event: 31.133 Thread 0x0000017ab9650f20 Thread exited: 0x0000017ab9650f20
Event: 31.329 Thread 0x0000017abfe71d10 Thread added: 0x0000017607f4b400
Event: 31.329 Thread 0x0000017607f4b400 Thread exited: 0x0000017607f4b400
Event: 31.518 Thread 0x0000017abfe71d10 Thread added: 0x0000017607f48ca0
Event: 31.812 Thread 0x0000017619c83ba0 Thread added: 0x0000017607f478f0
Event: 31.813 Thread 0x0000017619c83ba0 Thread added: 0x0000017607f499c0
Event: 31.814 Thread 0x0000017607f499c0 Thread exited: 0x0000017607f499c0
Event: 31.845 Thread 0x0000017619c83ba0 Thread added: 0x0000017607f48610
Event: 31.850 Thread 0x0000017619c83ba0 Thread added: 0x0000017607f49330
Event: 31.903 Thread 0x0000017607f478f0 Thread exited: 0x0000017607f478f0
Event: 31.907 Thread 0x0000017607f48610 Thread added: 0x0000017607f4a050
Event: 31.907 Thread 0x0000017607f48610 Thread added: 0x0000017607f4a6e0
Event: 31.907 Thread 0x0000017607f48610 Thread exited: 0x0000017607f48610
Event: 31.927 Thread 0x0000017619c83ba0 Thread added: 0x0000017607f45820
Event: 31.929 Thread 0x0000017607f45820 Thread added: 0x0000017607f45eb0
Event: 31.933 Thread 0x0000017607f4a6e0 Thread exited: 0x0000017607f4a6e0
Event: 32.018 Thread 0x0000017607f45820 Thread added: 0x0000017607f4a6e0
Event: 32.018 Thread 0x0000017607f45820 Thread added: 0x0000017607f47260


Dynamic libraries:
0x00007ff6dc730000 - 0x00007ff6dc745000 	C:\Games\Minecraft\Install\runtime\minecraft-java-exe\windows-x64\minecraft-java-exe\MinecraftJava.exe
0x00007ffdfb650000 - 0x00007ffdfb847000 	C:\Windows\SYSTEM32\ntdll.dll
0x00007ffdfa590000 - 0x00007ffdfa64d000 	C:\Windows\System32\KERNEL32.DLL
0x00007ffdf9190000 - 0x00007ffdf9486000 	C:\Windows\System32\KERNELBASE.dll
0x00007ffdfa800000 - 0x00007ffdfa99e000 	C:\Windows\System32\USER32.dll
0x00007ffdf8d60000 - 0x00007ffdf8d82000 	C:\Windows\System32\win32u.dll
0x00007ffdfa290000 - 0x00007ffdfa2bc000 	C:\Windows\System32\GDI32.dll
0x00007ffdf8ec0000 - 0x00007ffdf8fda000 	C:\Windows\System32\gdi32full.dll
0x00007ffdf8d90000 - 0x00007ffdf8e2d000 	C:\Windows\System32\msvcp_win.dll
0x00007ffdf9090000 - 0x00007ffdf9190000 	C:\Windows\System32\ucrtbase.dll
0x00007ffdd9890000 - 0x00007ffdd9918000 	C:\Windows\SYSTEM32\MSVCP140.dll
0x00007ffdd9930000 - 0x00007ffdd994e000 	C:\Windows\SYSTEM32\VCRUNTIME140.dll
0x00007ffdd9920000 - 0x00007ffdd992b000 	C:\Windows\SYSTEM32\VCRUNTIME140_1.dll
0x00007ffdf9990000 - 0x00007ffdf99c0000 	C:\Windows\System32\IMM32.DLL
0x00007ffdcebc0000 - 0x00007ffdcebd8000 	C:\Games\Minecraft\Install\runtime\java-runtime-delta\windows-x64\java-runtime-delta\bin\jli.dll
0x00007ffddcbb0000 - 0x00007ffddcc60000 	C:\Windows\WinSxS\amd64_microsoft.windows.common-controls_6595b64144ccf1df_5.82.19041.3570_none_793094a72440f60b\COMCTL32.dll
0x00007ffdfaa60000 - 0x00007ffdfab0e000 	C:\Windows\System32\ADVAPI32.dll
0x00007ffdfb210000 - 0x00007ffdfb2ae000 	C:\Windows\System32\msvcrt.dll
0x00007ffdfa2c0000 - 0x00007ffdfa35c000 	C:\Windows\System32\sechost.dll
0x00007ffdfab10000 - 0x00007ffdfac36000 	C:\Windows\System32\RPCRT4.dll
0x00007ffdc7470000 - 0x00007ffdc748d000 	C:\Games\Minecraft\Install\runtime\java-runtime-delta\windows-x64\java-runtime-delta\bin\vcruntime140.dll
0x00007ffdcfe80000 - 0x00007ffdcfe8c000 	C:\Games\Minecraft\Install\runtime\java-runtime-delta\windows-x64\java-runtime-delta\bin\vcruntime140_1.dll
0x00007ffda4480000 - 0x00007ffda450d000 	C:\Games\Minecraft\Install\runtime\java-runtime-delta\windows-x64\java-runtime-delta\bin\msvcp140.dll
0x00007ffcd4870000 - 0x00007ffcd5608000 	C:\Games\Minecraft\Install\runtime\java-runtime-delta\windows-x64\java-runtime-delta\bin\server\jvm.dll
0x00007ffdfac50000 - 0x00007ffdfacbb000 	C:\Windows\System32\WS2_32.dll
0x00007ffdf8250000 - 0x00007ffdf829b000 	C:\Windows\SYSTEM32\POWRPROF.dll
0x00007ffdea710000 - 0x00007ffdea737000 	C:\Windows\SYSTEM32\WINMM.dll
0x00007ffdf2580000 - 0x00007ffdf258a000 	C:\Windows\SYSTEM32\VERSION.dll
0x00007ffdf80c0000 - 0x00007ffdf80d2000 	C:\Windows\SYSTEM32\UMPDC.dll
0x00007ffdf6b60000 - 0x00007ffdf6b72000 	C:\Windows\SYSTEM32\kernel.appcore.dll
0x00007ffdcda60000 - 0x00007ffdcda6a000 	C:\Games\Minecraft\Install\runtime\java-runtime-delta\windows-x64\java-runtime-delta\bin\jimage.dll
0x00007ffdeefb0000 - 0x00007ffdef194000 	C:\Windows\SYSTEM32\DBGHELP.DLL
0x00007ffdee5b0000 - 0x00007ffdee5e4000 	C:\Windows\SYSTEM32\dbgcore.DLL
0x00007ffdf8e30000 - 0x00007ffdf8eb2000 	C:\Windows\System32\bcryptPrimitives.dll
0x00007ffdcc250000 - 0x00007ffdcc25f000 	C:\Games\Minecraft\Install\runtime\java-runtime-delta\windows-x64\java-runtime-delta\bin\instrument.dll
0x00007ffdc6e90000 - 0x00007ffdc6eb0000 	C:\Games\Minecraft\Install\runtime\java-runtime-delta\windows-x64\java-runtime-delta\bin\java.dll
0x00007ffda5d80000 - 0x00007ffda5d98000 	C:\Games\Minecraft\Install\runtime\java-runtime-delta\windows-x64\java-runtime-delta\bin\zip.dll
0x00007ffdf9a70000 - 0x00007ffdfa1b4000 	C:\Windows\System32\SHELL32.dll
0x00007ffdf6d60000 - 0x00007ffdf74fb000 	C:\Windows\SYSTEM32\windows.storage.dll
0x00007ffdfb2b0000 - 0x00007ffdfb604000 	C:\Windows\System32\combase.dll
0x00007ffdf86e0000 - 0x00007ffdf870d000 	C:\Windows\SYSTEM32\Wldp.dll
0x00007ffdf9790000 - 0x00007ffdf983d000 	C:\Windows\System32\SHCORE.dll
0x00007ffdfa9a0000 - 0x00007ffdfa9f5000 	C:\Windows\System32\shlwapi.dll
0x00007ffdf8c60000 - 0x00007ffdf8c85000 	C:\Windows\SYSTEM32\profapi.dll
0x00007ffda43a0000 - 0x00007ffda4476000 	C:\Games\Minecraft\Install\runtime\java-runtime-delta\windows-x64\java-runtime-delta\bin\jsvml.dll
0x00007ffdc6800000 - 0x00007ffdc6810000 	C:\Games\Minecraft\Install\runtime\java-runtime-delta\windows-x64\java-runtime-delta\bin\net.dll
0x00007ffdf1d30000 - 0x00007ffdf1e3a000 	C:\Windows\SYSTEM32\WINHTTP.dll
0x00007ffdf8440000 - 0x00007ffdf84aa000 	C:\Windows\system32\mswsock.dll
0x00007ffda4d20000 - 0x00007ffda4d36000 	C:\Games\Minecraft\Install\runtime\java-runtime-delta\windows-x64\java-runtime-delta\bin\nio.dll
0x00007ffdc5f10000 - 0x00007ffdc5f1a000 	C:\Games\Minecraft\Install\runtime\java-runtime-delta\windows-x64\java-runtime-delta\bin\management.dll
0x00007ffda5380000 - 0x00007ffda538b000 	C:\Games\Minecraft\Install\runtime\java-runtime-delta\windows-x64\java-runtime-delta\bin\management_ext.dll
0x00007ffdf9840000 - 0x00007ffdf9848000 	C:\Windows\System32\PSAPI.DLL
0x00007ffdced00000 - 0x00007ffdced17000 	C:\Windows\system32\napinsp.dll
0x00007ffdcece0000 - 0x00007ffdcecfb000 	C:\Windows\system32\pnrpnsp.dll
0x00007ffdcecc0000 - 0x00007ffdcecd5000 	C:\Windows\system32\wshbth.dll
0x00007ffdf5860000 - 0x00007ffdf587d000 	C:\Windows\system32\NLAapi.dll
0x00007ffdf80e0000 - 0x00007ffdf811b000 	C:\Windows\SYSTEM32\IPHLPAPI.DLL
0x00007ffdf8130000 - 0x00007ffdf81fa000 	C:\Windows\SYSTEM32\DNSAPI.dll
0x00007ffdfac40000 - 0x00007ffdfac48000 	C:\Windows\System32\NSI.dll
0x00007ffdceca0000 - 0x00007ffdcecb2000 	C:\Windows\System32\winrnr.dll
0x00007ffdee860000 - 0x00007ffdee86a000 	C:\Windows\System32\rasadhlp.dll
0x00007ffdee5f0000 - 0x00007ffdee672000 	C:\Windows\System32\fwpuclnt.dll
0x00007ffdf8d30000 - 0x00007ffdf8d57000 	C:\Windows\System32\bcrypt.dll
0x00007ffda5070000 - 0x00007ffda5080000 	C:\Games\Minecraft\Install\runtime\java-runtime-delta\windows-x64\java-runtime-delta\bin\verify.dll
0x00007ffdf8640000 - 0x00007ffdf8658000 	C:\Windows\SYSTEM32\CRYPTSP.dll
0x00007ffdf7ce0000 - 0x00007ffdf7d14000 	C:\Windows\system32\rsaenh.dll
0x00007ffdf8be0000 - 0x00007ffdf8c0e000 	C:\Windows\SYSTEM32\USERENV.dll
0x00007ffdf8630000 - 0x00007ffdf863c000 	C:\Windows\SYSTEM32\CRYPTBASE.dll
0x00007ffda4320000 - 0x00007ffda439b000 	C:\Games\Minecraft\Install\versions\neoforge-21.1.233\neoforge-21.1.233-natives-33481481960600\lwjgl.dll
0x00007ffd43b60000 - 0x00007ffd43dd0000 	C:\Games\Minecraft\Install\versions\neoforge-21.1.233\neoforge-21.1.233-natives-33481481960600\jemalloc.dll
0x00007ffd857e0000 - 0x00007ffd85862000 	C:\Games\Minecraft\Install\versions\neoforge-21.1.233\neoforge-21.1.233-natives-33481481960600\glfw.dll
0x00007ffda4ad0000 - 0x00007ffda4b15000 	C:\Windows\SYSTEM32\dinput8.dll
0x00007ffda9840000 - 0x00007ffda9851000 	C:\Windows\SYSTEM32\xinput1_4.dll
0x00007ffdf9500000 - 0x00007ffdf954e000 	C:\Windows\System32\cfgmgr32.dll
0x00007ffdf8ae0000 - 0x00007ffdf8b13000 	C:\Windows\SYSTEM32\DEVOBJ.dll
0x00007ffdf6a50000 - 0x00007ffdf6a7f000 	C:\Windows\SYSTEM32\dwmapi.dll
0x00007ffdf28d0000 - 0x00007ffdf2a22000 	C:\Windows\SYSTEM32\inputhost.dll
0x00007ffdfa1c0000 - 0x00007ffdfa28d000 	C:\Windows\System32\OLEAUT32.dll
0x00007ffdf62a0000 - 0x00007ffdf6392000 	C:\Windows\SYSTEM32\CoreMessaging.dll
0x00007ffdf5700000 - 0x00007ffdf5855000 	C:\Windows\SYSTEM32\wintypes.dll
0x00007ffdf43d0000 - 0x00007ffdf44c6000 	C:\Windows\SYSTEM32\PROPSYS.dll
0x00007ffdf5f40000 - 0x00007ffdf629b000 	C:\Windows\SYSTEM32\CoreUIComponents.dll
0x00007ffdf7e20000 - 0x00007ffdf7e53000 	C:\Windows\SYSTEM32\ntmarta.dll
0x00007ffdf65f0000 - 0x00007ffdf668e000 	C:\Windows\system32\uxtheme.dll
0x00007ffdfa6e0000 - 0x00007ffdfa7f4000 	C:\Windows\System32\MSCTF.dll
0x00007ffdced20000 - 0x00007ffdcee45000 	C:\Windows\SYSTEM32\opengl32.dll
0x00007ffdcec30000 - 0x00007ffdcec5c000 	C:\Windows\SYSTEM32\GLU32.dll
0x00007ffdf99c0000 - 0x00007ffdf9a69000 	C:\Windows\System32\clbcatq.dll
0x00007ffd63430000 - 0x00007ffd662b5000 	C:\Windows\System32\DriverStore\FileRepository\nv_dispi.inf_amd64_6f3cfb7117944855\nvoglv64.dll
0x00007ffdfada0000 - 0x00007ffdfb20e000 	C:\Windows\System32\SETUPAPI.dll
0x00007ffdf9860000 - 0x00007ffdf998b000 	C:\Windows\System32\ole32.dll
0x00007ffdf4620000 - 0x00007ffdf4634000 	C:\Windows\SYSTEM32\WTSAPI32.dll
0x00007ffdf8870000 - 0x00007ffdf8882000 	C:\Windows\SYSTEM32\msasn1.dll
0x00007ffdf0200000 - 0x00007ffdf0231000 	C:\Windows\SYSTEM32\cryptnet.dll
0x00007ffdf9550000 - 0x00007ffdf96ad000 	C:\Windows\System32\CRYPT32.dll
0x00007ffdef4b0000 - 0x00007ffdef5f8000 	C:\Windows\SYSTEM32\drvstore.dll
0x00007ffdf9490000 - 0x00007ffdf94f7000 	C:\Windows\System32\WINTRUST.dll
0x00007ffdfa360000 - 0x00007ffdfa37d000 	C:\Windows\System32\imagehlp.dll
0x00007ffde42f0000 - 0x00007ffdea0fd000 	C:\Windows\System32\DriverStore\FileRepository\nv_dispi.inf_amd64_6f3cfb7117944855\nvgpucomp64.dll
0x00007ffdebff0000 - 0x00007ffdec02b000 	C:\Windows\SYSTEM32\dxcore.dll
0x00007ffdf7970000 - 0x00007ffdf79cb000 	C:\Windows\SYSTEM32\WINSTA.dll
0x00007ffdf2a30000 - 0x00007ffdf2b2a000 	C:\Windows\SYSTEM32\textinputframework.dll
0x00007ffd6c160000 - 0x00007ffd6c1be000 	C:\Games\Minecraft\Install\versions\neoforge-21.1.233\neoforge-21.1.233-natives-33481481960600\lwjgl_opengl.dll
0x00007ffda42d0000 - 0x00007ffda4315000 	C:\Games\Minecraft\Install\versions\neoforge-21.1.233\neoforge-21.1.233-natives-33481481960600\jna14315322317271297015.dll
0x00007ffd6c0c0000 - 0x00007ffd6c15c000 	C:\Users\Max\AppData\Local\Temp\discord-rpc\discord-rpc.dll
0x00007ffda4d10000 - 0x00007ffda4d1e000 	C:\Games\Minecraft\Install\runtime\java-runtime-delta\windows-x64\java-runtime-delta\bin\sunmscapi.dll
0x00007ffdf8750000 - 0x00007ffdf8777000 	C:\Windows\SYSTEM32\ncrypt.dll
0x00007ffdf8710000 - 0x00007ffdf874b000 	C:\Windows\SYSTEM32\NTASN1.dll
0x00007ffda4d00000 - 0x00007ffda4d09000 	C:\Games\Minecraft\Install\runtime\java-runtime-delta\windows-x64\java-runtime-delta\bin\extnet.dll
0x00007ffd85f10000 - 0x00007ffd85f55000 	C:\Games\Minecraft\Install\versions\neoforge-21.1.233\neoforge-21.1.233-natives-33481481960600\jna16893047500062517483.dll
0x00007ffde3100000 - 0x00007ffde311f000 	C:\Windows\SYSTEM32\amsi.dll
0x00007ffdeb930000 - 0x00007ffdeb979000 	C:\Windows\SYSTEM32\Pdh.dll
0x00007ffdf3be0000 - 0x00007ffdf3bef000 	C:\Windows\System32\perfos.dll
0x00007ffd6c030000 - 0x00007ffd6c0b2000 	C:\Games\Minecraft\Install\versions\neoforge-21.1.233\neoforge-21.1.233-natives-33481481960600\lwjgl_stb.dll
0x00007ffdeee70000 - 0x00007ffdeef1e000 	C:\Windows\SYSTEM32\mscms.dll
0x00007ffdeee50000 - 0x00007ffdeee61000 	C:\Windows\SYSTEM32\ColorAdapterClient.dll
0x00007ffd6bfe0000 - 0x00007ffd6c023000 	C:\Windows\SYSTEM32\icm32.dll
0x00007ffd439d0000 - 0x00007ffd43b5e000 	C:\Games\Minecraft\Install\runtime\java-runtime-delta\windows-x64\java-runtime-delta\bin\awt.dll
0x00007ffdf8a30000 - 0x00007ffdf8ac0000 	C:\Windows\SYSTEM32\apphelp.dll
0x00007ffdb3bd0000 - 0x00007ffdb3bd7000 	C:\Windows\system32\wshunix.dll
0x0000017602580000 - 0x0000017602583000 	C:\Program Files (x86)\Windows Kits\10\Redist\ucrt\DLLs\x64\api-ms-win-crt-locale-l1-1-0.dll
0x0000017602590000 - 0x0000017602594000 	C:\Program Files (x86)\Windows Kits\10\Redist\ucrt\DLLs\x64\api-ms-win-crt-string-l1-1-0.dll
0x00000176025a0000 - 0x00000176025a4000 	C:\Program Files (x86)\Windows Kits\10\Redist\ucrt\DLLs\x64\api-ms-win-crt-stdio-l1-1-0.dll
0x00000176025b0000 - 0x00000176025b5000 	C:\Program Files (x86)\Windows Kits\10\Redist\ucrt\DLLs\x64\api-ms-win-crt-math-l1-1-0.dll
0x00000176025c0000 - 0x00000176025c3000 	C:\Program Files (x86)\Windows Kits\10\Redist\ucrt\DLLs\x64\api-ms-win-crt-heap-l1-1-0.dll
0x00000176025d0000 - 0x00000176025d4000 	C:\Program Files (x86)\Windows Kits\10\Redist\ucrt\DLLs\x64\api-ms-win-crt-runtime-l1-1-0.dll
0x00000176025e0000 - 0x00000176025e4000 	C:\Program Files (x86)\Windows Kits\10\Redist\ucrt\DLLs\x64\api-ms-win-crt-convert-l1-1-0.dll
0x00000176025f0000 - 0x00000176025f3000 	C:\Program Files (x86)\Windows Kits\10\Redist\ucrt\DLLs\x64\api-ms-win-crt-environment-l1-1-0.dll

dbghelp: loaded successfully - version: 4.0.5 - missing functions: none
symbol engine: initialized successfully - sym options: 0x614 - pdb path: .;C:\Games\Minecraft\Install\runtime\minecraft-java-exe\windows-x64\minecraft-java-exe;C:\Windows\SYSTEM32;C:\Games\Minecraft\Install\runtime\java-runtime-delta\windows-x64\java-runtime-delta\bin;C:\Windows\WinSxS\amd64_microsoft.windows.common-controls_6595b64144ccf1df_5.82.19041.3570_none_793094a72440f60b;C:\Games\Minecraft\Install\runtime\java-runtime-delta\windows-x64\java-runtime-delta\bin\server;C:\Games\Minecraft\Install\versions\neoforge-21.1.233\neoforge-21.1.233-natives-33481481960600;C:\Windows\System32\DriverStore\FileRepository\nv_dispi.inf_amd64_6f3cfb7117944855;C:\Users\Max\AppData\Local\Temp\discord-rpc;C:\Program Files (x86)\Windows Kits\10\Redist\ucrt\DLLs\x64;C:\Users\Max\AppData\Local\Temp\watermedia\ffmpeg;C:\Windows\System32\Speech\Common

VM Arguments:
jvm_args: -Xmx16384m -Xms256m -Dminecraft.applet.TargetDirectory=C:\Games\Minecraft\Instances\Stonebound Eternal -Dfml.ignorePatchDiscrepancies=true -Dfml.ignoreInvalidMinecraftCertificates=true -Duser.language=en -Duser.country=US -DCFInstanceId=436d1a4b-4610-43de-92dd-87d69206f010 -DlibraryDirectory=C:\Games\Minecraft\Install\libraries -XX:+UseZGC -XX:+ZGenerational -XX:+AlwaysPreTouch -XX:+DisableExplicitGC -XX:+ParallelRefProcEnabled -javaagent:C:\Games\Minecraft\Install\sklauncher-fx.jar -DMcEmu=net.minecraft.client.main.Main -Dlog4j2.formatMsgNoLookups=true -Djava.rmi.server.useCodebaseOnly=true -Dcom.sun.jndi.rmi.object.trustURLCodebase=false -Dcom.sun.jndi.cosnaming.object.trustURLCodebase=false -Dsklauncher.discordrpc=true -Dsklauncher.gametype=neoforge -Dsklauncher.minecraft=1.21.1 -Dsklauncher.dns=true -XX:HeapDumpPath=MojangTricksIntelDriversForPerformance_javaw.exe_minecraft.exe.heapdump -Djava.library.path=C:\Games\Minecraft\Install\versions\neoforge-21.1.233\neoforge-21.1.233-natives-33481481960600 -Djna.tmpdir=C:\Games\Minecraft\Install\versions\neoforge-21.1.233\neoforge-21.1.233-natives-33481481960600 -Dorg.lwjgl.system.SharedLibraryExtractPath=C:\Games\Minecraft\Install\versions\neoforge-21.1.233\neoforge-21.1.233-natives-33481481960600 -Dio.netty.native.workdir=C:\Games\Minecraft\Install\versions\neoforge-21.1.233\neoforge-21.1.233-natives-33481481960600 -Dminecraft.launcher.brand=java-minecraft-launcher -Dminecraft.launcher.version=1.6.93 -Djava.net.preferIPv6Addresses=system -DignoreList=client-extra,neoforge-21.1.233.jar -DlibraryDirectory=C:\Games\Minecraft\Install\libraries --module-path=C:\Games\Minecraft\Install\libraries/cpw/mods/bootstraplauncher/2.0.2/bootstraplauncher-2.0.2.jar;C:\Games\Minecraft\Install\libraries/cpw/mods/securejarhandler/3.0.8/securejarhandler-3.0.8.jar;C:\Games\Minecraft\Install\libraries/org/ow2/asm/asm-commons/9.8/asm-commons-9.8.jar;C:\Games\Minecraft\Install\libraries/org/ow2/asm/asm-util/9.8/asm-util-9.8.jar;C:\Games\Minecraft\Install\libraries/org/ow2/asm/asm-analysis/9.8/asm-analysis-9.8.jar;C:\Games\Minecraft\Install\libraries/org/ow2/asm/asm-tree/9.8/asm-tree-9.8.jar;C:\Games\Minecraft\Install\libraries/org/ow2/asm/asm/9.8/asm-9.8.jar;C:\Games\Minecraft\Install\libraries/net/neoforged/JarJarFileSystems/0.4.1/JarJarFileSystems-0.4.1.jar --add-modules=ALL-MODULE-PATH --add-opens=java.base/java.util.jar=cpw.mods.securejarhandler --add-opens=java.base/java.lang.invoke=cpw.mods.securejarhandler --add-exports=java.base/sun.security.util=cpw.mods.securejarhandler --add-exports=jdk.naming.dns/com.sun.jndi.dns=java.naming 
java_command: cpw.mods.bootstraplauncher.BootstrapLauncher --username DedMaxim99 --version neoforge-21.1.233 --gameDir C:\Games\Minecraft\Instances\Stonebound Eternal --assetsDir C:\Games\Minecraft\Install\assets --assetIndex 17 --uuid fd7cca6a716d46b68ea6ecf8dbf25f08 --accessToken eyJraWQiOiIwNDkxODEiLCJhbGciOiJSUzI1NiJ9.eyJ4dWlkIjoiMjUzNTQ3MzYwMDI5NTY5MSIsImFnZyI6IkFkdWx0Iiwic3ViIjoiZDBkYmM1NWUtNDg1ZS00ZDg1LWIwMmMtZjA3YWE3ZjU0NTQ1IiwiYXV0aCI6IlhCT1giLCJucyI6ImRlZmF1bHQiLCJyb2xlcyI6W10sImlzcyI6ImF1dGhlbnRpY2F0aW9uIiwiZmxhZ3MiOlsibXVsdGlwbGF5ZXIiXSwicHJvZmlsZXMiOnsibWMiOiJmZDdjY2E2YS03MTZkLTQ2YjYtOGVhNi1lY2Y4ZGJmMjVmMDgifSwicG1pZCI6IjdhNmE5YjM4LTJlM2YtNWFlNy1iMzcyLTJjZWNjOTM0MjIyNiIsInBsYXRmb3JtIjoiUENfTEFVTkNIRVIiLCJ0aWQiOiJFOTlCMCIsInBmZCI6W3sidHlwZSI6Im1jIiwiaWQiOiJmZDdjY2E2YS03MTZkLTQ2YjYtOGVhNi1lY2Y4ZGJmMjVmMDgiLCJuYW1lIjoiRGVkTWF4aW05OSJ9XSwieGlkIjoiMjUzNTQ3MzYwMDI5NTY5MSIsIm5iZiI6MTc4MzAyMTQxNiwiZXhwIjoxNzgzMTA3ODE2LCJpYXQiOjE3ODMwMjE0MTYsImFpZCI6IjkwN2EyNDhkLTNlYjUtNGQwMS05OWQyLWZmNzJkNzljNWViMSJ9.Cm7Sy9U1AhfM_4zjr_c7pVtFII1qVDAb8OTyqwDQJWjnXDjT4NKdZmkHacMNa_2XvAYOI7ZpUiUtjtSt3xvJie3pRRBxnHBTYrOyoeEd5-2qycjguDghLKNgvvUeCdizYixB_ZKKpN5x5JeOW2AkO5YJOT44aW23L-Wcgiwd26T3aSm5M_9eGq8Y9n6UH-uN2D9P7D6TS66urAboijmZYX2yXlgRyFxvS1yuZk0oPw0ZZviVZbvuErT8k-EDVjemDo6Sk3NtbOuccf-TeUKCmgmL-wUaD9RjDcVh549jAnY25xkqd0ZAEiLGxlYz8wnvcmcbVeCwVSSoOm1gKJo4lA --clientId 0 --xuid 0 --userType msa --versionType release --width 1024 --height 768 --fml.neoForgeVersion 21.1.233 --fml.fmlVersion 4.0.42 --fml.mcVersion 1.21.1 --fml.neoFormVersion 20240808.144430 --launchTarget forgeclient
java_class_path (initial): C:\Games\Minecraft\Install\libraries\net\neoforged\fancymodloader\earlydisplay\4.0.42\earlydisplay-4.0.42.jar;C:\Games\Minecraft\Install\libraries\net\neoforged\fancymodloader\loader\4.0.42\loader-4.0.42.jar;C:\Games\Minecraft\Install\libraries\net\neoforged\accesstransformers\at-modlauncher\10.0.1\at-modlauncher-10.0.1.jar;C:\Games\Minecraft\Install\libraries\net\neoforged\accesstransformers\10.0.1\accesstransformers-10.0.1.jar;C:\Games\Minecraft\Install\libraries\net\neoforged\bus\8.0.5\bus-8.0.5.jar;C:\Games\Minecraft\Install\libraries\net\neoforged\coremods\7.0.3\coremods-7.0.3.jar;C:\Games\Minecraft\Install\libraries\cpw\mods\modlauncher\11.0.5\modlauncher-11.0.5.jar;C:\Games\Minecraft\Install\libraries\net\neoforged\mergetool\2.0.0\mergetool-2.0.0-api.jar;C:\Games\Minecraft\Install\libraries\com\electronwill\night-config\toml\3.8.3\toml-3.8.3.jar;C:\Games\Minecraft\Install\libraries\com\electronwill\night-config\core\3.8.3\core-3.8.3.jar;C:\Games\Minecraft\Install\libraries\net\neoforged\JarJarSelector\0.4.1\JarJarSelector-0.4.1.jar;C:\Games\Minecraft\Install\libraries\net\neoforged\JarJarMetadata\0.4.1\JarJarMetadata-0.4.1.jar;C:\Games\Minecraft\Install\libraries\org\apache\maven\maven-artifact\3.8.5\maven-artifact-3.8.5.jar;C:\Games\Minecraft\Install\libraries\net\jodah\typetools\0.6.3\typetools-0.6.3.jar;C:\Games\Minecraft\Install\libraries\net\minecrell\terminalconsoleappender\1.3.0\terminalconsoleappender-1.3.0.jar;C:\Games\Minecraft\Install\libraries\net\fabricmc\sponge-mixin\0.15.2+mixin.0.8.7\sponge-mixin-0.15.2+mixin.0.8.7.jar;C:\Games\Minecraft\Install\libraries\org\openjdk\nashorn\nashorn-core\15.4\nashorn-core-15.4.jar;C:\Games\Minecraft\Install\libraries\org\apache\commons\commons-lang3\3.14.0\commons-lang3-3.14.0.jar;C:\Games\Minecraft\Install\libraries\cpw\mods\bootstraplauncher\2.0.2\bootstraplauncher-2.0.2.jar;C:\Games\Minecraft\Install\libraries\cpw\mods\securejarhandler\3.0.8\securejarhandler-3.0.8.jar;C:\Games\Minecraft\Install\libraries\org\ow2\asm\asm-commons\9.8\asm-commons-9.8.jar;C:\Games\Minecraft\Install\libraries\org\ow2\asm\asm-util\9.8\asm-util-9.8.jar;C:\Games\Minecraft\Install\libraries\org\ow2\asm\asm-analysis\9.8\asm-analysis-9.8.jar;C:\Games\Minecraft\Install\libraries\org\ow2\asm\asm-tree\9.8\asm-tree-9.8.jar;C:\Games\Minecraft\Install\libraries\org\ow2\asm\asm\9.8\asm-9.8.jar;C:\Games\Minecraft\Install\libraries\net\neoforged\JarJarFileSystems\0.4.1\JarJarFileSystems-0.4.1.jar;C:\Games\Minecraft\Install\libraries\net\sf\jopt-simple\jopt-simple\5.0.4\jopt-simple-5.0.4.jar;C:\Games\Minecraft\Install\libraries\org\slf4j\slf4j-api\2.0.9\slf4j-api-2.0.9.jar;C:\Games\Minecraft\Install\libraries\org\antlr\antlr4-runtime\4.13.1\antlr4-runtime-4.13.1.jar;C:\Games\Minecraft\Install\libraries\com\mojang\logging\1.2.7\logging-1.2.7.jar;C:\Games\Minecraft\Install\libraries\org\apache\logging\log4j\log4j-slf4j2-impl\2.22.1\log4j-slf4j2-impl-2.22.1.jar;C:\Games\Minecraft\Install\libraries\org\apache\logging\log4j\log4j-core\2.22.1\log4j-core-2.22.1.jar;C:\Games\Minecraft\Install\libraries\org\apache\logging\log4j\log4j-api\2.22.1\log4j-api-2.22.1.jar;C:\Games\Minecraft\Install\libraries\org\jline\jline-reader\3.20.0\jline-reader-3.20.0.jar;C:\Games\Minecraft\Install\libraries\org\jline\jline-terminal\3.20.0\jline-terminal-3.20.0.jar;C:\Games\Minecraft\Install\libraries\commons-io\commons-io\2.15.1\commons-io-2.15.1.jar;C:\Games\Minecraft\Install\libraries\net\minecraftforge\srgutils\0.4.15\srgutils-0.4.15.jar;C:\Games\Minecraft\Install\libraries\com\google\guava\guava\32.1.2-jre\guava-32.1.2-jre.jar;C:\Games\Minecraft\Install\libraries\com\google\guava\failureaccess\1.0.1\failureaccess-1.0.1.jar;C:\Games\Minecraft\Install\libraries\com\google\guava\listenablefuture\9999.0-empty-to-avoid-conflict-with-guava\listenablefuture-9999.0-empty-to-avoid-conflict-with-guava.jar;C:\Games\Minecraft\Install\libraries\com\google\code\findbugs\jsr305\3.0.2\jsr305-3.0.2.jar;C:\Games\Minecraft\Install\libraries\org\checkerframework\checker-qual\3.33.0\checker-qual-3.33.0.jar;C:\Games\Minecraft\Install\libraries\com\google\errorprone\error_prone_annotations\2.18.0\error_prone_annotations-2.18.0.jar;C:\Games\Minecraft\Install\libraries\com\google\j2objc\j2objc-annotations\2.8\j2objc-annotations-2.8.jar;C:\Games\Minecraft\Install\libraries\com\google\code\gson\gson\2.10.1\gson-2.10.1.jar;C:\Games\Minecraft\Install\libraries\org\codehaus\plexus\plexus-utils\3.3.0\plexus-utils-3.3.0.jar;C:\Games\Minecraft\Install\libraries\com\machinezoo\noexception\noexception\1.7.1\noexception-1.7.1.jar;C:\Games\Minecraft\Install\libraries\com\github\oshi\oshi-core\6.4.10\oshi-core-6.4.10.jar;C:\Games\Minecraft\Install\libraries\com\ibm\icu\icu4j\73.2\icu4j-73.2.jar;C:\Games\Minecraft\Install\libraries\com\mojang\authlib\6.0.54\authlib-6.0.54.jar;C:\Games\Minecraft\Install\libraries\com\mojang\blocklist\1.0.10\blocklist-1.0.10.jar;C:\Games\Minecraft\Install\libraries\com\mojang\brigadier\1.3.10\brigadier-1.3.10.jar;C:\Games\Minecraft\Install\libraries\com\mojang\datafixerupper\8.0.16\datafixerupper-8.0.16.jar;C:\Games\Minecraft\Install\libraries\com\mojang\patchy\2.2.10\patchy-2.2.10.jar;C:\Games\Minecraft\Install\libraries\com\mojang\text2speech\1.17.9\text2speech-1.17.9.jar;C:\Games\Minecraft\Install\libraries\commons-codec\commons-codec\1.16.0\commons-codec-1.16.0.jar;C:\Games\Minecraft\Install\libraries\commons-logging\commons-logging\1.2\commons-logging-1.2.jar;C:\Games\Minecraft\Install\libraries\io\netty\netty-buffer\4.1.97.Final\netty-buffer-4.1.97.Final.jar;C:\Games\Minecraft\Install\libraries\io\netty\netty-codec\4.1.97.Final\netty-codec-4.1.97.Final.jar;C:\Games\Minecraft\Install\libraries\io\netty\netty-common\4.1.97.Final\netty-common-4.1.97.Final.jar;C:\Games\Minecraft\Install\libraries\io\netty\netty-handler\4.1.97.Final\netty-handler-4.1.97.Final.jar;C:\Games\Minecraft\Install\libraries\io\netty\netty-resolver\4.1.97.Final\netty-resolver-4.1.97.Final.jar;C:\Games\Minecraft\Install\libraries\io\netty\netty-transport-classes-epoll\4.1.97.Final\netty-transport-classes-epoll-4.1.97.Final.jar;C:\Games\Minecraft\Install\libraries\io\netty\netty-transport-native-unix-common\4.1.97.Final\netty-transport-native-unix-common-4.1.97.Final.jar;C:\Games\Minecraft\Install\libraries\io\netty\netty-transport\4.1.97.Final\netty-transport-4.1.97.Final.jar;C:\Games\Minecraft\Install\libraries\it\unimi\dsi\fastutil\8.5.12\fastutil-8.5.12.jar;C:\Games\Minecraft\Install\libraries\net\java\dev\jna\jna-platform\5.14.0\jna-platform-5.14.0.jar;C:\Games\Minecraft\Install\libraries\net\java\dev\jna\jna\5.14.0\jna-5.14.0.jar;C:\Games\Minecraft\Install\libraries\org\apache\commons\commons-compress\1.26.0\commons-compress-1.26.0.jar;C:\Games\Minecraft\Install\libraries\org\apache\httpcomponents\httpclient\4.5.13\httpclient-4.5.13.jar;C:\Games\Minecraft\Install\libraries\org\apache\httpcomponents\httpcore\4.4.16\httpcore-4.4.16.jar;C:\Games\Minecraft\Install\libraries\org\jcraft\jorbis\0.0.17\jorbis-0.0.17.jar;C:\Games\Minecraft\Install\libraries\org\joml\joml\1.10.5\joml-1.10.5.jar;C:\Games\Minecraft\Install\libraries\org\lwjgl\lwjgl-freetype\3.3.3\lwjgl-freetype-3.3.3.jar;C:\Games\Minecraft\Install\libraries\org\lwjgl\lwjgl-freetype\3.3.3\lwjgl-freetype-3.3.3-natives-windows.jar;C:\Games\Minecraft\Install\libraries\org\lwjgl\lwjgl-freetype\3.3.3\lwjgl-freetype-3.3.3-natives-windows-arm64.jar;C:\Games\Minecraft\Install\libraries\org\lwjgl\lwjgl-freetype\3.3.3\lwjgl-freetype-3.3.3-natives-windows-x86.jar;C:\Games\Minecraft\Install\libraries\org\lwjgl\lwjgl-glfw\3.3.3\lwjgl-glfw-3.3.3.jar;C:\Games\Minecraft\Install\libraries\org\lwjgl\lwjgl-glfw\3.3.3\lwjgl-glfw-3.3.3-natives-windows.jar;C:\Games\Minecraft\Install\libraries\org\lwjgl\lwjgl-glfw\3.3.3\lwjgl-glfw-3.3.3-natives-windows-arm64.jar;C:\Games\Minecraft\Install\libraries\org\lwjgl\lwjgl-glfw\3.3.3\lwjgl-glfw-3.3.3-natives-windows-x86.jar;C:\Games\Minecraft\Install\libraries\org\lwjgl\lwjgl-jemalloc\3.3.3\lwjgl-jemalloc-3.3.3.jar;C:\Games\Minecraft\Install\libraries\org\lwjgl\lwjgl-jemalloc\3.3.3\lwjgl-jemalloc-3.3.3-natives-windows.jar;C:\Games\Minecraft\Install\libraries\org\lwjgl\lwjgl-jemalloc\3.3.3\lwjgl-jemalloc-3.3.3-natives-windows-arm64.jar;C:\Games\Minecraft\Install\libraries\org\lwjgl\lwjgl-jemalloc\3.3.3\lwjgl-jemalloc-3.3.3-natives-windows-x86.jar;C:\Games\Minecraft\Install\libraries\org\lwjgl\lwjgl-openal\3.3.3\lwjgl-openal-3.3.3.jar;C:\Games\Minecraft\Install\libraries\org\lwjgl\lwjgl-openal\3.3.3\lwjgl-openal-3.3.3-natives-windows.jar;C:\Games\Minecraft\Install\libraries\org\lwjgl\lwjgl-openal\3.3.3\lwjgl-openal-3.3.3-natives-windows-arm64.jar;C:\Games\Minecraft\Install\libraries\org\lwjgl\lwjgl-openal\3.3.3\lwjgl-openal-3.3.3-natives-windows-x86.jar;C:\Games\Minecraft\Install\libraries\org\lwjgl\lwjgl-opengl\3.3.3\lwjgl-opengl-3.3.3.jar;C:\Games\Minecraft\Install\libraries\org\lwjgl\lwjgl-opengl\3.3.3\lwjgl-opengl-3.3.3-natives-windows.jar;C:\Games\Minecraft\Install\libraries\org\lwjgl\lwjgl-opengl\3.3.3\lwjgl-opengl-3.3.3-natives-windows-arm64.jar;C:\Games\Minecraft\Install\libraries\org\lwjgl\lwjgl-opengl\3.3.3\lwjgl-opengl-3.3.3-natives-windows-x86.jar;C:\Games\Minecraft\Install\libraries\org\lwjgl\lwjgl-stb\3.3.3\lwjgl-stb-3.3.3.jar;C:\Games\Minecraft\Install\libraries\org\lwjgl\lwjgl-stb\3.3.3\lwjgl-stb-3.3.3-natives-windows.jar;C:\Games\Minecraft\Install\libraries\org\lwjgl\lwjgl-stb\3.3.3\lwjgl-stb-3.3.3-natives-windows-arm64.jar;C:\Games\Minecraft\Install\libraries\org\lwjgl\lwjgl-stb\3.3.3\lwjgl-stb-3.3.3-natives-windows-x86.jar;C:\Games\Minecraft\Install\libraries\org\lwjgl\lwjgl-tinyfd\3.3.3\lwjgl-tinyfd-3.3.3.jar;C:\Games\Minecraft\Install\libraries\org\lwjgl\lwjgl-tinyfd\3.3.3\lwjgl-tinyfd-3.3.3-natives-windows.jar;C:\Games\Minecraft\Install\libraries\org\lwjgl\lwjgl-tinyfd\3.3.3\lwjgl-tinyfd-3.3.3-natives-windows-arm64.jar;C:\Games\Minecraft\Install\libraries\org\lwjgl\lwjgl-tinyfd\3.3.3\lwjgl-tinyfd-3.3.3-natives-windows-x86.jar;C:\Games\Minecraft\Install\libraries\org\lwjgl\lwjgl\3.3.3\lwjgl-3.3.3.jar;C:\Games\Minecraft\Install\libraries\org\lwjgl\lwjgl\3.3.3\lwjgl-3.3.3-natives-windows.jar;C:\Games\Minecraft\Install\libraries\org\lwjgl\lwjgl\3.3.3\lwjgl-3.3.3-natives-windows-arm64.jar;C:\Games\Minecraft\Install\libraries\org\lwjgl\lwjgl\3.3.3\lwjgl-3.3.3-natives-windows-x86.jar;C:\Games\Minecraft\Install\libraries\org\lz4\lz4-java\1.8.0\lz4-java-1.8.0.jar;C:\Games\Minecraft\Install\versions\neoforge-21.1.233\neoforge-21.1.233.jar
Launcher Type: SUN_STANDARD

[Global flags]
     bool AlwaysPreTouch                           = true                                      {product} {command line}
     intx CICompilerCount                          = 12                                        {product} {ergonomic}
     bool DisableExplicitGC                        = true                                      {product} {command line}
    ccstr HeapDumpPath                             = MojangTricksIntelDriversForPerformance_javaw.exe_minecraft.exe.heapdump         {manageable} {command line}
   size_t InitialHeapSize                          = 268435456                                 {product} {command line}
   size_t MaxHeapSize                              = 17179869184                               {product} {command line}
   size_t MinHeapDeltaBytes                        = 2097152                                   {product} {ergonomic}
   size_t MinHeapSize                              = 268435456                                 {product} {command line}
    uintx NonNMethodCodeHeapSize                   = 7602480                                {pd product} {ergonomic}
    uintx NonProfiledCodeHeapSize                  = 122027880                              {pd product} {ergonomic}
     bool ParallelRefProcEnabled                   = true                                      {product} {command line}
    uintx ProfiledCodeHeapSize                     = 122027880                              {pd product} {ergonomic}
    uintx ReservedCodeCacheSize                    = 251658240                              {pd product} {ergonomic}
     bool SegmentedCodeCache                       = true                                      {product} {ergonomic}
   size_t SoftMaxHeapSize                          = 17179869184                            {manageable} {ergonomic}
     bool UseCompressedOops                        = false                          {product lp64_product} {ergonomic}
     bool UseLargePagesIndividualAllocation        = false                                  {pd product} {ergonomic}
     bool UseZGC                                   = true                                      {product} {command line}
     bool ZGenerational                            = true                                      {product} {command line}

Logging:
Log output configuration:
 #0: stdout all=warning uptime,level,tags foldmultilines=false
 #1: stderr all=off uptime,level,tags foldmultilines=false

Environment Variables:
PATH=c:\program files\java\jdk-25\bin;C:\Program Files (x86)\Alias\Maya6.0\bin;C:\Program Files (x86)\VMware\VMware Workstation\bin\;C:\Program Files\Common Files\Oracle\Java\javapath;C:\Windows\system32;C:\Windows;C:\Windows\System32\Wbem;C:\Windows\System32\WindowsPowerShell\v1.0\;C:\Windows\System32\OpenSSH\;C:\Program Files (x86)\NVIDIA Corporation\PhysX\Common;C:\Users\Max\AppData\Local\Microsoft\WindowsApps;C:\Windows\AtlasModules;C:\Windows\AtlasModules\Apps;C:\Windows\AtlasModules\Other;C:\Windows\AtlasModules\Tools;C:\Windows\AtlasModules\Scripts;C:\ProgramData\chocolatey\bin;E:\Program Files\PHP;C:\ProgramData\ComposerSetup\bin;C:\Program Files\Git\cmd;C:\ffmpeg\bin;C:\Program Files\dotnet\;C:\Program Files\Cloudflare\Cloudflare WARP\;C:\Program Files (x86)\ZeroTier\One\;C:\Program Files\cursor\resources\app\bin;C:\Users\Max\AppData\Local\Programs\Python\Python313\Scripts\;C:\Users\Max\AppData\Local\Programs\Python\Python313\;C:\Users\Max\AppData\Local\Programs\Python\Python310\Scripts\;C:\Users\Max\AppData\Local\Programs\Python\Python310\;C:\Users\Max\AppData\Local\Microsoft\WindowsApps;C:\Users\Max\AppData\Local\GitHubDesktop\bin;F:\Program Files\JetBrains\PhpStorm 2022.2\bin;;C:\Users\Max\AppData\Roaming\Composer\vendor\bin;C:\ffmpeg\bin;C:\Program Files\dotnet\;C:\Users\Max\.dotnet\tools
USERNAME=Max
OS=Windows_NT
PROCESSOR_IDENTIFIER=AMD64 Family 25 Model 97 Stepping 2, AuthenticAMD
TMP=C:\Users\Max\AppData\Local\Temp
TEMP=C:\Users\Max\AppData\Local\Temp




Periodic native trim disabled

---------------  S Y S T E M  ---------------

OS:
 Windows 10 , 64 bit Build 19041 (10.0.19041.3570)
OS uptime: 0 days 9:18 hours

CPU: total 16 (initial active 16) (16 cores per cpu, 2 threads per core) family 25 model 97 stepping 2 microcode 0x0, cx8, cmov, fxsr, ht, mmx, 3dnowpref, sse, sse2, sse3, ssse3, sse4a, sse4.1, sse4.2, popcnt, lzcnt, tsc, tscinvbit, avx, avx2, aes, erms, clmul, bmi1, bmi2, adx, avx512f, avx512dq, avx512cd, avx512bw, avx512vl, sha, fma, vzeroupper, avx512_vpopcntdq, avx512_vpclmulqdq, avx512_vaes, avx512_vnni, clflush, clflushopt, avx512_vbmi2, avx512_vbmi, rdtscp, rdpid, fsrm, gfni, avx512_bitalg, f16c, pku, cet_ss, avx512_ifma
Processor Information for the first 16 processors :
  Max Mhz: 4201, Current Mhz: 4201, Mhz Limit: 4201

Memory: 4k page, system-wide physical 31962M (1501M free)
TotalPageFile size 70874M (AvailPageFile size 21826M)
current process WorkingSet (physical memory assigned to process): 17440M, peak: 17441M
current process commit charge ("private bytes"): 2729M, peak: 2729M

vm_info: OpenJDK 64-Bit Server VM (21.0.7+6-LTS) for windows-amd64 JRE (21.0.7+6-LTS), built on 2025-04-09T22:17:25Z by "MicrosoftCorporation" with unknown MS VC++:1939

END.
